databaseId	name	imageUrl	cardBack	type	packName	set	loadGroupId	subtype	combat	wits	grail	rarity	text	altText	number
25d63447-101f-4464-85c3-cae591c6f36f	142 Mexican Whooping Llamas	monty-python-ccg/main/MontyPythonCcg-Main-142MexicanWhoopingLlamas.jpg	default	Adversary	Main	Main	playerNDeck	Peril	3		3	TYAST Deck D	Each Knight in your Round Table must Combat a Llama individually.  Do not credit the Combat Assist Bonus.	"{or: negate the Combat Assist Bonus for 1 turn}"	315
807d9ed7-6d09-4361-9122-1051d40c6713	A Bit Longer	monty-python-ccg/main/MontyPythonCcg-Main-ABitLonger.jpg	default	Event	Main	Main	playerNDeck				2	Rare	Save a Knight from death but he must Sit Out 2 turns.	"{or: move an Adversary Knight in England directly to any Anthrax characters in play.  That Knight gains the Anthrax character type}"	31
ac063176-12af-4785-afe1-83efbd93a3b3	A Duck	monty-python-ccg/main/MontyPythonCcg-Main-ADuck.jpg	default	Adversary	Main	Main	playerNDeck	Peril	2		4	TYAST Deck C	Duck automatically attacks the Knight with the lowest Combat value.	"{or: -3 to a Combat draw}"	348
b676e617-ecba-465f-a370-ed750bac2f9a	A Happy Occasion	monty-python-ccg/main/MontyPythonCcg-Main-AHappyOccasion.jpg	default	Event	Main	Main	playerNDeck				4	TYAST Deck D	Opponent's Knights may not have Combat this turn.	"{or: -1 to a Wits draw}"	372
362042a9-5671-4d38-8289-d90869150074	A Herring	monty-python-ccg/main/MontyPythonCcg-Main-AHerring.jpg	default	Item	Main	Main	playerNDeck				4	TYAST Deck D	Place in the Dead Cart to bypass the Knights-Who-'Til-Recently-Said-Ni or to remove the Mightiest Tree in the Forest from play.	"{or: Player must double Ante. [or Eliminate the top two cards of their deck and two more for each Aint Heard Nothing and A Herring in the Dead Cart if not playing for Ante]}"	374
2ec53659-2471-40e3-8701-d1ce6bf5a42f	A Looney	monty-python-ccg/main/MontyPythonCcg-Main-ALooney.jpg	default	Permanent Taunt, Taunt	Main	Main	playerNDeck				2	TYAST Deck D	Permanently lower the Wits vvalue of target Knight to 1.	"{or: +2 to a Wits draw}"	387
918b783e-18c3-410b-b541-ccf2667c4e7b	A Mistake	monty-python-ccg/main/MontyPythonCcg-Main-AMistake.jpg	default	Event	Main	Main	playerNDeck				2	Uncommon	Prevent opponent from playing a Taunt from their hand.  Place the Taunt in the Dead Cart.	"{or: -1 to a Wits draw}"	190
0dd5027e-717a-469d-a7b1-4cf70b9a17ff	A Moose	monty-python-ccg/main/MontyPythonCcg-Main-AMoose.jpg	default	Adversary	Main	Main	playerNDeck	Peril	4		4	TYAST Deck D		"{or: -1 to a Combat draw}"	400
0f26b7e5-daad-4e75-9e91-1ef239b9aca3	A Newt?	monty-python-ccg/main/MontyPythonCcg-Main-ANewt.jpg	default	Event	Main	Main	playerNDeck				1	Common	Choose a member of opponent's Round Table to be turned into a Newt.  Draw a Grail Number to determine the number of turns that member is Eliminated.	"{or: +1 to a Combat draw}"	200
2c69b832-d0f7-4e0b-a48d-3cad24eb359b	A Note	monty-python-ccg/main/MontyPythonCcg-Main-ANote.jpg	default	Item	Main	Main	playerNDeck				3	TYAST Deck B	Place A Note in the Dead Cart to retract any one movement after the Face-down cards have been revealed.  Instead of making the original movement, the player's Round Table may move elsewhere.	"{or: prevent opponent from moving this turn.}"	412
49d7c56a-cd9a-4c32-a8b3-b01f2a4875e4	A Plan	monty-python-ccg/main/MontyPythonCcg-Main-APlan.jpg	default	Event	Main	Main	playerNDeck				5	Rare	Take a card from opponent and play it immediately or place it in the Dead Cart.	"{or: look at opponent's hand}"	223
ad9c9d78-09ff-47ff-903d-f9124c2ae194	A Scratch	monty-python-ccg/main/MontyPythonCcg-Main-AScratch.jpg	default	Event, Permanent Event	Main	Main	playerNDeck				2	Common	Permanently lower the Combat value of target Knight by 2.  May be played with Flesh Wound.	"{or: Save a Knight from death but with a Permanent -2 penalty to Combat}"	257
98e2af08-72b5-4ab5-8a4b-8baa45c5aa91	A Silly Place	monty-python-ccg/main/MontyPythonCcg-Main-ASillyPlace.jpg	default	Event, Permanent Event	Main	Main	playerNDeck				1	Common	Knights may not enter or pass this Castle.	"{or: Knights must leave a Castle}"	268
053140a7-ec81-43ca-acc8-3d0e026469b8	A Spanking	monty-python-ccg/main/MontyPythonCcg-Main-ASpanking.jpg	default	Event	Main	Main	playerNDeck				4	Rare	Play on a Village or Castle.  Knights may not leave this Village or Castle for one turn.	"{or: +2 to a Combat draw}"	275
7350cb62-2725-4fb5-981b-fb13241e2653	A Treat	monty-python-ccg/main/MontyPythonCcg-Main-ATreat.jpg	default	Event	Main	Main	playerNDeck				4	TYAST Deck B	Search your deck for the Killer Rabbit and reshuffle.	"{or: +2 to a Combat draw}"	455
f2ef227e-edab-4779-a121-ffa2f0bfdfce	A Witch	monty-python-ccg/main/MontyPythonCcg-Main-AWitch.jpg	default	Adversary	Main	Main	playerNDeck		2		4	Fixed 2, Common	Will not occupy a Castle.  Witch turns one Knight into a Newt for a Grail Number draw of turns.  Witch chooses the Knight.	"{or: +1 to a Village Event draw}"	304
4f979510-8c74-45e4-b838-f89454426329	Acne	monty-python-ccg/main/MontyPythonCcg-Main-Acne.jpg	default	Taunt	Main	Main	playerNDeck				3	TYAST Deck C	Knights may not enter or pass a Castle for one turn.	"{or: -2 to a Round Table or Wits draw}"	318
58ecafd9-5b17-46c8-b71e-fca6e77cb1b9	Advancing Behavior	monty-python-ccg/main/MontyPythonCcg-Main-AdvancingBehavior.jpg	default	Taunt	Main	Main	playerNDeck				4	Fixed 2, Common	"Opponent's Knights may not have Wits with Adversary, Knight, or Persona."	"{or: -2 to Castle Table draw}"	2
3e32126a-c23d-4ff0-8fe5-fbe80f922819	African Swallow	monty-python-ccg/main/MontyPythonCcg-Main-AfricanSwallow.jpg	default	Adversary	Main	Main	playerNDeck	Peril			2	TYAST Deck A	Special Combat:  Every time African Swallow is in the same space as opponent's Round Table, a coconut drops on a Knight's head of opponent's choice causing a Permanent -1 to Combat.  You may move the African Swallow one space during opponent's turn.	"{or: -1 to a Combat draw}"	319
8894f082-31be-4b24-8b02-db2b7a314c43	African Swallow Steals Coconuts	monty-python-ccg/main/MontyPythonCcg-Main-AfricanSwallowStealsCoconuts.jpg	default	Event	Main	Main	playerNDeck				4	Rare	Player's Round Table may not move this turn.	"{or: swallow drops a coconut on opponent.  +1 to a Combat draw}"	3
089a2bee-4ec4-4fa6-9b22-4f01c5bb5e4b	Ain't Heard Nothing	monty-python-ccg/main/MontyPythonCcg-Main-AintHeardNothing.jpg	default	Taunt	Main	Main	playerNDeck				6	Uncommon	Player must double Ante (or Eliminate the top two cards from their deck and two more for each Ain't Heard Nothing or Herring in your Dead Cart if not playing for Ante).	"{or: -2 to a Wits draw}"	4
c204f3dc-252b-4f8a-a045-842b2ef10eff	Allo	monty-python-ccg/main/MontyPythonCcg-Main-Allo.jpg	default	Event	Main	Main	playerNDeck				5	Rare	"-1 on a draw made to find the Holy Grail."	{or: opponent may not invite Knights to join their Round Table for 1 turn}	6
3798b49f-9127-4dc5-afe4-9fa5b5d45b1f	Already Got One	monty-python-ccg/main/MontyPythonCcg-Main-AlreadyGotOne.jpg	default	Event	Main	Main	playerNDeck				1	Rare	Opponent automatically fails a draw made to find the Holy Grail.	"{or: +1 to a Combat draw}"	7
358899cc-d9f8-467d-8118-670c061aecda	Anarcho-Syndicalist Commune (Base Set)	monty-python-ccg/main/MontyPythonCcg-Main-AnarchoSyndicalistCommuneBaseSet.jpg	default	Village	Main	Main	playerNDeck				2	Fixed 2, Common	"+5 Combat to non-Knight occupants.  Player may draw 1 extra card during draw phawe.  A Knight(s) attempting to enter this village is subject to a random event determined by a Grail Number draw.  1 or less: Place a card from your hand in the Dead Cart.  It's lost in the lovely filth).  2: Adversaries get +2 Wits.  3: Peasant revolt, -2 to next Combat draw.  4: Castle may not be occupied by Knight(s).  5: Receive taunting, run away.  6+: Discard all Items in your Round Table. "	"{or: +1 to a Wits draw}"	8
6bf6510f-9a46-4625-9f0c-5a9803c69e78	Anarcho-Syndicalist Commune (TYAST)	monty-python-ccg/main/MontyPythonCcg-Main-AnarchoSyndicalistCommuneTYAST.jpg	default	Land	Main	Main	playerNDeck				6	TYAST Deck B	+1 Combat for Adversaries.  Knights here may grant a Persona Knighthood if a Page is available to carry their coconuts.	"{or: +2 to a Wits draw}"	320a
09186897-ae36-4d8f-b25f-69ead1821ff2	Anarcho-Syndicalist Commune (TYAST)	monty-python-ccg/main/MontyPythonCcg-Main-AnarchoSyndicalistCommuneTYAST-2.jpg	default	Land	Main	Main	playerNDeck				6	TYAST Deck D	+1 Combat for Adversaries.  Knights here may grant a Persona Knighthood if a Page is available to carry their coconuts.	"{or: +2 to a Wits draw}"	320b
f2f3a3cc-cf28-4dbc-8853-e39a1ff8c5d6	Angelic Influence	monty-python-ccg/main/MontyPythonCcg-Main-AngelicInfluence.jpg	default	Event, Permanent Event	Main	Main	playerNDeck				1	Rare	"Permanent +1 on draws to find the Holy Grail. "	"{or: Search your deck for God and reshuffle}"	10
213f570f-9f16-4ccd-8cd6-c0c64cacac51	Angry Mob	monty-python-ccg/main/MontyPythonCcg-Main-AngryMob.jpg	default	Adversary	Main	Main	playerNDeck		5		3	Common	Will not occupy a Castle.	"{or: +1 to a Combat draw}"	11
3c9c47ea-e932-4bca-a91b-79f8485858d1	Appy the Page	monty-python-ccg/main/MontyPythonCcg-Main-AppyThePage.jpg	default	Page	Main	Main	playerNDeck				4	TYAST Deck B, TYAST Deck C, TYAST Deck D	May carry 2 items.	"{Lion.  Peril.  Combat 6.}"	321a
2ac6d34d-213c-4bf1-9dce-aeaa6ead443f	Appy the Page	monty-python-ccg/main/MontyPythonCcg-Main-AppyThePage-2.jpg	default	Page	Main	Main	playerNDeck				4	TYAST Deck A	May carry 2 items.	"{Lion.  Peril.  Combat 6.}"	321b
6f33d587-da76-424e-845d-9dc69968ebe8	Arcane Writing	monty-python-ccg/main/MontyPythonCcg-Main-ArcaneWriting.jpg	default	Item	Main	Main	playerNDeck				6	Uncommon	If Brother Maynard is also in play, player may peek at any face-down card once per turn in lieu of movement.	"{or: +1 on a draw made to find the Holy Grail.}"	13
c40d1a63-23cd-493c-8734-a0bd7082d4be	Archibald the Page	monty-python-ccg/main/MontyPythonCcg-Main-ArchibaldThePage.jpg	default	Page	Main	Main	playerNDeck				2	Fixed 2, Common	May carry 1 item.	"{Robber Knight.  Adversary Knight.  Combat 5, Wits 4.}"	14
4ee2e23a-a30d-41ec-a8a7-211906866b4c	Arrested	monty-python-ccg/main/MontyPythonCcg-Main-Arrested.jpg	default	Event	Main	Main	playerNDeck				0	Rare	Eliminate a Knight.  This card counters the game-ending effect of Slaying of the Historian, but only if a Knight is actually Eliminated.	"{or: opponent must immediately discard 2 cards.}"	15
79a650cb-e445-40f3-8e68-4fc80be3b7c8	Arthur, King of the Britons, Defeater of the Saxons, Sovereign of all England	monty-python-ccg/main/MontyPythonCcg-Main-ArthurKingOfTheBritonsDefeaterOfTheSaxonsSovereignOfAllEngland.jpg	default	Knight	Main	Main	playerNDeck		5	5	1	Fixed 1	+3 to Round Table draws.  When Arthur is the Lead Knight and Galahad is not in his Round Table, all grail numbers of 5 that you draw become a 3 if your opponent says "3 sir!"		17a
9a8fe789-6b96-46f4-9696-59b4b131c018	Arthur, King of the Britons, Defeater of the Saxons, Sovereign of all England	monty-python-ccg/main/MontyPythonCcg-Main-ArthurKingOfTheBritonsDefeaterOfTheSaxonsSovereignOfAllEngland-2.jpg	default	Knight	Main	Main	playerNDeck		5	5	1	TYAST Deck D	+3 to Round Table draws.  When Arthur is the Lead Knight and Galahad is not in his Round Table, all grail numbers of 5 that you draw become a 3 if your opponent says "3 sir!"		17b
de8704b0-2d50-4886-bf36-94fc4269f0d6	Arthur, King of the Britons, Defeater of the Saxons, Sovereign of all England	monty-python-ccg/main/MontyPythonCcg-Main-ArthurKingOfTheBritonsDefeaterOfTheSaxonsSovereignOfAllEngland-3.jpg	default	Knight	Main	Main	playerNDeck		5	5	1	Fixed 1	+3 to Round Table draws.  When Arthur is the Lead Knight and Galahad is not in his Round Table, all grail numbers of 5 that you draw become a 3 if your opponent says "3 sir!"		18a
b1bf91ea-cf04-452d-b825-e6e627cec3a9	Arthur, King of the Britons, Defeater of the Saxons, Sovereign of all England	monty-python-ccg/main/MontyPythonCcg-Main-ArthurKingOfTheBritonsDefeaterOfTheSaxonsSovereignOfAllEngland-4.jpg	default	Knight	Main	Main	playerNDeck		5	5	1	TYAST Deck A	+3 to Round Table draws.  When Arthur is the Lead Knight and Galahad is not in his Round Table, all grail numbers of 5 that you draw become a 3 if your opponent says "3 sir!"		18b
cd6f46c7-28a0-497f-b8b2-f6868cef2ba7	Arthur, King of the Britons, Defeater of the Saxons, Sovereign of all England	monty-python-ccg/main/MontyPythonCcg-Main-ArthurKingOfTheBritonsDefeaterOfTheSaxonsSovereignOfAllEngland-5.jpg	default	Knight	Main	Main	playerNDeck		5	5	1	Fixed 1	+3 to Round Table draws.  When Arthur is the Lead Knight and Galahad is not in his Round Table, all grail numbers of 5 that you draw become a 3 if your opponent says "3 sir!"		19a
aa973d25-814c-4029-8dbc-506fa3930c92	Arthur, King of the Britons, Defeater of the Saxons, Sovereign of all England	monty-python-ccg/main/MontyPythonCcg-Main-ArthurKingOfTheBritonsDefeaterOfTheSaxonsSovereignOfAllEngland-6.jpg	default	Knight	Main	Main	playerNDeck		5	5	1	TYAST Deck C	+3 to Round Table draws.  When Arthur is the Lead Knight and Galahad is not in his Round Table, all grail numbers of 5 that you draw become a 3 if your opponent says "3 sir!"		19b
908a5627-bb43-4ffb-a948-5f47fc6f297a	Arthur, King of the Britons, Defeater of the Saxons, Sovereign of all England	monty-python-ccg/main/MontyPythonCcg-Main-ArthurKingOfTheBritonsDefeaterOfTheSaxonsSovereignOfAllEngland-7.jpg	default	Knight	Main	Main	playerNDeck		5	5	1	Fixed 1	+3 to Round Table draws.  When Arthur is the Lead Knight and Galahad is not in his Round Table, all grail numbers of 5 that you draw become a 3 if your opponent says "3 sir!"		20a
c231106c-bfe5-4060-8dfe-dbbde33d2b2d	Arthur, King of the Britons, Defeater of the Saxons, Sovereign of all England	monty-python-ccg/main/MontyPythonCcg-Main-ArthurKingOfTheBritonsDefeaterOfTheSaxonsSovereignOfAllEngland-8.jpg	default	Knight	Main	Main	playerNDeck		5	5	1	TYAST Deck B	+3 to Round Table draws.  When Arthur is the Lead Knight and Galahad is not in his Round Table, all grail numbers of 5 that you draw become a 3 if your opponent says "3 sir!"		20b
c3b7470e-0f4c-4a33-83fe-423a67584b1d	Autonomous Collective	monty-python-ccg/main/MontyPythonCcg-Main-AutonomousCollective.jpg	default	Village, Special Village	Main	Main	playerNDeck				6	TYAST Deck D	+2 Wits to non-Knight occupants.  A Knight(s) attempting to enter this village is subject to a random event determined by a Grail Number draw.  1 or less: Search your deck for a Page.  2: Search your deck for a Persona.  3: Opponent moves this card 1 space.  4: Move this card with your Round Table the next 2 moves.  5+: Lose a Persona or Page.	"{or: draw 3 extra cards during your draw phase}"	322
30b281ab-bd24-442d-ade0-275819b52cd9	Avalon	monty-python-ccg/main/MontyPythonCcg-Main-Avalon.jpg	default	Land	Main	Main	playerNDeck				2	TYAST Deck D	+3 Wits for occupant.  May send 1 Knight to the Dead Cart to search this land for the Holy Grail.  Draw a Grail Number of 6+ to find the Holy Grail.	"{or: +1 to a Round Table draw}"	323a
4dc01824-e3bb-494b-8b6c-87843b095a6b	Avalon	monty-python-ccg/main/MontyPythonCcg-Main-Avalon-2.jpg	default	Land	Main	Main	playerNDeck				2	TYAST Deck A	+3 Wits for occupant.  May send 1 Knight to the Dead Cart to search this land for the Holy Grail.  Draw a Grail Number of 6+ to find the Holy Grail.	"{or: +1 to a Round Table draw}"	323b
8d9e6513-823e-41b2-98d8-e76d7f85e201	Averting Eyes	monty-python-ccg/main/MontyPythonCcg-Main-AvertingEyes.jpg	default	Event	Main	Main	playerNDeck				6	Rare	Prevent opponent from playing a card or using a card effect that allows her to look at Face-down cards.  If opponent played the card from their hand place it in the Dead Cart.	"{or: Opponent must discard 1 card}"	21
d7fd776f-7e9b-48d0-8274-0f48ef6ba9d2	Badon Hill	monty-python-ccg/main/MontyPythonCcg-Main-BadonHill.jpg	default	Land	Main	Main	playerNDeck				6	Fixed 2, Common	+2 Combat for Adversaries.  Draw 1 extra card during draw phase.  Sir Robin personally wets himself and may not participate in disputes while at Badon Hill.	"{or: -3 to a Village Event draw}"	22
1d7b209e-552e-4e1b-a302-5c582ac89c03	Banana-Shaped	monty-python-ccg/main/MontyPythonCcg-Main-BananaShaped.jpg	default	Event	Main	Main	playerNDeck				5	Uncommon	You may look at the top card of your deck and choose to place it on the bottom of your deck.	"{or: may choose to redraw your next Grail Number.  Play this Alternative Text before the Grail Number is drawn}"	24
6837edb7-2fc4-40e2-a063-47a1a6fd0db7	Be Quiet!	monty-python-ccg/main/MontyPythonCcg-Main-BeQuiet.jpg	default	Taunt	Main	Main	playerNDeck				2	TYAST Deck D	Except for reading cards and announcing Actions, target player must remain silent for a Grail Number draw of turns or send his entire Round Table to the Dead Cart.	"{or: negate a Song card}	324
96bf9f36-e235-403c-b3f0-3eeb2b708436	Bedevere's Village	monty-python-ccg/main/MontyPythonCcg-Main-BedeveresVillage.jpg	default	Village	Main	Main	playerNDeck				6	Fixed 2, Common	+3 Combat for occupant.  Player may draw 2 extra cards during draw phase.  A Knight(s) attempting to enter this village is subject to a random event determined by a Grail Number draw.  1 or less: +1 to the next Round Table draw.  2: Search the deck for Sir Bedevere and reshuffle.  3: Search the deck for Extra Coconuts and reshuffle.  4: No event.  5: Draw an extra card next turn during the draw phase.  6+: -2 to your next Wits draw.	"{or: +1 to a Wits draw}"	28
47e1ce05-5b13-45e5-a037-a6f961954214	Begorrah!	monty-python-ccg/main/MontyPythonCcg-Main-Begorrah.jpg	default	Taunt	Main	Main	playerNDeck				6	TYAST Deck A	Opponent must display a silly walk or send his entire Round Table to the Dead Cart.	"{or: draw 2 cards and play them immediately or discard them.}"	325
08e5202c-28f4-4440-817e-3a40ecd2b032	Big Beds	monty-python-ccg/main/MontyPythonCcg-Main-BigBeds.jpg	default	Event	Main	Main	playerNDeck				4	Rare	Knights may not leave Village or Castle for 1 turn.	"{or: negate the effect of a card that forces movement.}"	30
6adf3e6b-08bd-4269-aa0b-df341a6ade4c	Black Forest	monty-python-ccg/main/MontyPythonCcg-Main-BlackForest.jpg	default	Land	Main	Main	playerNDeck				5	Fixed 2, Common	Adversaries here must be defeated twice.  Knights encountered here will not join the Round Table.	"{or: -1 to a Combat draw}"	32
8e52eeb6-0bb9-423e-9ea2-e6604f8ab373	Bloodletting	monty-python-ccg/main/MontyPythonCcg-Main-Bloodletting.jpg	default	Event	Main	Main	playerNDeck				6	Uncommon	Look at your opponent's hand and randomly select a Combat card then put it into your's.  Return it at the end of the game (but only if opponent asks for the card back).	"{or: -2 to a Combat draw}"	33
f21258e1-1d5d-4427-a17a-669d820d9e1a	Bloody Hell	monty-python-ccg/main/MontyPythonCcg-Main-BloodyHell.jpg	default	Event	Main	Main	playerNDeck				3	TYAST Deck A	Multiple Knights may Combat this turn.  Add all their Combat values together and draw one Grail Number.  If Combat is lost, place all participating Knights into the Dead Cart.	"{or: bypass any Wedding Persona or Adversary}"	327
08054ebf-1a8d-47cd-9c23-6f4ab3ad8ea0	Blow My Nose	monty-python-ccg/main/MontyPythonCcg-Main-BlowMyNose.jpg	default	Taunt	Main	Main	playerNDeck				0	Common	ake opponent's hand and play any or all of the cards immediately.  Place any unused cards in opponent's Dead Cart.	"{or: -2 to a Wits draw}"	34
7d6ebfb9-ecad-4808-8411-e1590a4f3ab5	Boil Your Bottom	monty-python-ccg/main/MontyPythonCcg-Main-BoilYourBottom.jpg	default	Taunt	Main	Main	playerNDeck				4	Uncommon	Opponent's Knights must leave Village or Castle.	"{or: -2 to a Round Table draw}"	36
e8037cce-9063-49c5-b632-88eac784666b	Book of Armaments	monty-python-ccg/main/MontyPythonCcg-Main-BookOfArmaments.jpg	default	Item	Main	Main	playerNDeck				6	Uncommon	If in play, your Knight's Holy Hand Grenade of Antioch Grail Number draws of 4 or higher result in "no effect."	"{or: +5 to a Combat Draw if Brother Maynard is in play.}"	37
5191ccbc-f212-4187-9937-7d9533b174fc	Bow and Arrow	monty-python-ccg/main/MontyPythonCcg-Main-BowAndArrow.jpg	default	Item	Main	Main	playerNDeck				2	TYAST Deck A	An arrow may be shot, once per turn, at an Adversary or Peril up to 2 spaces away.  Draw a Grail Number.  If it is 4 or higher, target receives a permanent -1 to Combat for each hit.	"{or: shoot down an African Swallow.  Place Africa Swallow and Bow and Arrow in the Dead Cart.}"	329
c470eea7-d8fc-4a00-a8a5-14013ce555e4	Brain of a Duck	monty-python-ccg/main/MontyPythonCcg-Main-BrainOfADuck.jpg	default	Taunt	Main	Main	playerNDeck				5	Uncommon	Taunter draws a Grail Number.  Target gets -4 to Wits for that Grail Number of turns	"{or: -2 to a Round Table draw}"	39
8d1f2085-ae17-4d44-8f17-c82cf0fc06c2	Brave Sir Robin Song, Verse I	monty-python-ccg/main/MontyPythonCcg-Main-BraveSirRobinSongVerseI.jpg	default	Song	Main	Main	playerNDeck				6	Fixed 2, Common	Effect: Opponent's Knights may not Run Away from the next Dispute.		41a
598299d8-429f-407d-98f1-2c3355feed1c	Brave Sir Robin Song, Verse I	monty-python-ccg/main/MontyPythonCcg-Main-BraveSirRobinSongVerseI-2.jpg	default	Song	Main	Main	playerNDeck				6	TYAST Deck D	Effect: Opponent's Knights may not Run Away from the next Dispute.		41b
4bc69ed0-1f0e-42c6-847e-cb1d1528ac56	Brave Sir Robin Song, Verse II	monty-python-ccg/main/MontyPythonCcg-Main-BraveSirRobinSongVerseII.jpg	default	Song	Main	Main	playerNDeck				6	Uncommon	Effect: One of opponent's Knights (his choice) combat value is permanently reduced to 0.		42a
cc086dc0-8fe7-459e-bb3e-4e86cf0cd5bf	Brave Sir Robin Song, Verse II	monty-python-ccg/main/MontyPythonCcg-Main-BraveSirRobinSongVerseII-2.jpg	default	Song	Main	Main	playerNDeck				6	TYAST Deck A	Effect: One of opponent's Knights (his choice) combat value is permanently reduced to 0.		42b
49b9f60b-abec-437f-a3f6-c64d0d633823	Brave Sir Robin Song, Verse III	monty-python-ccg/main/MontyPythonCcg-Main-BraveSirRobinSongVerseIII.jpg	default	Song	Main	Main	playerNDeck				6	Rare	Effect: One of opponent's Knights (opponent's choice) becomes disgusted with their cowardice and leaves for the Dead Cart.		43
a1ec2cbf-2d0c-4e52-8876-a1e429c2c95c	Brave Sir Robin Song, Verse IV	monty-python-ccg/main/MontyPythonCcg-Main-BraveSirRobinSongVerseIV.jpg	default	Song	Main	Main	playerNDeck				6	Fixed 2, Common	Effect: Opponent's Knights must Run Away from the next Dispute.		44
d6c07f52-bdae-45ba-838b-b73fac5002d6	Brave Sir Robin Song, Verse V	monty-python-ccg/main/MontyPythonCcg-Main-BraveSirRobinSongVerseV.jpg	default	Song	Main	Main	playerNDeck				6	Rare	Effect: You may retrieve your Ante and play it immediately or discard it. [or reveal the top card of your deck and play it immediately or discard it]		45
5a6585c6-05b9-430e-949f-944e0c82634e	Bri the Page	monty-python-ccg/main/MontyPythonCcg-Main-BriThePage.jpg	default	Page	Main	Main	playerNDeck				5	Fixed 2, Common	May carry 1 item.  Draw a Grail Number each turn.  If it is 1 or lower, Bri the Page wanders off (place him in the Dead Cart).	"{Wolves.  Peril.  Combat 5.}"	46
2ef65954-bcff-42d9-8ec7-527cee69371e	Bride's Father	monty-python-ccg/main/MontyPythonCcg-Main-BridesFather.jpg	default	Persona	Main	Main	playerNDeck	Swamp-Castle, Wedding		1	6	Uncommon	Sacrifice Bride's Father to make opponent redraw a Combat Grail number.	"{or: look at 1 face-down card in opponent's England.}"	47
bad76685-740a-414f-9712-b6ea9271f10b	Bridge of Death	monty-python-ccg/main/MontyPythonCcg-Main-BridgeOfDeath.jpg	default	Land, Special Land	Main	Main	playerNDeck				0	Common	May be used to freely cross any area in England except the Sea of Fate.  Opponent may search deck for 1 Questions Three for each Knight crossing and play them immediately.  If played over the Gorge of Eternal Peril, the Knights who fail to correctly answer the questions are cast into the Gorge and placed in the Dead Cart.  Personae or extra pages cannot cross the Bridge of Death, place them in the Dead Cart.	"{or: take a card from opponent}"	48
3ada587a-6a93-470b-9494-9303d51fe131	Bridgekeeper	monty-python-ccg/main/MontyPythonCcg-Main-Bridgekeeper.jpg	default	Adversary	Main	Main	playerNDeck			2	5	Uncommon	Will not occupy a Castle.  Opponent of player who encounters Bridgekeeper may search deck for as many Questions Three cards as encountering player has Knights.	"{or: -1 to a Wits draw}"	49
96e02ae2-37c8-4573-9487-8acdfe84576d	Bring Out Your Dead	monty-python-ccg/main/MontyPythonCcg-Main-BringOutYourDead.jpg	default	Event	Main	Main	playerNDeck				3	Common	Reshuffle your Dead Cart back into your deck.  Eliminate Bring Out Your Dead.	"{or: redraw your own Combat draw}"	50
25dfd13e-aa36-415b-9d6d-8749f0b0988b	Brother Maynard	monty-python-ccg/main/MontyPythonCcg-Main-BrotherMaynard.jpg	default	Persona	Main	Main	playerNDeck			5	5	Common	One time only, may search through deck for either Holy Hand Grenade of Antioch or Arcane Writing.	"{or: -1 to a Combat draw}"	51
eadba590-24a4-48cf-8bbb-b291eb0c22be	Brother Maynard's Roommate	monty-python-ccg/main/MontyPythonCcg-Main-BrotherMaynardsRoommate.jpg	default	Persona	Main	Main	playerNDeck			2	5	Uncommon	If in play, any of your Knight's Holy Hand Grenade of Antioch Grail Number draws of 4 or higher result in "no effect."	"{or: +2 to a Combat draw}"	52
af07a37b-f5fd-408e-878a-c8106ae49abe	Buggering Off	monty-python-ccg/main/MontyPythonCcg-Main-BuggeringOff.jpg	default	Event	Main	Main	playerNDeck				2	TYAST Deck C	Target Knight must run away from their next Combat.	"{or: negate the results of Combat against a Peril}"	331
032b6c8f-c9bd-4898-b8bb-c030dab684d5	Burn Her Anyway	monty-python-ccg/main/MontyPythonCcg-Main-BurnHerAnyway.jpg	default	Event	Main	Main	playerNDeck				1	Rare	Persona is mistaken for a witch and burned at the stake.  Place Persona in the Dead Cart.	"{or: +1 to a Combat draw}"	53
a04d3137-709b-4c82-b054-6f896f58dc1c	But Father	monty-python-ccg/main/MontyPythonCcg-Main-ButFather.jpg	default	Taunt	Main	Main	playerNDeck				5	TYAST Deck B	Opponent must discard all weapon and armour items currently in their possession.	"{or: +2 to a Wits draw}"	332
403540d1-dad7-456c-acf0-d5fb6cad5a3a	Camelot	monty-python-ccg/main/MontyPythonCcg-Main-Camelot.jpg	default	Castle	Main	Main	playerNDeck				4	Fixed 2, Common	+7 Combat to occupant.  Lose a turn, but draw 7 extra cards during the following draw phase.  A Knight(s) attempting to enter this Castle is subject to a random event determined by a Grail Number draw.  1 or less: "The Fiends!" Defenders use farm animals.  Lose a Knight.  2: "Fetchez la vache!"  "Moooo!"  Lose a Page.  3: On the wrong end of a nasty taunting.  Lose a Persona.  4-7: "No chance, bedwetting types!"  Knights may not pass.  8-10: "African swallows are non-migratory."  Knights may pass.  11: "Well, can we come up and have a look?"  Knights may enter and recieve any benefits from the Castle.  12+: "Oh.  Alright."  Knights may enter and invite the Castle occupant to join the Round Table unless they are an Adversary or Peril.	"{or: +1 to a Combat draw}"	55
f2e2ac9c-7161-41ba-9357-52af190f8cea	Cap of Idiocy	monty-python-ccg/main/MontyPythonCcg-Main-CapOfIdiocy.jpg	default	Item	Main	Main	playerNDeck	Cursed			2	TYAST Deck B	Cap of Idiocy lowers the Wits value of a Knight by 2.  This item cannot be voluntarily be discarded.	"{or: +2 to a Castle Table draw}"	333
3fcf16c3-6df3-44b0-ab27-f458e204839d	Cart Master	monty-python-ccg/main/MontyPythonCcg-Main-CartMaster.jpg	default	Persona	Main	Main	playerNDeck			4	4	TYAST Deck D	May randomly take 1 card per turn from your Dead Cart, and reshuffle it back into your deck.	"{or: +2 to a Combat draw}"	334
64bc3c3d-1437-4cb8-a12f-f43e43ab99c9	Cartoon Forest	monty-python-ccg/main/MontyPythonCcg-Main-CartoonForest.jpg	default	Land	Main	Main	playerNDeck				6	TYAST Deck C, TYAST Deck D	+2 to a Grail Number draw for an animated occupant.  Draw 1 extra card during draw phase.	"{or: +1 to a Combat draw}"	335
7817de1c-7cb9-43c5-b3c0-ff1a092e3c24	Cartoonist Dies	monty-python-ccg/main/MontyPythonCcg-Main-CartoonistDies.jpg	default	Event	Main	Main	playerNDeck				1	Rare	Place any Animation in the Dead Cart.	"{or: +1 to a Wits draw}"	58
b98aada1-8775-4069-93b7-071bc4039f12	Castle Abblasore	monty-python-ccg/main/MontyPythonCcg-Main-CastleAbblasore.jpg	default	Castle	Main	Main	playerNDeck				3	Rare	"+4 Combat for occupant.  During draw phase but before drawing cards, you may discard 1 card to draw 3 extra cards.  A Knight(s) attempting to enter this Castle is subject to a random event determined by a Grail Number draw.  1 or less: "The Fiends!" Defenders use farm animals.  Lose a Knight.  2: "Fetchez la vache!"  "Moooo!"  Lose a Page.  3: On the wrong end of a nasty taunting.  Lose a Persona.  4-7: "No chance, bedwetting types!"  Knights may not pass.  8-10: "African swallows are non-migratory."  Knights may pass.  11: "Well, can we come up and have a look?"  Knights may enter and recieve any benefits from the Castle.  12+: "Oh.  Alright."  Knights may enter and invite the Castle occupant to join the Round Table unless they are an Adversary or Peril."	"{or: +1 to a Combat draw}"	1
e6a3a79c-4af1-4d5a-969b-cf13b405b95c	Castle Anthrax	monty-python-ccg/main/MontyPythonCcg-Main-CastleAnthrax.jpg	default	Castle	Main	Main	playerNDeck				2	Fixed 2, Common	"+5 Combat to occupant.  Draw 1 extra card during draw phase.  Opponent of player encountering Castle Anthrax may search deck for any one Anthrax Persona or Adversary and play them immediately in Castle Anthrax. A Knight(s) attempting to enter this Castle is subject to a random event determined by a Grail Number draw.  1 or less: "The Fiends!" Defenders use farm animals.  Lose a Knight.  2: "Fetchez la vache!"  "Moooo!"  Lose a Page.  3: On the wrong end of a nasty taunting.  Lose a Persona.  4-7: "No chance, bedwetting types!"  Knights may not pass.  8-10: "African swallows are non-migratory."  Knights may pass.  11: "Well, can we come up and have a look?"  Knights may enter and recieve any benefits from the Castle.  12+: "Oh.  Alright."  Knights may enter and invite the Castle occupant to join the Round Table unless they are an Adversary or Peril."	"{or: +1 to a Combat draw}"	12
4a2301ec-335f-4fcb-9cde-f558ff692fb4	Castle Arrrghhh	monty-python-ccg/main/MontyPythonCcg-Main-CastleArrrghhh.jpg	default	Castle	Main	Main	playerNDeck				3	Fixed 2, Common	If played from your hand, Castle Arrrghhh must be placed in Avalon.  If Castle Arrrghhh is not the top card of a flipped stack in England, discard it.  +7 Combat to occupant.  Draw 1 extra card during draw phase.  Opponent may search deck for a French Adversary and play them immediately in Castle Arrrghhh.  A Knight(s) attempting to enter this Castle is subject to a random event determined by a Grail Number draw.  1 or less: "The Fiends!" Defenders use farm animals.  Lose a Knight.  2: "Fetchez la vache!"  "Moooo!"  Lose a Page.  3: On the wrong end of a nasty taunting.  Lose a Persona.  4-7: "No chance, bedwetting types!"  Knights may not pass.  8-10: "African swallows are non-migratory."  Knights may pass.  11: "Well, can we come up and have a look?"  Knights may enter and recieve any benefits from the Castle.  12+: "Oh.  Alright."  Knights may enter and invite the Castle occupant to join the Round Table unless they are an Adversary or Peril.	"{or: +1 to a Combat draw}"	16
47e321af-83aa-41ba-8a0b-5721e8512a19	Castle Bealevale	monty-python-ccg/main/MontyPythonCcg-Main-CastleBealevale.jpg	default	Castle	Main	Main	playerNDeck				3	Uncommon	+4 Combat for occupant.  During draw phase but before drawing cards, discard 1 card and draw 4 extra cards.  A Knight(s) attempting to enter this Castle is subject to a random event determined by a Grail Number draw.  1 or less: "The Fiends!" Defenders use farm animals.  Lose a Knight.  2: "Fetchez la vache!"  "Moooo!"  Lose a Page.  3: On the wrong end of a nasty taunting.  Lose a Persona.  4-7: "No chance, bedwetting types!"  Knights may not pass.  8-10: "African swallows are non-migratory."  Knights may pass.  11: "Well, can we come up and have a look?"  Knights may enter and recieve any benefits from the Castle.  12+: "Oh.  Alright."  Knights may enter and invite the Castle occupant to join the Round Table unless they are an Adversary or Peril.	"{or: +1 to a Combat draw}"	25
a5bf6d8c-f9f9-4bc3-aab7-5dd82391414a	Castle Bedegraine	monty-python-ccg/main/MontyPythonCcg-Main-CastleBedegraine.jpg	default	Castle	Main	Main	playerNDeck				3	Uncommon	+4 Combat for occupant.  During draw phase but before drawing cards, you may discard 2 cards to draw 4 extra cards.  A Knight(s) attempting to enter this Castle is subject to a random event determined by a Grail Number draw.  1 or less: "The Fiends!" Defenders use farm animals.  Lose a Knight.  2: "Fetchez la vache!"  "Moooo!"  Lose a Page.  3: On the wrong end of a nasty taunting.  Lose a Persona.  4-7: "No chance, bedwetting types!"  Knights may not pass.  8-10: "African swallows are non-migratory."  Knights may pass.  11: "Well, can we come up and have a look?"  Knights may enter and recieve any benefits from the Castle.  12+: "Oh.  Alright."  Knights may enter and invite the Castle occupant to join the Round Table unless they are an Adversary or Peril	"{or: +1 to a Wits draw}"	26
a22c03c3-aaee-41fa-9956-392ab7e56249	Castle Bodium	monty-python-ccg/main/MontyPythonCcg-Main-CastleBodium.jpg	default	Castle	Main	Main	playerNDeck				2	Uncommon	+6 Combat for occupant.  Draw 2 extra cards during draw phase.  A Knight(s) attempting to enter this Castle is subject to a random event determined by a Grail Number draw.  1 or less: "The Fiends!" Defenders use farm animals.  Lose a Knight.  2: "Fetchez la vache!"  "Moooo!"  Lose a Page.  3: On the wrong end of a nasty taunting.  Lose a Persona.  4-7: "No chance, bedwetting types!"  Knights may not pass.  8-10: "African swallows are non-migratory."  Knights may pass.  11: "Well, can we come up and have a look?"  Knights may enter and recieve any benefits from the Castle.  12+: "Oh.  Alright."  Knights may enter and invite the Castle occupant to join the Round Table unless they are an Adversary or Peril.	"{or: +1 to a Combat draw}"	35
5d70226a-52c1-4bd9-a106-62315c26881e	Castle Brangoris	monty-python-ccg/main/MontyPythonCcg-Main-CastleBrangoris.jpg	default	Castle	Main	Main	playerNDeck				3	Common	+4 Combat for occupant.  During draw phase but before drawing cards, discard 1 card to draw 2 extra cards.  A Knight(s) attempting to enter this Castle is subject to a random event determined by a Grail Number draw.  1 or less: "The Fiends!" Defenders use farm animals.  Lose a Knight.  2: "Fetchez la vache!"  "Moooo!"  Lose a Page.  3: On the wrong end of a nasty taunting.  Lose a Persona.  4-7: "No chance, bedwetting types!"  Knights may not pass.  8-10: "African swallows are non-migratory."  Knights may pass.  11: "Well, can we come up and have a look?"  Knights may enter and recieve any benefits from the Castle.  12+: "Oh.  Alright."  Knights may enter and invite the Castle occupant to join the Round Table unless they are an Adversary or Peril.	"{or: +1 to a Combat draw}"	40
fd12dd96-c271-43ff-a2a8-c1fa5a292b33	Castle Carbonek	monty-python-ccg/main/MontyPythonCcg-Main-CastleCarbonek.jpg	default	Castle	Main	Main	playerNDeck				3	Uncommon	+4 Combat to occupant.  During draw phase but before drawing cards, discard 3 cards and draw 5 extra cards.  A Knight(s) attempting to enter this Castle is subject to a random event determined by a Grail Number draw.  1 or less: "The Fiends!" Defenders use farm animals.  Lose a Knight.  2: "Fetchez la vache!"  "Moooo!"  Lose a Page.  3: On the wrong end of a nasty taunting.  Lose a Persona.  4-7: "No chance, bedwetting types!"  Knights may not pass.  8-10: "African swallows are non-migratory."  Knights may pass.  11: "Well, can we come up and have a look?"  Knights may enter and recieve any benefits from the Castle.  12+: "Oh.  Alright."  Knights may enter and invite the Castle occupant to join the Round Table unless they are an Adversary or Peril.	"{or: +1 to a Combat draw}"	57
3257accd-11ca-4125-8fa3-e73da4dbd31c	Castle Generic	monty-python-ccg/main/MontyPythonCcg-Main-CastleGeneric.jpg	default	Castle	Main	Main	playerNDeck				3	Uncommon	Draw 1 Grail Number for X.  +X Combat to occupant.  Draw X extra cards during your draw phase.  A Knight(s) attempting to enter this Castle is subject to a random event determined by a Grail Number draw.  1 or less: "The Fiends!" Defenders use farm animals.  Lose a Knight.  2: "Fetchez la vache!"  "Moooo!"  Lose a Page.  3: On the wrong end of a nasty taunting.  Lose a Persona.  4-7: "No chance, bedwetting types!"  Knights may not pass.  8-10: "African swallows are non-migratory."  Knights may pass.  11: "Well, can we come up and have a look?"  Knights may enter and recieve any benefits from the Castle.  12+: "Oh.  Alright."  Knights may enter and invite the Castle occupant to join the Round Table unless they are an Adversary or Peril.	"{or: +1 to a Combat draw}"	117a
30eae400-7dd5-407d-9f2d-f7b641bd605e	Castle Generic	monty-python-ccg/main/MontyPythonCcg-Main-CastleGeneric-2.jpg	default	Castle	Main	Main	playerNDeck				3	TYAST Deck C	Draw 1 Grail Number for X.  +X Combat to occupant.  Draw X extra cards during your draw phase.  A Knight(s) attempting to enter this Castle is subject to a random event determined by a Grail Number draw.  1 or less: "The Fiends!" Defenders use farm animals.  Lose a Knight.  2: "Fetchez la vache!"  "Moooo!"  Lose a Page.  3: On the wrong end of a nasty taunting.  Lose a Persona.  4-7: "No chance, bedwetting types!"  Knights may not pass.  8-10: "African swallows are non-migratory."  Knights may pass.  11: "Well, can we come up and have a look?"  Knights may enter and recieve any benefits from the Castle.  12+: "Oh.  Alright."  Knights may enter and invite the Castle occupant to join the Round Table unless they are an Adversary or Peril.	"{or: +1 to a Combat draw}"	117b
3a2ab713-cab5-407d-bc4c-8f50c8c64cb0	Castle Generic	monty-python-ccg/main/MontyPythonCcg-Main-CastleGeneric-3.jpg	default	Castle	Main	Main	playerNDeck				3	TYAST Deck A	Draw 1 Grail Number for X.  +X Combat to occupant.  Draw X extra cards during your draw phase.  A Knight(s) attempting to enter this Castle is subject to a random event determined by a Grail Number draw.  1 or less: "The Fiends!" Defenders use farm animals.  Lose a Knight.  2: "Fetchez la vache!"  "Moooo!"  Lose a Page.  3: On the wrong end of a nasty taunting.  Lose a Persona.  4-7: "No chance, bedwetting types!"  Knights may not pass.  8-10: "African swallows are non-migratory."  Knights may pass.  11: "Well, can we come up and have a look?"  Knights may enter and recieve any benefits from the Castle.  12+: "Oh.  Alright."  Knights may enter and invite the Castle occupant to join the Round Table unless they are an Adversary or Peril.	"{or: +1 to a Combat draw}"	117c
d7416a7b-bfad-4733-814e-104eb414390f	Castle Guards	monty-python-ccg/main/MontyPythonCcg-Main-CastleGuards.jpg	default	Adversary	Main	Main	playerNDeck	Swamp-Castle, Castle-Guard	5		2	Fixed 2, Common	Castle Guards have Wits 0 for Castle Table draws only.	"{or: -2 to Castle Table draw}"	59
d9a58e78-0c9b-4e24-95c2-67e0f37823b5	Castle Guards	monty-python-ccg/main/MontyPythonCcg-Main-CastleGuards-2.jpg	default	Adversary	Main	Main	playerNDeck	Swamp-Castle, Castle-Guard	4		4	Fixed 2, Common	Castle Guards have Wits 0 for Castle Table draws only.	"{or: +1 to a Combat draw}"	60
0c5f4326-a26f-41e3-b0b9-9fffa2a2ee97	Castle Guards	monty-python-ccg/main/MontyPythonCcg-Main-CastleGuards-3.jpg	default	Adversary	Main	Main	playerNDeck	Swamp-Castle, Castle-Guard	4		4	Uncommon	Castle Guards have Wits 0 for Castle Table draws only.	"{or: -1 to a Castle Table draw}"	61
108169cf-9b58-4c36-9fa0-e7d8450e6a21	Castle Jagent	monty-python-ccg/main/MontyPythonCcg-Main-CastleJagent.jpg	default	Castle	Main	Main	playerNDeck				3	Rare	+4 Combat to occupant.  During draw phase, discard 1 card before drawing cards, then draw 3 extra cards.  A Knight(s) attempting to enter this Castle is subject to a random event determined by a Grail Number draw.  1 or less: "The Fiends!" Defenders use farm animals.  Lose a Knight.  2: "Fetchez la vache!"  "Moooo!"  Lose a Page.  3: On the wrong end of a nasty taunting.  Lose a Persona.  4-7: "No chance, bedwetting types!"  Knights may not pass.  8-10: "African swallows are non-migratory."  Knights may pass.  11: "Well, can we come up and have a look?"  Knights may enter and recieve any benefits from the Castle.  12+: "Oh.  Alright."  Knights may enter and invite the Castle occupant to join the Round Table unless they are an Adversary or Peril.	"{or: +1 to a Wits draw}"	158
53cfac54-6a12-4603-8fc5-b94107221bb7	Castle Magouns	monty-python-ccg/main/MontyPythonCcg-Main-CastleMagouns.jpg	default	Castle	Main	Main	playerNDeck				3	Uncommon	+4 Combat for occupant.  During draw phase but before drawing cards, draw 1 extra card or you may discard 1 card to draw 3 extra cards.  A Knight(s) attempting to enter this Castle is subject to a random event determined by a Grail Number draw.  1 or less: "The Fiends!" Defenders use farm animals.  Lose a Knight.  2: "Fetchez la vache!"  "Moooo!"  Lose a Page.  3: On the wrong end of a nasty taunting.  Lose a Persona.  4-7: "No chance, bedwetting types!"  Knights may not pass.  8-10: "African swallows are non-migratory."  Knights may pass.  11: "Well, can we come up and have a look?"  Knights may enter and recieve any benefits from the Castle.  12+: "Oh.  Alright."  Knights may enter and invite the Castle occupant to join the Round Table unless they are an Adversary or Peril.	"{or: +1 to a Combat draw}"	182
2888c273-6b36-4278-a279-532e216c18da	Castle of Guy de Loimbard	monty-python-ccg/main/MontyPythonCcg-Main-CastleOfGuyDeLoimbard.jpg	default	Castle	Main	Main	playerNDeck				2	Fixed 2, Common	+6 Combat to occupant.  Draw 1 extra card during draw phase.  Opponent may search deck for a French Adversary and play them immediately in the Castle of Guy de Loimbard and reshuffle.  A Knight(s) attempting to enter this Castle is subject to a random event determined by a Grail Number draw.  1 or less: "The Fiends!" Defenders use farm animals.  Lose a Knight.  2: "Fetchez la vache!"  "Moooo!"  Lose a Page.  3: On the wrong end of a nasty taunting.  Lose a Persona.  4-7: "No chance, bedwetting types!"  Knights may not pass.  8-10: "African swallows are non-migratory."  Knights may pass.  11: "Well, can we come up and have a look?"  Knights may enter and recieve any benefits from the Castle.  12+: "Oh.  Alright."  Knights may enter and invite the Castle occupant to join the Round Table unless they are an Adversary or Peril.	"{or: +1 to a Combat draw}"	134
c365b615-7c63-4083-89e3-76e62452aaf8	Castle Surhaute	monty-python-ccg/main/MontyPythonCcg-Main-CastleSurhaute.jpg	default	Castle	Main	Main	playerNDeck				3	Rare	+4 Combat to occupant.  During draw phase but before drawing cards, draw one card, then discard any card and draw 3 extra cards.  A Knight(s) attempting to enter this Castle is subject to a random event determined by a Grail Number draw.  1 or less: "The Fiends!" Defenders use farm animals.  Lose a Knight.  2: "Fetchez la vache!"  "Moooo!"  Lose a Page.  3: On the wrong end of a nasty taunting.  Lose a Persona.  4-7: "No chance, bedwetting types!"  Knights may not pass.  8-10: "African swallows are non-migratory."  Knights may pass.  11: "Well, can we come up and have a look?"  Knights may enter and recieve any benefits from the Castle.  12+: "Oh.  Alright."  Knights may enter and invite the Castle occupant to join the Round Table unless they are an Adversary or Peril.	"{or: +1 to a Combat draw}"	279
09f8d035-6c7d-4eee-99f7-e8e30beab9b7	Castle Tintagel	monty-python-ccg/main/MontyPythonCcg-Main-CastleTintagel.jpg	default	Castle	Main	Main	playerNDeck				3	Uncommon	+4 Combat for occupant.  Once during draw phase but before drawing cards, you may discard 3 cards to draw 5 extra cards.  A Knight(s) attempting to enter this Castle is subject to a random event determined by a Grail Number draw.  1 or less: "The Fiends!" Defenders use farm animals.  Lose a Knight.  2: "Fetchez la vache!"  "Moooo!"  Lose a Page.  3: On the wrong end of a nasty taunting.  Lose a Persona.  4-7: "No chance, bedwetting types!"  Knights may not pass.  8-10: "African swallows are non-migratory."  Knights may pass.  11: "Well, can we come up and have a look?"  Knights may enter and recieve any benefits from the Castle.  12+: "Oh.  Alright."  Knights may enter the Castle and invite the Castle occupant to join the Round Table unless they are an Adversary or Peril.	"{or: +1 to a Combat draw}"	286
ff0ff076-ba5c-4144-859c-cd16ad50f8d2	Castle Vagon	monty-python-ccg/main/MontyPythonCcg-Main-CastleVagon.jpg	default	Castle	Main	Main	playerNDeck				2	Rare	+5 Combat to occupant.  Draw 3 extra cards during draw phase.  A Knight(s) attempting to enter this Castle is subject to a random event determined by a Grail Number draw.  1 or less: "The Fiends!" Defenders use farm animals.  Lose a Knight.  2: "Fetchez la vache!"  "Moooo!"  Lose a Page.  3: On the wrong end of a nasty taunting.  Lose a Persona.  4-7: "No chance, bedwetting types!"  Knights may not pass.  8-10: "African swallows are non-migratory."  Knights may pass.  11: "Well, can we come up and have a look?"  Knights may enter and recieve any benefits from the Castle.  12+: "Oh.  Alright."  Knights may enter and invite the Castle occupant to join the Round Table unless they are an Adversary or Peril.	"{or: +1 to a Combat draw}"	290
18f1d031-4cad-43d3-8cc8-0007ea65ab5d	Catapult	monty-python-ccg/main/MontyPythonCcg-Main-Catapult.jpg	default	Item	Main	Main	playerNDeck				1	Uncommon	Place Catapult and a Knight in the Dead Cart to leap your entire Round Table over any area.  This counts as movement.	"{or: "Run Away!  Run Away!" -3 to a Combat Draw}"	62
cbbd99f3-e46e-4578-a5e9-1d6e637b7de0	Cave of Caerbannog	monty-python-ccg/main/MontyPythonCcg-Main-CaveOfCaerbannog.jpg	default	Land	Main	Main	playerNDeck				6	Fixed 2, Common	+2 Combat for Adversaries.  Draw 1 extra card during draw phase.	"{or: -2 to a Wits draw}"	54
69cb3a60-769e-49a2-ae74-427d408fb484	Charge	monty-python-ccg/main/MontyPythonCcg-Main-Charge.jpg	default	Event	Main	Main	playerNDeck				1	Uncommon	+7 to the grail number draw when Assaulting a Castle.	"{or: +3 to a Combat draw}"	64
14b1e805-468a-496c-a460-d5d69c8228b0	Charles the Page	monty-python-ccg/main/MontyPythonCcg-Main-CharlesThePage.jpg	default	Page	Main	Main	playerNDeck				6	Fixed 2, Common	May not carry an item.	"{Nosferatu.  Peril.  Combat 8.}"	65
f4a837d0-4305-4cd6-9072-c8cf5725d4d6	Chauncey the Page	monty-python-ccg/main/MontyPythonCcg-Main-ChaunceyThePage.jpg	default	Page	Main	Main	playerNDeck				6	Fixed 1	May carry 1 item.	"{Jester with an Attitude.  Adversary.  Wits 9.  Will not occupy a Castle.}"	66a
1d6ccc47-28ce-4b1b-be24-721ed6721274	Chauncey the Page	monty-python-ccg/main/MontyPythonCcg-Main-ChaunceyThePage-2.jpg	default	Page	Main	Main	playerNDeck				6	Common	May carry 1 item.	"{Jester with an Attitude.  Adversary.  Wits 9.  Will not occupy a Castle.}"	66b
417ef56d-f571-478d-aabd-92e141baa5f5	Chicken	monty-python-ccg/main/MontyPythonCcg-Main-Chicken.jpg	default	Taunt	Main	Main	playerNDeck				2	Uncommon	Target is forced into Combat and may not run away this turn.	"{or: -2 to a Combat draw}"	67
50e14347-e0b8-46e0-aaa1-e9d1304aaa05	Church Influence	monty-python-ccg/main/MontyPythonCcg-Main-ChurchInfluence.jpg	default	Event	Main	Main	playerNDeck				5	Rare	-1 to any Grail Number draw.	"{or: +1 on a draw made to find the Holy Grail.}"	68
058f53e7-5eb6-45a3-a3ee-9d605a5594fc	Concorde - trusty page of Lancelot	monty-python-ccg/main/MontyPythonCcg-Main-ConcordeTrustyPageOfLancelot.jpg	default	Page	Main	Main	playerNDeck				2	Fixed 3, Common	May carry 1 item.  If Concorde serves Lancelot, Lancelot may (dramatically) escape death once.	"{Giant.  Peril.  Combat 5.}"	69
ee9123c0-d63d-4280-b5f1-c96ac083c2b9	Confused Guard	monty-python-ccg/main/MontyPythonCcg-Main-ConfusedGuard.jpg	default	Adversary	Main	Main	playerNDeck	Swamp-Castle, Castle-Guard	3	6	2	TYAST Deck D	Knights must have Wits with the Confused Guard prior to attempting Combat.	"{or: -2 to a Wits draw}"	338
3a79fd06-c8ee-46bc-b1fc-6697109806c7	Confusion	monty-python-ccg/main/MontyPythonCcg-Main-Confusion.jpg	default	Event	Main	Main	playerNDeck				3	Uncommon	Opponent must lose a turn pondering why witches burn.	"{or: -3 to a Wits draw}"	70
a25bf044-9c00-416a-897d-7792ad87e303	Crapper	monty-python-ccg/main/MontyPythonCcg-Main-Crapper.jpg	default	Adversary	Main	Main	playerNDeck	Anthrax		2	5	TYAST Deck A	A Knight defeated by Crapper in a Village or Castle may not leave that Village or Castle until Crapper is defeated by another Knight.  May be played with other Anthrax characters.	"{or: +2 to a Castle Table draw}"	339
c2449ddf-b771-46be-aac4-90d3c7b491fd	Creek Fiend	monty-python-ccg/main/MontyPythonCcg-Main-CreekFiend.jpg	default	Adversary	Main	Main	playerNDeck		3	0	6	TYAST Deck C	Will not occupy a Castle.	"{or: -2 to a Wits draw}"	340
e7acce62-4296-422b-89ef-e1caf697b562	Cry of Distress	monty-python-ccg/main/MontyPythonCcg-Main-CryOfDistress.jpg	default	Event	Main	Main	playerNDeck				6	Uncommon	Peek at a Face-down card in any England.	"{or: +1 to a Combat draw}"	72
48b421c1-7324-4819-ba5a-35aa794912d6	Dagger	monty-python-ccg/main/MontyPythonCcg-Main-Dagger.jpg	default	Item	Main	Main	playerNDeck				3	TYAST Deck C	Dagger may be thrown prior to actual Combat.  Place Dagger in the Dead Cart, then draw a Grail Number.  If it is a 2 or higher, target receives a permanent -2 to Combat.	"{or: prevent opponent from using Strand of Creeper or Rope.  Place the items in the Dead Cart.}"	341
87dc037b-abb2-4d0b-b19e-c3b43937e850	Dancing Knight	monty-python-ccg/main/MontyPythonCcg-Main-DancingKnight.jpg	default	Knight	Main	Main	playerNDeck		4	1	4	Common	-2 to Round Table draws when inviting others to join the Round Table.		74a
b6e33a1e-8527-452b-9e3a-4f44d3c27c3a	Dancing Knight	monty-python-ccg/main/MontyPythonCcg-Main-DancingKnight-2.jpg	default	Knight	Main	Main	playerNDeck		4	1	4	TYAST Deck B	-2 to Round Table draws when inviting others to join the Round Table.		74b
909d93f3-35ea-4269-b3e1-f77499baafbc	Dead Collector	monty-python-ccg/main/MontyPythonCcg-Main-DeadCollector.jpg	default	Persona	Main	Main	playerNDeck			3	4	Rare	Sacrifice 2 members of your Round Table to bring a Knight, Page, or Persona from the dead cart back into your Round Table.	"{or: +1 to a Combat draw}"	76
b27106f7-86f7-4477-abf9-388a67e19295	Dead Person	monty-python-ccg/main/MontyPythonCcg-Main-DeadPerson.jpg	default	Persona	Main	Main	playerNDeck			2	5	TYAST Deck B	Place Dead Person in the Dead Cart to avoid catching the plague.	"{or: search the Dead Cart for any 1 card and shuffle it into your deck.}'	336
ac435957-2b3e-4af2-a57e-1370f6da2bf4	Debate	monty-python-ccg/main/MontyPythonCcg-Main-Debate.jpg	default	Event	Main	Main	playerNDeck				6	Rare	-4 to a Castle Table draw.	"{or: +2 to a Wits draw}"	77
f86e7c51-0c52-454d-bc31-c821b992d5f1	Delay Taunt	monty-python-ccg/main/MontyPythonCcg-Main-DelayTaunt.jpg	default	Event	Main	Main	playerNDeck				5	Rare	Delay the effect of any Taunt cards played this turn until next turn.	"{or: -1 to a Wits draw}"	78
1ad2cfc9-6685-4a2a-b6e5-9b8b62cfb8c3	Delirious	monty-python-ccg/main/MontyPythonCcg-Main-Delirious.jpg	default	Event	Main	Main	playerNDeck				3	TYAST Deck B	Force opponent to redraw a draw made to find the Holy Grail.	"{or: +2 to a Combat draw}"	342
11228e6e-c27a-48ba-a8f1-e89dcce1dbf0	Dennis	monty-python-ccg/main/MontyPythonCcg-Main-Dennis.jpg	default	Adversary	Main	Main	playerNDeck			6	3	Uncommon	Will not occupy a Castle.  If a Knight has wits with Dennis and loses, draw a Grail Number.  2 or less: Cannot pass this space.  3: lose a turn.  4-5: Knight becomes a Page.  6+: Place Knight in the Dead Cart.	"{or: -1 to a Wits draw}"	79
7d4166c4-d554-40af-8627-bf63c46543b1	Dennis' Mother	monty-python-ccg/main/MontyPythonCcg-Main-DennisMother.jpg	default	Adversary	Main	Main	playerNDeck			2	6	TYAST Deck B, TYAST Deck D	Will not occupy a Castle.	"{or: +1 to a Combat draw}"	343
5b33f3d3-77e3-485a-a0e2-b7ca4fd804a7	Depart a Lot	monty-python-ccg/main/MontyPythonCcg-Main-DepartALot.jpg	default	Taunt	Main	Main	playerNDeck				4	Uncommon	Opponent's Knights must leave Castle.	"{or: -1 on draws made to find the Holy Grail}"	80
4ac99610-256b-4843-b263-af1cb40aa485	Detraction	monty-python-ccg/main/MontyPythonCcg-Main-Detraction.jpg	default	Taunt	Main	Main	playerNDeck				5	Uncommon	Opponent may not invite Knights to join their Round Table for the rest of the turn.	"{or: Eliminate 1 item if Dennis is in play}"	81
c079c948-7c7f-4ad6-a943-87a18291cab1	Dingo	monty-python-ccg/main/MontyPythonCcg-Main-Dingo.jpg	default	Adversary	Main	Main	playerNDeck	Anthrax		3	4	Common	A Knight defeated by Dingo in a Village or Castle may not leave that Village or Castle until Dingo is defeated by another Knight.  May be played with other Anthrax characters.	"{or: +1 to a Castle Table draw}"	82
2816a089-ac32-490d-870b-ff3a680571ab	Direct Attack	monty-python-ccg/main/MontyPythonCcg-Main-DirectAttack.jpg	default	Event	Main	Main	playerNDeck				3	Rare	Choose a Champion to combat opponent's Champion for 1 turn.	"{or: -2 to a Combat draw}"	83
38ccccc9-5017-4091-b13c-80521c3b186b	Disbelief	monty-python-ccg/main/MontyPythonCcg-Main-Disbelief.jpg	default	Event	Main	Main	playerNDeck				3	TYAST Deck B	Demote Arthur to a Page for a Grail Number draw of turns.	"{or: Search your deck for a Page and reshuffle}"	344
d561dc4a-dfea-4bf9-999b-1f9e9c94b4d3	Doctor Piglet	monty-python-ccg/main/MontyPythonCcg-Main-DoctorPiglet.jpg	default	Persona	Main	Main	playerNDeck	Anthrax		2	4	Uncommon	One time only, save a Knight from death but Knight must Sit Out 2 turns.	"{or: +2 to a Combat draw against a Peril}"	219
bed3f6f0-6d43-4fcf-8e69-7aa5ef2214f6	Doctor Winston	monty-python-ccg/main/MontyPythonCcg-Main-DoctorWinston.jpg	default	Persona	Main	Main	playerNDeck	Anthrax		2	4	Rare	One time only, save a Knight from death but lose a turn	"{or: +2 to a Combat draw against a Peril}"	301
0cc39c30-f352-490d-a15b-57dba6962a38	Doctors?	monty-python-ccg/main/MontyPythonCcg-Main-Doctors.jpg	default	Event	Main	Main	playerNDeck				3	Common	Bring a Persona or Knight from your Dead Cart to your hand but with half of normal Combat and Wits (rounded down).	"{or: restore the Combat and Wits of a Knight who has had one or both values reduced.}"	84
e886d6a3-b9d6-40df-927d-0d8dad119290	Don't Be Afraid of Him	monty-python-ccg/main/MontyPythonCcg-Main-DontBeAfraidOfHim.jpg	default	Event	Main	Main	playerNDeck				2	TYAST Deck C	Draw a Grail Number.  0-2: Opponent loses a Knight.  3-4: Opponent loses a Page.  5+: Opponent loses a Persona.	"{or: Search your deck for Prince Herbert and reshuffle.}"	345
d57211b3-6a9a-4582-8301-543d18f15b20	Don't Frighten Us	monty-python-ccg/main/MontyPythonCcg-Main-DontFrightenUs.jpg	default	Taunt	Main	Main	playerNDeck				4	Uncommon	Opponent may not modify the Combat value of a Knight, Adversary or Persona.	"{or: draw 2 cards and play them immediately or discard them}"	85
f55a4d12-b380-4423-b6a6-d042112eef38	Dragon of Angnor	monty-python-ccg/main/MontyPythonCcg-Main-DragonOfAngnor.jpg	default	Adversary	Main	Main	playerNDeck	Peril	9		2	Uncommon	Brave Sir Robin may not Combat the Dragon of Angnor.	"{or: +1 to a Village Event draw}"	86
f231d288-c761-40b0-ab17-2ce053a5e0c0	Dragon Ship	monty-python-ccg/main/MontyPythonCcg-Main-DragonShip.jpg	default	Item	Main	Main	playerNDeck				6	Uncommon	May cross the Sea of Fate.  Opponent may search deck for Bridgekeeper and reshuffle.	"{or: Draw 2 cards, then discard 1 card.}"	87
9afa525b-ac26-4a49-8bea-c979a8f0708a	Dramatic Escape	monty-python-ccg/main/MontyPythonCcg-Main-DramaticEscape.jpg	default	Event	Main	Main	playerNDeck				5	Rare	Save a Knight from death if Concord is a member of your Round Table.	"{or: A Knight who has been placed in the Dead Cart this turn is Eliminated, then returned to your Round Table in 3 turns}"	88
791aee58-1bab-4806-9cef-7040115d12b9	Draw	monty-python-ccg/main/MontyPythonCcg-Main-Draw.jpg	default	Event	Main	Main	playerNDeck				1	Uncommon	Results of Combat are negated.  Knights may bypass Adversary without a Dispute.	"{or: Knights may not exit Castle or Village for 1 turn}"	89
cd9a4415-4778-47f7-8d18-f6424844e80c	Dress Her Up	monty-python-ccg/main/MontyPythonCcg-Main-DressHerUp.jpg	default	Event	Main	Main	playerNDeck				5	TYAST Deck C	Search your deck for Witch or Old Crone and play her immediately.	"{or: A Knight who has been turned into a Newt returns to normal next turn}"	346
e585ea1e-1a21-43fc-9d62-94e89384b83b	Dressed as a Witch	monty-python-ccg/main/MontyPythonCcg-Main-DressedAsAWitch.jpg	default	Event	Main	Main	playerNDeck				2	TYAST Deck D	Eliminate the Witch card and stop the Witch from turning your Knight into a Newt.	"{or: +1 to a Wits draw}"	347
f7263e9c-2286-417a-96a7-101f99f5c668	Dumb Idea	monty-python-ccg/main/MontyPythonCcg-Main-DumbIdea.jpg	default	Event	Main	Main	playerNDeck				3	Uncommon	Opponent loses a Battle of Wits.	"{or: negate Village Combat bonus, one time only}"	90
b998f68e-3158-48ed-861b-fc2391ef05ff	Earthquake	monty-python-ccg/main/MontyPythonCcg-Main-Earthquake.jpg	default	Event, Permanent Event	Main	Main	playerNDeck				1	TYAST Deck B	Place Earthquake on any Land card.  As long as Earthquake remains, that land may not be entered.  If an Earthquake is already in play, discard this card from play instead. (in the original game, all cards were "legendary" and stopped new copies from entering play; in the new rules this was scrapped but should exist for this card)	"{or: +1 to a Combat draw}"	349
9bc89a27-80b9-46a5-aadb-70104764a0d6	Eccentric Performance	monty-python-ccg/main/MontyPythonCcg-Main-EccentricPerformance.jpg	default	Event	Main	Main	playerNDeck				2	Uncommon	All players must discard their hands and draw 7 cards.	"{or: "Nasty, big point-ty teeth."  -3 to a Combat draw}"	91
547c3cbf-250d-4b50-a31e-223f2b438f23	Edward the Knight Perilous	monty-python-ccg/main/MontyPythonCcg-Main-EdwardTheKnightPerilous.jpg	default	Adversary	Main	Main	playerNDeck	Knight	7	4	2	Uncommon		"{or: +1 to a Village Event draw}"	93
645d6199-e8fd-44e8-baa7-efaec3ab8b19	Electric Donkey	monty-python-ccg/main/MontyPythonCcg-Main-ElectricDonkey.jpg	default	Taunt	Main	Main	playerNDeck				4	Fixed 2, Common	This combat only, opponent's Knight(s) may not credit the Combat Assist Bonus.	"{or: -2 to a Wits draw}"	94
103154aa-b38e-4c41-aa0f-504d894b4e5b	Emperor	monty-python-ccg/main/MontyPythonCcg-Main-Emperor.jpg	default	Event	Main	Main	playerNDeck				4	Uncommon	Prevent opponent from playng a Persona from their hand.  Place the Persona in the Dead Cart.	"{or: -1 to a Wits draw}"	95
27c73250-ddd8-4224-859a-b9ae4cad8f9e	English Knnnniggets	monty-python-ccg/main/MontyPythonCcg-Main-EnglishKnnnniggets.jpg	default	Taunt	Main	Main	playerNDeck				3	TYAST Deck C	Opponent may not invite Knights to join his Round Table for a Grail Number draw of turns.	"{or: -2 to a Wits draw}"	350
e7009434-6275-4c4f-a9ad-4ed5b099ae29	English Types	monty-python-ccg/main/MontyPythonCcg-Main-EnglishTypes.jpg	default	Taunt	Main	Main	playerNDeck				4	Uncommon	Opponent's Knights may not enter a Castle.	"{or: +2 to a Combat draw against a Knight}"	96
cb1a9c1e-8c5d-4023-bdc1-16fb15acd62b	Enlightenment	monty-python-ccg/main/MontyPythonCcg-Main-Enlightenment.jpg	default	Event	Main	Main	playerNDeck				6	Rare	Removed Grail-Shaped Beacon from play and place it in the Dead Cart.	"{or: -1 to a Village Event draw}"	97
9f983c0b-fb84-4de6-8982-b1626b3ebb82	Enough Music	monty-python-ccg/main/MontyPythonCcg-Main-EnoughMusic.jpg	default	Event	Main	Main	playerNDeck				4	TYAST Deck A	Look at opponent's hand.  Remove any Song cards you find and place them in the Dead Cart.	"{or: Eliminate any Minstrel card in play}"	351
4da5fa98-f389-4517-9bbb-6bf9f3fed7d6	Evil Cat Beater	monty-python-ccg/main/MontyPythonCcg-Main-EvilCatBeater.jpg	default	Adversary	Main	Main	playerNDeck		3	3	5	TYAST Deck D		"{or: +1 to a Village Event draw}"	352
9c230d9f-c7a0-4cd3-bf9d-dc0dded7915c	Excalibur	monty-python-ccg/main/MontyPythonCcg-Main-Excalibur.jpg	default	Item	Main	Main	playerNDeck				0	Rare	While carried by Arthur's page, adds +1 to Arthur's Round Table draws and +2 to Arthur's Combat value, or +1 to the Combat value of any other Knight whose Page carries it.	"{or: +1 to a Combat draw}"	98
06746e27-c2c9-4818-8d65-92a8dcb45484	Executive Officer of the Week	monty-python-ccg/main/MontyPythonCcg-Main-ExecutiveOfficerOfTheWeek.jpg	default	Adversary	Main	Main	playerNDeck			5	3	TYAST Deck B	A Knight outwitted by the Executive Officer of the Week throws an Item at him in frustration. Place one Item in the Dead Cart.	"{or: -2 to a Wits draw}"	353
0892e1a8-7a55-4757-af8d-e9eb50596216	Expulsion	monty-python-ccg/main/MontyPythonCcg-Main-Expulsion.jpg	default	Event	Main	Main	playerNDeck				5	Common	Expel Knight(s) from a Castle.	"{or: opponent must discard 1 card at random}"	99
d8622cdc-7d9d-4763-96ad-9484ccc1fa39	Extra Coconuts	monty-python-ccg/main/MontyPythonCcg-Main-ExtraCoconuts.jpg	default	Item	Main	Main	playerNDeck				4	Uncommon	May discard Extra Coconuts to move twice this turn.	"{or: prevent loss of movement this turn.}"	100
7ddf8a77-f8b7-4074-b611-66e3c56ee49e	Fallen to His Death	monty-python-ccg/main/MontyPythonCcg-Main-FallenToHisDeath.jpg	default	Event	Main	Main	playerNDeck				2	Uncommon	Prevent an opponent from playing an Adversary from their hand.  Place the Adversary in the Dead Cart.	"{or: -1 to a Combat draw}"	101
8464cc79-264e-4347-ad37-39c57a93366b	False Count	monty-python-ccg/main/MontyPythonCcg-Main-FalseCount.jpg	default	Event	Main	Main	playerNDeck				5	TYAST Deck A	If any Knight is using the Holy Hand Grenade, it explodes in his or her own Round Table, kkilling the entire Round Table except for one Knight and one Page of his choice.	"{or: -1 to a Grail Number draw}"	354
e78044a5-9dc0-416c-91b2-2378addef165	Famous Historian	monty-python-ccg/main/MontyPythonCcg-Main-FamousHistorian.jpg	default	Persona	Main	Main	playerNDeck			3	6	Common	May force opponent to remove one card per turn from the top of their deck and place it in the Dead Cart.	"{or: look at opponent's hand}"	102a
3d8d7f53-7696-45e4-9282-be7f5a0a5d2d	Famous Historian	monty-python-ccg/main/MontyPythonCcg-Main-FamousHistorian-2.jpg	default	Persona	Main	Main	playerNDeck			3	6	Common	May force opponent to remove one card per turn from the top of their deck and place it in the Dead Cart.	"{or: look at opponent's hand}"	102b
9a6e4052-7e04-46f0-8bbf-b07535270c06	Fanfare	monty-python-ccg/main/MontyPythonCcg-Main-Fanfare.jpg	default	Event	Main	Main	playerNDeck				2	TYAST Deck A	Search your deck and play any or all Song cards immediately.  Reshuffle your deck when you're finished.	"{or: discard 2 cards to avoid singing}"	355
50693b8d-987c-488c-a2f1-74dbce08b66f	Farcical Aquatic Ceremony	monty-python-ccg/main/MontyPythonCcg-Main-FarcicalAquaticCeremony.jpg	default	Taunt	Main	Main	playerNDeck				4	Fixed 2, Common	Subtract a Grail Number draw from your opponent's Round Table draw.	"{or: prevent the effects of Excalibur for the remainder of this turn}"	103
4b2b0b16-9975-48bc-9df9-24cce35156bf	Farm Animals	monty-python-ccg/main/MontyPythonCcg-Main-FarmAnimals.jpg	default	Event	Main	Main	playerNDeck				3	Uncommon	Farm Animals may only be played at a Castle.  One member of opponent's Round Table (chosen by opponent) is killed.	"{or: negate a Castle Combat bonus, one time only.}"	104
f5ff0706-d407-413f-92b6-4406ae2557fa	Fart	monty-python-ccg/main/MontyPythonCcg-Main-Fart.jpg	default	Taunt	Main	Main	playerNDeck				4	TYAST Deck C	Opponent must place any Page not presently serving a Knight and all Personae in his Round Table nto the Dead Cart.	"{or: opponent may not use a Persona in their Round Table for one turn.}"	356
c300adec-7349-49cb-8e80-5620b448bdd3	Faulty Coconuts	monty-python-ccg/main/MontyPythonCcg-Main-FaultyCoconuts.jpg	default	Item	Main	Main	playerNDeck	Cursed			2	TYAST Deck D	A knight whose page carries these coconuts may only move every other turn.  Faulty Coconuts may not be voluntarily discarded.	"{or: -1 to a Round Table draw}"	357
45245e7c-038a-46de-8bf0-e5943ffb73c6	Ferocious Taunt	monty-python-ccg/main/MontyPythonCcg-Main-FerociousTaunt.jpg	default	Taunt	Main	Main	playerNDeck				3	TYAST Deck B	Double the effect of another Taunt card.	"{or: -1 on a draw made to find the Holy Grail}"	358
514cce65-d631-4cfc-86d7-e1bbda1dc84f	First Soldier With a Keen Interest in Birds	monty-python-ccg/main/MontyPythonCcg-Main-FirstSoldierWithAKeenInterestInBirds.jpg	default	Adversary	Main	Main	playerNDeck		3	3	5	TYAST Deck B	Soldier will accept Extra Coconuts in lieu of a Dispute.	"{or: players may not play positive modifier cards this turn.}"	316
7ba028cb-b775-414a-a24d-0e80ace2467a	Flesh Wound	monty-python-ccg/main/MontyPythonCcg-Main-FleshWound.jpg	default	Event, Permanent Event	Main	Main	playerNDeck				2	Common	Permanently lower the Combat value of target Knight by 2.  May be played with A Scratch.	"{or: save a Knight from death but with a Permanent -2 penalty to their Combat value}"	105
5b86cf25-26f2-40e9-972a-3ca536b165ee	Flower Vase	monty-python-ccg/main/MontyPythonCcg-Main-FlowerVase.jpg	default	Item	Main	Main	playerNDeck				6	TYAST Deck B	Place Flower Vase in the Dead Cart to cause an attack by Lancelot to go astray.  Treat Combat as a Draw.	"{or: +3 to a Grail Number draw against Lancelot.}"	359
726ee7a1-36a2-4f3a-8c63-bfcfcdc3f751	Food Trough Wiper	monty-python-ccg/main/MontyPythonCcg-Main-FoodTroughWiper.jpg	default	Taunt	Main	Main	playerNDeck				4	TYAST Deck D	Eliminate all Chicken, Duck, Llama, Penguin, or Farm Animal cards that are currently in play from the game.	"{or: -3 to a Wits draw}"	360
06480099-5abd-4f76-b138-9acb874dee17	Fooling Anyone	monty-python-ccg/main/MontyPythonCcg-Main-FoolingAnyone.jpg	default	Event	Main	Main	playerNDeck				5	TYAST Deck D	Switch any two Face-down cards in your opponent's England but do not peek while you switch them.	"{or: +1 to a Wits draw}"	361
126f195c-1f6c-448b-a0ff-846101ecbd63	Fooling Yourself	monty-python-ccg/main/MontyPythonCcg-Main-FoolingYourself.jpg	default	Event	Main	Main	playerNDeck				3	TYAST Deck B	Switch any two Face-down cards in your England but do not peek while you switch them.	"{or: -1 to a Wits draw}"	362
fa65b4c6-618b-4c25-8328-90fa2e4bfa6d	Forest of Certain Death	monty-python-ccg/main/MontyPythonCcg-Main-ForestOfCertainDeath.jpg	default	Land	Main	Main	playerNDeck				6	Fixed 2, Common	-3 Combat for Knights.  Draw 1 extra card during draw phase.	"{or: +1 to a Wits draw against a Knight}"	63
f63df0b8-fab5-4898-9b48-54c1fd748473	Forest of Ni	monty-python-ccg/main/MontyPythonCcg-Main-ForestOfNi.jpg	default	Land	Main	Main	playerNDeck				4	Uncommon	+1 Combat for Adversaries.  Draw 1 extra card during draw phase.  Opponent may search deck for Knights Who Say Ni, Knights-Who-'Til-Recently-Said-Ni, or Scroll of Sacred Words and reshuffle.	"{or: -1 to a Wits draw}"	201
21da4c5d-6d92-48eb-ad63-0957e2fd32ec	Foul and Cruel	monty-python-ccg/main/MontyPythonCcg-Main-FoulAndCruel.jpg	default	Taunt	Main	Main	playerNDeck				2	TYAST Deck D	For a Grail Number draw of turns, opponent must remove his Arthur from the game and sit on him.  During this time Arthur may not take part in the game (technically, he is Eliminated during this time).	"{or: negate a Taunt as it is being played}"	363
30c1476d-c93f-4b28-81ef-77255eea1737	Foul Weather	monty-python-ccg/main/MontyPythonCcg-Main-FoulWeather.jpg	default	Event	Main	Main	playerNDeck				1	Rare	Move an Adversary in England 1 space in any direction.	"{or: -3 to a Combat draw}"	106
05746125-ca25-4df0-ac0f-12d74fd30a1c	Free for All	monty-python-ccg/main/MontyPythonCcg-Main-FreeForAll.jpg	default	Event	Main	Main	playerNDeck				3	Rare	Match each of your Knights with one of opponent's Knights.  Excess Knights on either side do not participate in Free for All.  Matched Knights fight in one-on-one Combat for 1 turn.  Draw separate Combat draws for each Knight.  No Knight, except Sir Robin, may Run Away from this Combat.	"{or: -2 to a Combat draw}"	107
c485765d-caed-42a1-8cc2-1b15be157eea	French Fellows	monty-python-ccg/main/MontyPythonCcg-Main-FrenchFellows.jpg	default	Adversary	Main	Main	playerNDeck	French	8	11	1	Uncommon	Opponent of player who encounters this Adversary may search their deck for a Taunt card and reshuffle.	"{or: +1 to a Combat draw}"	109
08b531f4-9554-4ef1-89a3-4aaa800aabae	French Taunter	monty-python-ccg/main/MontyPythonCcg-Main-FrenchTaunter.jpg	default	Adversary	Main	Main	playerNDeck	French	2	14	1	Uncommon	Opponent of player who encounters this Adversary may search their deck for up to 2 Taunt cards and reshuffle but must blow a raspberry and tap their head when using them.	"{or: +1 to a Combat draw}"	108
b87c6321-4213-44bc-bcc9-8d3b4f45c75d	Frenchman	monty-python-ccg/main/MontyPythonCcg-Main-Frenchman.jpg	default	Adversary	Main	Main	playerNDeck	French	2	7	2	Fixed 2, Common	Opponent may search their deck for 1 Taunt card and reshuffle but must put their thumbs in their ears, wiggle their fingers, and blow a raspberry while using it.	"{or: +1 to a Combat draw}"	110
68c61fca-4286-4896-be71-7d5109fa1640	Friendly Castle	monty-python-ccg/main/MontyPythonCcg-Main-FriendlyCastle.jpg	default	Event	Main	Main	playerNDeck				3	Common	+7 to a Castle Table draw.	"{or: +1 to a Wits draw}"	111
cc022c5f-d897-4ff5-b8bb-4e806af527cf	Friendly Guard	monty-python-ccg/main/MontyPythonCcg-Main-FriendlyGuard.jpg	default	Persona	Main	Main	playerNDeck	Swamp-Castle, Castle-Guard	1	0	5	TYAST Deck C	While the Friendly Guard is in your Round Table, receive a +4 to all Castle Table draws.	"{or: +1 to a Combat draw}"	364
b23e9597-45b2-49a9-96bb-6e249113fdc8	Frozen Land of Nador	monty-python-ccg/main/MontyPythonCcg-Main-FrozenLandOfNador.jpg	default	Land	Main	Main	playerNDeck				6	Common	+2 Combat for Adversaries.  Draw 1 extra card during draw phase.	"{or: -2 to a Combat draw against a Knight}"	196a
f8c806a9-fead-4beb-bad5-f0395d884082	Frozen Land of Nador	monty-python-ccg/main/MontyPythonCcg-Main-FrozenLandOfNador-2.jpg	default	Land	Main	Main	playerNDeck				6	TYAST Deck A	+2 Combat for Adversaries.  Draw 1 extra card during draw phase.	"{or: -2 to a Combat draw against a Knight}"	196b
a58dcb34-794c-4608-bfb0-1a785ad53aa6	Generic Adversary	monty-python-ccg/main/MontyPythonCcg-Main-GenericAdversary.jpg	default	Adversary	Main	Main	playerNDeck		X		4	Uncommon	X is determined by a draw of a single Grail Number.	"{or: -1 to a Castle Table draw}"	121
757fa246-5b38-40f5-88e2-467c152b7146	Generic the Page	monty-python-ccg/main/MontyPythonCcg-Main-GenericThePage.jpg	default	Page	Main	Main	playerNDeck				1	Common	May carry 1 item.	"{Evil Knight.  Adversary Knight. Combat 3, Wits 4.}"	120a
40eadf36-74a4-4dbb-abe2-7d6b377cbeaa	Generic the Page	monty-python-ccg/main/MontyPythonCcg-Main-GenericThePage-2.jpg	default	Page	Main	Main	playerNDeck				1	Fixed 2	May carry 1 item.	"{Evil Knight.  Adversary Knight. Combat 3, Wits 4.}"	120b
8035507c-6e4b-47d5-9fdb-a648e69d1c0d	Generic the Page	monty-python-ccg/main/MontyPythonCcg-Main-GenericThePage-3.jpg	default	Page	Main	Main	playerNDeck				1	TYAST Deck A, TYAST Deck C, TYAST Deck D	May carry 1 item.	"{Evil Knight.  Adversary Knight. Combat 3, Wits 4.}"	120c
db945c0f-a170-4cf4-93a3-726b3f64622d	Generic the Page	monty-python-ccg/main/MontyPythonCcg-Main-GenericThePage-4.jpg	default	Page	Main	Main	playerNDeck				1	TYAST Deck B	May carry 1 item.	"{Evil Knight.  Adversary Knight. Combat 3, Wits 4.}"	120d
9f3e4b40-6454-42e7-b45c-fdab67e731e3	Generic Village	monty-python-ccg/main/MontyPythonCcg-Main-GenericVillage.jpg	default	Village	Main	Main	playerNDeck				5	Uncommon	+3 Combat for occupants.  Player may draw 1 extra card during draw phase.  A Knight(s) attempting to enter this village is subject to a random event determined by a Grail Number draw.  1 or less: Permanent +1 on draws made to find the Holy Grail.  2: Return a Knight from the Dead Cart to your hand.  3: Return a Page from the Dead Card to your hand.  4: You may not play cards for 1 turn.  5: You may not move for 1 turn.  6+ Skip to the next scene-- lose a turn.	"{or: +1 to a Wits draw}"	122a
a74b8583-ffd3-407f-9e90-6f692e7f3787	Generic Village	monty-python-ccg/main/MontyPythonCcg-Main-GenericVillage-2.jpg	default	Village	Main	Main	playerNDeck				5	TYAST Deck B	+3 Combat for occupants.  Player may draw 1 extra card during draw phase.  A Knight(s) attempting to enter this village is subject to a random event determined by a Grail Number draw.  1 or less: Permanent +1 on draws made to find the Holy Grail.  2: Return a Knight from the Dead Cart to your hand.  3: Return a Page from the Dead Card to your hand.  4: You may not play cards for 1 turn.  5: You may not move for 1 turn.  6+ Skip to the next scene-- lose a turn.	"{or: +1 to a Wits draw}"	122b
19ac9b8c-3563-402f-8242-7b0cf8f58ab1	Get On With It	monty-python-ccg/main/MontyPythonCcg-Main-GetOnWithIt.jpg	default	Event	Main	Main	playerNDeck				3	Common	Opponent's turn immediately ends and your turn begins.  Playable if, in your opinion, opponent is playing too slow (e. g. opponent has taken more than ten seconds between Actions).	"{or: -1 to a Combat draw}"	123
36bf0232-6537-486b-957a-686df9cd1a9b	Get Slop Poured on You	monty-python-ccg/main/MontyPythonCcg-Main-GetSlopPouredOnYou.jpg	default	Event	Main	Main	playerNDeck				2	Common	Target Knight is forced to combat an adjacent Adversary or Peril and may not Run Away this turn.  If the Adversary is French, Combat continues until the death but Arthur may choose a Knight to fight in his stead.	"{or: +2 to a Combat draw}"	124
4ab9db37-8fca-4bb2-98ef-0f2b099c4ece	Gimpy the Page	monty-python-ccg/main/MontyPythonCcg-Main-GimpyThePage.jpg	default	Page	Main	Main	playerNDeck				2	Fixed 2, Common	May carry 1 item.  One time only, Gimpy may serve 2 Knights for up to 3 turns.  Gimpy dies from exhaustion if not relieved by the end of the 3rd turn.	"{Dragon.  Peril.  Combat 7.}"	125
484e89bc-180b-41f9-9a1e-4ea02af69faa	Git	monty-python-ccg/main/MontyPythonCcg-Main-Git.jpg	default	Taunt	Main	Main	playerNDeck				1	TYAST Deck A	A taunt being played against you takes effect against your opponent instead.	"{or: +2 to a Grail Draw against a Persona}"	366
10476f34-1d37-4e96-8206-94b90a7819d9	Glass of Water	monty-python-ccg/main/MontyPythonCcg-Main-GlassOfWater.jpg	default	Item	Main	Main	playerNDeck				6	TYAST Deck C	Place Glass of Water in the Dead Cart to prevent Hiccups from being played.	"{or: +2 to a Grail Draw against Castle Guards}"	367
544000ed-1ab1-46e5-8c39-d780777634f8	God	monty-python-ccg/main/MontyPythonCcg-Main-God.jpg	default	Event	Main	Main	playerNDeck				1	Rare	Discard all cards, then draw 7 new cards and immediately take an extra turn.	"{or: "I'm averting my eyes, oh Lord."  "Well, DON'T!"  -4 to a Combat draw}"	126
4bcc752c-0dae-4766-8f9f-fa32c2e3f5cb	Gordo Sheckberry	monty-python-ccg/main/MontyPythonCcg-Main-GordoSheckberry.jpg	default	Adversary	Main	Main	playerNDeck		2	1	5	Promo	A Knight who defeats Gordo must lose a turn to listen to him complain.	"{or: +1 to a Wits draw}"	482
ec9cd626-719f-4da2-8468-929702ff69d8	Gorge of Eternal Peril	monty-python-ccg/main/MontyPythonCcg-Main-GorgeOfEternalPeril.jpg	default	Land	Main	Main	playerNDeck				2	Uncommon	May not pass this area.  Discard if ever side-by-side with Sea of Fate.  Player who encounters Gorge of Eternal Peril may search their deck for the Bridge of Death and reshuffle. If The Gorge of Eternal Peril is already in play, discard this card from play instead. (in the original game, all cards were "legendary" and stopped new copies from entering play; in the new rules this was scrapped but should exist for this card)	"{or: do not make a Village Event draw}"	128
0de3810b-4ee5-4eb3-bb57-eec9d2abca75	Gorilla	monty-python-ccg/main/MontyPythonCcg-Main-Gorilla.jpg	default	Adversary	Main	Main	playerNDeck	Peril	6		3	Rare		"{or: +1 to a Combat draw}"	129
76fc4e09-ede2-4d82-9d5b-1e423de537a0	Got One?	monty-python-ccg/main/MontyPythonCcg-Main-GotOne.jpg	default	Event	Main	Main	playerNDeck				3	TYAST Deck B	You may search for the Holy Grail in the next new Castle you enter.  Draw a 6 or higher to find the Holy Grail.  Opponent may cancel this event by playing any Taunt card.	"{or: Search your deck for any one Armour Item}"	368
683c708b-cb63-4184-b7c6-0fe312ec2edc	Grail-shaped Beacon	monty-python-ccg/main/MontyPythonCcg-Main-GrailShapedBeacon.jpg	default	Event, Permanent Event	Main	Main	playerNDeck				3	Rare	Play on Castle Anthrax or an Anthrax character in England.  Round Table must move towards the Grail-Shaped Beacon by the shortest, most direct route.  Discard when any Knight of the Round Table reaches the Grail-Shaped Beacon.	"{or: -1 to a Wits draw}"	130
7eefca90-3ad1-4f9f-8cb7-6f04ca23031c	Great Find	monty-python-ccg/main/MontyPythonCcg-Main-GreatFind.jpg	default	Event	Main	Main	playerNDeck				2	TYAST Deck D	Take any Monty Python and the Holy Grail card out of your personal collection and put it into your hand.	"{or: Opponent must double ante with a card(s) of his choice from his own collection [or search opponent's deck for a card and Eliminate it if not playing for Ante]}"	369
86a6aba2-cd29-4b3b-bcd5-12f52a31cd12	Green Knight	monty-python-ccg/main/MontyPythonCcg-Main-GreenKnight.jpg	default	Adversary	Main	Main	playerNDeck	Knight	5	6	2	Rare	Once, you may make a Round Table draw, if the draw indicates Green Knight would have joined, he instead allows the Round Table to pass unhindered.	"{or: +2 to a Combat draw}"	131
b9136e89-01b4-4e0b-966f-d9c094883c0b	Groin Hit	monty-python-ccg/main/MontyPythonCcg-Main-GroinHit.jpg	default	Event	Main	Main	playerNDeck				4	Uncommon	+5 to a Combat draw.	"{or: Knight must Sit Out 2 turns for suffering a blow to his coconuts}"	132
41dd496f-b12c-4d6a-bac8-7e4dfbc07165	Groveling	monty-python-ccg/main/MontyPythonCcg-Main-Groveling.jpg	default	Event	Main	Main	playerNDeck				4	Rare	Opponent's Knights may only move backwards this turn.	"{or: Knights may not Combat target Adversary for one turn}"	133
6989eaeb-6dde-451a-900f-1e86c8847ab3	Guy De Loimbard	monty-python-ccg/main/MontyPythonCcg-Main-GuyDeLoimbard.jpg	default	Adversary	Main	Main	playerNDeck	French, Knight	9	11	1	TYAST Deck A		"{or: -1 to a Combat draw}"	371
8248ef48-f8f0-465e-8118-995026de03bd	Harmless Bunny	monty-python-ccg/main/MontyPythonCcg-Main-HarmlessBunny.jpg	default	Event	Main	Main	playerNDeck				3	Rare	Remove Killer Rabbit from play and replace it with Harmless Bunny.  Place Killer Rabbit in the Dead Cart.  Harmless Bunny may be passed without Dispute.	"{or: -2 to a Combat draw}"	135
8833e7f3-23b9-4abb-bdbb-ce7207a7a653	Head Off	monty-python-ccg/main/MontyPythonCcg-Main-HeadOff.jpg	default	Event	Main	Main	playerNDeck				1	TYAST Deck D	Force opponent to cut his own head off (Well, one of his Knight's heads anyway).  Place the Knight in the Dead Cart.	"{or: Search your deck for the Three-Headed Knight}"	373
c7ec22d4-c2de-41d8-aa69-ed52a5171245	Help from Beyond	monty-python-ccg/main/MontyPythonCcg-Main-HelpFromBeyond.jpg	default	Event	Main	Main	playerNDeck				1	Rare	+1 to a Combat draw for each Persona, Knight, and Page in your Dead Cart.	"{or: -3 to a Combat draw}"	137
812eff5e-7f86-4844-8d51-2193bab433b7	Hiccups	monty-python-ccg/main/MontyPythonCcg-Main-Hiccups.jpg	default	Event	Main	Main	playerNDeck				3	TYAST Deck A	Search your deck for Castle Guards or Confused Guard and play them immediately.	"{or: bypass Castle Guards}"	375
ca21cf84-c9c4-4040-b908-8fa57d94ac8f	Hidden Knowledge	monty-python-ccg/main/MontyPythonCcg-Main-HiddenKnowledge.jpg	default	Event, Permanent Event	Main	Main	playerNDeck				1	TYAST Deck D	If Tim the Enchanter is in your Round Table, you may look at one Face-down card per turn.	"{or: Search your deck for Tim the Enchanter.}"	376
279b46e9-06bd-4da0-b43e-0640275ded6b	Highlands	monty-python-ccg/main/MontyPythonCcg-Main-Highlands.jpg	default	Land	Main	Main	playerNDeck				5	TYAST Deck A,TYAST Deck C	+2 Combat for Adversaries.  Draw 1 extra card during draw phase.  Opponent of player encountering this land may search their deck for Tim the Enchanter and play him immediately in the Highlands.	"{or: players may not play positive modifier cards this turn.}"	377
8c6c318b-cd37-424b-af23-81cdab7b4a1c	Historian's Wife	monty-python-ccg/main/MontyPythonCcg-Main-HistoriansWife.jpg	default	Persona	Main	Main	playerNDeck			4	5	Rare	Once per turn, you may draw an extra card and play it immediately or discard it.  If the Grail Number on the card drawn is less than 3, place Historian's Wife in the Dead Cart.	"{or: +1 to a Wits draw}"	139
4381247f-9e06-4424-993a-a52a32e49861	Hoard of Young Virgins	monty-python-ccg/main/MontyPythonCcg-Main-HoardOfYoungVirgins.jpg	default	Adversary	Main	Main	playerNDeck	Anthrax		8	2	Uncommon	A Knight defeated by Hoard of Young Virgins in a Village or Castle may not leave that Village or Castle until Hoard of Young Virgins is defeated by another Knight.  May be played with other Anthrax characters.	"{or: +1 to a Castle Table draw}"	140
f15af608-91cb-426b-915e-3351b4a2d0af	Holiday in Sweden	monty-python-ccg/main/MontyPythonCcg-Main-HolidayInSweden.jpg	default	Event	Main	Main	playerNDeck				4	TYAST Deck A	Opponent must remove one sock or place his entire hand in the Dead Cart.	"{or: +2 to a Combat draw}"	378
354508d8-5ed5-40a3-ad26-8697e4435518	Holy Men	monty-python-ccg/main/MontyPythonCcg-Main-HolyMen.jpg	default	Event	Main	Main	playerNDeck				5	Rare	Search your deck for The Holy Hand Grenade of Antioch and reshuffle.	"{or: +1 to a Combat draw}"	143
49eb100b-34fa-4247-b344-28d4ecd91ecf	Hue the Knight Perilous	monty-python-ccg/main/MontyPythonCcg-Main-HueTheKnightPerilous.jpg	default	Adversary	Main	Main	playerNDeck	Knight	5	2	4	Common		"{or: +1 to a Wits draw}"	144
69012858-7623-488a-9a7b-8fcd97cf191e	Humphrey the Page	monty-python-ccg/main/MontyPythonCcg-Main-HumphreyThePage.jpg	default	Page	Main	Main	playerNDeck				2	Common	May carry 2 items.	"{Sir Turquine.  Adversary Knight.  Combat 6, Wits 6.}"	145
61ab2f10-88bb-42fd-857c-002bcaa4256a	Humphrey the Page	monty-python-ccg/main/MontyPythonCcg-Main-HumphreyThePage-2.jpg	default	Page	Main	Main	playerNDeck				2	Fixed 1	May carry 2 items.	"{Sir Turquine.  Adversary Knight.  Combat 6, Wits 6.}"	145
3716933c-3228-4e0b-ba04-6d3df2c9c3ea	I Got Better	monty-python-ccg/main/MontyPythonCcg-Main-IGotBetter.jpg	default	Event	Main	Main	playerNDeck				6	TYAST Deck B	May be played on any character so that they are no longer a Newt.	"{or: remove A Scratch or Flesh Wound from a Knight}"	379
05215da9-f316-4e96-8928-0d357adb3c55	I'm Not Dead Yet	monty-python-ccg/main/MontyPythonCcg-Main-ImNotDeadYet.jpg	default	Event	Main	Main	playerNDeck				1	Rare	Return a Persona, Knight or Page from the Dead Cart to your Hand.	"{or: -2 to a Combat draw}"	146
ebe26a83-8973-4198-9fbf-3480814b96b5	Ian the Page	monty-python-ccg/main/MontyPythonCcg-Main-IanThePage.jpg	default	Page	Main	Main	playerNDeck				5	Fixed 1, Common	May carry 1 item.  Discard 1 card each draw phase Ian the Page is in play or he will join your opponent's Round Table.	{Bridge Troll.  Peril.  Combat 7, Wits 1.}	147
207c9804-0992-4398-b722-7c0f40ce58ee	Idiom	monty-python-ccg/main/MontyPythonCcg-Main-Idiom.jpg	default	Event	Main	Main	playerNDeck				4	Uncommon	Prevent opponent from playing a Page from their hand.  Place the Page in the Dead Cart.	"{or: +1 to a Castle Table draw}"	148
8e7b5153-83d3-4c44-a061-3c8b86e51bd4	Impaled	monty-python-ccg/main/MontyPythonCcg-Main-Impaled.jpg	default	Event	Main	Main	playerNDeck				2	Rare	Play prior to Combat.  Draw a Grail Number.  opponent must subtract this Grail Number from their Combat total.	"{or: +3 to a Wits draw}"	149
cf11a120-d0b9-4dae-a5db-ed0ad84e5f88	Impass	monty-python-ccg/main/MontyPythonCcg-Main-Impass.jpg	default	Event	Main	Main	playerNDeck				4	Uncommon	Knights may not enter this area for 1 turn.	"{or: negate the effects of a card that prohibits movement.}"	150
a255c765-5d99-4ee4-ba32-d043b4c39606	Impostor	monty-python-ccg/main/MontyPythonCcg-Main-Impostor.jpg	default	Event	Main	Main	playerNDeck				3	Common	An Adversary Knight turns out to be an impostor.  Place them in the Dead Cart.	"{or: disguise a Page as a Knight for the remainder of the turn.  Sir Page has Combat 1, Wits 0}"	151
bce60f57-dd88-48cd-8b8b-2684691144a0	Imprisoned	monty-python-ccg/main/MontyPythonCcg-Main-Imprisoned.jpg	default	Event, Permanent Event	Main	Main	playerNDeck				1	Uncommon	Imprisoned may only be played on a Knight in a Castle.  Target Knight may not leave the Castle.	"{or: +1 to a Combat draw}"	152
7afc9378-bb9d-4b96-9e34-c0271ea0a23a	Inferior	monty-python-ccg/main/MontyPythonCcg-Main-Inferior.jpg	default	Event, Permanent Event	Main	Main	playerNDeck				2	Uncommon	Knight is Permanently demoted to a Page.  Inferior may not be played on Arthur.	"{or: +2 to a Wits draw}"	153
5cf58525-9b89-401e-abe0-06bb105c9d07	Inferiority	monty-python-ccg/main/MontyPythonCcg-Main-Inferiority.jpg	default	Taunt	Main	Main	playerNDeck				1	Uncommon	During this combat, opponent's weakest Knight must be chosen as Lead Knight.	"{or: "a taunt can be an effective weapon."  +4 to a Combat draw}"	154
0fcb9fe7-856a-4e34-9a14-10e943b328a0	Infighting	monty-python-ccg/main/MontyPythonCcg-Main-Infighting.jpg	default	Event	Main	Main	playerNDeck				1	Rare	Two Knights in opponent's Round Table must immediately fight to the death.  Opponent chooses the Knights and draw Grail Numbers for each Knight.  Immediately redraw ties.  Discard the Grail Draws.	"{or: -1 on a draw made to find the Holy Grail}"	155
8bab0ef6-ac7d-422e-a3c9-7a0dcfa05666	Injustice	monty-python-ccg/main/MontyPythonCcg-Main-Injustice.jpg	default	Event	Main	Main	playerNDeck				1	Rare	Opponent must redraw their Grail Number.	"{or: Peek at the top 3 cards from your deck then place them back in any order}"	156
f847a33e-c0d6-4b27-bd99-e9cb7ff7e1f0	Intermission	monty-python-ccg/main/MontyPythonCcg-Main-Intermission.jpg	default	Event	Main	Main	playerNDeck				5	Rare	Opponent must take a break from the game and allow you to take your turn unhindered by any cards.  Opponent still makes Grail Number draws as required.	"{or: draw 1 extra card}"	157
eec63ba9-d506-45f0-824c-27b83ed0ece8	Interspace Toothbrush	monty-python-ccg/main/MontyPythonCcg-Main-InterspaceToothbrush.jpg	default	Item	Main	Main	playerNDeck				6	TYAST Deck D	Place Interspace Toothbrush in the Dead Cart to Slay a Moose.	"{or: +3 to a Combat draw against a Peril}"	380
8acbf441-8207-41e8-930a-2ab461a60af5	Jimmy the Page	monty-python-ccg/main/MontyPythonCcg-Main-JimmyThePage.jpg	default	Page	Main	Main	playerNDeck				4	Rare	May carry 1 item. One time only, player may draw an extra card.	"{Werewolf.  Peril.  Combat 6.}"	159
f9b98146-430e-4fc0-8ba8-bfde653088fa	Join My Court	monty-python-ccg/main/MontyPythonCcg-Main-JoinMyCourt.jpg	default	Event	Main	Main	playerNDeck				6	TYAST Deck D	+3 to a Round Table draw.	"{or: +1 to a Combat draw}"	381
269f5281-15a4-4ec5-aa9c-2ee166939216	Killer Rabbit	monty-python-ccg/main/MontyPythonCcg-Main-KillerRabbit.jpg	default	Adversary	Main	Main	playerNDeck	Peril			0	Rare	Special Combat:  Place a Knight in the Dead Cart prior to initial combat.  For every Knight in a player's Round Table, deal one Grail Number (these count as Combat draws).  If the Combat Value of a Knight is equaled or exceeded, he is slain.  Surviving Knights may advance past the Rabbit with other Pages and Personae.	"{or: +1 to a Combat draw}"	161
bd872531-2267-4c19-a5fc-76e6408b800d	King of Swamp Castle	monty-python-ccg/main/MontyPythonCcg-Main-KingOfSwampCastle.jpg	default	Persona	Main	Main	playerNDeck	Swamp-Castle, Wedding		2	6	TYAST Deck A	You may discard 3 cards to avoid singing.	"{or:  Sir Lancelot may not be Opponent's Lead Knight for 1 turn.}"	382
5a388ecb-e323-4505-ac8c-bd063fe63d3d	Kingdom of Benwick	monty-python-ccg/main/MontyPythonCcg-Main-KingdomOfBenwick.jpg	default	Land	Main	Main	playerNDeck				6	Uncommon	+1 Combat for occupant.  Draw 1 extra card during draw phase.	"{or: -3 to a Wits draw against an Adversary}"	29
5fabd20c-a077-4902-acf1-ffd26750f467	Kingdom of Rheged	monty-python-ccg/main/MontyPythonCcg-Main-KingdomOfRheged.jpg	default	Land	Main	Main	playerNDeck				6	Common	+3 Combat for occupant.  Draw 1 extra card during draw phase.	"{or: -1 to a Combat draw against a Knight}"	248
7ee5978d-33b6-4883-adb3-41be000f11a1	Kingdom of Rheged	monty-python-ccg/main/MontyPythonCcg-Main-KingdomOfRheged-2.jpg	default	Land	Main	Main	playerNDeck				6	TYAST Deck D	+3 Combat for occupant.  Draw 1 extra card during draw phase.	"{or: -1 to a Combat draw against a Knight}"	248
cae0ac00-a6f9-4271-aaad-52b760f607c8	Kingdom of Strangore	monty-python-ccg/main/MontyPythonCcg-Main-KingdomOfStrangore.jpg	default	Land	Main	Main	playerNDeck				6	Rare	+2 to Combat for occupant.  Draw 1 extra card during draw phase.	"{or: -2 to a Round Table draw}"	277
1525f802-19c2-434e-9a76-2a8b650d8f34	Kingdoms of Kalamar	monty-python-ccg/main/MontyPythonCcg-Main-KingdomsOfKalamar.jpg	default	Ad	Main	Main	playerNDeck				7	Fixed 1			0
6e4e132c-088b-4bbe-b068-96d1236459d6	Knighting	monty-python-ccg/main/MontyPythonCcg-Main-Knighting.jpg	default	Event, Permanent Event	Main	Main	playerNDeck				4	TYAST Deck B	Grant Knighthood to any Persona.  If the Persona previously had no Combat value, the new Knight will have a Combat of 1.  The new Knight may not invite others to join the Round Table.	"{or: -2 to a Round Table draw}"	383
90c9bff7-8a52-47fc-8e6d-8eff65db977d	Knights of the Round Table Song, Verse I	monty-python-ccg/main/MontyPythonCcg-Main-KnightsOfTheRoundTableSongVerseI.jpg	default	Song	Main	Main	playerNDeck				6	Fixed 2, Common	Effect: Opponent loses a turn.		162
44f2624f-1a02-4968-a8f2-09819657c7fa	Knights of the Round Table Song, Verse II	monty-python-ccg/main/MontyPythonCcg-Main-KnightsOfTheRoundTableSongVerseII.jpg	default	Song	Main	Main	playerNDeck				6	Uncommon	Effect: Opponent may not draw cards during their next draw phase.		163a
0423c0d2-c6c3-4595-9564-dbdc520de66d	Knights of the Round Table Song, Verse II	monty-python-ccg/main/MontyPythonCcg-Main-KnightsOfTheRoundTableSongVerseII-2.jpg	default	Song	Main	Main	playerNDeck				6	TYAST Deck C	Effect: Opponent may not draw cards during their next draw phase.		163b
48c9c723-dcb5-4898-a1a5-94d32ec91bfe	Knights of the Round Table Song, Verse III	monty-python-ccg/main/MontyPythonCcg-Main-KnightsOfTheRoundTableSongVerseIII.jpg	default	Song	Main	Main	playerNDeck				6	Common	Effect: You may invite one of opponent's Knights to join your Round Table.		164a
da105beb-d7f9-4e87-b150-c929eb81fc1f	Knights of the Round Table Song, Verse III	monty-python-ccg/main/MontyPythonCcg-Main-KnightsOfTheRoundTableSongVerseIII-2.jpg	default	Song	Main	Main	playerNDeck				6	TYAST Deck B	Effect: You may invite one of opponent's Knights to join your Round Table.		164b
1e6a109c-78a4-4032-abed-db1729964b5e	Knights Who Say Ni	monty-python-ccg/main/MontyPythonCcg-Main-KnightsWhoSayNi.jpg	default	Adversary	Main	Main	playerNDeck	Knight	16	14	1	Uncommon	Will not occupy a Castle.	"{or: -1 to a Castle Table draw}"	165
d13727db-2f87-4abd-885c-bff2df6a8605	Knights-Who-'Til-Recently-Said-Ni	monty-python-ccg/main/MontyPythonCcg-Main-KnightsWhoTilRecentlySaidNi.jpg	default	Adversary	Main	Main	playerNDeck	Knight	8	7	2	TYAST Deck A	Will not occupy a Castle.	"{or: +1 to a Combat draw}"	384a
70a7e327-98ee-4bd0-92bd-b6cd4448d16a	Knights-Who-'Til-Recently-Said-Ni	monty-python-ccg/main/MontyPythonCcg-Main-KnightsWhoTilRecentlySaidNi-2.jpg	default	Adversary	Main	Main	playerNDeck	Knight	8	7	2	TYAST Deck C	Will not occupy a Castle.	"{or: +1 to a Combat draw}"	384b
4ba9329c-279f-4251-8bd1-9bd2d9f507e1	Knock It Off	monty-python-ccg/main/MontyPythonCcg-Main-KnockItOff.jpg	default	Event	Main	Main	playerNDeck				4	Uncommon	Prevent opponent from playing an Event card from their hand.  Place the Event in the Dead Cart.	"{or: +1 to a Combat draw}"	166
490c63d6-ad87-41bd-a472-91f19f84b554	La Vache	monty-python-ccg/main/MontyPythonCcg-Main-LaVache.jpg	default	Event	Main	Main	playerNDeck				2	Rare	Double a Grail Number drawn for Combat.  La Vache must be played before the Grail Number is drawn.	"{or: -2 to a Castle Table draw}"	167
2b22207c-5d10-443c-b40e-d7a0fb1c25cf	Lady of the Lake	monty-python-ccg/main/MontyPythonCcg-Main-LadyOfTheLake.jpg	default	Event	Main	Main	playerNDeck				5	Uncommon	Search your deck for Excalibur and reshuffle.  Lose 2 turns if Dennis is in play or if Dennis is in play by the end of the turn.	"{or: +1 to a Combat draw}"	168
323122a6-dba0-44f2-8f52-0cb9a72370b4	Lady Sara Felton	monty-python-ccg/main/MontyPythonCcg-Main-LadySaraFelton.jpg	default	Knight	Main	Main	playerNDeck		2	4	4	Promo	If Lady Sara encounters an Adversary with a Wits value, she may not attempt to Combat that Adversary.		477
984b5a94-fbe5-4659-b388-4995f034e3e8	Land of Camelot	monty-python-ccg/main/MontyPythonCcg-Main-LandOfCamelot.jpg	default	Land	Main	Main	playerNDeck				6	Fixed 2, Common	+2 to Combat for Adversaries.  Draw 1 extra card during draw phase.	"{or: +1 to a Wits draw}"	56
f9d2f1b0-7737-476b-8185-b3014a442d4d	Land of Cornwall	monty-python-ccg/main/MontyPythonCcg-Main-LandOfCornwall.jpg	default	Land	Main	Main	playerNDeck				6	Common	+1 Combat for Occupant.  Draw 1 extra card during draw phase.	"{or: -1 to any Grail Number draw}"	71a
88b35b5f-bd4f-448f-8ce6-eb8ac037ceef	Land of Cornwall	monty-python-ccg/main/MontyPythonCcg-Main-LandOfCornwall-2.jpg	default	Land	Main	Main	playerNDeck				6	TYAST Deck B	+1 Combat for Occupant.  Draw 1 extra card during draw phase.	"{or: -1 to any Grail Number draw}"	71b
204827e3-e4d3-4f76-9435-f5ab9b3b9d56	Land of Generic	monty-python-ccg/main/MontyPythonCcg-Main-LandOfGeneric.jpg	default	Land	Main	Main	playerNDeck				4	Uncommon	Draw a Grail Number and add that to the Combat value of any Adversaries inhabiting this land.  Draw half that number (round down) of extra cards during the draw phase.	"{or: -1 to a Combat draw against a Knight}"	119a
60d6af06-2ae5-4eaf-83e9-c6e42f7f5fd8	Land of Generic	monty-python-ccg/main/MontyPythonCcg-Main-LandOfGeneric-2.jpg	default	Land	Main	Main	playerNDeck				4	TYAST Deck A, TYAST Deck B, TYAST Deck C, TYAST Deck D	Draw a Grail Number and add that to the Combat value of any Adversaries inhabiting this land.  Draw half that number (round down) of extra cards during the draw phase.	"{or: -1 to a Combat draw against a Knight}"	119b
94112f6d-ffd6-422f-b23a-b08b667978fa	Land of Gore	monty-python-ccg/main/MontyPythonCcg-Main-LandOfGore.jpg	default	Land	Main	Main	playerNDeck				6	Uncommon	+1 Combat for Adversaries.  Draw 1 extra card during draw phase.	"{or: -3 to a Combat draw against a Knight}"	127
144dd6ba-5677-4247-ac51-fc300392679c	Land of Listenoise	monty-python-ccg/main/MontyPythonCcg-Main-LandOfListenoise.jpg	default	Land	Main	Main	playerNDeck				6	Rare	+1 Combat for occupant.  Draw 1 extra card during draw phase.	"{or: -3 to a Wits draw against a Knight}"	176
4100b840-1fa1-471a-bac6-6fe1e947f21d	Land of Logres	monty-python-ccg/main/MontyPythonCcg-Main-LandOfLogres.jpg	default	Land	Main	Main	playerNDeck				6	Common	+2 Combat for Adversaries.  Draw 1 extra card during draw phase.	"{or: -2 to a Combat draw against a Knight}"	177a
5bc8084e-d696-4ded-b668-33888a0dc87d	Land of Logres	monty-python-ccg/main/MontyPythonCcg-Main-LandOfLogres-2.jpg	default	Land	Main	Main	playerNDeck				6	TYAST Deck C	+2 Combat for Adversaries.  Draw 1 extra card during draw phase.	"{or: -2 to a Combat draw against a Knight}"	177b
8c7da70f-1add-47e3-97bf-f500dadd741e	Land of Lothian	monty-python-ccg/main/MontyPythonCcg-Main-LandOfLothian.jpg	default	Land	Main	Main	playerNDeck				6	Rare	+3 Combat for occupant.  Draw 1 extra card during draw phase.	"{or: -1 to a Wits draw against an Adversary}"	178
9b6767e3-6006-43a1-ac23-bc6e7060a0e2	Land of Wessex	monty-python-ccg/main/MontyPythonCcg-Main-LandOfWessex.jpg	default	Land	Main	Main	playerNDeck				6	Uncommon	+3 Combat for occupant.  Draw 1 extra card during draw phase.	"{or: -1 to a Combat draw against a Knight}"	298
1e5b657c-0e2d-4df2-a789-4aed916714fb	Last Chance	monty-python-ccg/main/MontyPythonCcg-Main-LastChance.jpg	default	Event	Main	Main	playerNDeck				3	Rare	Your Round Table may go directly to Avalon for 1 turn but then must go immediately to the Round Table Area.  May only be played when Opponent is in Avalon.	"{or: prevent an effect that allows opponent to look at Face-down or in-hand cards}"	170
c28a64f0-6d04-4af1-ab04-540558b92b52	Left Behind	monty-python-ccg/main/MontyPythonCcg-Main-LeftBehind.jpg	default	Event	Main	Main	playerNDeck				2	Rare	Sacrifice a Persona to bypass an Adversary.  The Adversary remains.	"{or: no player may modify draws made to find the Holy Grail for 1 turn}"	171
49eec5dd-2987-4a53-b089-aba8712b2c5e	Legendary Black Beast of Arrrghhh!	monty-python-ccg/main/MontyPythonCcg-Main-LegendaryBlackBeastOfArrrghhh.jpg	default	Adversary	Main	Main	playerNDeck	Animated, Peril	18		0	Uncommon	Place any member of your Round Table in the Dead Cart upon encountering the Legendary Black Beast of Arrrghhh!	"{or: +1 to a Combat draw}"	172
9e2f89cd-0f03-45e8-9d1f-883f2ad2b473	Let's Be Nice to Him	monty-python-ccg/main/MontyPythonCcg-Main-LetsBeNiceToHim.jpg	default	Event	Main	Main	playerNDeck				2	Rare	This turn, bypass an Adversary or the Three-Headed Knight without Dispute.	"{or: -1 to a Wits draw}"	173
e09f6a48-a632-4570-9cba-484aa2f08abc	Lie	monty-python-ccg/main/MontyPythonCcg-Main-Lie.jpg	default	Event, Permanent Event	Main	Main	playerNDeck				2	Rare	Place this card on any area of opponent's England.  For the next 2 turns, opponent's Round Table must attempt to move to this area by the shortest, most direct route.  Place Lie in the Dead Cart after 2 turns or if any Knight of the Round Table reaches it.	"{or: -2 to a Wits draw}"	174
86632b07-2d4f-4da2-87d3-d6ab16415229	Lightning the Lost Page of Sir Lancelot	monty-python-ccg/main/MontyPythonCcg-Main-LightningTheLostPageOfSirLancelot.jpg	default	Page	Main	Main	playerNDeck				5	TYAST Deck A, TYAST Deck C, TYAST Deck D	May carry 1 item.  May not be placed in play if Concorde is in play.	"{Evil Spirit.  Peril.  Combat 6.}"	386a
aad87dc6-ab99-4c45-85c1-d0175a5c074f	Lightning the Lost Page of Sir Lancelot	monty-python-ccg/main/MontyPythonCcg-Main-LightningTheLostPageOfSirLancelot-2.jpg	default	Page	Main	Main	playerNDeck				5	TYAST Deck B	May carry 1 item.  May not be placed in play if Concorde is in play.	"{Evil Spirit.  Peril.  Combat 6.}"	386b
effb4622-c0cf-4e48-824d-bd1482dbf4c8	Lucky John the Page	monty-python-ccg/main/MontyPythonCcg-Main-LuckyJohnThePage.jpg	default	Page	Main	Main	playerNDeck				5	TYAST Deck A, TYAST Deck C, TYAST Deck D	May carry 1 item.  Lucky John may dramatically escape death once.	"{Giant Serpent.  Peril.  Combat 7.}"	388a
4a95fec0-8e16-419b-9cf7-ce8bf68dd5b1	Lucky John the Page	monty-python-ccg/main/MontyPythonCcg-Main-LuckyJohnThePage-2.jpg	default	Page	Main	Main	playerNDeck				5	TYAST Deck B	May carry 1 item.  Lucky John may dramatically escape death once.	"{Giant Serpent.  Peril.  Combat 7.}"	388b
535e1c2d-7f85-4938-8600-0cda956f26be	Lucky Shot	monty-python-ccg/main/MontyPythonCcg-Main-LuckyShot.jpg	default	Event	Main	Main	playerNDeck				0	Uncommon	+10 to a Combat draw.	"{or: +1 to a Round Table draw}"	179
6c661abf-a644-4b49-b6ba-24f2129f6ee4	Mace	monty-python-ccg/main/MontyPythonCcg-Main-Mace.jpg	default	Item	Main	Main	playerNDeck				2	TYAST Deck D	Permanent +1 to Combat for bearer.	"{or: +1 to a Village Event draw}"	389
084c23d4-4b90-4df9-a587-c80ea42763ec	Mack the Page	monty-python-ccg/main/MontyPythonCcg-Main-MackThePage.jpg	default	Page	Main	Main	playerNDeck				2	Rare	May carry 1 item.	"{Saxons.  Adversary.  Combat 4, Wits 4.  Will not occupy a Castle.}"	180
6f7c51ac-b357-4932-ac01-9aff7ca37076	Maggy the Page	monty-python-ccg/main/MontyPythonCcg-Main-MaggyThePage.jpg	default	Page	Main	Main	playerNDeck				2	Fixed 2, Common	May carry 1 item.  May serve 2 knights but only if there is 1 or fewer other pages in play.	"{Brigands.  Adversary.  Combat 4.  Will not occupy a Castle.}"	181
89385cbf-0250-4dc7-9b84-a0c9970fbab6	Major Taunt [Don't Want]	monty-python-ccg/main/MontyPythonCcg-Main-MajorTauntDontWant.jpg	default	Taunt	Main	Main	playerNDeck				2	TYAST Deck A	For the duration of the game, opponent must discard down to 5 cards during the Balance Hand phase.	"{or: draw 2 cards and play them immediately or discard them.}"	391
663ab5f0-7d3f-468e-bd74-b0a960772422	Major Taunt [How You]	monty-python-ccg/main/MontyPythonCcg-Main-MajorTauntHowYou.jpg	default	Taunt	Main	Main	playerNDeck				2	Rare	Opponent must send 10 cards to the Dead Cart from any combination of hand, deck, or Round Table.	"{or: -3 to a Wits draw}"	185
648da245-35ba-443a-abd1-8a4b13f11b05	Major Taunt [I Wave]	monty-python-ccg/main/MontyPythonCcg-Main-MajorTauntIWave.jpg	default	Taunt	Main	Main	playerNDeck				0	Rare	If an opponent has found the Holy Grail, the taunter may choose a Champion to combat opponent's Champion and take the Grail if he wins.  This may only be played if both players' Round Tables are in Avalon.	"{or: -2 to a Combat draw}"	183
d162e5e6-d405-4a2a-9129-b5206671efdd	Major Taunt [No Chance]	monty-python-ccg/main/MontyPythonCcg-Main-MajorTauntNoChance.jpg	default	Taunt	Main	Main	playerNDeck				0	TYAST Deck B	Opponent may no longer draw cards in the Balance Hand phase this turn.	"{or: +2 to a Combat draw}"	390
436623cf-5357-43d5-9f7d-346a4f389308	Major Taunt [Remain Gone]	monty-python-ccg/main/MontyPythonCcg-Main-MajorTauntRemainGone.jpg	default	Taunt	Main	Main	playerNDeck				1	Rare	Taunter may place their Arthur in the Dead Cart to send opponent's Round Table back to opponent's Round Table Area.	"{or: negate the effect of a card that forces movement}"	186
2207853e-16bc-4dd1-b6b9-77c29c092815	Major Taunt [You Don't]	monty-python-ccg/main/MontyPythonCcg-Main-MajorTauntYouDont.jpg	default	Taunt	Main	Main	playerNDeck				2	Rare	Opponent must discard entire hand.	"{or: opponent may not draw cards for 1 turn.}"	184
b19b0646-ddaa-451c-80de-a33fca93b3a1	Mallet to the Head	monty-python-ccg/main/MontyPythonCcg-Main-MalletToTheHead.jpg	default	Event	Main	Main	playerNDeck				2	TYAST Deck C	+7 to a Combat draw.	"{or: -1 to a Wits draw}"	392
d1c86c70-ad27-419a-960a-4f024e122fdf	Marriage	monty-python-ccg/main/MontyPythonCcg-Main-Marriage.jpg	default	Event, Permanent Event	Main	Main	playerNDeck				6	TYAST Deck C	Lower Sir Lancelot's Combat value to 3.	"{or: Search your deck for 1 Swamp Castle Persona and reshuffle}"	393
5f0569ef-8b01-415c-a040-cf690c7f0e8d	Mayhem	monty-python-ccg/main/MontyPythonCcg-Main-Mayhem.jpg	default	Event	Main	Main	playerNDeck				2	TYAST Deck D	Take the top 3 cards of opponent's deck and play them against them immediately.  Place any unused cards in the Dead Cart.	"{or: +2 to a Combat draw}"	394
9f0ef6ef-035e-480f-bdee-579b512d810e	Men of Valor	monty-python-ccg/main/MontyPythonCcg-Main-MenOfValor.jpg	default	Event, Permanent Event	Main	Main	playerNDeck				2	TYAST Deck B	Play Men of Valor in your Round Table area.  If your Round Table slays 2 Adversaries in the next 2 turns, each Knight gains a Permanent +1 to their Combat total.  Otherwise, discard Men of Valor and each Knight gets a Permanent -1 to their Combat.	"{or: +1 to a Combat draw}"	395
1a5acb61-33d6-4551-b4aa-04daae928bef	Message	monty-python-ccg/main/MontyPythonCcg-Main-Message.jpg	default	Event	Main	Main	playerNDeck				5	Common	Place a Page in the Dead Cart to look at opponent's hand.  Then draw a Grail Number.  On a 4, 5, or 6 return the Page to play.	"{or: "I think I could pull through sir."  +1 to a Combat draw}"	189
23e23fb1-068b-4708-9a95-33c3fb09df3a	Midget	monty-python-ccg/main/MontyPythonCcg-Main-Midget.jpg	default	Adversary	Main	Main	playerNDeck	Anthrax		2	5	TYAST Deck C	A Knight defeated by Zoot in a Village or Castle may not leave that Village or Castle until Zoot is defeated by another Knight.  May be played with other Anthrax characters.	"{or: -2 to a Castle Table draw}"	396
22866c27-25e5-4e1d-a878-5e16b97b216c	Mightiest Tree in the Forest	monty-python-ccg/main/MontyPythonCcg-Main-MightiestTreeInTheForest.jpg	default	Land	Main	Main	playerNDeck				1	TYAST Deck A,TYAST Deck B	This land may not be passed, but it may be entered.  If The Mightiest Tree in the Forest is already in play, discard this card from play instead. (in the original game, all cards were "legendary" and stopped new copies from entering play; in the new rules this was scrapped but should exist for this card)	"{or: +2 to a Combat draw}"	397
8a7848a3-0f74-47e6-a43e-f04045b8cf0a	Migration	monty-python-ccg/main/MontyPythonCcg-Main-Migration.jpg	default	Event	Main	Main	playerNDeck				1	TYAST Deck C	Draw a Grail Number and place into the Dead Cart all members of opponent's Round Table who have the same Grail Number on their card as the one you drew (they have migrated away).	"{or: +2 to a Castle Table draw}"	398
a70d66e1-6f67-4ffe-9468-f966828fb178	Model	monty-python-ccg/main/MontyPythonCcg-Main-Model.jpg	default	Event	Main	Main	playerNDeck				1	Uncommon	Remove any Village, Castle, or Item from play.	"{or: -1 to a Wits draw}"	191
10726e93-8ec9-4983-a8eb-65cc75872ca6	Moistened Bint	monty-python-ccg/main/MontyPythonCcg-Main-MoistenedBint.jpg	default	Adversary	Main	Main	playerNDeck			5	5	TYAST Deck A	Will not occupy a Castle.  A Knight outwitted by the Moistened Bint is put away (reshuffled into the deck).	"{or: -1 to a Wits draw}"	399
d2aeaaaa-956f-4272-ba5f-b84c63c3f815	Monks	monty-python-ccg/main/MontyPythonCcg-Main-Monks.jpg	default	Adversary	Main	Main	playerNDeck		4		4	Rare	Will not occupy a Castle.	"{or: +1 to a Castle Table draw}"	192
4de14955-5206-4a44-9eee-a17f2a0d3fe5	Monks	monty-python-ccg/main/MontyPythonCcg-Main-Monks-2.jpg	default	Event	Main	Main	playerNDeck				5	Uncommon	Search your deck for Brother Maynard, Brother Maynard's Roommate, or The Book of Armaments and reshuffle.	"{or: +1 to a Combat draw}"	193
483f33b1-0609-47be-b97f-a919f9a62d53	Moose Bite	monty-python-ccg/main/MontyPythonCcg-Main-MooseBite.jpg	default	Event	Main	Main	playerNDeck				5	TYAST Deck D	Take two cards from opponent's hand and place them in your's.  Return them at the end of the game.	"{or: negate a card played that forces you to discard}	401
b5507fc2-eca7-4aef-8605-cd0a48d050c3	More Than Reasonable	monty-python-ccg/main/MontyPythonCcg-Main-MoreThanReasonable.jpg	default	Event	Main	Main	playerNDeck				0	TYAST Deck C	If your opponent fails their next search to find the Holy Grail, send his Round Table back to his Round Table Area.	"{or: +1 on a draw made to find the Holy Grail}"	402
0fc2efef-35bc-4c0f-a817-358d5a47d161	Morgan le Fay	monty-python-ccg/main/MontyPythonCcg-Main-MorganLeFay.jpg	default	Adversary	Main	Main	playerNDeck		5	5	2	Rare	Will not occupy a Castle.  Opponent of player encountering this Adversary chooses who encountering player's Lead Knight will be.	"{or: +1 to a Combat draw}"	194
f294bf5f-ff56-47fb-bfe4-4e26d40d764d	Mr. Newt The Blacksmith	monty-python-ccg/main/MontyPythonCcg-Main-MrNewtTheBlacksmith.jpg	default	Persona	Main	Main	playerNDeck		2	1	3	TYAST Deck B	If Mr. Newt joins your Round Table, your opponent must immediately Eliminate any Witch cards in his hand and/or deck.	"{or: +2 to a Combat draw}"	403
3ca5231e-33e3-49ac-b665-c804fa256ebd	Much Rejoicing	monty-python-ccg/main/MontyPythonCcg-Main-MuchRejoicing.jpg	default	Event	Main	Main	playerNDeck				5	Common	Eliminate any Minstrel or Song card.	"{or: take one card from opponent and immediately play it or discard it}"	195
29a81a04-b684-41e7-a594-ebe590cf3ade	Mud	monty-python-ccg/main/MontyPythonCcg-Main-Mud.jpg	default	Item	Main	Main	playerNDeck				5	TYAST Deck C	Place Mud in the Dead Cart to bypass Dennis or Dennis' Mother.	"{or: +1 to a Combat draw}"	404
813f55c8-78ad-4a36-af0f-d1d0dc1a38c4	Nasty Ways	monty-python-ccg/main/MontyPythonCcg-Main-NastyWays.jpg	default	Event	Main	Main	playerNDeck				1	Uncommon	Target Knight is Slain if Three-Headed Knight is in play.	"{or: save a Knight from death}"	198
1cd9dd17-44f5-4ea2-b838-4e56f71a6014	Nathan the Page	monty-python-ccg/main/MontyPythonCcg-Main-NathanThePage.jpg	default	Page	Main	Main	playerNDeck				3	Common	May carry 1 item.	"{Vikings.  Adversary.  Combat 5.  Will not occupy a Castle.}"	199
ae822efb-fd40-42b7-b5f4-cb50a34ee3f8	Newt Forager	monty-python-ccg/main/MontyPythonCcg-Main-NewtForager.jpg	default	Adversary	Main	Main	playerNDeck		0	2	6	Promo	Newt automatically steals one item from any Round Table he encounters.	"{or: immediately draw 3 cards}"	483
afd12387-a481-4228-bc3b-37a7bb74731a	Nigel the Page	monty-python-ccg/main/MontyPythonCcg-Main-NigelThePage.jpg	default	Page	Main	Main	playerNDeck				5	Fixed 2	May carry 1 item.  Nigel the Page is a bit confused and will wander off after 3 turns (place in the dead cart).	"{Wild Boar.  Peril.  Combat 3.}"	202a
d547657f-b8b7-41d4-957a-25e530f92be3	Nigel the Page	monty-python-ccg/main/MontyPythonCcg-Main-NigelThePage-2.jpg	default	Page	Main	Main	playerNDeck				5	Common	May carry 1 item.  Nigel the Page is a bit confused and will wander off after 3 turns (place in the dead cart).	"{Wild Boar.  Peril.  Combat 3.}"	202b
a931ddc4-b2f4-4e56-86a1-9f396438c0d5	No Chance	monty-python-ccg/main/MontyPythonCcg-Main-NoChance.jpg	default	Taunt	Main	Main	playerNDeck				1	TYAST Deck B	Target automatically loses a Combat or Wits draw.	"{or: move an Adversary Knight in England 1 space}"	405
09264f9e-cb69-4017-8543-1bb56c1687a5	No Class	monty-python-ccg/main/MontyPythonCcg-Main-NoClass.jpg	default	Event	Main	Main	playerNDeck				2	TYAST Deck A	Demote a Knight to a Page for a Grail Number draw of turns.	"{or: Place an opponent's Page in the Dead Cart}"	406
116586ac-310c-4c44-890a-19c8ed41b25a	No More	monty-python-ccg/main/MontyPythonCcg-Main-NoMore.jpg	default	Taunt	Main	Main	playerNDeck				4	TYAST Deck A	Target Knight may not have Wits with an Adversary, Knight, or Persona.	"{or: +1 to a Combat draw}"	407
d5ca2458-fb46-495a-a61a-cfe5b8af1b4e	No Problems	monty-python-ccg/main/MontyPythonCcg-Main-NoProblems.jpg	default	Event	Main	Main	playerNDeck				0	TYAST Deck C	Move any Adversary encountered in England to your hand.	"{or: +3 to a Grail Number draw against an Adversary.}"	408
51f83dbf-cc9b-46e7-a60d-f9c7d4fe4f3b	Nobility	monty-python-ccg/main/MontyPythonCcg-Main-Nobility.jpg	default	Event	Main	Main	playerNDeck				5	TYAST Deck C	During a Grail Number draw, draw two Grail numbers and take the best one.	"{or: Negate the effects of Get Slop Poured On You}"	409
315a9dcd-7ecf-4045-acaf-a51e2f9b444c	Nonmigratory	monty-python-ccg/main/MontyPythonCcg-Main-Nonmigratory.jpg	default	Event	Main	Main	playerNDeck				5	TYAST Deck A	Place any African Swallows currently in play in the Dead Cart.	"{or: Prevent opponent from playing a Face-down card.  Place the card in the Dead Cart.}"	410
982e7fe4-8dab-4aab-b090-14379632af16	Northumbria	monty-python-ccg/main/MontyPythonCcg-Main-Northumbria.jpg	default	Land	Main	Main	playerNDeck				6	Uncommon	+1 Combat for occupant.  Draw 1 extra card during draw phase.	"{or: -3 to a Wits draw}"	203
ae1b010b-38d7-43c8-a238-b73e4ca3e788	Not Quite So Brave	monty-python-ccg/main/MontyPythonCcg-Main-NotQuiteSoBrave.jpg	default	Event, Permanent Event	Main	Main	playerNDeck				3	TYAST Deck B	May be played on any Knight.  Knight may not fight alone or as an Adversary (Knight runs away).  If a Combat Grail draw indicates the Knight is Slain, negate the result and the Knight runs away instead.	"{or: players may not play positive modifier cards this turn.}"	411
c98176da-afe8-454c-8b7e-ea76b7076737	Not-so-Legendary Black Beast	monty-python-ccg/main/MontyPythonCcg-Main-NotSoLegendaryBlackBeast.jpg	default	Adversary	Main	Main	playerNDeck	Animated, Peril	3		6	Rare		"{or: +1 to a Combat draw}"	204
068d6459-443e-423f-a3e0-51c88e2b5da2	Nothing	monty-python-ccg/main/MontyPythonCcg-Main-Nothing.jpg	default	Event	Main	Main	playerNDeck				6	Rare	Prevent opponent from playing a Land from their hand.  Place the land in the Dead Cart.	"{or: -1 to a Combat draw}"	205
9756f1d7-99cd-4046-a94c-b20491f1cd93	Notlob	monty-python-ccg/main/MontyPythonCcg-Main-Notlob.jpg	default	Village	Main	Main	playerNDeck				5	TYAST Deck A	+2 Wits for non-Knight occupants.  Draw 1 extra card during draw phase.  A Knight(s) attempting to enter this village is subject to a random event determined by a Grail Number draw.  1 or less: Search your deck for a Knight.  2:  Search your deck for a Page.  3: Reverse Combat and Wits value of a Knight Permanently.  4: -1 on draws made to find the Holy Grail Permanently. 5: +1 on draws made to find the Holy Grail Permanently. 6+: Move lower in England one space next turn.	"{or: +2 to a Castle Table draw}"	413
5f98e5c0-fed0-470d-9acc-0d9e98df3e1b	Nursery	monty-python-ccg/main/MontyPythonCcg-Main-Nursery.jpg	default	Land	Main	Main	playerNDeck				6	TYAST Deck B, TYAST Deck C	+2 Wits for occupant.  Draw 1 extra card during draw phase.	"{or: Search your deck for Roger the Shrubber and reshuffle}"	414
a13f4ea3-685c-457a-954d-a1be4ab71006	Obnoxious Minstrel	monty-python-ccg/main/MontyPythonCcg-Main-ObnoxiousMinstrel.jpg	default	Persona	Main	Main	playerNDeck	Minstrel		1	5	Fixed 2, Common	May function as a Page, but Knights will not join your Round Table while Obnoxious Minstrel is used as a Page.  If Obnoxious Minstrel has been in play for more than 1 turn, place him in the Dead Cart to get a +2 to a Combat draw.		206
ccab068e-b206-4f92-acb0-4136ad83d309	Oh Dear	monty-python-ccg/main/MontyPythonCcg-Main-OhDear.jpg	default	Event	Main	Main	playerNDeck				1	TYAST Deck B	Place any Persona in the Dead Cart.	"{or: +1 to a Wits draw}"	415
601a6491-43bb-4c1b-a616-cbe452937e01	Old Crone	monty-python-ccg/main/MontyPythonCcg-Main-OldCrone.jpg	default	Adversary	Main	Main	playerNDeck			4	5	Common	Will not occupy a Castle.  Bedevere may not have Wits with Old Crone.	"{or: "No, we have no shrubberies here."  Place Shrubbery in the Dead Cart.}"	207
3a48a835-2aa0-40af-b8f1-10d7be532b33	Old Man From Scene 24	monty-python-ccg/main/MontyPythonCcg-Main-OldManFromScene24.jpg	default	Persona	Main	Main	playerNDeck			3	4	TYAST Deck C	May discard a card from your deck and peek at a Face-down card every other turn.	"{or: switch 2 Face-down cards in any England.}"	416
8f4adaec-0c09-400e-a95c-39b49029b681	Olfin Bedwere II of Rheged	monty-python-ccg/main/MontyPythonCcg-Main-OlfinBedwereIIOfRheged.jpg	default	Adversary	Main	Main	playerNDeck	Knight	6	5	2	Uncommon		"{or: +1 to a Combat draw}"	208
f58e11d6-3859-47d8-b258-5e2bf06dc0d6	Outrageous Accent	monty-python-ccg/main/MontyPythonCcg-Main-OutrageousAccent.jpg	default	Event	Main	Main	playerNDeck				6	TYAST Deck B	I'm French!  Why do you think I have this outrageous accent, you silly King-ah?  If quote is read in an outrageous French accent, draw a Grail Number.  If the Grail Number is 4 or higher, bypass a French Adversary without Dispute even if they are in a Castle.	"{or: +2 to a Wits draw}"	417
1272bb91-01fc-4871-b7cc-4375fd7c9b24	Outrageous Accent	monty-python-ccg/main/MontyPythonCcg-Main-OutrageousAccent-2.jpg	default	Taunt	Main	Main	playerNDeck				1	Uncommon	May take any face-up French Adversaries in your England and play them immediately (face-up) in your opponent's England.	"{or: -3 to a Wits draw}"	209
bd4c8125-5ceb-46c0-8d00-56006772d763	Packey the Page	monty-python-ccg/main/MontyPythonCcg-Main-PackeyThePage.jpg	default	Page	Main	Main	playerNDeck				2	TYAST Deck B, TYAST Deck C, TYAST Deck D	May carry 3 items.	"{Rabid Hedgehog.  Peril.  Combat 5.}"	418a
8308fc35-e9f9-4963-abbb-9d7e0cbcf680	Packey the Page	monty-python-ccg/main/MontyPythonCcg-Main-PackeyThePage-2.jpg	default	Page	Main	Main	playerNDeck				2	TYAST Deck A	May carry 3 items.	"{Rabid Hedgehog.  Peril.  Combat 5.}"	418b
4bdd08af-7efc-4456-83f2-3000f46bdb57	Passing Ruffians	monty-python-ccg/main/MontyPythonCcg-Main-PassingRuffians.jpg	default	Adversary	Main	Main	playerNDeck		4		4	TYAST Deck D	Will not occupy a Castle.	"{or: +1 to a Castle Table draw}"	419
32db8315-bb63-478b-9a72-dfa28b3fe5c3	Patsy	monty-python-ccg/main/MontyPythonCcg-Main-Patsy.jpg	default	Page	Main	Main	playerNDeck				5	Fixed 1	May carry 1 item.	"{Mordred.  Adversary Knight.  Combat 5, Wits 4.}"	210
5485738d-fdd3-47cb-8f99-9ed22dd97586	Patsy	monty-python-ccg/main/MontyPythonCcg-Main-Patsy-2.jpg	default	Page	Main	Main	playerNDeck				5	Fixed 1	May carry 1 item.	"{Mordred.  Adversary Knight.  Combat 5, Wits 4.}"	211a
3485eac8-14e4-4663-a942-d4fa5c172991	Patsy	monty-python-ccg/main/MontyPythonCcg-Main-Patsy-3.jpg	default	Page	Main	Main	playerNDeck				5	TYAST Deck A	May carry 1 item.	"{Mordred.  Adversary Knight.  Combat 5, Wits 4.}"	211b
363b58b8-baca-4677-a60f-eb7cba46d912	Patsy	monty-python-ccg/main/MontyPythonCcg-Main-Patsy-4.jpg	default	Page	Main	Main	playerNDeck				5	Fixed 1	May carry 1 item.	"{Mordred.  Adversary Knight.  Combat 5, Wits 4.}"	212a
52b2de5d-46a4-49bd-bcac-e167d1b66e7b	Patsy	monty-python-ccg/main/MontyPythonCcg-Main-Patsy-5.jpg	default	Page	Main	Main	playerNDeck				5	TYAST Deck C	May carry 1 item.	"{Mordred.  Adversary Knight.  Combat 5, Wits 4.}"	212b
7e194ead-3d6b-41f6-a145-2110cd2546f3	Patsy	monty-python-ccg/main/MontyPythonCcg-Main-Patsy-6.jpg	default	Page	Main	Main	playerNDeck				5	TYAST Deck D	May carry 1 item.	"{Mordred.  Adversary Knight.  Combat 5, Wits 4.}"	212c
e5b1a869-9480-460a-8ca8-2719e92515d1	Patsy	monty-python-ccg/main/MontyPythonCcg-Main-Patsy-7.jpg	default	Page	Main	Main	playerNDeck				5	Fixed 1	May carry 1 item.	"{Mordred.  Adversary Knight.  Combat 5, Wits 4.}"	213a
fcf43b9d-ad9b-4fda-8e1a-871f9d3e88e4	Patsy	monty-python-ccg/main/MontyPythonCcg-Main-Patsy-8.jpg	default	Page	Main	Main	playerNDeck				5	TYAST Deck B	May carry 1 item.	"{Mordred.  Adversary Knight.  Combat 5, Wits 4.}"	213b
b16aad5c-021c-48a0-9afd-1c33d8a8cb90	Pissing Off Home	monty-python-ccg/main/MontyPythonCcg-Main-PissingOffHome.jpg	default	Taunt	Main	Main	playerNDeck				3	TYAST Deck C	The next time the taunted player's Knights run away, he must place a Knight and a Page in the Dead Cart.	"{or: +1 on a draw made to find the Holy Grail}"	421
b663bf62-f4ba-4c31-8bf6-6b19ebc708fd	Plague	monty-python-ccg/main/MontyPythonCcg-Main-Plague.jpg	default	Event, Permanent Event	Main	Main	playerNDeck				4	Rare	Place Plague in opponent's Round Table area.  During any draw phase that a player has Plague in his Round Table area, his Round Table loses one Knight, Persona, or Page.  At the end of the daw phase, Plague rotates clockwise to the next player's Round Table area.  When any player's last Knight, Persona, or Page dies, place Plague in the Dead Cart.	"{or: search the Dead Cart for any 1 card and shuffle it into your deck.}'	221
ebb8a552-6021-4c75-822e-bf001a1ce0f3	Plague-ridden Village	monty-python-ccg/main/MontyPythonCcg-Main-PlagueRiddenVillage.jpg	default	Village	Main	Main	playerNDeck				1	Fixed 2, Common	+3 Combat for occupants.  Player may draw 2 extra cards during draw phase.  A Knight(s) attempting to enter this village is subject to a random event determined by a Grail Number draw.  1 or less: Search deck for Get Slop Poured On You, then reshuffle.  2: Retrieve Get Slop Poured On You from your Dead Cart.  3-4: Page catches plague and dies in a Grail Draw number of turns. 5: Knight catches plague and dies in a Grail Draw number of turns.  6+: Knight carries plague and spreads it to all others in a Player's Round Table who die in Grail Draw number of turns.  New members are unaffected.	"{or: +1 to a Wits draw}"	222
61513a67-4a12-4fe4-8275-6526f52a9f86	Pointless Land	monty-python-ccg/main/MontyPythonCcg-Main-PointlessLand.jpg	default	Land	Main	Main	playerNDeck				7	TYAST Deck D	[no primary ability when in play]	"{or: remove a land card from play}"	422a
b2c4646e-3222-4b40-a246-42293a8dd314	Pointless Land	monty-python-ccg/main/MontyPythonCcg-Main-PointlessLand-2.jpg	default	Land	Main	Main	playerNDeck				7	TYAST Deck A	[no primary ability when in play]	"{or: remove a land card from play}"	422b
629b3d0b-83ca-4005-85cc-282295c6a4cb	Police	monty-python-ccg/main/MontyPythonCcg-Main-Police.jpg	default	Adversary	Main	Main	playerNDeck			5	2	Uncommon	Will not occupy a Castle.  Player's Lead Knight who loses Wits with Police is arrested and placed in the Dead Cart.  If this happens, the effect of Slaying of the Historian is negated.	"{or: -1 on a draw made to find the Holy Grail}"	224
399b8ec3-0257-41bf-b1bf-0f10681f3cc8	Positive ID	monty-python-ccg/main/MontyPythonCcg-Main-PositiveID.jpg	default	Event	Main	Main	playerNDeck				5	Uncommon	Opponent may not draw cards this turn.	"{or: negate the Combat Assist Bonus this Combat}"	225
87de04b5-54c7-4629-9934-4f4e11641a26	Prince Herbert	monty-python-ccg/main/MontyPythonCcg-Main-PrinceHerbert.jpg	default	Persona	Main	Main	playerNDeck			1	5	Uncommon	May not be killed if Concorde is also in play.  May cause Sir Lancelot to lose 3 turns 1 time only.  After the 3 turns have elapsed, you may search deck for Prince Herbert Song and reshuffle.	"{or: -1 to a Castle Table draw}"	138
c2343b23-e706-4c50-8edd-17a1b5b94c28	Prince Herbert Song	monty-python-ccg/main/MontyPythonCcg-Main-PrinceHerbertSong.jpg	default	Song	Main	Main	playerNDeck				6	Rare	Effect: You may peek at the top 8 cards of opponent's deck and rearrange them in any order you like.		226
322aa370-f4bc-4b6e-b2bb-6951086ab293	Princess Lucky	monty-python-ccg/main/MontyPythonCcg-Main-PrincessLucky.jpg	default	Persona	Main	Main	playerNDeck	Swamp-Castle, Wedding		1	5	TYAST Deck A	Each turn that Princess Lucky is in your Round Table and the King of Swamp Castle is anywhere in play, you may choose a Knight and draw a Grail Number.  If it is greater than the chosen Knight's Wits, discard both the Knight and Princess Lucky.	"{or: -1 to a Combat draw}"	423
89a12e15-1700-4878-8cb1-cf0e51a77da1	Private Parts	monty-python-ccg/main/MontyPythonCcg-Main-PrivateParts.jpg	default	Taunt	Main	Main	playerNDeck				1	Uncommon	Target is forced into Combat and may not Run Away.  May only be played on characters with a Combat Value.	"{or: +2 to a Combat draw}"	227
ca6e6217-3548-4049-9ff8-5bad2b7a0608	Pyrotechnics	monty-python-ccg/main/MontyPythonCcg-Main-Pyrotechnics.jpg	default	Event	Main	Main	playerNDeck				4	TYAST Deck D	Remove any Land card from England or Avalon.  Place the Land in the Dead Cart.	"{or: +2 to a Combat draw}"	424
ad165a03-6822-40a5-a858-997d5b04705f	Questions Three [Beat Its Wings]	monty-python-ccg/main/MontyPythonCcg-Main-QuestionsThreeBeatItsWings.jpg	default	Questions Three	Main	Main	playerNDeck				3	Rare	How many times a second does a swallow need to beat its wings in order to maintain air speed velocity? 43.  Effect: Questioner may assign a permanent -2 to the Wits of any Knight.	"{or: +1 to a Combat draw against a Knight}"	228
b4cc6e8d-8c8a-4f10-ab21-f5f10e16075a	Questions Three [Capital of Assyria]	monty-python-ccg/main/MontyPythonCcg-Main-QuestionsThreeCapitalOfAssyria.jpg	default	Questions Three	Main	Main	playerNDeck				3	Uncommon	What is the capital of Assyria? Ninevah. Effect: Answerer must place a knight in the Dead Cart.	"{or: +1 to a Combat draw against a Knight}"	229
ba9cafc9-61a7-4486-97b9-f56b3bb482dc	Questions Three [Cleese]	monty-python-ccg/main/MontyPythonCcg-Main-QuestionsThreeCleese.jpg	default	Questions Three	Main	Main	playerNDeck				3	Common	Who are 5 characters that John Cleese portrayed? Soldier with keen interest in birds, large man with dead body, Black Knight, Mr. Newt the blacksmith interested in burning witches, a rude Frenchman, Tim, Sir Lancelot.  Effect: Questioner may move a Knight in any England or Avalon up to 2 spaces in any direction.	"{or: +1 to a Combat draw against a Knight}"	230
b5bbfebc-7e83-47c0-82d5-5fa972c68dd2	Questions Three [Color]	monty-python-ccg/main/MontyPythonCcg-Main-QuestionsThreeColor.jpg	default	Questions Three	Main	Main	playerNDeck				3	TYAST Deck B, TYAST Deck D	What is your favorite color? Effect variable depending on color choice.  Red: Questioner may draw 2 cards.  Blue: Answering player may not run away from the next Dispute.  Yellow: Answering player loses a Knight.  Other: Questioner may look at a face-down card in England.	"{or: +1 to a Castle Table draw}"	426
0b8300e0-2d75-45c6-8048-72b84e95221f	Questions Three [Dead Collector]	monty-python-ccg/main/MontyPythonCcg-Main-QuestionsThreeDeadCollector.jpg	default	Questions Three	Main	Main	playerNDeck				3	Rare	Who's house does the dead collector need to go to and how many have they lost today? Robinsons, 9.  Effect: Answerer must discard 8 cards from any combination of cards in hand or the top of their deck.	"{or: -1 to a Village Event draw}"	231
669c61de-ea30-4273-9213-099d5a6b92ba	Questions Three [Dennis]	monty-python-ccg/main/MontyPythonCcg-Main-QuestionsThreeDennis.jpg	default	Questions Three	Main	Main	playerNDeck				3	Rare	How old is Dennis?  37, or "he's not old" is acceptable. Effect: Questioner may move a Persona in England to any other location in England.	"{or: +1 to a Combat draw}"	232
18378e83-bada-42f9-9409-4dc30cb3bff0	Questions Three [Dennis] (TYAST)	monty-python-ccg/main/MontyPythonCcg-Main-QuestionsThreeDennisTYAST.jpg	default	Questions Three	Main	Main	playerNDeck				3	TYAST Deck C, TYAST Deck D	Who was the only female character in Monty Python and the Holy Grail who was played by a male actor? Dennis's Mother.  Effect: Questioner may take any item in play and place it in the Dead Cart.	"{or: +1 to a Wits draw}"	425
13b1a119-794c-4424-8dbf-3b956f1b8f76	Questions Three [Feast]	monty-python-ccg/main/MontyPythonCcg-Main-QuestionsThreeFeast.jpg	default	Questions Three	Main	Main	playerNDeck				3	Uncommon	What were 4 things that people feasted upon in the Book of Armaments? Lambs, sloths, carp anchovies, orangutans, breakfast cereals, fruit bats. Effect: Questioner may revoke their ante [or draw two cards if not playing for ante]	"{or: switch any 2 face-down cards}"	233
5fb0fa40-a534-486f-aa7e-76a789fb6a76	Questions Three [Fire Tricks]	monty-python-ccg/main/MontyPythonCcg-Main-QuestionsThreeFireTricks.jpg	default	Questions Three	Main	Main	playerNDeck				3	Rare	How many fire tricks does Tim the Enchanter perform? 17.  Effect: Questioner may Eliminate any card in play.	"{or: +1 to a Combat draw}"	234
ef78c30c-c4e3-40da-b0a7-a68fc630ca0b	Questions Three [First Knight]	monty-python-ccg/main/MontyPythonCcg-Main-QuestionsThreeFirstKnight.jpg	default	Questions Three	Main	Main	playerNDeck				3	Rare	Who was the first Knight to join Arthur's Round Table? Sir Bedevere. Effect: Questioner may look at opponent's hand and choose to discard any card.	"{or: +1 to a Combat draw}"	235
daa2a869-71ed-43a6-871b-7371ce02364e	Questions Three [Floats]	monty-python-ccg/main/MontyPythonCcg-Main-QuestionsThreeFloats.jpg	default	Questions Three	Main	Main	playerNDeck				3	Uncommon	What are 5 things that float on water according to the witch-burning villagers? Bread, apples, gravy, lead, churches, very small rocks, cherries, cider, mud.  Effect: Answerer may not move for one turn.	"{or: +1 on a draw made to find the Holy Grail}"	236
86a6ec4d-f9cf-4d3a-87ef-d68a68360fc0	Questions Three [Gilliam]	monty-python-ccg/main/MontyPythonCcg-Main-QuestionsThreeGilliam.jpg	default	Questions Three	Main	Main	playerNDeck				3	Common	What are 4 characters that Terry Gilliam portrayed? Patsy, Green Knight, Soothsayer, Bridgekeeper, Sir Gawain, the Animator.  Effect: Questioner may steal one of Answerer's pages.	"{or: +1 to a Combat draw}"	237
7b6b68c2-f19c-4dc8-ade1-5ff62606a4ad	Questions Three [Idle]	monty-python-ccg/main/MontyPythonCcg-Main-QuestionsThreeIdle.jpg	default	Questions Three	Main	Main	playerNDeck				3	Fixed 2, Common	Who are 4 characters that Eric Idle portrayed? Dead collector, witch burning villager, Sir Robin, friendly guard, Concorde, Roger the Shrubber, Brother Maynard.  Effect: Questioner may steal one card from Answerer.	"{or: +1 to a Combat draw against a Knight}"	238
5364eedd-4e1e-493c-a3f6-b3aef0252834	Questions Three [Jones]	monty-python-ccg/main/MontyPythonCcg-Main-QuestionsThreeJones.jpg	default	Questions Three	Main	Main	playerNDeck				3	Fixed 2, Common	Who are 3 characters that Terry Jones portrayed? Sir Bedevere, Dennis's mother, Three-headed Knight, Prince Herbert.  Effect: Questioner may immediately draw up to 5 cards.	"{or: +1 to a Combat draw}"	239
35fd5d12-b1a2-46fc-8986-270a0b28443f	Questions Three [King Arthur]	monty-python-ccg/main/MontyPythonCcg-Main-QuestionsThreeKingArthur.jpg	default	Questions Three	Main	Main	playerNDeck				3	Common	What actor played King Arthur?  Graham Chapman.  Effect: Questioner may take another turn.	"{or: +1 to a Combat draw against a Peril}"	240
702aced9-67c5-4e2e-869a-e019aae75719	Questions Three [Monks]	monty-python-ccg/main/MontyPythonCcg-Main-QuestionsThreeMonks.jpg	default	Questions Three	Main	Main	playerNDeck				3	TYAST Deck A, TYAST Deck C	What is the English translation of the Monks' latin chant "Pie Jesu Domine, Dona eis requiem?"  Holy Lord Jesus, grant them rest.  Effect: Questioner may search an area in Avalon for the Holy Grail one additional time with the same bonus, but not in the same turn as the last search.	"{or: +1 to a Combat draw}"	427
1bbee3b3-8762-4477-a61e-1d93ccba28ae	Questions Three [Palin]	monty-python-ccg/main/MontyPythonCcg-Main-QuestionsThreePalin.jpg	default	Questions Three	Main	Main	playerNDeck				3	Common	Who are 5 characters that Michael Palin portrayed? Soldier with keen interest in birds, witch burning villager, Three-headed Knight, Dennis, Sir Galahad, King of Swamp Castle, Brother Maynard's roommate.  Effect: Questioner's Round Table may advance to the nearest castle but may not pass beyond Un-Explored territory.	"{or: +1 to a Combat draw}"	241
ac1318ef-217a-41a8-ad80-c916e7d7c4c5	Questions Three [Penalty]	monty-python-ccg/main/MontyPythonCcg-Main-QuestionsThreePenalty.jpg	default	Questions Three	Main	Main	playerNDeck				3	Fixed 2, Common	What is the penalty for setting alight the grail-shaped beacon?  You must tie her down on a bed and spank her.  Effect: Answerer gets a permanent -2 on draws made to find the Holy Grail.	"{or: +1 to a Combat draw against a Knight}"	242
821bffc2-c5bd-4d71-8c0b-9a1ba5b0b559	Questions Three [Scene 24]	monty-python-ccg/main/MontyPythonCcg-Main-QuestionsThreeScene24.jpg	default	Questions Three	Main	Main	playerNDeck				3	Uncommon	How is Scene 24 described? "It's a smashing scene with some lovely acting in which Arthur discovers a vital clue, and in which there aren't any swallows, although I think you can hear a starling..."  Effect: Questioner may reshuffle his dead card into his deck.	"{or: +1 to a Village Event draw}"	243
6918765a-5cfc-4d71-bc20-423ed3ab81ca	Questions Three [Unladen Swallow]	monty-python-ccg/main/MontyPythonCcg-Main-QuestionsThreeUnladenSwallow.jpg	default	Questions Three	Main	Main	playerNDeck				3	Common	What is the air speed velocity of an unladen swallow? What do you mean?  African or European?  Effect: Answerer's Arthur loses the Round Table Bonus	"{or: +1 to a Combat draw}"	244
19d474a7-d23f-482a-9ba1-2dc06abf5951	Questions Three [Writers]	monty-python-ccg/main/MontyPythonCcg-Main-QuestionsThreeWriters.jpg	default	Questions Three	Main	Main	playerNDeck				3	Fixed 2, Common	Who are the 6 individuals who wrote the movie Monty Python and the Holy Grail?  Graham Chapman, Terry Jones, Terry Gilliam, Michael Palin, Eric Idle, and John Cleese.  Effect: Questioner may take a face-down card and put it in his hand.	"{or: +1 to a Combat draw against a Knight}"	245
4fd63aa1-a642-43f0-8b46-fdf962e58f39	Questions Three [Year]	monty-python-ccg/main/MontyPythonCcg-Main-QuestionsThreeYear.jpg	default	Questions Three	Main	Main	playerNDeck				3	TYAST Deck A, TYAST Deck B	In what year does the movie Monty Python and the Holy Grail take place? 932 AD.  Effect:  Questioner may create an additional space in Avalon by playing an additional face-down card from the top of their deck.	"{or: +1 to a Wits draw}"	428
1e85bdcd-4689-4e96-8a54-6afacb919530	Rake	monty-python-ccg/main/MontyPythonCcg-Main-Rake.jpg	default	Item	Main	Main	playerNDeck				5	TYAST Deck C	Bypass Angry Mob, Passing Ruffians, or the Witch Burning Villagers.	"{or: +2 to a Village Event draw}"	429
622e43d0-aebe-42f6-b922-87e1a2501a86	Ralph the Wonder Llama	monty-python-ccg/main/MontyPythonCcg-Main-RalphTheWonderLlama.jpg	default	Adversary	Main	Main	playerNDeck	Peril	4		2	TYAST Deck A	Llama immediately bites a Knight (opponent's choice) giving him a Permanent -1 to Combat.	"{or: +3 to a Combat draw}"	430
c4d16548-922f-4474-aeb0-b55a1705e2fb	Ratification	monty-python-ccg/main/MontyPythonCcg-Main-Ratification.jpg	default	Event	Main	Main	playerNDeck				2	TYAST Deck A	Automatically win a Battle of Wits.	"{or: Search your deck for Dennis and reshuffle}"	431
16a634c2-492c-4337-bdab-c86d1b7a4f99	Remain Gone	monty-python-ccg/main/MontyPythonCcg-Main-RemainGone.jpg	default	Taunt	Main	Main	playerNDeck				4	Uncommon	Opponent's Round Table must leave target space and may not re-enter it for a Grail Number draw of turns.  Taunter draws Grail Number.	"{or: take a card from opponent's hand and play it immediately or place it in the Dead Cart}"	246
40e2c532-d05c-43e4-9bb3-865d6cf5fbe7	Repression	monty-python-ccg/main/MontyPythonCcg-Main-Repression.jpg	default	Event	Main	Main	playerNDeck				5	Common	Knight may Slay a non-Knight Persona without a Combat value.  Place the Persona in the Dead Cart.	"{or: if opponent has cards for another card game on the playing surface (even in a box), randomly take and keep one.  Put your new card in your hand}"	247
50c64522-0a8a-47a8-8b72-85b37d345469	Roger the Shrubber	monty-python-ccg/main/MontyPythonCcg-Main-RogerTheShrubber.jpg	default	Persona	Main	Main	playerNDeck			3	5	Rare	Allows Knights to pass areas blocked by Shrubbery.  If Roger the Shrubber joins your Round Table, you may search your deck for a Shrubbery card.	"{or: -1 to a Combat draw}"	250
1d52c75d-84a5-4b80-884b-41be7a6a0883	Rope	monty-python-ccg/main/MontyPythonCcg-Main-Rope.jpg	default	Item	Main	Main	playerNDeck				5	Common	One Knight may enter or leave any Castle unhindered.  Discard after use.	"{or: -1 to a Village Event draw}"	251
761f5030-3f81-4e24-a380-2f6e3f61c072	Rude Gesture	monty-python-ccg/main/MontyPythonCcg-Main-RudeGesture.jpg	default	Taunt	Main	Main	playerNDeck				2	TYAST Deck C	Play directly after a Grail Number draw to change your Grail Number into that of your opponent.	"{or: +1 to a Combat draw}"	433
50bdfc8b-2bf2-4ad1-b04d-87ac10560747	Ruined Village	monty-python-ccg/main/MontyPythonCcg-Main-RuinedVillage.jpg	default	Village	Main	Main	playerNDeck				2	Common	+1 Combat for occupants.  Player may draw 2 extra cards during Draw Phase.  During your next draw phase, draw a Grail Number and consult the Village Event chart.  1 or less: Vital Clue-- Peek at any Face-down card in any England.  2: Get On With It! Take an extra turn.  3: Search your deck for the Bridgekeeper and reshuffle.  4: Search your deck for the Forest of Ni and reshuffle.  5: Any Castle in the area collapses, killing all within.  6+: -3 to next Wits draw.	"{or: +1 to a Village Event draw}"	252a
5ca11d02-8554-4feb-9684-ecd67881c9a1	Ruined Village	monty-python-ccg/main/MontyPythonCcg-Main-RuinedVillage-2.jpg	default	Village	Main	Main	playerNDeck				2	TYAST Deck C	+1 Combat for occupants.  Player may draw 2 extra cards during Draw Phase.  During your next draw phase, draw a Grail Number and consult the Village Event chart.  1 or less: Vital Clue-- Peek at any Face-down card in any England.  2: Get On With It! Take an extra turn.  3: Search your deck for the Bridgekeeper and reshuffle.  4: Search your deck for the Forest of Ni and reshuffle.  5: Any Castle in the area collapses, killing all within.  6+: -3 to next Wits draw.	"{or: +1 to a Village Event draw}"	252b
4ec467f0-3724-4bd6-a9cb-94a10bbef43b	Run Away	monty-python-ccg/main/MontyPythonCcg-Main-RunAway.jpg	default	Event	Main	Main	playerNDeck				2	Uncommon	Knights must Run Away.	"{or: move an Adversary in England 1 space in any direction}"	253
aed9cd2d-47c9-4f2c-bccc-732f2cf0d3b1	Sank into the Swamp	monty-python-ccg/main/MontyPythonCcg-Main-SankIntoTheSwamp.jpg	default	Event	Main	Main	playerNDeck				4	Uncommon	Prevent opponent from playing a Castle from their hand.  Place the Castle in the Dead Cart.	"{or: +1 to a Combat draw}"	254
9ecfba2a-44ee-4973-a3a4-9adff3d006b4	Scale	monty-python-ccg/main/MontyPythonCcg-Main-Scale.jpg	default	Item	Main	Main	playerNDeck				3	TYAST Deck A	Raise the lesser of Combat or Wits value of a Knight until it is equal to the other attribute.	"{or: Target Knight requires two Pages to serve him.}"	434
4199e845-6617-456e-83c8-ce84bd626d0c	Science	monty-python-ccg/main/MontyPythonCcg-Main-Science.jpg	default	Event	Main	Main	playerNDeck				2	Uncommon	Invite one of opponent's Knights (except Arthur) to join your Round Table with a +1 bonus to your Round Table draw.	"{or: opponent's Knights may not invite other Knights to join the Round Table this turn}"	255
164edeb4-9710-4f49-99f9-ccd4aadc43b4	Scotland	monty-python-ccg/main/MontyPythonCcg-Main-Scotland.jpg	default	Land	Main	Main	playerNDeck				6	Uncommon	+1 Combat for occupant.  Draw 1 extra card during draw phase.	"{or: -3 to a Wits draw against a Knight}"	256
06ff865a-7343-4483-920e-6ae6095154cb	Scribe	monty-python-ccg/main/MontyPythonCcg-Main-Scribe.jpg	default	Persona	Main	Main	playerNDeck	Animated		3	5	Rare	Once per turn, player may lose a turn to avoid answering a Questions Three.	"{or: +1 to a Wits draw}"	258
108b843f-e237-46d9-8873-533b2ed9505f	Scroll of Sacred Words	monty-python-ccg/main/MontyPythonCcg-Main-ScrollOfSacredWords.jpg	default	Item	Main	Main	playerNDeck				3	Rare	Add one Grail Number draw to Combat.  Must say "Neee-wom" to your opponent a minimum of 3 times before the extra Grail Draw and 1 time after it.  Discard Scroll of Sacred Words after use.  May be discarded to automatically defeat Old Crone.	"{or: add one Grail Number draw to a Wits draw}"	259
35c44404-d704-4dda-bd52-38b28e92086a	Scroll of Sacred Words	monty-python-ccg/main/MontyPythonCcg-Main-ScrollOfSacredWords-2.jpg	default	Item	Main	Main	playerNDeck				2	Common	Add one Grail Number draw to Combat.  Must say "Ni" to your opponent a minimum of 3 times before the extra Grail Draw and 1 time after it.  Discard Scroll of Sacred Words after use.  May be discarded to automatically defeat Old Crone.	"{or: add one Grail Number draw to a Wits draw}"	260
dce5eb1c-d6f4-46f0-8691-93d62623f3a0	Scroll of Sacred Words	monty-python-ccg/main/MontyPythonCcg-Main-ScrollOfSacredWords-3.jpg	default	Item	Main	Main	playerNDeck				6	Uncommon	Add one Grail Number draw to Combat.  Must say "Peng" to your opponent a minimum of 3 times before the extra Grail Draw and 1 time after it.  Discard Scroll of Sacred Words after use.  May be discarded to automatically defeat Old Crone.	"{or: add one Grail Number draw to a Wits draw}"	261
7ec07262-3dd2-4671-aace-b9ac5e9b4126	Sea of Fate	monty-python-ccg/main/MontyPythonCcg-Main-SeaOfFate.jpg	default	Land	Main	Main	playerNDeck				2	Rare	May not be passed.  Discard if ever side-by-side with the Gorge of Eternal Peril.  Player encountering Sea of Fate may search their deck for the Dragon Ship.  If The Sea of Fate is already in play, discard this card from play instead. (in the original game, all cards were "legendary" and stopped new copies from entering play; in the new rules this was scrapped but should exist for this card)	"{or: +2 to a Combat draw}"	262
e2f3ce49-f69d-47e0-8e8e-621a41b90a24	Seasons	monty-python-ccg/main/MontyPythonCcg-Main-Seasons.jpg	default	Event	Main	Main	playerNDeck				4	Uncommon	Return any 4 cards from your Dead Cart to your deck and reshuffle.	"{or: opponent must discard the top 4 cards of their deck}"	263
1d7e2bd9-99e6-4d8a-8e3b-66a9f91f6bda	Second Soldier With a Keen Interest in Birds	monty-python-ccg/main/MontyPythonCcg-Main-SecondSoldierWithAKeenInterestInBirds.jpg	default	Adversary	Main	Main	playerNDeck		3	3	5	TYAST Deck D	Soldier will accept Extra Coconuts in lieu of a Dispute.	"{or: players may not play negative modifier cards this turn.}"	317
60a5e5c7-eeac-4442-b8d9-ebd1df787b8b	Second Time	monty-python-ccg/main/MontyPythonCcg-Main-SecondTime.jpg	default	Event	Main	Main	playerNDeck				6	Rare	Play Second Time after a Taunt is played by either player.  Search the top cards of your deck one at a time for a Taunt card and play it immediately, then reshuffle.	"{or: -1 to a Knight's Combat draw}"	264
a86fcaf0-a2b4-4012-9f49-35957c3a55b4	Secret Word	monty-python-ccg/main/MontyPythonCcg-Main-SecretWord.jpg	default	Event	Main	Main	playerNDeck				6	Rare	Player must stand and shout "It!"  Slays the Knights Who Say Ni or the Knights-Who-'Til-Recently-Said-Ni.	"{or:  "Don't say that word!"  Knights may not have Wits with Adversaries this turn}"	265
f20db613-eb69-4455-9fcb-9b639c295d09	Seeking	monty-python-ccg/main/MontyPythonCcg-Main-Seeking.jpg	default	Event	Main	Main	playerNDeck				6	Rare	+3 to a Round Table draw.	"{or: -1 to a Round Table draw}"	266
e973f033-689f-4ee4-919e-dcbeed8e3305	Separate Ways	monty-python-ccg/main/MontyPythonCcg-Main-SeparateWays.jpg	default	Event, Permanent Event	Main	Main	playerNDeck				1	TYAST Deck C	Separate your Round Table into 2 or more groups.  You may still only move one Round Table per turn.	"{or: +1 to a Wits draw}"	435
73d05126-b1ad-4e75-8f6a-008c3d3b97d1	Sequined Vest	monty-python-ccg/main/MontyPythonCcg-Main-SequinedVest.jpg	default	Item	Main	Main	playerNDeck	Armour			1	TYAST Deck A	Player using Sequined Vest must impersonate Clark Gable.  Bedazzle your opponent.  +1 to Combat for wearer.	"{or: prevent opponent from moving this turn.}"	436
54e73799-73b6-428c-8e40-f07086b2bca2	Severed Head	monty-python-ccg/main/MontyPythonCcg-Main-SeveredHead.jpg	default	Event	Main	Main	playerNDeck				2	TYAST Deck A	+9 to a Combat Draw against a Knight.	"{or: -1 to a Wits draw}"	458a
8eb6319a-3f4f-4c98-bde7-b35cc36079f9	Severed Head	monty-python-ccg/main/MontyPythonCcg-Main-SeveredHead-2.jpg	default	Event	Main	Main	playerNDeck				2	TYAST Deck D	+9 to a Combat Draw against a Knight.	"{or: -1 to a Wits draw}"	458b
b63ec5e2-c594-4f70-8f36-46c446978ef7	Sheep's Bladder	monty-python-ccg/main/MontyPythonCcg-Main-SheepsBladder.jpg	default	Item	Main	Main	playerNDeck				5	TYAST Deck A	Place Sheep's Bladder in the Dead Cart to remove any Earthquake from play.	"{or: prevent opponent from playing a card that causes Lands to be placed in the Dead Cart.}"	437
e0b3c3c3-8590-46f6-b466-6631d2a4ae4d	Shrubbery	monty-python-ccg/main/MontyPythonCcg-Main-Shrubbery.jpg	default	Item	Main	Main	playerNDeck				2	Uncommon	May discard Shrubbery to bypass the Knights Who Say Ni.	"{or: blocked by a giant shrubbery, Knights may not enter this area for 1 turn.}"	267
28b1f437-106b-42cf-ba06-24df3d7e311e	Silence	monty-python-ccg/main/MontyPythonCcg-Main-Silence.jpg	default	Event	Main	Main	playerNDeck				6	TYAST Deck C	If your Round Table contains more than one Knight, Knights may bypass any Anthrax Adversaries or Personae in any one space in England.	"{or: negate a Song card}	438
e64d6982-1fc9-4e79-bbb8-682897df8c33	Silly Request	monty-python-ccg/main/MontyPythonCcg-Main-SillyRequest.jpg	default	Taunt	Main	Main	playerNDeck				2	TYAST Deck C	Remove any one of opponent's Knights, except Arthur, from his Round Table and shuffle the Knight into taunter's deck.	"{or: add an additional Grail Number draw to a Round Table draw}"	439
9aac37e3-c757-4297-bcf6-07a75d0cbc0b	Single-Handed	monty-python-ccg/main/MontyPythonCcg-Main-SingleHanded.jpg	default	Event, Permanent Event	Main	Main	playerNDeck				5	TYAST Deck C	Prevent opponent from using the Combat Assist Bonus.	"{or: Search your deck for any one Armour Item}"	440
7a930560-2593-4963-8e4d-bb5831951fe5	Sir Allardin o' the Isles	monty-python-ccg/main/MontyPythonCcg-Main-SirAllardinOTheIsles.jpg	default	Knight	Main	Main	playerNDeck		3	3	4	Rare	May not invite other Knights to join the Round Table.		5
1293b085-d079-49b2-b443-126a81a4741b	Sir Andred	monty-python-ccg/main/MontyPythonCcg-Main-SirAndred.jpg	default	Adversary	Main	Main	playerNDeck		3	5	3	Rare		"{or: +3 to a Castle Table draw}"	9
17f01178-0343-49fb-8199-c89adc71006a	Sir B. A. Felton	monty-python-ccg/main/MontyPythonCcg-Main-SirBAFelton.jpg	default	Knight	Main	Main	playerNDeck		1	3	6	Promo			473
70c89c49-c680-4554-80b7-63d278665ba5	Sir Balin the Hoarder	monty-python-ccg/main/MontyPythonCcg-Main-SirBalinTheHoarder.jpg	default	Knight	Main	Main	playerNDeck		7	3	1	Common	Sir Balin requires 2 Pages to serve him.		23
0cfc15ad-2150-40e9-9921-60a669bb3f32	Sir Bedevere	monty-python-ccg/main/MontyPythonCcg-Main-SirBedevere.jpg	default	Knight	Main	Main	playerNDeck		2	8	1	Fixed 1	Automatically eliminates Witch.		27a
179e38de-a567-455c-b216-a171d1d64e1b	Sir Bedevere	monty-python-ccg/main/MontyPythonCcg-Main-SirBedevere-2.jpg	default	Knight	Main	Main	playerNDeck		2	8	1	TYAST Deck A	Automatically eliminates Witch.		27b
2da6271e-4bf9-4afb-bb85-785119f3bcd6	Sir Bob Herzog	monty-python-ccg/main/MontyPythonCcg-Main-SirBobHerzog.jpg	default	Knight	Main	Main	playerNDeck		1	2	6	Promo	If Sir Bob loses a Battle of Wits he becomes a Page.		474
506187d9-4411-4096-b991-c665e599f1bc	Sir Bors	monty-python-ccg/main/MontyPythonCcg-Main-SirBors.jpg	default	Knight	Main	Main	playerNDeck		4	4	2	Fixed 2, Common			38
66919dda-7bd5-406e-9c3a-206715fe9b01	Sir Brian van Hoose	monty-python-ccg/main/MontyPythonCcg-Main-SirBrianVanHoose.jpg	default	Knight	Main	Main	playerNDeck		4	2	4	Promo	If Sir Brian loses a Battle of Wits he becomes enraged and will immediately Combat the Adversary even if it has no Combat value. (Treat the Adversary's Combat value as 0 if it has no Combat value)		476
778c4946-e1f9-47cf-8877-eea915fd3faf	Sir Bruce	monty-python-ccg/main/MontyPythonCcg-Main-SirBruce.jpg	default	Knight	Main	Main	playerNDeck		4	1	5	TYAST Deck A, TYAST Deck B, TYAST Deck C, TYAST Deck D	If Sir Bruce is in your Round Table your Knights may not have Wits with any Adversary.		330
eb5338d3-7364-43e3-813a-432b2084cb10	Sir Clarke	monty-python-ccg/main/MontyPythonCcg-Main-SirClarke.jpg	default	Knight	Main	Main	playerNDeck		2	4	4	TYAST Deck A, TYAST Deck B, TYAST Deck D	If Sir Clarke encounters an Adversary with a Wits value, he may not attempt to Combat that Adversary.		337a
50fd2643-f176-4700-aecc-9d310b48fb8f	Sir Clarke	monty-python-ccg/main/MontyPythonCcg-Main-SirClarke-2.jpg	default	Knight	Main	Main	playerNDeck		2	4	4	TYAST Deck C	If Sir Clarke encounters an Adversary with a Wits value, he may not attempt to Combat that Adversary.		337b
077cbc6d-c5e3-45d8-afe6-994aeccae410	Sir Crutch	monty-python-ccg/main/MontyPythonCcg-Main-SirCrutch.jpg	default	Adversary	Main	Main	playerNDeck	Knight	7	1	2	Promo	Sir Crutch joins your Round Table if Outwitted with no Page needed.  If Sir Crutch is in your Round Table, you may not Run Away.	"{or: +1 to a Combat draw}"	479
294a1366-8fe4-4ff9-a26a-4f01b2370929	Sir Damas	monty-python-ccg/main/MontyPythonCcg-Main-SirDamas.jpg	default	Adversary	Main	Main	playerNDeck	Knight	4	4	3	Rare		"{or: +2 to a Wits draw}"	73
ac9c4864-9bf8-45e4-8314-c00a0ae81249	Sir Dave Bozwell	monty-python-ccg/main/MontyPythonCcg-Main-SirDaveBozwell.jpg	default	Knight	Main	Main	playerNDeck		4	1	5	Promo	If Sir Dave is in your Round Table, your Knights may not have Wits with any Adversary.		475
2689975d-f72a-4b68-b362-af9f5a568a60	Sir Ector	monty-python-ccg/main/MontyPythonCcg-Main-SirEctor.jpg	default	Knight	Main	Main	playerNDeck		4	4	2	Fixed 2, Common			92
9f37f88e-6eef-4add-a75e-9ba47ff1b088	Sir Gaheris (brother of Sir Gawain)	monty-python-ccg/main/MontyPythonCcg-Main-SirGaherisBrotherOfSirGawain.jpg	default	Knight	Main	Main	playerNDeck		3	3	3	Rare	May not invite other Knights to join the Round Table.  Adds +2 to the Combat Assist Bonus instead of +1.		112
49659759-9b67-48aa-8851-e626350df8d0	Sir Galahad the Chaste	monty-python-ccg/main/MontyPythonCcg-Main-SirGalahadTheChaste.jpg	default	Knight	Main	Main	playerNDeck		4	5	1	TYAST Deck C	May not be adversely affected by Taunts or Events.		113b
435c84cf-eed8-49dd-b2ab-d3851ad35e11	Sir Galahad the Pure	monty-python-ccg/main/MontyPythonCcg-Main-SirGalahadThePure.jpg	default	Knight	Main	Main	playerNDeck		4	5	1	Fixed 1	May not be adversely affected by Taunts or Events.		113a
ddb4cfc9-66b3-46dc-a5fb-448d97c842f3	Sir Galahad's Shield	monty-python-ccg/main/MontyPythonCcg-Main-SirGalahadsShield.jpg	default	Item	Main	Main	playerNDeck	Armour			1	TYAST Deck C	Permanent +1 to Combat value for bearer.  Must be used by Sir Galahad if he is in your Round Table.	"{or: prevent opponent from moving this turn.}"	365
7e73fb78-9cbd-4373-a080-d79763939546	Sir Gareth of Orkney	monty-python-ccg/main/MontyPythonCcg-Main-SirGarethOfOrkney.jpg	default	Knight	Main	Main	playerNDeck		6	3	4	Uncommon	Place Sir Gareth in the Dead Cart if your Round Table is ever Taunted.		114
95b90db9-42b2-4146-8ead-2837699e1892	Sir Gareth of Orkney	monty-python-ccg/main/MontyPythonCcg-Main-SirGarethOfOrkney-2.jpg	default	Knight	Main	Main	playerNDeck		6	3	4	TYAST Deck A	Place Sir Gareth in the Dead Cart if your Round Table is ever Taunted.		114
70641374-fa84-40ae-bf76-63f5c5022d57	Sir Garlon (The Invisible Knight)	monty-python-ccg/main/MontyPythonCcg-Main-SirGarlonTheInvisibleKnight.jpg	default	Adversary	Main	Main	playerNDeck	Knight	5	3	4	Uncommon	May be combatted by more than one Knight.	"{or: +1 to a Combat draw}"	115
3f65c19f-fa4f-4e69-9afa-e6a5c934dd6e	Sir Gawain	monty-python-ccg/main/MontyPythonCcg-Main-SirGawain.jpg	default	Knight	Main	Main	playerNDeck		4	4	2	Fixed 2, Common			116
0e30b166-c8d1-4eb1-8da4-1a94f9e98d0e	Sir Generic	monty-python-ccg/main/MontyPythonCcg-Main-SirGeneric.jpg	default	Knight	Main	Main	playerNDeck		X	X	4	Uncommon	X is determined by a draw of a single Grail Number.  +1 to Generic Knight's Round Table draw when Inivted.  May not invite others to join the Round Table.		118a
2cff4192-d9a5-4fe3-ae93-d9dd0981158a	Sir Generic	monty-python-ccg/main/MontyPythonCcg-Main-SirGeneric-2.jpg	default	Knight	Main	Main	playerNDeck		X	X	4	TYAST Deck A, TYAST Deck B, TYAST Deck C, TYAST Deck D	X is determined by a draw of a single Grail Number.  +1 to Generic Knight's Round Table draw when Inivted.  May not invite others to join the Round Table.		118b
935939e6-9394-45e3-a69f-8dee8327d716	Sir Gringamore	monty-python-ccg/main/MontyPythonCcg-Main-SirGringamore.jpg	default	Adversary	Main	Main	playerNDeck	Knight	8	3	4	TYAST Deck B	When Sir Gringamore is encountered and the Famous Historian is in play, place the Historian(s) in the Dead Cart.	"{or: +1 to a Combat draw}"	370
11eba355-8a68-4845-91ea-98ef2f97b87e	Sir Helius	monty-python-ccg/main/MontyPythonCcg-Main-SirHelius.jpg	default	Adversary	Main	Main	playerNDeck	Knight	4	3	4	Rare		"{or: +1 to a Wits draw}"	136
8b72603f-1cb2-4c7a-b7fd-86f638039b08	Sir Johnny Kizinski	monty-python-ccg/main/MontyPythonCcg-Main-SirJohnnyKizinski.jpg	default	Knight	Main	Main	playerNDeck		2	3	3	Promo	Sir Johnny may not be adversely affected by Cursed Items.		478
6bc8ff22-a4a2-4afc-8ff1-71256bf5333e	Sir Kay	monty-python-ccg/main/MontyPythonCcg-Main-SirKay.jpg	default	Knight	Main	Main	playerNDeck		5	4	1	Rare	Will not join the Round Table unless Arthur is there.  Remove Sir Kay from the Round Table and place him in the Dead Cart if Arthur is ever removed from the Round Table.		160
07f1174a-de7a-4cdd-98a9-756511d60738	Sir Lancelot the Brave	monty-python-ccg/main/MontyPythonCcg-Main-SirLancelotTheBrave.jpg	default	Knight	Main	Main	playerNDeck		8	2	1	Fixed 1	3 or less on a Combat Grail Draw involving Lancelot indicates he killed one non-Knight Persona in his own Round Table.		169a
62a56f7d-e85c-4d5a-9102-a93ccf921940	Sir Lancelot the Brave	monty-python-ccg/main/MontyPythonCcg-Main-SirLancelotTheBrave-2.jpg	default	Knight	Main	Main	playerNDeck		8	2	1	TYAST Deck B	3 or less on a Combat Grail Draw involving Lancelot indicates he killed one non-Knight Persona in his own Round Table.		169b
ff82bf66-2f52-4119-84a2-82a78626d608	Sir Lancelot's Shield	monty-python-ccg/main/MontyPythonCcg-Main-SirLancelotsShield.jpg	default	Item	Main	Main	playerNDeck	Armour			1	TYAST Deck B	Permanent +1 to Combat for bearer.  Must be used by Sir Lancelot if he is in your Round Table.	"{or: prevent opponent from moving this turn.}"	385
2dcd6a55-295f-4e91-80dd-7fddd437f805	Sir Lionel	monty-python-ccg/main/MontyPythonCcg-Main-SirLionel.jpg	default	Knight	Main	Main	playerNDeck		2	2	5	Rare	May be Sacrificed to Save Arthur.		175
182eb2ca-d567-4724-bdfa-5e8daa038b41	Sir Naram	monty-python-ccg/main/MontyPythonCcg-Main-SirNaram.jpg	default	Knight	Main	Main	playerNDeck		3	3	5	Rare			197
e002d40f-7078-4b11-ba84-31b5367508a3	Sir Nitro Furgeson	monty-python-ccg/main/MontyPythonCcg-Main-SirNitroFurgeson.jpg	default	Adversary	Main	Main	playerNDeck	Knight	5	2	4	Promo	If Sir Nitro has been defeated and placed in the Dead Cart, he will return to a raondom space in England the following turn.	"{or: +1 to a Combat draw}"	480
16b86335-6a3e-4c3f-8b4e-113468fdee5d	Sir Not-Appearing-in-this-Film	monty-python-ccg/main/MontyPythonCcg-Main-SirNotAppearingInThisFilm.jpg	default	Knight	Main	Main	playerNDeck		2	0	7	Common	May not invite others to join the Round Table.  May not be adversely affected by Anthrax Adversaries.		269a
3ce18e02-7a44-40f8-b88b-991c04a623e4	Sir Not-Appearing-in-this-Film	monty-python-ccg/main/MontyPythonCcg-Main-SirNotAppearingInThisFilm-2.jpg	default	Knight	Main	Main	playerNDeck		2	0	7	TYAST Deck C	May not invite others to join the Round Table.  May not be adversely affected by Anthrax Adversaries.		269b
22086a2a-fd47-4077-9663-9d584a29a661	Sir Paste Your Picture Here	monty-python-ccg/main/MontyPythonCcg-Main-SirPasteYourPictureHere.jpg	default	Knight	Main	Main	playerNDeck		1, 4	1, 4	4	Fixed 2, Common	Combat 4, Wits 4 if a picture is pasted on this card.		270
ab0eb881-d919-40b5-a9b1-b455500cf0e4	Sir Pellinore	monty-python-ccg/main/MontyPythonCcg-Main-SirPellinore.jpg	default	Knight	Main	Main	playerNDeck		4	6	1	Uncommon	May not use Wits to bypass Adversaries.		214a
77efa26f-b08a-414e-a5d2-444b54e74c9a	Sir Pellinore	monty-python-ccg/main/MontyPythonCcg-Main-SirPellinore-2.jpg	default	Knight	Main	Main	playerNDeck		4	6	1	TYAST Deck C	May not use Wits to bypass Adversaries.		214b
b0ed1d62-0be3-4630-9305-e2715412e88e	Sir Percivale	monty-python-ccg/main/MontyPythonCcg-Main-SirPercivale.jpg	default	Knight	Main	Main	playerNDeck		4	3	3	Rare			215
cf007733-0121-498e-8f6c-20c2b945ce3e	Sir Perimones (The Red Knight)	monty-python-ccg/main/MontyPythonCcg-Main-SirPerimonesTheRedKnight.jpg	default	Knight	Main	Main	playerNDeck		2	4	4	Common			216a
11e51e2a-2542-411a-8834-7876aa3849d7	Sir Perimones (The Red Knight)	monty-python-ccg/main/MontyPythonCcg-Main-SirPerimonesTheRedKnight-2.jpg	default	Knight	Main	Main	playerNDeck		2	4	4	TYAST Deck B			216b
9d55ebcd-1014-44a0-b27c-005e4d3e8af7	Sir Persante (The Blue Knight)	monty-python-ccg/main/MontyPythonCcg-Main-SirPersanteTheBlueKnight.jpg	default	Knight	Main	Main	playerNDeck		2	2	6	Rare			217
f754cfe2-c32d-40bb-8c62-a695d9d93c5f	Sir Phelot	monty-python-ccg/main/MontyPythonCcg-Main-SirPhelot.jpg	default	Adversary	Main	Main	playerNDeck	Knight	3	3	4	Rare		"{or: +1 to a Village Event draw}"	218
e03662fe-ed35-4954-b251-ff3c1a09f5e7	Sir Pinell	monty-python-ccg/main/MontyPythonCcg-Main-SirPinell.jpg	default	Adversary	Main	Main	playerNDeck	Knight	2	6	4	Rare		"{or: discard a card to gain +1 to your next Grail Number draw for each card discarded}"	220
41e019c3-3fac-4a4c-b3c5-51d9e841ee4f	Sir Pram a Lot	monty-python-ccg/main/MontyPythonCcg-Main-SirPramALot.jpg	default	Knight	Main	Main	playerNDeck		5	3	2	Uncommon	If Sir Not-Appearing-in-this-Film is in your Round Table, Sir Pram-a-Lot gains +2 Combat.		271a
1ff5d75e-2a71-4494-b93d-3264c57aaac9	Sir Pram a Lot	monty-python-ccg/main/MontyPythonCcg-Main-SirPramALot-2.jpg	default	Knight	Main	Main	playerNDeck		5	3	2	TYAST Deck A	If Sir Not-Appearing-in-this-Film is in your Round Table, Sir Pram-a-Lot gains +2 Combat.		271b
d5db6ded-83d3-41a5-a947-b606e7a88db5	Sir Robin's Minstrels	monty-python-ccg/main/MontyPythonCcg-Main-SirRobinsMinstrels.jpg	default	Persona	Main	Main	playerNDeck	Minstrel			4	Fixed 2, Common	Automatically joins the Round Table.  Minstrels give one Knight a Permanent +2 to Combat while in play.  If that Knight ever Runs Away, Minstrels give the Knight a Permanent -2 to Combat.	"{or: -1 to a Combat draw}"	272
375f9b83-f31d-44ae-bb6a-9c9ae118a52b	Sir Robin's Shield	monty-python-ccg/main/MontyPythonCcg-Main-SirRobinsShield.jpg	default	Item	Main	Main	playerNDeck	Armour			1	TYAST Deck D	Permanent +1 to Combat for bearer.  Must be used by Sir Robin if he is in your Round Table.	"{or: prevent opponent from moving this turn.}"	441
6cef1f0b-be6d-4408-a6f3-3d48b6822e87	Sir Robin, the Not-Quite-so-Brave-as-Sir-Lancelot	monty-python-ccg/main/MontyPythonCcg-Main-SirRobinTheNotQuiteSoBraveAsSirLancelot.jpg	default	Knight	Main	Main	playerNDeck		2	5	4	Fixed 1	Cannot be Slain in Combat (runs away if Combat Grail Draw is lost).  Cannot fight alone or as an Adversary.  Discard if encountered in England and will not join the Round Table.		249a
160e1b1e-c25c-48be-9a39-d3cc182996d5	Sir Robin, the Not-Quite-so-Brave-as-Sir-Lancelot	monty-python-ccg/main/MontyPythonCcg-Main-SirRobinTheNotQuiteSoBraveAsSirLancelot-2.jpg	default	Knight	Main	Main	playerNDeck		2	5	4	TYAST Deck D	Cannot be Slain in Combat (runs away if Combat Grail Draw is lost).  Cannot fight alone or as an Adversary.  Discard if encountered in England and will not join the Round Table.		249b
a8cad156-bbf3-4c9e-abe0-3bfaa1ea8118	Sir Tristram	monty-python-ccg/main/MontyPythonCcg-Main-SirTristram.jpg	default	Knight	Main	Main	playerNDeck		6	3	1	Rare			288
6e8ca1ea-b2a7-4186-b4d6-5de91f088f1f	Sir Wisshard	monty-python-ccg/main/MontyPythonCcg-Main-SirWisshard.jpg	default	Knight	Main	Main	playerNDeck		1	6	3	Uncommon			302
3ef3a8bd-1bfb-4644-8800-e50b7f2683bf	Sir Wisshard	monty-python-ccg/main/MontyPythonCcg-Main-SirWisshard-2.jpg	default	Knight	Main	Main	playerNDeck		1	6	3	TYAST Deck D			302
109d4c0c-cdb9-4c8e-bc55-9954cadff185	Slaying of the Historian	monty-python-ccg/main/MontyPythonCcg-Main-SlayingOfTheHistorian.jpg	default	Event, Permanent Event	Main	Main	playerNDeck				1	Rare	Opponent's game ends in 2 plus a Grail Number draw of turns.  May only be played if Famous Historian is in play.  Place Famous Historian in the Dead Cart.	"{or: +1 to a Wits draw}"	273
a47e71d9-1de5-4e5b-91a6-b4ea62584681	Slink	monty-python-ccg/main/MontyPythonCcg-Main-Slink.jpg	default	Event	Main	Main	playerNDeck				2	TYAST Deck A	Bypass one Adversary, but leave behind (discard) all Personae and un-Assigned Pages.	"{or: -3 to Castle Table draw}"	442
8562f44d-9642-41e2-b34f-c9822396ffb8	Soiled My Armor	monty-python-ccg/main/MontyPythonCcg-Main-SoiledMyArmor.jpg	default	Event	Main	Main	playerNDeck				6	TYAST Deck D	Knight must Sit Out 1 turn while they go change their armour.	"{or: -2 to a Knight's Combat draw}"	443
177a9989-cf6c-4f2f-8830-1ff4426be5cb	Soothsayer	monty-python-ccg/main/MontyPythonCcg-Main-Soothsayer.jpg	default	Adversary	Main	Main	playerNDeck			4	5	TYAST Deck B	Will not occupy a Castle.  Only a Knight whose Wits value is greater than or equal to their Combat value may have Wits with the Soothsayer.	"{or: look at any Face-down card}"	444
db709c37-a7c5-47a4-996f-6e7419422932	Special Guest	monty-python-ccg/main/MontyPythonCcg-Main-SpecialGuest.jpg	default	Event	Main	Main	playerNDeck				5	TYAST Deck B	Search the deck for Lancelot and reshuffle.	"{or: Search your deck for a Page and reshuffle}"	445
d2e11c03-349a-4599-8e4c-d24e52072e0e	Splash!	monty-python-ccg/main/MontyPythonCcg-Main-Splash.jpg	default	Event	Main	Main	playerNDeck				4	TYAST Deck C	Slays Moistened Bint or Watery Tart.  Place the defeated Adversary in the Dead Cart.	"{or: +2 to a Grail Number draw against a female Adversary or Persona}"	446
1acf80a9-441f-4309-b2db-f6faa758f102	Staff of Fire	monty-python-ccg/main/MontyPythonCcg-Main-StaffOfFire.jpg	default	Item	Main	Main	playerNDeck				1	TYAST Deck D	Sacrifice a Knight to gain +7 to a Combat draw.	"{or: negate a Land combat modifier for 1 turn.}"	447
80ba5052-1705-433b-9cdf-1edf73677c9c	Steve van Hostle	monty-python-ccg/main/MontyPythonCcg-Main-SteveVanHostle.jpg	default	Adversary	Main	Main	playerNDeck		2	2	4	Promo	A Knight who defeats Bitter Stevil must face him again immediately but Stevil's Combat and Wits values are doubled.  After a second defeat Stevil is placed in the Dead Cart.	"{or: +1 to a Wits draw}"	481
1231a97d-df29-4674-8bb4-06b8ce7155c2	Stone Dead	monty-python-ccg/main/MontyPythonCcg-Main-StoneDead.jpg	default	Event	Main	Main	playerNDeck				2	Rare	Persona, Knight or Page dies in a Grail Number draw of turns.	"{or: Knights may not enter this Village for 1 turn}"	276
055b7424-013b-490c-8eab-ab2195e71940	Strand of Creeper	monty-python-ccg/main/MontyPythonCcg-Main-StrandOfCreeper.jpg	default	Item	Main	Main	playerNDeck				6	TYAST Deck A	Page bearing Strand of Creeper may carry 2 additional items.	"{or: +2 to a Castle Table draw}"	448
c35bfd5b-9875-4a86-89c3-9643ee955b75	Strength	monty-python-ccg/main/MontyPythonCcg-Main-Strength.jpg	default	Event	Main	Main	playerNDeck				0	Uncommon	For the next Combat draw, add the Combat values of all your Knights in play.	"{or: -1 on a draw made to find the Holy Grail}"	278
4f25954f-cacf-4546-8216-595dd5f0cbea	Swamp Castle	monty-python-ccg/main/MontyPythonCcg-Main-SwampCastle.jpg	default	Castle, Special Castle	Main	Main	playerNDeck				4	Fixed 2, Common	+4 Combat to occupant.  Draw 3 extra cards during draw phase.  Eliminate Swamp Castle after 3 turns (it sank into the swamp).  May be played in the same space as The Tall Tower.  A Knight(s) attempting to enter this Castle is subject to a random event determined by a Grail Number draw.  1 or less: "The Fiends!" Defenders use farm animals.  Lose a Knight.  2: "Fetchez la vache!"  "Moooo!"  Lose a Page.  3: On the wrong end of a nasty taunting.  Lose a Persona.  4-7: "No chance, bedwetting types!"  Knights may not pass.  8-10: "African swallows are non-migratory."  Knights may pass.  11: "Well, can we come up and have a look?"  Knights may enter and recieve any benefits from the Castle.  12+: "Oh.  Alright."  Knights may enter and invite the Castle occupant to join the Round Table unless they are an Adversary or Peril.	"{or: +1 to a Combat draw}"	280
9c568321-abbb-469f-a896-7c23a2979f34	Swamp Land	monty-python-ccg/main/MontyPythonCcg-Main-SwampLand.jpg	default	Land	Main	Main	playerNDeck				6	Uncommon	+1 to Combat for Adversaries.  Draw 1 extra card during draw phase.  May not contain a Castle other than Swamp Castle.	"{or: -2 to a Combat draw against a Knight}"	281
a2bc9fe7-b749-485b-bd9a-fc3648eb41d3	Sweden	monty-python-ccg/main/MontyPythonCcg-Main-Sweden.jpg	default	Land	Main	Main	playerNDeck				5	TYAST Deck B, TYAST Deck C	No Adversaries with a sword icon may be played here.  Draw 2 extra cards during draw phase.  May not be played under an existing Adversary with a sword icon.	"{or: +1 to a Grail Draw against an Adversary}"	449
f1189b44-65e9-4975-b619-76d56c8767d9	Sword of Parrying	monty-python-ccg/main/MontyPythonCcg-Main-SwordOfParrying.jpg	default	Item	Main	Main	playerNDeck	Cursed			4	TYAST Deck B	The Knight is compelled to deflect an otherwise sure miss from his Adversary.  Regardless of actual results, each turn the first Grail Numbers for Combat involving a Knight whose Page carries this item always result in a Combat Draw.  Further Combat is unaffected.  The Sword of Parrying may not be voluntarily discarded.	"{or: +3 to Combat if your Grail Number draw is less than your opponent's.}"	450
7575f33f-29f3-4e37-8bbb-2c42042b858d	Tall Tower	monty-python-ccg/main/MontyPythonCcg-Main-TallTower.jpg	default	Castle, Special Castle	Main	Main	playerNDeck				5	Fixed 2, Common	+2 Combat to occupant.  Draw 1 extra card during draw phase.  May search deck for any number of Song cards and reshuffle.  Discard one card for each Song you keep.  The Tall Tower may be played in the same space as Swamp Castle.  A Knight(s) attempting to enter this Castle is subject to a random event determined by a Grail Number draw.  1 or less: "The Fiends!" Defenders use farm animals.  Lose a Knight.  2: "Fetchez la vache!"  "Moooo!"  Lose a Page.  3: On the wrong end of a nasty taunting.  Lose a Persona.  4-7: "No chance, bedwetting types!"  Knights may not pass.  8-10: "African swallows are non-migratory."  Knights may pass.  11: "Well, can we come up and have a look?"  Knights may enter and recieve any benefits from the Castle.  12+: "Oh.  Alright."  Knights may enter and invite the Castle occupant to join the Round Table unless they are an Adversary or Peril.	"{or: +1 to a Wits draw}"	282
e205602c-7234-41f9-a235-ab972faee28f	Tantrist O' the White	monty-python-ccg/main/MontyPythonCcg-Main-TantristOTheWhite.jpg	default	Knight	Main	Main	playerNDeck		4	3	4	Rare			283
ec47f04b-2379-4ebf-84b2-a3341126e2fa	Tea & Biscuits	monty-python-ccg/main/MontyPythonCcg-Main-TeaBiscuits.jpg	default	Event	Main	Main	playerNDeck				1	Rare	Place any one of opponent's Knights in their Dead Cart, but your Round Table must go back to your Round Table area for tea and biscuits.  Well, not buscuits.	"{or: Look at your opponent's hand and randomly select a Combat card then put it into your's}"	284
45b3c407-5e46-4eb9-9dad-61af111ca6a3	The Black Knight	monty-python-ccg/main/MontyPythonCcg-Main-TheBlackKnight.jpg	default	Adversary	Main	Main	playerNDeck	Knight	8		0	TYAST Deck C	Will not occupy a Castle.  The Black Knight must be defeated 4 times, but his Combat value Permanently drops by 2 points each time he loses a Combat.	"{or: players may not play positive modifier cards this turn.}"	326
a6df2367-ed26-46b0-a55b-62f087643dce	The Book of the Film	monty-python-ccg/main/MontyPythonCcg-Main-TheBookOfTheFilm.jpg	default	Item	Main	Main	playerNDeck				1	TYAST Deck C	Once per turn, player may look at any Face-down cards at any one location in England or Avalon for 10 seconds.  Discard one card from your hand for each Face-down card viewed.	"{or: negate a land combat modifier for 1 turn.}"	328
f19f1488-6c84-41ee-8237-6370c18ef9f8	The Dark Forest of Ewing	monty-python-ccg/main/MontyPythonCcg-Main-TheDarkForestOfEwing.jpg	default	Land	Main	Main	playerNDeck				6	Fixed 2, Common	-3 Combat for Knights.  Draw 1 extra card during draw phase.	"{or: -1 to a Wits draw against a Knight}"	75
f7de3bf5-0271-415e-aebd-ab009ea05e35	The Holy Grail	monty-python-ccg/main/MontyPythonCcg-Main-TheHolyGrail.jpg	default	Joke	Main	Main	playerNDeck					Impossible	This card was never printed		141
22d27c23-4181-4b6f-ab88-546355028de3	The Holy Hand Grenade of Antioch	monty-python-ccg/main/MontyPythonCcg-Main-TheHolyHandGrenadeOfAntioch.jpg	default	Item	Main	Main	playerNDeck				0	Rare	May only be used by a Knight.  Blows any Peril or Adversary to tiny bits.  Target must be in the same area as the Knight who uses the Grenade.  Draw a Grail Number.  3 or lower:  The Holy Hand Grenade of Antioch works normally.  4: There is no effect.  5+: The Knight who used The Holy Hand Grenade of Antioch is blown to tiny bits.	"{or: draw 2 cards, then discard 1 card.}"	142
2eaff530-80c5-47d6-8036-5887222080f3	The Kingdom of Mercia	monty-python-ccg/main/MontyPythonCcg-Main-TheKingdomOfMercia.jpg	default	Land	Main	Main	playerNDeck				5	Rare	No Perils may inhabit this land nor may this land be played upon a pre-existing Peril.  Draw 1 extra card during draw phase.	"{or: -1 to a Combat draw against a Knight}"	188
9943b33e-381a-4567-94ba-db4dfc07e07a	The Robinsons	monty-python-ccg/main/MontyPythonCcg-Main-TheRobinsons.jpg	default	Adversary	Main	Main	playerNDeck		2	5	2	TYAST Deck C	Will not occupy a Castle.  After a Knight Combats The Robinsons, draw a Grail Number.  on a 4 or higher, the Knight catches the plague and dies.	"{or: -2 to a Village Event draw}"	432
8e6fdac5-e44d-421f-a0d2-9c501f4ffa57	The Spanish Inquisition	monty-python-ccg/main/MontyPythonCcg-Main-TheSpanishInquisition.jpg	default	Joke	Main	Main	playerNDeck					Impossible	This card was never printed		274
db453ff5-ce5d-417e-8944-da46255042d9	The Vicious Penguin of Bristol	monty-python-ccg/main/MontyPythonCcg-Main-TheViciousPenguinOfBristol.jpg	default	Adversary	Main	Main	playerNDeck	Peril	2		6	TYAST Deck B		"{or: +1 to a Wits draw}"	420
1ba99ea6-1724-4f42-90fb-ee490d682948	Three-Headed Knight	monty-python-ccg/main/MontyPythonCcg-Main-ThreeHeadedKnight.jpg	default	Adversary	Main	Main	playerNDeck	Knight, Peril	12		1	Fixed 2, Common		"{or: +1 to a Combat draw}"	285
d16cbfc3-475d-4c09-bf46-70d1d4f77d4d	Tim the Enchanter	monty-python-ccg/main/MontyPythonCcg-Main-TimTheEnchanter.jpg	default	Persona	Main	Main	playerNDeck		10	8	2	TYAST Deck D	Will not be chosen to perform any task for a player.  Cannot be Knighted.  If Tim joins your Round Table, you may discard a card to look at any Face-down card.	"{or: +1 to a Combat draw}"	451
f9fdbfb4-32d1-456c-b0bf-9222055a8276	Tiny Brain	monty-python-ccg/main/MontyPythonCcg-Main-TinyBrain.jpg	default	Permanent Taunt, Taunt	Main	Main	playerNDeck				4	TYAST Deck B	Permanently reverse the Combat and Wits values of one Knight, Persona, or Adversary.  May only be used on a character with both Combat and Wits values.	"{or: -3 to a Wits draw}"	452
311f3491-b8f1-4925-a124-9a36f20973f5	Too Perilous	monty-python-ccg/main/MontyPythonCcg-Main-TooPerilous.jpg	default	Event	Main	Main	playerNDeck				5	TYAST Deck A	Release all Knights trapped by Anthrax characters.	"{or: -2 to a Combat draw against a Peril}"	453
ccb67fa6-b8ab-447f-b2da-5d53010b3c96	Torture Rack	monty-python-ccg/main/MontyPythonCcg-Main-TortureRack.jpg	default	Item	Main	Main	playerNDeck	Cursed			3	TYAST Deck B	Permanent -2 to a Knight's Combat value.  That Knight may not assist others in Combat.  Tortur Rack may not voluntarily be discarded.	"{or: +2 to a Combat draw}"	454
e8351005-0e43-49b7-8dc9-2f1a01ba1ce1	Transgression	monty-python-ccg/main/MontyPythonCcg-Main-Transgression.jpg	default	Event	Main	Main	playerNDeck				5	Uncommon	Knight may Slay an Adversary without a Combat value.  Place the Adversary in the Dead Cart.	"{or: "Ah, now we see the violence inherent in the system!"  +2 to a Combat draw}"	287
c3f89100-2254-46ad-8f76-1bbde58f0116	Trojan Rabbit	monty-python-ccg/main/MontyPythonCcg-Main-TrojanRabbit.jpg	default	Item	Main	Main	playerNDeck				4	TYAST Deck A	Ignore the Castle Table.  A Knight may have wits with a Castle occupant.  If victorious, his Round Table may enter the Castle.  If defeated, his round table loses a Page and remains outside the Castle.  Discard Trojan Rabbit after use.	"{or: +10 to Combat for the occupant of a Castle that is being Assaulted.}"	456
f672f649-8c0f-4a50-afdc-d5df352efb74	Un Cadeau	monty-python-ccg/main/MontyPythonCcg-Main-UnCadeau.jpg	default	Event	Main	Main	playerNDeck				1	TYAST Deck B	Look at your opponent's hand.  Take and permanently keep any one card.	"{or: your opponent must place an Item of their choice in the Dead Cart}"	457
60226fd2-0574-4bcb-8b23-e5484c3ec9e2	Unclog my Nose	monty-python-ccg/main/MontyPythonCcg-Main-UnclogMyNose.jpg	default	Taunt	Main	Main	playerNDeck				2	Common	Opponent's Round Table must move back 1 space as chosen by Taunter.	"{or: opponent must discard 2 cards}"	289
de1942b4-1a2b-4b74-b9c3-c250b5a3c8d2	Very Dull	monty-python-ccg/main/MontyPythonCcg-Main-VeryDull.jpg	default	Event	Main	Main	playerNDeck				2	Rare	Invite one of opponent's Knights other than Arthur to join your Round Table.	"{or: opponent must discard entire hand and draw 7 new cards}"	291
5b46c6a9-464c-46ef-aaca-9d6ffad3f70e	Vicious Chicken of Bristol	monty-python-ccg/main/MontyPythonCcg-Main-ViciousChickenOfBristol.jpg	default	Adversary	Main	Main	playerNDeck	Peril	3		5	Fixed 2, Common	No combat modifier cards may be played by either player during combat against the Vicious Chicken of Bristol.	"{or: +1 to a Combat draw}"	292
225f01b1-4978-430c-9a15-cbd1fa3a385a	Village of Malehaut	monty-python-ccg/main/MontyPythonCcg-Main-VillageOfMalehaut.jpg	default	Village	Main	Main	playerNDeck				5	Rare	+2 Combat for occupants.  Player may draw 2 extra cards during draw phase.  A Knight(s) attempting to enter this village is subject to a random event determined by a Grail Number draw.  1 or less: Blacksmith fixes armor-- give one Knight a Permanent +1 Combat.  2: May search deck for a Page and reshuffle.  3: Permanent +1 on draws made to find the Holy Grail.  4: Permanent -1 on draws made to find the Holy Grail.  5: Lose an Item.  6+: Lose a Page.	"{or: -1 to a Village Event draw}"	187
b4795048-16bc-4e6b-921f-8f8c2f63e8a4	Vital Clue	monty-python-ccg/main/MontyPythonCcg-Main-VitalClue.jpg	default	Event	Main	Main	playerNDeck				3	Rare	Vital Clue may only be played Face-down into Avalon.  Vital Clue may not be played on an already Explored space.  Any player who flips this card in Avalon gains +3 on a draw made to find the Holy Grail after defeating all Adversaries in the space.	"{or: +1 on a draw made to find the Holy Grail}"	293
50a58cda-6544-42a4-bf79-7b6f18d89b78	Vote	monty-python-ccg/main/MontyPythonCcg-Main-Vote.jpg	default	Event	Main	Main	playerNDeck				2	Uncommon	Prevent opponent from playing a Knight from thier hand.  Place the Knight in the Dead Cart.	"{or: +1 to a Combat draw}"	294
0a22780b-2933-47df-a346-6467e0e0415f	War	monty-python-ccg/main/MontyPythonCcg-Main-War.jpg	default	Event	Main	Main	playerNDeck				1	Uncommon	Add an extra Grail Number draw to a Combat draw.	"{or: -1 to a Combat draw}"	295
b6abd76b-3d41-4a31-99b2-0852866d6345	Watery Tart	monty-python-ccg/main/MontyPythonCcg-Main-WateryTart.jpg	default	Adversary	Main	Main	playerNDeck		2	5	3	TYAST Deck C	Will not occupy a Castle.  A Knight who Outwits Water Tart receives a Sword (Permanent +1 to Combat) or search your deck for Excalibur.	"{or: -1 to a Combat draw}"	459
bd80c89b-61dc-4e1c-ac44-251b371c6eda	Wazzed Stiff	monty-python-ccg/main/MontyPythonCcg-Main-WazzedStiff.jpg	default	Event	Main	Main	playerNDeck				3	TYAST Deck D	Sacrifice your own Arthur to send opponent's Round Table back to the Round Table area.	"{or: Avoid forced movement}"	460
5b1aa292-cd6f-428b-b477-8cc6d2971c3f	Wedding Groomsmen	monty-python-ccg/main/MontyPythonCcg-Main-WeddingGroomsmen.jpg	default	Adversary	Main	Main	playerNDeck	Swamp-Castle, Wedding	3		5	TYAST Deck B	Wedding Groomsmen have Wits 0 for Castle Table draws only.	"{or: players may not play negative modifier cards this turn.}"	461
c2b77085-d99c-4683-98c2-773f88d3dce6	Wedding Guests	monty-python-ccg/main/MontyPythonCcg-Main-WeddingGuests.jpg	default	Persona	Main	Main	playerNDeck	Swamp-Castle, Wedding		2	6	Common	Place Wedding Guests in the Dead Cart to give opponent -2 to a Combat draw.	"{or: +1 to a Wits draw}"	296
5bc65fe7-86f0-4b22-b299-28cedd712285	Wedding Party	monty-python-ccg/main/MontyPythonCcg-Main-WeddingParty.jpg	default	Event	Main	Main	playerNDeck				4	Rare	Redraw a Combat draw.	"{or: +1 to a Wits draw}"	297
9da6c496-89e1-44fc-9781-824999bdac73	Weight Ratios	monty-python-ccg/main/MontyPythonCcg-Main-WeightRatios.jpg	default	Event	Main	Main	playerNDeck				6	TYAST Deck A	All players must discard down to the number of cards held by the player who holds the least amount of cards.	"{or: +1 to a Combat draw}"	462
375cd01e-09c7-496a-8e6f-927e40f35318	Weird Pete	monty-python-ccg/main/MontyPythonCcg-Main-WeirdPete.jpg	default	Adversary	Main	Main	playerNDeck		2	4	5	Promo		"{or: +1 to a Combat draw}"	484
86d39ba6-4149-41d8-a64f-775a0ec63eb0	Well I'm Awfully Sorry	monty-python-ccg/main/MontyPythonCcg-Main-WellImAwfullySorry.jpg	default	Event	Main	Main	playerNDeck				6	TYAST Deck D	Return anyone killed by Lancelot from your Dead Cart to your deck and reshuffle.	"{or: +3 to a Wits draw if Lancelot is in play}"	463
68f0d1b4-4ff5-4031-b873-24612edb56f2	Where Are Your Manners	monty-python-ccg/main/MontyPythonCcg-Main-WhereAreYourManners.jpg	default	Event	Main	Main	playerNDeck				4	TYAST Deck A	Your opponent must offer you a drink or lose a turn.  If the game is at your house, offer your opponent a drink and Move twice this turn.	"{or: Search your deck for a Page and reshuffle}"	464
6fb45830-2103-49c0-876b-e0ec71f86c35	Who Sent You?	monty-python-ccg/main/MontyPythonCcg-Main-WhoSentYou.jpg	default	Event	Main	Main	playerNDeck				5	Uncommon	Prevent opponent from playing an item from their hand.  Place the item in the Dead Cart.	"{or: +1 to a Wits draw}"	299
d73ef0ff-f491-47c3-8fde-fe7ea880bc56	Whoa There!	monty-python-ccg/main/MontyPythonCcg-Main-WhoaThere.jpg	default	Event	Main	Main	playerNDeck				0	TYAST Deck D	Prevent opponent from playing any card from their hand.  Place the card in the Dead Cart.	"{or: prevent opponent from moving this turn.}"	465
fb84e035-536e-404b-ad8a-24da817fb8cb	Wicked Cat Beater	monty-python-ccg/main/MontyPythonCcg-Main-WickedCatBeater.jpg	default	Adversary	Main	Main	playerNDeck		3	3	5	TYAST Deck A		"{or: player may avoid answering a Questions Three card}"	466
7e8bd0f3-f091-456b-aaac-77a7367b6603	William the Page	monty-python-ccg/main/MontyPythonCcg-Main-WilliamThePage.jpg	default	Page	Main	Main	playerNDeck				5	Fixed 2, Common	May carry 1 item.  Will not serve a Knight with a Combat value greater than 3.	"{Ogre.  Peril.  Combat 4, Wits 2.}"	300
d60c983c-a563-4c10-b014-99da36e6fcb2	Window Dresser	monty-python-ccg/main/MontyPythonCcg-Main-WindowDresser.jpg	default	Taunt	Main	Main	playerNDeck				3	TYAST Deck A	Opponent's Round Table must move 1 space in a direction chosen by Taunter.	"{or: draw 2 cards from your opponent's deck and play them immediately or discard them.}"	467
8127bcb6-fb8d-4f3d-877a-3ea38df3fcb2	Witch Burning	monty-python-ccg/main/MontyPythonCcg-Main-WitchBurning.jpg	default	Event	Main	Main	playerNDeck				6	Uncommon	Knights may not leave chosen Village or Castle for the remainder of the turn.	"{or: An Invited Knight automatically joins a player's Round Table}"	303
e1f61dc1-09e5-46bb-a514-76728a0fbf6c	Witchcraft	monty-python-ccg/main/MontyPythonCcg-Main-Witchcraft.jpg	default	Event, Permanent Event	Main	Main	playerNDeck				6	TYAST Deck C	Play on any Page.  During opponent's draw phase any Angry Mob in play moves one space per turn towards target page.  When the Angry Mob reaches the Page, send both the Page and the Angry Mob to the Dead Cart.	"{or: +1 to a Combat draw}"	468
9eececac-a9cf-496f-9797-0232685a033d	With a Herring!	monty-python-ccg/main/MontyPythonCcg-Main-WithAHerring.jpg	default	Event	Main	Main	playerNDeck				4	TYAST Deck B	For a Grail Number draw of turns, all players must draw their draw phase cards from the player to their left's deck.	"{or: Target player must skip their draw phase}"	469
71c5b793-9a1e-4db5-903f-ad12eb4f0251	Wooden Badger	monty-python-ccg/main/MontyPythonCcg-Main-WoodenBadger.jpg	default	Event	Main	Main	playerNDeck				2	Rare	Peril turns out to be made of wood.  Place it in the Dead Cart.	"{or: Knights may not move forward for 1 turn}"	305
f67e7bbe-9048-48ef-a033-6cd7f3e39ffa	Write Yer Own Adversary	monty-python-ccg/main/MontyPythonCcg-Main-WriteYerOwnAdversary.jpg	default	Adversary	Main	Main	playerNDeck		WYO	WYO	WYO	Common			306
c2ece820-51b4-4938-bc38-15d0876af695	Write Yer Own Castle	monty-python-ccg/main/MontyPythonCcg-Main-WriteYerOwnCastle.jpg	default	Castle	Main	Main	playerNDeck				WYO	Common			307
b225c726-e915-460a-8576-df6c1622aebd	Write Yer Own Event	monty-python-ccg/main/MontyPythonCcg-Main-WriteYerOwnEvent.jpg	default	Event	Main	Main	playerNDeck				WYO	Common			308
a9f2985b-4317-4bef-bbe3-757c0ad7e5f7	Write Yer Own Item	monty-python-ccg/main/MontyPythonCcg-Main-WriteYerOwnItem.jpg	default	Item	Main	Main	playerNDeck				WYO	Common			309
55016fac-407c-4a94-860b-a3fd072fbb64	Write Yer Own Knight	monty-python-ccg/main/MontyPythonCcg-Main-WriteYerOwnKnight.jpg	default	Knight	Main	Main	playerNDeck		WYO	WYO	WYO	Common			310
21e41e83-7165-4635-84d8-4cba5afeee59	Write Yer Own Land	monty-python-ccg/main/MontyPythonCcg-Main-WriteYerOwnLand.jpg	default	Land	Main	Main	playerNDeck				WYO	Common			311
9c6c87a7-3240-44aa-aa6b-29b542140e12	Write Yer Own Page Card	monty-python-ccg/main/MontyPythonCcg-Main-WriteYerOwnPageCard.jpg	default	Page	Main	Main	playerNDeck				WYO	TYAST Deck B, TYAST Deck C, TYAST Deck D			470a
22b1ed99-2922-45d7-9153-7eb33f3e4eff	Write Yer Own Page Card	monty-python-ccg/main/MontyPythonCcg-Main-WriteYerOwnPageCard-2.jpg	default	Page	Main	Main	playerNDeck				WYO	TYAST Deck A			470b
3966a0e3-07d0-4ace-9eb4-5acdf30af56c	Write Yer Own Taunt	monty-python-ccg/main/MontyPythonCcg-Main-WriteYerOwnTaunt.jpg	default	Taunt	Main	Main	playerNDeck				WYO	Common			312
ad4f8fa7-4446-4848-9672-19ace1d12bb3	Write Yer Own Village	monty-python-ccg/main/MontyPythonCcg-Main-WriteYerOwnVillage.jpg	default	Village	Main	Main	playerNDeck				WYO	Common			313
a3b9d758-86d6-46ed-ac0f-81155fbb6c8e	You Make Me Sad	monty-python-ccg/main/MontyPythonCcg-Main-YouMakeMeSad.jpg	default	Event	Main	Main	playerNDeck				6	TYAST Deck A	-3 to a Round Table draw.	"{or: -1 to a Wits draw}"	471
88f7867e-9ddd-4f03-9b26-d8c4670b54f3	Your Mother	monty-python-ccg/main/MontyPythonCcg-Main-YourMother.jpg	default	Taunt	Main	Main	playerNDeck				5	TYAST Deck D	Opponent must immediately finish their drink or their Knights are forced into combat and may not Run Away.	"{or: Opponent may not invite others to join the Round Table for 1 turn.}"	472
a8c6041e-8978-4d2d-abee-22661746bdcc	Zoot	monty-python-ccg/main/MontyPythonCcg-Main-Zoot.jpg	default	Adversary	Main	Main	playerNDeck	Anthrax		3	4	Fixed 2, Common	A Knight defeated by Zoot in a Village or Castle may not leave that Village or Castle until Zoot is defeated by another Knight.  May be played with other Anthrax characters.	"{or: +1 to a Village Event draw}"	314
