databaseId	name	imageUrl	cardBack	type	set	class	race	skills	homeSite	mind	influence	gi	prowess	body	strikes	playable	mp	sp	magic	specific	corruption	region	sitePath	draw	opponentDraw	rarity	text	loadGroupId
AgainstShadow_ALieinYourEyes	A Lie in Your Eyes	middle-earth-ccg/againstshadow/MiddleEarthCCG-AgainstShadow-ALieInYourEyes.jpg	default	Hazard	AgainstShadow	Short-event																				R2	"Playable on an untapped non-Ringwraith, non-Wizard character. Your opponent may either; tap the character, tap an ally the character controls, or choose for you to make a roll. If the result is greater than the character's mind plus 6, the character is discarded (along with all cards he controls)."	playerNDeck
AgainstShadow_AlatartheHunter	Alatar the Hunter	middle-earth-ccg/againstshadow/MiddleEarthCCG-AgainstShadow-AlatarTheHunter.jpg	default	Hazard	AgainstShadow	Creature/Permanent-event	Maia						13	9	2	{f}{F}	6*									R2+U1	"Unique. Maia. Manifestation of Alatar. Two strikes. Attacker chooses defending characters. Detainment and -3 prowess against hero companies. Discard this card if Alatar comes into play. May be played keyed to Free-domains and Free-holds and to Andrast, Old Pukel Gap, Anfalas, Lamedon, Belfalas or Anorien; or at sites in these regions. As a permanent-event, all Maia attacks receive +1 prowess and strike and attacker chooses defending characters. Discard when any play deck is exhausted. {green} DCE: As a creature, may be played keyed to Taur Romen, Kykurian Kyn, Reimether, Lotan, Dyr, Forruhn, Harrhun ; or at sites in these regions."	playerNDeck
AgainstShadow_AloneandUnadvised	Alone and Unadvised	middle-earth-ccg/againstshadow/MiddleEarthCCG-AgainstShadow-AloneAndUnadvised.jpg	default	Hazard	AgainstShadow	Permanent-event															4					C3	Corruption. Playable on a non-Wizard, non-Ringwraith character in a company with 3 or fewer characters. Character makes a corruption check at the end of his movement/hazard phase for each region he moved through. All of his checks are modified by the number of characters in his company. during his organization phase, he may tap to attempt to remove this card by rolling greater than 6. Discard this card if his company has 4 or more characters. Cannot be duplicated on a given character.	playerNDeck
AgainstShadow_ComeatNeed	Come at Need	middle-earth-ccg/againstshadow/MiddleEarthCCG-AgainstShadow-ComeAtNeed.jpg	default	Hazard	AgainstShadow	Permanent-event																				C2	"Place one ally from your hand ""off to the side"" with it. The ally must be able to be attacked. If an opponent's company moves to a site where the ally is playable, it faces a single-strike attack with the attributes of the ally and +7 prowess. Attack is detainment if the ally and the company are both minion or both hero; and this card is discarded afterwards. You may return the ally to your hand and discard this card during your organization phase."	playerNDeck
AgainstShadow_DurinsFolk	Durin's Folk	middle-earth-ccg/againstshadow/MiddleEarthCCG-AgainstShadow-DurinsFolk.jpg	default	Hazard	AgainstShadow	Creature	Dwarves						8	-	5	{w}{b}	2*									C3	Dwarves. Five strikes. Detainment and -2 prowess against hero companies. May also be played keyed to The Shire.	playerNDeck
AgainstShadow_DwarvenTravelers	Dwarven Travelers	middle-earth-ccg/againstshadow/MiddleEarthCCG-AgainstShadow-DwarvenTravelers.jpg	default	Hazard	AgainstShadow	Creature	Dwarves						8	-	3	{w}{b}{R}{B}	1*									C3	Dwarves. Three strikes. Detainment against hero and covert companies. May be played keyed to Wilderness, Border-lands, Ruins and Lairs and Border-holds. Maia hazard creatures may be keyed to Border-hold or Ruins and Lairs against any company that has faces Dwarven Travelers this turn.	playerNDeck
AgainstShadow_EarlyHarvest	Early Harvest	middle-earth-ccg/againstshadow/MiddleEarthCCG-AgainstShadow-EarlyHarvest.jpg	default	Hazard	AgainstShadow	Short-event																				C2	Playable on a faction that is normally playable at a Border-hold. Make a roll modified by -1 if the faction is a minion faction. Return the faction to opponent's hand if the result plus the normal MPs the faction gives is greater than 12.	playerNDeck
AgainstShadow_EnchantedStream	Enchanted Stream	middle-earth-ccg/againstshadow/MiddleEarthCCG-AgainstShadow-EnchantedStream.jpg	default	Hazard	AgainstShadow	Permanent-event																				C3	Playable on a company with at least one Wilderness in its site path. A ranger in the company can tap to cancel this card. The company cannot split or move to a new site unless it taps all of its untapped characters to a maximum of two during its organization phase. Discard during any organization phase if the company is at a Haven.	playerNDeck
AgainstShadow_FealtyUnderTrial	Fealty Under Trial	middle-earth-ccg/againstshadow/MiddleEarthCCG-AgainstShadow-FealtyUnderTrial.jpg	default	Hazard	AgainstShadow	Short-event																				C2	Playable on a minion at a Haven or Barad-dur. Make a roll, adding the MPs (as though they were stored) and CPs of all items and events played with target minion. All items and storable events played with target minion are then automatically stored. Then, if result was greater than 15, discard the minion.	playerNDeck
AgainstShadow_FEARFIREFOES	FEAR! FIRE! FOES!	middle-earth-ccg/againstshadow/MiddleEarthCCG-AgainstShadow-FEARFIREFOES.jpg	default	Hazard	AgainstShadow	Short-event																				C3	"Playable on and Free-hold or Border-hold. An extra auto-attack is created this turn; 5 strikes at 8 (detainment). Alternatively, playable on a detainment auto-attack against a minion company. The attack becomes normal and has -1 prowess."	playerNDeck
AgainstShadow_FullofFrothandRage	Full of Froth and Rage	middle-earth-ccg/againstshadow/MiddleEarthCCG-AgainstShadow-FullOfFrothAndRage.jpg	default	Hazard	AgainstShadow	Permanent-event																				C2	All Spider and Animal attacks receive +2 prowess. Discard if a Spider or Animal attack is defeated. Cannot be duplicated.	playerNDeck
AgainstShadow_Galadhrim	Galadhrim	middle-earth-ccg/againstshadow/MiddleEarthCCG-AgainstShadow-Galadhrim.jpg	default	Hazard	AgainstShadow	Creature	Elves						11	7	3		2*									C2	"Elves. Three strikes. Detainment and -2 prowess against hero companies. Playable keyed to Lindon, Rhudaur, Wold & Foothills, or Anfalas; or at non-Haven sites in these regions. Characters wounded by an attack from Galadhrim must discard all their items. {green} DCE: Playable keyed to Lindon, Rhudaur, Wold & Foothills, Anfalas, Heb Aaraan, or Minheldolath; or at non-Haven sites in these regions."	playerNDeck
AgainstShadow_GandalftheWhiteRider	Gandalf the White Rider	middle-earth-ccg/againstshadow/MiddleEarthCCG-AgainstShadow-GandalfTheWhiteRider.jpg	default	Hazard	AgainstShadow	Creature/Permanent-event	Maia						13	9	2	{f}{F}	6*									R2	"Unique. Maia. Manifestation of Gandalf. Two strikes. Detainment and -3 prowess against hero companies. Discard this card if Gandalf comes into play. May be played keyed to Free-domains and Free-holds and may also be keyed to Arthedain, The Shire, Rhudaur, Lindon, Wold & Foothills, or Anfalas; or at any sites in these regions. As a permanent-event, +1 hazard limit against all overt companies. Discard when any play deck is exhausted."	playerNDeck
AgainstShadow_KnightsofthePrince	Knights of the Prince	middle-earth-ccg/againstshadow/MiddleEarthCCG-AgainstShadow-KnightsOfThePrince.jpg	default	Hazard	AgainstShadow	Creature	Dunedain						10	8	4		3*									R2	"Unique. Dunedain. Four strikes. Detainment against hero companies. Playable at Anfalas, Belfalas, Lamedon, Lebennin, or Anorien; or at any sites in these regions. All untapped characters are tapped following this attack."	playerNDeck
AgainstShadow_LadyoftheGoldenWood	Lady of the Golden Wood	middle-earth-ccg/againstshadow/MiddleEarthCCG-AgainstShadow-LadyOfTheGoldenWood.jpg	default	Hazard	AgainstShadow	Creature/Permanent-event	Elves						12	10	1		3*									R2	"Unique. Elf. Manifestation of Galadriel. One strike. Detainment against hero companies. As a creature, may be played keyed to Wold & Foothills; or at sites in this region. As a permanent-event, all effects are automatically canceled which allow a minion player to search through or look at any portion of his play deck or discard pile outside the normal sequence of play. Discard when any play deck is exhausted."	playerNDeck
AgainstShadow_LordoftheCarrock	Lord of the Carrock	middle-earth-ccg/againstshadow/MiddleEarthCCG-AgainstShadow-LordOfTheCarrock.jpg	default	Hazard	AgainstShadow	Creature/Permanent-event	Men						16	9	1		2*									R2	"Unique. Man. Manifestation of Beorn. One strike. Detainment against hero companies. As a creature, he may be played keyed to Anduin Vales, Woodland Realm, Western Mirkwood, Wold & Foothills, High Pass, or Redhorn Gate; or at sites in these regions. As a permanent-event, all influence attempts against Man factions are modified by -2. Discard when any play deck is exhausted."	playerNDeck
AgainstShadow_LordoftheHaven	Lord of the Haven	middle-earth-ccg/againstshadow/MiddleEarthCCG-AgainstShadow-LordOfTheHaven.jpg	default	Hazard	AgainstShadow	Creature/Short-event	Elves						13	9	1		3*									R2	"Unique. Elf. Manifestation of Cirdan. One strike. Detainment against hero companies. May be played keyed to Lindon or any Coastal Sea region; or at sites in these regions. As a short-event, tap up to 2 characters at a site, or moving through a Coastal Sea region."	playerNDeck
AgainstShadow_MasteroftheHouse	Master of the House	middle-earth-ccg/againstshadow/MiddleEarthCCG-AgainstShadow-MasterOfTheHouse.jpg	default	Hazard	AgainstShadow	Creature/Permanent-event	Elves						14	9	1		3*									R2	"Unique. Elf. Manifestation of Elrond. One strike. Detainment against hero companies. As a creature may be played keyed to Rhudaur, Arthedain, High Pass, The Shire, or Cardolan; or at sites in these regions. As a permanent-event, each player at the end of each turn may bring one Elf hazard creature from his discard pile to his hand. discard when any play deck is exhausted."	playerNDeck
AgainstShadow_NeartoHearaWhisper	Near to Hear a Whisper	middle-earth-ccg/againstshadow/MiddleEarthCCG-AgainstShadow-NearToHearAWhisper.jpg	default	Hazard	AgainstShadow	Permanent-event																				R2	Any agent may attack a company at his site at the start of the site phase if the company chooses not to enter the site. May be revealed on-guard if the company chooses not to enter the site. Discard when any play deck is exhausted. Cannot be duplicated.	playerNDeck
AgainstShadow_OneFoetoBreedaWar	One Foe to Breed a War	middle-earth-ccg/againstshadow/MiddleEarthCCG-AgainstShadow-OneFoeToBreedAWar.jpg	default	Hazard	AgainstShadow	Permanent-event																				R2	Playable on a wounded non-Ringwraith, non-Wizard character. The next time character would heal, discard this card instead. Attacking player may always assign the first strike of any attack to this character. Cannot be duplicated.	playerNDeck
AgainstShadow_PallandotheSoulkeeper	Pallando the Soul-keeper	middle-earth-ccg/againstshadow/MiddleEarthCCG-AgainstShadow-PallandoTheSoulKeeper.jpg	default	Hazard	AgainstShadow	Creature/Permanent-event	Maia						13	9	2	{f}{F}	6*									R2	"Unique. Maia. Manifestation of Pallando. Two strikes. Detainment and -3 prowess against hero companies. Discard this card if Pallando comes into play. May be played keyed to Free-domains and Free-holds and may also be played keyed to Lindon, Numeriador, Arthedain, or Cardolan; or at sites in these regions. As a permanent-event, the next non-Ringwraith minion discarded from play is instead eliminated. Discard when a minion is so eliminated. {green} DCE: As a creature, may be played keyed to Lindon, Numeriador, Clyan, or Chy; or at sites in these regions."	playerNDeck
AgainstShadow_PilferAnythingUnwatched	Pilfer Anything Unwatched	middle-earth-ccg/againstshadow/MiddleEarthCCG-AgainstShadow-PilferAnythingUnwatched.jpg	default	Hazard	AgainstShadow	Short-event																				U1	Playable on an untapped agent. Tap the agent. Make a roll for a character of your choice with a home site the same as the agent's current site. Add 5 to the roll if the current site is the agent's home site. If the result is greater than the character's mind +5, the character is returned to his player's hand.	playerNDeck
AgainstShadow_PowerBuiltbyWaiting	Power Built by Waiting	middle-earth-ccg/againstshadow/MiddleEarthCCG-AgainstShadow-PowerBuiltByWaiting.jpg	default	Hazard	AgainstShadow	Permanent-event																				C3	Tap during a company's movement/hazard phase to increase the hazard limit against the company by one. Card does not untap during your untap phase. You may use 2 against a company's hazard limit to untap this card.	playerNDeck
AgainstShadow_RadagasttheTamer	Radagast the Tamer	middle-earth-ccg/againstshadow/MiddleEarthCCG-AgainstShadow-RadagastTheTamer.jpg	default	Hazard	AgainstShadow	Creature/Permanent-event	Maia						13	9	2	{f}{F}	6*									R2	Unique. Maia. Manifestation of Radagast. Two strikes. Detainment and -3 prowess against hero companies. Discard this card if Radagast comes into play. May be keyed to Free-domains and Free-holds and may also be played keyed to Southern Mirkwood, Western Mirkwood, Woodland Realm, Heart of Mirkwood or Rhosgobel. As a permanent-event, all companies moving in Southern Mirkwood, Western Mirkwood, Woodland Realm and/or Heart of Mirkwood have their hazard limit increased by +1. Discard when any play deck is exhausted.	playerNDeck
AgainstShadow_ReturnedBeyondAllHope	Returned Beyond All Hope	middle-earth-ccg/againstshadow/MiddleEarthCCG-AgainstShadow-ReturnedBeyondAllHope.jpg	default	Hazard	AgainstShadow	Short-event											2									C2	Bring one hazard creature of the following type from your discard pile to your hand: Maia, Elf, Dwarf, or Dunedain. Alternatively, bring a Maia permanent-event from play to your hand. Alternatively, make a roll - if the result is greater than 8, bring an eliminated Elf or Maia creature to its owners discard pile and place this card in your opponent's MP pile for 2 MP.	playerNDeck
AgainstShadow_RideAgainsttheEnemy	Ride Against the Enemy	middle-earth-ccg/againstshadow/MiddleEarthCCG-AgainstShadow-RideAgainstTheEnemy.jpg	default	Hazard	AgainstShadow	Short-event																				C3	Playable on a company moving through a Wilderness [{w}] if you have a character in your hand. Reveal the character. A single-strike hazard creature attack is made on the company with the attributes of the revealed character, except the prowess is increased by 7. Other cards have no effect on this attack. The attack is detainment if the revealed character and company are both minion or both hero. If defeated, place the character in your opponent's marshalling point pile - he receives the character's marshalling points as kill points. Otherwise discard the character.	playerNDeck
AgainstShadow_SarumantheWise	Saruman the Wise	middle-earth-ccg/againstshadow/MiddleEarthCCG-AgainstShadow-SarumanTheWise.jpg	default	Hazard	AgainstShadow	Creature/Permanent-event	Maia						13	9	3	{f}{F}	6*									R2	"Unique. Maia. Manifestation of Saruman. Three strikes. Detainment and -3 prowess against hero companies. Discard this card if Saruman comes into play. May be played keyed to Free-domains and Free-holds and may also be played keyed to Gap of Isen, Rohan, Enedhwaith, or Old-Pukel-land; or at sites in these regions. As a permanent- event, all rings give +1 corruption points. Discard when any play deck is exhausted."	playerNDeck
AgainstShadow_ShortLegsAreSlow	Short Legs Are Slow	middle-earth-ccg/againstshadow/MiddleEarthCCG-AgainstShadow-ShortLegsAreSlow.jpg	default	Hazard	AgainstShadow	Permanent-event																				U3	Affects companies with at least as many Hobbits as non-Hobbit characters. Number of regions affected companies can move is reduced by one. Affected companies cannot use starter movement if region movement is being used in game. Cannot be duplicated. Discard when any play deck is exhausted.	playerNDeck
AgainstShadow_SlipTreacherously	Slip Treacherously	middle-earth-ccg/againstshadow/MiddleEarthCCG-AgainstShadow-SlipTreacherously.jpg	default	Hazard	AgainstShadow	Short-event																				C3	Tap all untapped items in play.	playerNDeck
AgainstShadow_StewardsGuard	Steward's Guard	middle-earth-ccg/againstshadow/MiddleEarthCCG-AgainstShadow-StewardsGuard.jpg	default	Hazard	AgainstShadow	Creature	Dunedain						8	-	5		1*									C2	Dunedain. Five strikes. Detainment against hero and covert companies. May be played keyed to Wold & Foothills, Rohan, Anorien, Lebennin, Brown Lands, Dagorlad. Ithilien or Harondor.	playerNDeck
AgainstShadow_StoutMenofGondor	Stout Men of Gondor	middle-earth-ccg/againstshadow/MiddleEarthCCG-AgainstShadow-StoutMenOfGondor.jpg	default	Hazard	AgainstShadow	Creature	Men						7	-	6		1*									C3	"Men. Six strikes. May be played keyed to Old Pukel-land, Old Pukel Gap, Andrast, Anfalas, Lamedon, Belfalas, Lebennin, Anorien, or Rohan; or at sites in these regions."	playerNDeck
AgainstShadow_SummonsfromLongSleep	Summons from Long Sleep	middle-earth-ccg/againstshadow/MiddleEarthCCG-AgainstShadow-SummonsFromLongSleep.jpg	default	Hazard	AgainstShadow	Permanent-event																				C2	"Place a Dragon or Drake face up ""off to the side"" with this card. You may play this creature as though it were in your hand with +2 prowess. Summons from Long Sleep is discarded when the creature attacks."	playerNDeck
AgainstShadow_TrollsfromtheMountains	Trolls from the Mountains	middle-earth-ccg/againstshadow/MiddleEarthCCG-AgainstShadow-TrollsFromTheMountains.jpg	default	Hazard	AgainstShadow	Creature	Trolls						12	5	3	{w}{w}{w}	2									C2	Trolls. Three strikes. Playable keyed to triple Wilderness (three Wilderness regions in the site path are required).	playerNDeck
AgainstShadow_TroubleonAllBorders	Trouble on All Borders	middle-earth-ccg/againstshadow/MiddleEarthCCG-AgainstShadow-TroubleOnAllBorders.jpg	default	Hazard	AgainstShadow	Permanent-event																				C2	Playable on a unique faction in play. Any company moving through a region containing a site where the faction is playable, or through any adjacent region, faces an attack of 4 strikes at 8 prowess. The attack is detainment if the company and the faction are both minion or both hero. Cannot be duplicated on a faction. Discard when any play deck is exhausted.	playerNDeck
AgainstShadow_TurningHopetoDespair	Turning Hope to Despair	middle-earth-ccg/againstshadow/MiddleEarthCCG-AgainstShadow-TurningHopeToDespair.jpg	default	Hazard	AgainstShadow	Short-event																				C3	"Playable on a non-detainment attack from: Undead, Nazgul, or Maia; does not count against the hazard limit. If attack is not defeated, each character in company makes a roll and adds his mind. If the result is less than 11, the character splits off from the company and forms his own company. The character faces a separate movement/hazard phase this turn with a hazard limit of one."	playerNDeck
AgainstShadow_UnhappyBlows	Unhappy Blows	middle-earth-ccg/againstshadow/MiddleEarthCCG-AgainstShadow-UnhappyBlows.jpg	default	Hazard	AgainstShadow	Short-event																				R2	Playable on a company containing both Dwarves and Elves, or both Orcs and Trolls. Make a roll and subtract five (seven for Orcs and Trolls). If available, your opponent must choose and return to his hand any number of Elves and Dwarves (or Orcs and Trolls) in the company whose mind equals or exceeds this result. Items played with these characters are also returned to opponent's hand. Cannot be duplicated on a given turn.	playerNDeck
AgainstShadow_WillShaken	Will Shaken	middle-earth-ccg/againstshadow/MiddleEarthCCG-AgainstShadow-WillShaken.jpg	default	Hazard	AgainstShadow	Permanent-event											-2									R2	This card may never be played. If you opponent looks at cards from your hand and sees Will Shaken, place this card in his marshalling point pile. He loses two miscellaneous marshalling points. Your opponent may skip his turn in order to place this card in your discard pile.	playerNDeck
AgainstShadow_AlltheBellsRinging	All the Bells Ringing	middle-earth-ccg/againstshadow/MiddleEarthCCG-AgainstShadow-AllTheBellsRinging.jpg	default	Hero Resource	AgainstShadow	Short-event																				U3	Playable during opponent's site phase before strikes are assigned at a Free-hold or Border-hold if a minion company attacks. Attack is canceled and the minion company must face all automatic-attacks - which attack normally, not as detainment. Afterwards, the minion company may attack the hero company again.	playerNDeck
AgainstShadow_AllianceofFreePeoples	Alliance of Free Peoples	middle-earth-ccg/againstshadow/MiddleEarthCCG-AgainstShadow-AllianceOfFreePeoples.jpg	default	Hero Resource	AgainstShadow	Permanent-event																				R2	If at least one hero Dwarf, Elf and Man faction is in play, all hero Dwarf, hero Elf and hero Man factions give +1 MP. Discard when any hero Dwarf, Elf or Man faction is discard from play. Cannot be duplicated.	playerNDeck
AgainstShadow_Angmarim	Angmarim	middle-earth-ccg/againstshadow/MiddleEarthCCG-AgainstShadow-Angmarim.jpg	default	Hero Resource	AgainstShadow	Faction	Man										3									R1	Unique. Manifestation of minion Angmarim. Playable at Carn Dum if the influence check is greater than 11 (Muster has no effect). Modifications: Wizards (-5), Men (+1)	playerNDeck
AgainstShadow_BiterandBeater	Biter and Beater!	middle-earth-ccg/againstshadow/MiddleEarthCCG-AgainstShadow-BiterAndBeater.jpg	default	Hero Resource	AgainstShadow	Short-event																				C2	Playable on a company facing an Orc attack or in combat with an overt company. Also playable during opponent's site phase. Every Sword of Gondolin, Orcrist, and Glamdring in target company give an additional +2 prowess bonus and lower the body of strikes their bearers face by 1.	playerNDeck
AgainstShadow_BowoftheGaladhrim	Bow of the Galadhrim	middle-earth-ccg/againstshadow/MiddleEarthCCG-AgainstShadow-BowOfTheGaladhrim.jpg	default	Hero Resource	AgainstShadow	Major Item											2				1					U2	Unique. If bearer is an Elf Warrior in company vs. company combat, make a roll for each non-unique minion ally in the opposing company. If the result for an ally is greater than the ally's mind plus five, discard the ally.	playerNDeck
AgainstShadow_Drughu	Drughu	middle-earth-ccg/againstshadow/MiddleEarthCCG-AgainstShadow-Drughu.jpg	default	Hero Resource	AgainstShadow	Short-event																				U3	Playable on a hero company during your organization phase if you discard a ranger from your hand. All characters in company receive +2 prowess against attacks keyed to Wilderness regions and during combat at Ruins and Lairs. Cannot be duplicated on a given company.	playerNDeck
AgainstShadow_FarmerMaggot	Farmer Maggot	middle-earth-ccg/againstshadow/MiddleEarthCCG-AgainstShadow-FarmerMaggot.jpg	default	Hero Resource	AgainstShadow	Permanent-event																				R1	Unique. If your company faces an attack while at a site in The Shire, Arthedain, or Cardolan, you may immediately replace its site card with another site in The Shire, Arthedain, or Cardolan. If your company takes this option, the attack is canceled and this card is discarded.	playerNDeck
AgainstShadow_GlamourofSurpassingExcellance	Glamour of Surpassing Excellance	middle-earth-ccg/againstshadow/MiddleEarthCCG-AgainstShadow-GlamourOfSurpassingExcellance.jpg	default	Hero Resource	AgainstShadow	Short-event																				C3	Playable on a company at a Free-hold or Border-hold. Make a roll for each hazard permanent-event on characters in the company. Discard each hazard whose roll is greater than the number normally needed to remove it as printed on the card (ignoring all modifiers and conditions). If no number is given, the permanent-event is discarded if the result is greater than 8.	playerNDeck
AgainstShadow_Haradrim	Haradrim	middle-earth-ccg/againstshadow/MiddleEarthCCG-AgainstShadow-Haradrim.jpg	default	Hero Resource	AgainstShadow	Faction	Man										4									R2	Unique. Manifestation of minion Haradrim. Playable at Southron Oasis if the influence check is greater than 9. Modifications: Wizards (-5), Dunedain (-2), Elves (-2), Dwarves (-2).	playerNDeck
AgainstShadow_JewelofBeleriand	Jewel of Beleriand	middle-earth-ccg/againstshadow/MiddleEarthCCG-AgainstShadow-JewelOfBeleriand.jpg	default	Hero Resource	AgainstShadow	Minor Item															1					C2	Hoard Item. Tap this item and make a roll - if the result is greater than 6, the bearer untaps if tapped. Cannot be duplicated on a given character.	playerNDeck
AgainstShadow_MountSlain	Mount Slain	middle-earth-ccg/againstshadow/MiddleEarthCCG-AgainstShadow-MountSlain.jpg	default	Hero Resource	AgainstShadow	Permanent-event											2									R2	Playable during any player's turn if a strike against one of your companies from a Ringwraith or Nazgul creature fails. If still in active play following its body check, discard the Ringwraith.	playerNDeck
AgainstShadow_NoStrangersatthisTime	No Strangers at this Time	middle-earth-ccg/againstshadow/MiddleEarthCCG-AgainstShadow-NoStrangersAtThisTime.jpg	default	Hero Resource	AgainstShadow	Permanent-event											1									C3	"Playable during the site phase on a Free-hold or Border-hold if you've played a faction there. This site is never discarded and never untaps. All detainment attacks at this site against minion companies attack normally. Against minion companies, this site has an additional automatic-attack; an exact copy, including all modifications, of the first auto-attack listed on its card."	playerNDeck
AgainstShadow_Nurniags	Nurniags	middle-earth-ccg/againstshadow/MiddleEarthCCG-AgainstShadow-Nurniags.jpg	default	Hero Resource	AgainstShadow	Faction	Man										5									R1	Unique. Manifestation of minion Nurniags. Playable at Nurniag Camp if the influence check is greater than 13 (Muster has no effect). Modifications: Wizards (-5), Men (+1).	playerNDeck
AgainstShadow_Orcmail	Orc-mail	middle-earth-ccg/againstshadow/MiddleEarthCCG-AgainstShadow-OrcMail.jpg	default	Hero Resource	AgainstShadow	Permanent-event																				R2	Playable on a company containing only Hobbits and/or Dwarves. Company may not be attacked by an overt company. If an overt company at the same site as the target company moves, you may replace your opponents site with your copy of the minion company's new site. At the start of each of your opponent's site phases, make a roll. If the result plus the number of minion characters at the same site is greater than 12, discard this card.	playerNDeck
AgainstShadow_Pettydwarves	Petty-dwarves	middle-earth-ccg/againstshadow/MiddleEarthCCG-AgainstShadow-PettyDwarves.jpg	default	Hero Resource	AgainstShadow	Faction	Dwarf										2									R2	Unique. Manifestation of minion Petty-dwarves. Playable at The Worthy Hills if influence check is greater than 10. Modifications: Elves (-2), Dwarves (+2).	playerNDeck
AgainstShadow_PowerAgainsttheShadow	Power Against the Shadow	middle-earth-ccg/againstshadow/MiddleEarthCCG-AgainstShadow-PowerAgainstTheShadow.jpg	default	Hero Resource	AgainstShadow	Short-event																				C3	Playable during your opponent's site phase on a company being attack by a minion company. All heroes receive +3 prowess until the end of the turn. Cannot be duplicated on a given company.	playerNDeck
AgainstShadow_SafefromtheShadow	Safe from the Shadow	middle-earth-ccg/againstshadow/MiddleEarthCCG-AgainstShadow-SafeFromTheShadow.jpg	default	Hero Resource	AgainstShadow	Permanent-event																				C2	Hero characters may store resources (items and events) during the end-of-turn phase. Cannot be duplicated. Discard when any play deck is exhausted.	playerNDeck
AgainstShadow_SpiesFeared	Spies Feared	middle-earth-ccg/againstshadow/MiddleEarthCCG-AgainstShadow-SpiesFeared.jpg	default	Hero Resource	AgainstShadow	Permanent-event																				R2	Scout or Ranger only. Playable on a Shadow-hold if one of your scouts is there or on a Ruins and Lairs if one of your rangers is there. An additional automatic-attack is created at the site against minion companies: Orcs - 5 strikes at 8 (detainment). Additionally all auto-attacks at the site are duplicated (including the new one) against all companies. Discard when site is discarded or returned to your location deck.	playerNDeck
AgainstShadow_TheIthilstone	The Ithil-stone	middle-earth-ccg/againstshadow/MiddleEarthCCG-AgainstShadow-TheIthilStone.jpg	default	Hero Resource	AgainstShadow	Special Item											5				4					R1	Unique. Palantir. Playable at Barad-dur. When character taps to play the Ithil-stone, make a roll. If the result plus the number of scouts in the company is greater than 9, the Ithil-stone is successfully played. Otherwise, the bearer is eliminated and the Ithil-stone is placed in your out-of-play pile. Bear makes a corruption check at the end of each of his untap phases. Bane of the Ithil-stone is discarded and cannot be played. If the Lidless Eye is in play, its player's hand size decreases by 2.	playerNDeck
AgainstShadow_TheSunUnveiled	The Sun Unveiled	middle-earth-ccg/againstshadow/MiddleEarthCCG-AgainstShadow-TheSunUnveiled.jpg	default	Hero Resource	AgainstShadow	Short-event																				C3	Playable on a character at a Free-hold if Gates of Morning is in play. Remove all hazard permanent-events on the character and, if tapped, untap him.	playerNDeck
AgainstShadow_TowerRaided	Tower Raided	middle-earth-ccg/againstshadow/MiddleEarthCCG-AgainstShadow-TowerRaided.jpg	default	Hero Resource	AgainstShadow	Permanent-event											6									R2	Playable during the site phase on an untapped Shadow-hold if your company: bears an item worth at least 2 MP, contains an untapped scout, and discards for no effect a Stolen Knowledge card it controls. Tap the site and discard the item. Company faces an attack: Orcs - 4 strikes at 8. By the end of the site phase, tap a scout n the company or discard this card. If this card is not discarded, all versions of this site are now considered Ruins and Lairs, and no factions are playable there. Discard when site is discarded or returned to your location deck.	playerNDeck
AgainstShadow_Waineasterlings	Wain-easterlings	middle-earth-ccg/againstshadow/MiddleEarthCCG-AgainstShadow-WainEasterlings.jpg	default	Hero Resource	AgainstShadow	Faction	Man										3									U2	Unique. Manifestation of minion Wain-easterlings. Playable at Easterling Camp if influence check is greater than 8. Modifications: Wizard (-5), Dunedain (-2).	playerNDeck
AgainstShadow_WosesoftheErynVorn	Woses of the Eryn Vorn	middle-earth-ccg/againstshadow/MiddleEarthCCG-AgainstShadow-WosesOfTheErynVorn.jpg	default	Hero Resource	AgainstShadow	Faction		Wose									2									U2	Unique. Manifestation of minion Woses of Eryn Vorn. Playable at The Worthy Hills if influence check is greater than 10.	playerNDeck
AgainstShadow_CirithGorgor	Cirith Gorgor	middle-earth-ccg/againstshadow/MiddleEarthCCG-AgainstShadow-CirithGorgor.jpg	default	Hero Site	AgainstShadow	{D}										Items (minor, major, greater)						Udun	{w}{s}{f}{w}{s}{d}{d}	3	5	R2	Nearest Haven: Lorien. Automatic-attacks: Orcs - 5 strikes with 8 prowess, Trolls - 2 strikes with 10 prowess.	playerNLocationDeck
AgainstShadow_GeannaLisch	Geann a-Lisch	middle-earth-ccg/againstshadow/MiddleEarthCCG-AgainstShadow-GeannALisch.jpg	default	Hero Site	AgainstShadow	{R}										Information, Items (minor, major)						Old Pukel-land	{w}{w}{w}	2	2	U2	Nearest Haven: Edhellond. Automatic-attacks: Men - 4 strikes with 8 prowess. Special: Any man hazard creature can be played here.	playerNLocationDeck
AgainstShadow_GobelMirlond	Gobel Mirlond	middle-earth-ccg/againstshadow/MiddleEarthCCG-AgainstShadow-GobelMirlond.jpg	default	Hero Site	AgainstShadow	{B}										Items (minor, major)						Harondor	{w}{f}{c}{w}	2	2	U2	Nearest Haven: Edhellond. Automatic-attacks: Men - 4 strikes with 9 prowess (detainment).	playerNLocationDeck
AgainstShadow_NurniagCamp	Nurniag Camp	middle-earth-ccg/againstshadow/MiddleEarthCCG-AgainstShadow-NurniagCamp.jpg	default	Hero Site	AgainstShadow	{S}										Information, Items (minor, major)						Nurn	{w}{f}{c}{w}{s}	3	5	U2	Nearest Haven: Edhellond. Automatic-attacks: Men - 4 strikes with 7 prowess.	playerNLocationDeck
AgainstShadow_Raiderhold	Raider-hold	middle-earth-ccg/againstshadow/MiddleEarthCCG-AgainstShadow-RaiderHold.jpg	default	Hero Site	AgainstShadow	{B}										Items (minor, major)						Horse Plains	{w}{s}{s}{s}	3	4	U2	Nearest Haven: Lorien. Automatic-attacks: Men - 4 strikes with 9 prowess (detainment).	playerNLocationDeck
AgainstShadow_TheWorthyHills	The Worthy Hills	middle-earth-ccg/againstshadow/MiddleEarthCCG-AgainstShadow-TheWorthyHills.jpg	default	Hero Site	AgainstShadow	{R}										Information						Cardolan	{w}{w}	1	2	U2	Nearest Haven: Rivendell. Automatic-attacks: Men - each character faces 1 strike at 9 (detainment). Special: You may tap a sage and a scout during the site phase to untap this site.	playerNLocationDeck
AgainstShadow_Burat	Burat	middle-earth-ccg/againstshadow/MiddleEarthCCG-AgainstShadow-Burat.jpg	default	Minion Character	AgainstShadow		Troll	Warrior/Ranger	Any Ruins and Lairs	4	0		5	8			1									U2	"Unique. Manifestation of ""Bert"". May not be included with a starting company. May be played on the same turn Tuma and/or Wuluag is played. Discard on a body check result of 8. +1 prowess against Dwarves. Tap Burat to untap Tuma or Wuluag if at same site. If Tuma and/or Wuluag is in his company, Burat's mind is reduced by one."	playerNDeck
AgainstShadow_Mauhur	Mauhur	middle-earth-ccg/againstshadow/MiddleEarthCCG-AgainstShadow-Mauhur.jpg	default	Minion Character	AgainstShadow		Orc	Warrior	Dol Guldur	5	0		6	9			2									R2	Unique. Leader. Warrior Orc. Discard on a body check result of 9. +2 DI against Orcs and Orc factions.	playerNDeck
AgainstShadow_Mionid	Mionid	middle-earth-ccg/againstshadow/MiddleEarthCCG-AgainstShadow-Mionid.jpg	default	Minion Character	AgainstShadow		Man	Warrior/Ranger	Variag Camp	4	0		5	8			1									U2	Unique. Warrior/Ranger Man. +2 DI against any faction playable at Variag Camp.	playerNDeck
AgainstShadow_Perchen	Perchen	middle-earth-ccg/againstshadow/MiddleEarthCCG-AgainstShadow-Perchen.jpg	default	Minion Character	AgainstShadow		Man	Scout/Diplomat	Dunnish Clan-hold	5	2		3	9			2									U2	Unique. Scout/Diplomat Man. +3 DI against any faction playable at Dunnish Clan-hold.	playerNDeck
AgainstShadow_Tuma	Tuma	middle-earth-ccg/againstshadow/MiddleEarthCCG-AgainstShadow-Tuma.jpg	default	Minion Character	AgainstShadow		Troll	Warrior	Any Ruins and Lairs	4	0		6	8			1									U2	"Unique. Manifestation of ""Tom"". Warrior Troll. May not be included with a starting company. May be played on the same turn Burat and/or Wuluag is played. Discard on a body check result of 8. +1 prowess against Dwarves. Tap Tuma to untap Burat or Wuluag if at same site. If Burat and/or Wuluag is in his company, Tuma's mind is reduced by one."	playerNDeck
AgainstShadow_Wuluag	Wuluag	middle-earth-ccg/againstshadow/MiddleEarthCCG-AgainstShadow-Wuluag.jpg	default	Minion Character	AgainstShadow		Troll	Warrior/Scout	Any Ruins and Lairs	4	0		5	8			1									U2	"Unique. Manifestation of ""William"". Warrior/Scout Troll. May not be included with a starting company. May be played on the same turn Tuma and/or Burat is played. Discard on a body check result of 8. +1 prowess against Dwarves. Tap Wuluag to untap Tuma or Burat if at same site. If Tuma and/or Burat is in his company, Wuluag's mind is reduced by one."	playerNDeck
AgainstShadow_AbovetheAbyss	Above the Abyss	middle-earth-ccg/againstshadow/MiddleEarthCCG-AgainstShadow-AboveTheAbyss.jpg	default	Minion Resource	AgainstShadow	Short-event																				C3	Playable on a tapped non-Ringwraith character if your opponent is a Wizard and your Ringwraith is in play. Untap target character.	playerNDeck
AgainstShadow_AncientBlackAxe	Ancient Black Axe	middle-earth-ccg/againstshadow/MiddleEarthCCG-AgainstShadow-AncientBlackAxe.jpg	default	Minion Resource	AgainstShadow	Special Item											4				4					R2	"Unique. Weapon. Playable at any Under-deeps Shadow-hold [{S}]. +2 DI. Warrior only: +3 prowess (to a maximum of 11); -1 to strike's body; tap item to make a character at site automatically pass a corruption check (bearer makes a corruption check)."	playerNDeck
AgainstShadow_Angmarim2	Angmarim	middle-earth-ccg/againstshadow/MiddleEarthCCG-AgainstShadow-Angmarim-2.jpg	default	Minion Resource	AgainstShadow	Faction	Man										1									R2	Unique. Playable at Carn Dum if influence check is greater than 10. Modifications: Easterlings (+2), Hillmen (+2). Influenced as 0 once in play.	playerNDeck
AgainstShadow_Asdriags	Asdriags	middle-earth-ccg/againstshadow/MiddleEarthCCG-AgainstShadow-Asdriags.jpg	default	Minion Resource	AgainstShadow	Faction	Man										2									U2	Unique. Playable at Nurniag Camp if influence check is greater than 10. Modifications: Nurniags (+2), Variags of Khand (+2), Balchoth (-2).	playerNDeck
AgainstShadow_BairanaxRoused	Bairanax Roused	middle-earth-ccg/againstshadow/MiddleEarthCCG-AgainstShadow-BairanaxRoused.jpg	default	Minion Resource	AgainstShadow	Faction	Dragon										3									R1	Unique. Manifestation of Bairanax. Playable at Ovir Hollow if influence check is greater than 11. Modifications: influencer discards a major (+3) or greater item (+6). Attacks by Bairanax against any of your companies are canceled. Any company moving in Withered Heath, Gundabad, Anduin Vales, and/or Grey Mountains Narrows faces one attack: Dragon - 2 strikes at 14/7 (attacker chooses defending characters).	playerNDeck
AgainstShadow_BlackHorse	Black Horse	middle-earth-ccg/againstshadow/MiddleEarthCCG-AgainstShadow-BlackHorse.jpg	default	Minion Resource	AgainstShadow	Ally		Warrior		2			4	6												C3	Playable on a Ringwraith at a Darkhaven (does not tap the site). Each Horse allows you to play one Ringwraith who requires no direct influence to control. If each Ringwraith in company has a Horse, company is in Black Rider mode and may move as such. You may include up to 9 copies of this card in your play deck and sideboard. Return controller to your hand if Horse leaves play. {cyan} UEP: A Ringwraith with a mode ally (Black Horse or Creature of an Older World) will not return to hand on a body check (bc) of a 7 or 8. When a minion company consists entirely of Ringwraiths and Black Horses its maximum company size is increased to 9.	playerNDeck
AgainstShadow_BlackNumenoreans	Black Numenoreans	middle-earth-ccg/againstshadow/MiddleEarthCCG-AgainstShadow-BlackNumenoreans.jpg	default	Minion Resource	AgainstShadow	Faction	Dunadan										2									U2	Unique. Playable at Gobel Mirlond if influence check is greater gran 8. Modifications: Umbarean Corsairs (+2).	playerNDeck
AgainstShadow_CorsairsofRhun	Corsairs of Rhun	middle-earth-ccg/againstshadow/MiddleEarthCCG-AgainstShadow-CorsairsOfRhun.jpg	default	Minion Resource	AgainstShadow	Faction	Man										2									U2	Unique. Playable at Raider-hold if influence check is greater than 9. Modifications: Easterlings (+2), Men of Dorwinion (-2).	playerNDeck
AgainstShadow_CreatureofanOlderWorld	Creature of an Older World	middle-earth-ccg/againstshadow/MiddleEarthCCG-AgainstShadow-CreatureOfAnOlderWorld.jpg	default	Minion Resource	AgainstShadow	Ally		Warrior		3			5	8			1									R2	Unique. Play on your Ringwraith at a tapped or untapped Barad-dur (does not tap). Ringwraith gets +2 prowess and, if only character in company, is in Fell Rider mode and may move as such. Tap ally to: cancel a strike against your Ringwraith or to assign your Ringwraith's strikes against a hero company as you choose. Return Ringwraith to your hand if ally leaves play. {cyan} UEP: A Ringwraith with a mode ally (Black Horse or Creature of an Older World) will not return to hand on a body check (bc) of a 7 or 8.	playerNDeck
AgainstShadow_DaelominRoused	Daelomin Roused	middle-earth-ccg/againstshadow/MiddleEarthCCG-AgainstShadow-DaelominRoused.jpg	default	Minion Resource	AgainstShadow	Faction	Dragon										4									R1	Unique. Manifestation of Daelomin. Playable at Dancing Spire if influence check is greater than 12. Modifications: influencer discards a major (+3) or greater item (+6). Attacks by Daelomin against any of your companies are canceled. Any company moving in Withered Heath, Grey Mountains Narrows, Iron Hills, and/or Northern Rhovanion faces one attack: Dragon - 3 strikes at 13/8 (attacker chooses defending characters).	playerNDeck
AgainstShadow_DarkTryst	Dark Tryst	middle-earth-ccg/againstshadow/MiddleEarthCCG-AgainstShadow-DarkTryst.jpg	default	Minion Resource	AgainstShadow	Short-event																				C3	Draw three cards and remove this card from the game.	playerNDeck
AgainstShadow_DrivenasbyaMadness	Driven as by a Madness	middle-earth-ccg/againstshadow/MiddleEarthCCG-AgainstShadow-DrivenAsByAMadness.jpg	default	Minion Resource	AgainstShadow	Short-event													Spirit-magic							U3	Magic. Spirit-magic. Playable on a spirit-magic using character facing an attack. All characters in his company receive +2 prowess and -1 body against the attack. Character makes a corruption check modified by -3. Cannot be duplicated against a given check.	playerNDeck
AgainstShadow_DwarvenRingofThelorsTribe2	Dwarven Ring of Thelor's Tribe *	middle-earth-ccg/againstshadow/MiddleEarthCCG-AgainstShadow-DwarvenRingOfThelorsTribe.jpg	default	Minion Resource	AgainstShadow	Special Item											4				3(5)					U2	Unique. Dwarven Ring. Tap a Dwarf bearer to search your play deck and/or discard pile for one or two minor items to put in your hand. Bearer then makes a corruption check modified by +2.	playerNDeck
AgainstShadow_DwarvenRingofThrarsTribe2	Dwarven Ring of Thrar's Tribe *	middle-earth-ccg/againstshadow/MiddleEarthCCG-AgainstShadow-DwarvenRingOfThrarsTribe.jpg	default	Minion Resource	AgainstShadow	Special Item											4				3(5)					U2	Unique. Dwarven Ring. Tap a Dwarf bearer to search your play deck and/or discard pile for one or two minor items to put in your hand. Bearer then makes a corruption check modified by +2.	playerNDeck
AgainstShadow_EarcaraxeRoused	Earcaraxe Roused	middle-earth-ccg/againstshadow/MiddleEarthCCG-AgainstShadow-EarcaraxeRoused.jpg	default	Minion Resource	AgainstShadow	Faction	Dragon										4									R1	Unique. Manifestation of Earcaraxe. Playable at Isle of Ulond if influence check is greater than 11. Modifications: influencer discards a major (+2) or greater item (+5). Attacks by Earcaraxe against any of your companies are canceled. Any company moving in Andrast Coast, Bay of Belfalas, Eriadoran Coast, and/or Andrast faces one attack: Dragon - 2 strikes at 17/7 (attacker chooses defending characters).	playerNDeck
AgainstShadow_EyeNeverSleeping	Eye Never Sleeping	middle-earth-ccg/againstshadow/MiddleEarthCCG-AgainstShadow-EyeNeverSleeping.jpg	default	Minion Resource	AgainstShadow	Short-event																				U3	Playable if you are Sauron. Cancel one hazard creature attack.	playerNDeck
AgainstShadow_FaithlessSteward	Faithless Steward	middle-earth-ccg/againstshadow/MiddleEarthCCG-AgainstShadow-FaithlessSteward.jpg	default	Minion Resource	AgainstShadow	Permanent-event																				R2	Playable on an agent character at a Darkhaven who has a Border-hold or Free-hold as a home site. If target character is unwounded and at one of his home sites, no factions can be played at any version of that site and you receive this card's marshalling points. Cannot be duplicated on a given character.	playerNDeck
AgainstShadow_FarBelowtheDeepestDelvings	Far Below the Deepest Delvings	middle-earth-ccg/againstshadow/MiddleEarthCCG-AgainstShadow-FarBelowTheDeepestDelvings.jpg	default	Minion Resource	AgainstShadow	Short-event																				U3	Playable during the movement/hazard phase on a company moving to an Under-deeps site. At the end of its movement/hazard phase, target company may attempt to move to an additional site. Another site card is played and another movement/hazard phase immediately follows.	playerNDeck
AgainstShadow_GoblinEarthplumb	Goblin Earth-plumb	middle-earth-ccg/againstshadow/MiddleEarthCCG-AgainstShadow-GoblinEarthPlumb.jpg	default	Minion Resource	AgainstShadow	Minor Item															1					C2	Playable only on an Orc or Troll. +1 to all rolls required for bearer's company to move to adjacent Under-deeps site.	playerNDeck
AgainstShadow_GreatBats	Great Bats	middle-earth-ccg/againstshadow/MiddleEarthCCG-AgainstShadow-GreatBats.jpg	default	Minion Resource	AgainstShadow	Ally				1							1									C3	"Playable at a tapped or untapped Shadow-hold. May not be attacked. Discard if controlling character is wounded. Tap to remove the effect of an attack against its controlling character's company that states ""attacker chooses defending characters"". Cannot be duplicated on a given company."	playerNDeck
AgainstShadow_GreatLordofGoblingate	Great Lord of Goblin-gate	middle-earth-ccg/againstshadow/MiddleEarthCCG-AgainstShadow-GreatLordOfGoblinGate.jpg	default	Minion Resource	AgainstShadow	Ally				3			5	7			2									R2	Unique. Playable at Goblin-gate. Tap to give +2 prowess to all Orcs in its company: against one attack or in company versus company combat.	playerNDeck
AgainstShadow_HailofDarts	Hail of Darts	middle-earth-ccg/againstshadow/MiddleEarthCCG-AgainstShadow-HailOfDarts.jpg	default	Minion Resource	AgainstShadow	Short-event																				R2	Playable during the organization phase on a company. Each character tapping in support gives a +3 modification to prowess instead of the normal +1. Cannot be duplicated on a given company.	playerNDeck
AgainstShadow_Haradrim2	Haradrim	middle-earth-ccg/againstshadow/MiddleEarthCCG-AgainstShadow-Haradrim-2.jpg	default	Minion Resource	AgainstShadow	Faction	Man										2									U2	Unique. Playable at Southron Oasis if the influence check is greater than 9. Modifications: Southrons (+2), Variags of Khand (-2).	playerNDeck
AgainstShadow_HelmofFear	Helm of Fear	middle-earth-ccg/againstshadow/MiddleEarthCCG-AgainstShadow-HelmOfFear.jpg	default	Minion Resource	AgainstShadow	Special Item											2									U2	Unique. Playable at a tapped or untapped Barad-dur and only on your Ringwraith (does not tap the site). Tap this item to cancel an attack against the Ringwraith's company. All body checks against the bearer are modified by -1.	playerNDeck
AgainstShadow_HoardWellsearched	Hoard Well-searched	middle-earth-ccg/againstshadow/MiddleEarthCCG-AgainstShadow-HoardWellSearched.jpg	default	Minion Resource	AgainstShadow	Short-event																				C2	Scout only. Playable during the site phase on a company with a scout at a tapped site that contains a hoard. A minor or major item may be played.	playerNDeck
AgainstShadow_HoldRebuiltandRepaired	Hold Rebuilt and Repaired	middle-earth-ccg/againstshadow/MiddleEarthCCG-AgainstShadow-HoldRebuiltAndRepaired.jpg	default	Minion Resource	AgainstShadow	Permanent-event																				C2	Playable during the site phase on a non-Dragon's lair, non-Under-deeps Ruins and Lairs. The site becomes a Shadow-hold and all automatic-attacks become detainment. Discard this card when the site is discarded or returned to its location deck.	playerNDeck
AgainstShadow_HoundsofSauron	Hounds of Sauron	middle-earth-ccg/againstshadow/MiddleEarthCCG-AgainstShadow-HoundsOfSauron.jpg	default	Minion Resource	AgainstShadow	Short-event													Shadow-magic							R2	Magic. Shadow-magic. Playable during the site phase by a shadow-magic using character in lieu of declaring an attack against a hero company. The hero company faces an attack of Wolves - 4 strikes at 8 prowess. Alternatively, playable on a non-automatic attack against a shadow-magic using character. The number of strikes is reduced to one. Caster makes a corruption check modified by -4.	playerNDeck
AgainstShadow_IronShieldofOld	Iron Shield of Old	middle-earth-ccg/againstshadow/MiddleEarthCCG-AgainstShadow-IronShieldOfOld.jpg	default	Minion Resource	AgainstShadow	Special Item											2				3					C2	Shield. Playable at any Under-deeps Shadow-hold or Ruins and Lairs. +2 to all rolls required for bearer's company to move to an adjacent Under-deeps site. Warrior only: tap this items to make one strike against the bearer ineffectual.	playerNDeck
AgainstShadow_ItangastRoused	Itangast Roused	middle-earth-ccg/againstshadow/MiddleEarthCCG-AgainstShadow-ItangastRoused.jpg	default	Minion Resource	AgainstShadow	Faction	Dragon										6									R1	Unique. Manifestation of Itangast. Playable at Gold Hill if influence check is greater than 15. Modifications: influencer discards a major (+)4 or greater item (+8). Attacks by Itangast against any of your companies are canceled. Any company moving in Withered Heath, Grey Mountains Narrows, Iron Hills, and/or Northern Rhovanion faces one attack: Dragon - 3 strikes at 18/8 .	playerNDeck
AgainstShadow_JoinWithThatPower	Join With That Power	middle-earth-ccg/againstshadow/MiddleEarthCCG-AgainstShadow-JoinWithThatPower.jpg	default	Minion Resource	AgainstShadow	Short-event																				C3	Diplomat only. One influence check or corruption check by a character in a diplomat's company receives a bonus equal to the number of characters in the company minus one. Cannot be duplicated on a given check.	playerNDeck
AgainstShadow_LegendaryStair	Legendary Stair	middle-earth-ccg/againstshadow/MiddleEarthCCG-AgainstShadow-LegendaryStair.jpg	default	Minion Resource	AgainstShadow	Short-event																				C2	Playable if the company's new site is an Under-deeps site. At the end of the turn, the company may replace its new site card with its site of origin card.	playerNDeck
AgainstShadow_LeucaruthRoused	Leucaruth Roused	middle-earth-ccg/againstshadow/MiddleEarthCCG-AgainstShadow-LeucaruthRoused.jpg	default	Minion Resource	AgainstShadow	Faction	Dragon										4									R1	Unique. Manifestation of Leucaruth. Playable at Irerock if influence check is greater than 12. Modifications: influencer discards a major (+3) or greater item (+6). Attacks by Leucaruth against any of your companies are canceled. Any company moving in Withered Heath, Grey Mountains Narrows, Iron Hills, and/or Northern Rhovanion faces one attack: Dragon - 2 strikes at 16/8.	playerNDeck
AgainstShadow_Morgulorcs	Morgul-orcs	middle-earth-ccg/againstshadow/MiddleEarthCCG-AgainstShadow-MorgulOrcs.jpg	default	Minion Resource	AgainstShadow	Faction	Orc										1									R2	Unique. Playable at Minas Morgul if influence check is greater than 8. Modifications: Ungol-orcs (-2), Orcs of Angmar (+2). Influence as 0 once in play.	playerNDeck
AgainstShadow_NecklaceofGirion2	Necklace of Girion *	middle-earth-ccg/againstshadow/MiddleEarthCCG-AgainstShadow-NecklaceOfGirion.jpg	default	Minion Resource	AgainstShadow	Special Item											3				3					R2	Unique. Playable at the Lonely Mountain. Bearer receives +3 DI against Men and Man Factions. If bearer is at a Border-hold during his site phase, he can make a corruption check, and, if successful, discard this item to play up to 3 non-unique minor and/or major items with his company. Characters need not tap.	playerNDeck
AgainstShadow_Nuriags	Nuriags	middle-earth-ccg/againstshadow/MiddleEarthCCG-AgainstShadow-Nuriags.jpg	default	Minion Resource	AgainstShadow	Faction	Man										2									U2	Unique. Playable at Variag Camp if the influence check is greater than 9. Modifications: Haradrim (+2), Southrons (-2).	playerNDeck
AgainstShadow_OldTreasure	Old Treasure	middle-earth-ccg/againstshadow/MiddleEarthCCG-AgainstShadow-OldTreasure.jpg	default	Minion Resource	AgainstShadow	Minor Item															1					C2	Hoard Item. +1 DI. Discard this item to give +4 DI to bearer until the end of the turn.	playerNDeck
AgainstShadow_OrcsofDolGuldur	Orcs of Dol Guldur	middle-earth-ccg/againstshadow/MiddleEarthCCG-AgainstShadow-OrcsOfDolGuldur.jpg	default	Minion Resource	AgainstShadow	Faction	Orc										1									R2	Unique. Playable at Dol Guldur if the influence check is greater than 8. Modifications: Orcs of Moria (-2), Orcs of the Red Eye (+2). Influenced as 0 once in play.	playerNDeck
AgainstShadow_OrdersfromLugburz	Orders from Lugburz	middle-earth-ccg/againstshadow/MiddleEarthCCG-AgainstShadow-OrdersFromLugburz.jpg	default	Minion Resource	AgainstShadow	Permanent-event																				U3	Playable on a company. May be played with a starting company in lieu of a minor item. This company may contain a Troll leader in addition to another leader. +1 to all corruption checks by followers of Troll leaders in this company. Discard is Ren is your Ringwraith or when a leader leaves the company. Cannot be duplicated on a given company.	playerNDeck
AgainstShadow_OurOwnWolves	Our Own Wolves	middle-earth-ccg/againstshadow/MiddleEarthCCG-AgainstShadow-OurOwnWolves.jpg	default	Minion Resource	AgainstShadow	Short-event													Spirit-magic							R2	Magic. Spirit-magic. Playable on a company with a spirit-magic using character facing an attack. Each wolf ally gets +3 prowess against the attack. Following the attack, the controller of each wolf ally faces an attack: one strike with the ally's normal prowess +3. If the strike of an attack is successful, discard the wolf ally. Caster makes a corruption check modified by -3.	playerNDeck
AgainstShadow_PaddingFeet	Padding Feet	middle-earth-ccg/againstshadow/MiddleEarthCCG-AgainstShadow-PaddingFeet.jpg	default	Minion Resource	AgainstShadow	Permanent-event																				R2	Playable during  the site phase on a lone scout minion (no other characters or allies in his company) at the same site as an opponent hero company containing a hobbit. Also playable on a lone minion controlling Stinker. If during a following site phase target character is at the same site as the Hobbit, tap this card. This card never untaps. If then during a following site phase, target character is at the same site as the Hobbit, invert this card. If inverted, this card may be stored at a Darkhaven for 5 MP.	playerNDeck
AgainstShadow_Pettydwarves2	Petty-dwarves	middle-earth-ccg/againstshadow/MiddleEarthCCG-AgainstShadow-PettyDwarves-2.jpg	default	Minion Resource	AgainstShadow	Faction	Dwarf										3									R2	Unique. Playable at The Worthy Hills if the influence check is greater than 11.	playerNDeck
AgainstShadow_PowersTooDarkandTerrible	Powers Too Dark and Terrible	middle-earth-ccg/againstshadow/MiddleEarthCCG-AgainstShadow-PowersTooDarkAndTerrible.jpg	default	Minion Resource	AgainstShadow	Permanent-event																				R2	Playable if you are Sauron. Once each of your turns, you may choose any character you control bearing a mind ring or special item to use sorcery, shadow-magic or spirit- magic for the purposes of playing one magic card. Additionally, the corruption checks of all hero spells are modified by -1. Cannot be duplicated. Discard when any play deck is exhausted.	playerNDeck
AgainstShadow_RecordsUnread	Records Unread	middle-earth-ccg/againstshadow/MiddleEarthCCG-AgainstShadow-RecordsUnread.jpg	default	Minion Resource	AgainstShadow	Minor Item															1					C2	Cannot be included with a starting company. Discard: to untap a Shadow-hold or to make an Information playable at any Shadow-hold. Cannot be duplicated in a company.	playerNDeck
AgainstShadow_RegimentofBlackCrows	Regiment of Black Crows	middle-earth-ccg/againstshadow/MiddleEarthCCG-AgainstShadow-RegimentOfBlackCrows.jpg	default	Minion Resource	AgainstShadow	Ally				1							1									C3	Playable at a tapped or untapped non-Under-deeps Ruins and Lairs. Discard if its controller is wounded. Tap to cancel a hazard creature attack not keyed to a site and to put the creature's card back in its player's hand. Cannot be duplicated.	playerNDeck
AgainstShadow_RivenGate	Riven Gate	middle-earth-ccg/againstshadow/MiddleEarthCCG-AgainstShadow-RivenGate.jpg	default	Minion Resource	AgainstShadow	Short-event													Sorcery							R2	Magic. Sorcery. Playable on a sorcery-using character when facing the automatic-attacks at a Border-hold. All automatic-attacks at the site are canceled, and any influence attempt against a faction at the site this turn is modified by +2. Character makes a corruption check modified by -4.	playerNDeck
AgainstShadow_SackOvertheHead	Sack Over the Head	middle-earth-ccg/againstshadow/MiddleEarthCCG-AgainstShadow-SackOverTheHead.jpg	default	Minion Resource	AgainstShadow	Permanent-event																				U3	Playable on a Troll minion whose company is attacking a hero company with at least one Dwarf or Hobbit. For each successful strike against a Dwarf or Hobbit, the character is not wounded, but rather placed off to the side. Target Troll cannot move to a Haven. At the start of your turn, make a roll for each character placed with this card. if the result is greater than 8, the character is eliminated. If Troll is wounded or removed from play, discard this card and the surviving Dwarves and Hobbits form a company at the Troll's current site.	playerNDeck
AgainstShadow_SecretBook	Secret Book	middle-earth-ccg/againstshadow/MiddleEarthCCG-AgainstShadow-SecretBook.jpg	default	Minion Resource	AgainstShadow	Minor Item															1					C2	Cannot be included with a starting company. Discard: to untap a Free-hold or Border-hold or to make Information playable at any Ruins and Lairs. Cannot be duplicated in a company.	playerNDeck
AgainstShadow_Steeds	Steeds	middle-earth-ccg/againstshadow/MiddleEarthCCG-AgainstShadow-Steeds.jpg	default	Minion Resource	AgainstShadow	Short-event																				R2	Playable during the organization phase on a moving covert company. The hazard limit is decreased by two (to a minimum of 2). The prowess of any hazard creatures played against the company this turn is modified by 1.	playerNDeck
AgainstShadow_TheAshMountainDeeps	The Ash Mountain Deeps	middle-earth-ccg/againstshadow/MiddleEarthCCG-AgainstShadow-TheAshMountainDeeps.jpg	default	Minion Resource	AgainstShadow	Short-event																				C2	Ranger only. If his company uses region movement, it may move as if the following regions are adjacent: Dagorlad and Gorgoroth, Horse Plains and Gorgoroth. The company faces a detainment attack at the beginning of its movement/hazard phase: Orcs - 4 strikes at 6. Alternatively, if the site moved to is in one of the regions listed above, the hazard limit is reduced by one (to a minimum of 2).	playerNDeck
AgainstShadow_TheBalrog	The Balrog	middle-earth-ccg/againstshadow/MiddleEarthCCG-AgainstShadow-TheBalrog.jpg	default	Minion Resource	AgainstShadow	Ally		Warrior		6			13	9			4									R2	Unique. Playable by a non-Ringwraith character at the Under-gates. Discard if its company moves to a non-Under-deeps site. During your organization phase, your opponent makes a roll and subtracts two. If the result is greater than the mind of this ally's controlling character, the character is eliminated.	playerNDeck
AgainstShadow_TheDarkPower	The Dark Power	middle-earth-ccg/againstshadow/MiddleEarthCCG-AgainstShadow-TheDarkPower.jpg	default	Minion Resource	AgainstShadow	Short-event																				U3	Playable only if you are Sauron. +3 to an influence check against a faction. If the check is not successful, shuffle the faction into your play deck.	playerNDeck
AgainstShadow_TheGreatEye	The Great Eye	middle-earth-ccg/againstshadow/MiddleEarthCCG-AgainstShadow-TheGreatEye.jpg	default	Minion Resource	AgainstShadow	Long-event																				R2	Playable if you are Sauron. Hazard limit against all companies is decreased by one (to a minimum of two). If this card is in play, you can discard it to target and cancel the play of a hazard event played by your opponent.	playerNDeck
AgainstShadow_TheMistyMountainDeeps	The Misty Mountain Deeps	middle-earth-ccg/againstshadow/MiddleEarthCCG-AgainstShadow-TheMistyMountainDeeps.jpg	default	Minion Resource	AgainstShadow	Short-event																				C2	Ranger only. If his company uses region movement, it may move as if the following regions were adjacent: Rhudaur and Anduin Vales, Rhudaur and Wold & Foothills, Hollin and Wold & Foothills, Hollin and Fangorn, Dunland and Fangorn. Alternatively, if the site moved to is one of the regions listed above, the hazard limit is reduced by two (to a minimum of two).	playerNDeck
AgainstShadow_TheMountainsofShadowDeeps	The Mountains of Shadow Deeps	middle-earth-ccg/againstshadow/MiddleEarthCCG-AgainstShadow-TheMountainsOfShadowDeeps.jpg	default	Minion Resource	AgainstShadow	Short-event																				C2	Ranger only. If his company uses region movement, it may move as if the following regions were adjacent: Ithilien and Gorgoroth, Ithilien and Nurn, Harondor and Nurn. The company faces a detainment attack - Orcs - 4 strikes at 6 prowess. Alternatively, if the site moved to is one of the regions listed above, the hazard limit is reduced by two (to a minimum of two).	playerNDeck
AgainstShadow_TheTormentedEarth	The Tormented Earth	middle-earth-ccg/againstshadow/MiddleEarthCCG-AgainstShadow-TheTormentedEarth.jpg	default	Minion Resource	AgainstShadow	Short-event													Sorcery							U3	Magic. Sorcery. Playable on a sorcery-using character facing a non-automatic-attack. Cancels the attack or gives the attack -3 prowess, your choice. Unless he is a Ringwraith, character makes a corruption check modified by -4. Cannot be duplicated against a given attack.	playerNDeck
AgainstShadow_TheUndeepsofAnduin	The Undeeps of Anduin	middle-earth-ccg/againstshadow/MiddleEarthCCG-AgainstShadow-TheUndeepsOfAnduin.jpg	default	Minion Resource	AgainstShadow	Short-event																				C2	Ranger only. Playable during the organization phase on a ranger. If his company uses region movement, it may move as if the following pairs of regions were adjacent: Rohan and Dagorlad, Anorien and Dagorlad, Lebennin and Ithilien, Lebennin and Harondor. Alternatively, if the site moved to is in one of the regions listed above, the hazard limit is reduced by two (to a minimum of two).	playerNDeck
AgainstShadow_TheUnderroads	The Under-roads	middle-earth-ccg/againstshadow/MiddleEarthCCG-AgainstShadow-TheUnderRoads.jpg	default	Minion Resource	AgainstShadow	Long-event																				C2	The roll required for minions to move between adjacent Under-deeps sites is decreased by 3. Discards and prohibits the subsequent play of The Way is Shut.	playerNDeck
AgainstShadow_TheWhiteMountainCavernways	The White Mountain Cavern-ways	middle-earth-ccg/againstshadow/MiddleEarthCCG-AgainstShadow-TheWhiteMountainCavernWays.jpg	default	Minion Resource	AgainstShadow	Short-event																				C2	Ranger only. Playable during the organization phase on a ranger. If his company uses region movement, it may move as if the following pairs of regions were adjacent: Old Pukel-land and Anfalas, Rohan and Lamedon, Rohan and Anfalas, Anorien and Lamedon. Alternatively, if the site moved to is in one of the regions listed above, the hazard limit is reduced by two (to a minimum of two).	playerNDeck
AgainstShadow_ThongofFire	Thong of Fire	middle-earth-ccg/againstshadow/MiddleEarthCCG-AgainstShadow-ThongOfFire.jpg	default	Minion Resource	AgainstShadow	Greater Item											3				3					R2	"Unique. Hoard Item. Weapon. May only be borne by a character with a prowess of 6 or more. Warrior only: +1 body; +1 prowess; if bearer chooses not to tap against a strike, he receives no prowess penalty."	playerNDeck
AgainstShadow_Thrallring	Thrall-ring	middle-earth-ccg/againstshadow/MiddleEarthCCG-AgainstShadow-ThrallRing.jpg	default	Minion Resource	AgainstShadow	Minor Item															2					R2	Mind Ring. -1 mind, +1 DI. Cannot be duplicated on a given character.	playerNDeck
AgainstShadow_ThrorsMap2	Thror's Map	middle-earth-ccg/againstshadow/MiddleEarthCCG-AgainstShadow-ThrorsMap.jpg	default	Minion Resource	AgainstShadow	Minor Item															1					U2	Unique. Discard Thror's Map to untap a site with a Dragon automatic-attack.	playerNDeck
AgainstShadow_TokenstoShow	Tokens to Show	middle-earth-ccg/againstshadow/MiddleEarthCCG-AgainstShadow-TokensToShow.jpg	default	Minion Resource	AgainstShadow	Permanent-event																				C2	Minion characters may store resources (items and events) during the end-of-turn phase as though it were their organization phase. Cannot be duplicated. Discard when any play deck is exhausted.	playerNDeck
AgainstShadow_TreasontheGreatestFoe	Treason the Greatest Foe	middle-earth-ccg/againstshadow/MiddleEarthCCG-AgainstShadow-TreasonTheGreatestFoe.jpg	default	Minion Resource	AgainstShadow	Permanent-event											4									R2	Playable during the site phase on a minion if a non-Wizard hero is at the same site and the hero and minion have the same home site. Make a roll (draw a #). If the result plus target minion's unused direct influence is greater than the hero's mind plus his player's unused general influence, discard the hero (and all cards he controls) and place this card in your marshalling point pile. Otherwise, discard this card.	playerNDeck
AgainstShadow_TributeGarnered	Tribute Garnered	middle-earth-ccg/againstshadow/MiddleEarthCCG-AgainstShadow-TributeGarnered.jpg	default	Minion Resource	AgainstShadow	Permanent-event											1									C2	Playable on a faction in play. That faction gives an additional miscellaneous marshalling point. Cannot be duplicated on a given faction. Discard when any play deck is exhausted.	playerNDeck
AgainstShadow_Trothring	Troth-ring	middle-earth-ccg/againstshadow/MiddleEarthCCG-AgainstShadow-TrothRing.jpg	default	Minion Resource	AgainstShadow	Minor Item															2					R2	Mind Ring. -1 mind, -1 to body checks. Cannot be duplicated on a given character.	playerNDeck
AgainstShadow_UseYourLegs	Use Your Legs	middle-earth-ccg/againstshadow/MiddleEarthCCG-AgainstShadow-UseYourLegs.jpg	default	Minion Resource	AgainstShadow	Permanent-event											-3									R2	"Playable on an Orc minion whose company is attacking a hero company with at least one Hobbit. For each successful strike against a Hobbit, the character is not wounded, but rather placed ""off to the side"" with this card. Discard if no characters are placed with this card. Make a roll (draw a #) during your end-of-turn phase. If the result is less than 7, discard this card. If target Orc is wounded or removed from active play, discard this card. If this card is discarded, the surviving Hobbits immediately form a company at the Orc's current site or new site. MPs are awarded if stored at Barad-dur, and the Hobbits are then eliminated."	playerNDeck
AgainstShadow_UsrievofTreachery	Usriev of Treachery	middle-earth-ccg/againstshadow/MiddleEarthCCG-AgainstShadow-UsrievOfTreachery.jpg	default	Minion Resource	AgainstShadow	Major Item											1				1					C3	Hoard Item. Weapon. Bearer must have a prowess of 5 or greater to wield this item. Warrior only: +1 prowess to a maximum of 8 (+2 vs. Elves to a maximum of 9). Bearer may choose to face 2 strikes from 1 attack.	playerNDeck
AgainstShadow_Waineasterlings2	Wain-easterlings	middle-earth-ccg/againstshadow/MiddleEarthCCG-AgainstShadow-WainEasterlings-2.jpg	default	Minion Resource	AgainstShadow	Faction	Man										2									U2	Unique. Playable at Easterling Camp if the influence check is greater than 9. Modifications: Easterlings (+2), Nuriags (-2).	playerNDeck
AgainstShadow_Wellpreserved	Well-preserved	middle-earth-ccg/againstshadow/MiddleEarthCCG-AgainstShadow-WellPreserved.jpg	default	Minion Resource	AgainstShadow	Permanent-event													Shadow-magic							U3	Magic. Shadow-magic. Playable on a wounded character in a company with a shadow-magic-using character. Wounded character becomes untapped with -1 to body. Discard at the end of his untap phase if at a Darkhaven. Unless the shadow-magic-user is a Ringwraith, he makes a corruption check modified by -3.	playerNDeck
AgainstShadow_WorldGnawedbytheNameless	World Gnawed by the Nameless	middle-earth-ccg/againstshadow/MiddleEarthCCG-AgainstShadow-WorldGnawedByTheNameless.jpg	default	Minion Resource	AgainstShadow	Short-event																				R2	Playable during the movement/hazard phase on a company moving to an Under-deeps site. At the end of its movement/hazard phase, target company attempts to move to an additional Under-deeps site which it has not attempted to move to yet this turn. Another site card is played and a movement/hazard phase immediately follows. Return this card to your hand. All hazard creatures the company faces this turn keyed to Shadow-holds attack normally, not as detainment.	playerNDeck
AgainstShadow_DancingSpire2	Dancing Spire (M)	middle-earth-ccg/againstshadow/MiddleEarthCCG-AgainstShadow-DancingSpireM.jpg	default	Minion Site	AgainstShadow	{R}																Withered Heath	{d}{w}{w}{w}	2	2	U2	Nearest Darkhaven: Dol Guldur. Playable: Items (minor, major, greater, gold ring). Automatic-attacks: Dragon - 2 strikes with 11 prowess.	playerNLocationDeck
AgainstShadow_EaglesEyrie2	Eagles' Eyrie (M)	middle-earth-ccg/againstshadow/MiddleEarthCCG-AgainstShadow-EaglesEyrieM.jpg	default	Minion Site	AgainstShadow	{F}																Anduin Vales	{d}{s}	1	2	U2	Nearest Darkhaven: Dol Guldur. Playable: Information, Items (minor, major). Automatic-attacks: Animals - 2 strikes with 10 prowess (attacker chooses defending characters).	playerNLocationDeck
AgainstShadow_Edhellond2	Edhellond (M)	middle-earth-ccg/againstshadow/MiddleEarthCCG-AgainstShadow-EdhellondM.jpg	default	Minion Site	AgainstShadow	{F}																Anfalas	{w}{w}{w}	3	5	R2	"Nearest Darkhaven: Geann a-Lisch. Playable: Information, Items (minor, major, greater). Automatic-attacks: Elves - 4 strikes with 7 prowess; Dunedain - 3 strikes with 10 prowess. Special: Any company moving to this site has its hazard limit increased by 2. A minion company may not attack another company at this site. A Ringwraith may not move to this site."	playerNLocationDeck
AgainstShadow_Framsburg2	Framsburg (M)	middle-earth-ccg/againstshadow/MiddleEarthCCG-AgainstShadow-FramsburgM.jpg	default	Minion Site	AgainstShadow	{R}																Anduin Vales	{d}{s}	1	2	R2	Nearest Darkhaven: Dol Guldur. Playable: Items (minor). Automatic-attacks: Men - 1 strike with 10 prowess. Special: The first minor item played at this site each turn does not tap the site. Contains a hoard.	playerNLocationDeck
AgainstShadow_GoldHill2	Gold Hill (M)	middle-earth-ccg/againstshadow/MiddleEarthCCG-AgainstShadow-GoldHillM.jpg	default	Minion Site	AgainstShadow	{R}																Withered Heath	{d}{w}{w}{w}	2	2	U2	Nearest Darkhaven: Dol Guldur. Playable: Items (minor, major, greater, gold ring). Automatic-attacks: Dragon - 1 strike with 15 prowess.	playerNLocationDeck
AgainstShadow_GreyHavens2	Grey Havens (M)	middle-earth-ccg/againstshadow/MiddleEarthCCG-AgainstShadow-GreyHavensM.jpg	default	Minion Site	AgainstShadow	{F}																Lindon	{s}{w}{f}	2	3	R2	"Nearest Darkhaven: Carn Dum. Playable: Information, Items (minor, major, greater). Automatic-attacks: Elves - 3 strikes with 8 prowess; Elves - 2 strikes with 10 prowess. Special: Any company moving to this site has its hazard limit increased by 2. A minion company may not attack another company at this site. A Ringwraith may not move to this site."	playerNLocationDeck
AgainstShadow_Himring2	Himring (M)	middle-earth-ccg/againstshadow/MiddleEarthCCG-AgainstShadow-HimringM.jpg	default	Minion Site	AgainstShadow	{R}																Elven Shores	{w}{c}{c}	3	3	U2	"Nearest Darkhaven: Geann a-Lisch. Playable: Items (minor, major). Automatic-attacks: Undead - 1 strike with 8 prowess; each character wounded must make a corruption check modified by -2. Special: An overt company must tap an untapped character (if available) if this site is revealed as its new site."	playerNLocationDeck
AgainstShadow_Irerock2	Irerock (M)	middle-earth-ccg/againstshadow/MiddleEarthCCG-AgainstShadow-IrerockM.jpg	default	Minion Site	AgainstShadow	{R}																Withered Heath	{d}{w}{w}{w}	2	2	U2	Nearest Darkhaven: Dol Guldur. Playable: Items (minor, major, greater, gold ring). Automatic-attacks: Dragon - 1 strike with 14 prowess.	playerNLocationDeck
AgainstShadow_IsleoftheUlond2	Isle of the Ulond (M)	middle-earth-ccg/againstshadow/MiddleEarthCCG-AgainstShadow-IsleOfTheUlondM.jpg	default	Minion Site	AgainstShadow	{R}																Andrast Coast	{w}{w}{c}	2	2	U2	Nearest Darkhaven: Geann a-Lisch. Playable: Information, Items (minor, major). Automatic-attacks: Dragon - 1 strike with 14 prowess. Special: An overt company must tap an untapped character (if available) if this site is revealed as its new site.	playerNLocationDeck
AgainstShadow_IslesoftheDeadthatLive2	Isles of the Dead that Live (M)	middle-earth-ccg/againstshadow/MiddleEarthCCG-AgainstShadow-IslesOfTheDeadThatLiveM.jpg	default	Minion Site	AgainstShadow	{R}																Eriadoran Coast	{w}{c}	1	2	U2	"Nearest Darkhaven: Geann a-Lisch. Playable: Items (minor, major, gold ring). Automatic-attacks: Undead - 2 strikes with 8 prowess; each character wounded must make a corruption check modified by -2. Special: A covert company must tap an untapped character (if available) if this site is revealed as its new site."	playerNLocationDeck
AgainstShadow_Lorien2	Lorien (M)	middle-earth-ccg/againstshadow/MiddleEarthCCG-AgainstShadow-LorienM.jpg	default	Minion Site	AgainstShadow	{F}																Wold & Foothills	{d}{s}{w}	2	4	R2	"Nearest Darkhaven: Dol Guldur. Playable: Information, Items (minor, major, greater, gold ring). Automatic-attacks: Elves - 4 strikes with 8 prowess; Elves - 3 strikes with 9 prowess; Elves - 2 strikes with 10 prowess. Special: Any company moving to this site has its hazard limit increased by 2. A minion company may not attack another company at this site. A Ringwraith may not move to this site."	playerNLocationDeck
AgainstShadow_OldForest2	Old Forest (M)	middle-earth-ccg/againstshadow/MiddleEarthCCG-AgainstShadow-OldForestM.jpg	default	Minion Site	AgainstShadow	{B}																Cardolan	{s}{w}{w}	2	2	U2	Nearest Darkhaven: Carn Dum. Playable: Items (minor, major). Automatic-attacks: Maia - 2 strikes with 15 prowess (cannot be canceled).	playerNLocationDeck
AgainstShadow_OvirHollow2	Ovir Hollow (M)	middle-earth-ccg/againstshadow/MiddleEarthCCG-AgainstShadow-OvirHollowM.jpg	default	Minion Site	AgainstShadow	{R}																Grey Mountain Narrows	{d}{w}{w}{s}	2	2	U2	Nearest Darkhaven: Dol Guldur. Playable: Items (minor, major). Automatic-attacks: Dragon - 1 strike with 12 prowess.	playerNLocationDeck
AgainstShadow_Rhosgobel2	Rhosgobel (M)	middle-earth-ccg/againstshadow/MiddleEarthCCG-AgainstShadow-RhosgobelM.jpg	default	Minion Site	AgainstShadow	{F}																Southern Mirkwood	{d}	1	1	R2	"Nearest Darkhaven: Dol Guldur. Playable: Information, Items (minor). Automatic-attacks: Maia - 1 strike with 13 prowess; Maia - 1 strike with 13 prowess. Special: If the Wizard card Radagast is in play, the automatic-attacks are removed."	playerNLocationDeck
AgainstShadow_Rivendell2	Rivendell (M)	middle-earth-ccg/againstshadow/MiddleEarthCCG-AgainstShadow-RivendellM.jpg	default	Minion Site	AgainstShadow	{F}																Rhudaur	{s}{w}	1	3	R2	"Nearest Darkhaven: Carn Dum. Playable: Information, Items (minor, major, greater, gold ring). Automatic-attacks: Elves - 4 strikes with 8 prowess; Dunedain - 3 strikes with 10 prowess. Special: Any company moving to this site has its hazard limit increased by 2. A minion company may not attack another company at this site. A Ringwraith may not move to this site."	playerNLocationDeck
AgainstShadow_TheGemdeeps2	The Gem-deeps (M)	middle-earth-ccg/againstshadow/MiddleEarthCCG-AgainstShadow-TheGemDeepsM.jpg	default	Minion Site	AgainstShadow	{R}																Under-deeps		2	3	R2	"Playable: Items (minor, major, gold ring). Automatic-attacks: Undead (1st attack) - 3 strikes with 9 prowess; (2nd attack) Opponent may play as an automatic-attack one non-unique hazard creature from his hand normally keyed to a Shadow-hold. Special: Any Undead creature or Pukel-creature may be played at this site. Adjacent Sites:  Glittering Caves (0), The Pukel-deeps (9), The Under-gates (6)."	playerNLocationDeck
AgainstShadow_TheIrondeeps2	The Iron-deeps (M)	middle-earth-ccg/againstshadow/MiddleEarthCCG-AgainstShadow-TheIronDeepsM.jpg	default	Minion Site	AgainstShadow	{D}																Under-deeps		1	1	U2	"Playable: Items (minor). Automatic-attacks: Trolls - 3 strikes with 10 prowess (detainment).""Adjacent Sites:  Carn Dum (0), The Under-leas (5), The Under-vaults (6)."	playerNLocationDeck
AgainstShadow_ThePukeldeeps2	The Pukel-deeps (M)	middle-earth-ccg/againstshadow/MiddleEarthCCG-AgainstShadow-ThePukelDeepsM.jpg	default	Minion Site	AgainstShadow	{R}																Under-deeps		2	3	R2	"Playable: Items (minor, major, greater, gold ring). Automatic-attacks: Pukel-creature (1st attack) - 2 strikes with 11 prowess; (2nd attack) Opponent may play as an automatic-attack one non-unique hazard creature from his hand normally keyed to a Shadow-hold. Special: Any Undead creature or Pukel-creature may be played at this site. Adjacent Sites:  Dunharrow (0), The Gem-deeps (9), The Sulfur-deeps (9)."	playerNLocationDeck
AgainstShadow_TheSulfurdeeps2	The Sulfur-deeps (M)	middle-earth-ccg/againstshadow/MiddleEarthCCG-AgainstShadow-TheSulfurDeepsM.jpg	default	Minion Site	AgainstShadow	{D}																Under-deeps		1	1	U2	"Playable: Items (minor). Automatic-attacks: Trolls - 2 strikes with 10 prowess (detainment).""Adjacent Sites:  Dol Guldur (0), The Under-courts (4), The Pukel-deeps (9), The Under-gates (4), The Under-galleries (7)."	playerNLocationDeck
AgainstShadow_TheUndercourts2	The Under-courts (M)	middle-earth-ccg/againstshadow/MiddleEarthCCG-AgainstShadow-TheUnderCourtsM.jpg	default	Minion Site	AgainstShadow	{D}																Under-deeps		1	1	U2	"Playable: Items (minor). Automatic-attacks: Trolls - 3 strikes with 10 prowess (detainment).""Adjacent Sites:  Barad-dur (0), The Sulfur-deeps (4), The Under-galleries (4)."	playerNLocationDeck
AgainstShadow_TheUndergalleries2	The Under-galleries (M)	middle-earth-ccg/againstshadow/MiddleEarthCCG-AgainstShadow-TheUnderGalleriesM.jpg	default	Minion Site	AgainstShadow	{D}																Under-deeps		2	2	U2	"Playable: Information, Items (minor). Automatic-attacks: Trolls - 4 strikes with 10 prowess (detainment).""Adjacent Sites:  Any site in Udun (0), The Sulfur-deeps (7), The Under-courts (4)."	playerNLocationDeck
AgainstShadow_TheUndergates2	The Under-gates (M)	middle-earth-ccg/againstshadow/MiddleEarthCCG-AgainstShadow-TheUnderGatesM.jpg	default	Minion Site	AgainstShadow	{S}																Under-deeps		2	2	U2	"Playable: Items (minor, major). Automatic-attacks: Balrog (1st attack) - 2 strikes with 16 prowess; (2nd attack) Opponent may play as an automatic-attack one non-unique hazard creature from his hand normally keyed to a Ruins and Lairs. Special: Non-Nazgul creatures played at this site attack normally, not as detainment. If a manifestation of Balrog of Moria is in play or defeated, the first automatic-attack is canceled. Adjacent Sites:  Moria (0), The Gem-deeps (6), The Sulfur-deeps (4), The Under-grottos (7), The Under-leas (5)."	playerNLocationDeck
AgainstShadow_TheUndergrottos2	The Under-grottos (M)	middle-earth-ccg/againstshadow/MiddleEarthCCG-AgainstShadow-TheUnderGrottosM.jpg	default	Minion Site	AgainstShadow	{R}																Under-deeps		1	3	U2	"Playable: Items (minor, major, gold ring). Automatic-attacks: Orcs (1st attack) - 4 strikes with 7 prowess; (2nd attack) Opponent may play as an automatic-attack one non-unique hazard creature from his hand normally keyed to a Shadow-hold. Special: When a gold ring is tested in a company at this site, the result of the roll is modified by +1. Adjacent Sites:  Goblin-gate (0), The Under-gates (7), The Under-leas (7)."	playerNLocationDeck
AgainstShadow_TheUnderleas2	The Under-leas (M)	middle-earth-ccg/againstshadow/MiddleEarthCCG-AgainstShadow-TheUnderLeasM.jpg	default	Minion Site	AgainstShadow	{S}																Under-deeps		2	2	U2	"Playable: Items (minor, major). Automatic-attacks: Orcs (1st attack) - 5 strikes with 7 prowess (detainment against overt company); (2nd attack) Opponent may play as an automatic- attack one non- unique hazard creature from his hand normally keyed to a Ruins and Lairs. Special: Non-Nazgul creatures played at this site attack normally, not as detainment. Adjacent Sites:  Mount Gundabad (0), The Iron-deeps (5), The Under-gates (5), The Under-grottos (7), The Under-vaults (6)."	playerNLocationDeck
AgainstShadow_TheUndervaults2	The Under-vaults (M)	middle-earth-ccg/againstshadow/MiddleEarthCCG-AgainstShadow-TheUnderVaultsM.jpg	default	Minion Site	AgainstShadow	{R}																Under-deeps		1	2	U2	"Playable: Items (minor, major). Automatic-attacks: Undead (1st attack) - 3 strikes with 8 prowess; (2nd attack) Opponent may play as an automatic-attack one non-unique hazard creature from his hand normally keyed to a Shadow-hold. Special: Any Undead creature may be played at this site. Adjacent Sites:  Mount Gram (0), The Iron-deeps (6), The Under-leas (6)."	playerNLocationDeck
AgainstShadow_Tolfalas2	Tolfalas (M)	middle-earth-ccg/againstshadow/MiddleEarthCCG-AgainstShadow-TolfalasM.jpg	default	Minion Site	AgainstShadow	{R}																Mouths of the Anduin	{s}{w}{w}{c}	2	2	U2	"Nearest Darkhaven: Minas Morgul. Playable: Items (minor, major, greater*) *-Scroll of Isildur only. Automatic-attacks: Undead - 3 strikes with 7 prowess; each character wounded must make a corruption check modified by -2. Special: An overt company must tap an untapped character (if available) if this site is revealed as its new site."	playerNLocationDeck
AgainstShadow_Weathertop2	Weathertop (M)	middle-earth-ccg/againstshadow/MiddleEarthCCG-AgainstShadow-WeathertopM.jpg	default	Minion Site	AgainstShadow	{R}																Arthedain	{s}{w}	1	1	U2	Nearest Darkhaven: Carn Dum. Playable: Information. Automatic-attacks: Wolves - 2 strikes with 6 prowess.	playerNLocationDeck
AgainstShadow_Wellinghall2	Wellinghall (M)	middle-earth-ccg/againstshadow/MiddleEarthCCG-AgainstShadow-WellinghallM.jpg	default	Minion Site	AgainstShadow	{F}																Fangorn	{d}{s}{w}{w}	2	3	U2	Nearest Darkhaven: Dol Guldur. Playable: Items (minor, major). Automatic-attacks: Awakened Plant - 2 strikes with 10 prowess, Awakened Plant - 2 strikes with 10 prowess.	playerNLocationDeck
Balrog_TheBalrog2	The Balrog *	middle-earth-ccg/balrog/MiddleEarthCCG-Balrog-TheBalrog.jpg	default	Balrog Character	Balrog		Balrog	Warrior/Ranger	The Under-gates		6		8	11						Balrog						C6	Unique. Manifestation of Balrog of Moria. Discard all other manifestations of Balrog of Moria when this card comes into play. +3 to the roll for his company to move between adjacent Under-deeps sites. The Balrog's prowess is only modified by -1 when not tapping to face a strike. He may not have any followers and may not use region or starter movement. {cyan} UEP: A Balrog player can only play characters from sideboard or discard pile with mind <3 rather than <4.	playerNDeck
Balrog_AncientDeephold	Ancient Deep-hold	middle-earth-ccg/balrog/MiddleEarthCCG-Balrog-AncientDeepHold.jpg	default	Balrog Site	Balrog	{R}																Under-deeps		2	2	C1	"Playable: Information, Items (minor, major, greater, gold ring). Automatic-attacks: Undead (1st attack) 4 strikes with 7 prowess; Undead (2nd attack) 3 strikes with 8 prowess; Undead (3rd attack) 2 strikes with 10 prowess. Each character wounded must make a corruption check modified by -2. Special: Any Undead and Spider creatures may be keyed to this site. This site is never discarded or returned to its location deck. Adjacent Sites: no surface site, one Under-deeps Ruins and Lairs chosen by you when playing this card (8)."	playerNLocationDeck
Balrog_Baraddur3	Barad-dur (BA)	middle-earth-ccg/balrog/MiddleEarthCCG-Balrog-BaradDurBA.jpg	default	Balrog Site	Balrog	{D}																Gorgoroth		2	4	C1	"Playable: Items (minor, major, greater). Automatic-attacks: Orcs 4 strikes with 7 prowess; Trolls 3 strikes with 9 prowess; Maia (cannot be canceled) 1 strike with 24 prowess. Any character wounded by the Maia's attack is automatically eliminated. Special: Creatures keyed to this site attack normally, not as detainment."	playerNLocationDeck
Balrog_CarnDum3	Carn Dum (BA)	middle-earth-ccg/balrog/MiddleEarthCCG-Balrog-CarnDumBA.jpg	default	Balrog Site	Balrog	{D}																Angmar		2	3	C1	"Playable: Items (minor, major). Automatic-attacks: Orcs 4 strikes with 7 prowess; Nazgul (cannot be canceled) 1 strike with 15 prowess. Special: Creatures keyed to this site attack normally, not as detainment."	playerNLocationDeck
Balrog_CirithGorgor3	Cirith Gorgor (BA)	middle-earth-ccg/balrog/MiddleEarthCCG-Balrog-CirithGorgorBA.jpg	default	Balrog Site	Balrog	{D}																Udun		2	3	C1	"Playable: Items (minor, major, greater). Automatic-attacks: Orcs 5 strikes with 8 prowess; Trolls 2 strikes with 10 prowess. Special: Creatures keyed to this site attack normally, not as detainment."	playerNLocationDeck
Balrog_CirithUngol3	Cirith Ungol (BA)	middle-earth-ccg/balrog/MiddleEarthCCG-Balrog-CirithUngolBA.jpg	default	Balrog Site	Balrog	{D}																Imlad Morgul		2	3	C1	Playable: Items (minor, major). Automatic-attacks: Orcs 4 strikes with 7 prowess. Special: Creatures keyed to this site attack normally, not as detainment.	playerNLocationDeck
Balrog_DolGuldur3	Dol Guldur (BA)	middle-earth-ccg/balrog/MiddleEarthCCG-Balrog-DolGuldurBA.jpg	default	Balrog Site	Balrog	{D}																Southern Mirkwood		2	3	C1	"Playable: Information, Items (minor, major). Automatic-attacks: Orcs 3 strikes with 7 prowess; Trolls 2 strikes with 8 prowess; Nazgul (cannot be canceled) 1 strike with 15 prowess. Special: Creatures keyed to this site attack normally, not as detainment."	playerNLocationDeck
Balrog_MinasMorgul3	Minas Morgul (BA)	middle-earth-ccg/balrog/MiddleEarthCCG-Balrog-MinasMorgulBA.jpg	default	Balrog Site	Balrog	{D}																Imlad Morgul		2	4	C1	"Playable: Items (minor, major, greater). Automatic-attacks: Undead 3 strikes with 8 prowess; Nazgul (cannot be canceled) 1 strike with 15 prowess. Special: Creatures keyed to this site attack normally, not as detainment."	playerNLocationDeck
Balrog_Moria3	Moria (BA)	middle-earth-ccg/balrog/MiddleEarthCCG-Balrog-MoriaBA.jpg	default	Balrog Site	Balrog	{H}																Redhorn Gate		1	1	C2	Special: Any Gold Ring stored at this site is automatically tested (modify the roll by -2). Creatures keyed to this site are detainment. If one of your companies is at this site, all attacks against it are canceled.	playerNLocationDeck
Balrog_RemainsofThangorodrim	Remains of Thangorodrim	middle-earth-ccg/balrog/MiddleEarthCCG-Balrog-RemainsOfThangorodrim.jpg	default	Balrog Site	Balrog	{R}																Under-deeps		2	2	C1	"Playable: Information, Items (minor, major, greater). Automatic-attacks: Drake (1st attack) 2 strikes with 12 prowess; (2nd attack) Opponent may play as an automatic-attack one hazard creature from his hand normally keyed to Coastal Sea. Special: Creatures keyed to Coastal Seas may be keyed to this site. Adjacent Sites: no surface site, The Drowning-deeps (9)."	playerNLocationDeck
Balrog_TheDrowningdeeps	The Drowning-deeps	middle-earth-ccg/balrog/MiddleEarthCCG-Balrog-TheDrowningDeeps.jpg	default	Balrog Site	Balrog	{R}																Under-deeps		1	2	C1	"Playable: Items (minor, major). Automatic-attacks: Drake (1st attack) 2 strikes with 11 prowess; (2nd attack) Opponent may play as an automatic-attack one non-unique hazard creature from his hand normally keyed to Coastal Seas. Special: Creatures keyed to Coastal Sea and any Drakes may be keyed to this site. Adjacent Sites: Blue Mountain Dwarf-hold (13), The Under-vaults (8), Remains of Thangorodrim (9)."	playerNLocationDeck
Balrog_TheGemdeeps3	The Gem-deeps (BA)	middle-earth-ccg/balrog/MiddleEarthCCG-Balrog-TheGemDeepsBA.jpg	default	Balrog Site	Balrog	{R}																Under-deeps		1	1	C1	"Playable: Items (minor, major, gold ring). Automatic-attacks: Undead (1st attack) 3 strikes with 9 prowess; (2nd attack) Opponent may play as an automatic-attack one non-unique hazard creature from his hand normally keyed to a Shadow-hold. Special: Any Undead creature or Pukel-creature may be keyed to this site. Adjacent Sites: Glittering Caves (0), The Pukel-deeps (8), The Under-gates (6)."	playerNLocationDeck
Balrog_TheIrondeeps3	The Iron-deeps (BA)	middle-earth-ccg/balrog/MiddleEarthCCG-Balrog-TheIronDeepsBA.jpg	default	Balrog Site	Balrog	{D}																Under-deeps		2	3	C1	"Playable: Items (minor, major). Automatic-attacks: Trolls (1st attack) 3 strikes with 9 prowess; (2nd attack) Opponent may play as an automatic-attack one non-unique hazard creature from his hand normally keyed to a Ruins and Lairs. Special: Creatures keyed to this site attack normally, not as detainment. Any Drake creature (except Sea Serpent) may be keyed to this site. Adjacent Sites: Carn Dum (0), The Under-leas (6), The Under-vaults (7)."	playerNLocationDeck
Balrog_ThePukeldeeps3	The Pukel-deeps (BA)	middle-earth-ccg/balrog/MiddleEarthCCG-Balrog-ThePukelDeepsBA.jpg	default	Balrog Site	Balrog	{R}																Under-deeps		2	2	C1	"Playable: Items (minor, major, gold ring). Automatic-attacks: Pukel-creature (1st attack) 2 strikes with 11 prowess; (2nd attack) Opponent may play as an automatic-attack one non-unique hazard creature from his hand normally keyed to a Shadow-hold. Special: Any Undead creature or Pukel-creature may be keyed to this site. Adjacent Sites: Dunharrow (0), The Gem-deeps (8), The Sulfur-deeps (9)."	playerNLocationDeck
Balrog_TheRusteddeeps	The Rusted-deeps	middle-earth-ccg/balrog/MiddleEarthCCG-Balrog-TheRustedDeeps.jpg	default	Balrog Site	Balrog	{R}																Under-deeps		1	2	C1	"Playable: Items (minor, major). Automatic-attacks: Drake (1st attack) 2 strikes with 11 prowess; (2nd attack) Opponent may play as an automatic-attack one non-unique hazard creature from his hand normally keyed to a Shadow-hold. Special: Any Dragon creature (except �arcarax�) may be keyed to this site. Adjacent Sites: Iron Hill Dwarf-hold (13), The Wind-deeps (8)."	playerNLocationDeck
Balrog_TheSulfurdeeps3	The Sulfur-deeps (BA)	middle-earth-ccg/balrog/MiddleEarthCCG-Balrog-TheSulfurDeepsBA.jpg	default	Balrog Site	Balrog	{D}																Under-deeps		1	1	C1	"Playable: Items (minor, major). Automatic-attacks: Troll (1st attack) 2 strikes with 9 prowess; (2nd attack) Opponent may play as an automatic-attack one non-unique hazard creature from his hand normally keyed to a Shadow-hold. Special: Creatures keyed to this site attack normally, not as detainment. Adjacent Sites: Dol Guldur (0), The Under-gates (6), The Pukel-deeps (9), The Under-galleries (9), The Under-courts (7)."	playerNLocationDeck
Balrog_TheUndercourts3	The Under-courts (BA)	middle-earth-ccg/balrog/MiddleEarthCCG-Balrog-TheUnderCourtsBA.jpg	default	Balrog Site	Balrog	{D}																Under-deeps		2	3	C1	"Playable: Items (minor, major). Automatic-attacks: Trolls (1st attack) 3 strikes with 10 prowess; (2nd attack) Opponent may play as an automatic-attack one non-unique hazard creature from his hand normally keyed to a Shadow-hold. Special: Creatures keyed to this site attack normally, not as detainment. Adjacent Sites: Barad-dur (0), The Under-galleries (6), The Sulfur-deeps (7)."	playerNLocationDeck
Balrog_TheUndergalleries3	The Under-galleries (BA)	middle-earth-ccg/balrog/MiddleEarthCCG-Balrog-TheUnderGalleriesBA.jpg	default	Balrog Site	Balrog	{D}																Under-deeps		2	2	C1	"Playable: Information, Items (minor, major). Automatic-attacks: Trolls (1st attack) 4 strikes with 9 prowess; (2nd attack) Opponent may play as an automatic-attack one non-unique hazard creature from his hand normally keyed to a Shadow-hold. Special: Creatures keyed to this site attack normally, not as detainment. Adjacent Sites: Any site in Udun (0), The Under-courts (6), The Sulfur-deeps (9)."	playerNLocationDeck
Balrog_TheUndergates3	The Under-gates (BA)	middle-earth-ccg/balrog/MiddleEarthCCG-Balrog-TheUnderGatesBA.jpg	default	Balrog Site	Balrog	{H}																Under-deeps		1	1	C2	Special: Any Gold Ring stored at this site is automatically tested (modify the roll by -2). Creatures keyed to this site are detainment. If one of your companies is at this site, all attacks against it are canceled. Adjacent Sites: Moria (0), The Gem-deeps (6), The Sulfur-deeps (6), The Under-leas (4), The Under-grottos (6).	playerNLocationDeck
Balrog_TheUndergrottos3	The Under-grottos (BA)	middle-earth-ccg/balrog/MiddleEarthCCG-Balrog-TheUnderGrottosBA.jpg	default	Balrog Site	Balrog	{R}																Under-deeps		1	1	C2	"Playable: Items (minor, gold ring). Automatic-attacks: Undead (1st attack) 4 strikes with 7 prowess; (2nd attack) Opponent may play as an automatic-attack one non-unique hazard creature from his hand normally keyed to a Shadow-hold. Special: When a gold ring is tested in a company at this site, the result of the roll is modified by +1. Adjacent Sites: Goblin-gate (0), The Under-leas (6), The Under-gates (6)."	playerNLocationDeck
Balrog_TheUnderleas3	The Under-leas (BA)	middle-earth-ccg/balrog/MiddleEarthCCG-Balrog-TheUnderLeasBA.jpg	default	Balrog Site	Balrog	{S}																Under-deeps		1	1	C2	"Playable: Items (minor). Automatic-attacks: Orcs (1st attack) 5 strikes with 7 prowess (detainment); (2nd attack) Opponent may play as an automatic-attack one non- unique hazard creature from his hand normally keyed to a Ruins and Lairs. Special: Creatures keyed to this site attack normally, not as detainment. Adjacent Sites: Mount Gundabad (0), The Wind-deeps (5), The Iron-deeps (6), The Under-grottos (6), The Under-gates (4), The Under-vaults (5)."	playerNLocationDeck
Balrog_TheUndervaults3	The Under-vaults (BA)	middle-earth-ccg/balrog/MiddleEarthCCG-Balrog-TheUnderVaultsBA.jpg	default	Balrog Site	Balrog	{R}																Under-deeps		1	1	C2	"Playable: Items (minor, major). Automatic-attacks: Undead (1st attack) 3 strikes with 8 prowess; (2nd attack) Opponent may play as an automatic-attack one non-unique hazard creature from his hand normally keyed to a Shadow-hold. Special: Any Undead creature may be keyed to this site. Adjacent Sites: Mount Gram (0), The Iron-deeps (7), The Under-leas (5), The Drowning-deeps (8)."	playerNLocationDeck
Balrog_TheWinddeeps	The Wind-deeps	middle-earth-ccg/balrog/MiddleEarthCCG-Balrog-TheWindDeeps.jpg	default	Balrog Site	Balrog	{R}																Under-deeps		1	1	C1	"Playable: Items (minor, major). Automatic-attacks: Orcs (1st attack) 3 strikes with 7 prowess; (2nd attack) Opponent may play as an automatic-attack one non-unique hazard creature from his hand normally keyed to a Shadow-hold. Special: Any Drake creature (except Sea Serpent) may be keyed to this site. Adjacent Sites: The Wind Throne (0), The Under-leas (5), The Rusted-deeps (8)."	playerNLocationDeck
Balrog_BeorningSkinchangers	Beorning Skin-changers	middle-earth-ccg/balrog/MiddleEarthCCG-Balrog-BeorningSkinChangers.jpg	default	Hazard	Balrog	Creature/Short-event	Animals, Men, Bears						10	-	2	{w}{w}	1*									C1	"Animals. Men. Bears. Two strikes. As a creature, playable only against minion companies. May also be keyed to Anduin Vales, Western Mirkwood, Wold &amp; Foothills; and to sites in these regions. Alternatively, playable as a short-event against a moving hero company. Unless the company contains Beorn or an untapped warrior with prowess greater than 4, it must return to its site of origin. {cyan} UEP: Alternatively, playable as a short-event against a hero company moving through mentioned regions or with two wilderness {ww} in its sitepath. Unless the company contains Beorn or an untapped warrior with prowess greater than 4, it must return to its site of origin."	playerNDeck
Balrog_BlackVapour	Black Vapour	middle-earth-ccg/balrog/MiddleEarthCCG-Balrog-BlackVapour.jpg	default	Hazard	Balrog	Short-event																				C1	Target any effect (declared earlier in the same chain of effects) that would cancel a Spider attack. Make a roll and add the attack's prowess. If the result is greater than 14, the effect is canceled and the attack receives +1 prowess.  Alternatively, +1 prowess to a Spider attack. This card may be revealed as an on-guard card for either effect.	playerNDeck
Balrog_CarrionFeeders	Carrion Feeders	middle-earth-ccg/balrog/MiddleEarthCCG-Balrog-CarrionFeeders.jpg	default	Hazard	Balrog	Creature	Animals						9	-	1/each wounded	{w}{s}{R}{S}	1									C1	Animals. Each wounded character faces one strike. All body checks resulting from successful strikes are modified by an additional +1. Each untapped character in the company may tap to cancel a strike against a wounded character.	playerNDeck
Balrog_DarknessMadebyMalice	Darkness Made by Malice	middle-earth-ccg/balrog/MiddleEarthCCG-Balrog-DarknessMadeByMalice.jpg	default	Hazard	Balrog	Short-event																				C1	Playable on a company at or moving to a Ruins and Lairs or Under-deeps site, if there are more Spawn cards in play than characters in the company. Eliminated Spawn do not count. The company must do nothing during its site phase this turn.	playerNDeck
Balrog_DesireAllforThyBelly	Desire All for Thy Belly	middle-earth-ccg/balrog/MiddleEarthCCG-Balrog-DesireAllForThyBelly.jpg	default	Hazard	Balrog	Short-event																				C1	To play this card, you must discard a Spawn card from your hand. Reveal to yourself a number of cards from the top of opponent's play deck equal to the number of Spawn cards in play. Eliminated Spawn do not count. Choose one card and show it to your opponent. He must choose to either: remove the card from the game or decrease the number of cards he may hold in his hand by one for the rest of the game. Shuffle and replace all remaining cards back on top of his play deck. Remove this card from the game.	playerNDeck
Balrog_DiminishandDepart	Diminish and Depart	middle-earth-ccg/balrog/MiddleEarthCCG-Balrog-DiminishAndDepart.jpg	default	Hazard	Balrog	Permanent-event																				C1	Playable on an Elf, Hobbit, or Wizard. All Elves and Hobbits in the target's company have +1 mind, and a Wizard in the company has -1 direct influence. Tap target character at a Haven during the organization phase to discard this card. Cannot be duplicated in a given company.	playerNDeck
Balrog_FledintoDarkness	Fled into Darkness	middle-earth-ccg/balrog/MiddleEarthCCG-Balrog-FledIntoDarkness.jpg	default	Hazard	Balrog	Permanent-event																				C1	Playable before the strike sequence on The Balrog facing a strike with a prowess higher than his. The strike is canceled and The Balrog taps, if untapped. The next time The Balrog would otherwise untap, make him tapped instead and discard this card. Cannot be duplicated.	playerNDeck
Balrog_GlanceofArien	Glance of Arien	middle-earth-ccg/balrog/MiddleEarthCCG-Balrog-GlanceOfArien.jpg	default	Hazard	Balrog	Short-event																				C1	Environment. Playable on The Balrog at or moving to a non-Under-deeps site. -2/-1 to his prowess/body until the end of the turn. This modification is -4/-2 if Gates of Morning is in play. Cannot be duplicated on a given turn.	playerNDeck
Balrog_ImprisonedandMocked	Imprisoned and Mocked	middle-earth-ccg/balrog/MiddleEarthCCG-Balrog-ImprisonedAndMocked.jpg	default	Hazard	Balrog	Permanent-event																				C1	"Playable before strikes are assigned on a non-detainment Orc or Troll attack with more strikes than characters and allies in the company. If the attack is not canceled or defeated, make a roll following the attack adding two for each excess strike. If the result minus five is greater than the prowess of the highest mind character in the company (of your choice), place that character ""off to the side"" with this card and discard all cards on that character. Otherwise, discard this card. During that character's next long-event phase, discard this card and return the character to its owner's hand."	playerNDeck
Balrog_MonstrosityofDiverseShape	Monstrosity of Diverse Shape	middle-earth-ccg/balrog/MiddleEarthCCG-Balrog-MonstrosityOfDiverseShape.jpg	default	Hazard	Balrog	Permanent-event											4									C1	Unique. Spawn. The Drowning-deeps and Remains of Thangorodrim each have an additional automatic-attack: Spawn - 2 strikes with 15/9 prowess/body. In addition, once per turn the hazard player may use one against the hazard limit to play a Wolf or Animal hazard creature from his discard pile. This card must have already attacked the company this turn.	playerNDeck
Balrog_OlogWarlords	Olog Warlords	middle-earth-ccg/balrog/MiddleEarthCCG-Balrog-OlogWarlords.jpg	default	Hazard	Balrog	Creature	Trolls						10	4	3	{s}{d}{S}{D}	2									C1	Trolls. Three strikes (playable only against hero companies).	playerNDeck
Balrog_Pressgang	Press-gang	middle-earth-ccg/balrog/MiddleEarthCCG-Balrog-PressGang.jpg	default	Hazard	Balrog	Permanent-event																				C1	"When a character would otherwise be discarded from play, discard all cards on him, place him ""off to the side"" with this card, and return any character already with this card to its owner's hand. A character with this card gives his player negative character marshalling points. Cannot be duplicated."	playerNDeck
Balrog_ShelobsBrood	Shelob's Brood	middle-earth-ccg/balrog/MiddleEarthCCG-Balrog-ShelobsBrood.jpg	default	Hazard	Balrog	Creature	Spiders						8	-	4		1									C2	Spiders. Four strikes. Playable at any Under-deeps site or surface site thereof.	playerNDeck
Balrog_SpawnofUngoliant	Spawn of Ungoliant	middle-earth-ccg/balrog/MiddleEarthCCG-Balrog-SpawnOfUngoliant.jpg	default	Hazard	Balrog	Permanent-event											4									C1	Unique. Spawn. The Pukel-deeps and The Gem-deeps each have an additional automatic-attack: Spawn 3 strikes with 15/8 prowess/body. In addition, +1 to all body checks for Elves, Dwarves, Hobbits, D�nedain, and Men resulting from Spider attacks.	playerNDeck
Balrog_TheReek	The Reek	middle-earth-ccg/balrog/MiddleEarthCCG-Balrog-TheReek.jpg	default	Hazard	Balrog	Short-event																				C1	Playable on a company at or moving to a Ruins and Lairs or Under-deeps site if you discard an Animal or Spider creature from your hand. Tap all untapped characters in the company with a mind less than 2 plus the number of Spawn cards in play. Eliminated Spawn do not count. Does not affect Wizards or Ringwraiths.	playerNDeck
Balrog_TheSunShoneFiercely	The Sun Shone Fiercely	middle-earth-ccg/balrog/MiddleEarthCCG-Balrog-TheSunShoneFiercely.jpg	default	Hazard	Balrog	Long-event																				C1	Environment. -1 prowess to all Orc, Troll, Dwarf, and Ringwraith characters not at, nor moving to or from, an Under-deeps site. This modification is -2 if Doors of Night is not in play. Cannot be duplicated.	playerNDeck
Balrog_UnabatedinMalice	Unabated in Malice	middle-earth-ccg/balrog/MiddleEarthCCG-Balrog-UnabatedInMalice.jpg	default	Hazard	Balrog	Short-event																				C1	"Playable on an automatic-attack or an attack from Shelob; does not count against the hazard limit. The attack receives +1 strike, +1 prowess, and -2 body. The first attempt to cancel this attack instead cancels the affects of this card. Cannot be duplicated on a given attack."	playerNDeck
Balrog_UngoliantsFoulIssue	Ungoliant's Foul Issue	middle-earth-ccg/balrog/MiddleEarthCCG-Balrog-UngoliantsFoulIssue.jpg	default	Hazard	Balrog	Permanent-event											4									C1	Unique. Spawn. Ancient Deep-hold has an additional automatic-attack: Spawn 2 strikes with 17/7 prowess/body. In addition, non-unique Spider creatures can be keyed to Under-deeps Ruins and Lairs and Shadow-holds.	playerNDeck
Balrog_UngoliantsProgeny	Ungoliant's Progeny	middle-earth-ccg/balrog/MiddleEarthCCG-Balrog-UngoliantsProgeny.jpg	default	Hazard	Balrog	Permanent-event											4									C1	Unique. Spawn. The Wind-deeps and The Rusted-deeps each have an additional automatic-attack: Spawn 2 strikes with 16/8 prowess/body. In addition, for each Spider attack your opponent faces, you can choose for it to be at +1 prowess and detainment.	playerNDeck
Balrog_Strider	Strider	middle-earth-ccg/balrog/MiddleEarthCCG-Balrog-Strider.jpg	default	Hero Character	Balrog		D�nadan	Warrior/Scout/Ranger	Bree	8	2		6	9			3									C1	Unique. Manifestation of Aragorn II. You may bring Aragorn II into play with Strider's company, removing Strider from the game and automatically transferring all cards on Strider to Aragorn II. +3 direct influence against the Rangers of the North faction. Tap Strider to search your discard pile for any one item, ally, or faction playable at his current site the site must be in Arthedain, Cardolan, Rhudaur, or The Shire.	playerNDeck
Balrog_CreptAlongCarefully	Crept Along Carefully	middle-earth-ccg/balrog/MiddleEarthCCG-Balrog-CreptAlongCarefully.jpg	default	Hero Resource	Balrog	Permanent-event																				C1	Playable on a company during the organization phase. The company cannot use starter movement or move to an Under-deeps site. In addition, if they move with region movement, they are limited in all cases to 3 regions maximum and their hazard limit is reduced by one (to a minimum of two). Discard this card from play and make a roll to attempt to cancel an attack against them by an opponent's company. If the roll plus the number of rangers in the company is greater than 7, the attack is canceled. Discard when any play deck is exhausted or, if you choose, during your organization phase.	playerNDeck
Balrog_ElvenRope	Elven Rope	middle-earth-ccg/balrog/MiddleEarthCCG-Balrog-ElvenRope.jpg	default	Hero Resource	Balrog	Minor Item											-3				1					C1	Tap Elven Rope and a ranger bearer during your organization phase to allow his company to move an additional region. Instead of eliminating a creature the bearer's company defeated (with a normal prowess less than 11), you may place the creature's card with Elven Rope. Discard the creature if Elven Rope's bearer becomes wounded. If stored with a creature, the creature stays with Elven Rope and you receive three miscellaneous marshalling points. Otherwise, the creature has no effect on play.	playerNDeck
Balrog_LongbottomLeaf	Longbottom Leaf	middle-earth-ccg/balrog/MiddleEarthCCG-Balrog-LongbottomLeaf.jpg	default	Hero Resource	Balrog	Short-event																				C1	Take up to two resources from your sideboard to your play deck and reshuffle. Remove this card from the game.	playerNDeck
Balrog_RumoursofRings	Rumours of Rings	middle-earth-ccg/balrog/MiddleEarthCCG-Balrog-RumoursOfRings.jpg	default	Hero Resource	Balrog	Permanent-event																				C1	"During your organization phase, you may take one ring special item (except for The One Ring) from your sideboard or discard pile and place it ""off to the side"" with this card. This item gives no marshalling points. A maximum of two items may be with this card at one time. You may play a ring special item placed with this card as though it were in your hand. You may start the game with this card in lieu of playing a minor item."	playerNDeck
Balrog_ShowThingsUnbidden	Show Things Unbidden	middle-earth-ccg/balrog/MiddleEarthCCG-Balrog-ShowThingsUnbidden.jpg	default	Hero Resource	Balrog	Short-event																				C1	Playable during the organization phase on Galadriel if untapped and at L�rien. Tap Galadriel. Opponent must choose and reveal to you 3 non-environment hazards from his hand and shuffle them into his play deck. If these are not available, opponent must reveal his hand to you and shuffle all non-environment hazards there into his play deck.	playerNDeck
Balrog_ToFealtySworn	To Fealty Sworn	middle-earth-ccg/balrog/MiddleEarthCCG-Balrog-ToFealtySworn.jpg	default	Hero Resource	Balrog	Permanent-event											1									C1	Playable on a Hobbit: in the same company as Return of the King or during the same site phase his company plays a unique hero faction at a Free-hold (not Bag End). The Hobbit gains the warrior skill, +2 prowess, and +5 direct influence against the Hobbits faction and characters with Bag End as a home site. Cannot be duplicated on a given Hobbit.	playerNDeck
Balrog_Azog	Azog	middle-earth-ccg/balrog/MiddleEarthCCG-Balrog-Azog.jpg	default	Minion Character	Balrog		Orc	Warrior/Diplomat	Moria, The Under-gates	7	1		6	9			2			Balrog						C1	Unique. Balrog specific. Leader. Discard on a body check result of 9. +3 direct influence against Orcs and Orc factions. +2 direct influence against Balrog specific characters.	playerNDeck
Balrog_Bolg	Bolg	middle-earth-ccg/balrog/MiddleEarthCCG-Balrog-Bolg.jpg	default	Minion Character	Balrog		Orc	Warrior/Ranger	Moria, The Under-gates	7	0		7	9			2			Balrog						C1	Unique. Balrog specific. Leader. Discard on a body check result of 9. +3 direct influence against Orcs and Orc factions. +2 direct influence against Balrog specific characters.	playerNDeck
Balrog_Buthrakaur	Buthrakaur	middle-earth-ccg/balrog/MiddleEarthCCG-Balrog-Buthrakaur.jpg	default	Minion Character	Balrog		Troll	Warrior/Scout/Ranger	Moria, The Under-gates	9	0		8	9			3			Balrog						C1	Unique. Balrog specific. Leader. Manifestation of Buthrakaur the Green. Discard on a body check result of 9. +3 direct influence against Trolls, Orcs, Troll factions, and Orc factions. +3 direct influence against Balrog specific characters.	playerNDeck
Balrog_CrookleggedOrc	Crook-legged Orc	middle-earth-ccg/balrog/MiddleEarthCCG-Balrog-CrookLeggedOrc.jpg	default	Minion Character	Balrog		Orc	Warrior/Ranger	any non-Dark-hold Under-deeps site	2	0		3	7			0			Balrog						C2	Balrog specific. Discard on a body check result of 7.	playerNDeck
Balrog_Hilltroll	Hill-troll	middle-earth-ccg/balrog/MiddleEarthCCG-Balrog-HillTroll.jpg	default	Minion Character	Balrog		Troll	Warrior	any non-Dark-hold Under-deeps site	3	0		5	7			1			Balrog						C2	Balrog specific. Discard on a body check result of 7.	playerNDeck
Balrog_Mountainmaggot	Mountain-maggot	middle-earth-ccg/balrog/MiddleEarthCCG-Balrog-MountainMaggot.jpg	default	Minion Character	Balrog		Orc	Warrior	any non-Dark-hold Under-deeps site	1	0		3	7			0			Balrog						C3	Balrog specific. Discard on a body check result of 7.	playerNDeck
Balrog_Umagaur	Umagaur	middle-earth-ccg/balrog/MiddleEarthCCG-Balrog-Umagaur.jpg	default	Minion Character	Balrog		Troll	Warrior/Diplomat/Sage	Moria, The Under-gates	9	2		7	9			3			Balrog						C1	Unique. Balrog specific. Leader. Manifestation of Umagaur the Pale. Discard on a body check result of 9. +2 direct influence against Trolls, Orcs, Troll factions, and Orc factions. +3 direct influence against Balrog specific characters.	playerNDeck
Balrog_AFewRecruits	A Few Recruits	middle-earth-ccg/balrog/MiddleEarthCCG-Balrog-AFewRecruits.jpg	default	Minion Resource	Balrog	Faction	Orc										1			Balrog						C1	"Balrog specific. Playable at a tapped or untapped non-Dragon's Lair: Ruins and Lairs, Shadow-hold, or Dark-hold; the site cannot be an Under-deeps site or surface site thereof if the influence check is greater than 8. Modifications: The Balrog (+3), leader (+2)."	playerNDeck
Balrog_AMoreEvilHour	A More Evil Hour	middle-earth-ccg/balrog/MiddleEarthCCG-Balrog-AMoreEvilHour.jpg	default	Minion Resource	Balrog	Permanent-event														Balrog						C1	Balrog specific. Tap this card when an opponent plays a card normally giving him three or more marshalling points. This card does not untap. If tapped, you may discard this card during your organization phase to target a company allowed to move with region movement. The company may move up to two additional regions if moving to a site where an opponent's company is present and also, thereafter, when leaving this site.	playerNDeck
Balrog_AncientSecrets	Ancient Secrets	middle-earth-ccg/balrog/MiddleEarthCCG-Balrog-AncientSecrets.jpg	default	Minion Resource	Balrog	Short-event																				C3	Tap your Ringwraith to discard one hazard permanent-event. Alternatively, during your organization phase, tap your Ringwraith to take up to two resources from your sideboard to your play deck and reshuffle.	playerNDeck
Balrog_AngbandRevisited	Angband Revisited	middle-earth-ccg/balrog/MiddleEarthCCG-Balrog-AngbandRevisited.jpg	default	Minion Resource	Balrog	Short-event														Balrog						C3	Balrog specific. Untap a character in The Balrog's company.	playerNDeck
Balrog_BreachtheHold	Breach the Hold	middle-earth-ccg/balrog/MiddleEarthCCG-Balrog-BreachTheHold.jpg	default	Minion Resource	Balrog	Permanent-event											2			Balrog						C2	Balrog specific. Playable during the site phase on The Drowning-deeps or The Rusted-deeps if The Balrog is there. The Balrog's company faces 3 attacks (Spawn 1 strike with 15 prowess, Dwarves 4 strikes with 9 prowess, 2 strikes with 12 prowess). Following the attacks, tap The Balrog or discard this card. The roll required to move to the surface site is reduced to zero. This site is never discarded or returned to its location deck. Cannot be duplicated on a given site.	playerNDeck
Balrog_CaveTroll	Cave Troll	middle-earth-ccg/balrog/MiddleEarthCCG-Balrog-CaveTroll.jpg	default	Minion Resource	Balrog	Ally				2			4	8			1									C1	Playable at a tapped or untapped Under-deeps site with a Troll automatic-attack. +1 to rolls required for its controller's company to move to adjacent Under-deeps sites.	playerNDeck
Balrog_CavernsUnchoked	Caverns Unchoked	middle-earth-ccg/balrog/MiddleEarthCCG-Balrog-CavernsUnchoked.jpg	default	Minion Resource	Balrog	Permanent-event														Balrog						C2	Balrog specific. Playable during the organization phase on an Under-deeps site. This site is never discarded or returned to its location deck. Each other site (of yours) in the same region as its surface site is considered adjacent to this Under-deeps site. This only applies if the other site is normally a Shadow-hold, Ruins and Lairs, or Border- hold.	playerNDeck
Balrog_ChallengethePower	Challenge the Power	middle-earth-ccg/balrog/MiddleEarthCCG-Balrog-ChallengeThePower.jpg	default	Minion Resource	Balrog	Permanent-event											2			Balrog						C1	"Balrog specific. Playable on The Balrog if he bears The One Ring. Make a roll adding one for each sage in his company and each Challenge the Power in play. If the result is: less than 7, The Balrog is eliminated; 7 or 8, discard this card; 9 or 10, you gain 2 marshalling points and The One Ring affects the Balrog; greater than 10, you win the game. Cannot be duplicated on a given turn."	playerNDeck
Balrog_CloakedbyDarkness	Cloaked by Darkness	middle-earth-ccg/balrog/MiddleEarthCCG-Balrog-CloakedByDarkness.jpg	default	Minion Resource	Balrog	Short-event														Balrog						C1	Balrog specific. Playable on a company if Great Shadow is in play. You may bring this card from your sideboard into your play deck and reshuffle during your organization phase. The hazard limit against the company is reduced by one to no minimum.	playerNDeck
Balrog_CrownedwithStorm	Crowned with Storm	middle-earth-ccg/balrog/MiddleEarthCCG-Balrog-CrownedWithStorm.jpg	default	Minion Resource	Balrog	Short-event														Balrog						C1	Balrog specific. Playable if The Balrog's company is not at an Under-deeps site and is in company vs. company combat against a company with a Wizard. Discard all allies with no body at the site. Make a roll: for each character at the site with a mind less than 8 and for each ally normally worth less than 3 marshalling points. If the result minus 1 is greater than the character's/ally's body, he is wounded or, if already wounded, eliminated. Tap all untapped allies and characters with a mind stat.	playerNDeck
Balrog_DarknessWielded	Darkness Wielded	middle-earth-ccg/balrog/MiddleEarthCCG-Balrog-DarknessWielded.jpg	default	Minion Resource	Balrog	Short-event														Balrog						C1	Balrog specific. Playable on an attack against The Balrog's company if Great Shadow is in play. You may bring this card from your sideboard into your play deck and reshuffle during your organization phase. The attack receives -2 prowess, -1 body, and is reduced to one strike. Alternatively, cancel this attack and a latter attack of your choice against his company this turn.	playerNDeck
Balrog_DescentthroughFire	Descent through Fire	middle-earth-ccg/balrog/MiddleEarthCCG-Balrog-DescentThroughFire.jpg	default	Minion Resource	Balrog	Permanent-event											3			Balrog						C1	Balrog specific. Playable during the site phase if The Balrog is at an untapped Under-galleries or Under-courts. Tap the site. The Balrog's company faces 3 attacks (Trolls 5 strikes with 8 prowess, 4 strikes with 10 prowess, 3 strikes with 12 prowess). Following the attacks, tap The Balrog or discard this card. If not discarded, place this card in your marshalling point pile. All your characters receive +1 prowess and all your leaders receive +1 direct influence. Cannot be duplicated at a given site.	playerNDeck
Balrog_EddyinFatesTide	Eddy in Fate's Tide	middle-earth-ccg/balrog/MiddleEarthCCG-Balrog-EddyInFatesTide.jpg	default	Minion Resource	Balrog	Permanent-event											2			Balrog						C1	"Balrog specific. Playable during the site phase on an untapped site if The Balrog is there; the site cannot be an Under-deeps site or surface site thereof. Tap the Balrog and the site. This site is never discarded and never untaps for you. Before a company can play any ally or item at any version of this site, it must tap two characters during the site phase."	playerNDeck
Balrog_EvilThingsLingering	Evil Things Lingering	middle-earth-ccg/balrog/MiddleEarthCCG-Balrog-EvilThingsLingering.jpg	default	Minion Resource	Balrog	Ally		Sage		4			9	9			2			Balrog						C1	Unique. Balrog specific. Spawn. Playable at The Under-galleries, The Under-courts, or Remains of Thangorodrim. Discard this ally if its company moves using region or starter movement. If this ally's controlling character is not The Balrog, your opponent makes a roll during your organization phase and subtracts four . The controlling character is eliminated if the result is greater than his mind.	playerNDeck
Balrog_FlameofUdun	Flame of Udun	middle-earth-ccg/balrog/MiddleEarthCCG-Balrog-FlameOfUdun.jpg	default	Minion Resource	Balrog	Permanent-event														Balrog						C2	"Balrog specific. Demon F�na. Playable during your organization phase on The Balrog. Return this card to your hand: when you play another Demon F�na card, or, if you choose, during your organization phase. Discard his allies. No other characters or allies can be in his company outside of the organization phase. +3 prowess; -2 direct influence. +1 to all body checks resulting from failed strikes against The Balrog. If The Balrog attacks successfully in company vs. company combat, +1 to defending character's body check."	playerNDeck
Balrog_FoeDismayed	Foe Dismayed	middle-earth-ccg/balrog/MiddleEarthCCG-Balrog-FoeDismayed.jpg	default	Minion Resource	Balrog	Short-event														Balrog						C3	Balrog specific. +1 prowess against an attack for all characters in a leader's or The Balrog's company or +3 to an influence attempt by a leader or The Balrog.	playerNDeck
Balrog_GangwaysovertheFire	Gangways over the Fire	middle-earth-ccg/balrog/MiddleEarthCCG-Balrog-GangwaysOverTheFire.jpg	default	Minion Resource	Balrog	Permanent-event														Balrog						C2	Balrog specific. At the end of its movement/hazard phase, each of your moving companies may attempt to move with Under-deeps movement to a new site they have not used yet this turn. Another site card is played and a movement/hazard phase immediately follows. Subtract the number of complete movement/hazard phases the company has taken so far this turn from its Under-deeps movement rolls. You may start the game with this card in lieu of playing a minor item. Cannot be duplicated.	playerNDeck
Balrog_GoingEverUnderDark	Going Ever Under Dark	middle-earth-ccg/balrog/MiddleEarthCCG-Balrog-GoingEverUnderDark.jpg	default	Minion Resource	Balrog	Permanent-event																				C1	Playable on a company during the organization phase. The company cannot use starter movement. In addition, if they move with region movement, they are limited in all cases to 3 regions maximum and their hazard limit is reduced by one (to a minimum of two). Discard this card from play and make a roll to attempt to cancel an attack against them by an opponent's company. If the roll plus the number of scouts in the company is greater than 7, the attack is canceled. Discard during your organization phase if you choose. Cannot be duplicated on a given company.	playerNDeck
Balrog_GreatArmyoftheNorth	Great Army of the North	middle-earth-ccg/balrog/MiddleEarthCCG-Balrog-GreatArmyOfTheNorth.jpg	default	Minion Resource	Balrog	Permanent-event/Short-event											-2									C1	As a permanent-event, +1 to your influence attempts against Orc and Troll factions. If you have at least 4 unique Orc and/or Troll factions none playable at a Dark-hold you receive this card's marshalling points. Cannot be duplicated as a permanent-event. Alternatively, as a short-event, you may choose any Orc and Troll factions from your discard pile and shuffle them into your play deck.	playerNDeck
Balrog_GreatFissure	Great Fissure	middle-earth-ccg/balrog/MiddleEarthCCG-Balrog-GreatFissure.jpg	default	Minion Resource	Balrog	Short-event														Balrog						C3	Balrog specific. Target and cancel any effect (declared earlier in the same chain of effects) that would cancel an attack by The Balrog's company against an opponent's company. Alternatively, cancel an attack against a company at, or moving to or from, an Under-deeps site.	playerNDeck
Balrog_GreatShadow	Great Shadow	middle-earth-ccg/balrog/MiddleEarthCCG-Balrog-GreatShadow.jpg	default	Minion Resource	Balrog	Permanent-event														Balrog						C2	"Balrog specific. Demon F�na. Playable during your organization phase on The Balrog. Return this card to your hand: when you play another Demon F�na card, or, if you choose, during your organization phase. +6 general influence; -2 prowess; -1 body. The Balrog gains the scout skill and may have followers. During your end-of-turn phase, you may take one non-short-event resource or character from your discard pile (show it to your opponent) and shuffle it into your play deck. The Balrog may tap to cancel an attack against his company."	playerNDeck
Balrog_GreatTroll	Great Troll	middle-earth-ccg/balrog/MiddleEarthCCG-Balrog-GreatTroll.jpg	default	Minion Resource	Balrog	Ally		Warrior		3			6	8			1			Balrog						C1	Balrog specific. Playable at a non-Darkhaven Under-deeps site and only by The Balrog. Troll. Even if tapped or wounded, you may assign a strike to this ally as though it were untapped.	playerNDeck
Balrog_Grond	Grond	middle-earth-ccg/balrog/MiddleEarthCCG-Balrog-Grond.jpg	default	Minion Resource	Balrog	Permanent-event																				C1	Playable on a unique Orc or Troll Faction. -3 prowess to automatic-attacks at Free-holds and Border-holds in the region the containing the site where the faction is playable, and in all adjacent regions. Only one Grond can so affect a given site.	playerNDeck
Balrog_HeartofDarkFire	Heart of Dark Fire	middle-earth-ccg/balrog/MiddleEarthCCG-Balrog-HeartOfDarkFire.jpg	default	Minion Resource	Balrog	Short-event														Balrog						C1	Balrog specific. Playable if Strangling Coils is in play. You may bring this card from your sideboard into your play deck and reshuffle during your organization phase. The Balrog receives +5 direct influence this turn while Strangling Coils is in play. Cannot be duplicated on a given turn.	playerNDeck
Balrog_InvadeTheirDomain	Invade Their Domain	middle-earth-ccg/balrog/MiddleEarthCCG-Balrog-InvadeTheirDomain.jpg	default	Minion Resource	Balrog	Permanent-event											3			Balrog						C1	Balrog specific. Playable during the site phase on the Blue Mountain or Iron Hill Dwarf-hold if The Balrog is there and Breach the Hold is on its adjacent Under-deeps site. The Balrog's company faces 3 attacks (Dwarves 5 strikes with 9 prowess, 4 strikes with 10 prowess, 3 strikes with 12 prowess). Following the attacks, tap The Balrog or discard this card. If this card is not discarded, discard all unique factions playable at the site. Discard this card when the site is discarded or returned to its location deck. Cannot be duplicated on a given site.	playerNDeck
Balrog_LongGrievousSiege	Long Grievous Siege	middle-earth-ccg/balrog/MiddleEarthCCG-Balrog-LongGrievousSiege.jpg	default	Minion Resource	Balrog	Permanent-event											1									C1	"Playable on a unique non-Dragon faction. Place a Border-hold from your location deck ""off to the side"" with this card. The Border-hold must be in the same region or adjacent thereto as a site where the target faction is playable. Return any faction playable at the Border-hold to its owner's hand. -5 to any attempt to play a faction at any version of the Border-hold. All versions of the Border-hold gain an additional automatic-attack: same type as your target faction 5 strikes with 9 prowess (detainment against your companies). Cannot be duplicated on your faction."	playerNDeck
Balrog_LordandUsurper	Lord and Usurper	middle-earth-ccg/balrog/MiddleEarthCCG-Balrog-LordAndUsurper.jpg	default	Minion Resource	Balrog	Permanent-event											5			Balrog						C1	Balrog specific. Playable during the site phase on Invade Their Domain. The company faces 2 attacks (Dwarves 4 strikes with 9 prowess, 3 strikes with 10 prowess). Following the attacks, tap a character or discard this card. If this card is not discarded, discard all unique factions playable at the site. All versions of the associated site become a Shadow-hold, may have no factions played there, and lose all Dwarf automatic-attacks. Other versions gain an automatic-attack: Orcs 4 strikes with 7 prowess. Cannot be duplicated on a given card.	playerNDeck
Balrog_MakersMap	Maker's Map	middle-earth-ccg/balrog/MiddleEarthCCG-Balrog-MakersMap.jpg	default	Minion Resource	Balrog	Permanent-event											2			Balrog						C1	Balrog specific. Playable during the site phase on an untapped ranger at an untapped site where Information is playable. Tap the ranger and the site. +2 to all rolls for his company to move to adjacent Under-deeps sites.	playerNDeck
Balrog_MemoriesofOldTorture	Memories of Old Torture	middle-earth-ccg/balrog/MiddleEarthCCG-Balrog-MemoriesOfOldTorture.jpg	default	Minion Resource	Balrog	Permanent-event											1			Balrog						C1	Balrog specific. Playable on a Man, Drake, Orc, Troll, or Giant hazard creature attack with one strike for each of its attacks. All attacks of the creature are canceled. The creature becomes an ally under the control of any character in the company. The character need not tap. The ally has a mind of 1, body of 7, and prowess equal to its normal prowess minus 7. It gives 1 ally marshalling point. Discard this card and the ally if the company moves through a Free-domain or Dark-domain.	playerNDeck
Balrog_MineorNoOnes	Mine or No One's	middle-earth-ccg/balrog/MiddleEarthCCG-Balrog-MineOrNoOnes.jpg	default	Minion Resource	Balrog	Short-event														Balrog						C1	Balrog specific. +10 to an influence attempt by The Balrog against an opponent's: item, ally, Troll faction, or Orc faction. Cannot be duplicated on a given attempt.	playerNDeck
Balrog_NastySlimyThing	Nasty Slimy Thing	middle-earth-ccg/balrog/MiddleEarthCCG-Balrog-NastySlimyThing.jpg	default	Minion Resource	Balrog	Ally				2			4	9			1			Balrog						C1	Unique. Balrog specific. Spawn. Playable at a non-Darkhaven Under-deeps site. Tap to cancel a Drake attack. Discard this ally if its company moves using region or starter movement.	playerNDeck
Balrog_NoBetterUse	No Better Use	middle-earth-ccg/balrog/MiddleEarthCCG-Balrog-NoBetterUse.jpg	default	Minion Resource	Balrog	Permanent-event																				C1	"Playable on a character during your organization phase. One time you may tap your character to place an opponent's character ""off to the side"" with this card. Do this in lieu of making opponent's character's body check in company vs. company combat with your character's company. Discard all cards on opponent's character. If your character becomes wounded or leaves active play, discard this card. Opponent's character then forms a company at your character's current or new site. During the site phase at Shelob's Lair, your target character may tap and discard this card to eliminate opponent's character whom you then receive as kill marshalling points."	playerNDeck
Balrog_ObeyHimorDie	Obey Him or Die	middle-earth-ccg/balrog/MiddleEarthCCG-Balrog-ObeyHimOrDie.jpg	default	Minion Resource	Balrog	Permanent-event														Balrog						C1	Balrog specific. Playable during the organization phase on a leader in The Balrog's company. The leader receives +2 direct influence and cannot be discarded by a body check. Discard whenever there is a character in his company with a higher mind. Cannot be duplicated on a given character.	playerNDeck
Balrog_OrdersfromtheGreatDemon	Orders from the Great Demon	middle-earth-ccg/balrog/MiddleEarthCCG-Balrog-OrdersFromTheGreatDemon.jpg	default	Minion Resource	Balrog	Permanent-event														Balrog						C2	Balrog specific. Playable on a company. May be played with a starting company in lieu of a minor item. This company may contain an additional leader who does not count against the company size maximum.	playerNDeck
Balrog_OutHeSprang	Out He Sprang	middle-earth-ccg/balrog/MiddleEarthCCG-Balrog-OutHeSprang.jpg	default	Minion Resource	Balrog	Permanent-event														Balrog						C3	"Balrog specific. If Great Shadow is not in play, The Balrog may move with region movement (overriding his card) to an Under-deeps surface site or from an Under-deeps surface site. Based on his marshalling point (MP) total, he may use the following number of regions: 0-8 MP 1 region; 9-16 MP 2 regions; 17-24 MP 3 regions; 25+ MP 4 regions. This region allowance may not be modified by any other effects except A More Evil Hour."	playerNDeck
Balrog_PeopleDiminished	People Diminished	middle-earth-ccg/balrog/MiddleEarthCCG-Balrog-PeopleDiminished.jpg	default	Minion Resource	Balrog	Permanent-event											2			Balrog						C1	Balrog specific. Playable during the site phase on an untapped Free-hold or Border-hold. Tap the site. The company faces 3 attacks (Men 4 strikes with 8 prowess, 3 strikes with 10 prowess, 2 strikes with 12 prowess). Following the attacks, tap a character or discard this card. If this card is not discarded, discard all unique factions playable at the site. -5 to each attempt against any faction at any version of this site. This site is never discarded and never untaps for you. Cannot be duplicated on a given site.	playerNDeck
Balrog_PronetoViolence	Prone to Violence	middle-earth-ccg/balrog/MiddleEarthCCG-Balrog-ProneToViolence.jpg	default	Minion Resource	Balrog	Permanent-event																				C1	Any minion company without a Ringwraith may attack another minion company without a Ringwraith. The attacking company may contain The Balrog. Discard when any play deck is exhausted. Cannot be duplicated.	playerNDeck
Balrog_RoamtheWaste	Roam the Waste	middle-earth-ccg/balrog/MiddleEarthCCG-Balrog-RoamTheWaste.jpg	default	Minion Resource	Balrog	Short-event														Balrog						C1	Balrog specific. Playable during the organization phase if Strangling Coils is in play. You may bring this card from your sideboard into your play deck and reshuffle during your organization phase. Each of your companies this turn is considered to have one fewer Wilderness and one fewer Shadow-land in its site path.	playerNDeck
Balrog_RootsoftheEarth	Roots of the Earth	middle-earth-ccg/balrog/MiddleEarthCCG-Balrog-RootsOfTheEarth.jpg	default	Minion Resource	Balrog	Permanent-event											1(3)			Balrog						C2	Balrog specific. Playable during the site phase on an Under-deeps site normally a Ruins and Lairs if The Balrog is there. The Balrog's company faces an attack (Drake 2 strikes with 13 prowess). Following the attack, tap The Balrog or discard this card. The associated site is a Darkhaven and loses all automatic-attacks. All other versions of the site become a Shadow-hold and gain an additional automatic-attack: Orcs 5 strikes with 9 prowess. If Breach the Hold is on the same site, this card gives 3 marshalling points. This site is never discarded or returned to its location deck. Cannot be duplicated on a given site.	playerNDeck
Balrog_Sauron	Sauron	middle-earth-ccg/balrog/MiddleEarthCCG-Balrog-Sauron.jpg	default	Minion Resource	Balrog	Permanent-event																				C1	Manifestation of The Lidless Eye. Playable if your opponent is a Wizard and you have not revealed a Ringwraith. You are Sauron, not a Ringwraith. You may not reveal a Ringwraith or play Ringwraith followers. +10 to your general influence. Discards and prevents the subsequent play of Bade to Rule. During your organization phase, you may bring a resource or character from your sideboard into your play deck and shuffle and there is no limit to the number of characters you may bring into play. Cannot be duplicated.	playerNDeck
Balrog_ScourgeofFire	Scourge of Fire	middle-earth-ccg/balrog/MiddleEarthCCG-Balrog-ScourgeOfFire.jpg	default	Minion Resource	Balrog	Short-event														Balrog						C1	Balrog specific. Playable if Flame of Udun is in play. You may bring this card from your sideboard into your play deck and reshuffle during your organization phase. Choose and discard one item an opponent's company bears if The Balrog is untapped and in company vs. company combat with that company. Cannot be duplicated on a given turn.	playerNDeck
Balrog_StabbingTongueofFire	Stabbing Tongue of Fire	middle-earth-ccg/balrog/MiddleEarthCCG-Balrog-StabbingTongueOfFire.jpg	default	Minion Resource	Balrog	Special Item											1			Balrog						C1	Unique. Balrog specific. Playable at any tapped or untapped non-Darkhaven Under-deeps site. May only be borne by The Balrog. This item affects The Balrog. +1 prowess when tapping to face a strike. +1 to all body checks resulting from failed strikes against The Balrog. If The Balrog attacks successfully in company vs. company combat, +1 to the defending character's body check.	playerNDeck
Balrog_StranglingCoils	Strangling Coils	middle-earth-ccg/balrog/MiddleEarthCCG-Balrog-StranglingCoils.jpg	default	Minion Resource	Balrog	Permanent-event														Balrog						C2	"Balrog specific. Demon F�na. Playable during your organization phase on The Balrog. Return this card to your hand: when you play another Demon F�na card, or, if you choose, during your organization phase. +3 direct influence; -1 body. The Balrog gains the diplomat skill and may have followers. Once during his movement/hazard phase, you may untap all tapped characters in The Balrog's company. If then untapped, tap The Balrog."	playerNDeck
Balrog_TempestofFire	Tempest of Fire	middle-earth-ccg/balrog/MiddleEarthCCG-Balrog-TempestOfFire.jpg	default	Minion Resource	Balrog	Permanent-event											3			Balrog						C1	"Balrog specific. Playable during the site phase on an untapped Border-hold or Shadow-hold; the site cannot be an Under-deeps site or surface site thereof. Tap the site. The company faces three attacks (Men at a Border-hold, Orcs at a Shadow-hold 5 strikes with 8 prowess, 4 strikes with 9 prowess, 3 strikes with 10 prowess). Following these attacks: discard this card or tap a character, place this card in your marshalling point pile, and return each unique faction playable at the site to its owner's hand."	playerNDeck
Balrog_TerrorHeraldsDoom	Terror Heralds Doom	middle-earth-ccg/balrog/MiddleEarthCCG-Balrog-TerrorHeraldsDoom.jpg	default	Minion Resource	Balrog	Short-event														Balrog						C1	Balrog specific. Playable during the organization phase if Flame of Udun is in play. You may bring this card from your sideboard into your play deck and reshuffle during your organization phase. +2 to all influence attempts this turn by any of your companies.	playerNDeck
Balrog_VanguardofMight	Vanguard of Might	middle-earth-ccg/balrog/MiddleEarthCCG-Balrog-VanguardOfMight.jpg	default	Minion Resource	Balrog	Short-event														Balrog						C1	Balrog specific. Playable if a company at or moving to an Under-deeps site is facing an attack and Flame of Udun is not in play. If not in the company, The Balrog immediately joins the company. This is considered movement for The Balrog with no movement/hazard phase. The Balrog must face a strike from the attack, regardless of any conflicting effects. Following the attack, if untapped, tap The Balrog.	playerNDeck
Balrog_WhipofManyThongs	Whip of Many Thongs	middle-earth-ccg/balrog/MiddleEarthCCG-Balrog-WhipOfManyThongs.jpg	default	Minion Resource	Balrog	Special Item											1			Balrog						C1	Unique. Balrog specific. Playable at any tapped or untapped non-Darkhaven Under-deeps site. May only be borne by The Balrog. This item affects The Balrog. +1 prowess when tapping to face a strike. If The Balrog is in company vs. company combat, tap this item to cancel all effects of one weapon of your choice (even declared in the same chain of effects) in an opponent's company until the end of the combat. This does not discard the weapon.	playerNDeck
Balrog_WhispersofRings	Whispers of Rings	middle-earth-ccg/balrog/MiddleEarthCCG-Balrog-WhispersOfRings.jpg	default	Minion Resource	Balrog	Permanent-event																				C1	"During your organization phase, you may take one ring special item (except for The One Ring) from your sideboard or discard pile and place it ""off to the side"" with this card. This item gives no marshalling points. A maximum of two items may be with this card at one time. You may play a ring special item placed with this card as though it were in your hand. You may start the game with this card in lieu of playing a minor item."	playerNDeck
DarkMinions_AnArticleMissing	An Article Missing	middle-earth-ccg/darkminions/MiddleEarthCCG-DarkMinions-AnArticleMissing.jpg	default	Hazard	DarkMinions	Short-event																				U2	"Tap a scout agent at target company's new site. Agent may attack (not counting against hazard limit) with a +4 modification to his prowess during the movement/ hazard phase. Attacker chooses defending characters. A successful strike doesn't wound the defending character; instead the company must discard one item (defender's choice)."	playerNDeck
DarkMinions_AnUnexpectedOutpost	An Unexpected Outpost	middle-earth-ccg/darkminions/MiddleEarthCCG-DarkMinions-AnUnexpectedOutpost.jpg	default	Hazard	DarkMinions	Short-event																				C2	Bring one hazard from your sideboard or discard pile into your play deck and shuffle. If Doors of Night is in play, you may do this twice.	playerNDeck
DarkMinions_AngmarArises	Angmar Arises	middle-earth-ccg/darkminions/MiddleEarthCCG-DarkMinions-AngmarArises.jpg	default	Hazard	DarkMinions	Permanent-event																				C2	Any creature that can be keyed to a Shadow-land may be keyed to Forochel, Arthedain, Angmar, Gundabad, or Rhudaur. Any creature that can be keyed to a Dark-domain may be keyed to Angmar or Gundabad. Discard this card when a creature keyed to one of these regions (not to the region symbol) is defeated.	playerNDeck
DarkMinions_AwareoftheirWays	Aware of their Ways	middle-earth-ccg/darkminions/MiddleEarthCCG-DarkMinions-AwareOfTheirWays.jpg	default	Hazard	DarkMinions	Short-event																				U2	Opponent reveals four cards at random from his discard pile. You may choose a non-unique one and remove it from play. Opponent discards the other three.	playerNDeck
DarkMinions_BringOurCursesHome	Bring Our Curses Home	middle-earth-ccg/darkminions/MiddleEarthCCG-DarkMinions-BringOurCursesHome.jpg	default	Hazard	DarkMinions	Permanent-event															3					R3	Corruption. Playable on a non-Wizard character whose company is facing a hazard creature attack. Discard this card if no character is eliminated by the attack. If any character is eliminated, place creature's card with this card-creature is considered off to the side. Target character's company faces an attack from creature at the start of each movement/hazard phase if creature is playable. Discard associated creature's card if this card is discarded. Discard this card if associated creature is defeated.	playerNDeck
DarkMinions_ButhrakaurtheGreen	Buthrakaur the Green	middle-earth-ccg/darkminions/MiddleEarthCCG-DarkMinions-ButhrakaurTheGreen.jpg	default	Hazard	DarkMinions	Creature	Trolls						15	6	1	{S}	2									R2	Unique. Troll. 1 strike. Also playable at Moria and The Under-gates. If Doors of Night is in play, playable at any Under-deep site. Any non-unique Orc or Troll hazard creature can be played (not counting against the hazard limit) on a company that has faced Buthrakaur that turn.	playerNDeck
DarkMinions_ChanceofBeingLost	Chance of Being Lost	middle-earth-ccg/darkminions/MiddleEarthCCG-DarkMinions-ChanceOfBeingLost.jpg	default	Hazard	DarkMinions	Short-event																				U2	Playable on a moving company using region movement. Make a roll (draw a #) modified by -2 for each ranger in the company. If the result is greater than 6, you may replace company's new site card with a different site from your location deck that is located in the same region or an adjacent region as the company's new site.	playerNDeck
DarkMinions_ChillDouser	Chill Douser	middle-earth-ccg/darkminions/MiddleEarthCCG-DarkMinions-ChillDouser.jpg	default	Hazard	DarkMinions	Creature	Undead						8	-	3	{R}{S}	1									U2	Undead. Three strikes. Unless Chill Douser's attack is cancelled, all Undead attacks against the company for the rest of the turn receive +1 strike and +1 prowess.	playerNDeck
DarkMinions_CunningFoes	Cunning Foes	middle-earth-ccg/darkminions/MiddleEarthCCG-DarkMinions-CunningFoes.jpg	default	Hazard	DarkMinions	Short-event																				C2	Tap a warrior agent at target company's new site. Agent attacks (not counting against hazard limit) with a +3 modification to his prowess during the movement/ hazard phase. Attacker chooses defending characters.	playerNDeck
DarkMinions_DoubledVigilance	Doubled Vigilance	middle-earth-ccg/darkminions/MiddleEarthCCG-DarkMinions-DoubledVigilance.jpg	default	Hazard	DarkMinions	Permanent-event																				C2	Playable on a Shadow-hold (or on a Ruins & Lairs or Border-hold if Doors of Night is in play). If the company chooses to enter the site, it must make a roll (draw a #) and subtract its company size. If the result is greater than 6, the company may enter the site as normal. Otherwise, the company must face an attack to be resolved before any automatic-attacks: Orcs - 4 strikes at 9 prowess. Discard when the site card is discarded or returned to its location deck.	playerNDeck
DarkMinions_Drums	Drums	middle-earth-ccg/darkminions/MiddleEarthCCG-DarkMinions-Drums.jpg	default	Hazard	DarkMinions	Long-event																				U2	For each company at or moving to an Under-deep site, the hazard limit is increased by one and the prowess of all attacks is increased by one. All automatic-attacks at sites in the following regions have their number of strikes and prowess increased by one (by two if Doors of Night is in play): Angmar, Gap of Isen, Gorgoroth, Gundabad, High Pass, Redhorn Gate, Rohan, Southern Mirkwood, and Udun. Cannot be duplicated.	playerNDeck
DarkMinions_DurinsBane	Durin's Bane	middle-earth-ccg/darkminions/MiddleEarthCCG-DarkMinions-DurinsBane.jpg	default	Hazard	DarkMinions	Creature	Balrog						18	9	2		5									R2	Unique. Manifestation of Balrog of Moria. Balrog. 2 strikes-all body checks resulting from a successful strike are modified by +1. May be played at The Under-gates and at all of its adjacent sites. If Doors of Night is in play, Durin's Bane may be played at any Under-deep site.	playerNDeck
DarkMinions_Earthtremors	Earth-tremors	middle-earth-ccg/darkminions/MiddleEarthCCG-DarkMinions-EarthTremors.jpg	default	Hazard	DarkMinions	Long-event																				U2	Any company moving to or from an Under-deep sites faces an attack (cannot be canceled): Rock Fall - 1 strike with 7 prowess against each character (weapons do not modify prowess against these strikes). In addition, cancels the effects of Into Dark Tunnels, Old Road, Great Road, and Bridge. Cannot be duplicated.	playerNDeck
DarkMinions_EndlessWhispers	Endless Whispers	middle-earth-ccg/darkminions/MiddleEarthCCG-DarkMinions-EndlessWhispers.jpg	default	Hazard	DarkMinions	Permanent-event																				U2	"Dark Enchantment. Playable on a non-Wizard character wounded by an Undead attack this turn; does not count against the hazard limit. Target character can never become untapped while bearing this card. Any effect that would move him to an untapped state makes him tapped instead. Cannot be duplicated on a given character. During the organization phase, a sage in target character's company may tap to attempt to remove this card. Make a roll (or draw a #): if the result is greater than 7, discard this card."	playerNDeck
DarkMinions_ExhalationofDecay	Exhalation of Decay	middle-earth-ccg/darkminions/MiddleEarthCCG-DarkMinions-ExhalationOfDecay.jpg	default	Hazard	DarkMinions	Short-event																				C2	Playable on an Undead hazard creature in your discard pile. If target Undead can attack, bring it into play as a creature that attacks immediately (not counting against the hazard limit). The attack's prowess is modified by -1.	playerNDeck
DarkMinions_EyesoftheShadow	Eyes of the Shadow	middle-earth-ccg/darkminions/MiddleEarthCCG-DarkMinions-EyesOfTheShadow.jpg	default	Hazard	DarkMinions	Permanent-event																				U2	Environment. May only be played if Gates of Morning is not in play. The hazard limit is increased by two for each moving company with a size of less than four that also contains a Wizard or a non-ranger character with a mind of 6 or more. Cannot be duplicated. Discard when any play deck is exhausted.	playerNDeck
DarkMinions_FacesoftheDead	Faces of the Dead	middle-earth-ccg/darkminions/MiddleEarthCCG-DarkMinions-FacesOfTheDead.jpg	default	Hazard	DarkMinions	Short-event																				C2	Playable on a non-Wizard character moving with at least two Wildernesses in his site path if you discard any Undead hazard creature from your hand (show opponent). Target character makes a roll (draws a #) and adds his mind. If the result is less than 13, that character splits off from his company, forms a new company consisting of just himself (and faces no movement/hazard phase this turn), and immediately returns to his original company's site of origin.	playerNDeck
DarkMinions_FliesandSpiders	Flies and Spiders	middle-earth-ccg/darkminions/MiddleEarthCCG-DarkMinions-FliesAndSpiders.jpg	default	Hazard	DarkMinions	Permanent-event																				C1	Playable on a character facing a Spider attack. If the strike is successful, target character is not harmed and is taken prisoner at a Ruins & Lairs. During his untap phase, make a body check for that character modified by +1. If not eliminated, his player then makes a roll (draws a #) adding his body. If the result is greater than 15, the character is automatically rescued into his own company located at the rescue site. Rescue-attack: Spiders - 3 strikes with 9 prowess.	playerNDeck
DarkMinions_FoesShallFall	Foes Shall Fall	middle-earth-ccg/darkminions/MiddleEarthCCG-DarkMinions-FoesShallFall.jpg	default	Hazard	DarkMinions	Permanent-event															1(2)					U2	Corruption. Playable on a non-Wizard character facing a strike from a Dragon or Drake hazard creature attack. If the strike is defeated, discard this card. If the strike is not defeated, place creature's card with Foes Shall Fall-creature is considered off to the side. Target character's company faces an attack from creature at the start of each movement/hazard phase if creature is playable. Discard associated creature's card if Foes Shall Fall is discarded. Discard Foes Shall Fall if attached Dragon or Drake is defeated. If target character is a Dwarf, he receives 2 corruption points.	playerNDeck
DarkMinions_GnawwithWords	Gnaw with Words	middle-earth-ccg/darkminions/MiddleEarthCCG-DarkMinions-GnawWithWords.jpg	default	Hazard	DarkMinions	Short-event																				C2	Tap a sage if another sage is in his company or at his new site or at his current site. Tap a diplomat if another diplomat is in his company or at his new site or at his current site.	playerNDeck
DarkMinions_GoodSenseRevolts	Good Sense Revolts	middle-earth-ccg/darkminions/MiddleEarthCCG-DarkMinions-GoodSenseRevolts.jpg	default	Hazard	DarkMinions	Short-event																				C2	Playable on an untapped agent. Tap the agent who may then make an influence attempt against an ally, faction, or character. +4 to influence attempt. +8 if ally, faction, or character is playable at agent's home site. Alternatively, modify an influence attempt by an agent by +4. This card cannot serve both functions.	playerNDeck
DarkMinions_GreatNeedorPurpose	Great Need or Purpose	middle-earth-ccg/darkminions/MiddleEarthCCG-DarkMinions-GreatNeedOrPurpose.jpg	default	Hazard	DarkMinions	Long-event																				U2	Each agent may take an extra agent action each time he normally takes an agent action. Cannot be duplicated.	playerNDeck
DarkMinions_GreatSecretsBuriedThere	Great Secrets Buried There	middle-earth-ccg/darkminions/MiddleEarthCCG-DarkMinions-GreatSecretsBuriedThere.jpg	default	Hazard	DarkMinions	Permanent-event																				U2	Playable if opponent has at least ten cards in his play deck. Opponent reveals the top ten cards of his play deck to himself. If one is available, opponent must choose a non-special, non-hoard item from the revealed cards to place off to the side under this card (item does not give marshalling points and is considered out of play). If none are available, opponent must show you the cards he revealed to himself. Opponent shuffles all remaining revealed cards into his play deck. Opponent may play this item as though it were in his hand at any Under-deep site. Alternatively, you may play this card as a resource on yourself if you have at least ten cards in your play deck. In this case, you and your opponent reverse roles.	playerNDeck
DarkMinions_HelmsofIron	Helms of Iron	middle-earth-ccg/darkminions/MiddleEarthCCG-DarkMinions-HelmsOfIron.jpg	default	Hazard	DarkMinions	Permanent-event																				U2	"Playable only if you have a Nazgul permanent-event in play. Discard the Nazgul when this card is brought into play. All Orc, Troll, and Man attacks with body have their body modified by +1; and all Orc, Troll, and Man attacks with no body have 4 body."	playerNDeck
DarkMinions_InDarknessBindThem	In Darkness Bind Them	middle-earth-ccg/darkminions/MiddleEarthCCG-DarkMinions-InDarknessBindThem.jpg	default	Hazard	DarkMinions	Permanent-event																				C2	Any creature that can be keyed to a Shadow-land may be keyed to Ithilien, Harondor, Horse Plains, Khand, Imlad Morgul, Nurn, Gorgoroth, Udun, or Dagorlad. Any creature that can be keyed to a Dark-domain may be keyed to Khand, Imlad Morgul, Nurn, Gorgoroth, Udun, or Dagorlad. Discard this card when a creature keyed to one of these regions (not to the region symbol) is defeated.	playerNDeck
DarkMinions_InGreatWrath	In Great Wrath	middle-earth-ccg/darkminions/MiddleEarthCCG-DarkMinions-InGreatWrath.jpg	default	Hazard	DarkMinions	Short-event																				U2	Playable on a Nazgul in your discard pile that could immediatly attack. The Nazgul attacks immediately (not counting against the hazard limit) with +2 prowess and -1 body.	playerNDeck
DarkMinions_IntheHeartofhisRealm	In the Heart of his Realm	middle-earth-ccg/darkminions/MiddleEarthCCG-DarkMinions-InTheHeartOfHisRealm.jpg	default	Hazard	DarkMinions	Permanent-event																				R3	Each company moving in a Dark-domain draws one less card at the start of its movement/hazard phase (to no minimum). Additionally, any sage at a site in a Dark-domain or Gorgoroth, or moving with a Dark-domain or Gorgoroth in his site path, loses his sage skill. No character at a site in a Dark-domain or Gorgoroth, or moving with a Dark-domain or Gorgoroth in his site path, can use spells, light enchantments, or rituals. Discard when any play deck is exhausted.	playerNDeck
DarkMinions_InnerCunning	Inner Cunning	middle-earth-ccg/darkminions/MiddleEarthCCG-DarkMinions-InnerCunning.jpg	default	Hazard	DarkMinions	Permanent-event/Short-event																				C2	As a permanent-event, playable on a face-down agent who was brought into play this turn. When the agent is revealed, and if his home site is a Shadow-hold or a Dark-hold, the site where he came into play (which is not represented by a card) may legally be any Shadow-hold or a Dark-hold. Discard when the agent is revealed. Alternatively, as a short-event, take any agent who has a home site that is a Shadow-hold or Dark-hold from your play deck into your hand (reveal it to opponent and reshuffle your play deck).	playerNDeck
DarkMinions_LiketheCrashofBatteringrams	Like the Crash of Battering-rams	middle-earth-ccg/darkminions/MiddleEarthCCG-DarkMinions-LikeTheCrashOfBatteringRams.jpg	default	Hazard	DarkMinions	Short-event																				R3	Playable on a strike. If the strike is successful, the wounded character's body is reduced by one until the end of the turn for every complete increment of 5 the strike was successful by (subtract the character's prowess plus dice roll from the strike's prowess, divide by five, and drop any fractions).	playerNDeck
DarkMinions_LittleSnuffler	Little Snuffler	middle-earth-ccg/darkminions/MiddleEarthCCG-DarkMinions-LittleSnuffler.jpg	default	Hazard	DarkMinions	Creature	Orcs						5		1	{w}{s}{d}{R}{S}{D}	1									U2	Orcs. One strike. Attacker chooses defending characters. Each ranger in attacked company lowers Little Snuffler's body by 2. If attack is not defeated, any resource that requires a scout in target company cannot be played for the rest of the turn.	playerNDeck
DarkMinions_LobeliaSackvilleBaggins	Lobelia Sackville-Baggins	middle-earth-ccg/darkminions/MiddleEarthCCG-DarkMinions-LobeliaSackvilleBaggins.jpg	default	Hazard	DarkMinions		Hobbit	Scout	Bag End, Bree	3	1		0	9			1									U2	Unique. Manifestation of Mistress Lobelia. Agent. +3 direct influence against Hobbits and Hobbit Factions. May not move to any site other than Bree, Old Forest, The White Towers, or a site in The Shire.	playerNDeck
DarkMinions_LongDarkReach	Long Dark Reach	middle-earth-ccg/darkminions/MiddleEarthCCG-DarkMinions-LongDarkReach.jpg	default	Hazard	DarkMinions	Short-event																				R3	Playable on a moving company with at least one Wilderness in its site path if you have at least 10 cards in your play deck. Reveal the top seven cards of your play deck. One revealed Nazgul, Dragon, or a non-unique creature of your choice immediatly attacks the company (regardless of its playability requirements). The creature must be playable in some region besides Coastal Sea. If the creature could not normally be played on the company, modify its prowess by -4. Shuffle all unused cards and return them to the top of your play deck.	playerNDeck
DarkMinions_MordorinArms	Mordor in Arms	middle-earth-ccg/darkminions/MiddleEarthCCG-DarkMinions-MordorInArms.jpg	default	Hazard	DarkMinions	Permanent-event											-2									U2	Any company moving in Nurn faces three attacks: Orcs - 5 strikes with 8 prowess, Orcs - 4 strikes with 10 prowess, Trolls - 3 strikes with 12 prowess. If all three attacks are defeated by your opponent, he receives this card in his MP pile and 2 kill MPs. Any attempt by a character to influence a faction playable at a site in Horse Plains, Khand, Harondor, Nurn, Gorgoroth, Imlad Morgul, or Udun is modified by -6 and cannot be done with Muster.	playerNDeck
DarkMinions_MyPrecious	My Precious	middle-earth-ccg/darkminions/MiddleEarthCCG-DarkMinions-MyPrecious.jpg	default	Hazard	DarkMinions		Hobbit	Scout	Mt. Doom, Shelob's Lair, Goblin-gate, Moria	4	0		2	9			-1									R2	Unique. Manifestation of Gollum. Agent. May take an extra agent action (not counting against the hazard limit) each time he normally takes an agent action. If he attacks successfully against a company with a ring, he and a ring (attacker's choice) are discarded. If My Precious attacks and fails but is not defeated, the defender may tap a character in the target company to play Gollum (My Precious is discarded). Any player whose character eliminates My Precious receives -1 kill MPs.	playerNDeck
DarkMinions_NamelessThing	Nameless Thing	middle-earth-ccg/darkminions/MiddleEarthCCG-DarkMinions-NamelessThing.jpg	default	Hazard	DarkMinions	Creature	Drake						10	4	2		3									U2	Drake. 3 attacks of 2 strikes each. A character can tap to cancel one of these attacks. Playable at any site in the Under-deeps. If Doors of Night is in play, also playable at an adjacent site of any Under-deeps site or keyed to a Coastal Sea.	playerNDeck
DarkMinions_NeithersoAncientNorsoPotent	Neither so Ancient Nor so Potent	middle-earth-ccg/darkminions/MiddleEarthCCG-DarkMinions-NeitherSoAncientNorSoPotent.jpg	default	Hazard	DarkMinions	Permanent-event											2									U2	Playable on a stored item. Return item to opponent's hand (discarding all attached cards). Place this card in opponent's marshalling point pile.	playerNDeck
DarkMinions_NeverSeenHim	Never Seen Him	middle-earth-ccg/darkminions/MiddleEarthCCG-DarkMinions-NeverSeenHim.jpg	default	Hazard	DarkMinions	Permanent-event																				C2	Playable on an agent. Target agent may take an extra agent action (which does not count against the hazard limit) each time he normally takes an agent action. Cannot be duplicated on a given agent.	playerNDeck
DarkMinions_NoWayForward	No Way Forward	middle-earth-ccg/darkminions/MiddleEarthCCG-DarkMinions-NoWayForward.jpg	default	Hazard	DarkMinions	Permanent-event																				C2	Environment. The number of region cards that may be played by a moving company using region movement is reduced by one (by two if Doors of Night is in play) to a minimum of two. This card is effective during each player's organization phase. Discard when any play deck is exhausted. Cannot be duplicated.	playerNDeck
DarkMinions_NobodysFriend	Nobody's Friend	middle-earth-ccg/darkminions/MiddleEarthCCG-DarkMinions-NobodysFriend.jpg	default	Hazard	DarkMinions	Permanent-event/Short-event																				C2	As a permanent-event, playable on a face-down agent who was brought into play this turn. When the agent is revealed, and if his home site is a Border-hold or a Free-hold, the site where he came into play (which is not represented by a card) may legally be any Border-hold or a Free-hold. Discard when the agent is revealed. Alternatively, as a short-event, take any agent who has a home site that is a Free-hold or Border-hold from your play deck into your hand (reveal it to opponent and reshuffle your play deck).	playerNDeck
DarkMinions_OutoftheBlackSky	Out of the Black Sky	middle-earth-ccg/darkminions/MiddleEarthCCG-DarkMinions-OutOfTheBlackSky.jpg	default	Hazard	DarkMinions	Permanent-event											5									R3	Playable if Doors of Night is in play on a Nazgul permanent-event that could immediately attack if it were in your hand. The Nazgul immediately attacks as a creature from its permanent-event state (not counting against the hazard limit) and chooses defending characters. If the Nazgul is defeated, place this card in opponent's marshalling point pile and remove the Nazgul from play. Otherwise, discard this card. This can be used on an opponent's Nazgul permanent-event as well as on your own.	playerNDeck
DarkMinions_PaleDreammaker	Pale Dream-maker	middle-earth-ccg/darkminions/MiddleEarthCCG-DarkMinions-PaleDreamMaker.jpg	default	Hazard	DarkMinions	Permanent-event															2					R3	"Corruption. Dark Enchantment. Playable on a non-Wizard character wounded by an Undead attack this turn; does not count against the hazard limit. Target character receives 2 corruption points and makes a corruption check each time his player discards a card from his hand during his turn. His direct influence is zero while bearing this card. Cannot be duplicated on a given character. During the organization phase, a sage in target character's company (other than character) may tap to attempt to remove this card. Make a roll (or draw a #): if the result is greater than 6, discard this card."	playerNDeck
DarkMinions_PiercedbyManyWounds	Pierced by Many Wounds	middle-earth-ccg/darkminions/MiddleEarthCCG-DarkMinions-PiercedByManyWounds.jpg	default	Hazard	DarkMinions	Short-event																				C2	"Playable on an attack with more strikes than defending characters before strikes are assigned; does not count against the hazard limit. The first excess strike assigned to each character gives a -4 modification to his prowess instead of -1. Cannot be duplicated on a given attack."	playerNDeck
DarkMinions_RankuponRank	Rank upon Rank	middle-earth-ccg/darkminions/MiddleEarthCCG-DarkMinions-RankUponRank.jpg	default	Hazard	DarkMinions	Permanent-event																				C2	All non-agent Man attacks receive +1 prowess and +1 strikes. If Doors of Night is in play, all Giant attacks also receive these bonuses. Discard this card when such an affected attack (automatic, hazard creature, or otherwise) is defeated. Cannot be duplicated.	playerNDeck
DarkMinions_ReachingShadow	Reaching Shadow	middle-earth-ccg/darkminions/MiddleEarthCCG-DarkMinions-ReachingShadow.jpg	default	Hazard	DarkMinions	Permanent-event																				C2	Any creature that can be keyed to a Shadow-land may be keyed to Anduin Vales, Northern Rhovanion, Southern Rhovanion, Grey Mountain Narrows, Woodland Realm, Western Mirkwood, Heart of Mirkwood, Southern Mirkwood, Brown Lands, or Dagorlad. Any creature that can be keyed to a Dark-domain may be keyed to Heart of Mirkwood, Southern Mirkwood, Brown Lands, or Dagorlad. Discard this card when a creature keyed to one of these regions (not to the region symbol) is defeated.	playerNDeck
DarkMinions_RedoubledForce	Redoubled Force	middle-earth-ccg/darkminions/MiddleEarthCCG-DarkMinions-RedoubledForce.jpg	default	Hazard	DarkMinions	Permanent-event																				C2	All Orc and Troll automatic-attacks receive +3 strikes and +2 prowess. Discard this card when such an automatic-attack is defeated. Cannot be duplicated.	playerNDeck
DarkMinions_ReluctantFinalParting	Reluctant Final Parting	middle-earth-ccg/darkminions/MiddleEarthCCG-DarkMinions-ReluctantFinalParting.jpg	default	Hazard	DarkMinions	Permanent-event																				U2	Discard any ally if its currnet site is an Under-deeps site or if its current site's nearest Haven is not the same as the nearest Haven for the site at which the ally can be played. Determine nearest Haven using site cards of the same alignment (minion/hero) as the ally. Discard this card when any play deck is exhausted. Cannot be duplicated.	playerNDeck
DarkMinions_RevealedtoallWatchers	Revealed to all Watchers	middle-earth-ccg/darkminions/MiddleEarthCCG-DarkMinions-RevealedToAllWatchers.jpg	default	Hazard	DarkMinions	Short-event																				R2	Unique. Reveal your hand to opponent. Place all non-hazard cards from your hand off to the the side. Draw cards from your play deck until your hand size is reached. Place the non-hazard cards from off to the side face down on top of your play deck in any order you choose.	playerNDeck
DarkMinions_ScimitarsofSteel	Scimitars of Steel	middle-earth-ccg/darkminions/MiddleEarthCCG-DarkMinions-ScimitarsOfSteel.jpg	default	Hazard	DarkMinions	Permanent-event																				U2	Playable only if you have a Nazgul permanent-event in play. Discard the Nazgul when this card is brought into play. All Orc, Troll, and Men attacks receive +1 prowess.	playerNDeck
DarkMinions_SeekwithoutSuccess	Seek without Success	middle-earth-ccg/darkminions/MiddleEarthCCG-DarkMinions-SeekWithoutSuccess.jpg	default	Hazard	DarkMinions	Short-event																				C2	Discard a ranger agent at target company's new site. Company must immediately return to its site of origin.	playerNDeck
DarkMinions_SeizedbyTerror	Seized by Terror	middle-earth-ccg/darkminions/MiddleEarthCCG-DarkMinions-SeizedByTerror.jpg	default	Hazard	DarkMinions	Short-event																				C2	Playable on a non-Wizard character moving in a Shadow-land or Dark-domain. Target character makes a roll (draws a #) and adds his mind. If the result is less than 12, that character splits off into a different company, and immediately returns to his original company's site of origin.	playerNDeck
DarkMinions_ShadowoutoftheDark	Shadow out of the Dark	middle-earth-ccg/darkminions/MiddleEarthCCG-DarkMinions-ShadowOutOfTheDark.jpg	default	Hazard	DarkMinions	Permanent-event																				R2	Playable on a face-up Agent who can use shadow-magic. If agent is revealed and not in a Free-hold or Haven, he can tap to allow any Undead hazard creatures to be played at his site this turn. Any Undead hazard creatures so played do not count against the hazard limit.	playerNDeck
DarkMinions_SpellsoftheBarrowwights	Spells of the Barrow-wights	middle-earth-ccg/darkminions/MiddleEarthCCG-DarkMinions-SpellsOfTheBarrowWights.jpg	default	Hazard	DarkMinions	Permanent-event																				C1	Playable on a character facing an Undead strike. If the strike is successful, target character is not harmed and is taken prisoner at a Ruins & Lairs or Shadow-hold. Character must discard any rings along with his other items. At the start of each of his untap phases, make a body check for that character. Rescue-attack: Undead - 3 strikes with 8 prowess.	playerNDeck
DarkMinions_SpideroftheMorlat	Spider of the Morlat	middle-earth-ccg/darkminions/MiddleEarthCCG-DarkMinions-SpiderOfTheMorlat.jpg	default	Hazard	DarkMinions	Creature/Permanent-event	Spiders						16	9	2		4									R2	"Unique. Spider. Spawn. May be played as a hazard creature (with two strikes) or as a permanent-event. As a creature, she may be played at Dol Guldur and The Sulfur-deeps. If Doors of Night is in play, she may also be keyed to Southern Mirkwood, Heart of Mirkwood, or Woodland Realm; or at any adjacent site of The Sulfur-deeps. If played as a permanent-event, all Spider attacks receive +1 strike. Additionally, any company moving in Southern Mirkwood, Heart of Mirkwood, Woodland Realm, Dagorlad, or Brown Lands faces a Spider attack of 2 strikes with 10 prowess. You can return Spider of the Morlat as a permanent-event to your hand-which counts as one against the hazard limit."	playerNDeck
DarkMinions_StirringBones	Stirring Bones	middle-earth-ccg/darkminions/MiddleEarthCCG-DarkMinions-StirringBones.jpg	default	Hazard	DarkMinions	Creature	Undead						9	-	2	{w}{w}{s}{d}{R}{S}	1									C2	Undead. Two strikes.	playerNDeck
DarkMinions_SuddenFury	Sudden Fury	middle-earth-ccg/darkminions/MiddleEarthCCG-DarkMinions-SuddenFury.jpg	default	Hazard	DarkMinions	Short-event																				C2	Playable on a site. Until the end of the turn, any attack by a scout agent at this site has its number of strikes increased by one and attacker chooses defending characters.	playerNDeck
DarkMinions_TheBlackEnemysWrath	The Black Enemy's Wrath	middle-earth-ccg/darkminions/MiddleEarthCCG-DarkMinions-TheBlackEnemysWrath.jpg	default	Hazard	DarkMinions	Long-event																				R3	Each Under-deep site, Dark-hold, and Shadow-hold has an additional automatic-attack (cannot be canceled): Lava Flows - 1 strike against each character with 6 prowess (weapons do not modify prowess against these strikes). The penalty for an untapped character not tapping against one of these strikes is -5. Cannot be duplicated.	playerNDeck
DarkMinions_TheMoonIsDead	The Moon Is Dead	middle-earth-ccg/darkminions/MiddleEarthCCG-DarkMinions-TheMoonIsDead.jpg	default	Hazard	DarkMinions	Permanent-event																				C2	All Undead attacks receive +1 strike and +1 prowess. All Undead automatic-attacks are duplicated (i.e., each Undead automatic-attack must be faced twice, including all modifications). Discard this card when an Undead attack is defeated. Cannot be duplicated.	playerNDeck
DarkMinions_TheReachofUlmo	The Reach of Ulmo	middle-earth-ccg/darkminions/MiddleEarthCCG-DarkMinions-TheReachOfUlmo.jpg	default	Hazard	DarkMinions	Permanent-event																				U2	The roll required to move between adjacent Under-deep sites is increased by 2. In addition, cancels the effects of Great Ship and Ford. May be played when an Under-deep site is revealed as a new site card (before the roll is made). Discard when any play deck is exhausted or when an Under-deep site is reached from another Under-deep site or at the end of the turn after Great Ship or Ford was played. Cannot be duplicated.	playerNDeck
DarkMinions_TheWayisShut	The Way is Shut	middle-earth-ccg/darkminions/MiddleEarthCCG-DarkMinions-TheWayIsShut.jpg	default	Hazard	DarkMinions	Long-event																				U2	A company moving to or from an Under-deep site must return to its site of origin. Additionally, cancels the effects of Secret Passage and Secret Entrance. Cannot be duplicated.	playerNDeck
DarkMinions_ToGetYouAway	To Get You Away	middle-earth-ccg/darkminions/MiddleEarthCCG-DarkMinions-ToGetYouAway.jpg	default	Hazard	DarkMinions	Permanent-event																				R3	Tap an agent at target company's new site. Agent may attack (not counting against hazard limit) during the movement/hazard phase. Attacker chooses defending characters. A successful strike doesn't wound the defending character, instead the character is taken prisoner at one of the agent's home sites of the attacker's choice (regardless of site's location) and the agent returns to the same site. Rescue-attack: Same race as agent - 3 strikes with 8 prowess.	playerNDeck
DarkMinions_TribalBanner	Tribal Banner	middle-earth-ccg/darkminions/MiddleEarthCCG-DarkMinions-TribalBanner.jpg	default	Hazard	DarkMinions	Short-event																				C2	"Playable on an Orc or Troll attack before strikes are assigned; does not count against the hazard limit. The prowess and body of target attack are each reduced by one. All body checks resulting from successful strikes of this attack are modified by +1. Cannot be duplicated on a given attack."	playerNDeck
DarkMinions_TribalTotem	Tribal Totem	middle-earth-ccg/darkminions/MiddleEarthCCG-DarkMinions-TribalTotem.jpg	default	Hazard	DarkMinions	Short-event																				R3	"Playable on an Orc or Troll attack before strikes are assigned; does not count against the hazard limit. The prowess and body of target attack and of all Orc and Troll attacks against this company for the rest of the turn are each reduced by three. Any body check resulting from a successful strike of such a modified attack is modified by +2. Cannot be duplicated against a given company."	playerNDeck
DarkMinions_Trollpurse	Troll-purse	middle-earth-ccg/darkminions/MiddleEarthCCG-DarkMinions-TrollPurse.jpg	default	Hazard	DarkMinions	Permanent-event																				U2	Playable on a site with an Orc or Troll automatic-attack. When any item is played at this site, the company must face all automatic-attacks of the site again with the attack's prowess modified by +3. Any successful strike does not harm the character, but rather the character is taken prisoner at the site. The rescue-attack equals all automatic-attacks of the site at the time of rescue.	playerNDeck
DarkMinions_TwistedTales	Twisted Tales	middle-earth-ccg/darkminions/MiddleEarthCCG-DarkMinions-TwistedTales.jpg	default	Hazard	DarkMinions	Short-event																				U2	Playable on an untapped diplomat agent. Tap the agent who may then make an influence attempt against a faction playable at the agent's site. +6 to influence attempt. Attempt is automatically successful if target faction is playable at the agent's home site.	playerNDeck
DarkMinions_TwoorThreeTribesPresent	Two or Three Tribes Present	middle-earth-ccg/darkminions/MiddleEarthCCG-DarkMinions-TwoOrThreeTribesPresent.jpg	default	Hazard	DarkMinions	Short-event																				C2	Playable on a company moving with at least two Wildernesses, one Shadow-land, or one Dark-domainin their site path. When played, announce a creature type except Nazgul, Undead, or Dragons (like Orcs, Men, Slayers, Drakes, etc.). For this turn, any hazard creatures of this type played against target company do not count against the hazard limit.	playerNDeck
DarkMinions_UmagaurthePale	Umagaur the Pale	middle-earth-ccg/darkminions/MiddleEarthCCG-DarkMinions-UmagaurThePale.jpg	default	Hazard	DarkMinions	Creature	Trolls						14	8	1	{S}	2									R2	Unique. Troll. 1 strike. Also playable at Moria and The Under-gates. If Doors of Night is in play, playable at any Under-deep site. Any non-unique Orc or Troll hazard creature can be played (not counting against the hazard limit) on a company that has faced Umagaur that turn.	playerNDeck
DarkMinions_WaylaidWoundedandOrcdragged	Waylaid, Wounded, and Orc-dragged	middle-earth-ccg/darkminions/MiddleEarthCCG-DarkMinions-WaylaidWoundedAndOrcDragged.jpg	default	Hazard	DarkMinions	Permanent-event																				U2	Playable on a Hobbit facing a strike from an Orc attack. Target Hobbit receives +2 prowess against the strike. If the strike is successful, he is not harmed and is taken prisoner at a Ruins & Lairs, Shadow-hold, or Dark-hold. If the Hobbit bears a ring, his player makes a roll at the start of each of his untap phases -if the result is less that 7, the ring is discarded. Rescue-attacks (3): Orcs - 3 strikes with 6 prowess, Orcs - 4 strikes with 7 prowess, Orcs - 5 strikes with 8 prowess.	playerNDeck
DarkMinions_WhichMightBeLies	Which Might Be Lies	middle-earth-ccg/darkminions/MiddleEarthCCG-DarkMinions-WhichMightBeLies.jpg	default	Hazard	DarkMinions	Short-event																				C2	Playable on a stored resource permanent-event that required an information site to be played. Discard event.	playerNDeck
DarkMinions_WillnotComeDown	Will not Come Down	middle-earth-ccg/darkminions/MiddleEarthCCG-DarkMinions-WillNotComeDown.jpg	default	Hazard	DarkMinions	Short-event																				U2	Playable on an untapped agent. Tap the agent who may then make an influence attempt against an ally, faction, or character. Unused general influence modification does not apply. If successful, the target is not discarded, but rather it is returned to its owner's hand.	playerNDeck
DarkMinions_WispofPaleSheen	Wisp of Pale Sheen	middle-earth-ccg/darkminions/MiddleEarthCCG-DarkMinions-WispOfPaleSheen.jpg	default	Hazard	DarkMinions	Creature	Undead						6	-	1	{w}{s}{d}{c}{R}{S}	1									C1	Undead. One strike. Attacker chooses defending characters. Any character facing a strike whose mind is equal to or lower than the strike's prowess must tap if untapped following the strike (unless the strike is cancelled).	playerNDeck
DarkMinions_WoundofLongBurden	Wound of Long Burden	middle-earth-ccg/darkminions/MiddleEarthCCG-DarkMinions-WoundOfLongBurden.jpg	default	Hazard	DarkMinions	Permanent-event															1					C2	Corruption. Playable on a character facing a strike with a prowess of 12 or greater. If the strike is not successful, discard this card. Otherwise, target character receives 1 corruption point and his body is lowered by 1. During his organization phase, a character at a Haven with this card may tap to attempt to remove it. Make a roll (or draw a #): if this result is greater than 7, discard this card.	playerNDeck
DarkMinions_Wraithlord	Wraith-lord	middle-earth-ccg/darkminions/MiddleEarthCCG-DarkMinions-WraithLord.jpg	default	Hazard	DarkMinions	Short-event																				R2	Playable on a moving company with two Dark-domains in its site path. Each Nazgul that attacks target company this turn receives +2 prowess and lowers the body of any characters it wounds by one (for the rest of the turn). Each Nazgul so played does not count against the hazard limit. Cannot be duplicated on a given turn.	playerNDeck
DarkMinions_YourWelcomeIsDoubtful	Your Welcome Is Doubtful	middle-earth-ccg/darkminions/MiddleEarthCCG-DarkMinions-YourWelcomeIsDoubtful.jpg	default	Hazard	DarkMinions	Short-event																				U2	Playable on an untapped agent. Tap the agent who may then make an influence attempt against an ally or character. +6 to influence attempt (+10 if the agent is a diplomat). An additional +7 to the attempt if target character has the same home site as the agent or if target ally is playable at the agent's home site.	playerNDeck
DarkMinions_FolcoBoffin	Folco Boffin	middle-earth-ccg/darkminions/MiddleEarthCCG-DarkMinions-FolcoBoffin.jpg	default	Hero Character	DarkMinions		Hobbit	Scout	Bag End	3	0		0	9			1									U2	Unique. Unless he is one of the starting characters, he may only be brought into play at his home site. All of his corruption checks are modified by +2. You may discard Folco at a Haven to play any Hobbit from your hand with his company.	playerNDeck
DarkMinions_Aiglos	Aiglos	middle-earth-ccg/darkminions/MiddleEarthCCG-DarkMinions-Aiglos.jpg	default	Hero Resource	DarkMinions	Special Item					2		+2(5)	1			5				3					R2	"Unique. Playable at any Under-deep Dark-hold or Shadow-hold. Weapon. Warrior only: +2 prowess (+5 if Doors of Night is in play) (to a maximum of 11); +1 body (to a maximum of 10); -2 to target's body; +3 direct influence against Elves and Elf factions."	playerNDeck
DarkMinions_AnUnexpectedParty	An Unexpected Party	middle-earth-ccg/darkminions/MiddleEarthCCG-DarkMinions-AnUnexpectedParty.jpg	default	Hero Resource	DarkMinions	Permanent-event																				R3	"Only playable during the organization phase on a company. There is no limit to the size of this company. Dwarves with a mind of 2 or less in this company do not require influence to be controlled; and there is no limit to how many Dwarves may be brought into play on a given turn with the company. Discard this card if the company has more than one non-Wizard character with a mind greater than 5 or more than two non-Dwarf characters or no Dwarf with a mind greater than 5. Cannot be duplicated on a given company."	playerNDeck
DarkMinions_AncientStair	Ancient Stair	middle-earth-ccg/darkminions/MiddleEarthCCG-DarkMinions-AncientStair.jpg	default	Hero Resource	DarkMinions	Short-event																				U2	Playable only at the end of the organization phase on a company that starts its turn at an untapped adjacent site of an Under-deeps site. Opponent may draw up to twice the normal number of cards for this company during the movement/hazard phase. If company moved to an Under-deep site, at the end of the turn the company may replace its site card with the site card at which it began the turn.	playerNDeck
DarkMinions_Armory	Armory	middle-earth-ccg/darkminions/MiddleEarthCCG-DarkMinions-Armory.jpg	default	Hero Resource	DarkMinions	Permanent-event											-1									U2	Only you and your companies can use Armory. You may place any minor items from your hand under Armory during your organization phase. A character at a Haven can store a minor item under Armory instead of to your marshalling point pile. When you otherwise would be allowed to play a minor item from your hand at a Border-hold, Free-hold, or Haven, you may play an item from under Armory instead. If you have at least three minor items under Armory, gain 1 marshalling point.	playerNDeck
DarkMinions_AwaittheAdventofAllies	Await the Advent of Allies	middle-earth-ccg/darkminions/MiddleEarthCCG-DarkMinions-AwaitTheAdventOfAllies.jpg	default	Hero Resource	DarkMinions	Permanent-event																				U2	Playable on a non-Wizard character with a mind of six or less. Character must stay at its current non-Haven site until you play a card at the site. Target character does not count against general influence and its marshalling points do not count. Discard this card when you play a resource at the site, the character is discarded, or the character is wounded. Cannot be duplicated on a given character.	playerNDeck
DarkMinions_BalanceBetweenPowers	Balance Between Powers	middle-earth-ccg/darkminions/MiddleEarthCCG-DarkMinions-BalanceBetweenPowers.jpg	default	Hero Resource	DarkMinions	Permanent-event																				R3	Environment. No environment cards can be played. At the start of your organization phase, discard this card or keep it in play by discarding an environment card form your hand. Your opponent can then discard an environment card from his hand to discard this card, which you can counter by discarding two environment cards from your hand, which he can counter by discarding one, which you can counter with two, he with one, etc. Discard when any play deck is exhausted.	playerNDeck
DarkMinions_Barrowblade	Barrow-blade	middle-earth-ccg/darkminions/MiddleEarthCCG-DarkMinions-BarrowBlade.jpg	default	Hero Resource	DarkMinions	Permanent-event											1				1					C2	Tap the bearer of a Dagger of Westernesse during the site phase at a Ruins & Lairs and play this with the Dagger. Dagger receives +1 prowess (+3 versus Undead and Nazgul). Cannot be duplicated on a given Dagger.	playerNDeck
DarkMinions_ChoiceofLuthien	Choice of Luthien	middle-earth-ccg/darkminions/MiddleEarthCCG-DarkMinions-ChoiceOfLuthien.jpg	default	Hero Resource	DarkMinions	Permanent-event											1									R2	Unique. Playable on Arwen in Minas Tirith. She receives +2 direct influence and her mind increases by 2. Discard if Arwen moves to a site not in Anorien, Lebennin, Lamedon, Belfalas, or Anfalas. Tap Arwen to take one item, ally, or faction playable at her current site from your play deck or discard pile into your hand (reshuffle play deck if searched).	playerNDeck
DarkMinions_CrownofFlowers	Crown of Flowers	middle-earth-ccg/darkminions/MiddleEarthCCG-DarkMinions-CrownOfFlowers.jpg	default	Hero Resource	DarkMinions	Permanent-event																				C2	Environment. Crown of Flowers has no effect until you play a resource with it. You can play one resource from your hand with this card. The resource is considered to be played and to be in play as though Gates of Morning were in play and Doors of Night were not. Crown of Flowers does not affect the interpretation of any card except the resource played with it. Discard Crown of Flowers when the resource is discarded. Discard the resource if Crown of Flowers is discarded.	playerNDeck
DarkMinions_CupofFarewell	Cup of Farewell	middle-earth-ccg/darkminions/MiddleEarthCCG-DarkMinions-CupOfFarewell.jpg	default	Hero Resource	DarkMinions	Permanent-event																				U2	Playable on a company at a Haven [h] during the organization phase. Once during each of your turns, you can tap a character in this company, if the company is at a Haven, to take a minor item from your sideboard into your hand (show opponent). Cannot be duplicated on a given company.	playerNDeck
DarkMinions_DarkNumbers	Dark Numbers	middle-earth-ccg/darkminions/MiddleEarthCCG-DarkMinions-DarkNumbers.jpg	default	Hero Resource	DarkMinions	Permanent-event											1									C2	Stolen Knowledge. Playable on an untapped scout immediately after facing an Orc, Troll, or Man attack. Tap scout. Can be stored at a Haven. If not stored, discard to give +3 to an influence attempt against a faction by a character in the same company.	playerNDeck
DarkMinions_Dragonhelm	Dragon-helm	middle-earth-ccg/darkminions/MiddleEarthCCG-DarkMinions-DragonHelm.jpg	default	Hero Resource	DarkMinions	Special Item					3		1	2			4				2					R2	"Unique. Playable at any Under-deep Dark-hold (D) or Shadow-hold (S). Helmet. Warrior only: +1 prowess; +2 body (to a maximum of 10); +3 direct influence. Tap Dragon-helm to cancel one attack by Dragons or Drakes."	playerNDeck
DarkMinions_DwarvenLightstone	Dwarven Light-stone	middle-earth-ccg/darkminions/MiddleEarthCCG-DarkMinions-DwarvenLightStone.jpg	default	Hero Resource	DarkMinions	Special Item											2				1					U2	"Playable at any Under-deep site. +2 to all rolls required for bearer's company to move to an adjacent site in the Under-deeps. Tap Dwarven Light-stone: to modify by -2 the prowess of one attack for which ""weapons do not modify the target's prowess"" (e.g., Trap, Lava Flow, etc.), or to modify by -2 the prowess of one Orc or Troll attack."	playerNDeck
DarkMinions_EnduringTales	Enduring Tales	middle-earth-ccg/darkminions/MiddleEarthCCG-DarkMinions-EnduringTales.jpg	default	Hero Resource	DarkMinions	Long-event																				C2	When any player discards a card from his hand, he may discard it to the top of his play deck (and always face down) instead of to his discard pile.	playerNDeck
DarkMinions_EyesofMandos	Eyes of Mandos	middle-earth-ccg/darkminions/MiddleEarthCCG-DarkMinions-EyesOfMandos.jpg	default	Hero Resource	DarkMinions	Short-event																				R3	Playable on Pallando during the organization phase. Tap Pallando and reveal up to 8 cards from the top of your play deck. Choose one to put into your hand and shuffle the remaining ones into your play deck.	playerNDeck
DarkMinions_FaceoutofSight	Face out of Sight	middle-earth-ccg/darkminions/MiddleEarthCCG-DarkMinions-FaceOutOfSight.jpg	default	Hero Resource	DarkMinions	Long-event																				C1	All on-guard cards are returned to owner's hands. At the end of any turn, all wounded and tapped agents are returned to their owner's hands. Cannot be duplicated.	playerNDeck
DarkMinions_FateoftheIthilstone	Fate of the Ithil-stone	middle-earth-ccg/darkminions/MiddleEarthCCG-DarkMinions-FateOfTheIthilStone.jpg	default	Hero Resource	DarkMinions	Permanent-event											-7									R2	"Playable on a company at Minas Tirith if the company discards (for no effect) a Lost Knowledge card it controls. Tap this card if the company plays a Palantir; this card never untaps. If this card is tapped, invert it on the playing surface (rotate it 180 degrees) if the company enters Barad-dur and plays a Stolen Knowledge card during the same site phase. If this card is inverted, it can be stored at a Haven-only if stored do you receive its marshalling points. If this card is stored, all Palantiri give one less corruption point. Once inverted, no other copy of this card can be inverted."	playerNDeck
DarkMinions_FifteenBirdsinFiveFirtrees	Fifteen Birds in Five Firtrees	middle-earth-ccg/darkminions/MiddleEarthCCG-DarkMinions-FifteenBirdsInFiveFirtrees.jpg	default	Hero Resource	DarkMinions	Short-event																				R3	Playable on a moving company facing a non-unique hazard creature if Gates of Morning is in play. All attacks of the creature are cancelled and all attacks of the next non-unique hazard creature the company faces this turn are also cancelled. An untapped character in the company must tap to face any strike from a subsequent hazard creature attack for the rest of the turn. The company must do nothing during its site phase unless it contains a Wizard or you discard Eagle-mounts from your hand. Cannot be duplicated on a given turn.	playerNDeck
DarkMinions_Fireworks	Fireworks	middle-earth-ccg/darkminions/MiddleEarthCCG-DarkMinions-Fireworks.jpg	default	Hero Resource	DarkMinions	Permanent-event																				C2	Ritual. Playable on an untapped sage at a tapped Border-holdor Free-hold. Tap sage. Make a roll (draw a #) and add the mind of the sage (+10 if a Wizard)-if the result is greater than 12, the site untaps. The next time the sage would otherwise become untapped, make him tapped instead and discard this card.	playerNDeck
DarkMinions_FirstoftheOrder	First of the Order	middle-earth-ccg/darkminions/MiddleEarthCCG-DarkMinions-FirstOfTheOrder.jpg	default	Hero Resource	DarkMinions	Short-event																				R3	Playable on Saruman. Saruman receives +2 to all corruption checks for the rest of the turn.	playerNDeck
DarkMinions_ForewarnedIsForearmed	Forewarned Is Forearmed	middle-earth-ccg/darkminions/MiddleEarthCCG-DarkMinions-ForewarnedIsForearmed.jpg	default	Hero Resource	DarkMinions	Permanent-event																				C2	Any non-Dragon Lair site with more than one automatic-attack is reduced to having one automatic-attack of the hazard player's choice. Any creature or other hazard with more than one attack is reduced to one attack of the hazard player's choice. Discard when such an isolated attack is defeated. Cannot be duplicated.	playerNDeck
DarkMinions_ForgottenScrolls	Forgotten Scrolls	middle-earth-ccg/darkminions/MiddleEarthCCG-DarkMinions-ForgottenScrolls.jpg	default	Hero Resource	DarkMinions	Minor Item															1					C2	Lost Knowledge. Can also be played at Minas Tirith if the site is tapped. Cannot be included with a starting company. After this item is played, the bearer faces an attack (cannot be cancelled): Trap - 1 strike with 8 prowess (weapons do not modify prowess against this strike). If its bearer is at a Ruins & Lairs, discard Forgotten Scrolls to make information playable at the site until the end of the turn.	playerNDeck
DarkMinions_FreetoChoose	Free to Choose	middle-earth-ccg/darkminions/MiddleEarthCCG-DarkMinions-FreeToChoose.jpg	default	Hero Resource	DarkMinions	Permanent-event																				C2	Playable on an item that normally gives 3 corruption points or more. Target item gives 2 fewer corruption points (3 fewer if Gates of Morning is in play). Discard after its bearer makes a corruption check. Cannot be duplicated on a given item.	playerNDeck
DarkMinions_GemsofArda	Gems of Arda	middle-earth-ccg/darkminions/MiddleEarthCCG-DarkMinions-GemsOfArda.jpg	default	Hero Resource	DarkMinions	Special Item											3				3					R3	Playable at The Gem-deeps. If you have a stored Vein of Arda, playable at any Under-deeps site. During any organization phase in which you store Gems of Arda, you may immediately tap a character in the same company and play with him a non-special item from your hand or discard pile. This item must be identical to an item that your opponent has already stored. Your opponent's stored item is discarded, and you may never store the item you played.	playerNDeck
DarkMinions_HallofFire	Hall of Fire	middle-earth-ccg/darkminions/MiddleEarthCCG-DarkMinions-HallOfFire.jpg	default	Hero Resource	DarkMinions	Permanent-event																				C2	Playable on a Haven. Any company at this Haven immediately following its movement/hazard phase may choose for one of its characters to untap or heal (from wounded to tapped). Discard Hall of Fire when the site card is returned to the location deck.	playerNDeck
DarkMinions_HealingofNimrodel	Healing of Nimrodel	middle-earth-ccg/darkminions/MiddleEarthCCG-DarkMinions-HealingOfNimrodel.jpg	default	Hero Resource	DarkMinions	Short-event																				C2	Playable during the organization phase on a moving company whose site of origin is a Haven. If the company moves to another Haven this turn, at the end of the movement/hazard phase all wounded characters in the company heal (from wounded to untapped) and all tapped characters untap.	playerNDeck
DarkMinions_Herblore	Herb-lore	middle-earth-ccg/darkminions/MiddleEarthCCG-DarkMinions-HerbLore.jpg	default	Hero Resource	DarkMinions	Permanent-event																				R3	Playable on Radagast while moving during his movement/hazard phase if there is at least one Wilderness in his site path. If untapped, tap Radagast afterwards. During any organization phase, Radagast can tap and discard this card to heal all characters in his company from wounded to untapped and to untap all tapped characters.	playerNDeck
DarkMinions_HereIsaSnake	Here Is a Snake!	middle-earth-ccg/darkminions/MiddleEarthCCG-DarkMinions-HereIsASnake.jpg	default	Hero Resource	DarkMinions	Short-event																				C2	Playable on a company during its movement/hazard phase after cards have been drawn. Opponent may reveal to you any number of hazards from his hand. He may only play hazards he revealed to you (including on-guard cards) for the remainder of target company's movement/hazard phase. Alternatively, a face-down agent is tapped and revealed.	playerNDeck
DarkMinions_HiddenKnife	Hidden Knife	middle-earth-ccg/darkminions/MiddleEarthCCG-DarkMinions-HiddenKnife.jpg	default	Hero Resource	DarkMinions	Short-event																				C1	Playable on any face-up agent during your site phase. You may play a hazard creature from your hand keyed to a face-up agent's current site which immediately attacks the agent as if the agent were a character. You do not receive marshalling points if the agent is eliminated.	playerNDeck
DarkMinions_Hobbitlore	Hobbit-lore	middle-earth-ccg/darkminions/MiddleEarthCCG-DarkMinions-HobbitLore.jpg	default	Hero Resource	DarkMinions	Permanent-event																				R3	Playable on Gandalf during the organization phase while at a Haven. If untapped, tap Gandalf afterwards. He receives +2 direct influence against Hobbits and Hobbit factions. {cyan} UEP: Playable on Gandalf during the organization phase. If untapped, tap Gandalf afterwards. He receives +2 direct influence against Hobbits and Hobbit factions.	playerNDeck
DarkMinions_HornsHornsHorns	Horns, Horns, Horns	middle-earth-ccg/darkminions/MiddleEarthCCG-DarkMinions-HornsHornsHorns.jpg	default	Hero Resource	DarkMinions	Short-event																				C1	Each player removes all factions from his discard pile and shuffles them into his play deck.	playerNDeck
DarkMinions_HourofNeed	Hour of Need	middle-earth-ccg/darkminions/MiddleEarthCCG-DarkMinions-HourOfNeed.jpg	default	Hero Resource	DarkMinions	Short-event																				R3	Playable on an untapped non-warrior, non-Wizard diplomat during the organization phase if you have a faction in your hand. Play a faction from your hand. Tap diplomat who then makes an influence attempt on this faction. Count out the number of contiguous regions from the diplomat's site to the site where the faction is normally playable (including the regions containing both sites)-subtract two plus this number from the diplomat's attempt. If the attempt is unsuccessful, discard the diplomat and faction.	playerNDeck
DarkMinions_HundredsofButterflies	Hundreds of Butterflies	middle-earth-ccg/darkminions/MiddleEarthCCG-DarkMinions-HundredsOfButterflies.jpg	default	Hero Resource	DarkMinions	Short-event																				C2	Playable on a moving character during his movement/hazard phase. Untap the character and increase the hazard limit against his company by one.	playerNDeck
DarkMinions_IKnowMuchaboutYou	I Know Much about You	middle-earth-ccg/darkminions/MiddleEarthCCG-DarkMinions-IKnowMuchAboutYou.jpg	default	Hero Resource	DarkMinions	Short-event																				C2	Cancels any agent attack or any hazard effect that requires tapping an agent declared earlier in the same chain of effects or one attack from a hazard creature with multiple attacks (e.g., Slayer, Nameless Thing).	playerNDeck
DarkMinions_IntoDarkTunnels	Into Dark Tunnels	middle-earth-ccg/darkminions/MiddleEarthCCG-DarkMinions-IntoDarkTunnels.jpg	default	Hero Resource	DarkMinions	Short-event																				C1	Playable at the end of the movement/hazard phase on a company that has moved to an Under-deep site. That company may attempt to move to an additional site on the same turn. Another site card may be played and a movement/hazard phase immediately follows.	playerNDeck
DarkMinions_IntotheSmokingCone	Into the Smoking Cone	middle-earth-ccg/darkminions/MiddleEarthCCG-DarkMinions-IntoTheSmokingCone.jpg	default	Hero Resource	DarkMinions	Permanent-event											-6									R2	"Playable on a company with a sage during the site phase at a site where gold ring items are playable. Tap this card if the company plays a ring special item; this card never untaps. If this card is tapped, the company can discard (for no effect) a Lost Knowledge card it controls during its site phase at Mount Doom and invert this card on the playing surface (rotate it 180 degrees). If inverted, you can store this card at a Haven-only if stored do you receive its marshalling points. If stored, all ring items give one less corruption point. Once inverted, no other copy of this card can be inverted."	playerNDeck
DarkMinions_KnowledgeoftheEnemy	Knowledge of the Enemy	middle-earth-ccg/darkminions/MiddleEarthCCG-DarkMinions-KnowledgeOfTheEnemy.jpg	default	Hero Resource	DarkMinions	Permanent-event											-1									U3	Stolen Knowledge. Playable on an untapped character at a Shadow-hold or Dark- hold or if his company faced an agent attack and all of its strikes failed. Tap character. Can be stored at a Haven-only if stored do you receive its marshalling point. If stored, you may discard this card and force one non-unique hazard to be removed from play as you see your opponent discard it through a mechanism of the game.	playerNDeck
DarkMinions_LeafBrooch	Leaf Brooch	middle-earth-ccg/darkminions/MiddleEarthCCG-DarkMinions-LeafBrooch.jpg	default	Hero Resource	DarkMinions	Special Item															1					C2	Only playable at Lorien. If a non-special item must be discarded from the company of Leaf Brooch's bearer (according to any hazard or resource effect), you may discard Leaf Brooch instead to fulfill this requirement.	playerNDeck
DarkMinions_LindiontheOronin	Lindion the Oronin	middle-earth-ccg/darkminions/MiddleEarthCCG-DarkMinions-LindionTheOronin.jpg	default	Hero Resource	DarkMinions	Ally		Warrior		2			3	9			1									U2	Unique. Playable at Stone-circle. Tap Lindion to cancel an Animal or Spider attack. Eagle-mounts can be played on his company regardless of their site or the presence of a diplomat.	playerNDeck
DarkMinions_LostTome	Lost Tome	middle-earth-ccg/darkminions/MiddleEarthCCG-DarkMinions-LostTome.jpg	default	Hero Resource	DarkMinions	Minor Item															1					C2	Lost Knowledge. Cannot be included with a starting company. After this item is played, the bearer faces an attack (cannot be cancelled): Trap - 1 strike with 9 prowess (weapons do not modify prowess against this strike). If its bearer is at a Shadow-hold or Dark-hold, discard Lost Tome to make information playable at the site until the end of the turn.	playerNDeck
DarkMinions_Mallorn	Mallorn	middle-earth-ccg/darkminions/MiddleEarthCCG-DarkMinions-Mallorn.jpg	default	Hero Resource	DarkMinions	Permanent-event											3									R2	Unique. Playable at Bag End only if Earth of Galadriel's Orchard is stored there. Bag End becomes a Haven for the purposes of healing and bringing characters into play. Bag End can untap during its owner's untap phase. If Bag End is discarded, return it to its location deck. All Hobbit factions are worth +1 marshalling points.	playerNDeck
DarkMinions_MemoriesRecalled	Memories Recalled	middle-earth-ccg/darkminions/MiddleEarthCCG-DarkMinions-MemoriesRecalled.jpg	default	Hero Resource	DarkMinions	Short-event																				C2	Playable on a character with a sage in his company. All dark enchantments on target character are discarded. Alternatively, a sage can tap and you can discard this card from your hand to fulfill the requirement that Lost Knowledge be discarded for any card played with the sage's company.	playerNDeck
DarkMinions_MistressLobelia	Mistress Lobelia	middle-earth-ccg/darkminions/MiddleEarthCCG-DarkMinions-MistressLobelia.jpg	default	Hero Resource	DarkMinions	Ally		Scout		3			0	9			1									U2	Unique. Manifestation of Lobelia Sackville-Baggins. May only be played at Bag End or Bree. Discard this card if her company moves to any site other than Bree, Old Forest, The White Towers, or a site in The Shire. Tap Mistress Lobelia to search your discard pile or play deck for any one item, ally, or faction playable at her current site. Place the resource in your hand and reshuffle your play deck.	playerNDeck
DarkMinions_Mithril	Mithril	middle-earth-ccg/darkminions/MiddleEarthCCG-DarkMinions-Mithril.jpg	default	Hero Resource	DarkMinions	Special Item											3(7)				3					R2	Unique. Playable with a Sage or Dwarf only during the site phase at The Under- gates if you have a stored Vein of Arda. Sage or Dwarf may not untap until Mithril is stored at a Haven. Mithril is worth 7 marshalling points when stored. During any organization phase in which you store Mithril, you may immediately tap a character in the same company and play with him a non-unique, non-special weapon, armor, shield, or helmet from your hand or discard pile. When Mithril is stored, each Dwarf in play must immediately make a corruption check modified by -3.	playerNDeck
DarkMinions_MoreAlertthanMost	More Alert than Most	middle-earth-ccg/darkminions/MiddleEarthCCG-DarkMinions-MoreAlertThanMost.jpg	default	Hero Resource	DarkMinions	Permanent-event																				C2	The number of strikes of any attack that chooses defending characters is reduced by one (to a minimum of one)-by 2 if Gates of Morning is in play. Discard when such an attack is defeated. Cannot be duplicated.	playerNDeck
DarkMinions_NecklaceofGirion	Necklace of Girion	middle-earth-ccg/darkminions/MiddleEarthCCG-DarkMinions-NecklaceOfGirion.jpg	default	Hero Resource	DarkMinions	Special Item					(+4)						4				3					R2	Unique. Only playable at The Lonely Mountain. Bearer receives +3 direct influence against Dwarves/Men and Dwarf/Man factions. If bearer is at a Free- hold or Border-hold, he can make a corruption check, and, if successful, you may discard Necklace of Girion to play any non-special item from your hand with its bearer.	playerNDeck
DarkMinions_NoWaitingtoWonder	No Waiting to Wonder	middle-earth-ccg/darkminions/MiddleEarthCCG-DarkMinions-NoWaitingToWonder.jpg	default	Hero Resource	DarkMinions	Short-event																				C2	Playable on an untapped Hobbit when another character in his company is facing a strike (during other character's strike sequence). Tap Hobbit. The prowess of the strike is modified by -4 and its body by -1. If the strike is successful, the Hobbit must make a body check (in addition to the other effects of the successful strike).	playerNDeck
DarkMinions_NobleHound	Noble Hound	middle-earth-ccg/darkminions/MiddleEarthCCG-DarkMinions-NobleHound.jpg	default	Hero Resource	DarkMinions	Ally				1			3	6			1									C2	Playable at any tapped or untapped Border-hold. In all cases, Noble Hound must be assigned a strike before any strike can be assigned to its controlling character. Discard Noble Hound to cancel any effect that would take its controlling character prisoner (does not protect other characters from being taken prisoner). If Noble Hound is tapped or wounded, treat it as though it were untapped for the purposes of assigning strikes.	playerNDeck
DarkMinions_Noldolantern	Noldo-lantern	middle-earth-ccg/darkminions/MiddleEarthCCG-DarkMinions-NoldoLantern.jpg	default	Hero Resource	DarkMinions	Special Item											2				2					U2	Playable at any Under-deep site. +2 to all rolls required for bearer's company to move to an adjacent site in the Under-deeps. Tap Noldo-lantern to give -2 prowess and one less strike (to a minimum of one) to any Undead, Nazgul, Orc, or Troll attack.	playerNDeck
DarkMinions_OrderedtoKill	Ordered to Kill	middle-earth-ccg/darkminions/MiddleEarthCCG-DarkMinions-OrderedToKill.jpg	default	Hero Resource	DarkMinions	Permanent-event																				R3	Each face up agent must attack if a company enters a site where he is located. Additionally, any unrevealed on-guard cards are discarded instead of being returned to their owner's hand. Discard when any play deck is exhausted. Cannot be duplicated.	playerNDeck
DarkMinions_PalmtoPalm	Palm to Palm	middle-earth-ccg/darkminions/MiddleEarthCCG-DarkMinions-PalmToPalm.jpg	default	Hero Resource	DarkMinions	Permanent-event																				C2	Playable on a company without a Wizard at a Haven. Any character designated as tapping in support gives +1 to an influence attempt or to an attempt to remove a corruption card by any other character in the company. The mind of each character and ally in the company is increased by one. Discard when any play deck is exhausted, a Wizard joins the company, or any character in the company splits off into another company.	playerNDeck
DarkMinions_PasstheDoorsofDolGuldur	Pass the Doors of Dol Guldur	middle-earth-ccg/darkminions/MiddleEarthCCG-DarkMinions-PassTheDoorsOfDolGuldur.jpg	default	Hero Resource	DarkMinions	Permanent-event											-4									R2	"Stolen Knowledge. Playable on a company if the company discards (for no effect) a Stolen Knowledge card it controls. You can tap this card during the same site phase the company successfully plays Rescue Prisoners at Dol Guldur (or rescues characters taken prisoner if the rescue site is Dol Guldur); this card never untaps. If tapped, this card can be stored at a Haven-only if stored do you receive its marshalling points. If stored, all automatic-attacks at all Dark-holds and all Shadow-holds are with one less prowess and one less strike (to a minimum of one). Once tapped, no other copy of this card can be tapped."	playerNDeck
DarkMinions_PhialofGaladriel	Phial of Galadriel	middle-earth-ccg/darkminions/MiddleEarthCCG-DarkMinions-PhialOfGaladriel.jpg	default	Hero Resource	DarkMinions	Special Item											1				0					R2	Unique. Playable on a non-Wizard, non-Dwarf bearer of Star-glass at a Haven in the same company as an untapped Galadriel. Tap Galadriel, replace Star-glass with Phial of Galadriel, and remove Star-glass from play. Tap Phial to cancel any Undead attack. Tap Phial to modify the prowess of any hazard creature attack keyed to a Dark-domain, Shadow-land, Dark-hold, or Shadow-hold by -2-you choose targets of such an attack's strikes (regardless of tapped status, wounded status, and the normal abilities of the attack). Tap Phial to give +2 to any corruption check by its bearer. Cannot be transferred.	playerNDeck
DarkMinions_RebuildtheTown	Rebuild the Town	middle-earth-ccg/darkminions/MiddleEarthCCG-DarkMinions-RebuildTheTown.jpg	default	Hero Resource	DarkMinions	Permanent-event																				C2	Playable during the site phase on a non-Dragon's lair, non-Under-deeps Ruins & Lairs. The site becomes a Border-hold and loses all automatic-attacks. Discard Rebuild the Town when the site is discarded or returned to its location deck.	playerNDeck
DarkMinions_SawFurtherandDeeper	Saw Further and Deeper	middle-earth-ccg/darkminions/MiddleEarthCCG-DarkMinions-SawFurtherAndDeeper.jpg	default	Hero Resource	DarkMinions	Permanent-event																				C2	Playable only if your Wizard is not revealed. Your general influence is increased by 5. Your Wizard may only be brought into play at his home site. Discard when you bring your Wizard into play. Cannot be duplicated by a given player.	playerNDeck
DarkMinions_SecretWays	Secret Ways	middle-earth-ccg/darkminions/MiddleEarthCCG-DarkMinions-SecretWays.jpg	default	Hero Resource	DarkMinions	Long-event																				C2	The roll required to move between adjacent Under-deep sites is decreased by 4. Cannot be duplicated.	playerNDeck
DarkMinions_SentinelsofNumenor	Sentinels of Numenor	middle-earth-ccg/darkminions/MiddleEarthCCG-DarkMinions-SentinelsOfNumenor.jpg	default	Hero Resource	DarkMinions	Permanent-event																				U2	Place this card in your marshalling points pile. Any attempt (by any player) to influence a faction playable at a site in Anorien, Lebennin, Lamedon, Belfalas, or Anfalas is modified by -2 and cannot be attempted with Muster. Place any such faction you successfully influence (while this card is in play) under this card. All factions under this card give an additional marshalling point. Discard when any faction under this card is discarded (all other contained factions remain). Cannot be duplicated.	playerNDeck
DarkMinions_SmokeRings	Smoke Rings	middle-earth-ccg/darkminions/MiddleEarthCCG-DarkMinions-SmokeRings.jpg	default	Hero Resource	DarkMinions	Short-event																				C2	Bring one resource or character from your sideboard or discard pile into your play deck and shuffle.	playerNDeck
DarkMinions_TheDwarvesAreuponYou	The Dwarves Are upon You!	middle-earth-ccg/darkminions/MiddleEarthCCG-DarkMinions-TheDwarvesAreUponYou.jpg	default	Hero Resource	DarkMinions	Short-event																				U2	Playable on a company containing Dwarves facing an attack. All Dwarves in the company receive +2 prowess and -1 body against the attack. Cannot be duplicated against a given attack.	playerNDeck
DarkMinions_TheHunt	The Hunt	middle-earth-ccg/darkminions/MiddleEarthCCG-DarkMinions-TheHunt.jpg	default	Hero Resource	DarkMinions	Short-event																				R3	Playable on Alatar during the organization phase. Name a specific hazard creature card your opponent revealed to you through a mechanism of the game and discarded. Unless eliminated or prevented from being in play, your opponent then finds this particular card (reshuffling his play deck if it was searched). This creature immediately attacks Alatar as though he were a one-character company. Alatar cannot use or benefit from spells against the attack. If untapped, tap Alatar afterwards.	playerNDeck
DarkMinions_TheWindlordFoundMe	The Windlord Found Me	middle-earth-ccg/darkminions/MiddleEarthCCG-DarkMinions-TheWindlordFoundMe.jpg	default	Hero Resource	DarkMinions	Permanent-event											3									U2	Playable at an untapped Isengard, Shadow-hold, or Dark-hold during the site phase. Tap the site. The company faces an Orc attack (4 strikes with 9 prowess). Afterwards, a character may tap and place this card under him. If you do not place this card with a character after the attack, discard it. That character may not untap until after this card is stored in a Haven during the organization phase. When this card is stored, and if your Wizard is not already in play, you may search your play deck or discard pile for a Wizard and play him at that Haven (does not count towards the one character per turn limit). Cannot be duplicated by a given player.	playerNDeck
DarkMinions_TotheUttermostFoundations	To the Uttermost Foundations	middle-earth-ccg/darkminions/MiddleEarthCCG-DarkMinions-ToTheUttermostFoundations.jpg	default	Hero Resource	DarkMinions	Permanent-event											-3									U2	"Playable on a company at an Under-deeps site during its organization phase; tap site if untapped. This card is played tapped and can only be untapped during your organization phase if the company is at a different Under-deeps site. If untapped and at a Haven [h], this card may be stored in your marshalling point pile-only if stored do you receive its marshalling points. Cannot be duplicated on a given company."	playerNDeck
DarkMinions_TokenofGoodwill	Token of Goodwill	middle-earth-ccg/darkminions/MiddleEarthCCG-DarkMinions-TokenOfGoodwill.jpg	default	Hero Resource	DarkMinions	Short-event																				R3	Offering Attempt. Playable on a diplomat whose company is facing an attack of the type listed below. Target diplomat makes a corruption check. If he does not fail, discard an item from his company (as listed below), and make a roll (or draw a #) adding the diplomat's unused direct influence. If the result is greater than the listed values, the attack is cancelled, and you may take one resource from your play deck or discard pile into your hand (reshuffle play deck if searched). Against a Dragon: greater item/5, against a Drake: major item/6, against Men, Slayer, or any Agent: minor item/7.	playerNDeck
DarkMinions_VeinofArda	Vein of Arda	middle-earth-ccg/darkminions/MiddleEarthCCG-DarkMinions-VeinOfArda.jpg	default	Hero Resource	DarkMinions	Permanent-event											2									C1	Sage or Dwarf only during the site phase at any Under-deep site. Tap the sage or Dwarf. Tap the site if it is not already tapped. Sage or Dwarf may not untap until Vein of Arda is stored at a Haven. Cannot be duplicated at a given site.	playerNDeck
DarkMinions_WhenYouKnowMore	When You Know More	middle-earth-ccg/darkminions/MiddleEarthCCG-DarkMinions-WhenYouKnowMore.jpg	default	Hero Resource	DarkMinions	Permanent-event											1									C2	"Light enchantment. Playable on a sage during the site phase at a site where ""Information"" is playable. Tap sage and site. Tap sage to modify one influence attempt by a character in his company by +2. Sage makes a corruption check."	playerNDeck
DarkMinions_WithdrawntoMordor	Withdrawn to Mordor	middle-earth-ccg/darkminions/MiddleEarthCCG-DarkMinions-WithdrawnToMordor.jpg	default	Hero Resource	DarkMinions	Short-event																				C1	Playable on a face-up agent. If the agent has a mind of 5 or less, it is discarded. If its mind is 6 or greater, return it to its owner's hand. Alternatively, an on-guard card is discarded.	playerNDeck
DarkMinions_HaudhinGwanur	Haudh-in-Gwanur	middle-earth-ccg/darkminions/MiddleEarthCCG-DarkMinions-HaudhInGwanur.jpg	default	Hero Site	DarkMinions	{R}																Harondor	{w}{f}{c}{w}	2	2	U2	"Nearest Haven: Edhellond. Playable: Items (minor, major). Automatic-attacks: Undead - 1 strike with 10 prowess; each character wounded must make a corruption check."	playerNLocationDeck
DarkMinions_HermitsHill	Hermit's Hill	middle-earth-ccg/darkminions/MiddleEarthCCG-DarkMinions-HermitsHill.jpg	default	Hero Site	DarkMinions	{R}																Wold & Foothills	{w}	1	1	U2	Nearest Haven: Lorien. Playable: Items (minor). Automatic-attacks: Men - 3 strike with 6 prowess. Special: During the site phase, a company may discard two minor items they bear to make any one major item (including a hoard item) playable here that turn.	playerNLocationDeck
DarkMinions_TheGemdeeps	The Gem-deeps	middle-earth-ccg/darkminions/MiddleEarthCCG-DarkMinions-TheGemDeeps.jpg	default	Hero Site	DarkMinions	{R}																Under-deeps		2	3	U2	Playable: Items (minor, major, gold ring). Automatic-attacks: (1st) Undead - 3 strikes with 9 prowess (2nd) Opponent may play as an automatic-attack one non-unique hazard creature from his hand normally keyed to a Shadow-hold. Special: Any Undead creature or Pukel-creature may also be played at this site. Adjacent Sites: Glittering Caves (0), The Pukel-deeps (9), The Under-gates (6).	playerNLocationDeck
DarkMinions_TheIrondeeps	The Iron-deeps	middle-earth-ccg/darkminions/MiddleEarthCCG-DarkMinions-TheIronDeeps.jpg	default	Hero Site	DarkMinions	{D}																Under-deeps		1	4	R2	Playable: Items (minor, major, greater). Automatic-attacks: (1st) Trolls - 3 strikes with 9 prowess (2nd) Opponent may play as an automatic-attack one non-unique hazard creature from his hand normally keyed to Ruins & Lairs. Special: If the Witch-king of Angmar is in play as a permanent-event, it must be used as an additional automatic-attack (discard after use-ignore result of defeat). Adjacent Sites: Carn Dum (0), The Under-leas (6), The Under-vaults (7).	playerNLocationDeck
DarkMinions_ThePukeldeeps	The Pukel-deeps	middle-earth-ccg/darkminions/MiddleEarthCCG-DarkMinions-ThePukelDeeps.jpg	default	Hero Site	DarkMinions	{R}																Under-deeps		2	3	U2	Playable: Items (minor, major, gold ring). Automatic-attacks: (1st) Pukel-men - 2 strikes with 11 prowess (2nd) Opponent may play as an automatic-attack one non-unique hazard creature from his hand normally keyed to Shadow-holds. Special: Any Undead creature or Pukel-creature may also be played at this site. Adjacent Sites: Dunharrow (0), The Gem-deeps (9), The Sulfur-deeps (9).	playerNLocationDeck
DarkMinions_TheSulfurdeeps	The Sulfur-deeps	middle-earth-ccg/darkminions/MiddleEarthCCG-DarkMinions-TheSulfurDeeps.jpg	default	Hero Site	DarkMinions	{D}																Under-deeps		1	4	R2	Playable: Items (minor, major, greater). Automatic-attacks: (1st) Trolls - 2 strikes with 9 prowess (2nd) Opponent may play as an automatic-attack one non-unique hazard creature from his hand normally keyed to Shadow-holds. Special: If Khamul the Easterling or Adunaphel is in play as a permanent-event, one must be used as an additional automatic-attack (attacker's choice, discard after use-ignore result of defeat). Adjacent Sites: Dol Guldur (0), The Under-courts (5), The Pukel-deeps (9), The Under-gates (5), The Under-galleries (8).	playerNLocationDeck
DarkMinions_TheUndercourts	The Under-courts	middle-earth-ccg/darkminions/MiddleEarthCCG-DarkMinions-TheUnderCourts.jpg	default	Hero Site	DarkMinions	{D}																Under-deeps		1	4	R2	Playable: Items (minor, major, greater). Automatic-attacks: (1st) Trolls - 3 strikes with 10 prowess (2nd) Opponent may play as an automatic-attack one non-unique hazard creature from his hand normally keyed to Shadow-holds. Special: If any Nazgul permanent-event is in play, one must be used as an additional automatic-attack (attacker's choice, discard after use-ignore result of defeat). Adjacent Sites: Barad-dur (0), The Sulfur-deeps (5), The Under-galleries (4).	playerNLocationDeck
DarkMinions_TheUndergalleries	The Under-galleries	middle-earth-ccg/darkminions/MiddleEarthCCG-DarkMinions-TheUnderGalleries.jpg	default	Hero Site	DarkMinions	{D}																Under-deeps		1	4	R2	Playable: Items (minor, major, greater). Automatic-attacks: (1st) Trolls - 4 strikes with 9 prowess (2nd) Opponent may play as an automatic-attack one non-unique hazard creature from his hand normally keyed to Shadow-holds. Special: Stolen Knowledge. When Under-galleries would be placed in your discard pile, place it in your marshalling points pile instead for 3 marshalling points-this card is considered stored. Adjacent Sites: Any site in Udun (0), The Under-courts (4), The Sulfur-deeps (8).	playerNLocationDeck
DarkMinions_TheUndergates	The Under-gates	middle-earth-ccg/darkminions/MiddleEarthCCG-DarkMinions-TheUnderGates.jpg	default	Hero Site	DarkMinions	{S}																Under-deeps		1	3	U2	Playable: Items (minor, major, greater, gold ring). Automatic-attacks: (1st) Balrog - 2 strikes with 16 prowess (2nd) Opponent may play as an automatic-attack one non-unique hazard creature from his hand normally keyed to Ruins & Lairs. Special: If Balrog of Moria is in play or if it or Durin's Bane has been defeated, the first automatic attack is canceled. Adjacent Sites: Moria (0), The Gem-deeps (6), The Sulfur-deeps (5), The Under-grottos (8), The Under-leas (6).	playerNLocationDeck
DarkMinions_TheUndergrottos	The Under-grottos	middle-earth-ccg/darkminions/MiddleEarthCCG-DarkMinions-TheUnderGrottos.jpg	default	Hero Site	DarkMinions	{R}																Under-deeps		1	3	U2	Playable: Items (minor, major, gold ring). Automatic-attacks: (1st) Orcs - 4 strikes with 7 prowess (2nd) Opponent may play as an automatic-attack one non-unique hazard creature from his hand normally keyed to a Shadow-hold. Special: When a gold ring is tested in a company at this site, the result of the roll is modified by +2. Adjacent Sites: Goblin-gate (0), The Under-leas (8), The Under-gates (8).	playerNLocationDeck
DarkMinions_TheUnderleas	The Under-leas	middle-earth-ccg/darkminions/MiddleEarthCCG-DarkMinions-TheUnderLeas.jpg	default	Hero Site	DarkMinions	{S}																Under-deeps		1	4	U2	Playable: Items (minor, major, greater). Automatic-attacks: (1st) Orcs - 5 strikes with 7 prowess (2nd) Opponent may play as an automatic-attack one non-unique hazard creature from his hand normally keyed to Ruins & Lairs. Special: If the Witch-king of Angmar is in play as a permanent-event, it must be used as an additional automatic-attack (discard after use-ignore result of defeat). Adjacent Sites: Mount Gundabad (0), The Iron-deeps (6), The Under-grottos (8), The Under-gates (6), The Under-vaults (7).	playerNLocationDeck
DarkMinions_TheUndervaults	The Under-vaults	middle-earth-ccg/darkminions/MiddleEarthCCG-DarkMinions-TheUnderVaults.jpg	default	Hero Site	DarkMinions	{R}																Under-deeps		2	3	U2	Playable: Items (minor, major, gold ring). Automatic-attacks: (1st) Undead - 3 strikes with 8 prowess (2nd) Opponent may play as an automatic-attack one non-unique hazard creature from his hand normally keyed to Shadow-holds. Special: Any Undead creature may also be played at this site. Adjacent Sites: Mount Gram (0), The Iron-deeps (7), The Under-leas (7).	playerNLocationDeck
DarkMinions_UrlurtsuNurn	Urlurtsu Nurn	middle-earth-ccg/darkminions/MiddleEarthCCG-DarkMinions-UrlurtsuNurn.jpg	default	Hero Site	DarkMinions	{D}																Nurn	{w}{f}{c}{w}{s}{d}	3	5	U2	Nearest Haven: Edhellond. Playable: Information, Items (minor, major). Automatic-attacks: Orcs - 4 strikes with 7 prowess.	playerNLocationDeck
DarkMinions_Anarin	Anarin	middle-earth-ccg/darkminions/MiddleEarthCCG-DarkMinions-Anarin.jpg	default	Minion Character	DarkMinions		Elf	Scout/Diplomat	Moria	7	3		4	8			2									U2	Unique. Agent. Agent only: may move to a Haven and may tap at a company's new site to attack that company during opponent's movement/hazard phase.  {green} DCE: Add: Home site: Amon Lind	playerNDeck
DarkMinions_Baduila	Baduila	middle-earth-ccg/darkminions/MiddleEarthCCG-DarkMinions-Baduila.jpg	default	Minion Character	DarkMinions		Man	Warrior/Scout/Ranger	Goblin-gate, Mount Gundabad	8	2		6	8			3									R2	"Unique. Agent. Agent only: If Baduila is discarded at target company's new site, company must return to its site of origin. {green} DCE: Add: Home site: Morkai, ;remove: Goblin-gate"	playerNDeck
DarkMinions_BillFerny	Bill Ferny	middle-earth-ccg/darkminions/MiddleEarthCCG-DarkMinions-BillFerny.jpg	default	Minion Character	DarkMinions		Man	Warrior/Scout	Bree, Cameth Brin	3	1		2	8			1									C1	Unique. Agent.	playerNDeck
DarkMinions_Dasakun	Dasakun	middle-earth-ccg/darkminions/MiddleEarthCCG-DarkMinions-Dasakun.jpg	default	Minion Character	DarkMinions		Man	Warrior/Ranger	Easterling Camp, Variag Camp, Shrel-Kain	5	1		6	7			2									U2	"Unique. Agent. {green} DCE: Add: Home site: Balchoth Camp, Nuriag Camp, ;remove: Variag Camp, Shrel-kain"	playerNDeck
DarkMinions_Deallus	Deallus	middle-earth-ccg/darkminions/MiddleEarthCCG-DarkMinions-Deallus.jpg	default	Minion Character	DarkMinions		Man	Warrior/Diplomat	Dunnish Clan-hold, Bree, Cameth Brin	3	1		2	7			1									C1	Unique. Agent.	playerNDeck
DarkMinions_Dror	Dror	middle-earth-ccg/darkminions/MiddleEarthCCG-DarkMinions-Dror.jpg	default	Minion Character	DarkMinions		Dwarf	Warrior/Diplomat	Blue Mountain Dwarf-hold	4	2		3	7			1									C1	Unique. Agent. +2 direct influence against Dwarves and Dwarf Factions.	playerNDeck
DarkMinions_Elerina	Elerina	middle-earth-ccg/darkminions/MiddleEarthCCG-DarkMinions-Elerina.jpg	default	Minion Character	DarkMinions		Man	Scout/Sage/Diplomat	Carn Dum, Mount Gram	8	3		5	9			3									R2	"Unique. Agent. Can use shadow-magic and spirit-magic. Agent only: may tap for an extra strike. {green} DCE: Add: Home site: Litash ;remove: Mount Gram"	playerNDeck
DarkMinions_Elwen	Elwen	middle-earth-ccg/darkminions/MiddleEarthCCG-DarkMinions-Elwen.jpg	default	Minion Character	DarkMinions		Elf	Warrior/Diplomat	Dol Amroth, Minas Tirith	5	2		4	8			2									U2	Unique. Agent. +2 direct influence against Elves and Elf Factions. Agent only: may move to a Haven {green} DCE: Add: Home site: Edhellond	playerNDeck
DarkMinions_Eun	Eun	middle-earth-ccg/darkminions/MiddleEarthCCG-DarkMinions-Eun.jpg	default	Minion Character	DarkMinions		Man	Warrior/Scout	Vale of Erech, Lond Galen	3	0		4	8			1									C1	Unique. Agent.{green} DCE: Add: Home site: Serelond	playerNDeck
DarkMinions_Firiel	Firiel	middle-earth-ccg/darkminions/MiddleEarthCCG-DarkMinions-Firiel.jpg	default	Minion Character	DarkMinions		Dunadan	Sage/Diplomat	Pelargir, Vale of Erech	6	3		3	8			2									R2	Unique. Agent. Can use shadow-magic. +2 direct influence against Dunedain and factions that can be played in Anfalas, Anorien, Belfalas, Lamedon, and Lebennin. {green} DCE: Add: Home site: Umbar	playerNDeck
DarkMinions_ForitheBeardless	Fori the Beardless	middle-earth-ccg/darkminions/MiddleEarthCCG-DarkMinions-ForiTheBeardless.jpg	default	Minion Character	DarkMinions		Dwarf	Warrior/Scout	Iron Hill Dwarf-hold	4	1		4	7			1									U2	Unique. Agent. +2 direct influence against Dwarves and Dwarf Factions. {green} DCE: Add: Home site: Barak-Shatur	playerNDeck
DarkMinions_Gergeli	Gergeli	middle-earth-ccg/darkminions/MiddleEarthCCG-DarkMinions-Gergeli.jpg	default	Minion Character	DarkMinions		Man	Scout/Diplomat	Shrel-Kain, Lake-town, Easterling Camp	5	2		3	9			2									C1	"Unique. Agent. {green} DCE: Add: Home site: Relerindu ;remove: Easterling Camp"	playerNDeck
DarkMinions_Gisulf	Gisulf	middle-earth-ccg/darkminions/MiddleEarthCCG-DarkMinions-Gisulf.jpg	default	Minion Character	DarkMinions		Man	Warrior/Ranger	Woodmen-town, Lake-town, Dale	4	1		5	7			1									C1	"Unique. Agent. {green} DCE: Add: Home site: Maethalburg ;remove: Lake-town"	playerNDeck
DarkMinions_Golodhros	Golodhros	middle-earth-ccg/darkminions/MiddleEarthCCG-DarkMinions-Golodhros.jpg	default	Minion Character	DarkMinions		Dunadan	Warrior/Sage/Diplomat	Minas Morgul, Cirith Ungol, Barad-dur	9	4		5	9			3									R2	Unique. Agent. Can use spirit-magic. Agent only: may tap to make an influence check on an ally, faction, or character.	playerNDeck
DarkMinions_Herion	Herion	middle-earth-ccg/darkminions/MiddleEarthCCG-DarkMinions-Herion.jpg	default	Minion Character	DarkMinions		Man	Warrior/Ranger	Lond Galen, Dol Amroth	3	0		5	7			1									C1	"Unique. Agent. {green} DCE: Add: Home site: Calembel, Linhir ;remove: Dol Amroth"	playerNDeck
DarkMinions_Ivic	Ivic	middle-earth-ccg/darkminions/MiddleEarthCCG-DarkMinions-Ivic.jpg	default	Minion Character	DarkMinions		Man	Warrior/Diplomat	Southron Oasis, Variag Camp, Pelargir	6	2		5	8			2									U2	"Unique. Agent. {green} DCE: Add: Home site: An Sakal ;remove: Pelargir"	playerNDeck
DarkMinions_Juoma	Juoma	middle-earth-ccg/darkminions/MiddleEarthCCG-DarkMinions-Juoma.jpg	default	Minion Character	DarkMinions		Man	Warrior/Ranger	Lossadan Camp, Bree	3	1		3	7			1									U2	"Unique. Agent. {green} DCE: Add: Home site: Homela, Leiri ;remove: Bree"	playerNDeck
DarkMinions_Leamon	Leamon	middle-earth-ccg/darkminions/MiddleEarthCCG-DarkMinions-Leamon.jpg	default	Minion Character	DarkMinions		Man	Warrior	Cameth Brin, Dunnish Clan-hold	3	0		5	8			1									C1	Unique. Agent.	playerNDeck
DarkMinions_Nimloth	Nimloth	middle-earth-ccg/darkminions/MiddleEarthCCG-DarkMinions-Nimloth.jpg	default	Minion Character	DarkMinions		Elf	Scout/Ranger	Thranduil's Halls, Sarn Goriwing	4	1		3	8			1									C1	"Unique. Agent. +2 direct influence against Elves and Elf Factions. Agent only: may move to a Haven. {green} DCE: Add: Home site: Celebannon, Ceber Fanuin ;remove: Sarn Goriwing "	playerNDeck
DarkMinions_OmburiOm	Om-buri-Om	middle-earth-ccg/darkminions/MiddleEarthCCG-DarkMinions-OmBuriOm.jpg	default	Minion Character	DarkMinions		Man	Scout/Ranger	Druadan Forest, Wose Passage-hold, Stone-circle	5	2		2	9			2									U2	Unique. Agent. +3 direct influence against Wose Factions.	playerNDeck
DarkMinions_PonoraPon	Pon-ora-Pon	middle-earth-ccg/darkminions/MiddleEarthCCG-DarkMinions-PonOraPon.jpg	default	Minion Character	DarkMinions		Man	Scout/Ranger/Diplomat	Druadan Forest, Wose Passage-hold, Stone-circle	5	2		1	9			2									U2	Unique. Agent. +3 direct influence against Wose Factions.	playerNDeck
DarkMinions_Raisha	Raisha	middle-earth-ccg/darkminions/MiddleEarthCCG-DarkMinions-Raisha.jpg	default	Minion Character	DarkMinions		Man	Warrior/Scout	Variag Camp, Easterling Camp, Southron Oasis	5	1		5	9			2									U2	"Unique. Agent. {green} DCE: Add: Home site: Laorko ;remove: Southron Oasis"	playerNDeck
DarkMinions_Surion	Surion	middle-earth-ccg/darkminions/MiddleEarthCCG-DarkMinions-Surion.jpg	default	Minion Character	DarkMinions		Dunadan	Warrior/Sage/Diplomat	Minas Tirith, Pelargir	6	2		5	7			2									U2	Unique. Agent. +2 direct influence against Dunedain and factions that can be played in Anfalas, Anorien, Belfalas, Lamedon, and Lebennin.	playerNDeck
DarkMinions_Taladhan	Taladhan	middle-earth-ccg/darkminions/MiddleEarthCCG-DarkMinions-Taladhan.jpg	default	Minion Character	DarkMinions		Man	Scout/Ranger/Sage	Sarn Goriwing, Dol Guldur	6	1		4	9			2									R2	"Unique. Agent. Can use shadow-magic. Agent only: chooses defending characters; for each successful strike, the company must discard one item (of defender's choice), but the defending character is not harmed."	playerNDeck
DarkMinions_TheGrimburgoth	The Grimburgoth	middle-earth-ccg/darkminions/MiddleEarthCCG-DarkMinions-TheGrimburgoth.jpg	default	Minion Character	DarkMinions		Man	Warrior/Ranger/Sage	Dol Guldur	8	2		7	9			3									R2	Unique. Agent. Can use sorcery. Agent only: may tap at a company's new site to attack that company during its movement/hazard phase with +2 prowess. {green} DCE: Add: Home site: Shapal Udun	playerNDeck
DarkMinions_Woffung	Woffung	middle-earth-ccg/darkminions/MiddleEarthCCG-DarkMinions-Woffung.jpg	default	Minion Character	DarkMinions		Man	Warrior/Diplomat	Lake-town, Dale, Shrel-Kain	4	1		4	8			1									C1	"Unique. Agent. {green} DCE: Add: Home site: Strayhold ;remove: Dale "	playerNDeck
DarkMinions_Wormtongue	Wormtongue	middle-earth-ccg/darkminions/MiddleEarthCCG-DarkMinions-Wormtongue.jpg	default	Minion Character	DarkMinions		Man	Scout/Sage/Diplomat	Edoras, Dunharrow, Isengard	5	2		1	8			2									R2	Unique. Agent. +4 direct influence against Riders of Rohan and any character that has Edoras as a home site.	playerNDeck
Dragons_AgburanarAhunt	Agburanar Ahunt	middle-earth-ccg/dragons/MiddleEarthCCG-Dragons-AgburanarAhunt.jpg	default	Hazard	Dragons	Long-event							13	8	3		4									U2	Unique. Any company moving in Withered Heath, Northern Rhovanion, Iron Hills, and/or Grey Mountain Narrows immediately faces one Dragon attack (considered a hazard creature attack) -- 3 strikes at 13/8. If Doors of Night is in play, this attack also affects: Southern Rhovanion, Dorwinion, Heart of Mirkwood, and Woodland Realm.	playerNDeck
Dragons_AgburanaratHome	Agburanar at Home	middle-earth-ccg/dragons/MiddleEarthCCG-Dragons-AgburanarAtHome.jpg	default	Hazard	Dragons	Permanent-event							16	9	2		4									R3	Unique. Unless Agburanar Ahunt is in play, Caves of Ulund has an additional automatic-attack: Dragon -- 2 strikes at 16/9. In addition, one unique Dragon manifestation played against each company does not count against the hazard limit.	playerNDeck
Dragons_Bairanax	Bairanax	middle-earth-ccg/dragons/MiddleEarthCCG-Dragons-Bairanax.jpg	default	Hazard	Dragons	Creature	Dragon						14	7	2		3									R2	"Unique. May be played at Ovir Hollow. Dragon. Two strikes. Attacker chooses defending characters. If Doors of Night is in play, may also be played keyed to Withered Heath, Gundabad, Anduin Vales, and Grey Mountain Narrows; may also be played at sites in these regions."	playerNDeck
Dragons_BairanaxAhunt	Bairanax Ahunt	middle-earth-ccg/dragons/MiddleEarthCCG-Dragons-BairanaxAhunt.jpg	default	Hazard	Dragons	Long-event							12	6	3		3									U2	Unique. Any company moving in Withered Heath, Gundabad, Anduin Vales, and/or Grey Mountain Narrows immediately faces one Dragon attack (considered a hazard creature attack) -- 3 strikes at 12/6 (attacker chooses defending characters). If Dooors of Night is in play, this attack also affects: Northern Rhovanion, Iron Hills, Southern Rhovanion, and Angmar.	playerNDeck
Dragons_BairanaxatHome	Bairanax at Home	middle-earth-ccg/dragons/MiddleEarthCCG-Dragons-BairanaxAtHome.jpg	default	Hazard	Dragons	Permanent-event							15	7	2		3									R3	Unique. Unless Bairanax Ahunt is in play, Ovir Hollow has an additional automatic-attack: Dragon -- 2 strikes at 15/7. In addition, the hazard limit against any company facing one or more animal hazard creature attacks is increased by one.	playerNDeck
Dragons_BlackBreath	Black Breath	middle-earth-ccg/dragons/MiddleEarthCCG-Dragons-BlackBreath.jpg	default	Hazard	Dragons	Permanent-event															3					R2	"Corruption. Place with any wounded character in a company that just faced a Nazgul attack; the character receives 3 corruption points. Target character makes a body check during each of his organization phases. Whenever target creature would normally heal, he instead makes a roll (or draws a #): if the result is greater than 10, he heals normally and this card is removed. The roll is modified by +2 if the character is at a Haven{H} and by +2 for each sage in his company that taps in support."	playerNDeck
Dragons_CarrionBirds	Carrion Birds	middle-earth-ccg/dragons/MiddleEarthCCG-Dragons-CarrionBirds.jpg	default	Hazard	Dragons	Creature	Animals						6	-	1/each		1									C2	May be played keyed to wilderness after any Orc, Troll, or Man attack keyed to wilderness and against the same company. Animals. Each character in the company faces one strike. Any character wounded by Carrion Birds makes two body checks instead of one, both checks modified by -1.	playerNDeck
Dragons_CaveWorm	Cave Worm	middle-earth-ccg/dragons/MiddleEarthCCG-Dragons-CaveWorm.jpg	default	Hazard	Dragons	Creature	Drake						16	-	1		1									C1	Drake. One strike. May be played keyed to Redhorn Gate, High Pass, Gap of Isen, Angmar, Gundabad, Grey Mountain Narrows, Withered Heath, N�meriador, and Iron Hills. {green} DCE: May also be played keyed to Narthalf, Azjan, Uzek Jan, Dragon Gap.	playerNDeck
Dragons_CruelCaradhras	Cruel Caradhras	middle-earth-ccg/dragons/MiddleEarthCCG-Dragons-CruelCaradhras.jpg	default	Hazard	Dragons	Short-event																				U2	Playable on a company using region movement to move through one of the following regions (and not stopping at a site therein): High Pass, Redhorn Gate, Angmar, Gundabad, Grey Mountain Narrows, or Imlad Morgul. Each character in target company must face one strike (not an attack) of 8 prowess which cannot be cancelled. Any resulting body check is modified by +1.	playerNDeck
Dragons_DaelominAhunt	Daelomin Ahunt	middle-earth-ccg/dragons/MiddleEarthCCG-Dragons-DaelominAhunt.jpg	default	Hazard	Dragons	Long-event							11	7	4		4									U2	Unique. Any company moving in Withered Heath, Northern Rhovanion, Iron Hills, and/or Grey Mountain Narrows immediately faces one Dragon attack (considered a hazard creature attack) -- 4 strikes at 11/7 (attacker chooses defending characters). If Doors of Night is in play, this attack also affects: Brown Lands, Southern Rhovanion, Dorwinion, Dagorlad, and Horse Plains.	playerNDeck
Dragons_DaelominatHome	Daelomin at Home	middle-earth-ccg/dragons/MiddleEarthCCG-Dragons-DaelominAtHome.jpg	default	Hazard	Dragons	Permanent-event							14	8	3		4									R3	Unique. Unless Daelomin Ahunt is in play, Dancing Spire has an additional auto-attack: Dragon -- 3 strikes at 14/8. In addition, you may discard this card from play during opponent's movement/hazard phase (not counting against the hazard limit) to increase the hazard limit against one company by two.	playerNDeck
Dragons_DeftnessofAgility	Deftness of Agility	middle-earth-ccg/dragons/MiddleEarthCCG-Dragons-DeftnessOfAgility.jpg	default	Hazard	Dragons	Short-event																				R3	A Dragon can assign a strike (with a -3 modification to it's prowess) to a character already assigned to receive one of its strikes. Alternatively, a manifestation of Bairanax can direct such a strike with no prowess modification.	playerNDeck
Dragons_DireWolves	Dire Wolves	middle-earth-ccg/dragons/MiddleEarthCCG-Dragons-DireWolves.jpg	default	Hazard	Dragons	Creature	Wolves						8	-	4	{w}{w}{s}	1									C2	Wolves. Four strikes. Two Wildernesses [{w}] in site path are required.	playerNDeck
Dragons_Dragonsickness	Dragon-sickness	middle-earth-ccg/dragons/MiddleEarthCCG-Dragons-DragonSickness.jpg	default	Hazard	Dragons	Short-event																				C2	Playable on a character bearing a major or greater item. Character makes a corruption check modified by -1.	playerNDeck
Dragons_DragonsBlood	Dragon's Blood	middle-earth-ccg/dragons/MiddleEarthCCG-Dragons-DragonsBlood.jpg	default	Hazard	Dragons	Short-event																				C2	Playable on a character facing a Dragon or Drake strike (before the dice are rolled to resolve the strike). If the strike fails, the target character must make a body check modified by -1 if he has armor, by -1 if he has a shield, and by -1 if he has a helmet. Cannot be duplicated on a given character.	playerNDeck
Dragons_DragonsBreath	Dragon's Breath	middle-earth-ccg/dragons/MiddleEarthCCG-Dragons-DragonsBreath.jpg	default	Hazard	Dragons	Short-event																				U2	Playable on an attack by a True Fire-drake, by a Winged Fire-drake, or by any manifestation of Itangast, Leucaruth, Scorba, or Smaug (must be played before strikes are assigned). Each character in the company being attacked must immediately face one strike equal to the attack's prowess. Instead or using prowess against the strike, each character uses his body modified by +1 if he has a shield, by +1 is he has a helmet, and by +3 if he taps. The target attack which follows receives +1 body and -2 prowess. Cannot be duplicates on a given attack.	playerNDeck
Dragons_DragonsCurse	Dragon's Curse	middle-earth-ccg/dragons/MiddleEarthCCG-Dragons-DragonsCurse.jpg	default	Hazard	Dragons	Permanent-event															2					C1	Corruption. Dark enchantment. Playable on a non-Wizard character facing a strike from a Dragon hazard creature attack. The strike's prowess is modified by -1. The character recieves 2 corruption points. The target character makes a corruption check at the end of his untap phase. Cannot be duplicated on a given character. During his organization phase, a sage in the target character's company may tap to attempt to remove this card. Make a roll (or draw a #): if this result is greater than 6, discard this card.	playerNDeck
Dragons_DragonsTerror	Dragon's Terror	middle-earth-ccg/dragons/MiddleEarthCCG-Dragons-DragonsTerror.jpg	default	Hazard	Dragons	Short-event																				U2	Dark enchantment. Playable on a Dragon or Drake hazard creature attack before the strikes are assigned. For each card you discard from your hand when Dragon's Terror is declared, target one non-Wizard character of your choice in the defending company and make a roll (or draw a #)--add +2 for a Dragon attack. If the result is greater than the character's mind, the character taps. Each card discarded in this fashion counts as one against the company's hazard limit.	playerNDeck
Dragons_DunlendingRaiders	Dunlending Raiders	middle-earth-ccg/dragons/MiddleEarthCCG-Dragons-DunlendingRaiders.jpg	default	Hazard	Dragons	Creature	Men						8	-	5		1									C1	"Men. Five strikes. Playable keyed to Enedhwaith, Cardolan, Hollin, Rhudar, and Dunland; and may also be played at Ruins & Lairs [{R}] in these regions."	playerNDeck
Dragons_Earcaraxe	Earcaraxe	middle-earth-ccg/dragons/MiddleEarthCCG-Dragons-Earcaraxe.jpg	default	Hazard	Dragons	Creature	Dragon						17	7	2		4									R2	"Unique. May be played at Isle of the Ulond. Dragon. Two strikes. Attacker chooses defending characters. If Doors of Night is in play, may also be played keyed to Andrast Coast, Bay of Belfalas, Eriadoran Coast, and Andrast; and may also be played at sites in these regions."	playerNDeck
Dragons_EarcaraxeAhunt	Earcaraxe Ahunt	middle-earth-ccg/dragons/MiddleEarthCCG-Dragons-EarcaraxeAhunt.jpg	default	Hazard	Dragons	Long-event							15	6	3		4									U2	Unique. Any company moving in Andrast Coast, Bay of Belfalas, Eriadoran Coast, and/or Andrast immediately faces one Dragon attack (considered a hazard creature attack) -- 3 strikes at 15/6 (attacker chooses defending characters). If Doors of Night is in play, this attack also affects: Old Pukel-land, Enedhwaith, Anfalas, and any Coastal Sea [{c}] region (or region type).	playerNDeck
Dragons_EarcaraxeatHome	Earcaraxe at Home	middle-earth-ccg/dragons/MiddleEarthCCG-Dragons-EarcaraxeAtHome.jpg	default	Hazard	Dragons	Permanent-event							18	7	2		4									R3	Unique. Unless Earcaraxe Ahunt is in play, Isle of the Ulond has an additional automatic-attack: Dragon -- 2 strikes at 18/7 (attacker chooses defending characters), In addition, the hazard limit against any moving company with a Coastal Sea [{c}] region in its site path is increased by one.	playerNDeck
Dragons_ExileofSolitude	Exile of Solitude	middle-earth-ccg/dragons/MiddleEarthCCG-Dragons-ExileOfSolitude.jpg	default	Hazard	Dragons	Short-event																				R3	One strike of an at home manifestation of any unique Dragon can attempt to capture a non-Wizard character. This strike's prowess is modified by -1. If this strike is successful, it forces the discard of the character (with no body check) and all cards he controls. Alternatively, all strikes of Earcaraxe at Home attempt to capture all non-Wizard characters defending against her strikes.	playerNDeck
Dragons_FeverofUnrest	Fever of Unrest	middle-earth-ccg/dragons/MiddleEarthCCG-Dragons-FeverOfUnrest.jpg	default	Hazard	Dragons	Short-event																				R3	A Dragon hazard creature can attack a company with four Wildernesses [{w}] in its site path. Alternatively, Leucaruth can attack a company with three Wildernesses [{w}] in her site path.	playerNDeck
Dragons_FoolishWords	Foolish Words	middle-earth-ccg/dragons/MiddleEarthCCG-Dragons-FoolishWords.jpg	default	Hazard	Dragons	Permanent-event																				C2	Any riddling roll, offering attempt, or influence attempt by the target character is modified by -4. If placed on-guard, it may be revealed and played when a character in the company declares a riddling, offering, or influence attempt. During his organization phase, a character with this card may tap to attempt to remove it. Make a roll (or draw a #): if this result is greater than 7, discard this card. Cannot be duplicated on a given character.	playerNDeck
Dragons_FrenzyofMadness	Frenzy of Madness	middle-earth-ccg/dragons/MiddleEarthCCG-Dragons-FrenzyOfMadness.jpg	default	Hazard	Dragons	Short-event																				R3	Playable on a Shadow-hold [{S}] not in Gorgoroth, Nurn, Udun, or Imlad Morgul. If you discard (from your hand) a hazard creature playable at the site, one Dragon hazard creature may be played this turn keyed to the site. Alternatively, Daelomin may be played at the site this turn (without discarding a creature).	playerNDeck
Dragons_FromthePitsofAngband	From the Pits of Angband	middle-earth-ccg/dragons/MiddleEarthCCG-Dragons-FromThePitsOfAngband.jpg	default	Hazard	Dragons	Long-event																				U2	At the end of each turn, each player may take one unique Dragon manifestation or one Drake hazard creature from his discard pile and shuffle it into his play deck. Alternatively, if Doors of Night is in play, at the end of each turn, each player may return one unique Dragon manifestation and/or one Drake hazard creature from his discard pile to his hand. Cannot be duplicated.	playerNDeck
Dragons_Gothmog	Gothmog	middle-earth-ccg/dragons/MiddleEarthCCG-Dragons-Gothmog.jpg	default	Hazard	Dragons	Creature	Trolls						14	9	1	{d}{D}	3									R2	Unique. Troll. One strike. May also be played following an Orc or Troll attack in a Shadow-land [{s}] or Shadow-hold [{S}].	playerNDeck
Dragons_HalfanEyeOpen	Half an Eye Open	middle-earth-ccg/dragons/MiddleEarthCCG-Dragons-HalfAnEyeOpen.jpg	default	Hazard	Dragons	Short-event																				C1	Playable on a Dragon or Drake attack (before the strikes are assigned). Attacker may choose defending non-Wizard character to face the first strike assigned from the attack. Alternatively, it may be revealed as an on-guard card when a burglary attempt is announced -- this attempt is modified by -5.	playerNDeck
Dragons_Hobgoblins	Hobgoblins	middle-earth-ccg/dragons/MiddleEarthCCG-Dragons-Hobgoblins.jpg	default	Hazard	Dragons	Creature	Orcs						10	-	2	{w}{w}	1									C2	Orcs. Two strikes. Two Wildernesses [{w}] in site path are required.	playerNDeck
Dragons_HostofBats	Host of Bats	middle-earth-ccg/dragons/MiddleEarthCCG-Dragons-HostOfBats.jpg	default	Hazard	Dragons	Long-event																				U2	Against each company, one Orc hazard creature may be played that does not count towards the hazard limit. Any character wounded by an Orc attack makes an additional body check modified by -1. Additionally, if Shadow of Mordor is in play, any character wounded by an attack keyed to (or an automatic-attack at) a Shadow-hold [{S}] or a Dark-hold [{D}] makes an additional body check modified by -2. Cannot be duplicated.	playerNDeck
Dragons_Icedrake	Ice-drake	middle-earth-ccg/dragons/MiddleEarthCCG-Dragons-IceDrake.jpg	default	Hazard	Dragons	Creature	Drake						15	-	2		1									C1	Drake. Two strikes. May be played keyed to Elven Shores, Forochel, Angmar, Gundabad, Grey Mountain Narrows, and Withered Heath. {green} DCE: Two strikes. May be played keyed to any region in the Northern Waste and Elven Shores.	playerNDeck
Dragons_IcyTouch	Icy Touch	middle-earth-ccg/dragons/MiddleEarthCCG-Dragons-IcyTouch.jpg	default	Hazard	Dragons	Permanent-event															2					C2	The prowess of one Undead attack is modified by +1. Corruption. The next character wounded by the attack (on whom a corruption card has not already been played this turn) receives 2 corruption points (place this card with the character). Discard Icy Touch if it is not played with a character. During his organization phase, a character with this card may tap and attempt to remove it. Make a roll (or draw a #): if this result is greater than a 6, discard this card.	playerNDeck
Dragons_InciteDenizens	Incite Denizens	middle-earth-ccg/dragons/MiddleEarthCCG-Dragons-InciteDenizens.jpg	default	Hazard	Dragons	Short-event																				C2	Creates an additional automatic-attack at a Ruins & Lairs [{R}] until the end of the turn. This is an exact duplicate (including all existing and eventual modifications to prowess, etc.) of an existing automatic-attack of your choice at the site. This automatic-attack is faced after the automatic-attack it duplicates. Cannot be duplicated on a given site.	playerNDeck
Dragons_InciteMinions	Incite Minions	middle-earth-ccg/dragons/MiddleEarthCCG-Dragons-InciteMinions.jpg	default	Hazard	Dragons	Short-event																				C2	Creates an additional automatic-attack at a Shadow-hold [{S}] or Dark-hold [{D}] until the end of the turn. This is an exact duplicate (including all existing and eventual modifications to prowess, etc.) of an existing automatic-attack of your choice at the site. This automatic-attack is faced after the automatic-attack it duplicates. Cannot be duplicated on a given site.	playerNDeck
Dragons_Itangast	Itangast	middle-earth-ccg/dragons/MiddleEarthCCG-Dragons-Itangast.jpg	default	Hazard	Dragons	Creature	Dragon						18	8	3		6									R2	"Unique. May be played at Gold Hill. Dragon. Three strikes. If Doors of Night is in play, may also be played keyed to Withered Heath, Iron Hills, Northern Rhovanion, Grey Mountain Narrows; may also be played at sites in these regions."	playerNDeck
Dragons_ItangastAhunt	Itangast Ahunt	middle-earth-ccg/dragons/MiddleEarthCCG-Dragons-ItangastAhunt.jpg	default	Hazard	Dragons	Long-event							16	7	4		6									U2	Unique. Any company moving in Withered Heath, Northern Rhovanion, Iron Hill, and/or Grey Mountain Narrows immediately faces one Dragon attack (considered a hazard creature attack) -- 4 strikes at 16/7. If Doors of Night is in play, this attack also affects: Southern Rhovanion, Dorwinion, Heart of Mirkwood, and Woodland Realm.	playerNDeck
Dragons_ItangastatHome	Itangast at Home	middle-earth-ccg/dragons/MiddleEarthCCG-Dragons-ItangastAtHome.jpg	default	Hazard	Dragons	Permanent-event							19	8	3		6									R3	Unique. Unless Itangast Ahunt is in play, Gold Hill has an additional automatic-attack: Dragon -- 3 strikes at 19/8. In addition, each greater item gives an additional corruption point.	playerNDeck
Dragons_KnowntoanOunce	Known to an Ounce	middle-earth-ccg/dragons/MiddleEarthCCG-Dragons-KnownToAnOunce.jpg	default	Hazard	Dragons	Permanent-event																				R2	Playable on a site that contains a hoard or on a Dragon at home manifestation. If any item is played at the site or at the site associated with the Dragon at home manifestation, the site's automatic-attacks are again faced. Discard this card when the associated site or Dragon manifestation leaves play. Cannot be duplicated on a given site or Dragon Manifestation.	playerNDeck
Dragons_Landdrake	Land-drake	middle-earth-ccg/dragons/MiddleEarthCCG-Dragons-LandDrake.jpg	default	Hazard	Dragons	Creature	Drake						8	-	1	{w}{R}	1									C2	Drake. One strike. Attacker chooses defending characters.	playerNDeck
Dragons_LeftBehind	Left Behind	middle-earth-ccg/dragons/MiddleEarthCCG-Dragons-LeftBehind.jpg	default	Hazard	Dragons	Short-event																				U2	Playable on a non-Wizard character whose company is facing an attack of five strikes or more. Following the attack, character splits off into a different company with the same site path as the company in which he was. He faces a seperate movement/hazard phase this turn with a hazard limit of one. He may rejoin his original company following all movement/hazard phases.	playerNDeck
Dragons_LesserSpiders	Lesser Spiders	middle-earth-ccg/dragons/MiddleEarthCCG-Dragons-LesserSpiders.jpg	default	Hazard	Dragons	Creature	Spiders						7	-	4	{w}{s}{R}	1									C2	Spiders. Four strikes.	playerNDeck
Dragons_LeucaruthAhunt	Leucaruth Ahunt	middle-earth-ccg/dragons/MiddleEarthCCG-Dragons-LeucaruthAhunt.jpg	default	Hazard	Dragons	Long-event							14	7	3		4									U2	Unique. Any company moving in Withered Heath, Northern Rhovanion, Iron Hills, and/or Grey Mountain Narrows immediately faces one Dragon attack (considered a hazard creature attack) -- 3 strikes at 14/7. If Doors of Night is in play, this attack also affects: Southern Rhovanion, Dorwinion, Heart of Mirkwood, and Woodland Realm.	playerNDeck
Dragons_LeucaruthatHome	Leucaruth at Home	middle-earth-ccg/dragons/MiddleEarthCCG-Dragons-LeucaruthAtHome.jpg	default	Hazard	Dragons	Permanent-event							17	8	2		4									R3	Unique. Unless Leucaruth Ahunt is in play, Irerock has an additional automatic-attack: Dragon -- 2 strikes at 17/8. In addition, only one unique Dragon manifestation may be played per turn.	playerNDeck
Dragons_Lightdrake	Light-drake	middle-earth-ccg/dragons/MiddleEarthCCG-Dragons-LightDrake.jpg	default	Hazard	Dragons	Creature	Drake						8	-	2	{w}{R}	1									C2	Drake. Two strikes.	playerNDeck
Dragons_ManySorrowsBefall	Many Sorrows Befall	middle-earth-ccg/dragons/MiddleEarthCCG-Dragons-ManySorrowsBefall.jpg	default	Hazard	Dragons	Short-event																				R2	Unique. Forces the discard of one resource long-event. Alternatively, can target and cancel one resource short-event declared earlier in the same chain of effects (i.e. before the resource short-event resolves).	playerNDeck
Dragons_Marshdrake	Marsh-drake	middle-earth-ccg/dragons/MiddleEarthCCG-Dragons-MarshDrake.jpg	default	Hazard	Dragons	Creature	Drake						11	-	2	{c}{s}	1									C2	Drake. Two strikes.	playerNDeck
Dragons_MemoriesStolen	Memories Stolen	middle-earth-ccg/dragons/MiddleEarthCCG-Dragons-MemoriesStolen.jpg	default	Hazard	Dragons	Permanent-event																				R2	Dark enchantment. A non-Wizard character facing a strike from a Dragon hazard creature attack loses all skills while bearing this card. The strike's prowess is modified by -3. Cannot be duplicated on a given character. If at a Haven [{H}] during his organization phase, a character with this card may tap to attempt to remove it. Make a roll (or draw a #): if this result is greater than 8, discard this card. Modify the roll by +1 for each character in his company that taps in support.	playerNDeck
Dragons_Morgulrats	Morgul-rats	middle-earth-ccg/dragons/MiddleEarthCCG-Dragons-MorgulRats.jpg	default	Hazard	Dragons	Creature	Animals						2	5	15		1									R3	Only playable at a Shadow-hold or at a Dark-hold, and only if a character in the company is wounded or Doors of Night is in play.	playerNDeck
Dragons_NoEscapefromMyMagic	No Escape from My Magic	middle-earth-ccg/dragons/MiddleEarthCCG-Dragons-NoEscapeFromMyMagic.jpg	default	Hazard	Dragons	Permanent-event																				R2	Playable on any unique faction in play. On the turns after it is played, this card affects the region that contains the site where this faction is playable and all adjacent regions. Each company moving with region cards using one or more of such regions must make a roll (or draw a #) modified by +2 for each ranger in the company, by +1 for each scout, and by +1 for each diplomat. If the result is 12 or less, the company must do nothing during the site phase. Cannot be duplicated on a given faction.	playerNDeck
Dragons_NooseoftheSea	Noose of the Sea	middle-earth-ccg/dragons/MiddleEarthCCG-Dragons-NooseOfTheSea.jpg	default	Hazard	Dragons	Long-event																				U2	Affects each company with a Costal Sea [{c}] in its site path. The on-going effects of all resource short-events that were played during the organization phase are cancelled for the duration of the movement/hazard phase and the site phase. Such short-events have no effect on this card (i.e., it may not be cancelled by such a short-event).	playerNDeck
Dragons_ParsimonyofSeclusion	Parsimony of Seclusion	middle-earth-ccg/dragons/MiddleEarthCCG-Dragons-ParsimonyOfSeclusion.jpg	default	Hazard	Dragons	Short-event																				R3	Return any unique Dragon manifestation to your hand from your discard pile. Alternatively, return any manifestation of Agburanar to your hand from your discard pile and increase the hazard limit by two.	playerNDeck
Dragons_PassionofWrath	Passion of Wrath	middle-earth-ccg/dragons/MiddleEarthCCG-Dragons-PassionOfWrath.jpg	default	Hazard	Dragons	Short-event																				R3	A strike from a Dragon attack is modified by +2 prowess and -1 body. Alternatively, a strike from an attack by a manifestation of Smaug is modified by +4 prowess and -2 body.	playerNDeck
Dragons_PerilReturned	Peril Returned	middle-earth-ccg/dragons/MiddleEarthCCG-Dragons-PerilReturned.jpg	default	Hazard	Dragons	Long-event																				C2	If Gates of Morning is not in play, Doors of Night is considered to be in play. If Gates of Morning is in play, it is considered to be out of play while Peril Returned is in play. Gates of Morning may still be removed normally (e.g., through the use of Twilight, Doors of Night, etc.).	playerNDeck
Dragons_ProwessofAge	Prowess of Age	middle-earth-ccg/dragons/MiddleEarthCCG-Dragons-ProwessOfAge.jpg	default	Hazard	Dragons	Short-event																				R3	"Targets and cancels any effect (declared earlier in the same chain of effects) that would cancel an attack from a unique Dragon manifestation. Alternatively, gives a prowess bonus to a Dragon or Drake attack (must be played before its strikes are assigned) dictated by the number of Prowess of Age cards played on the attack: +1 prowess if 1 played; +4 if 2 played; +9 if 3 played."	playerNDeck
Dragons_ProwessofMight	Prowess of Might	middle-earth-ccg/dragons/MiddleEarthCCG-Dragons-ProwessOfMight.jpg	default	Hazard	Dragons	Short-event																				R3	A Dragon attack is modified by +1 to prowess and +1 to body. Alternatively, an attack by a manifestation of Scatha is modified by +2 to prowess and +2 to body.	playerNDeck
Dragons_Raindrake	Rain-drake	middle-earth-ccg/dragons/MiddleEarthCCG-Dragons-RainDrake.jpg	default	Hazard	Dragons	Creature	Drake						15	-	1	{c}{w}{w}{w}	1									C2	Drake. One strike. Three Wildernesses [{w}] in site path are required. May also be played at a Ruins & Lairs [{R}] that has two Wildernesses [{w}] or one Coastal Sea [{c}] in its site path.	playerNDeck
Dragons_RumorofWealth	Rumor of Wealth	middle-earth-ccg/dragons/MiddleEarthCCG-Dragons-RumorOfWealth.jpg	default	Hazard	Dragons	Short-event																				U2	Playable on a Ruins & Lairs [{R}] that is not a Dragon's lair. Any one Dragon hazard creature (except Earcaraxe) may be played (and does not count against the hazard limit) at the site during the site phase this turn after the successful play of a major or greater item.	playerNDeck
Dragons_Sanddrake	Sand-drake	middle-earth-ccg/dragons/MiddleEarthCCG-Dragons-SandDrake.jpg	default	Hazard	Dragons	Creature	Drake						12	-	3		1									U2	Drake. Three Strikes. Attacker chooses defending characters. May be played keyed to Khand and Harondor. If Doors of Night is in play, may also be played keyed to Ithilien, Nurn, and Horse Plains. {green} DCE: May also be played keyed to Near Harad, Dune Sea, Mirror of Fire. If Doors of Night is in play, may also be played keyed to Nurad, Nuriag.	playerNDeck
Dragons_Scatha	Scatha	middle-earth-ccg/dragons/MiddleEarthCCG-Dragons-Scatha.jpg	default	Hazard	Dragons	Creature	Dragon						15	9	3		5									R2	"Unique. May be played at Gondmaeglom. Dragon. Three strikes. If Doors of Night is in play, may also be played keyed to Withered Heath, Woodland Realm, Northern Rhovanion, and Grey Mountain Narrows; and may also be played at sites in these regions."	playerNDeck
Dragons_ScathaAhunt	Scatha Ahunt	middle-earth-ccg/dragons/MiddleEarthCCG-Dragons-ScathaAhunt.jpg	default	Hazard	Dragons	Long-event							13	8	4		5									U2	Unique. Any company moving in Withered Heath, Woodland Realm, Northern Rhovanion, and/or Grey Mountain Narrows immediately faces one Dragon attack (considered a hazard creture attack) -- 4strikes at 13/8. If Doors of Night is in play, this attack also affects: Anduin Vales, Western Mirkwood, Heart of Mirkwood,and Gundabad.	playerNDeck
Dragons_ScathaatHome	Scatha at Home	middle-earth-ccg/dragons/MiddleEarthCCG-Dragons-ScathaAtHome.jpg	default	Hazard	Dragons	Permanent-event							16	9	3		5									R3	Unique. Unless Scatha Ahunt is in play, Gondmaeglom has an additional automatic-attack: Dragon -- 3 strikes at 16/9. In addition, -1 to all influence attempts.	playerNDeck
Dragons_Scorba	Scorba	middle-earth-ccg/dragons/MiddleEarthCCG-Dragons-Scorba.jpg	default	Hazard	Dragons	Creature	Dragon						12	8	3		3									R2	"Unique. May be played at Zarak Dum. Dragon. Three strikes. Attacker chooses defending characters. If Doors of Night is in play, may also be played keyed to Forochel, Angmar, Gundabad; may also be played at sites in these regions."	playerNDeck
Dragons_ScorbaAhunt	Scorba Ahunt	middle-earth-ccg/dragons/MiddleEarthCCG-Dragons-ScorbaAhunt.jpg	default	Hazard	Dragons	Long-event							10	7	4		3									U2	Unique. Any company moving in Forochel, Angmar, and/or Gundabad immediately faces one Dragon attack (considered a hazard creature attack) -- 4 strikes at 10/7 (attacker chooses defending characters). If Doors of Night is in play, this attack also affects: N�meriador, Arthedain, and Rhudaur.	playerNDeck
Dragons_ScorbaatHome	Scorba at Home	middle-earth-ccg/dragons/MiddleEarthCCG-Dragons-ScorbaAtHome.jpg	default	Hazard	Dragons	Permanent-event							13	8	3		3									R3	Unique. Unless Scorba Ahunt is in play, Zarak Dum has an additional automatic-attack: Dragon -- 3 strikes at 13/8. In addition, each major item gives an additional corruption point.	playerNDeck
Dragons_SeaSerpent	Sea Serpent	middle-earth-ccg/dragons/MiddleEarthCCG-Dragons-SeaSerpent.jpg	default	Hazard	Dragons	Creature	Drake						14	6	2	{c}	2									C1	Drake. Two strikes.	playerNDeck
Dragons_SearchingEye	Searching Eye	middle-earth-ccg/dragons/MiddleEarthCCG-Dragons-SearchingEye.jpg	default	Hazard	Dragons	Short-event																				C2	Cancel any card requiring scout skill before it is resolved or cancel any ongoing effect of a card that required scout skill to play. If this card is played as an on-guard card, it can be revealed during opponent's site phase to cancel a card requiring scout skill.	playerNDeck
Dragons_ShadowofMordor	Shadow of Mordor	middle-earth-ccg/dragons/MiddleEarthCCG-Dragons-ShadowOfMordor.jpg	default	Hazard	Dragons	Permanent-event																				R2	Environment. The hazard limit for each company is increased by one for every card over one drawn by that company during its movement/hazard phase. Additionally, if Doors of Night is in play, during each company's movement/hazard phase, the hazard player may draw one additional card for every card in excess of one drawn by his opponent. Cannot be duplicated.	playerNDeck
Dragons_SleeplessMalice	Sleepless Malice	middle-earth-ccg/dragons/MiddleEarthCCG-Dragons-SleeplessMalice.jpg	default	Hazard	Dragons	Long-event																				U2	One Undead hazard creature against each company doesn't count against its hazard limit. Additionally, if Doors of Night is in play, any Undead hazard creature may be played keyed to Ruins and Lairs. Cannot be duplicated.	playerNDeck
Dragons_SmaugAhunt	Smaug Ahunt	middle-earth-ccg/dragons/MiddleEarthCCG-Dragons-SmaugAhunt.jpg	default	Hazard	Dragons	Long-event							15	7	3		5									U2	Unique. Any company moving in Withered Heath, Northern Rhovanion, Iron Hills, and/or Grey Mountain Narrows immediately faces one Dragon attack (considered a hazard creature attack) -- 3 strikes at 15/7 (attacker chooses defending character). If Doors of Night is in play, this attack also affects: Brown Lands, Southern Rhovanion, Dorwinion, Dagorland, and Horse Plains.	playerNDeck
Dragons_SmaugatHome	Smaug at Home	middle-earth-ccg/dragons/MiddleEarthCCG-Dragons-SmaugAtHome.jpg	default	Hazard	Dragons	Permanent-event							18	8	2		5									R3	Unique. Unless Smaug Ahunt is in play, The Lonely Mountain has an additional automatic-attack: Dragon -- 2 strikes at 18/8. In addition, each moving company draws one less card to minimum of one at the start of its movement/hazard phase.	playerNDeck
Dragons_SongoftheLady	Song of the Lady	middle-earth-ccg/dragons/MiddleEarthCCG-Dragons-SongOfTheLady.jpg	default	Hazard	Dragons	Long-event																				R2	At the end of the organization phase, each company at Lorien that wishes to move must make a roll (or draw a #). This roll is modified by: -1 if company contains any Men, -1 if company contains any Hobbits, +2 if company contains any Dwarves. If the result is less than 7, the company may not move this turn.	playerNDeck
Dragons_Stormcrow	Stormcrow	middle-earth-ccg/dragons/MiddleEarthCCG-Dragons-Stormcrow.jpg	default	Hazard	Dragons	Permanent-event																				C2	The direct influence of each Wizard is reduced by 2 (by 4 if Doors of Night is in play). Discard all resource permanent-events that have been played on each company with a Wizard (i.e., on the company as a whole, not individual characters, e.g., Fellowship). No such cards may be played on each Wizard's company. Discard this card when any play deck is exhausted. Cannot be duplicated.	playerNDeck
Dragons_SubtletyofGuile	Subtlety of Guile	middle-earth-ccg/dragons/MiddleEarthCCG-Dragons-SubtletyOfGuile.jpg	default	Hazard	Dragons	Short-event																				R3	The body of one non-Wizard character wounded by a Dragon attack is lowered by 1 until the end of the turn. Alternatively, lowers the body of one non-Wizard character wounded by a manifestation of Itangast by 2 until the end of the turn, or lowers the body of each non-Wizard character in a company facing an attack by a manifestation of Itangast by one until the end of the turn. Cannot be duplicated on a given character or company.	playerNDeck
Dragons_ThundersCompanion	Thunder's Companion	middle-earth-ccg/dragons/MiddleEarthCCG-Dragons-ThundersCompanion.jpg	default	Hazard	Dragons	Creature	Giants						9	-	3	{w}{w}	1									C2	Giants. Three strikes. Two Wildernesses [{w}] in site path are required.	playerNDeck
Dragons_TimesAreEvil	Times Are Evil	middle-earth-ccg/dragons/MiddleEarthCCG-Dragons-TimesAreEvil.jpg	default	Hazard	Dragons	Long-event																				U2	All offering attempts and influence attempts are modified by - 3.	playerNDeck
Dragons_TrueColddrake	True Cold-drake	middle-earth-ccg/dragons/MiddleEarthCCG-Dragons-TrueColdDrake.jpg	default	Hazard	Dragons	Creature	Drake						14	-	2		1									C1	Drake. Two strikes. May be played keyed to N�meriador, Forochel, Angmar, Gundabad, Grey Mountain Narrows, Withered Heath, and Iron Hills. {green} DCE: Two strikes. May be played keyed to N�meriador, Forochel, Grey Mountain Narrows, Withered Heath, Iron Hills, any non-coastal sea region in the Northern Waste.	playerNDeck
Dragons_TrueFiredrake	True Fire-drake	middle-earth-ccg/dragons/MiddleEarthCCG-Dragons-TrueFireDrake.jpg	default	Hazard	Dragons	Creature	Drake						13	-	2	{w}{w}{w}	1									C1	Drake. Two strikes. Three Wildernesses [{w}] in site path are required (only two Wildernesses [{w}] are required if Doors of Night is in play).	playerNDeck
Dragons_VelocityofHaste	Velocity of Haste	middle-earth-ccg/dragons/MiddleEarthCCG-Dragons-VelocityOfHaste.jpg	default	Hazard	Dragons	Short-event																				R3	A Dragon attack receives one additional strike (with no body). Alternatively, an attack from a manifestation of Scorba receives two additional strikes (each with no body).	playerNDeck
Dragons_Wereworm	Were-worm	middle-earth-ccg/dragons/MiddleEarthCCG-Dragons-WereWorm.jpg	default	Hazard	Dragons	Creature	Drake						13	6	1	{w}{w}{w}	2									R2	Drake. One strike. Attacker chooses defending characters. Defending company must discard one item of attacker's choice for each character wounded by Were-worm. Three Wildernesses [{w}] in site path are required.	playerNDeck
Dragons_WildFellBeast	Wild Fell Beast	middle-earth-ccg/dragons/MiddleEarthCCG-Dragons-WildFellBeast.jpg	default	Hazard	Dragons	Creature	Drake						12	6	3	{s}{s}	2									R2	Drake. Three strikes. Attacker chooses defending characters. Unless this attack is cancelled, all untapped characters in defending company are tapped following attack. Two Shadow-lands [{s}] in site path are required.	playerNDeck
Dragons_WindsofWrath	Winds of Wrath	middle-earth-ccg/dragons/MiddleEarthCCG-Dragons-WindsOfWrath.jpg	default	Hazard	Dragons	Short-event																				R2	Playable only if Doors of Night is in play. Replace the new site card of a moving company with a Coastal Sea [{c}] in its site path with a card from your location deck that has a Coastal Sea [{c}] in its site path.	playerNDeck
Dragons_WingedColddrake	Winged Cold-drake	middle-earth-ccg/dragons/MiddleEarthCCG-Dragons-WingedColdDrake.jpg	default	Hazard	Dragons	Creature	Drake						13	-	2	{w}{w}{w}	1									U2	Drake. Two Strikes. Attacker chooses defending characters. Three wildernesses [{w}] in site path are required.	playerNDeck
Dragons_WingedFiredrake	Winged Fire-drake	middle-earth-ccg/dragons/MiddleEarthCCG-Dragons-WingedFireDrake.jpg	default	Hazard	Dragons	Creature	Drake						12	-	2	{w}{w}{w}{s}{s}	1									U2	Drake. Two strikes. Attacker chooses defending characters. Three Wildernesses [{w}] or two Shadow-lands [{s}] in site path are required.	playerNDeck
Dragons_WitheredLands	Withered Lands	middle-earth-ccg/dragons/MiddleEarthCCG-Dragons-WitheredLands.jpg	default	Hazard	Dragons	Short-event																				C1	Environment. Playable only if Doors of Night is in play. Treat one target Wilderness [{w}] as two Wildernesses [{w}] or one Shadow-land [{s}] as two Wildernesses [{w}] or one Border-land [{b}] as two Wildernesses [{w}] until the end of the turn.	playerNDeck
Dragons_Wolfriders	Wolf-riders	middle-earth-ccg/dragons/MiddleEarthCCG-Dragons-WolfRiders.jpg	default	Hazard	Dragons	Creature/Short-event	Orcs						8	-	3		1									C2	Orcs. May be played following any Orc attack not keyed to a site. Three strikes. If played as a short-event, modify the prowess and strikes of a Wolf attack by +1.	playerNDeck
Dragons_WormsStench	Worm's Stench	middle-earth-ccg/dragons/MiddleEarthCCG-Dragons-WormsStench.jpg	default	Hazard	Dragons	Short-event																				U2	Playable on a company that has already faced a Dragon or Drake attack this turn. The prowess of each Spider and Animal attack against the company is increased by two for the rest of the turn. Additionally, if Doors of Night is in play, all Wolf attacks receive +2 prowess and all Wolf, Spider, and Animal attacks receive +1 strikes for the rest of the turn against the company.	playerNDeck
Dragons_WornandFamished	Worn and Famished	middle-earth-ccg/dragons/MiddleEarthCCG-Dragons-WornAndFamished.jpg	default	Hazard	Dragons	Long-event																				C2	Each non-Wizard character that is not in a Haven [{H}], Free-hold [{F}], or Border-hold [{B}] does not untap normally during his untap phase. Such a character may instead make a roll (or draw a #) adding his mind stat. If the result is greater than 12, he untaps. Cannot be duplicated.	playerNDeck
Dragons_Brand	Brand	middle-earth-ccg/dragons/MiddleEarthCCG-Dragons-Brand.jpg	default	Hero Character	Dragons		Man	Warrior/Diplomat	Dale	6	2		4	9			2									U2	Unique. +2 direct influence against Men of Dale faction.	playerNDeck
Dragons_FramFramson	Fram Framson	middle-earth-ccg/dragons/MiddleEarthCCG-Dragons-FramFramson.jpg	default	Hero Character	Dragons		Man	Warrior/Ranger	Framsburg	5	0		6	8			2									R2	Unique. He may not be one of the starting characters. He may only be brought into play at his home site. +3 prowess against Dragon and Drake attacks.	playerNDeck
Dragons_Galdor	Galdor	middle-earth-ccg/dragons/MiddleEarthCCG-Dragons-Galdor.jpg	default	Hero Character	Dragons		Elf	Ranger/Diplomat	Grey Havens	5	2		2	9			2									U2	Unique. +1 direct influence against Elves and Elf factions	playerNDeck
Dragons_Ioreth	Ioreth	middle-earth-ccg/dragons/MiddleEarthCCG-Dragons-Ioreth.jpg	default	Hero Character	Dragons		D�nadan	Sage	Minas Tirith	1	1		0	7			0									U2	Unique. Healing effects affect all characters in her company.	playerNDeck
Dragons_ThrainII	Thr�in II	middle-earth-ccg/dragons/MiddleEarthCCG-Dragons-ThrInII.jpg	default	Hero Character	Dragons		Dwarf	Warrior/Ranger/Sage	None	9	2		7	8			3									R2	Unique. +3 direct influence against Dwarves and Dwarf factions.	playerNDeck
Dragons_AShortRest	A Short Rest	middle-earth-ccg/dragons/MiddleEarthCCG-Dragons-AShortRest.jpg	default	Hero Resource	Dragons	Long-event																				C2	Each moving company may draw an extra card for each region less than four in its site path.	playerNDeck
Dragons_AdamantHelmet	Adamant Helmet	middle-earth-ccg/dragons/MiddleEarthCCG-Dragons-AdamantHelmet.jpg	default	Hero Resource	Dragons	Minor Item								1							1					C2	Hoard Item. Helmet. +1 to body to a maximum of 9. Cancels all dark enchantments targetting bearer.	playerNDeck
Dragons_AlerttheFolk	Alert the Folk	middle-earth-ccg/dragons/MiddleEarthCCG-Dragons-AlertTheFolk.jpg	default	Hero Resource	Dragons	Short-event																				U2	Playable on a company facing a Dragon or Drake attack (not Earcaraxe). Discard from your hand any one or two factions playable at sites in Northern Rhovanion, Iron Hills, Woodland Realm, or Anduin Vales. All characters facing the attack gain a bonus to their prowess equal to the total marshalling point values (as printed on their cards) of the factions discarded.	playerNDeck
Dragons_AndForthHeHastened	And Forth He Hastened	middle-earth-ccg/dragons/MiddleEarthCCG-Dragons-AndForthHeHastened.jpg	default	Hero Resource	Dragons	Short-event																				C2	Untap a character in your Wizard's company.	playerNDeck
Dragons_ArrowsShornofEbony	Arrows Shorn of Ebony	middle-earth-ccg/dragons/MiddleEarthCCG-Dragons-ArrowsShornOfEbony.jpg	default	Hero Resource	Dragons	Minor Item															1					U2	Hoard Item. Warrior only: discard Arrows Shorn of Ebony to modify a strike from a hazard creature attack not keyed to a site by -1 prowess, -2 body. If this strike is defeated, all other subsequent failed strikes from this attack are automatically defeated.	playerNDeck
Dragons_Belegaer	Belegaer	middle-earth-ccg/dragons/MiddleEarthCCG-Dragons-Belegaer.jpg	default	Hero Resource	Dragons	Short-event																				C1	Playable during organization phase on a company moving without region cards. Company may move from a site of origin in one of the following regions to a new site in one of the following regions: Lindon, Elven Shores, Eriadoran Coast, Andrast Coast, Bay of Belfalas, Mouths of the Anduin, Enedhwaith, Old Pukel-land, Andrast, Anfalas, Belfalas, Lebennin, and Harondor. The site path is [ccc] and the hazard limit is decreased by two to a minimum of two.	playerNDeck
Dragons_BountyoftheHoard	Bounty of the Hoard	middle-earth-ccg/dragons/MiddleEarthCCG-Dragons-BountyOfTheHoard.jpg	default	Hero Resource	Dragons	Short-event																				C2	Playable during the site phase. One minor or major item may be played at a tapped site that contains a hoard.	playerNDeck
Dragons_BowofDragonhorn	Bow of Dragon-horn	middle-earth-ccg/dragons/MiddleEarthCCG-Dragons-BowOfDragonHorn.jpg	default	Hero Resource	Dragons	Major Item											2				2					U2	Unique. Hoard item. Warrior only: tap bow to reduce the number of strikes from one hazard creature attack not keyed to a site by one (to a minimum of one).	playerNDeck
Dragons_Burglary	Burglary	middle-earth-ccg/dragons/MiddleEarthCCG-Dragons-Burglary.jpg	default	Hero Resource	Dragons	Short-event																				C2	Tap a character to make a burglary attempt at a site in lieu of facing its automatic-attacks. Tap the site and make a roll modified by +2 if the character is a scout and +3 if he is a hobbit. If the result is greater than 10, an item normally playable at the site may be played with the character. If the attempt fails, the character must face all automatic attacks alone.	playerNDeck
Dragons_CloudlessDay	Cloudless Day	middle-earth-ccg/dragons/MiddleEarthCCG-Dragons-CloudlessDay.jpg	default	Hero Resource	Dragons	Long-event																				U2	Environment. Playable only if Gates of Morning is in play. Whenever a company faces a hazard creature attack, the defender may choose which characters in the company will be the targets of the attack's strikes (regardless of tapped status, wounded status, and the normal abilities of the attack).	playerNDeck
Dragons_Cram	Cram	middle-earth-ccg/dragons/MiddleEarthCCG-Dragons-Cram.jpg	default	Hero Resource	Dragons	Minor Item															1					C2	Discard to untap bearer. Alternatively, discard during organization phase to allow its bearer's company to play an additional region card.	playerNDeck
Dragons_Dragonfeuds	Dragon-feuds	middle-earth-ccg/dragons/MiddleEarthCCG-Dragons-DragonFeuds.jpg	default	Hero Resource	Dragons	Short-event																				U2	Playable during the organization phase. For the rest of the turn, you may discard a Dragon or Drake hazard creature from your hand to cancel a Dragon or Drake attack against any of your companies.	playerNDeck
Dragons_Dragonlore	Dragon-lore	middle-earth-ccg/dragons/MiddleEarthCCG-Dragons-DragonLore.jpg	default	Hero Resource	Dragons	Permanent-event											1				2					U2	"Playable on a sage during the site phase at an untapped site where &quot;Information&quot; is playable. Tap the sage and the site. During a site phase at a tapped Dragon's lair, tap bearer and discard Dragon-lore. Search your play deck and/or discard pile for any item playable at the Dragon's lair. This item may be immediately played with the bearer's company."	playerNDeck
Dragons_DragonsHunger	Dragon's Hunger	middle-earth-ccg/dragons/MiddleEarthCCG-Dragons-DragonsHunger.jpg	default	Hero Resource	Dragons	Short-event																				R3	"Playable on a Dragon or Drake attack. If one is available, opponent must discard a hazard creature from his hand; this reduces the company's hazard limit by one. Otherwise, the attack is cancelled and the opponent must  reveal his hand."	playerNDeck
Dragons_DwarvenHoard	Dwarven Hoard	middle-earth-ccg/dragons/MiddleEarthCCG-Dragons-DwarvenHoard.jpg	default	Hero Resource	Dragons	Short-event																				C2	Tap a Dwarf at a Dark-hold [{D}] or Shadow-hold [{S}]. The site is considered to contain a hoard until the end of the turn.	playerNDeck
Dragons_EchoofAllJoy	Echo of All Joy	middle-earth-ccg/dragons/MiddleEarthCCG-Dragons-EchoOfAllJoy.jpg	default	Hero Resource	Dragons	Permanent-event																				U2	Play on a resource long-event if Doors of Night is not in play. The long-event is not discarded as normal during a long-event phase. Discard Echo of All Joy and target long-event when any play deck is exhausted or when Doors of Night comes into play.	playerNDeck
Dragons_Elfpath	Elf-path	middle-earth-ccg/dragons/MiddleEarthCCG-Dragons-ElfPath.jpg	default	Hero Resource	Dragons	Short-event																				C2	Playable only at the end of the organization phase. Tap an Elf. If his company's site path only has one or two regions with no Dark-domains [{d}] and no Shadow-lands [{s}], opponent may only play hazard creatures this turn that are keyed to the company's site.	playerNDeck
Dragons_EmeraldofDoriath	Emerald of Doriath	middle-earth-ccg/dragons/MiddleEarthCCG-Dragons-EmeraldOfDoriath.jpg	default	Hero Resource	Dragons	Minor Item					0(1)										1					U2	Unique. Hoard item. +1 to direct influence against Elves and Elf factions. If bearer is a Wizard, your general influence is increased by two.	playerNDeck
Dragons_EmeraldoftheMariner	Emerald of the Mariner	middle-earth-ccg/dragons/MiddleEarthCCG-Dragons-EmeraldOfTheMariner.jpg	default	Hero Resource	Dragons	Greater Item											3				1					R2	Unique. Hoard item. Bearer receives +1 to all of his corruption checks. Controlling player may keep one more card than normal in his hand. This item gives zero corruption points.	playerNDeck
Dragons_EnrunedShield	Enruned Shield	middle-earth-ccg/dragons/MiddleEarthCCG-Dragons-EnrunedShield.jpg	default	Hero Resource	Dragons	Greater Item								3			3				2					U2	Unique. Hoard item. Shield. +3 to body to a maximum of 10. Warrior only: tap Enruned Shield to cause one strike against bearer to be ineffectual (i.e., it doesn't fail and it is not successful).	playerNDeck
Dragons_FastAsleep	Fast Asleep	middle-earth-ccg/dragons/MiddleEarthCCG-Dragons-FastAsleep.jpg	default	Hero Resource	Dragons	Short-event																				C2	+3 to one burglary attempt. Alternatively, -2 to the prowess of one automatic-attack.	playerNDeck
Dragons_FlatteraFoe	Flatter a Foe	middle-earth-ccg/dragons/MiddleEarthCCG-Dragons-FlatterAFoe.jpg	default	Hero Resource	Dragons	Short-event																				C1	"Flattery attempt. Playable on a character whose company is facing an attack of the type listed below. Character makes an influence check (modified by his unused direct influence and +2 if a diplomat). If successful, the attack is cancelled and the hazard limit for the character's company is decreased by two. This influence check is successful if the result is greater than: 10 against a Dragon; 11 against Men or Drakes; 12 against Trolls, Orcs, Elves and Giants."	playerNDeck
Dragons_Forod	Forod	middle-earth-ccg/dragons/MiddleEarthCCG-Dragons-Forod.jpg	default	Hero Resource	Dragons	Short-event																				C1	Playable during organization phase on a company moving without regon cards. Company may move from a site of origin in one of the following regions to a new site in one of the following regions: Lindon, Forochel, Angmar, Gundabad, Grey Mountain Narrows, Withered Heath, and Iron Hills. The site path is [w w w] and the hazard limit is decreased by two to a minimum of two.	playerNDeck
Dragons_GiftofComprehension	Gift of Comprehension	middle-earth-ccg/dragons/MiddleEarthCCG-Dragons-GiftOfComprehension.jpg	default	Hero Resource	Dragons	Permanent-event															2					C1	"Playable on a D�nadan at a Haven [{H}]; tap the D�nadan. Gives the bearer sage skill."	playerNDeck
Dragons_GoldBeltofLorien	Gold Belt of Lorien	middle-earth-ccg/dragons/MiddleEarthCCG-Dragons-GoldBeltOfLorien.jpg	default	Hero Resource	Dragons	Special Item					1										1					U2	Unique. Only playable at Lorien. +1 direct influence to bearer.	playerNDeck
Dragons_HabergeonofSilver	Habergeon of Silver	middle-earth-ccg/dragons/MiddleEarthCCG-Dragons-HabergeonOfSilver.jpg	default	Hero Resource	Dragons	Major Item								2			2				2					C2	Hoard Item. Armor. Bearer recieves +2 body to a maximum of 10.	playerNDeck
Dragons_Harad	Harad	middle-earth-ccg/dragons/MiddleEarthCCG-Dragons-Harad.jpg	default	Hero Resource	Dragons	Short-event																				C1	Playable during organization phase on a company moving without region cards. Company may move from a site of origin in one of the following regions to a new site in one of the following regions: Horse Plains, Khand, Nurn, and Harondor. The site path is [w w w] and the hazard limit is decreased by two to a minimum of two.	playerNDeck
Dragons_HelmofHerSecrecy	Helm of Her Secrecy	middle-earth-ccg/dragons/MiddleEarthCCG-Dragons-HelmOfHerSecrecy.jpg	default	Hero Resource	Dragons	Permanent-event					1		2	1												R2	If Eowyn is in your hand, this card is playable on a company facing an attack (before strikes are assigned) -- the company must contain a character with Edoras as a home site. If enough influence is available to control her, Eowyn may be played with (i.e., joins) the company. She gains +2 prowess, +1 body, and +1 direct influence. If the attack is a Nazgul, place Helm of Her Secrecy with Eowyn following the attack. Otherwise, discard this card following the attack. Regardless, Eowyn remains in play.	playerNDeck
Dragons_HereThereorYonder	Here, There, or Yonder	middle-earth-ccg/dragons/MiddleEarthCCG-Dragons-HereThereOrYonder.jpg	default	Hero Resource	Dragons	Short-event																				U2	Tap a character during his site phase at a tapped or untapped Ruins & Lairs [{R}]. Make a roll (or draw a #) modified by +3 if character is a diplomat. An ally may be played and placed under the character's control if the result is greater than 6 plus the ally's mind stat and the ally is not restricted from moving in this site's region. If an ally is played, tap the site if it is not already tapped.	playerNDeck
Dragons_Heycomemerrydol	Hey! come merry dol!	middle-earth-ccg/dragons/MiddleEarthCCG-Dragons-HeyComeMerryDol.jpg	default	Hero Resource	Dragons	Short-event																				C2	Playable at the end of the organization phase on a moving company. Each Wilderness [{w}] symbol in the company's site path counts as half a Wilderness [{w}]. When calculating the number of Wildernesses [{w}] in such a site path, round down the final result.	playerNDeck
Dragons_HousesofHealing	Houses of Healing	middle-earth-ccg/dragons/MiddleEarthCCG-Dragons-HousesOfHealing.jpg	default	Hero Resource	Dragons	Permanent-event																				C2	Playable on a Free-hold [{F}]. Site becomes a Haven [{H}] for the purposes of healing. Discard Houses of Healing when the site is returned to the location deck or discarded.	playerNDeck
Dragons_KingundertheMountain	King under the Mountain	middle-earth-ccg/dragons/MiddleEarthCCG-Dragons-KingUnderTheMountain.jpg	default	Hero Resource	Dragons	Permanent-event					5						5									R2	Unique. Playable on Balin, D�in II, Thorin II, or Thr�in II if his company has defeated an at home manifestation attack other than Earcaraxe at Home. The target Dwarf receives +5 direct influence against Dwarves and Dwarf factions. The site where the Dragon was defeated becomes a Border-hold [{B}] and Dwarf-hold for all purposes and has no Dragon automatic-attacks. Only Dwarves may play items at this site.	playerNDeck
Dragons_LegendaryHoard	Legendary Hoard	middle-earth-ccg/dragons/MiddleEarthCCG-Dragons-LegendaryHoard.jpg	default	Hero Resource	Dragons	Permanent-event																				R2	"Playable on an at home Dragon manifestation. Target Dragon's automatic-attack cannot be cancelled. Rotate this card 90 each time a manifestation of target Dragon is played. If the site receiving the Dragon's automatic-attack is untapped, a number of items played there do not tap the site: not rotated: 1 item; rotated once: 2 items; rotated twice or more: 3 items. If target Dragon is required to be discarded or removed from play, invert Dragon on table until this card is discarded. Discard this card when any item is played at target Dragon's lair that tap the site. Cannot be duplicated on a given Dragon."	playerNDeck
Dragons_LookMoreCloselyLater	Look More Closely Later	middle-earth-ccg/dragons/MiddleEarthCCG-Dragons-LookMoreCloselyLater.jpg	default	Hero Resource	Dragons	Short-event																				C1	"Ritual. Tap a sage to untap a site at which &quot;Information&quot; is playable. Sage makes a corruption check."	playerNDeck
Dragons_LoreoftheAges	Lore of the Ages	middle-earth-ccg/dragons/MiddleEarthCCG-Dragons-LoreOfTheAges.jpg	default	Hero Resource	Dragons	Permanent-event															2					C2	"Playable on an Elf at a Haven [{H}]; tap the Elf. When facing an attack, bearer may tap to give +1 prowess to all characters in his company against the attack. Bearer makes a corruption check."	playerNDeck
Dragons_MagicalHarp	Magical Harp	middle-earth-ccg/dragons/MiddleEarthCCG-Dragons-MagicalHarp.jpg	default	Hero Resource	Dragons	Major Item											2				2					U2	Unique. Hoard item. Tap Magical Harp to cancel all actions for the rest of the turn that discard a target character in bearer's company. Bearer makes a corruption check. This item may also be so tapped during opponent's site phase.	playerNDeck
Dragons_ManyFoesHeFought	Many Foes He Fought	middle-earth-ccg/dragons/MiddleEarthCCG-Dragons-ManyFoesHeFought.jpg	default	Hero Resource	Dragons	Short-event																				C2	If defender chooses a warrior to be the target of a strike from an attack, that character may choose to face any number of the strikes from that attack. The character suffers a cumulative -1 prowess/-1 body for each additional strike faced. The character faces a separate strike sequence for each strike.	playerNDeck
Dragons_ManyTurnsandDoublings	Many Turns and Doublings	middle-earth-ccg/dragons/MiddleEarthCCG-Dragons-ManyTurnsAndDoublings.jpg	default	Hero Resource	Dragons	Short-event																				C2	Ranger only. Cancel an attack by Wolves, Spiders, Animals, or Undead. Alternatively, if Gates of Morning is in play, decrease the hazard limit against the ranger's company by one (no minimum).	playerNDeck
Dragons_MaptoMithril	Map to Mithril	middle-earth-ccg/dragons/MiddleEarthCCG-Dragons-MapToMithril.jpg	default	Hero Resource	Dragons	Permanent-event							0(3)				2				2					U2	"Playable on a Dwarf during the site phase at a site at which &quot;Information&quot; is playable. Tap the Dwarf and site. Tap Map to Mithril if bearer is ever at Moria; this card never untaps. If Map to Mithril is at a Dwarf-hold and it is tapped, the bearer may tap himself and place this card with a non-unique weapon in his company. This gives the weapon a +3 prowess bonus."	playerNDeck
Dragons_MarvelsTold	Marvels Told	middle-earth-ccg/dragons/MiddleEarthCCG-Dragons-MarvelsTold.jpg	default	Hero Resource	Dragons	Short-event																				C2	Ritual. Tap a sage to force the discard of a hazard non-environment permanent-event or long-event. Sage makes a corruption check modified by -2.	playerNDeck
Dragons_MasterofEsgaroth	Master of Esgaroth	middle-earth-ccg/dragons/MiddleEarthCCG-Dragons-MasterOfEsgaroth.jpg	default	Hero Resource	Dragons	Short-event																				C2	Playable at the end of the organization phase on a moving company. If the company moves to a Border-hold [{B}], it can take a second movement/hazard phase immediately following its first movement/hazard phase.	playerNDeck
Dragons_MasterofWoodWaterorHill	Master of Wood, Water, or Hill	middle-earth-ccg/dragons/MiddleEarthCCG-Dragons-MasterOfWoodWaterOrHill.jpg	default	Hero Resource	Dragons	Short-event																				C2	Ritual. Tap a sage to change one Wilderness [{w}] to a Border-land [{b}] or Shadow-land [{s}] or one Shadow-land [{s}] to a Wilderness [{w}] or one Border-land [{b}] to a Wilderness [{w}]. Sage makes a corruption check.	playerNDeck
Dragons_MathomLore	Mathom Lore	middle-earth-ccg/dragons/MiddleEarthCCG-Dragons-MathomLore.jpg	default	Hero Resource	Dragons	Permanent-event															2					R2	"Playable on a Hobbit at Bag End; tap the Hobbit. During the organization phase, bearer may tap to choose a minor item from your play deck or discard pile to place into your hand. Reshuffle your play deck if it was used. Bearer makes a corruption check."	playerNDeck
Dragons_MenofDale	Men of Dale	middle-earth-ccg/dragons/MiddleEarthCCG-Dragons-MenOfDale.jpg	default	Hero Resource	Dragons	Faction	Man										2									U2	Unique. Playable at Dale if the influence check is greater than 7. Standard modifications: Men (+2), Dwarves (+1).	playerNDeck
Dragons_MenofLaketown	Men of Lake-town	middle-earth-ccg/dragons/MiddleEarthCCG-Dragons-MenOfLakeTown.jpg	default	Hero Resource	Dragons	Faction	Man										2									U2	Unique. Playable at Lake-town if the influence check is greater than 8. Standard Modifcations: Men (+2), Dwarves (-1).	playerNDeck
Dragons_MoreSensethanYou	More Sense than You	middle-earth-ccg/dragons/MiddleEarthCCG-Dragons-MoreSenseThanYou.jpg	default	Hero Resource	Dragons	Short-event																				C2	Playable before strikes are assigned on an untapped character or ally whose company is facing an attack. Tap target character or ally. He may not be assigned a strike from this attack.	playerNDeck
Dragons_NecklaceofSilverandPearls	Necklace of Silver and Pearls	middle-earth-ccg/dragons/MiddleEarthCCG-Dragons-NecklaceOfSilverAndPearls.jpg	default	Hero Resource	Dragons	Minor Item															1					C1	Hoard item. Discard this card to give +3 direct influence and +5 mind to bearer until the end of the turn. The bearer's additional mind does not use any controlling influence. This item may also be so discarded during opponent's site phase.	playerNDeck
Dragons_NenseldetheWingild	Nenselde the Wingild	middle-earth-ccg/dragons/MiddleEarthCCG-Dragons-NenseldeTheWingild.jpg	default	Hero Resource	Dragons	Ally				3							2									R2	Unique. Playable at Dol Amroth. May not be attacked. Tap Nenselde to return one environment resource long-event or short-event from your discard pile to your hand. Discard Nenselde if her company moves to a site that is not in: Belfalas, Bay of Belfalas, Anfalas, or Mouths of the Anduin.	playerNDeck
Dragons_NotatHome	Not at Home	middle-earth-ccg/dragons/MiddleEarthCCG-Dragons-NotAtHome.jpg	default	Hero Resource	Dragons	Short-event																				C2	Cancel one Dragon, Drake, or Troll automatic-attack or attack keyed to a site. Alternatively, if Gates of Morning is in play, reduce the number of strikes of any automatic-attack by 2 (to a minimum of one).	playerNDeck
Dragons_PledgeofConduct	Pledge of Conduct	middle-earth-ccg/dragons/MiddleEarthCCG-Dragons-PledgeOfConduct.jpg	default	Hero Resource	Dragons	Short-event																				C2	Diplomat only. A character facing a corruption check in the diplomat's company may automatically transfer one item he bears to another character in his company. The item must be transferrable, and the new bearer must be able to bear it.	playerNDeck
Dragons_Refuge	Refuge	middle-earth-ccg/dragons/MiddleEarthCCG-Dragons-Refuge.jpg	default	Hero Resource	Dragons	Permanent-event																				C2	Playable only if you discard an Elf from your hand and only at the end of the organization phase on a company using region cards with the last one being a Wilderness [{w}]. (Play regions face-up.) This card is used as a site card, Free-hold [{F}] (cards drawn: 1/1). The company may only leave this site using region movement. Characters at this site heal as though they were in a haven [{H}]. Discard Refuge when the company moves to a new site.	playerNDeck
Dragons_ReturnedExiles	Returned Exiles	middle-earth-ccg/dragons/MiddleEarthCCG-Dragons-ReturnedExiles.jpg	default	Hero Resource	Dragons	Faction	Dwarf										5									R2	Unique. Playable at a tapped or untapped site where an at home Dragon manifestation was defeated if the influence check is greater than 12. Standard Modifications: King under the Mountain Dwarf (+5), other Dwarves (+2).	playerNDeck
Dragons_Rhun	Rhun	middle-earth-ccg/dragons/MiddleEarthCCG-Dragons-Rhun.jpg	default	Hero Resource	Dragons	Short-event																				C1	Playable during organization phase on a company moving without region cards. Company may move from a site of orgin if one of the following regions to a new site in one of the following regions: Iron Hills, Dorwinion, Horse Plains, and Khand. The site path is [www] and the hazard limit is decreased by two to a minimum of two.	playerNDeck
Dragons_RiddlingTalk	Riddling Talk	middle-earth-ccg/dragons/MiddleEarthCCG-Dragons-RiddlingTalk.jpg	default	Hero Resource	Dragons	Short-event																				U2	"Riddling attempt. Playable on a character whose company is facing an attack of the type listed below. Character makes a roll (or draws a #) modified by: +2 for each sage and +1 for each Hobbit in his company. If the result is greater than: 8 against Dragons and Drakes, 10 against Men and Giants, 12 against Slayers, Awakened Plants, Orcs, Spiders, and Trolls; then name a card and opponent must reveal his hand. If the named card is in opponent's hand, the creature's card is discarded (all of its attacks are cancelled) and the hazard limit against the character's company is decreased by three."	playerNDeck
Dragons_SatedBeast	Sated Beast	middle-earth-ccg/dragons/MiddleEarthCCG-Dragons-SatedBeast.jpg	default	Hero Resource	Dragons	Short-event																				U2	Target ahunt Dragon manifestation is discarded. Alternatively, if Doors of Night is in play, decreases the number of strikes from one Dragon or Drake attack by one (to a minimum of one). This card may also be played during opponent's movement/hazard phase.	playerNDeck
Dragons_ScabbardofChalcedony	Scabbard of Chalcedony	middle-earth-ccg/dragons/MiddleEarthCCG-Dragons-ScabbardOfChalcedony.jpg	default	Hero Resource	Dragons	Minor Item															1					C2	Hoard Item. -1 body to all failed strikes against bearer. Cannot be duplicated on a given character.	playerNDeck
Dragons_SecretNews	Secret News	middle-earth-ccg/dragons/MiddleEarthCCG-Dragons-SecretNews.jpg	default	Hero Resource	Dragons	Short-event																				C2	Opponent reveals to you 5 random cards at once from his hand.	playerNDeck
Dragons_Skinchanger	Skin-changer	middle-earth-ccg/dragons/MiddleEarthCCG-Dragons-SkinChanger.jpg	default	Hero Resource	Dragons	Short-event																				R2	Only playable on Beorn. Until the end of the turn, his prowess and body are each modified by +2. If Beorn is chosen to be the target of a strike from an attack, he may choose to face a second strike from that attack (he faces a seperate strike sequence for each strike). Beorn makes a corruption check modified by -2 after any attack made against his company. If still in play at the end of the turn, place Beorn in your hand. Any items he bears may be transferred to unwounded characters in his company (no corruption checks are required).	playerNDeck
Dragons_StaffAsunder	Staff Asunder	middle-earth-ccg/dragons/MiddleEarthCCG-Dragons-StaffAsunder.jpg	default	Hero Resource	Dragons	Short-event																				R2	Playable on a Wizard bearing Wizard's Staff whose company is facing an attack. Wizard makes a corruption check. Place Wizard's staff in your marshalling point pile. Wizard gains +5 prowess against the attack. Modify the attack's body by -2.	playerNDeck
Dragons_StarofHighHope	Star of High Hope	middle-earth-ccg/dragons/MiddleEarthCCG-Dragons-StarOfHighHope.jpg	default	Hero Resource	Dragons	Long-event																				U2	Environment. The prowess of each Elf and D�nadan is modified by +1 (by +2 if Gates of Morning is in play).	playerNDeck
Dragons_TalesoftheHunt	Tales of the Hunt	middle-earth-ccg/dragons/MiddleEarthCCG-Dragons-TalesOfTheHunt.jpg	default	Hero Resource	Dragons	Permanent-event															2					C2	"Playable on a Man at a Border-hold [{B}]; tap the Man. Bearer may tap to untap any character in his company. Bearer makes a corruption check."	playerNDeck
Dragons_TheRiddleGame	The Riddle Game	middle-earth-ccg/dragons/MiddleEarthCCG-Dragons-TheRiddleGame.jpg	default	Hero Resource	Dragons	Short-event																				R2	Riddling Attempt. Playable during site phase on a character at the same site as one of opponent's companies. Tap the character. Opponent chooses a character from his company to play the riddle game. Each player makes a riddling roll (or draws a #) modified by +2 if his character is a sage and by +1 if a Hobbit (re-roll ties). The player with the highest result wins. He then names two cards and the other player reveals his hand. If any of the named cards are revealed, they are immediately discarded.	playerNDeck
Dragons_ThreeGoldenHairs	Three Golden Hairs	middle-earth-ccg/dragons/MiddleEarthCCG-Dragons-ThreeGoldenHairs.jpg	default	Hero Resource	Dragons	Permanent-event															2					U2	Unique. Playable at any site on a non-Wizard, non-Hobbit diplomat character (other than Galadriel) at the same site as Galadriel. All corruption cards on the bearer are discarded when this card comes into play. +2 to all corruption checks by bearer.	playerNDeck
Dragons_ThrorsMap	Thror's Map	middle-earth-ccg/dragons/MiddleEarthCCG-Dragons-ThrorsMap.jpg	default	Hero Resource	Dragons	Minor Item															1					U2	Unique. Discard Thror's Map to untap a site with a Dragon automatic-attack.	playerNDeck
Dragons_Trickery	Trickery	middle-earth-ccg/dragons/MiddleEarthCCG-Dragons-Trickery.jpg	default	Hero Resource	Dragons	Short-event																				C2	"Scout only against an Orc, Troll, Man, Elf, Slayer, Awakened Plant, or Giant attack against his company. Make a roll (or draw a #); if the result is greater than 5, the attack is cancelled."	playerNDeck
Dragons_TwicebakedCakes	Twice-baked Cakes	middle-earth-ccg/dragons/MiddleEarthCCG-Dragons-TwiceBakedCakes.jpg	default	Hero Resource	Dragons	Special Item															1					C1	Playable only at a Free-hold [{F}] or Border-hold [{B}]. May also be played if the site is tapped. Discard during organization phase to allow its bearer's company to play two addtional region cards.	playerNDeck
Dragons_ValiantSword	Valiant Sword	middle-earth-ccg/dragons/MiddleEarthCCG-Dragons-ValiantSword.jpg	default	Hero Resource	Dragons	Major Item							2	-			2				2					C2	Hoard item. Weapon. +2 to bearer's prowess to a maximum of 9. Warrior only: +1 to body to a maximum of 9.	playerNDeck
Dragons_VanishinSunlight	Vanish in Sunlight!	middle-earth-ccg/dragons/MiddleEarthCCG-Dragons-VanishInSunlight.jpg	default	Hero Resource	Dragons	Short-event																				U2	Modify the prowess of one Nazgul or Undead attack by -2 (by -4 if Gates of Morning is in play).	playerNDeck
Dragons_WarmNowBeHeartandLimb	Warm Now Be Heart and Limb	middle-earth-ccg/dragons/MiddleEarthCCG-Dragons-WarmNowBeHeartAndLimb.jpg	default	Hero Resource	Dragons	Short-event																				C2	Ritual. Playable on a company during organization phase. Each sage in company that taps may heal one character (from wounded to tapped). Each sage so tapping makes a corruption check.	playerNDeck
Dragons_WashedandRefreshed	Washed and Refreshed	middle-earth-ccg/dragons/MiddleEarthCCG-Dragons-WashedAndRefreshed.jpg	default	Hero Resource	Dragons	Short-event																				C2	Playable at the end of the organization phase on a moving company. When the company's new site is revealed, the company may untap a number of characters equal to the number of regions less than four in its site path.	playerNDeck
Dragons_Waybread	Waybread	middle-earth-ccg/dragons/MiddleEarthCCG-Dragons-Waybread.jpg	default	Hero Resource	Dragons	Special Item															1					U3	Only playable at Lorien. Discard to untap bearer or bearer and one other character in his company. Alternatively, discard during organization phase to allow its bearer's company to play an additional region card.	playerNDeck
Dragons_WhenIKnowAnything	When I Know Anything	middle-earth-ccg/dragons/MiddleEarthCCG-Dragons-WhenIKnowAnything.jpg	default	Hero Resource	Dragons	Permanent-event											1				1					C2	"Light Enchantment. Playable on a sage during the site phase at a site where &quot;Information&quot; is playable. Tap sage and site. Tap sage to modify one corruption check by a character in his company by +3. Sage makes a corruption check."	playerNDeck
Dragons_WieldedTwice	Wielded Twice	middle-earth-ccg/dragons/MiddleEarthCCG-Dragons-WieldedTwice.jpg	default	Hero Resource	Dragons	Short-event																				C2	Ritual. Tap a sage to untap an item in his company. Sage makes a corruption check.	playerNDeck
Dragons_Wit	Wit	middle-earth-ccg/dragons/MiddleEarthCCG-Dragons-Wit.jpg	default	Hero Resource	Dragons	Short-event																				U2	Modify one riddling roll by +3. If applicable, this card may also be played during your opponent's site-phase if a riddling roll is called for.	playerNDeck
Dragons_WizardUncloaked	Wizard Uncloaked	middle-earth-ccg/dragons/MiddleEarthCCG-Dragons-WizardUncloaked.jpg	default	Hero Resource	Dragons	Short-event													Spell							U2	Spell. Wizard only. Return all hazard permanent-events on characters in your Wizard's company to opponent's hand. Wizard makes a corruption check modified by -2.	playerNDeck
Dragons_WizardsStaff	Wizard's Staff	middle-earth-ccg/dragons/MiddleEarthCCG-Dragons-WizardsStaff.jpg	default	Hero Resource	Dragons	Greater Item					2		2	-			3				2					U2	"Hoard item. Weapon. Only a Wizard may bear this item. +2 to direct influence and +2 to prowess. +2 to any corruption check required by a spell card. Tap bearer at the beginning of your end-of-turn phase to take one &quot;spell,&quot; &quot;ritual,&quot; or &quot;light enchantment&quot; from your discard pile into your hand. Bearer makes corruption check. Cannot be duplicated on a given Wizard."	playerNDeck
Dragons_WondrousMaps	Wondrous Maps	middle-earth-ccg/dragons/MiddleEarthCCG-Dragons-WondrousMaps.jpg	default	Hero Resource	Dragons	Permanent-event																				C1	Playable at the end of the organization phase on a company using region cards with the last one being a Shadow-land [{s}]. (Play regions face-up.) This card is used as a site card, Ruins & Lairs [{R}] (automatic-attack: Orcs -- 4 strikes at 7 prowess, items: (minor, major), cards opponent draws: 3, you draw 1). The company may only leave the site using region movement. Discard Wondrous Maps when the company moves to a new site.	playerNDeck
Dragons_Wormsbane	Wormsbane	middle-earth-ccg/dragons/MiddleEarthCCG-Dragons-Wormsbane.jpg	default	Hero Resource	Dragons	Greater Item							2	-			4				2					R2	Unique. Weapon. +2 to prowess to a maximum of 9 (+4 to prowess to a maximum of 12 and -2 to strike's body against a Dragon or Drake strike).	playerNDeck
Dragons_BuhrWidu	Buhr Widu	middle-earth-ccg/dragons/MiddleEarthCCG-Dragons-BuhrWidu.jpg	default	Hero Site	Dragons	{R}																Southern Rhovanion	{w}{b}{w}{w}{w}	3	3	U2	Nearest haven: Lorien. Playable: Items (minor, major). Automatic-attacks: Troll - 1 strikes with 10 prowess. Special: This site is always returned to the location deck, never to the discard pile.	playerNLocationDeck
Dragons_Dale	Dale	middle-earth-ccg/dragons/MiddleEarthCCG-Dragons-Dale.jpg	default	Hero Site	Dragons	{B}																Northern Rhovanion	{w}{b}{b}{w}	2	2	U2	Nearest haven: Lorien.	playerNLocationDeck
Dragons_Framsburg	Framsburg	middle-earth-ccg/dragons/MiddleEarthCCG-Dragons-Framsburg.jpg	default	Hero Site	Dragons	{R}																Anduin Vales	{w}{b}	1	2	U2	Nearest haven: Lorien. Playable: Items (minor). Automatic-attacks: When a company enters this site, opponent may play one creature from his hand that is treated in all ways as the site's automatic attack (if defeated, creature is discarded). It must normally be playable keyed to a Ruins & Lairs [{R}], Shadow-hold [{S}], single Wilderness [{w}], or Shadow-land [{s}]. Special: Contains a hoard.	playerNLocationDeck
Dragons_GoldHill	Gold Hill	middle-earth-ccg/dragons/MiddleEarthCCG-Dragons-GoldHill.jpg	default	Hero Site	Dragons	{R}																Withered Heath	{w}{b}{s}{w}	3	3	U2	Nearest haven: Lorien. Playable: Items (minor, major, greater, gold ring). Automatic-attacks: Dragon - 1 strikes with 15 prowess.	playerNLocationDeck
Dragons_Gondmaeglom	Gondmaeglom	middle-earth-ccg/dragons/MiddleEarthCCG-Dragons-Gondmaeglom.jpg	default	Hero Site	Dragons	{R}																Grey Mountain Narrows	{w}{b}{s}	2	2	U2	Nearest haven: Lorien. Playable: Items (minor, major, gold ring). Automatic-attacks: Dragon - 1 strikes with 14 prowess.	playerNLocationDeck
Dragons_IsleoftheUlond	Isle of the Ulond	middle-earth-ccg/dragons/MiddleEarthCCG-Dragons-IsleOfTheUlond.jpg	default	Hero Site	Dragons	{R}																Andrast Coast	{w}{c}{c}	2	2	U2	Nearest haven: Edhellond. Playable: Information, Items (minor, major). Automatic-attacks: Dragon - 1 strikes with 14 prowess.	playerNLocationDeck
Dragons_OvirHollow	Ovir Hollow	middle-earth-ccg/dragons/MiddleEarthCCG-Dragons-OvirHollow.jpg	default	Hero Site	Dragons	{R}																Grey Mountain Narrows	{w}{b}{s}	2	2	U2	Nearest haven: Lorien. Playable: Items (minor, major). Automatic-attacks: Dragon - 1 strikes with 12 prowess.	playerNLocationDeck
Dragons_Tharbad	Tharbad	middle-earth-ccg/dragons/MiddleEarthCCG-Dragons-Tharbad.jpg	default	Hero Site	Dragons	{R}																Cardolan	{w}{w}	1	1	U2	Nearest haven: Rivendell. Playable: Items (minor). Automatic-attacks: Men - 3 strikes with 6 prowess. Special: Items may be played here even if the site is tapped.	playerNLocationDeck
Dragons_ZarakDum	Zarak Dum	middle-earth-ccg/dragons/MiddleEarthCCG-Dragons-ZarakDum.jpg	default	Hero Site	Dragons	{R}																Angmar	{w}{s}	2	3	U2	Nearest haven: Rivendell. Playable: Items (minor, major). Automatic-attacks: Dragon - 1 strikes with 11 prowess.	playerNLocationDeck
LidlessEye_Ambusher2	Ambusher *	middle-earth-ccg/lidlesseye/MiddleEarthCCG-LidlessEye-Ambusher.jpg	default	Hazard	LidlessEye	Creature	Men						10	-	2	{f}{b}	1									CB+CS1	Men. Two strikes. Attacker chooses defending characters.	playerNDeck
LidlessEye_ArouseDefenders	Arouse Defenders	middle-earth-ccg/lidlesseye/MiddleEarthCCG-LidlessEye-ArouseDefenders.jpg	default	Hazard	LidlessEye	Short-event																				CB+CS1	Playable on a Free-hold [{F}] or Border-hold [{B}]. This turn, the prowess of one automatic-attack (your choice) at target site is increased by 2 and cannot be canceled. Cannot be duplicated on a given site.	playerNDeck
LidlessEye_ArouseDenizens2	Arouse Denizens *	middle-earth-ccg/lidlesseye/MiddleEarthCCG-LidlessEye-ArouseDenizens.jpg	default	Hazard	LidlessEye	Short-event																				CB+CS1	Playable on a Ruins & Lairs [{R}]. This turn, the prowess of one automatic-attack (your choice) at target site is increased by 3. Cannot be duplicated on a given site.	playerNDeck
LidlessEye_ArthadanRangers	Arthadan Rangers	middle-earth-ccg/lidlesseye/MiddleEarthCCG-LidlessEye-ArthadanRangers.jpg	default	Hazard	LidlessEye	Creature	Dunedain						10	6	1/each		2*									U	"Dunedain. Each character in the company faces one strike (detainment against covert and hero companies). May be played keyed to Arthedain, Rhudaur, Cardolan, Hollin, and The Shire; and may also be played at sites in these regions. May not be played a"	playerNDeck
LidlessEye_AwakenDefenders	Awaken Defenders	middle-earth-ccg/lidlesseye/MiddleEarthCCG-LidlessEye-AwakenDefenders.jpg	default	Hazard	LidlessEye	Long-event																				CB+CS1	The number of strikes for each automatic-attack at a Free-hold [{F}] or Border-hold [{B}] is doubled. Additionally, each detainment automatic-attack at a Free-hold [{F}] or Border-hold [{B}] becomes a normal automatic-attack. Cannot be duplicated.	playerNDeck
LidlessEye_AwakenDenizens2	Awaken Denizens *	middle-earth-ccg/lidlesseye/MiddleEarthCCG-LidlessEye-AwakenDenizens.jpg	default	Hazard	LidlessEye	Long-event																				CB+CS1	The number of strikes for each automatic-attack at a Ruins & Lairs [{R}] is doubled. Cannot be duplicated.	playerNDeck
LidlessEye_Barrowwight2	Barrow-wight *	middle-earth-ccg/lidlesseye/MiddleEarthCCG-LidlessEye-BarrowWight.jpg	default	Hazard	LidlessEye	Creature	Undead						12	-	1	{s}{d}{S}{D}	1									U	Undead. One strike. After the attack, each character wounded by Barrow-wight makes a corruption check modified by -2. {cyan} UEP: Barrow-wight is playable at Barrow-downs.	playerNDeck
LidlessEye_BeorningToll	Beorning Toll	middle-earth-ccg/lidlesseye/MiddleEarthCCG-LidlessEye-BeorningToll.jpg	default	Hazard	LidlessEye	Creature	Men						11	6	1/each		2*									R	"Men. Each character in the company faces one strike (detainment against covert and hero companies). May be played keyed to Anduin Vales, Wold & Foothills, High Pass, and Redhorn Gate; and may also be played at non-Haven sites in these regions. May no"	playerNDeck
LidlessEye_Brigands2	Brigands *	middle-earth-ccg/lidlesseye/MiddleEarthCCG-LidlessEye-Brigands.jpg	default	Hazard	LidlessEye	Creature	Men						8	-	2	{b}{w}	1									CB+CS1	Men. Two strikes. If any strike of Brigands wounds a character, the company must immediately discard one item (of defender's choice).	playerNDeck
LidlessEye_CallofHome2	Call of Home *	middle-earth-ccg/lidlesseye/MiddleEarthCCG-LidlessEye-CallOfHome.jpg	default	Hazard	LidlessEye	Short-event																				CB+CS1	Playable on a non-Ringwraith, non-Wizard character not bearing The One Ring. The character makes a roll (draws a #). The character returns to his player's hand if the result plus his player's unused general influence is less than 10. Any one item hel	playerNDeck
LidlessEye_CaveWorm2	Cave Worm *	middle-earth-ccg/lidlesseye/MiddleEarthCCG-LidlessEye-CaveWorm.jpg	default	Hazard	LidlessEye	Creature	Drake						16	-	1		1									CB+CS1	Drake. One strike. May be played keyed to Redhorn Gate, High Pass, Gap of Isen, Angmar, Gundabad, Grey Mountain Narrows, Withered Heath, Numeriador, and Iron Hills.	playerNDeck
LidlessEye_Cavedrake2	Cave-drake *	middle-earth-ccg/lidlesseye/MiddleEarthCCG-LidlessEye-CaveDrake.jpg	default	Hazard	LidlessEye	Creature	Dragon						10	-	2	{w}{w}{R}	1									CB+CS1	Dragon. Two strikes. Attacker chooses defending characters.	playerNDeck
LidlessEye_ChillThemwithFear	Chill Them with Fear	middle-earth-ccg/lidlesseye/MiddleEarthCCG-LidlessEye-ChillThemWithFear.jpg	default	Hazard	LidlessEye	Long-event																				R	All Elf, Dwarf, Dunadan, and Hobbit attacks receive +2 prowess and +2 strikes (+1 prowess and +1 strike if Doors of Night is in play). Cannot be duplicated.	playerNDeck
LidlessEye_Corpsecandle2	Corpse-candle *	middle-earth-ccg/lidlesseye/MiddleEarthCCG-LidlessEye-CorpseCandle.jpg	default	Hazard	LidlessEye	Creature	Undead						7	-	1	{w}{s}{d}{S}{D}	1									CB+CS1	Undead. One strike. If this attack is not canceled, every character in the company makes a corruption check before defending characters are selected.	playerNDeck
LidlessEye_CovetousThoughts	Covetous Thoughts	middle-earth-ccg/lidlesseye/MiddleEarthCCG-LidlessEye-CovetousThoughts.jpg	default	Hazard	LidlessEye	Permanent-event															1					U	Corruption. Playable only on a minion. At the end of each of his turns, target minion makes a corruption check for each item his company bears that he does not bear. For each check, modify the roll by subtracting the corruption of that item. During h	playerNDeck
LidlessEye_DarknessUnderTree	Darkness Under Tree	middle-earth-ccg/lidlesseye/MiddleEarthCCG-LidlessEye-DarknessUnderTree.jpg	default	Hazard	LidlessEye	Short-event																				R	Playable on an untapped Orc, Troll, or Man character if Doors of Night is in play. Tap the character.	playerNDeck
LidlessEye_DespairoftheHeart2	Despair of the Heart *	middle-earth-ccg/lidlesseye/MiddleEarthCCG-LidlessEye-DespairOfTheHeart.jpg	default	Hazard	LidlessEye	Permanent-event															2					CB+CS1	Corruption. Playable on a non-Hobbit, non-Wizard, non-Ringwraith character. Target character receives 2 corruption points and makes a corruption check each time a character in his company becomes wounded. During his organization phase, the character	playerNDeck
LidlessEye_DireWolves2	Dire Wolves *	middle-earth-ccg/lidlesseye/MiddleEarthCCG-LidlessEye-DireWolves.jpg	default	Hazard	LidlessEye	Creature	Wolves						8	-	4	{w}{w}{s}	1									CB+CS2	Wolves. Four strikes.	playerNDeck
LidlessEye_DoorsofNight2	Doors of Night *	middle-earth-ccg/lidlesseye/MiddleEarthCCG-LidlessEye-DoorsOfNight.jpg	default	Hazard	LidlessEye	Permanent-event																				CB+CS1	Environment. When Doors of Night is played, and all resource environment cards in play are immediately discarded, and all resource environment effects are cancelled. Cannot be duplicated.	playerNDeck
LidlessEye_ElflordRevealedinWrath	Elf-lord Revealed in Wrath	middle-earth-ccg/lidlesseye/MiddleEarthCCG-LidlessEye-ElfLordRevealedInWrath.jpg	default	Hazard	LidlessEye	Creature	Elves						15	9	1	{w}{w}	3*									R	Elf. One strike (detainment against hero companies). +4 prowess versus Ringwraiths. If Doors of Night is not in play, may also be played keyed to Shadow-lands [{s}]. {cyan} UEP: Elf. One strike (detainment against hero companies). +4 prowess versus R	playerNDeck
LidlessEye_ElvesuponErrantry	Elves upon Errantry	middle-earth-ccg/lidlesseye/MiddleEarthCCG-LidlessEye-ElvesUponErrantry.jpg	default	Hazard	LidlessEye	Creature	Elves						9	-	4	{w}{w}{b}{f}	1*									CB+CS2	Elves. Four strikes (playable only against minion companies).	playerNDeck
LidlessEye_EntinSearchoftheEntwives	Ent in Search of the Entwives	middle-earth-ccg/lidlesseye/MiddleEarthCCG-LidlessEye-EntInSearchOfTheEntwives.jpg	default	Hazard	LidlessEye	Creature	Awakened Plant						14	8	1	{w}{w}{b}{f}	1*									U	Awakened Plant. One strike (detainment against covert and hero companies). If Doors of Night is not in play, may also be played keyed to Shadow-lands [{s}].	playerNDeck
LidlessEye_FellWinter2	Fell Winter *	middle-earth-ccg/lidlesseye/MiddleEarthCCG-LidlessEye-FellWinter.jpg	default	Hazard	LidlessEye	Long-event																				CB+CS1	Environment. Each Border-hold [{B}] receives an additional automatic-attack: Wolves - 3 strikes with 7 prowess. Additionally, if Doors of Night is in play, treat all Free-domains [{f}] as Border-lands [{b}] and all Border-lands [{b}] as Wildernesses	playerNDeck
LidlessEye_FoolishWords2	Foolish Words *	middle-earth-ccg/lidlesseye/MiddleEarthCCG-LidlessEye-FoolishWords.jpg	default	Hazard	LidlessEye	Permanent-event																				CB+CS2	Playable on any character. Any riddling roll, offering attempt, or influence attempt by target character is modified by -4. If placed on-guard, it may be revealed and played when a character in the company declares such an attempt. During his organiz	playerNDeck
LidlessEye_Ghosts2	Ghosts *	middle-earth-ccg/lidlesseye/MiddleEarthCCG-LidlessEye-Ghosts.jpg	default	Hazard	LidlessEye	Creature	Undead						9	-	3	{s}{d}{S}{D}	1									CB+CS1	Undead. Three strikes. After attack, each character wounded by Ghosts makes a corruption check modified by -1.	playerNDeck
LidlessEye_Ghouls2	Ghouls *	middle-earth-ccg/lidlesseye/MiddleEarthCCG-LidlessEye-Ghouls.jpg	default	Hazard	LidlessEye	Creature	Undead						7	-	5	{s}{d}{S}{D}	1									CB+CS2	Undead. Five strikes.	playerNDeck
LidlessEye_Giant2	Giant *	middle-earth-ccg/lidlesseye/MiddleEarthCCG-LidlessEye-Giant.jpg	default	Hazard	LidlessEye	Creature	Giants						13	-	1	{w}{w}	1									CB+CS1	Giant. One strike.	playerNDeck
LidlessEye_GiantSpiders2	Giant Spiders *	middle-earth-ccg/lidlesseye/MiddleEarthCCG-LidlessEye-GiantSpiders.jpg	default	Hazard	LidlessEye	Creature	Spiders						10	-	2	{w}{w}	1									CB+CS2	Spiders. Two strikes. If the body check for a non-Wizard, non-Ringwraith character wounded by Giant Spiders equals his body, the character is discarded. May also be played keyed to Heart of Mirkwood, Southern Mirkwood, Western Mirkwood, and Woodland	playerNDeck
LidlessEye_GondorianRangers	Gondorian Rangers	middle-earth-ccg/lidlesseye/MiddleEarthCCG-LidlessEye-GondorianRangers.jpg	default	Hazard	LidlessEye	Creature	Dunedain						9	6	1/each		2*									CB+CS2	"Dunedain. Each character in the company faces one strike (detainment against covert and hero companies). May be played keyed to Ithilien, Dagorlad, Harondor, Mouths of the Anduin, and Brown Lands; and may also be played at sites in these regions. May"	playerNDeck
LidlessEye_Greed2	Greed *	middle-earth-ccg/lidlesseye/MiddleEarthCCG-LidlessEye-Greed.jpg	default	Hazard	LidlessEye	Short-event																				CB+CS2	Playable on a site. Until the end of the turn, each non-Hobbit, non-Wizard, non-Ringwraith character at the site must make a corruption check each time an item is played at the site. The character playing an item need not make a corruption check. Whe	playerNDeck
LidlessEye_HeedlessRevelry	Heedless Revelry	middle-earth-ccg/lidlesseye/MiddleEarthCCG-LidlessEye-HeedlessRevelry.jpg	default	Hazard	LidlessEye	Short-event																				R	"Playable on a non-Ringwraith company that is not moving. Make a roll (or draw a #) for each untapped non-Wizard character in the company; modify this roll by -2 for hero characters. If the result is greater than the character's mind, the character be"	playerNDeck
LidlessEye_Hobgoblins2	Hobgoblins *	middle-earth-ccg/lidlesseye/MiddleEarthCCG-LidlessEye-Hobgoblins.jpg	default	Hazard	LidlessEye	Creature	Orcs						10	-	2	{w}{w}	1									CB+CS1	Orcs. Two strikes.	playerNDeck
LidlessEye_Horselords	Horse-lords	middle-earth-ccg/lidlesseye/MiddleEarthCCG-LidlessEye-HorseLords.jpg	default	Hazard	LidlessEye	Creature	Men						10	6	1/each		2*									CB+CS1	"Men. Each character in the company faces one strike (detainment against covert and hero companies). May be played keyed to Rohan, Wold & Foothills, Gap of Isen, and Anorien; and may also be played at non-Haven sites in these regions. May not be playe"	playerNDeck
LidlessEye_Huorn2	Huorn *	middle-earth-ccg/lidlesseye/MiddleEarthCCG-LidlessEye-Huorn.jpg	default	Hazard	LidlessEye	Creature	Awakened Plant						10	-	1	{w}	1									CB+CS1	"Awakened Plant. One strike. May also be played at Druadan Forest, Old Forest, and Wellinghall. May also be played keyed to Heart of Mirkwood, Southern Mirkwood, Western Mirkwood, and Woodland Realm; and may also be played at Ruins & Lairs [{R}] and S"	playerNDeck
LidlessEye_InciteDefenders	Incite Defenders	middle-earth-ccg/lidlesseye/MiddleEarthCCG-LidlessEye-InciteDefenders.jpg	default	Hazard	LidlessEye	Short-event																				CB+CS1	Playable on a Border-hold [{B}] or Free-hold [{F}]. An additional automatic-attack is created at the site until the end of the turn. This is an exact duplicate (including all existing and eventual modifications to prowess, etc.) of an existing automa	playerNDeck
LidlessEye_InciteDenizens2	Incite Denizens *	middle-earth-ccg/lidlesseye/MiddleEarthCCG-LidlessEye-InciteDenizens.jpg	default	Hazard	LidlessEye	Short-event																				CB+CS1	Playable on a Ruins & Lairs [{R}]. An additional automatic-attack is created at the site until the end of the turn. This is an exact duplicate (including all existing and eventual modifications to prowess, etc.) of an existing automatic-attack at the	playerNDeck
LidlessEye_Landdrake2	Land-drake *	middle-earth-ccg/lidlesseye/MiddleEarthCCG-LidlessEye-LandDrake.jpg	default	Hazard	LidlessEye	Creature	Drake						8	-	1	{w}{R}	1									CB+CS1	Drake. One strike. Attacker chooses defending characters.	playerNDeck
LidlessEye_Landroval	Landroval	middle-earth-ccg/lidlesseye/MiddleEarthCCG-LidlessEye-Landroval.jpg	default	Hazard	LidlessEye	Creature	Animals						12	6	2	{w}{w}{b}{s}	2*									R	Unique. Animal. Two strikes (playable only against an overt minion company). Attacker chooses defending characters.	playerNDeck
LidlessEye_LawlessMen	Lawless Men	middle-earth-ccg/lidlesseye/MiddleEarthCCG-LidlessEye-LawlessMen.jpg	default	Hazard	LidlessEye	Creature	Men						9	-	2	{b}{w}{s}	1									CB+CS2	Men. Two strikes.	playerNDeck
LidlessEye_LesserSpiders2	Lesser Spiders *	middle-earth-ccg/lidlesseye/MiddleEarthCCG-LidlessEye-LesserSpiders.jpg	default	Hazard	LidlessEye	Creature	Spiders						7	-	4	{w}{s}{R}	1									CB+CS2	Spiders. Four strikes.	playerNDeck
LidlessEye_LongWinter2	Long Winter *	middle-earth-ccg/lidlesseye/MiddleEarthCCG-LidlessEye-LongWinter.jpg	default	Hazard	LidlessEye	Long-event																				CB+CS1	Environment. Each moving company that has at least two Wildernesses [{w}] in its site path must return to its site of origin unless it contains a ranger. Additionally, if Doors of Night is in play, each non-Darkhaven site in play with at least two Wi	playerNDeck
LidlessEye_LostinBorderlands2	Lost in Border-lands *	middle-earth-ccg/lidlesseye/MiddleEarthCCG-LidlessEye-LostInBorderLands.jpg	default	Hazard	LidlessEye	Short-event																				CB+CS1	Playable on a moving company. Its hazard limit increases by one for every Borlder-land [{b}] in its site path.	playerNDeck
LidlessEye_LostinFreedomains2	Lost in Free-domains *	middle-earth-ccg/lidlesseye/MiddleEarthCCG-LidlessEye-LostInFreeDomains.jpg	default	Hazard	LidlessEye	Short-event																				CB+CS1	Playable on a moving company. The company must do nothing during its site phase if it has a Free-domain [{f}] in its site path.	playerNDeck
LidlessEye_LostinShadowlands2	Lost in Shadow-lands *	middle-earth-ccg/lidlesseye/MiddleEarthCCG-LidlessEye-LostInShadowLands.jpg	default	Hazard	LidlessEye	Short-event																				CB+CS1	Playable on a moving company. Its hazard limit increases by one for every Shadow-land [{s}] in its site path.	playerNDeck
LidlessEye_LostintheWilderness2	Lost in the Wilderness *	middle-earth-ccg/lidlesseye/MiddleEarthCCG-LidlessEye-LostInTheWilderness.jpg	default	Hazard	LidlessEye	Short-event																				CB+CS1	Playable on a moving company. Its hazard limit increases by one for every Wilderness [{w}] in its site path.	playerNDeck
LidlessEye_LureofExpedience2	Lure of Expedience *	middle-earth-ccg/lidlesseye/MiddleEarthCCG-LidlessEye-LureOfExpedience.jpg	default	Hazard	LidlessEye	Permanent-event															2					CB+CS1	Corruption. Playable on a non-Ringwraith, non-Wizard, non-Hobbit character. Target character receives 2 corruption points and makes a corruption check each time a  character in his company gains an item (including a ring special item). During his org	playerNDeck
LidlessEye_LureofNature2	Lure of Nature *	middle-earth-ccg/lidlesseye/MiddleEarthCCG-LidlessEye-LureOfNature.jpg	default	Hazard	LidlessEye	Permanent-event															2					CB+CS1	Corruption. Playable on a non-Hobbit, non-Dwarf, non-Orc, non-Ringwraith character. Target character receives 2 corruption points and makes a corruption check at the end of his movement/hazard phase for each Wilderness [{w}] in his company's site pat	playerNDeck
LidlessEye_LureoftheSenses2	Lure of the Senses *	middle-earth-ccg/lidlesseye/MiddleEarthCCG-LidlessEye-LureOfTheSenses.jpg	default	Hazard	LidlessEye	Permanent-event															2					CB+CS1	Corruption. Playable on a non-Ringwraith character. Target character receives 2 corruption points and makes a corruption check at the end of his untap phase if at a  Darkhaven. During his organization phase, the character may tap to attempt to remove	playerNDeck
LidlessEye_Marshdrake2	Marsh-drake *	middle-earth-ccg/lidlesseye/MiddleEarthCCG-LidlessEye-MarshDrake.jpg	default	Hazard	LidlessEye	Creature	Drake						11	-	2	{c}{s}	1									CB+CS1	Drake. Two strikes.	playerNDeck
LidlessEye_MinionsStir2	Minions Stir *	middle-earth-ccg/lidlesseye/MiddleEarthCCG-LidlessEye-MinionsStir.jpg	default	Hazard	LidlessEye	Long-event																				U	The number of strikes and prowess of each Orc and Troll attack are each increased by one (by two for Orc attacks if Doors of Night is in play). Cannot be duplicated.	playerNDeck
LidlessEye_MusterDisperses2	Muster Disperses *	middle-earth-ccg/lidlesseye/MiddleEarthCCG-LidlessEye-MusterDisperses.jpg	default	Hazard	LidlessEye	Short-event																				CB+CS1	Playable on a faction. The faction's player makes a roll (draws a #), and discards the faction if the result plus his unused general influence is less than 11.	playerNDeck
LidlessEye_NewsofDoom	News of Doom	middle-earth-ccg/lidlesseye/MiddleEarthCCG-LidlessEye-NewsOfDoom.jpg	default	Hazard	LidlessEye	Short-event																				R	Unique. Each player makes a roll (draws a #) for each faction he has in play. Discard any faction if its result is 2 or 3, or if its result plus that player's unused general influence is less than 10. Remove News of Doom from the game.	playerNDeck
LidlessEye_NothingtoEatorDrink	Nothing to Eat or Drink	middle-earth-ccg/lidlesseye/MiddleEarthCCG-LidlessEye-NothingToEatOrDrink.jpg	default	Hazard	LidlessEye	Permanent-event																				CB+CS1	Playable on a minion company at or moving to a Free-hold [{F}] or Border-hold [{B}], or playable on a hero company at or moving to a Shadow-hold [{S}] or Dark-hold [{D}]. The prowess and body of each character in the company is modified by -1. Discar	playerNDeck
LidlessEye_Orcraiders2	Orc-raiders *	middle-earth-ccg/lidlesseye/MiddleEarthCCG-LidlessEye-OrcRaiders.jpg	default	Hazard	LidlessEye	Creature	Orcs						6	-	4	{b}{w}{R}	1									CB+CS1	Orcs. Four strikes.	playerNDeck
LidlessEye_Orcwarband2	Orc-warband *	middle-earth-ccg/lidlesseye/MiddleEarthCCG-LidlessEye-OrcWarband.jpg	default	Hazard	LidlessEye	Creature	Orcs						4	-	5	{w}{s}{d}{R}{S}{D}	1									CB+CS1	Orcs. Five strikes. If played on a company that has already faced an Orc attack this turn, Orc-warband receives +3 prowess.	playerNDeck
LidlessEye_Orcwatch2	Orc-watch *	middle-earth-ccg/lidlesseye/MiddleEarthCCG-LidlessEye-OrcWatch.jpg	default	Hazard	LidlessEye	Creature	Orcs						9	-	3	{s}{d}{S}{D}	1									CB+CS1	Orcs. Three strikes.	playerNDeck
LidlessEye_Pirates	Pirates	middle-earth-ccg/lidlesseye/MiddleEarthCCG-LidlessEye-Pirates.jpg	default	Hazard	LidlessEye	Creature	Men						7	-	3	{w}{c}{R}	1									R	Men. Three strikes. If any strike of Pirates wounds a character, the company must immediately discard one item (of defender's choice). Pirates receives +2 prowess when keyed to Coastal Seas [{c}].	playerNDeck
LidlessEye_Plague	Plague	middle-earth-ccg/lidlesseye/MiddleEarthCCG-LidlessEye-Plague.jpg	default	Hazard	LidlessEye	Permanent-event																				R	Playable on a non-Ringwraith, non-Wizard, non-Elf character at or moving to a non-Haven, non-Ruins & Lairs site. At the end of your opponent's turn, each non-Ringwraith, non-Wizard, non-Elf character at the same site as the target must make a roll (d	playerNDeck
LidlessEye_PlagueofWights	Plague of Wights	middle-earth-ccg/lidlesseye/MiddleEarthCCG-LidlessEye-PlagueOfWights.jpg	default	Hazard	LidlessEye	Long-event																				U	The prowess of all Undead attacks is increased by one. Additionally, if Doors of Night is in play, the number of strikes for each Undead attack is doubled. Cannot be duplicated.	playerNDeck
LidlessEye_Rats	Rats!	middle-earth-ccg/lidlesseye/MiddleEarthCCG-LidlessEye-Rats.jpg	default	Hazard	LidlessEye	Short-event																				U	Playable on a company containing at least one minor item that is at or moving to a Ruins & Lairs [{R}], Shadow-hold [{S}], or Dark-hold [{D}]. Company discards one minor item of its choice or chooses one of its characters to become wounded (no body c	playerNDeck
LidlessEye_Rebeltalk	Rebel-talk	middle-earth-ccg/lidlesseye/MiddleEarthCCG-LidlessEye-RebelTalk.jpg	default	Hazard	LidlessEye	Permanent-event																				CB+CS1	Playable on a non-Ringwraith, non-Wizard character with mind of 7 or less. Character cannot be controlled by direct influence. Once during each of his organization phases, the character may attempt to remove this card by making a roll (drawing a #) -	playerNDeck
LidlessEye_River2	River *	middle-earth-ccg/lidlesseye/MiddleEarthCCG-LidlessEye-River.jpg	default	Hazard	LidlessEye	Short-event																				CB+CS1	Playable on a site. If a company that has moved to this site this turn does not tap a ranger, it must do nothing during its site phase. {cyan} UEP: Tapping a single ranger to meet the requirements of River also meets the requirements of any other Riv	playerNDeck
LidlessEye_SearchingEye2	Searching Eye *	middle-earth-ccg/lidlesseye/MiddleEarthCCG-LidlessEye-SearchingEye.jpg	default	Hazard	LidlessEye	Short-event																				CB+CS1	Cancel and discard any card requiring scout skill before it is resolved or cancel any ongoing effect of a card that required scout skill to play. If this card is played as an on- guard card, it can be revealed during the opponent's site phase to canc	playerNDeck
LidlessEye_SellswordsBetweenCharters	Sellswords Between Charters	middle-earth-ccg/lidlesseye/MiddleEarthCCG-LidlessEye-SellswordsBetweenCharters.jpg	default	Hazard	LidlessEye	Creature	Men						11	-	2	{B}{S}	1									CB+CS2	Men. Two strikes.	playerNDeck
LidlessEye_ShutYerMouth	Shut Yer Mouth	middle-earth-ccg/lidlesseye/MiddleEarthCCG-LidlessEye-ShutYerMouth.jpg	default	Hazard	LidlessEye	Permanent-event																				U	Playable on a non-Wizard, non-Ringwraith character. -2 to character's direct influence (to a minimum of zero). Once during each of his organization phases, the character may attempt to remove this card by making a roll (drawing a #) - if the result i	playerNDeck
LidlessEye_Slayer2	Slayer *	middle-earth-ccg/lidlesseye/MiddleEarthCCG-LidlessEye-Slayer.jpg	default	Hazard	LidlessEye	Creature	Slayer						11	-	1	{b}{B}	2									CB+CS1	Slayer. Two attacks (of one strike each) against the same character. Attacker chooses defending character. The defender may tap any one character in the company to cancel one of these attacks.	playerNDeck
LidlessEye_SoYouveComeBack	So You've Come Back	middle-earth-ccg/lidlesseye/MiddleEarthCCG-LidlessEye-SoYouveComeBack.jpg	default	Hazard	LidlessEye	Permanent-event																				U	Playable on a character of 5 mind or less. The mind of each other non-follower, non-Ringwraith, non-Wizard character in his company increases by one. Discard this card during the organization phase if target character is in a company by himself and a	playerNDeck
LidlessEye_SomethingHasSlipped	Something Has Slipped	middle-earth-ccg/lidlesseye/MiddleEarthCCG-LidlessEye-SomethingHasSlipped.jpg	default	Hazard	LidlessEye	Permanent-event																				R	Playable on a company. If a character in the company becomes wounded, the prowess of each character in the company is modified by -2 for the rest of the turn. Discard this card during its organization phase if the company is at a Darkhaven. Cannot be	playerNDeck
LidlessEye_SonsofKings	Sons of Kings	middle-earth-ccg/lidlesseye/MiddleEarthCCG-LidlessEye-SonsOfKings.jpg	default	Hazard	LidlessEye	Creature	Dunedain						10	-	3	{f}{b}{B}{F}	2*									CB+CS2	Dunedain. Three strikes (playable only against minion companies).	playerNDeck
LidlessEye_StayHerAppetite	Stay Her Appetite	middle-earth-ccg/lidlesseye/MiddleEarthCCG-LidlessEye-StayHerAppetite.jpg	default	Hazard	LidlessEye	Short-event																				R	Playable on an ally. Make a roll (draw a #). If the result plus the ally's mind is greater than your opponent's unused general influence plus its controlling character's unused direct influence plus five, the ally attacks its controlling character (d	playerNDeck
LidlessEye_StenchofMordor	Stench of Mordor	middle-earth-ccg/lidlesseye/MiddleEarthCCG-LidlessEye-StenchOfMordor.jpg	default	Hazard	LidlessEye	Permanent-event																				U	Environment. At the start of its site phase, each company at a site in a Dark-domain [{d}] (or Shadow-land [{s}], if Doors of Night is in play) must tap one untapped character if available. Discard when any play deck is exhausted. Cannot be duplicate	playerNDeck
LidlessEye_StirringBones2	Stirring Bones *	middle-earth-ccg/lidlesseye/MiddleEarthCCG-LidlessEye-StirringBones.jpg	default	Hazard	LidlessEye	Creature	Undead						9	-	2	{w}{w}{s}{d}{R}{S}	1									CB+CS2	Undead. Two strikes.	playerNDeck
LidlessEye_TheBorderwatch	The Border-watch	middle-earth-ccg/lidlesseye/MiddleEarthCCG-LidlessEye-TheBorderWatch.jpg	default	Hazard	LidlessEye	Creature	Men						7	-	5	{f}{b}{F}{B}	1*									CB+CS2	Men. Five strikes (two strikes and detainment against hero companies).	playerNDeck
LidlessEye_TheRingWillHaveButOneMaster	The Ring Will Have But One Master	middle-earth-ccg/lidlesseye/MiddleEarthCCG-LidlessEye-TheRingWillHaveButOneMaster.jpg	default	Hazard	LidlessEye	Permanent-event																				R	Playable on the bearer of The One Ring. During each of his organization phases, one character (other than the bearer) in bearer's company is discarded (of bearer's player's choice) along with all cards played with him. During his organization phase,	playerNDeck
LidlessEye_TheRovingEye	The Roving Eye	middle-earth-ccg/lidlesseye/MiddleEarthCCG-LidlessEye-TheRovingEye.jpg	default	Hazard	LidlessEye	Short-event																				R	Playable on a non-Wizard, non-Ringwraith character bearing a Palantir, greater item, or ring that is not a gold ring. Target character is forced to make corruption check modified by -2. If the character would normally be eliminated as a result of thi	playerNDeck
LidlessEye_ThranduilsFolk	Thranduil's Folk	middle-earth-ccg/lidlesseye/MiddleEarthCCG-LidlessEye-ThranduilsFolk.jpg	default	Hazard	LidlessEye	Creature	Elves						10	6	1/each		2*									R	"Elves. Each character in the company faces one strike (detainment against covert and hero companies). May be played keyed to Woodland Realm, Western Mirkwood, Heart of Mirkwood, Northern Rhovanion, and Grey Mountain Narrows; and may also be played at"	playerNDeck
LidlessEye_ThriceOutnumbered	Thrice Outnumbered	middle-earth-ccg/lidlesseye/MiddleEarthCCG-LidlessEye-ThriceOutnumbered.jpg	default	Hazard	LidlessEye	Permanent-event																				U	Each player may take one Man hazard creature from his discard pile and shuffle it into his play deck at the end of each turn. Discard this card or a Man hazard creature from your hand at the end of opponent's long-event phase. Discard when any play d	playerNDeck
LidlessEye_ThundersCompanion2	Thunder's Companion *	middle-earth-ccg/lidlesseye/MiddleEarthCCG-LidlessEye-ThundersCompanion.jpg	default	Hazard	LidlessEye	Creature	Giants						9	-	3	{w}{w}	1									CB+CS1	Giants. Three strikes.	playerNDeck
LidlessEye_TidingsofBoldSpies	Tidings of Bold Spies	middle-earth-ccg/lidlesseye/MiddleEarthCCG-LidlessEye-TidingsOfBoldSpies.jpg	default	Hazard	LidlessEye	Short-event																				CB+CS2	Playable on a company moving to a site with an automatic-attack. This card creates one or more attacks on the company, the total of which duplicates exactly (including modifications) all automatic-attacks at the site. These attacks must be faced imme	playerNDeck
LidlessEye_TidingsofDoubtandDanger	Tidings of Doubt and Danger	middle-earth-ccg/lidlesseye/MiddleEarthCCG-LidlessEye-TidingsOfDoubtAndDanger.jpg	default	Hazard	LidlessEye	Permanent-event																				U	The direct influence of each Ringwraith is lowered by 2 (by 3 if Doors of Night is in play). Discard when any play deck is exhausted. Cannot be duplicated.	playerNDeck
LidlessEye_TrueFiredrake2	True Fire-drake *	middle-earth-ccg/lidlesseye/MiddleEarthCCG-LidlessEye-TrueFireDrake.jpg	default	Hazard	LidlessEye	Creature	Drake						13	-	2	{w}{w}{w}	1									CB+CS1	Drake. Two strikes. Only two Wildernesses [{w}] in site path are required if Doors of Night is in play.	playerNDeck
LidlessEye_Twilight2	Twilight *	middle-earth-ccg/lidlesseye/MiddleEarthCCG-LidlessEye-Twilight.jpg	default	Hazard	LidlessEye	Short-event																				CB+CS1	Environment. One environment card (in play or declared earlier in the same chain of effects) is canceled and discarded. Twilight may also be played as a resource, and may be played at any point during any player's turn.	playerNDeck
LidlessEye_Uruklieutenant	Uruk-lieutenant	middle-earth-ccg/lidlesseye/MiddleEarthCCG-LidlessEye-UrukLieutenant.jpg	default	Hazard	LidlessEye	Creature	Orcs						9	-	1	{w}{s}{R}{S}	1									R	Orcs. One strike. If played on a company that has already faced an Orc attack this turn, Uruk-lieutenant receives +3 prowess. Orc-lieutenant receives an additional +3 prowess if played on a company that has already faced Uruk-lieutenant this turn.	playerNDeck
LidlessEye_VeilsFlungAway	Veils Flung Away	middle-earth-ccg/lidlesseye/MiddleEarthCCG-LidlessEye-VeilsFlungAway.jpg	default	Hazard	LidlessEye	Short-event																				U	"Playable on a company moving in a Wilderness [{w}], Borlder-land [{b}], or Free-domain [{f}] if Doors of Night is not in play; does not count against the hazard limit. Make a body check  modified by -1 for each character. Determine if each Orc or Tro"	playerNDeck
LidlessEye_WaitingShadow	Waiting Shadow	middle-earth-ccg/lidlesseye/MiddleEarthCCG-LidlessEye-WaitingShadow.jpg	default	Hazard	LidlessEye	Short-event																				R	Environment. Playable on a company with an untapped Orc, Troll, or Man character. Tap an Orc, Troll, or Man character in that company (defender's choice). If Doors of Night is in play, the company need not contain an Orc, Troll, or Man and any one ch	playerNDeck
LidlessEye_WakeofWar2	Wake of War *	middle-earth-ccg/lidlesseye/MiddleEarthCCG-LidlessEye-WakeOfWar.jpg	default	Hazard	LidlessEye	Long-event																				CB+CS1	The number of strikes and prowess of each Wolf, Spider, and Animal attack are each increased by one (by two for Wolf attacks if Doors of Night is in play). Cannot be duplicated.	playerNDeck
LidlessEye_WanderingEldar	Wandering Eldar	middle-earth-ccg/lidlesseye/MiddleEarthCCG-LidlessEye-WanderingEldar.jpg	default	Hazard	LidlessEye	Creature	Elves						9	-	1/each	{w}{w}{b}	1*									R	Elves. Each character in the company faces one strike (detainment against covert and hero companies). If Doors of Night is not in play, may also be played keyed to Free- domains.	playerNDeck
LidlessEye_Wargs2	Wargs *	middle-earth-ccg/lidlesseye/MiddleEarthCCG-LidlessEye-Wargs.jpg	default	Hazard	LidlessEye	Creature	Wolves						9	-	2	{b}{w}{s}	1									CB+CS2	Wolves. Two strikes.	playerNDeck
LidlessEye_WatcherintheWater2	Watcher in the Water *	middle-earth-ccg/lidlesseye/MiddleEarthCCG-LidlessEye-WatcherInTheWater.jpg	default	Hazard	LidlessEye	Creature	Animals						8	-	1/each	{w}{w}{c}	1									U	Animal. Each character in the company faces one strike. May also be played at Moria.	playerNDeck
LidlessEye_WearinessoftheHeart2	Weariness of the Heart *	middle-earth-ccg/lidlesseye/MiddleEarthCCG-LidlessEye-WearinessOfTheHeart.jpg	default	Hazard	LidlessEye	Short-event																				CB+CS1	Playable on a character. The prowess of target character is modified by -1 until the end of the turn. This use cannot be duplicated on a given character. Alternatively, target character makes a corruption check.	playerNDeck
LidlessEye_WebsofFearTreachery	Webs of Fear & Treachery	middle-earth-ccg/lidlesseye/MiddleEarthCCG-LidlessEye-WebsOfFearTreachery.jpg	default	Hazard	LidlessEye	Long-event																				R	Except for unused general influence and unused normal direct influence (including influence modifications given in a character's card text), all modifications to each influence attempt are reduced to zero.	playerNDeck
LidlessEye_WildTrolls	Wild Trolls	middle-earth-ccg/lidlesseye/MiddleEarthCCG-LidlessEye-WildTrolls.jpg	default	Hazard	LidlessEye	Creature	Trolls						10	-	2	{w}{w}{R}	1									CB+CS1	Trolls. Two strikes.	playerNDeck
LidlessEye_WrathoftheWest	Wrath of the West	middle-earth-ccg/lidlesseye/MiddleEarthCCG-LidlessEye-WrathOfTheWest.jpg	default	Hazard	LidlessEye	Short-event																				U	Playable on a minion resource short-event declared earlier in the same chain of effects. Make a roll (draw a #) - if the result is greater than 6, the event is cancelled and discarded.	playerNDeck
LidlessEye_AdunapheltheRingwraith	Adunaphel the Ringwraith	middle-earth-ccg/lidlesseye/MiddleEarthCCG-LidlessEye-AdunaphelTheRingwraith.jpg	default	Minion Character	LidlessEye		Ringwraith	Warrior/Scout/Diplomat	Urlurtsu Nurn		4		8	10												F1	Unique. Manifestation of Adunaphel. Can use spirit-magic. +2 direct influence in Heralded Lord mode. -2 prowess in Fell Rider mode. As your Ringwraith, if at a Darkhaven, she may tap to cancel one hazard creature attack not played at a site against a	playerNDeck
LidlessEye_AkhorahiltheRingwraith	Akhorahil the Ringwraith	middle-earth-ccg/lidlesseye/MiddleEarthCCG-LidlessEye-AkhorahilTheRingwraith.jpg	default	Minion Character	LidlessEye		Ringwraith	Sage	Any site in Nurn		3		8	9												F1	Unique. Manifestation of Akhorahil. Can use sorcery, spirit-magic, and shadow-magic. +3 direct influence in Heralded Lord mode. +1 prowess in Fell Rider mode. As your Ringwraith, when he uses a magic card, return it to the play deck and reshuffle.	playerNDeck
LidlessEye_Asternak	Asternak	middle-earth-ccg/lidlesseye/MiddleEarthCCG-LidlessEye-Asternak.jpg	default	Minion Character	LidlessEye		Man	Warrior/Diplomat	Variag Camp	5	2		5	7			2									F1	Unique. +2 direct influence against any faction playable at Variag Camp.	playerNDeck
LidlessEye_Belegorn	Belegorn	middle-earth-ccg/lidlesseye/MiddleEarthCCG-LidlessEye-Belegorn.jpg	default	Minion Character	LidlessEye		Dunadan	Sage/Diplomat	Carn Dum	5	2		3	7			2									U	Unique. Can use spirit-magic.	playerNDeck
LidlessEye_Broin	Broin	middle-earth-ccg/lidlesseye/MiddleEarthCCG-LidlessEye-Broin.jpg	default	Minion Character	LidlessEye		Dwarf	Warrior/Scout	Moria	3	0		3	8			1									R	Unique. +1 prowess against Orcs and Elves.	playerNDeck
LidlessEye_Calendal	Calendal	middle-earth-ccg/lidlesseye/MiddleEarthCCG-LidlessEye-Calendal.jpg	default	Minion Character	LidlessEye		Elf	Scout/Sage	Dol Guldur	6	1		4	8			2									R	Unique. May tap to use a Palantir he bears. +2 direct influence against Elves and Elf factions.	playerNDeck
LidlessEye_Carambor	Carambor	middle-earth-ccg/lidlesseye/MiddleEarthCCG-LidlessEye-Carambor.jpg	default	Minion Character	LidlessEye		Elf	Warrior/Scout/Ranger	Carn Dum	6	0		5	8			2									R	Unique. May tap at the end of his company's movement/hazard phase to allow it to move to an additional site on the same turn. Another site card may be played and another movement/hazard phase immediately follows for his company. The new site path mus	playerNDeck
LidlessEye_Ciryaher	Ciryaher	middle-earth-ccg/lidlesseye/MiddleEarthCCG-LidlessEye-Ciryaher.jpg	default	Minion Character	LidlessEye		Dunadan	Scout/Sage	Barad-dur	5	2		2	7			2									U	Unique. Can use shadow-magic.	playerNDeck
LidlessEye_Dogrib	Dogrib	middle-earth-ccg/lidlesseye/MiddleEarthCCG-LidlessEye-Dogrib.jpg	default	Minion Character	LidlessEye		Man	Warrior	Lossadan Camp	2	0		4	7			0									U	Unique. -1 to all corruption checks.	playerNDeck
LidlessEye_Dorelas	Dorelas	middle-earth-ccg/lidlesseye/MiddleEarthCCG-LidlessEye-Dorelas.jpg	default	Minion Character	LidlessEye		Man	Warrior/Sage	Lond Galen	3	1		2	7			1									U	Unique.	playerNDeck
LidlessEye_DunlendingSpy	Dunlending Spy	middle-earth-ccg/lidlesseye/MiddleEarthCCG-LidlessEye-DunlendingSpy.jpg	default	Minion Character	LidlessEye		Man	Scout	Bree	1	0		2	8			0									U	Unique.	playerNDeck
LidlessEye_DwartheRingwraith	Dwar the Ringwraith	middle-earth-ccg/lidlesseye/MiddleEarthCCG-LidlessEye-DwarTheRingwraith.jpg	default	Minion Character	LidlessEye		Ringwraith	Warrior/Scout/Sage	Any site in Udun		5		9	10												F1	Unique. Manifestation of Dwar of Waw. Can use sorcery. -3 direct influence in Heralded Lord mode. -1 prowess in Fell Rider mode. As your Ringwraith, if at a Darkhaven, he may tap to give +1 prowess and +1 body to all characters in any one of your com	playerNDeck
LidlessEye_Eradan	Eradan	middle-earth-ccg/lidlesseye/MiddleEarthCCG-LidlessEye-Eradan.jpg	default	Minion Character	LidlessEye		Dunadan	Scout/Ranger	Sarn Goriwing	4	1		4	8			1									U	Unique.	playerNDeck
LidlessEye_Gorbag	Gorbag	middle-earth-ccg/lidlesseye/MiddleEarthCCG-LidlessEye-Gorbag.jpg	default	Minion Character	LidlessEye		Orc	Warrior/Scout	Minas Morgul	6	0		6	9			2									F1	Unique. Uruk-hai. Leader. Discard on a body check result of 9. +3 direct influence against Orcs and Orc factions.	playerNDeck
LidlessEye_Grishnakh	Grishnakh	middle-earth-ccg/lidlesseye/MiddleEarthCCG-LidlessEye-Grishnakh.jpg	default	Minion Character	LidlessEye		Orc	Warrior/Scout	Any site in Imlad Morgul	3	0		4	8			1									F1	Unique. Uruk-hai. Discard on a body check result of 8.	playerNDeck
LidlessEye_Gulla	Gulla	middle-earth-ccg/lidlesseye/MiddleEarthCCG-LidlessEye-Gulla.jpg	default	Minion Character	LidlessEye		Dwarf	Warrior/Ranger	Carn Dum	4	0		5	8			1									R	Unique. +1 prowess against Orcs and Elves.	playerNDeck
LidlessEye_Hador	Hador	middle-earth-ccg/lidlesseye/MiddleEarthCCG-LidlessEye-Hador.jpg	default	Minion Character	LidlessEye		Dunadan	Warrior/Sage	Dol Guldur	6	1		5	9			2									U	Unique. Can use sorcery.	playerNDeck
LidlessEye_Hendolen	Hendolen	middle-earth-ccg/lidlesseye/MiddleEarthCCG-LidlessEye-Hendolen.jpg	default	Minion Character	LidlessEye		Elf	Sage/Diplomat	Minas Morgul	6	2		3	7			2									R	Unique. May tap to cancel a detainment attack against his company. +2 direct influence against Elves and Elf factions.	playerNDeck
LidlessEye_HoarmuraththeRingwraith	Hoarmurath the Ringwraith	middle-earth-ccg/lidlesseye/MiddleEarthCCG-LidlessEye-HoarmurathTheRingwraith.jpg	default	Minion Character	LidlessEye		Ringwraith	Scout/Ranger/Sage	Any site in Udun		3		8	9												F1	Unique. Manifestation of Hoarmurath of Dir. can use sorcery. +1 direct influence in Heralded Lord mode. +2 prowess in Fell Rider mode. As your Ringwraith, if at a Darkhaven, you may keep one more card than normal in your hand.	playerNDeck
LidlessEye_HorsemanintheNight	Horseman in the Night	middle-earth-ccg/lidlesseye/MiddleEarthCCG-LidlessEye-HorsemanInTheNight.jpg	default	Minion Character	LidlessEye		Man	Warrior/Diplomat	Any Dark-hold	4	2		3	7			1									CB+CS1	+1 direct influence against any faction.	playerNDeck
LidlessEye_IndurtheRingwraith	Indur the Ringwraith	middle-earth-ccg/lidlesseye/MiddleEarthCCG-LidlessEye-IndurTheRingwraith.jpg	default	Minion Character	LidlessEye		Ringwraith	Warrior/Diplomat	Any site in Udun or Imlad Morgul		5		9	10												F1	Unique. Manifestation of Indur Dawndeath. Can use sorcery and spirit-magic. -1 direct influence in Heralded Lord mode. -3 prowess in Fell Rider mode. As your Ringwraith, at the beginning of each of his end-of-turn phases, he may tap to take a magic c	playerNDeck
LidlessEye_Jerrek	Jerrek	middle-earth-ccg/lidlesseye/MiddleEarthCCG-LidlessEye-Jerrek.jpg	default	Minion Character	LidlessEye		Man	Warrior/Scout	Southron Oasis	4	0		5	8			1									F1	Unique. +1 direct influence against any faction playable at Southron Oasis.	playerNDeck
LidlessEye_KhamultheRingwraith	Khamul the Ringwraith	middle-earth-ccg/lidlesseye/MiddleEarthCCG-LidlessEye-KhamulTheRingwraith.jpg	default	Minion Character	LidlessEye		Ringwraith	Warrior/Ranger/Diplomat	Dol Guldur		4		9	9												F1	Unique. Manifestation of Khamul the Easterling. Can use sorcery. -2 direct influence in Heralded Lord mode. +1 prowess in Fell Rider mode. -2 to the body of any Elf character targeted by a strike from Khamul. As your Ringwraith, one Ringwraith follow	playerNDeck
LidlessEye_Lagduf	Lagduf	middle-earth-ccg/lidlesseye/MiddleEarthCCG-LidlessEye-Lagduf.jpg	default	Minion Character	LidlessEye		Orc	Warrior	Any site in Imlad Morgul	3	0		5	8			1									U	Unique. Uruk-hai. Discard on a body check result of 8.	playerNDeck
LidlessEye_Layos	Layos	middle-earth-ccg/lidlesseye/MiddleEarthCCG-LidlessEye-Layos.jpg	default	Minion Character	LidlessEye		Man	Sage/Diplomat	Shrel-Kain	5	2		3	8			2									F1	Unique. +2 direct influence against the Men of Dorwinion faction.	playerNDeck
LidlessEye_LieutenantofAngmar	Lieutenant of Angmar	middle-earth-ccg/lidlesseye/MiddleEarthCCG-LidlessEye-LieutenantOfAngmar.jpg	default	Minion Character	LidlessEye		Troll	Warrior/Scout	Carn Dum	9	1		8	9			3									R	Unique. Olog-hai. Leader. Manifestation of Rogrog. Discard on a body check result of 9. +4 direct influence against Trolls, Orcs, Troll factions, and Orc factions. When he is at Carn Dum, you may keep one more card than normal in your hand.	playerNDeck
LidlessEye_LieutenantofDolGuldur	Lieutenant of Dol Guldur	middle-earth-ccg/lidlesseye/MiddleEarthCCG-LidlessEye-LieutenantOfDolGuldur.jpg	default	Minion Character	LidlessEye		Troll	Warrior/Sage	Dol Guldur	9	3		7	9			3									R	Unique. Olog-hai. Leader. Manifestation of Gorfaur the Lame. Discard on a body check result of 9. +2 direct influence against Trolls, Orcs, Troll factions, and Orc factions. When he is at Dol Guldur, you may keep one more card than normal in your han	playerNDeck
LidlessEye_LieutenantofMorgul	Lieutenant of Morgul	middle-earth-ccg/lidlesseye/MiddleEarthCCG-LidlessEye-LieutenantOfMorgul.jpg	default	Minion Character	LidlessEye		Troll	Warrior/Ranger	Minas Morgul	9	2		8	9			3									R	Unique. Half-troll. Leader. Manifestation of Gothmog. Discard on a body check result of 9. +3 direct influence against Trolls, Orcs, Troll factions, and Orc factions. When he is at Minas Morgul, you may keep one more card than normal in your hand.	playerNDeck
LidlessEye_Luitprand	Luitprand	middle-earth-ccg/lidlesseye/MiddleEarthCCG-LidlessEye-Luitprand.jpg	default	Minion Character	LidlessEye		Man	Scout	Lake-town	1	0		3	7			0									F1	Unique.	playerNDeck
LidlessEye_Muzgash	Muzgash	middle-earth-ccg/lidlesseye/MiddleEarthCCG-LidlessEye-Muzgash.jpg	default	Minion Character	LidlessEye		Orc	Warrior	Any site in Imlad Morgul	2	0		4	8			0									F1	Unique. Uruk-hai. Discard on a body check result of 8.	playerNDeck
LidlessEye_Nain	Nain	middle-earth-ccg/lidlesseye/MiddleEarthCCG-LidlessEye-Nain.jpg	default	Minion Character	LidlessEye		Dwarf	Warrior/Sage	Dol Guldur	3	1		3	7			1									R	Unique. +1 direct influence against Dwarves and Dwarf factions. +1 prowess against Orcs and Elves.	playerNDeck
LidlessEye_NevidoSmod	Nevido Smod	middle-earth-ccg/lidlesseye/MiddleEarthCCG-LidlessEye-NevidoSmod.jpg	default	Minion Character	LidlessEye		Man	Warrior/Ranger	Easterling Camp	4	1		4	8			1									F1	Unique. +2 direct influence against any faction playable at Easterling Camp.	playerNDeck
LidlessEye_Odoacer	Odoacer	middle-earth-ccg/lidlesseye/MiddleEarthCCG-LidlessEye-Odoacer.jpg	default	Minion Character	LidlessEye		Man	Ranger	Woodmen-town	1	0		4	6			0									F1	Unique. +3 direct influence against the Woodmen faction.	playerNDeck
LidlessEye_OldTroll	Old Troll	middle-earth-ccg/lidlesseye/MiddleEarthCCG-LidlessEye-OldTroll.jpg	default	Minion Character	LidlessEye		Troll	Warrior	Any Dark-hold	4	0		5	9			1									U	Discard on a body check result of 8. +1 direct influence against Trolls, Orcs, Troll factions, and Orc factions. -1 to all corruption checks.	playerNDeck
LidlessEye_OrcBrawler	Orc Brawler	middle-earth-ccg/lidlesseye/MiddleEarthCCG-LidlessEye-OrcBrawler.jpg	default	Minion Character	LidlessEye		Orc	Warrior	Any Dark-hold	1	0		3	8			0									CB+CS1	Discard on a body check result of 7 or 8. -1 to all corruption checks.	playerNDeck
LidlessEye_OrcCaptain	Orc Captain	middle-earth-ccg/lidlesseye/MiddleEarthCCG-LidlessEye-OrcCaptain.jpg	default	Minion Character	LidlessEye		Orc	Warrior	Any Dark-hold	5	0		5	8			2									U+F1	Leader. Discard on a body check result of 8. +3 direct influence against Orcs and Orc factions.	playerNDeck
LidlessEye_OrcChieftain	Orc Chieftain	middle-earth-ccg/lidlesseye/MiddleEarthCCG-LidlessEye-OrcChieftain.jpg	default	Minion Character	LidlessEye		Orc	Warrior	Any Dark-hold	4	0		4	8			1									U+F1	Leader. Discard on a body check result of 8. +3 direct influence against Orcs and Orc factions.	playerNDeck
LidlessEye_OrcSniffler	Orc Sniffler	middle-earth-ccg/lidlesseye/MiddleEarthCCG-LidlessEye-OrcSniffler.jpg	default	Minion Character	LidlessEye		Orc	Warrior/Scout	Any Dark-hold	2	0		2	8			0									CB+CS1	Discard on a body check result of 7 or 8. -1 to all corruption checks.	playerNDeck
LidlessEye_OrcTracker	Orc Tracker	middle-earth-ccg/lidlesseye/MiddleEarthCCG-LidlessEye-OrcTracker.jpg	default	Minion Character	LidlessEye		Orc	Warrior/Ranger	Any Dark-hold	3	0		3	8			1									CB+F5	Discard on a body check result of 7 or 8. -1 to all corruption checks.	playerNDeck
LidlessEye_OrcVeteran	Orc Veteran	middle-earth-ccg/lidlesseye/MiddleEarthCCG-LidlessEye-OrcVeteran.jpg	default	Minion Character	LidlessEye		Orc	Warrior	Any Dark-hold	2	0		4	8			0									CB+F5	Discard on a body check result of 8. -1 to all corruption checks.	playerNDeck
LidlessEye_Ostisen	Ostisen	middle-earth-ccg/lidlesseye/MiddleEarthCCG-LidlessEye-Ostisen.jpg	default	Minion Character	LidlessEye		Man	Scout	Vale of Erech	2	0		3	9			0									F1	Unique.	playerNDeck
LidlessEye_PonOpar	Pon Opar	middle-earth-ccg/lidlesseye/MiddleEarthCCG-LidlessEye-PonOpar.jpg	default	Minion Character	LidlessEye		Man	Warrior/Ranger/Sage	Southron Oasis	6	1		5	8			2									F1	Unique. +2 direct influence against any faction playable at Southron Oasis.	playerNDeck
LidlessEye_Radbug	Radbug	middle-earth-ccg/lidlesseye/MiddleEarthCCG-LidlessEye-Radbug.jpg	default	Minion Character	LidlessEye		Orc	Warrior/Ranger	Any site in Imlad Morgul	4	0		5	8			1									U	Unique. Uruk-hai. Discard on a body check result of 8.	playerNDeck
LidlessEye_RentheRingwraith	Ren the Ringwraith	middle-earth-ccg/lidlesseye/MiddleEarthCCG-LidlessEye-RenTheRingwraith.jpg	default	Minion Character	LidlessEye		Ringwraith	Sage/Diplomat	Any site in Gorgoroth		4		8	10												F1	Unique. Manifestation of Ren the Unclean. Can use sorcery and shadow-magic. -2 direct influence in Heralded Lord mode. +2 prowess in Fell Rider mode. As your Ringwraith, if at a Darkhaven, he may tap during your organization phase to modify all corru	playerNDeck
LidlessEye_Shagrat	Shagrat	middle-earth-ccg/lidlesseye/MiddleEarthCCG-LidlessEye-Shagrat.jpg	default	Minion Character	LidlessEye		Orc	Warrior/Ranger	Cirith Ungol	6	0		6	9			2									F1	Unique. Uruk-hai. Leader. Discard on a body check result of 9. +4 direct influence against Orcs and Orc factions.	playerNDeck
LidlessEye_Shamas	Shamas	middle-earth-ccg/lidlesseye/MiddleEarthCCG-LidlessEye-Shamas.jpg	default	Minion Character	LidlessEye		Man	Warrior/Diplomat	Dunnish Clan-hold	3	1		2	8			1									R	Unique. +1 direct influence against Man factions. Additionally, +2 direct influence against the Dunlendings faction.	playerNDeck
LidlessEye_Snaga	Snaga	middle-earth-ccg/lidlesseye/MiddleEarthCCG-LidlessEye-Snaga.jpg	default	Minion Character	LidlessEye		Orc	Warrior	Any site in Imlad Morgul	4	0		5	9			1									R	Unique. Uruk-hai. Discard on a body check result of 9.	playerNDeck
LidlessEye_Tarcil	Tarcil	middle-earth-ccg/lidlesseye/MiddleEarthCCG-LidlessEye-Tarcil.jpg	default	Minion Character	LidlessEye		Dunadan	Warrior/Ranger/Diplomat	Minas Morgul	6	2		4	8			2									R	Unique.	playerNDeck
LidlessEye_TheMouth	The Mouth	middle-earth-ccg/lidlesseye/MiddleEarthCCG-LidlessEye-TheMouth.jpg	default	Minion Character	LidlessEye		Man	Warrior/Diplomat	Barad-dur	9	4		6	8			3									R	Unique. Manifestation of Mouth of Sauron. +2 direct influence against any faction. Tap during your organization phase to move one resource or character from your discard pile to your play deck and reshuffle. Return The Mouth to your hand when Mouth o	playerNDeck
LidlessEye_TheWitchking	The Witch-king	middle-earth-ccg/lidlesseye/MiddleEarthCCG-LidlessEye-TheWitchKing.jpg	default	Minion Character	LidlessEye		Ringwraith	Warrior/Sage/Diplomat	Any site in Imlad Morgul		3		9	12												F2	Unique. Manifestation of The Witch-king of Angmar. Can use spirit-magic and shadow-magic. +3 direct influence in Heralded Lord mode. +1 prowess in Fell Rider mode. As your Ringwraith, up to two Ringwraith followers in his company may be controlled wi	playerNDeck
LidlessEye_Threlin	Threlin	middle-earth-ccg/lidlesseye/MiddleEarthCCG-LidlessEye-Threlin.jpg	default	Minion Character	LidlessEye		Dwarf	Warrior/Diplomat	Minas Morgul	5	2		4	7			2									R	Unique. +2 direct influence against Dwarves and Dwarf factions. +1 prowess agaiest Orcs and Elves.	playerNDeck
LidlessEye_TrollLout	Troll Lout	middle-earth-ccg/lidlesseye/MiddleEarthCCG-LidlessEye-TrollLout.jpg	default	Minion Character	LidlessEye		Troll	Warrior	Any Dark-hold	3	0		4	9			1									CB+CS1	Discard on a body check result of 8. -1 to all corruption checks.	playerNDeck
LidlessEye_Trollchief	Troll-chief	middle-earth-ccg/lidlesseye/MiddleEarthCCG-LidlessEye-TrollChief.jpg	default	Minion Character	LidlessEye		Troll	Warrior	Any Dark-hold	6	0		6	9			2									U+F1	Olog-hai. Leader. Discard on a body check result of 9. +3 direct influence against Trolls, Orcs, Troll factions, and Orc factions.	playerNDeck
LidlessEye_TrosHesnef	Tros Hesnef	middle-earth-ccg/lidlesseye/MiddleEarthCCG-LidlessEye-TrosHesnef.jpg	default	Minion Character	LidlessEye		Man	Warrior	Easterling Camp	2	0		5	7			0									U	Unique. +1 direct influence against any faction playable at Easterling Camp. -1 to all corruption checks.	playerNDeck
LidlessEye_Uchel	Uchel	middle-earth-ccg/lidlesseye/MiddleEarthCCG-LidlessEye-Uchel.jpg	default	Minion Character	LidlessEye		Man	Ranger	Cameth Brin	1	0		2	7			0									U	Unique. +4 direct influence against the Hillmen faction.	playerNDeck
LidlessEye_Ufthak	Ufthak	middle-earth-ccg/lidlesseye/MiddleEarthCCG-LidlessEye-Ufthak.jpg	default	Minion Character	LidlessEye		Orc	Warrior/Scout/Ranger	Any site in Imlad Morgul	4	0		4	8			1									R	Unique. Uruk-hai. Discard on a body check result of 8.	playerNDeck
LidlessEye_UlkaurtheTongueless	Ulkaur the Tongueless	middle-earth-ccg/lidlesseye/MiddleEarthCCG-LidlessEye-UlkaurTheTongueless.jpg	default	Minion Character	LidlessEye		Troll	Warrior	Barad-dur	5	0		6	9			2									R	Unique. Olog-hai. Leader. Discard on a body check result of 9. +2 direct influence against Trolls, Orcs, Troll factions, and Orc factions. -1 to all corruption checks.	playerNDeck
LidlessEye_UvathatheRingwraith	Uvatha the Ringwraith	middle-earth-ccg/lidlesseye/MiddleEarthCCG-LidlessEye-UvathaTheRingwraith.jpg	default	Minion Character	LidlessEye		Ringwraith	Warrior/Scout/Ranger	Any site in Khand		5		9	9												F1	Unique. Manifestation of Uvatha the Horseman. Can use spirit-magic. -3 direct influence in Heralded Lord mode. -1 prowess in Fell Rider mode. He may join another Ringwraith's company during your organization phase and requires no influence to control	playerNDeck
LidlessEye_ALittleGoldRing	A Little Gold Ring	middle-earth-ccg/lidlesseye/MiddleEarthCCG-LidlessEye-ALittleGoldRing.jpg	default	Minion Resource	LidlessEye	Gold Ring Item											2				4					CB+CS1	May only be played at Bag End or a Ruins & Lairs [{R}] where gold rings are playable. Bearer must make a corruption check at the end of each of his untap phases. Discard this ring when tested. If tested, obtain a random value to determine which ring	playerNDeck
LidlessEye_AMaladyWithoutHealing	A Malady Without Healing	middle-earth-ccg/lidlesseye/MiddleEarthCCG-LidlessEye-AMaladyWithoutHealing.jpg	default	Minion Resource	LidlessEye	Short-event													Shadow-magic							R	Magic. Shadow-magic. Playable during the site phase on a non-Ringwraith, non-Wizard character at the same site as a shadow-magic-using character. Target character must make a corruption check modified by -1 followed by a body check (modified by +1 if	playerNDeck
LidlessEye_ANicePlacetoHide	A Nice Place to Hide	middle-earth-ccg/lidlesseye/MiddleEarthCCG-LidlessEye-ANicePlaceToHide.jpg	default	Minion Resource	LidlessEye	Short-event																				CB+CS1	Scout only. Tap scout to cancel an attack against the his company.	playerNDeck
LidlessEye_AdunaphelUnleashed	Adunaphel Unleashed	middle-earth-ccg/lidlesseye/MiddleEarthCCG-LidlessEye-AdunaphelUnleashed.jpg	default	Minion Resource	LidlessEye	Short-event																				R	Playable on any attack against Adunaphel the Ringwraith (as your Ringwraith) if she is the only character in her company. The number of strikes of the attack is reduced to one and the attack's body is modified by -2. Alternatively, playable on any at	playerNDeck
LidlessEye_AgburanarRoused	Agburanar Roused	middle-earth-ccg/lidlesseye/MiddleEarthCCG-LidlessEye-AgburanarRoused.jpg	default	Minion Resource	LidlessEye	Dragon Faction											4									R	Unique. Manifestation of Agburanar. Playable at Caves of Ulund if the influence check is greater than 12. Modifications: influencer discards a major item (+3) or a greater item (+6). All attacks by manifestations of Agburanar against any of your comp	playerNDeck
LidlessEye_AkhorahilUnleashed	Akhorahil Unleashed	middle-earth-ccg/lidlesseye/MiddleEarthCCG-LidlessEye-AkhorahilUnleashed.jpg	default	Minion Resource	LidlessEye	Short-event																				R	Playable on Akhorahil the Ringwraith (as your Ringwraith). You may take a magic card from your play deck or discard pile to your hand (reshuffle play deck if searched).	playerNDeck
LidlessEye_AllThoughtBentuponIt	All Thought Bent upon It	middle-earth-ccg/lidlesseye/MiddleEarthCCG-LidlessEye-AllThoughtBentUponIt.jpg	default	Minion Resource	LidlessEye	Short-event																				U	Sage only. Playable during the site phase on an untapped sage at a site where Information is playable. Tap the sage and the site. Search your play deck and choose a item you must reveal to your opponent. Place the item in your hand and reshuffle your	playerNDeck
LidlessEye_AnUntimelyWhisper	An Untimely Whisper	middle-earth-ccg/lidlesseye/MiddleEarthCCG-LidlessEye-AnUntimelyWhisper.jpg	default	Minion Resource	LidlessEye	Short-event																				U	Opponent reveals to you 5 random cards at once from his hand.	playerNDeck
LidlessEye_AwaitingtheCall	Awaiting the Call	middle-earth-ccg/lidlesseye/MiddleEarthCCG-LidlessEye-AwaitingTheCall.jpg	default	Minion Resource	LidlessEye	Permanent-event																				U	Playable during the organization phase on a character with a mind of 6 or less at a non-Darkhaven. For the purposes of controlling this character, his mind is halved (round down). Discard this card when the character moves. Cannot be duplicated on a	playerNDeck
LidlessEye_BacktotheFray	Back to the Fray	middle-earth-ccg/lidlesseye/MiddleEarthCCG-LidlessEye-BackToTheFray.jpg	default	Minion Resource	LidlessEye	Short-event																				U	Each player may remove any number of characters from his discard pile and shuffle them into his play deck.	playerNDeck
LidlessEye_BadetoRule	Bade to Rule	middle-earth-ccg/lidlesseye/MiddleEarthCCG-LidlessEye-BadeToRule.jpg	default	Minion Resource	LidlessEye	Permanent-event																				CB+CS1	Playable at a Darkhaven during the organization phase on your Ringwraith. -2 to his direct influence. +5 general influence. You may discard this card during any of your organization phases. Discard this card if your Ringwraith moves. Alternatively, p	playerNDeck
LidlessEye_Balchoth	Balchoth	middle-earth-ccg/lidlesseye/MiddleEarthCCG-LidlessEye-Balchoth.jpg	default	Minion Resource	LidlessEye	Man Faction											2									R	Unique. Playable at Raider-hold if the influence check is greater than 8. Standard Modifications: Easterlings (+2), Men of Dorwinion (-2).	playerNDeck
LidlessEye_Beornings2	Beornings *	middle-earth-ccg/lidlesseye/MiddleEarthCCG-LidlessEye-Beornings.jpg	default	Minion Resource	LidlessEye	Man Faction											3									R	Unique. Manifestation of hero Beornings. Playable at Beorn's House if the influence check is greater than 9.	playerNDeck
LidlessEye_Bindingring	Binding-ring	middle-earth-ccg/lidlesseye/MiddleEarthCCG-LidlessEye-BindingRing.jpg	default	Minion Resource	LidlessEye	Minor Item															2					R	Mind Ring. -1 to mind to a minimum of 1, +1 to prowess. Cannot be duplicated on a given character.	playerNDeck
LidlessEye_BitterCold	Bitter Cold	middle-earth-ccg/lidlesseye/MiddleEarthCCG-LidlessEye-BitterCold.jpg	default	Minion Resource	LidlessEye	Short-event													Sorcery							R	Magic. Sorcery. Playable on a sorcery-using character. All attacks against the character's company suffer a -1 modification to prowess and body this turn. Unless he is a Ringwraith, character makes a corruption check modified by -4.	playerNDeck
LidlessEye_BlackMace	Black Mace	middle-earth-ccg/lidlesseye/MiddleEarthCCG-LidlessEye-BlackMace.jpg	default	Minion Resource	LidlessEye	Greater Item											2				3					U	Weapon. Warrior only: +3 prowess to a maximum of 10 (+4 to a maximum of 10 against Elves).	playerNDeck
LidlessEye_BlackRain	Black Rain	middle-earth-ccg/lidlesseye/MiddleEarthCCG-LidlessEye-BlackRain.jpg	default	Minion Resource	LidlessEye	Short-event																				R	"Sage only. Playable on an untapped sage during the site phase at a Ruins & Lairs [{R}] in a Wilderness [{w}]. Opponent must reveal to you a non-Ringwraith, non-Wizard character from his hand if available; otherwise, he must reveal his entire hand. If"	playerNDeck
LidlessEye_BlackRider	Black Rider	middle-earth-ccg/lidlesseye/MiddleEarthCCG-LidlessEye-BlackRider.jpg	default	Minion Resource	LidlessEye	Permanent-event																				CB+CS1	Black Rider mode. Playable at a Darkhaven during the organization phase on your Ringwraith's own company. The company may move to a non-Darkhaven site. Discard this card and any other Ringwraith followers in the company during any of your following o	playerNDeck
LidlessEye_BlackTrolls	Black Trolls	middle-earth-ccg/lidlesseye/MiddleEarthCCG-LidlessEye-BlackTrolls.jpg	default	Minion Resource	LidlessEye	Troll Faction											1									U	Unique. Playable at Cirith Gorgor or Barad-dur if the influence check is greater than 10. Once in play, the number required to influence this faction is 0. If this influence attempt is made by an Orc or Troll leader, you may place this faction under	playerNDeck
LidlessEye_BlackhideShield	Black-hide Shield	middle-earth-ccg/lidlesseye/MiddleEarthCCG-LidlessEye-BlackHideShield.jpg	default	Minion Resource	LidlessEye	Minor Item															1					CB+CS1	Shield. +1 to body to a maximum of 9.	playerNDeck
LidlessEye_BlackmailCoat	Black-mail Coat	middle-earth-ccg/lidlesseye/MiddleEarthCCG-LidlessEye-BlackMailCoat.jpg	default	Minion Resource	LidlessEye	Major Item											1				1					CB+CS1	Armor. Warrior only: +2 to body to a maximum of 9.	playerNDeck
LidlessEye_Blackbole	Blackbole	middle-earth-ccg/lidlesseye/MiddleEarthCCG-LidlessEye-Blackbole.jpg	default	Minion Resource	LidlessEye	Ally				3			5	9			2									R	Unique. Playable at any site in Western Mirkwood, Heart of Mirkwood, or Southern Mirkwood (except Dol Guldur). May not face any strike at a site or from an automatic-attack. {cyan} UEP: Unique. Playable at any non-haven site in Western Mirkwood, Hear	playerNDeck
LidlessEye_BlazonoftheEye	Blazon of the Eye	middle-earth-ccg/lidlesseye/MiddleEarthCCG-LidlessEye-BlazonOfTheEye.jpg	default	Minion Resource	LidlessEye	Minor Item															1					CB+CS1	+2 to direct influence against factions. Cannot be duplicated on a given character.	playerNDeck
LidlessEye_BlowTurned	Blow Turned	middle-earth-ccg/lidlesseye/MiddleEarthCCG-LidlessEye-BlowTurned.jpg	default	Minion Resource	LidlessEye	Short-event																				CB+CS1	Warrior only. Warrior does not tap against one strike. If wounded by the strike, his body check is modified by -1.	playerNDeck
LidlessEye_BoldThrust	Bold Thrust	middle-earth-ccg/lidlesseye/MiddleEarthCCG-LidlessEye-BoldThrust.jpg	default	Minion Resource	LidlessEye	Short-event																				CB+CS1	Warrior only. Warrior receives +3 to prowess and -1 to body against one strike.	playerNDeck
LidlessEye_BrightGoldRing	Bright Gold Ring	middle-earth-ccg/lidlesseye/MiddleEarthCCG-LidlessEye-BrightGoldRing.jpg	default	Minion Resource	LidlessEye	Gold Ring Item											2				4					U	May only be played at a Free-hold [{F}] where gold rings are playable. Bearer must make a corruption check at the end of each of his untap phases. Discard Bright Gold Ring when tested. If tested, obtain a random value to determine which ring card may	playerNDeck
LidlessEye_BroadheadedSpear	Broad-headed Spear	middle-earth-ccg/lidlesseye/MiddleEarthCCG-LidlessEye-BroadHeadedSpear.jpg	default	Minion Resource	LidlessEye	Major Item											1				1					CB+CS1	Weapon. Warrior only: +2 to prowess to a maximum of 8.	playerNDeck
LidlessEye_BurningRickCotandTree	Burning Rick, Cot, and Tree	middle-earth-ccg/lidlesseye/MiddleEarthCCG-LidlessEye-BurningRickCotAndTree.jpg	default	Minion Resource	LidlessEye	Permanent-event											2									U	Playable at an already tapped Border-hold [{B}] during the site phase. The company faces two attacks (Men - 4 strikes with 7 prowess, 1 strike with 9 prowess). If no characters are untapped after the attack, discard this card. Otherwise, you may tap	playerNDeck
LidlessEye_BytheRingwraithsWord	By the Ringwraith's Word	middle-earth-ccg/lidlesseye/MiddleEarthCCG-LidlessEye-ByTheRingwraithsWord.jpg	default	Minion Resource	LidlessEye	Permanent-event																				CB	Playable during the organization phase on one of your other characters at the same Darkhaven as your Ringwraith. The character: becomes a leader (if not already),  receives +4 direct influence against characters in his company, and cannot be discarde	playerNDeck
LidlessEye_CatchanElusiveScent	Catch an Elusive Scent	middle-earth-ccg/lidlesseye/MiddleEarthCCG-LidlessEye-CatchAnElusiveScent.jpg	default	Minion Resource	LidlessEye	Short-event																				U	Scout only. Playable during the site phase on an untapped scout. Tap the scout. Another character in his company may play any minor, major, or gold ring item normally playable at the site. This does not tap the site, and Catch an Elusive Scent can be	playerNDeck
LidlessEye_ComeByNightUponThem	Come By Night Upon Them	middle-earth-ccg/lidlesseye/MiddleEarthCCG-LidlessEye-ComeByNightUponThem.jpg	default	Minion Resource	LidlessEye	Short-event																				R	Playable on a Border-hold [{B}]. -1 to the prowess of all automatic-attacks at the site (-2 if Doors of Night is in play). The first item played at the site does not tap the site.	playerNDeck
LidlessEye_CrackintheWall	Crack in the Wall	middle-earth-ccg/lidlesseye/MiddleEarthCCG-LidlessEye-CrackInTheWall.jpg	default	Minion Resource	LidlessEye	Short-event																				U	Sage only. Playable during the organization phase on an untapped sage in a moving company. Tap the sage. Unless the site is in a Free-domain [{f}], no hazard creatures may be played at the company's new site.	playerNDeck
LidlessEye_CrookedPromptings	Crooked Promptings	middle-earth-ccg/lidlesseye/MiddleEarthCCG-LidlessEye-CrookedPromptings.jpg	default	Minion Resource	LidlessEye	Short-event																				CB	Diplomat only. +3 to any one influence check by a character in a diplomat's company or +2 to a corruption check by a character in his company.	playerNDeck
LidlessEye_DeeperShadow	Deeper Shadow	middle-earth-ccg/lidlesseye/MiddleEarthCCG-LidlessEye-DeeperShadow.jpg	default	Minion Resource	LidlessEye	Short-event													Shadow-magic							U	Magic. Shadow-magic. Playable during the movement/hazard phase on a moving shadow-magic-using character. In character's site path, change a Ruins & Lairs [{R}] to a Shadow-hold [{S}] or one Wilderness [{w}] to a Shadow-land [{s}]. Alternatively, decr	playerNDeck
LidlessEye_Diversion	Diversion	middle-earth-ccg/lidlesseye/MiddleEarthCCG-LidlessEye-Diversion.jpg	default	Minion Resource	LidlessEye	Short-event																				CB	Playable on an unwounded character facing an attack. The attack is canceled and the character is wounded (no body check is required).	playerNDeck
LidlessEye_DownDowntoGoblintown	Down Down to Goblin-town	middle-earth-ccg/lidlesseye/MiddleEarthCCG-LidlessEye-DownDownToGoblinTown.jpg	default	Minion Resource	LidlessEye	Short-event																				U	Playable during the organization phase on a moving company. If the company moves to a Ruins & Lairs [{R}], no hazard creatures may be played (by type or name) keyed to regions against his company.	playerNDeck
LidlessEye_Dunlendings2	Dunlendings *	middle-earth-ccg/lidlesseye/MiddleEarthCCG-LidlessEye-Dunlendings.jpg	default	Minion Resource	LidlessEye	Man Faction											4									R	Unique. Manifestation of hero Dunlendings. Playable at Dunnish Clan-hold if the influence check is greater than 9. Standard Modifications: Hillmen (+2).	playerNDeck
LidlessEye_DwarUnleashed	Dwar Unleashed	middle-earth-ccg/lidlesseye/MiddleEarthCCG-LidlessEye-DwarUnleashed.jpg	default	Minion Resource	LidlessEye	Short-event																				R	Playable during the organization phase on Dwar the Ringwraith's company (if Dwar is your Ringwraith). His own company may use region movement this turn. {cyan} UEP: Dwar doesn't have to be in a mode to use this card.	playerNDeck
LidlessEye_DwarvenRingofBarinsTribe2	Dwarven Ring of Barin's Tribe *	middle-earth-ccg/lidlesseye/MiddleEarthCCG-LidlessEye-DwarvenRingOfBarinsTribe.jpg	default	Minion Resource	LidlessEye	Special Item											4				3(5)					R	Unique. Dwarven Ring. Playable only with a Gold Ring and after a test indicates a Dwarven Ring. +2 (+7) direct influence. Values in parentheses apply to a Dwarf bearer. Tap a Dwarf bearer to search your play deck and/or discard pile for a major or go	playerNDeck
LidlessEye_DwarvenRingofBavorsTribe2	Dwarven Ring of Bavor's Tribe *	middle-earth-ccg/lidlesseye/MiddleEarthCCG-LidlessEye-DwarvenRingOfBavorsTribe.jpg	default	Minion Resource	LidlessEye	Special Item											4				3(5)					R	Unique. Dwarven Ring. Playable only with a Gold Ring and after a test indicates a Dwarven Ring. +2 (+7) direct influence. Values in parentheses apply to a Dwarf bearer. Tap a Dwarf bearer to search your play deck and/or discard pile for a greater ite	playerNDeck
LidlessEye_DwarvenRingofDruinsTribe2	Dwarven Ring of Druin's Tribe *	middle-earth-ccg/lidlesseye/MiddleEarthCCG-LidlessEye-DwarvenRingOfDruinsTribe.jpg	default	Minion Resource	LidlessEye	Special Item											4				3(5)					R	Unique. Dwarven Ring. Playable only with a Gold Ring and after a test indicates a Dwarven Ring. +2 (+7) direct influence. Values in parentheses apply to a Dwarf bearer. Tap a Dwarf bearer to search your play deck and/or discard pile for a greater ite	playerNDeck
LidlessEye_DwarvenRingofDurinsTribe2	Dwarven Ring of Durin's Tribe *	middle-earth-ccg/lidlesseye/MiddleEarthCCG-LidlessEye-DwarvenRingOfDurinsTribe.jpg	default	Minion Resource	LidlessEye	Special Item											4				3(5)					R	Unique. Dwarven Ring. Playable only with a Gold Ring and after a test indicates a Dwarven Ring. +2 (+7) direct influence. Values in parentheses apply to a Dwarf bearer. Tap a Dwarf bearer to untap the site where he currently is. Bearer then makes a c	playerNDeck
LidlessEye_DwarvenRingofDwalinsTribe2	Dwarven Ring of Dwalin's Tribe *	middle-earth-ccg/lidlesseye/MiddleEarthCCG-LidlessEye-DwarvenRingOfDwalinsTribe.jpg	default	Minion Resource	LidlessEye	Special Item											4				3(5)					R	Unique. Dwarven Ring. Playable only with a Gold Ring and after a test indicates a Dwarven Ring. +2 (+7) direct influence. Values in parentheses apply to a Dwarf bearer. Tap a Dwarf bearer to search your play deck and/or discard pile for a major or go	playerNDeck
LidlessEye_Easterlings2	Easterlings *	middle-earth-ccg/lidlesseye/MiddleEarthCCG-LidlessEye-Easterlings.jpg	default	Minion Resource	LidlessEye	Man Faction											2									F1	Unique. Manifestation of hero Easterlings. Playable at Easterling Camp if the influence check is greater than 8. Standard Modifications: Balchoth (+2), Wain-easterlings (+2), Men of Dorwinion (-2).	playerNDeck
LidlessEye_FellRider	Fell Rider	middle-earth-ccg/lidlesseye/MiddleEarthCCG-LidlessEye-FellRider.jpg	default	Minion Resource	LidlessEye	Permanent-event																				CB+CS1	"Fell Rider mode. Playable at a Darkhaven during the organization phase on your Ringwraith's own company. +2 prowess, -3 direct influence to your Ringwraith. Discard all allies and Ringwraith followers in the company; none may join the company. Your R"	playerNDeck
LidlessEye_FocusPalantir	Focus Palantir	middle-earth-ccg/lidlesseye/MiddleEarthCCG-LidlessEye-FocusPalantir.jpg	default	Minion Resource	LidlessEye	Permanent-event																				U	Sage only. Playable on a Palantir with a sage in the company. The bearer of the Palantir now has the ability to use the Palantir. Discard Focus Palantir if the Palantir's company moves.	playerNDeck
LidlessEye_ForcedMarch	Forced March	middle-earth-ccg/lidlesseye/MiddleEarthCCG-LidlessEye-ForcedMarch.jpg	default	Minion Resource	LidlessEye	Short-event																				CB+CS1	Playable at the end of the movement/hazard phase on a company that moved to a Darkhaven. The company may move to an additional site this turn. Another site card may be played and another movement/hazard phase immediately follows for that company.	playerNDeck
LidlessEye_FoulTrophies	Foul Trophies	middle-earth-ccg/lidlesseye/MiddleEarthCCG-LidlessEye-FoulTrophies.jpg	default	Minion Resource	LidlessEye	Permanent-event																				R	Playable on an untapped Orc or Troll character in a company that has just defeated an attack by Elves, Dwarves, Dunedain, or Men. Tap the character. Discard this card to modify another attack by Elves, Dwarves, Dunedain, or Men against the character'	playerNDeck
LidlessEye_FoulsmellingPaste	Foul-smelling Paste	middle-earth-ccg/lidlesseye/MiddleEarthCCG-LidlessEye-FoulSmellingPaste.jpg	default	Minion Resource	LidlessEye	Minor Item															1					CB+CS1	The bearer can discard this item to heal a wounded character in his company and change the character's status from wounded to well and untapped.	playerNDeck
LidlessEye_FreezetheFlesh	Freeze the Flesh	middle-earth-ccg/lidlesseye/MiddleEarthCCG-LidlessEye-FreezeTheFlesh.jpg	default	Minion Resource	LidlessEye	Permanent-event													Shadow-magic							R	Magic. Shadow-magic. Playable on a character that was eliminated by a body check this turn if a shadow-magic-using character is in his company. Return the character to the company and tap him. Target character has -2 mind to a minimum of 1, -1 prowes	playerNDeck
LidlessEye_GiftsasGivenofOld	Gifts as Given of Old	middle-earth-ccg/lidlesseye/MiddleEarthCCG-LidlessEye-GiftsAsGivenOfOld.jpg	default	Minion Resource	LidlessEye	Short-event																				CB+CS1	Provides +3 to an influence attempt against a faction.	playerNDeck
LidlessEye_GleamingGoldRing	Gleaming Gold Ring	middle-earth-ccg/lidlesseye/MiddleEarthCCG-LidlessEye-GleamingGoldRing.jpg	default	Minion Resource	LidlessEye	Gold Ring Item											2				4					CB+CS1	May only be played at a Border-hold [{B}] where gold rings are playable. Bearer must make a corruption check at the end of each of his untap phases. Discard this ring when tested. If tested, obtain a random value to determine which ring card may be i	playerNDeck
LidlessEye_GoblinsofGoblingate	Goblins of Goblin-gate	middle-earth-ccg/lidlesseye/MiddleEarthCCG-LidlessEye-GoblinsOfGoblinGate.jpg	default	Minion Resource	LidlessEye	Orc Faction											2									F1	Unique. Playable at Goblin-gate if the influence check is greater than 8. Once in play, the number required to influence this faction is zero. Standard Modifications: Grey Mountain Goblins (+2).	playerNDeck
LidlessEye_GoldChainsintheWind	Gold Chains in the Wind	middle-earth-ccg/lidlesseye/MiddleEarthCCG-LidlessEye-GoldChainsInTheWind.jpg	default	Minion Resource	LidlessEye	Short-event													Shadow-magic							R	Magic. Shadow-magic. Playable on a shadow-magic-using character facing an attack before strikes are assigned. An ally with a prowess of 5 is created which leaves the  game when the attack is finished. In all cases, the ally must face one of the attac	playerNDeck
LidlessEye_GoldRingthatSauronFancies	Gold Ring that Sauron Fancies	middle-earth-ccg/lidlesseye/MiddleEarthCCG-LidlessEye-GoldRingThatSauronFancies.jpg	default	Minion Resource	LidlessEye	Gold Ring Item											2				4					CB+CS1	May only be played at Bag End or a Ruins & Lairs [{R}] where gold rings are playable. Bearer must make a corruption check at the end of each of his untap phases. Discard this ring when tested. If tested, obtain a random value to determine which ring	playerNDeck
LidlessEye_GreyMountainGoblins	Grey Mountain Goblins	middle-earth-ccg/lidlesseye/MiddleEarthCCG-LidlessEye-GreyMountainGoblins.jpg	default	Minion Resource	LidlessEye	Orc Faction											3									F1	Unique. Playable at Gondmaeglom if the influence check is greater than 8. Once in play, the number required to influence this faction is zero. Standard Modifications: Orcs of Gundabad (+2), Goblins of Goblin-gate (+2).	playerNDeck
LidlessEye_Halftrolls	Half-trolls	middle-earth-ccg/lidlesseye/MiddleEarthCCG-LidlessEye-HalfTrolls.jpg	default	Minion Resource	LidlessEye	Troll Faction											1									U	Unique. Playable at Cirith Ungol or Barad-dur if the influence check is greater than 9. Once in play, the number required to influence this faction is 0. If this influence attempt is made by an Orc or Troll leader, you may place this faction under th	playerNDeck
LidlessEye_HeraldedLord	Heralded Lord	middle-earth-ccg/lidlesseye/MiddleEarthCCG-LidlessEye-HeraldedLord.jpg	default	Minion Resource	LidlessEye	Permanent-event																				U	Heralded Lord mode. Playable on your Ringwraith's company at a Darkhaven during the organization phase. -2 prowess, +3 direct influence to entire company. His own company may move to a non-Darkhaven site. Discard this card and any other Ringwraith fo	playerNDeck
LidlessEye_HiddenWays	Hidden Ways	middle-earth-ccg/lidlesseye/MiddleEarthCCG-LidlessEye-HiddenWays.jpg	default	Minion Resource	LidlessEye	Short-event																				CB+CS1	Ranger only. Playable during the organization phase on an untapped ranger whose company is moving. Tap the ranger. No hazard creatures may be keyed by type to Wilderness [{w}] against the ranger's company this turn.	playerNDeck
LidlessEye_HideinDarkPlaces	Hide in Dark Places	middle-earth-ccg/lidlesseye/MiddleEarthCCG-LidlessEye-HideInDarkPlaces.jpg	default	Minion Resource	LidlessEye	Short-event																				U	Scout only. Playable during the organization phase on a scout whose company is not moving. All hazard creature attacks against the scout's company this turn are canceled.	playerNDeck
LidlessEye_HighHelm	High Helm	middle-earth-ccg/lidlesseye/MiddleEarthCCG-LidlessEye-HighHelm.jpg	default	Minion Resource	LidlessEye	Major Item											2				2					U	Unique. Helmet. +2 to direct influence. +1 to body to a maximum of 9. Warrior only: +1 to prowess to a maximum of 8.	playerNDeck
LidlessEye_HillTrolls	Hill Trolls	middle-earth-ccg/lidlesseye/MiddleEarthCCG-LidlessEye-HillTrolls.jpg	default	Minion Resource	LidlessEye	Troll Faction											2									R	Unique. Playable at Ettenmoors if the influence check is greater than 9. Once in play, the number required to influence this faction is zero. If this influence attempt is made by an Orc or Troll leader, you may place this faction under the control of	playerNDeck
LidlessEye_Hillmen2	Hillmen	middle-earth-ccg/lidlesseye/MiddleEarthCCG-LidlessEye-Hillmen.jpg	default	Minion Resource	LidlessEye	Man Faction											4									R	Unique. Manifestation of hero Hillmen. Playable at Cameth Brin if the influence check is greater than 10. Standard Modifications: Dunlendings (+2), Angmarim (+2).	playerNDeck
LidlessEye_HoarmurathUnleashed	Hoarmurath Unleashed	middle-earth-ccg/lidlesseye/MiddleEarthCCG-LidlessEye-HoarmurathUnleashed.jpg	default	Minion Resource	LidlessEye	Short-event																				R	Playable on Hoarmuath the Ringwraith (as your Ringwraith). Cancel an attack against any one of your companies.	playerNDeck
LidlessEye_HoneyontheTongue	Honey on the Tongue	middle-earth-ccg/lidlesseye/MiddleEarthCCG-LidlessEye-HoneyOnTheTongue.jpg	default	Minion Resource	LidlessEye	Short-event																				R	Diplomat only. +5 direct influence against characters by a character in a diplomat's company until the end of the turn. Cannot be duplicated on a given character.	playerNDeck
LidlessEye_IllBeAtYourHeels	I'll Be At Your Heels	middle-earth-ccg/lidlesseye/MiddleEarthCCG-LidlessEye-IllBeAtYourHeels.jpg	default	Minion Resource	LidlessEye	Permanent-event																				CB+CS1	Command. Playable on a leader during the organization phase. Return all other command cards on target leader to your hand when this card is played. -2 to leader's direct  influence (to a minimum of 0) and +1 to all corruption checks by characters in	playerNDeck
LidlessEye_IllReportYou	I'll Report You	middle-earth-ccg/lidlesseye/MiddleEarthCCG-LidlessEye-IllReportYou.jpg	default	Minion Resource	LidlessEye	Permanent-event																				CB+CS1	Command. Playable on a leader during the organization phase. Return all other command cards on target leader to your hand when this card is played. -2 to leader's direct influence (to a minimum of 0) and +1 prowess to all characters in his company. Y	playerNDeck
LidlessEye_Iceorcs	Ice-orcs	middle-earth-ccg/lidlesseye/MiddleEarthCCG-LidlessEye-IceOrcs.jpg	default	Minion Resource	LidlessEye	Orc Faction											4									R	Unique. Playable at any Ruins & Lairs [{R}] in Forochel or Withered Heath if the influence check is greater than 10. Once in play, the number required to influence this faction is zero. Standard Modifications: Wargs of the Forochel (+2).	playerNDeck
LidlessEye_IntheNameofMordor	In the Name of Mordor	middle-earth-ccg/lidlesseye/MiddleEarthCCG-LidlessEye-InTheNameOfMordor.jpg	default	Minion Resource	LidlessEye	Short-event																				U	Playable on an untapped character whose company is facing a detainment attack keyed to (by name or type) a Dark-hold [{D}], Dark-domain [{d}], Shadow-hold [{S}], or Shadow-land [{s}]. Tap the character and cancel the attack. Alternatively, this card	playerNDeck
LidlessEye_IndurUnleashed	Indur Unleashed	middle-earth-ccg/lidlesseye/MiddleEarthCCG-LidlessEye-IndurUnleashed.jpg	default	Minion Resource	LidlessEye	Short-event																				R	Playable on any attack against Indur the Ringwraith's own company (if Indur is your Ringwraith). The attack is canceled. Alternatively, playable when Indur the Ringwraith's own company declares an attack (if Indur is your Ringwraith). The attack cann	playerNDeck
LidlessEye_Ironroad	Iron-road	middle-earth-ccg/lidlesseye/MiddleEarthCCG-LidlessEye-IronRoad.jpg	default	Minion Resource	LidlessEye	Short-event																				U	Playable during the organization phase on a moving company at a Darkhaven. Opponent draws twice the normal number of cards for this company during the movement/ hazard phase. At the end of the turn, the company may replace its site card with the Dark	playerNDeck
LidlessEye_KhamulUnleashed	Khamul Unleashed	middle-earth-ccg/lidlesseye/MiddleEarthCCG-LidlessEye-KhamulUnleashed.jpg	default	Minion Resource	LidlessEye	Short-event																				R	Playable on any attack against Khamul the Ringwraith's own company (if Khamul is your Ringwraith). The prowess of the attack is modified by -3. Alternatively, playable on any attack by Khamul the Ringwraith's own company (if Khamul is your Ringwraith	playerNDeck
LidlessEye_KillAllButNOTtheHalflings	Kill All But NOT the Halflings	middle-earth-ccg/lidlesseye/MiddleEarthCCG-LidlessEye-KillAllButNOTTheHalflings.jpg	default	Minion Resource	LidlessEye	Permanent-event											-5									R	Playable during the site phase on a company at Bag End. It faces a Hobbit attack (4 strikes with 6 prowess). If no characters are untapped after the attack, discard this card. Otherwise, you may tap one character in the company and put this card unde	playerNDeck
LidlessEye_LastChildofUngoliant	Last Child of Ungoliant	middle-earth-ccg/lidlesseye/MiddleEarthCCG-LidlessEye-LastChildOfUngoliant.jpg	default	Minion Resource	LidlessEye	Sage Ally				4			11	9			3									R	Unique. Playable at Shelob's Lair. Manifestation of Shelob. Tap this ally to either: cancel one hazard creature attack against a company moving to a site in Imlad Morgul, Ithilien, or Gorgoroth or to discard one hazard permanent-event on such a compa	playerNDeck
LidlessEye_LegItDoubleQuick	Leg It Double Quick	middle-earth-ccg/lidlesseye/MiddleEarthCCG-LidlessEye-LegItDoubleQuick.jpg	default	Minion Resource	LidlessEye	Short-event																				R	Playable at the end of the movement/hazard phase on a moving company. Tap all untapped characters in the company. The company may move to an additional site this turn. Another site card may be played and another movement/hazard phase immediately foll	playerNDeck
LidlessEye_MagicRingofDelusion	Magic Ring of Delusion	middle-earth-ccg/lidlesseye/MiddleEarthCCG-LidlessEye-MagicRingOfDelusion.jpg	default	Minion Resource	LidlessEye	Special Item											2				2					U	Magic Ring. Playable only with a Gold Ring and after a test indicates a Magic Ring. Bearer can use spirit-magic. If the bearer can already use spirit-magic: at the beginning of each of his end-of-turn phases, he may tap to take one spirit-magic card	playerNDeck
LidlessEye_MagicRingofEnigma	Magic Ring of Enigma	middle-earth-ccg/lidlesseye/MiddleEarthCCG-LidlessEye-MagicRingOfEnigma.jpg	default	Minion Resource	LidlessEye	Special Item											2				2					U+F1	Magic Ring. Playable only with a Gold Ring and after a test indicates a Magic Ring. Gives the bearer sage skill. If the bearer is already a sage, he may tap to use a Palantir. Cannot be duplicated on a given character.	playerNDeck
LidlessEye_MagicRingofFury	Magic Ring of Fury	middle-earth-ccg/lidlesseye/MiddleEarthCCG-LidlessEye-MagicRingOfFury.jpg	default	Minion Resource	LidlessEye	Special Item											2				2					U+F1	Magic Ring. Playable only with a Gold Ring and after a test indicates a Magic Ring. Gives the bearer warrior skill. If the bearer is already a warrior, he gets +2 to prowess. Cannot be duplicated on a given character.	playerNDeck
LidlessEye_MagicRingofGuile	Magic Ring of Guile	middle-earth-ccg/lidlesseye/MiddleEarthCCG-LidlessEye-MagicRingOfGuile.jpg	default	Minion Resource	LidlessEye	Special Item											2				2					U+F1	Magic Ring. Playable only with a Gold Ring and after a test indicates a Magic Ring. Gives the bearer scout skill. If the bearer is already a scout, he may tap this item to cancel a strike directed against him. Cannot be duplicated on a given characte	playerNDeck
LidlessEye_MagicRingofLies	Magic Ring of Lies	middle-earth-ccg/lidlesseye/MiddleEarthCCG-LidlessEye-MagicRingOfLies.jpg	default	Minion Resource	LidlessEye	Special Item											2				2					U+F1	Magic Ring. Playable only with a Gold Ring and after a test indicates a Magic Ring. Gives the bearer diplomat skill. If the bearer is already a diplomat, he gets +3 direct influence. Cannot be duplicated on a given character.	playerNDeck
LidlessEye_MagicRingofSavagery	Magic Ring of Savagery	middle-earth-ccg/lidlesseye/MiddleEarthCCG-LidlessEye-MagicRingOfSavagery.jpg	default	Minion Resource	LidlessEye	Special Item											2				2					U+F1	Magic Ring. Playable only with a Gold Ring and after a test indicates a Magic Ring. Gives the bearer ranger skill. If the bearer is already a ranger, he may tap to cancel an attack against his company. Cannot be duplicated on a given character.	playerNDeck
LidlessEye_MagicRingofShadows	Magic Ring of Shadows	middle-earth-ccg/lidlesseye/MiddleEarthCCG-LidlessEye-MagicRingOfShadows.jpg	default	Minion Resource	LidlessEye	Special Item											2				2					U	Magic Ring. Playable only with a Gold Ring and after a test indicates a Magic Ring. Bearer can use shadow-magic. If the bearer can already use shadow-magic: at the  beginning of each of his end-of-turn phases, he may tap to take one shadow-magic card	playerNDeck
LidlessEye_MagicRingofWeals	Magic Ring of Weals	middle-earth-ccg/lidlesseye/MiddleEarthCCG-LidlessEye-MagicRingOfWeals.jpg	default	Minion Resource	LidlessEye	Special Item											2				2					U	Magic Ring. Playable only with a Gold Ring and after a test indicates a Magic Ring. Bearer can use sorcery. If the bearer can already use sorcery: at the beginning of each of his end-of-turn phases, he may tap to take one sorcery card from your disca	playerNDeck
LidlessEye_MenofDorwinion2	Men of Dorwinion *	middle-earth-ccg/lidlesseye/MiddleEarthCCG-LidlessEye-MenOfDorwinion.jpg	default	Minion Resource	LidlessEye	Man Faction											3									F1	Unique. Manifestation of hero Men of Dorwinion. Playable at Shrel-Kain if the influence check is greater than 10. Standard Modifications: Easterlings (-2), Balchoth (-2).	playerNDeck
LidlessEye_MessengerofMordor	Messenger of Mordor	middle-earth-ccg/lidlesseye/MiddleEarthCCG-LidlessEye-MessengerOfMordor.jpg	default	Minion Resource	LidlessEye	Short-event													Spirit-magic							R	Magic. Spirit-magic. Playable on a spirit-magic-using character at a Darkhaven, Shadow-hold [{S}], or Dark-hold [{D}]. Any items and resource events with his company that can be stored at a Darkhaven may now be so stored. Unless he is a Ringwraith, c	playerNDeck
LidlessEye_MinorRing	Minor Ring	middle-earth-ccg/lidlesseye/MiddleEarthCCG-LidlessEye-MinorRing.jpg	default	Minion Resource	LidlessEye	Special Item											2				1					CB+CS1	Lesser Ring. Playable only with a Gold Ring and after a test indicates a Lesser Ring. +2 to direct influence. Cannot be duplicated on a given character.	playerNDeck
LidlessEye_MistyMountainWargs	Misty Mountain Wargs	middle-earth-ccg/lidlesseye/MiddleEarthCCG-LidlessEye-MistyMountainWargs.jpg	default	Minion Resource	LidlessEye	Wolf Faction											2									U	Unique. Playable at Ettenmoors if the influence check is greater than 9. Once in play, the number required to influence this faction is zero. If this influence attempt is made by an Orc or Troll leader, you may place this faction under the control of	playerNDeck
LidlessEye_Morgulblade	Morgul-blade	middle-earth-ccg/lidlesseye/MiddleEarthCCG-LidlessEye-MorgulBlade.jpg	default	Minion Resource	LidlessEye	Permanent-event																				R	Playable on your Ringwraith or a Ringwraith follower. Each strike against the Ringwraith receives -1 body and -1 prowess. Discard Morgul-blade after a strike against the Ringwraith fails. Cannot be duplicated on a given Ringwraith.	playerNDeck
LidlessEye_MotionlessAmongtheSlain	Motionless Among the Slain	middle-earth-ccg/lidlesseye/MiddleEarthCCG-LidlessEye-MotionlessAmongTheSlain.jpg	default	Minion Resource	LidlessEye	Short-event																				R	Playable on an attack. You assign all strikes of the attack regardless of the attack's normal capabilities and character status. +1 to all body checks by your characters  resulting from the attack.	playerNDeck
LidlessEye_NewsMustGetThrough	News Must Get Through	middle-earth-ccg/lidlesseye/MiddleEarthCCG-LidlessEye-NewsMustGetThrough.jpg	default	Minion Resource	LidlessEye	Short-event																				CB+CS1	Playable on a company at a Darkhaven, Shadow-hold [{S}], or Dark-hold [{D}]. Any resource events with the company that can be stored at a Darkhaven may now be so stored.	playerNDeck
LidlessEye_NewsoftheShire	News of the Shire	middle-earth-ccg/lidlesseye/MiddleEarthCCG-LidlessEye-NewsOfTheShire.jpg	default	Minion Resource	LidlessEye	Permanent-event											-3									R	Playable during the site phase on an untapped character at Bag End. Tap the character. No marshalling points are received until this card is stored at Barad-dur during his  organization phase. Only the first News of the Shire stored is worth 3 marsha	playerNDeck
LidlessEye_NoMoreNonsense	No More Nonsense	middle-earth-ccg/lidlesseye/MiddleEarthCCG-LidlessEye-NoMoreNonsense.jpg	default	Minion Resource	LidlessEye	Permanent-event																				R	Playable on a leader during the organization phase. Make a roll (draw a #) for the leader. Choose another character in the company and do the same. If the leader's result plus his prowess is greater than the other character's result plus his prowess,	playerNDeck
LidlessEye_NoNewsofOurRiding	No News of Our Riding	middle-earth-ccg/lidlesseye/MiddleEarthCCG-LidlessEye-NoNewsOfOurRiding.jpg	default	Minion Resource	LidlessEye	Permanent-event											1									R	Playable on an untapped character immediately after his company faces an Elf, Dunedain, or Man hazard creature. Tap the character. The character can later tap to cancel  an Elf, Dunedain, or Man hazard creature attack against his company. Cannot be d	playerNDeck
LidlessEye_NotSlayNeedlessly	Not Slay Needlessly	middle-earth-ccg/lidlesseye/MiddleEarthCCG-LidlessEye-NotSlayNeedlessly.jpg	default	Minion Resource	LidlessEye	Short-event																				U	Playable on an attack by Elves, Dwarves, Dunedain, or Men. Against a covert company, the attack is canceled. Otherwise, -2 to the attack's prowess. Cannot be duplicated on a given attack.	playerNDeck
LidlessEye_Nurniags2	Nurniags *	middle-earth-ccg/lidlesseye/MiddleEarthCCG-LidlessEye-Nurniags.jpg	default	Minion Resource	LidlessEye	Man Faction											2									U	Unique. Playable at Nurniag Camp if the influence check is greater than 9. Standard Modifications: Nuriags (+2), Balchoth (-2), Variags of Khand (+2).	playerNDeck
LidlessEye_OldCache	Old Cache	middle-earth-ccg/lidlesseye/MiddleEarthCCG-LidlessEye-OldCache.jpg	default	Minion Resource	LidlessEye	Short-event																				CB+CS1	Playable on a company at a tapped Dark-hold [{D}], Shadow-hold [{S}], or Ruins & Lairs [{R}]. During the site phase, one or two characters in that company may each tap to take control of a non-unique, non-hoard minor item of the following type: weapo	playerNDeck
LidlessEye_OldPrejudice	Old Prejudice	middle-earth-ccg/lidlesseye/MiddleEarthCCG-LidlessEye-OldPrejudice.jpg	default	Minion Resource	LidlessEye	Long-event																				R	Triple all standard modifications for influence checks against factions.	playerNDeck
LidlessEye_OneDeartoYou	One Dear to You	middle-earth-ccg/lidlesseye/MiddleEarthCCG-LidlessEye-OneDearToYou.jpg	default	Minion Resource	LidlessEye	Permanent-event																				R	Playable on a faction you have in play. -1 faction marshalling points. Any influence attempt against the faction is modified by -8 and Muster may not be used against the faction.	playerNDeck
LidlessEye_OrcQuarrels	Orc Quarrels	middle-earth-ccg/lidlesseye/MiddleEarthCCG-LidlessEye-OrcQuarrels.jpg	default	Minion Resource	LidlessEye	Short-event																				CB+CS1	Playable on an Orc, Troll, or Man attack. The attack is canceled. Alternatively, playable on any attack if Skies of Fire is in play. The number of strikes from the attack is reduced to half of its original number (rounded up).	playerNDeck
LidlessEye_OrcStealth	Orc Stealth	middle-earth-ccg/lidlesseye/MiddleEarthCCG-LidlessEye-OrcStealth.jpg	default	Minion Resource	LidlessEye	Short-event																				U	Orc scout only. Cancel one strike against an Orc scout.	playerNDeck
LidlessEye_Orcdraughts	Orc-draughts	middle-earth-ccg/lidlesseye/MiddleEarthCCG-LidlessEye-OrcDraughts.jpg	default	Minion Resource	LidlessEye	Minor Item															1					CB+CS1	Discard to give +1 prowess to all characters in bearer's company until the end of the turn.	playerNDeck
LidlessEye_Orcliquor	Orc-liquor	middle-earth-ccg/lidlesseye/MiddleEarthCCG-LidlessEye-OrcLiquor.jpg	default	Minion Resource	LidlessEye	Minor Item															1					CB+CS1	Discard to give +2 body (to a maximum of 10) to all characters in bearer's company until the end of the turn.	playerNDeck
LidlessEye_Orcmounts	Orc-mounts	middle-earth-ccg/lidlesseye/MiddleEarthCCG-LidlessEye-OrcMounts.jpg	default	Minion Resource	LidlessEye	Short-event																				R	Playable during the organization phase on a moving overt company. The hazard limit against the company increases by two and the prowess of any hazard creatures played against it this turn is modified by -1. Cannot be duplicated on a given company.	playerNDeck
LidlessEye_OrcsofAngmar	Orcs of Angmar	middle-earth-ccg/lidlesseye/MiddleEarthCCG-LidlessEye-OrcsOfAngmar.jpg	default	Minion Resource	LidlessEye	Orc Faction											2									U	Unique. Playable at Mount Gram if the influence check is greater than 8. Once in play, the number required to influence this faction is zero. Standard Modifications: Morgul-orcs (+2), Orcs of Gundabad (-2).	playerNDeck
LidlessEye_OrcsofGorgoroth	Orcs of Gorgoroth	middle-earth-ccg/lidlesseye/MiddleEarthCCG-LidlessEye-OrcsOfGorgoroth.jpg	default	Minion Resource	LidlessEye	Orc Faction											1									U	Unique. Playable at Barad-dur if the influence check is greater than 8. Once in play, the number required to influence this faction is zero. If this influence attempt is made by an Orc or Troll leader, you may place this faction under the control of	playerNDeck
LidlessEye_OrcsofGundabad	Orcs of Gundabad	middle-earth-ccg/lidlesseye/MiddleEarthCCG-LidlessEye-OrcsOfGundabad.jpg	default	Minion Resource	LidlessEye	Orc Faction											3									F1	Unique. Playable at Mount Gundabad if the influence check is greater than 9. Once in play, the number required to influence this faction is zero. Standard Modifications: Grey Mountain Goblins (+2), Orcs of Angmar (-2).	playerNDeck
LidlessEye_OrcsofMirkwood	Orcs of Mirkwood	middle-earth-ccg/lidlesseye/MiddleEarthCCG-LidlessEye-OrcsOfMirkwood.jpg	default	Minion Resource	LidlessEye	Orc Faction											2									F1	Unique. Playable at Sarn Goriwing if the influence check is greater than 8. Once in play, the number required to influence this faction is zero. Standard Modifications: Orcs of Red Eye (-2), Orcs of Gorgoroth (+2).	playerNDeck
LidlessEye_OrcsofMoria	Orcs of Moria	middle-earth-ccg/lidlesseye/MiddleEarthCCG-LidlessEye-OrcsOfMoria.jpg	default	Minion Resource	LidlessEye	Orc Faction											3									F1	Unique. Playable at Moria if the influence check is greater than 10. Once in play, the number required to influence this faction is zero. Standard Modifications: Goblins of Goblin-gate (+2), Orcs of Dol Guldur (-2).	playerNDeck
LidlessEye_OrcsoftheAshMountains	Orcs of the Ash Mountains	middle-earth-ccg/lidlesseye/MiddleEarthCCG-LidlessEye-OrcsOfTheAshMountains.jpg	default	Minion Resource	LidlessEye	Orc Faction											1									U	Unique. Playable at Cirith Gorgor if the influence check is greater than 8. Once in play, the number required to influence this faction is zero. If this influence attempt is made by an Orc or Troll leader, you may place this faction under the control	playerNDeck
LidlessEye_OrcsoftheEphelDuath	Orcs of the Ephel Duath	middle-earth-ccg/lidlesseye/MiddleEarthCCG-LidlessEye-OrcsOfTheEphelDuath.jpg	default	Minion Resource	LidlessEye	Orc Faction											1									U	Unique. Playable at Cirith Ungol if the influence check is greater than 8. Once in play, the number required to influence this faction is zero. If this influence attempt is made by an Orc or Troll leader, you may place this faction under the control	playerNDeck
LidlessEye_OrcsoftheRedEye	Orcs of the Red Eye	middle-earth-ccg/lidlesseye/MiddleEarthCCG-LidlessEye-OrcsOfTheRedEye.jpg	default	Minion Resource	LidlessEye	Orc Faction											1									U	Unique. Playable at Barad-dur if the influence check is greater than 8. Once in play, the number required to influence this faction is zero. If this influence attempt is made by an Orc or Troll leader, you may place this faction under the control of	playerNDeck
LidlessEye_OrcsofUdun	Orcs of Udun	middle-earth-ccg/lidlesseye/MiddleEarthCCG-LidlessEye-OrcsOfUdun.jpg	default	Minion Resource	LidlessEye	Orc Faction											1									U	Unique. Playable at Cirith Gorgor if the influence check is greater than 8. Once in play, the number required to influence this faction is zero. If this influence attempt is made by an Orc or Troll leader, you may place this faction under the control	playerNDeck
LidlessEye_PalantirofAmonSul2	Palantir of Amon Sul *	middle-earth-ccg/lidlesseye/MiddleEarthCCG-LidlessEye-PalantirOfAmonSul.jpg	default	Minion Resource	LidlessEye	Greater Item											3(5)				3					R	Unique. Palantir. If the bearer's company is ever below 2 characters and it moves, discard this item. With its bearer able to use a Palantir, tap Palantir of Amon Sul to look at your opponent's hand or tap it to use the abilities of either the minion	playerNDeck
LidlessEye_PalantirofAnnuminas2	Palantir of Annuminas *	middle-earth-ccg/lidlesseye/MiddleEarthCCG-LidlessEye-PalantirOfAnnuminas.jpg	default	Minion Resource	LidlessEye	Greater Item											3				3					R	Unique. Palantir. With its bearer able to use a Palantir, tap Palantir of Annuminas to take a sage only card from your play deck and/or discard pile into your hand. Reshuffle your play deck. Bearer then makes a corruption check.	playerNDeck
LidlessEye_PalantirofElostirion2	Palantir of Elostirion *	middle-earth-ccg/lidlesseye/MiddleEarthCCG-LidlessEye-PalantirOfElostirion.jpg	default	Minion Resource	LidlessEye	Special Item											3				3					R	Unique. Palantir. Playable at The White Towers. Discard if the bearer moves. If the bearer is a sage: your hand size increases by one and the bearer is able to use this Palantir this turn if he taps. With its bearer able to use a Palantir, tap Palant	playerNDeck
LidlessEye_PalantirofMinasTirith2	Palantir of Minas Tirith *	middle-earth-ccg/lidlesseye/MiddleEarthCCG-LidlessEye-PalantirOfMinasTirith.jpg	default	Minion Resource	LidlessEye	Special Item											3				3					U	"Unique. Palantir. Playable at Minas Tirith. With its bearer able to use a Palantir, tap Palantir of Minas Tirith to look at the top five cards of your play deck; shuffle these 5 cards and return then to the top of your play deck. Do the same to your "	playerNDeck
LidlessEye_PalantirofOrthanc2	Palantir of Orthanc *	middle-earth-ccg/lidlesseye/MiddleEarthCCG-LidlessEye-PalantirOfOrthanc.jpg	default	Minion Resource	LidlessEye	Special Item											3				3					U	Unique. Palantir. Playable at Isengard. With its bearer able to use a Palantir and with at least 5 cards in your play deck, tap Palantir of Orthanc to choose one card from your discard pile to move to your play deck (reshuffle the play deck). Bearer	playerNDeck
LidlessEye_PalantirofOsgiliath2	Palantir of Osgiliath *	middle-earth-ccg/lidlesseye/MiddleEarthCCG-LidlessEye-PalantirOfOsgiliath.jpg	default	Minion Resource	LidlessEye	Greater Item											3(5)				3					R	Unique. Palantir. If the bearer's company is ever below 4 characters and it moves, discard this item. With its bearer able to use a Palantir, tap Palantir of Osgiliath to force the discard of any hazard permanent-event or to duplicate the effect of a	playerNDeck
LidlessEye_PaltryRing	Paltry Ring	middle-earth-ccg/lidlesseye/MiddleEarthCCG-LidlessEye-PaltryRing.jpg	default	Minion Resource	LidlessEye	Special Item											2				1					CB+CS1	Lesser Ring. Playable only with a Gold Ring and after a test indicates a Lesser Ring. +3 to prowess against detainment attacks. Cannot be duplicated on a given character.	playerNDeck
LidlessEye_PerfectGoldRing	Perfect Gold Ring	middle-earth-ccg/lidlesseye/MiddleEarthCCG-LidlessEye-PerfectGoldRing.jpg	default	Minion Resource	LidlessEye	Gold Ring Item											2				4					R	May only be played at a Dragon's Lair where gold rings are playable. Bearer must make a corruption check at the end of each of his untap phases. Discard this ring when tested. If tested, obtain a random value to determine which ring card may be immed	playerNDeck
LidlessEye_Poison	Poison	middle-earth-ccg/lidlesseye/MiddleEarthCCG-LidlessEye-Poison.jpg	default	Minion Resource	LidlessEye	Minor Item															2					R	Discard to give -1 to the prowess and -2 to the body of one strike against the bearer. Cannot be duplicated against a given strike.	playerNDeck
LidlessEye_PoisonousDespair	Poisonous Despair	middle-earth-ccg/lidlesseye/MiddleEarthCCG-LidlessEye-PoisonousDespair.jpg	default	Minion Resource	LidlessEye	Short-event													Spirit-magic							U	Magic. Spirit-magic. Playable on a spirit-magic-using character in response to an influence attempt against a character, ally, or item in his company. The attempt is canceled. If the character is a Ringwraith, he can also cancel an influence attempt	playerNDeck
LidlessEye_ReadytoHisWill	Ready to His Will	middle-earth-ccg/lidlesseye/MiddleEarthCCG-LidlessEye-ReadyToHisWill.jpg	default	Minion Resource	LidlessEye	Permanent-event											1									R	Playable on an Orc, Troll, Giant, Slayer, or Man hazard creature with one strike for each of its attacks. All attacks of the creature are canceled. The creature becomes an ally under the control of any character in the company that now taps. It has a	playerNDeck
LidlessEye_RedBookofWestmarch2	Red Book of Westmarch *	middle-earth-ccg/lidlesseye/MiddleEarthCCG-LidlessEye-RedBookOfWestmarch.jpg	default	Minion Resource	LidlessEye	Special Item											2(5)				2					U	Unique. Playable at Bag End. May be stored at Barad-dur for 5 marshalling points.	playerNDeck
LidlessEye_RemnantsofOldRobberies	Remnants of Old Robberies	middle-earth-ccg/lidlesseye/MiddleEarthCCG-LidlessEye-RemnantsOfOldRobberies.jpg	default	Minion Resource	LidlessEye	Permanent-event																				R	Playable on a non-Wolves, non-Animals, non-Nazgul hazard creature attack that a company has just defeated. Place this card with the attack's card. The company receives a number of miscellaneous marshalling points equal to the kill marshalling points	playerNDeck
LidlessEye_RenUnleashed	Ren Unleashed	middle-earth-ccg/lidlesseye/MiddleEarthCCG-LidlessEye-RenUnleashed.jpg	default	Minion Resource	LidlessEye	Short-event																				R	Playable on Ren the Ringwraith (as your Ringwraith). All characters at the same site as Ren must make a corruption check modified by -2.	playerNDeck
LidlessEye_RumoroftheOne	Rumor of the One	middle-earth-ccg/lidlesseye/MiddleEarthCCG-LidlessEye-RumorOfTheOne.jpg	default	Minion Resource	LidlessEye	Permanent-event																				R	+1 to the corruption points and the marshalling points for all ring items. Discard when any play deck is exhausted. Cannot be duplicated.	playerNDeck
LidlessEye_Ruse	Ruse	middle-earth-ccg/lidlesseye/MiddleEarthCCG-LidlessEye-Ruse.jpg	default	Minion Resource	LidlessEye	Short-event																				R	Diplomat only. Scout only. Playable on a untapped diplomat in a covert company facing an attack. Tap the diplomat. The attack is canceled. Alternatively, playable on a scout facing an attack. No strikes of the attack may be assigned to the scout.	playerNDeck
LidlessEye_SableShield	Sable Shield	middle-earth-ccg/lidlesseye/MiddleEarthCCG-LidlessEye-SableShield.jpg	default	Minion Resource	LidlessEye	Major Item											2				2					U	Unique. Shield. If a strike against the bearer is successful, he is not wounded. Instead, the attacker makes a roll (draws a #)-if this result is greater than 6, discard Sable Shield.	playerNDeck
LidlessEye_SawtoothedBlade	Saw-toothed Blade	middle-earth-ccg/lidlesseye/MiddleEarthCCG-LidlessEye-SawToothedBlade.jpg	default	Minion Resource	LidlessEye	Minor Item															1					CB+CS1	Weapon. +1 to prowess to a maximum of 8.	playerNDeck
LidlessEye_ScathaRoused	Scatha Roused	middle-earth-ccg/lidlesseye/MiddleEarthCCG-LidlessEye-ScathaRoused.jpg	default	Minion Resource	LidlessEye	Dragon Faction											5									R	Unique. Manifestation of Scatha. Playable at Gondmaeglom if the influence check is greater than 13. Modifications: influencer discards a major item (+3) or a greater item (+6). All attacks by manifestations of Scatha against any of your companies are	playerNDeck
LidlessEye_ScorbaRoused	Scorba Roused	middle-earth-ccg/lidlesseye/MiddleEarthCCG-LidlessEye-ScorbaRoused.jpg	default	Minion Resource	LidlessEye	Dragon Faction											3									R	Unique. Manifestation of Scorba. Playable at Zarak Dum if the influence check is greater than 11. Modifications: influencer discards a major item (+3) or a greater item (+6). All attacks by manifestations of Scorba against any of your companies are c	playerNDeck
LidlessEye_ScrollofIsildur2	Scroll of Isildur *	middle-earth-ccg/lidlesseye/MiddleEarthCCG-LidlessEye-ScrollOfIsildur.jpg	default	Minion Resource	LidlessEye	Greater Item											3(5)				4					U	Unique. When a Gold Ring is tested in a company bearing the Scroll of Isildur, the random value obtained is modified by +1. May be stored at Barad-dur for 5 marshalling points.	playerNDeck
LidlessEye_SecretsofTheirForging	Secrets of Their Forging	middle-earth-ccg/lidlesseye/MiddleEarthCCG-LidlessEye-SecretsOfTheirForging.jpg	default	Minion Resource	LidlessEye	Short-event																				U	Sage only. Playable on a sage during the site phase at a site where Information is playable if a character in his company has a gold ring item. Tap the sage and the site. You may replace the gold ring with a special item ring from your hand (except f	playerNDeck
LidlessEye_SeizePrisoners	Seize Prisoners	middle-earth-ccg/lidlesseye/MiddleEarthCCG-LidlessEye-SeizePrisoners.jpg	default	Minion Resource	LidlessEye	Permanent-event											-2									CB+CS1	Playable during the site phase at an already tapped Free-hold [{F}]. The company faces an attack (attack type as first automatic-attack at site-3 strikes with 8 prowess). If no characters are untapped after the attack, discard Seize Prisoners. Otherw	playerNDeck
LidlessEye_Shadowcloak	Shadow-cloak	middle-earth-ccg/lidlesseye/MiddleEarthCCG-LidlessEye-ShadowCloak.jpg	default	Minion Resource	LidlessEye	Minor Item															1					U	Tap Shadow-cloak to cancel one hazard creature strike against bearer keyed by type to a Shadow-land [{s}], Shadow-hold [{S}], Dark-domain [{d}], or Dark-hold [{D}]. Cannot be duplicated on a given character.	playerNDeck
LidlessEye_SkiesofFire	Skies of Fire	middle-earth-ccg/lidlesseye/MiddleEarthCCG-LidlessEye-SkiesOfFire.jpg	default	Minion Resource	LidlessEye	Permanent-event																				CB	Environment. When Skies of Fire is played, all hazard environment cards in play are immediately discarded, and all hazard environment effects are canceled. This card acts as Gates of Morning for the purposes of interpreting hazards. Cannot be duplica	playerNDeck
LidlessEye_SmartandSecret	Smart and Secret	middle-earth-ccg/lidlesseye/MiddleEarthCCG-LidlessEye-SmartAndSecret.jpg	default	Minion Resource	LidlessEye	Permanent-event																				CB+CS1	Command. Playable on a leader during the organization phase. Return all other command cards on target leader to your hand when this card is played. -2 to Leader's direct influence (to a minimum of 0) and +1 body to all characters in his company. You	playerNDeck
LidlessEye_SmaugRoused	Smaug Roused	middle-earth-ccg/lidlesseye/MiddleEarthCCG-LidlessEye-SmaugRoused.jpg	default	Minion Resource	LidlessEye	Dragon Faction											5									R	Unique. Manifestation of Smaug. Playable at The Lonely Mountain if the influence check is greater than 12. Modifications: influencer discards a major item (+3) or a greater item (+6). All attacks by manifestations of Smaug against any of your compani	playerNDeck
LidlessEye_SmokeontheWind	Smoke on the Wind	middle-earth-ccg/lidlesseye/MiddleEarthCCG-LidlessEye-SmokeOnTheWind.jpg	default	Minion Resource	LidlessEye	Permanent-event											3									R	Playable at an already tapped Free-hold [{F}] during the site phase. The company faces two attacks (Men - 5 strikes with 8 prowess, 1 strike with 10 prowess). If no characters are untapped following the attack, discard this card. Otherwise, you may t	playerNDeck
LidlessEye_Snagahai	Snaga-hai	middle-earth-ccg/lidlesseye/MiddleEarthCCG-LidlessEye-SnagaHai.jpg	default	Minion Resource	LidlessEye	Orc Faction											1									CB+CS1	Playable at any tapped or untapped Shadow-hold [{S}] if the influence check is greater than 9. Once in play, the number required to influence this faction is zero.	playerNDeck
LidlessEye_Sneakin	Sneakin'	middle-earth-ccg/lidlesseye/MiddleEarthCCG-LidlessEye-Sneakin.jpg	default	Minion Resource	LidlessEye	Short-event																				R	Scout only. Playable during the organization phase on an untapped scout in a company with a company size less than 3. Tap the scout. No creature hazards may be played on his company this turn. {cyan} UEP: Scout only. Playable at the end of the organi	playerNDeck
LidlessEye_SomeSecretArtofFlame	Some Secret Art of Flame	middle-earth-ccg/lidlesseye/MiddleEarthCCG-LidlessEye-SomeSecretArtOfFlame.jpg	default	Minion Resource	LidlessEye	Short-event													Sorcery							R	Magic. Sorcery. Playable on a sorcery-using character facing an attack. +4 prowess for the character against the attack. Unless he is a Ringwraith, character makes a corruption check modified by -4. Cannot be duplicated against a given attack.	playerNDeck
LidlessEye_Southrons2	Southrons *	middle-earth-ccg/lidlesseye/MiddleEarthCCG-LidlessEye-Southrons.jpg	default	Minion Resource	LidlessEye	Man Faction											2									F1	Unique. Manifestation of hero Southrons. Playable at Southron Oasis if the influence check is greater than 8. Standard Modifications: Haradrim (+2), Asdriags (-2).	playerNDeck
LidlessEye_SpyingouttheLand	Spying out the Land	middle-earth-ccg/lidlesseye/MiddleEarthCCG-LidlessEye-SpyingOutTheLand.jpg	default	Minion Resource	LidlessEye	Short-event													Spirit-magic							R	Magic. Spirit-magic. Playable on a spirit-magic-using character during the organization phase. Opponent may reveal to you any hazards from his hand, and only those hazards can be played during the character company's movement/hazard phase. Unless he	playerNDeck
LidlessEye_StabbedHiminHisSleep	Stabbed Him in His Sleep	middle-earth-ccg/lidlesseye/MiddleEarthCCG-LidlessEye-StabbedHimInHisSleep.jpg	default	Minion Resource	LidlessEye	Permanent-event											1									CB+CS1	Playable during the site phase on an untapped scout in a covert company at an already tapped Border-hold [{B}] or Free-hold [{F}]. The scout faces an attack (attack type as first  automatic-attack at site - 1 strike with 8 prowess). If the scout is n	playerNDeck
LidlessEye_Stinker	Stinker	middle-earth-ccg/lidlesseye/MiddleEarthCCG-LidlessEye-Stinker.jpg	default	Minion Resource	LidlessEye	Scout Ally				4			2	9			2									U	Unique. Playable at Goblin-gate or Moria. Manifestation of Gollum and My Precious. If his company's size is less than three, tap Stinker to cancel one attack against his company keyed to Wilderness [{w}] or Shadow-land [{s}]. You may tap Stinker if h	playerNDeck
LidlessEye_StoneTrolls	Stone Trolls	middle-earth-ccg/lidlesseye/MiddleEarthCCG-LidlessEye-StoneTrolls.jpg	default	Minion Resource	LidlessEye	Troll Faction											2									U	Unique. Playable at Ettenmoors if the influence check is greater than 10. Once in play, the number required to influence this faction is zero. If this influence attempt is made by an Orc or Troll leader, you may place this faction under the control o	playerNDeck
LidlessEye_StrangeRations	Strange Rations	middle-earth-ccg/lidlesseye/MiddleEarthCCG-LidlessEye-StrangeRations.jpg	default	Minion Resource	LidlessEye	Minor Item															1					CB+CS1	Discard to untap bearer. Alternatively, discard during organization phase to allow its bearer's company to play an additional region card.	playerNDeck
LidlessEye_SuddenCall	Sudden Call	middle-earth-ccg/lidlesseye/MiddleEarthCCG-LidlessEye-SuddenCall.jpg	default	Minion Resource	LidlessEye	Short-event																				CB+F5	You may play this card as a resource or a hazard according to The Audience of Sauron Rules. This card may not be played as a hazard against a Wizard player, and may be included as a hazard in a Wizard's deck. You may reshuffle this card into you play	playerNDeck
LidlessEye_Swag	Swag	middle-earth-ccg/lidlesseye/MiddleEarthCCG-LidlessEye-Swag.jpg	default	Minion Resource	LidlessEye	Short-event																				U	Playable on a company at a tapped Ruins & Lairs [{R}], Border-hold [{B}], or Free-hold [{F}]. During the site phase, one or two characters in that company may each tap to take control of a non-unique, non-hoard minor item of the following type: weapo	playerNDeck
LidlessEye_SwarmofBats	Swarm of Bats	middle-earth-ccg/lidlesseye/MiddleEarthCCG-LidlessEye-SwarmOfBats.jpg	default	Minion Resource	LidlessEye	Permanent-event																				CB+CS1	Playable at a Darkhaven, Shadow-hold [{S}], or Dark-hold [{D}] during the organization phase on an overt company that has more than one Orc. Any attack against this company has its prowess and body modified by -1. Discard this card if a character lea	playerNDeck
LidlessEye_SwiftStrokes	Swift Strokes	middle-earth-ccg/lidlesseye/MiddleEarthCCG-LidlessEye-SwiftStrokes.jpg	default	Minion Resource	LidlessEye	Short-event																				U	Warrior only. Warrior receives +1 prowess against one strike and obtains two random values against it, choosing the one to use.	playerNDeck
LidlessEye_TestofFire	Test of Fire	middle-earth-ccg/lidlesseye/MiddleEarthCCG-LidlessEye-TestOfFire.jpg	default	Minion Resource	LidlessEye	Short-event																				CB+CS1	Sage only. Play to test a gold ring in a sage's company.	playerNDeck
LidlessEye_ThatAintNoSecret	That Ain't No Secret	middle-earth-ccg/lidlesseye/MiddleEarthCCG-LidlessEye-ThatAintNoSecret.jpg	default	Minion Resource	LidlessEye	Permanent-event											-1									CB+CS1	Playable during the site phase on an untapped character at a site where Information is playable. Tap the character (but not the site). No marshalling points are received until this card is stored at a Darkhaven during the Character's organization pha	playerNDeck
LidlessEye_ThatsBeenHeardBeforeTonight	That's Been Heard Before Tonight	middle-earth-ccg/lidlesseye/MiddleEarthCCG-LidlessEye-ThatsBeenHeardBeforeTonight.jpg	default	Minion Resource	LidlessEye	Permanent-event											-2									CB+CS1	Playable during the site phase on an untapped character in a covert company at a Border-hold [{B}] or Free-hold [{F}] where Information is playable. Tap the character (but not the site). No marshalling points are received and the character may not un	playerNDeck
LidlessEye_TheIronCrown2	The Iron Crown*	middle-earth-ccg/lidlesseye/MiddleEarthCCG-LidlessEye-TheIronCrown.jpg	default	Minion Resource	LidlessEye	Greater Item											3(5)				5					R	Unique. +1 to body to a maximum of 10. +4 to direct influence. Bearer may tap The Iron Crown to cancel an attack by Orcs, Trolls, or Men against his company. At the end of his untap phase, if the bearer is not a Ringwraith, he must make a corruption	playerNDeck
LidlessEye_TheLeastofGoldRings	The Least of Gold Rings	middle-earth-ccg/lidlesseye/MiddleEarthCCG-LidlessEye-TheLeastOfGoldRings.jpg	default	Minion Resource	LidlessEye	Gold Ring Item											2				4					CB+F5	"Bearer must make a corruption check at the end of each of his untap phases. Discard this ring when tested. If tested, obtain a random value to determine which ring card may be immediately played: The One Ring (12+); a Dwarven Ring (10,11,12+); a Magi"	playerNDeck
LidlessEye_TheLidlessEye	The Lidless Eye	middle-earth-ccg/lidlesseye/MiddleEarthCCG-LidlessEye-TheLidlessEye.jpg	default	Minion Resource	LidlessEye	Permanent-event																				R	Playable if your opponent is a Wizard and you have not revealed a Ringwraith. You are Sauron, not a Ringwraith. You may not reveal a Ringwraith or play Ringwraith followers. +7 to your general influence. You may keep one more card than normal in your	playerNDeck
LidlessEye_TheMithrilcoat2	The Mithril-coat *	middle-earth-ccg/lidlesseye/MiddleEarthCCG-LidlessEye-TheMithrilCoat.jpg	default	Minion Resource	LidlessEye	Greater Item											3				2					R	Unique. Armor. +3 to body (to a maximum of 10).	playerNDeck
LidlessEye_TheNamesAmongThem	The Names Among Them	middle-earth-ccg/lidlesseye/MiddleEarthCCG-LidlessEye-TheNamesAmongThem.jpg	default	Minion Resource	LidlessEye	Permanent-event											-1									CB+CS1	Playable on an untapped scout immediately after facing an automatic-attack at a Border-hold [{B}] or Free-hold [{F}]. Tap the scout. No marshalling points are received until this card is stored at a Darkhaven during his organization phase. Once store	playerNDeck
LidlessEye_TheOneRing2	The One Ring *	middle-earth-ccg/lidlesseye/MiddleEarthCCG-LidlessEye-TheOneRing.jpg	default	Minion Resource	LidlessEye	Special Item											6				6					R	Unique. The One Ring. Playable only with a Gold Ring and after a test indicates The One Ring. +5 prowess (to a maximum of double the bearer's normal prowess). +5 to body (to a maximum of 10). +5 to direct influence. Bearer may make a corruption check	playerNDeck
LidlessEye_TheOraclesRing	The Oracle's Ring	middle-earth-ccg/lidlesseye/MiddleEarthCCG-LidlessEye-TheOraclesRing.jpg	default	Minion Resource	LidlessEye	Special Item											3				2					R	Spirit Ring. Playable only with a Gold Ring and after a test indicates a Spirit Ring. -2 to bearer's mind (minimum of 1). +4 to bearer's direct influence. Cannot be duplicated on a given character.	playerNDeck
LidlessEye_TheReviledRing	The Reviled Ring	middle-earth-ccg/lidlesseye/MiddleEarthCCG-LidlessEye-TheReviledRing.jpg	default	Minion Resource	LidlessEye	Special Item											3				2					R	Spirit Ring. Weapon. Playable only with a Gold Ring and after a test indicates a Spirit Ring. -2 to bearer's mind (minimum of 1). +3 to bearer's prowess. Cannot be duplicated on a given character.	playerNDeck
LidlessEye_TheRingLeavesItsMark	The Ring Leaves Its Mark	middle-earth-ccg/lidlesseye/MiddleEarthCCG-LidlessEye-TheRingLeavesItsMark.jpg	default	Minion Resource	LidlessEye	Short-event																				CB	Bring one Black Rider, Fell Rider, or Heralded Lord card from your sideboard or discard pile into your play deck and reshuffle. Alternatively, playable on your tapped Ringwraith. Make a roll (draw a #) - if the result is greater than 6, untap your Ri	playerNDeck
LidlessEye_TheWardingRing	The Warding Ring	middle-earth-ccg/lidlesseye/MiddleEarthCCG-LidlessEye-TheWardingRing.jpg	default	Minion Resource	LidlessEye	Special Item											3				2					R	Spirit Ring. Armor. Playable only with a Gold Ring and after a test indicates a Spirit Ring. -2 to bearer's mind (minimum of 1). +2 to bearer's body (to a maximum of 10). Cannot be duplicated on a given character.	playerNDeck
LidlessEye_TheWargking	The Warg-king	middle-earth-ccg/lidlesseye/MiddleEarthCCG-LidlessEye-TheWargKing.jpg	default	Minion Resource	LidlessEye	Ally				3			4	8			2									R	Ally Unique. Playable at any tapped or untapped Ruins & Lairs [{R}] with a Wolf automatic-attack. Tap to cancel a Wolf or Animal attack. +2 to any influence attempt by a character in his company against a Wolf faction.	playerNDeck
LidlessEye_TheWatersTithe	The Water's Tithe	middle-earth-ccg/lidlesseye/MiddleEarthCCG-LidlessEye-TheWatersTithe.jpg	default	Minion Resource	LidlessEye	Short-event													Sorcery							U	Magic. Sorcery. Playable on a non-Ringwraith sorcery-using character during the organization phase. If using region movement, the Character's company may play up to two additional region cards. Character makes a corruption check modified by -3.	playerNDeck
LidlessEye_TheWitchkingUnleashed	The Witch-king Unleashed	middle-earth-ccg/lidlesseye/MiddleEarthCCG-LidlessEye-TheWitchKingUnleashed.jpg	default	Minion Resource	LidlessEye	Short-event																				R	Playable on The Witch-king (as your Ringwraith). +5 to his direct influence this turn. Cannot be duplicated on a given turn.	playerNDeck
LidlessEye_TheyRideTogether	They Ride Together	middle-earth-ccg/lidlesseye/MiddleEarthCCG-LidlessEye-TheyRideTogether.jpg	default	Minion Resource	LidlessEye	Short-event																				R	Playable only at a Darkhaven during the organization phase on your Ringwraith's company. You may bring any Ringwraith followers into play with your Ringwraith's company as you have in your hand and have direct influence to control. {cyan} UEP: When a	playerNDeck
LidlessEye_ThingStolen	Thing Stolen	middle-earth-ccg/lidlesseye/MiddleEarthCCG-LidlessEye-ThingStolen.jpg	default	Minion Resource	LidlessEye	Short-event																				U	Playable after a faction is successfully played at a Shadow-hold [{S}] or Dark-hold [{D}]. Tap a character at the site to play a non-unique, non-hoard minor or major item (even if the item is not normally playable there).	playerNDeck
LidlessEye_Threats	Threats	middle-earth-ccg/lidlesseye/MiddleEarthCCG-LidlessEye-Threats.jpg	default	Minion Resource	LidlessEye	Short-event																				R	Warrior only. Playable on a warrior attempting to influence a faction. Warrior does not use his unused direct influence for the attempt. Instead he uses his prowess, to a maximum modifier of +6.	playerNDeck
LidlessEye_TidingsofDeath	Tidings of Death	middle-earth-ccg/lidlesseye/MiddleEarthCCG-LidlessEye-TidingsOfDeath.jpg	default	Minion Resource	LidlessEye	Long-event																				R	-1 to each influence check against a faction, but for each influence check make an additional roll (or draw an additional #) and choose which result to use. May also be played as a hero resource.	playerNDeck
LidlessEye_ToSatisfytheQuestioner	To Satisfy the Questioner	middle-earth-ccg/lidlesseye/MiddleEarthCCG-LidlessEye-ToSatisfyTheQuestioner.jpg	default	Minion Resource	LidlessEye	Permanent-event											-3									CB+CS1	Playable during the site phase on an untapped character at a Free-hold [{F}]. Tap the character and site. No marshalling points are received and the character may not untap  until this card is stored at a Darkhaven during his organization phase.	playerNDeck
LidlessEye_TriflingRing	Trifling Ring	middle-earth-ccg/lidlesseye/MiddleEarthCCG-LidlessEye-TriflingRing.jpg	default	Minion Resource	LidlessEye	Special Item											2				1					CB+CS1	Lesser Ring. Playable only with a Gold Ring and after a test indicates a Lesser Ring. +3 to direct influence against characters. Cannot be duplicated on a given character.	playerNDeck
LidlessEye_TwoheadedTroll	Two-headed Troll	middle-earth-ccg/lidlesseye/MiddleEarthCCG-LidlessEye-TwoHeadedTroll.jpg	default	Minion Resource	LidlessEye	Warrior Ally				2			5	8			1									R	Playable at any tapped or untapped Ruins & Lairs [{R}] with a Troll automatic-attack. Tap to cancel an Orc or Troll attack. Cannot be duplicated in a given company.	playerNDeck
LidlessEye_UmbareanCorsairs	Umbarean Corsairs	middle-earth-ccg/lidlesseye/MiddleEarthCCG-LidlessEye-UmbareanCorsairs.jpg	default	Minion Resource	LidlessEye	Man Faction											2									U	Unique. Playable at Gobel Mirlond if the influence check is greater than 8. Standard Modifications: Black Numenoreans (+2), Southrons (+2).	playerNDeck
LidlessEye_UnderHisBlow	Under His Blow	middle-earth-ccg/lidlesseye/MiddleEarthCCG-LidlessEye-UnderHisBlow.jpg	default	Minion Resource	LidlessEye	Short-event																				CB+CS1	Untapped character does not tap against one strike.	playerNDeck
LidlessEye_Ungolorcs	Ungol-orcs	middle-earth-ccg/lidlesseye/MiddleEarthCCG-LidlessEye-UngolOrcs.jpg	default	Minion Resource	LidlessEye	Orc Faction											1									U	Unique. Playable at Cirith Ungol if the influence check is greater than 8. Once in play, the number required to influence this faction is zero. If this influence attempt is made by an Orc or Troll leader, you may place this faction under the control	playerNDeck
LidlessEye_Urukhai	Uruk-hai	middle-earth-ccg/lidlesseye/MiddleEarthCCG-LidlessEye-UrukHai.jpg	default	Minion Resource	LidlessEye	Orc Faction											2									R	Unique. Playable at Barad-dur, Cirith Gorgor, or Cirith Ungol if the influence check is greater than 11. Once in play, the number required to influence this faction is zero. If this influence attempt is made by an Orc or Troll leader, you may place t	playerNDeck
LidlessEye_UvathaUnleashed	Uvatha Unleashed	middle-earth-ccg/lidlesseye/MiddleEarthCCG-LidlessEye-UvathaUnleashed.jpg	default	Minion Resource	LidlessEye	Short-event																				R	Playable on Uvatha the Ringwraith's own company (if Uvatha is your Ringwraith) at the end of his movement/hazard phase. His company may move to an additional site this turn. A site card may be played and another movement/hazard phase immediately foll	playerNDeck
LidlessEye_VariagsofKhand2	Variags of Khand *	middle-earth-ccg/lidlesseye/MiddleEarthCCG-LidlessEye-VariagsOfKhand.jpg	default	Minion Resource	LidlessEye	Man Faction											2									F1	Unique. Manifestation of hero Variags of Khand. Playable at Variag Camp if the influence check is greater than 8. Standard Modifications: Nurniags (+2), Haradrim (-2).	playerNDeck
LidlessEye_VeilsofShadow	Veils of Shadow	middle-earth-ccg/lidlesseye/MiddleEarthCCG-LidlessEye-VeilsOfShadow.jpg	default	Minion Resource	LidlessEye	Short-event													Sorcery							R	Magic. Sorcery. Playable on a sorcery-using character facing an automatic-attack. The number of strikes of all automatic-attacks at the site this turn are reduced to one. Unless he is a Ringwraith, character makes a corruption check modified by -4.	playerNDeck
LidlessEye_VoicesofMalice	Voices of Malice	middle-earth-ccg/lidlesseye/MiddleEarthCCG-LidlessEye-VoicesOfMalice.jpg	default	Minion Resource	LidlessEye	Short-event																				CB	Sage only. Tap a sage to discard one non-environment hazard permanent-event or non-environment hazard long-event. Sage makes a corruption check modified by -2.	playerNDeck
LidlessEye_Warwarg	War-warg	middle-earth-ccg/lidlesseye/MiddleEarthCCG-LidlessEye-WarWarg.jpg	default	Minion Resource	LidlessEye	Ally				1			3	6			1									CB+CS1	Playable at any tapped or untapped Ruins & Lairs [{R}] with a Wolf automatic-attack. If the War-warg and its controlling character are both targets of strikes from the same attack, you may tap War-warg to give +2 body to its controlling character.	playerNDeck
LidlessEye_Warwolf	War-wolf	middle-earth-ccg/lidlesseye/MiddleEarthCCG-LidlessEye-WarWolf.jpg	default	Minion Resource	LidlessEye	Ally				1			2	7			1									CB+CS1	Playable at any tapped or untapped Ruins & Lairs [{R}] with a Wolf automatic-attack or at any tapped or untapped Shadow-hold [{S}] with an Orc automatic-attack.	playerNDeck
LidlessEye_WargsoftheForochel	Wargs of the Forochel	middle-earth-ccg/lidlesseye/MiddleEarthCCG-LidlessEye-WargsOfTheForochel.jpg	default	Minion Resource	LidlessEye	Wolf Faction											3									R	Unique. Playable at Lossadan Cairn if the influence check is greater than 10. Once in play, the number required to influence this faction is zero. Standard Modifications: Ice-orcs (+2), Misty Mountain Wargs (+2).	playerNDeck
LidlessEye_WeHaveCometoKill	We Have Come to Kill	middle-earth-ccg/lidlesseye/MiddleEarthCCG-LidlessEye-WeHaveComeToKill.jpg	default	Minion Resource	LidlessEye	Short-event																				R	A character may be brought into play under general or direct influence at any Shadow-hold [{S}], Ruins & Lairs [{R}], or Border-hold [{B}]. This does not count against the one character per turn limit.	playerNDeck
LidlessEye_WeighAllThingstoaNicety	Weigh All Things to a Nicety	middle-earth-ccg/lidlesseye/MiddleEarthCCG-LidlessEye-WeighAllThingsToANicety.jpg	default	Minion Resource	LidlessEye	Short-event																				CB	Bring one resource or character (including a Ringwraith) from your sideboard or discard pile into your play deck and shuffle.	playerNDeck
LidlessEye_WhereTheresaWhip	Where There's a Whip	middle-earth-ccg/lidlesseye/MiddleEarthCCG-LidlessEye-WhereTheresAWhip.jpg	default	Minion Resource	LidlessEye	Short-event																				R	Playable on an untapped Orc or Troll character bearing a Whip. Each tapped character in the bearer's company with a mind and prowess less than the bearer's makes a body check modified by -2. Failing the body check wounds, but does not eliminate the c	playerNDeck
LidlessEye_WhiletheYellowFaceSleeps	While the Yellow Face Sleeps	middle-earth-ccg/lidlesseye/MiddleEarthCCG-LidlessEye-WhileTheYellowFaceSleeps.jpg	default	Minion Resource	LidlessEye	Permanent-event																				R	Playable during the organization phase on your Ringwraith at a Darkhaven. You may keep one more card than normal in your hand. Discard this card if your Ringwraith moves. Cannot be duplicated by a given player.	playerNDeck
LidlessEye_Whip	Whip	middle-earth-ccg/lidlesseye/MiddleEarthCCG-LidlessEye-Whip.jpg	default	Minion Resource	LidlessEye	Minor Item															1					U	Orc or Troll only: provides +2 direct influence against one character with a mind and prowess less than the bearer's. Cannot be duplicated on a given character.	playerNDeck
LidlessEye_WhiteMountainWolves	White Mountain Wolves	middle-earth-ccg/lidlesseye/MiddleEarthCCG-LidlessEye-WhiteMountainWolves.jpg	default	Minion Resource	LidlessEye	Wolf Faction											3									R	Unique. Playable at Stone-circle if the influence check is greater than 10. Once in play, the number required to influence this faction is zero. Standard Modifications: Dunlendings (+2).	playerNDeck
LidlessEye_WisdomtoWield	Wisdom to Wield	middle-earth-ccg/lidlesseye/MiddleEarthCCG-LidlessEye-WisdomToWield.jpg	default	Minion Resource	LidlessEye	Short-event																				U	Sage only. Playable on a non-Ringwraith sage bearing a Dwarven Ring and/or a Palantir. This turn, the sage: bears the Dwarven Ring as though he were a Dwarf or is able to use the Palantir.	playerNDeck
LidlessEye_Woodmen2	Woodmen *	middle-earth-ccg/lidlesseye/MiddleEarthCCG-LidlessEye-Woodmen.jpg	default	Minion Resource	LidlessEye	Man Faction											3									F1	Unique. Manifestation of hero Woodmen. Playable at Woodmen Town if the influence check is greater than 10.	playerNDeck
LidlessEye_WordsofMenaceandDeceit	Words of Menace and Deceit	middle-earth-ccg/lidlesseye/MiddleEarthCCG-LidlessEye-WordsOfMenaceAndDeceit.jpg	default	Minion Resource	LidlessEye	Short-event													Spirit-magic							R	Magic. Spirit-magic. Playable on a spirit-magic-using character. +5 to the character's direct influence for the rest of the turn. Unless he is a Ringwraith, he makes a  corruption check modified by -4. Cannot be duplicated on a given character.	playerNDeck
LidlessEye_WosesoftheErynVorn2	Woses of the Eryn Vorn *	middle-earth-ccg/lidlesseye/MiddleEarthCCG-LidlessEye-WosesOfTheErynVorn.jpg	default	Minion Resource	LidlessEye	Wose Faction											3									R	Unique. Playable at The Worthy Hills if the influence check is greater than 11.	playerNDeck
LidlessEye_AmonHen2	Amon Hen (M)	middle-earth-ccg/lidlesseye/MiddleEarthCCG-LidlessEye-AmonHenM.jpg	default	Minion Site	LidlessEye	{R}																Rohan	{s}{w}{f}{s}	2	2	U	"Nearest Darkhaven: Minas Morgul. Playable: Information, Items (minor). Automatic-attacks: Undead - 1 strike with 6 prowess; each character wounded must make a corruption check modified by -2."	playerNLocationDeck
LidlessEye_BagEnd2	Bag End (M)	middle-earth-ccg/lidlesseye/MiddleEarthCCG-LidlessEye-BagEndM.jpg	default	Minion Site	LidlessEye	{F}																The Shire	{s}{w}{f}	1	3	U	"Nearest Darkhaven: Carn Dum. Playable: Information, Items (minor, major, greater*, gold ring) *-hero item only. Automatic-attacks: (1st) Hobbits - 5 strikes with 5 prowess; (2nd) Dunedain - 3 strikes with 11 prowess."	playerNLocationDeck
LidlessEye_BanditLair2	Bandit Lair (M)	middle-earth-ccg/lidlesseye/MiddleEarthCCG-LidlessEye-BanditLairM.jpg	default	Minion Site	LidlessEye	{R}																Brown Lands	{d}{s}	1	1	U	Nearest Darkhaven: Dol Guldur. Playable: Items (minor, gold ring). Automatic-attacks: Men - 3 strikes with 6 prowess.	playerNLocationDeck
LidlessEye_Baraddur2	Barad-dur (M)	middle-earth-ccg/lidlesseye/MiddleEarthCCG-LidlessEye-BaradDurM.jpg	default	Minion Site	LidlessEye	{D}																Gorgoroth	{s}{d}	2	1	F5	Nearest Darkhaven: Minas Morgul. Special: Treat this site as a Darkhaven during the Untap Phase. Any gold ring item at this site is automatically tested during the site phase (the site need not be entered). All ring tests at this site are modified by -3.	playerNLocationDeck
LidlessEye_Barrowdowns2	Barrow-downs (M)	middle-earth-ccg/lidlesseye/MiddleEarthCCG-LidlessEye-BarrowDownsM.jpg	default	Minion Site	LidlessEye	{R}																Cardolan	{s}{w}{w}	2	2	F1	"Nearest Darkhaven: Carn Dum. Playable: Items (minor, major). Automatic-attacks: Undead - 1 strike with 8 prowess; each character wounded must make a corruption check modified by -2."	playerNLocationDeck
LidlessEye_BeornsHouse2	Beorn's House (M)	middle-earth-ccg/lidlesseye/MiddleEarthCCG-LidlessEye-BeornsHouseM.jpg	default	Minion Site	LidlessEye	{F}																Anduin Vales	{d}{s}	1	1	U	Nearest Darkhaven: Dol Guldur. Playable: Items (gold ring). Automatic-attacks: Men - each character faces 1 strike with 10 prowess (detainment against covert company).	playerNLocationDeck
LidlessEye_BlueMountainDwarfhold2	Blue Mountain Dwarf-hold (M)	middle-earth-ccg/lidlesseye/MiddleEarthCCG-LidlessEye-BlueMountainDwarfHoldM.jpg	default	Minion Site	LidlessEye	{F}																Numeriador	{s}{w}{w}	2	2	R	Nearest Darkhaven: Carn Dum. Playable: Items (minor, major, greater, gold ring). Automatic-attacks: Dwarves - 4 strikes with 10 prowess.	playerNLocationDeck
LidlessEye_Bree2	Bree (M)	middle-earth-ccg/lidlesseye/MiddleEarthCCG-LidlessEye-BreeM.jpg	default	Minion Site	LidlessEye	{B}																Arthedain	{s}{w}	1	1	U	Nearest Darkhaven: Carn Dum. Playable: Information, Items (minor, gold ring). Automatic-attacks: Dunedain - each character faces 1 strike with 7 prowess (detainment against covert company). Special: Agent minions may be brought into play under direct infl	playerNLocationDeck
LidlessEye_BuhrWidu2	Buhr Widu (M)	middle-earth-ccg/lidlesseye/MiddleEarthCCG-LidlessEye-BuhrWiduM.jpg	default	Minion Site	LidlessEye	{R}																Southern Rhovanion	{d}{w}	1	1	F1	Nearest Darkhaven: Dol Guldur. Playable: Items (minor, major). Automatic-attacks: Troll - 1 strike with 10 prowess.	playerNLocationDeck
LidlessEye_CamethBrin2	Cameth Brin (M)	middle-earth-ccg/lidlesseye/MiddleEarthCCG-LidlessEye-CamethBrinM.jpg	default	Minion Site	LidlessEye	{B}																Rhudaur	{s}{w}	1	1	U	Nearest Darkhaven: Carn Dum. Playable: Items (minor, major*) *-weapon, armor, shield, or helmet only. Automatic-attacks: Men - each character faces 1 strike with 7 prowess (detainment against covert company).	playerNLocationDeck
LidlessEye_CarnDum2	Carn Dum (M)	middle-earth-ccg/lidlesseye/MiddleEarthCCG-LidlessEye-CarnDumM.jpg	default	Minion Site	LidlessEye	{H}																Angmar		2	2	CB+F5	Site Path From Dol Guldur: {d}{s}{d}{s}. Site Path From Geann a-Lisch: {w}{w}{w}{w}{s}. Special: Unless this site is a character's home site, a non-Orc, non-Troll character may not be brought into play at this site. Any Gold Ring stored at this site is au	playerNLocationDeck
LidlessEye_CavesofUlund2	Caves of Ulund (M)	middle-earth-ccg/lidlesseye/MiddleEarthCCG-LidlessEye-CavesOfUlundM.jpg	default	Minion Site	LidlessEye	{R}																Withered Heath	{d}{w}{w}{w}	2	2	F2	Nearest Darkhaven: Dol Guldur. Playable: Items (minor, major, greater, gold ring). Automatic-attacks: Dragon - 1 strike with 13 prowess.	playerNLocationDeck
LidlessEye_CirithGorgor2	Cirith Gorgor (M)	middle-earth-ccg/lidlesseye/MiddleEarthCCG-LidlessEye-CirithGorgorM.jpg	default	Minion Site	LidlessEye	{D}																Udun	{s}{d}{d}	2	1	U	Nearest Darkhaven: Minas Morgul.	playerNLocationDeck
LidlessEye_CirithUngol2	Cirith Ungol (M)	middle-earth-ccg/lidlesseye/MiddleEarthCCG-LidlessEye-CirithUngolM.jpg	default	Minion Site	LidlessEye	{D}																Imlad Morgul	{s}	1	1	U	Nearest Darkhaven: Minas Morgul.	playerNLocationDeck
LidlessEye_Dale2	Dale (M)	middle-earth-ccg/lidlesseye/MiddleEarthCCG-LidlessEye-DaleM.jpg	default	Minion Site	LidlessEye	{B}																Northern Rhovanion	{d}{w}{w}	2	2	F2	Nearest Darkhaven: Dol Guldur. Playable: Items (gold ring). Automatic-attacks: Men - each character faces 1 strike with 5 prowess (detainment against covert company).	playerNLocationDeck
LidlessEye_DeadMarshes2	Dead Marshes (M)	middle-earth-ccg/lidlesseye/MiddleEarthCCG-LidlessEye-DeadMarshesM.jpg	default	Minion Site	LidlessEye	{S}																Dagorlad	{d}{s}	1	1	U	"Nearest Darkhaven: Dol Guldur. Playable: Items (minor, major). Automatic-attacks: Undead - 2 strikes with 8 prowess; each character wounded must make a corruption check modified by -2. Special: Non-Nazgul creatures played at this site attack normally, not"	playerNLocationDeck
LidlessEye_DimrillDale2	Dimrill Dale (M)	middle-earth-ccg/lidlesseye/MiddleEarthCCG-LidlessEye-DimrillDaleM.jpg	default	Minion Site	LidlessEye	{R}																Redhorn Gate	{d}{s}{w}{w}	2	2	U	Nearest Darkhaven: Dol Guldur. Playable: Information. Automatic-attacks: Orcs - 1 strike with 6 prowess.	playerNLocationDeck
LidlessEye_DolAmroth2	Dol Amroth (M)	middle-earth-ccg/lidlesseye/MiddleEarthCCG-LidlessEye-DolAmrothM.jpg	default	Minion Site	LidlessEye	{F}																Belfalas	{s}{w}{f}{f}{f}	2	4	R	"Nearest Darkhaven: Minas Morgul. Playable: Information, Items (minor, major, gold ring). Automatic-attacks: (1st) Men - each character faces 1 strike with 8 prowess (detainment against covert company); (2nd) Dunedain - 3 strikes with 10 prowess (against o"	playerNLocationDeck
LidlessEye_DolGuldur2	Dol Guldur (M)	middle-earth-ccg/lidlesseye/MiddleEarthCCG-LidlessEye-DolGuldurM.jpg	default	Minion Site	LidlessEye	{H}																Southern Mirkwood		2	2	CB+F5	Site Path From Minas Morgul: {s}{d}{d}{s}{d}. Site Path From Carn Dum: {s}{d}{s}{d}. Special: Any Gold Ring stored at this site is automatically tested (modify the roll by -2). Any attack against a minion company at this site is canceled.	playerNLocationDeck
LidlessEye_DruadanForest2	Druadan Forest (M)	middle-earth-ccg/lidlesseye/MiddleEarthCCG-LidlessEye-DruadanForestM.jpg	default	Minion Site	LidlessEye	{B}																Anorien	{s}{w}{f}	2	2	U	Nearest Darkhaven: Minas Morgul. Automatic-attacks: Men - 3 strikes with 6 prowess.	playerNLocationDeck
LidlessEye_Dunharrow2	Dunharrow (M)	middle-earth-ccg/lidlesseye/MiddleEarthCCG-LidlessEye-DunharrowM.jpg	default	Minion Site	LidlessEye	{B}																Rohan	{s}{w}{f}{s}	2	2	U	Nearest Darkhaven: Minas Morgul. Playable: Information. Automatic-attacks: Men - each character faces 1 strike with 6 prowess (detainment against covert company).	playerNLocationDeck
LidlessEye_DunnishClanhold2	Dunnish Clan-hold (M)	middle-earth-ccg/lidlesseye/MiddleEarthCCG-LidlessEye-DunnishClanHoldM.jpg	default	Minion Site	LidlessEye	{B}																Dunland	{s}{w}{w}{w}	2	2	U	Nearest Darkhaven: Carn Dum. Playable: Items (minor, major*) *-weapon, armor, shield, or helmet only. Automatic-attacks: Men - each character faces 1 strike with 7 prowess (detainment against covert company).	playerNLocationDeck
LidlessEye_EasterlingCamp2	Easterling Camp (M)	middle-earth-ccg/lidlesseye/MiddleEarthCCG-LidlessEye-EasterlingCampM.jpg	default	Minion Site	LidlessEye	{B}																Horse Plains	{d}{w}{s}	2	2	F1	Nearest Darkhaven: Dol Guldur. Automatic-attacks: Men - each character faces 1 strike with 5 prowess (detainment against covert company).	playerNLocationDeck
LidlessEye_Edoras2	Edoras (M)	middle-earth-ccg/lidlesseye/MiddleEarthCCG-LidlessEye-EdorasM.jpg	default	Minion Site	LidlessEye	{F}																Rohan	{s}{w}{f}{s}	2	3	U	Nearest Darkhaven: Minas Morgul. Playable: Items (gold ring). Automatic-attacks: Men - each character faces 1 strike with 10 prowess (detainment against covert company).	playerNLocationDeck
LidlessEye_Ettenmoors2	Ettenmoors (M)	middle-earth-ccg/lidlesseye/MiddleEarthCCG-LidlessEye-EttenmoorsM.jpg	default	Minion Site	LidlessEye	{R}																Rhudaur	{s}{w}	1	1	F5	"Nearest Darkhaven: Carn Dum. Playable: Items (minor). Automatic-attacks: (1st) Troll - 1 strike with 9 prowess; (2nd) Wolves - 2 strikes with 8 prowess."	playerNLocationDeck
LidlessEye_GeannaLisch2	Geann a-Lisch (M)	middle-earth-ccg/lidlesseye/MiddleEarthCCG-LidlessEye-GeannALischM.jpg	default	Minion Site	LidlessEye	{H}																Old Pukel-land		2	2	CB+F5	Site Path From Carn Dum: {s}{w}{w}{w}{w}. Special: No character may be brought into play at this site (unless this site is the character's home site). Resources may never be stored at this site. Geann a-Lisch counts as a Ruins & Lairs [{R}] for the purpos	playerNLocationDeck
LidlessEye_GladdenFields2	Gladden Fields (M)	middle-earth-ccg/lidlesseye/MiddleEarthCCG-LidlessEye-GladdenFieldsM.jpg	default	Minion Site	LidlessEye	{R}																Anduin Vales	{d}{s}	1	1	U	"Nearest Darkhaven: Dol Guldur. Playable: Items (gold ring). Automatic-attacks: Undead - 1 strike with 8 prowess; each character wounded must make a corruption check modified by -2."	playerNLocationDeck
LidlessEye_GlitteringCaves2	Glittering Caves (M)	middle-earth-ccg/lidlesseye/MiddleEarthCCG-LidlessEye-GlitteringCavesM.jpg	default	Minion Site	LidlessEye	{R}																Gap of Isen	{w}{s}	1	1	U	Nearest Darkhaven: Geann a-Lisch. Playback: Items (minor, major). Automatic-attacks: Pukel-creature - 1 strike with 9 prowess.	playerNLocationDeck
LidlessEye_GobelMirlond2	Gobel Mirlond (M)	middle-earth-ccg/lidlesseye/MiddleEarthCCG-LidlessEye-GobelMirlondM.jpg	default	Minion Site	LidlessEye	{B}																Harondor	{s}{w}{w}	2	2	U	Nearest Darkhaven: Minas Morgul. Playable: Items (minor, major*) *-weapon, armor, shield, or helmet only. Automatic-attacks: Men - each character faces 1 strike with 8 prowess (detainment against covert company).	playerNLocationDeck
LidlessEye_Goblingate2	Goblin-gate (M)	middle-earth-ccg/lidlesseye/MiddleEarthCCG-LidlessEye-GoblinGateM.jpg	default	Minion Site	LidlessEye	{S}																High Pass	{w}{w}	2	2	F1	Nearest Darkhaven: Carn Dum. Playable: Items (minor, gold ring). Automatic-attacks: Orcs - 3 strikes with 6 prowess. Special: Non-Nazgul creatures played at this site attack normally, not as detainment.	playerNLocationDeck
LidlessEye_Gondmaeglom2	Gondmaeglom (M)	middle-earth-ccg/lidlesseye/MiddleEarthCCG-LidlessEye-GondmaeglomM.jpg	default	Minion Site	LidlessEye	{R}																Grey Mountain Narrows	{d}{w}{w}{s}	2	2	F1	Nearest Darkhaven: Dol Guldur. Playable: Items (minor, major, gold ring). Automatic-attacks: Dragon - 1 strike with 14 prowess.	playerNLocationDeck
LidlessEye_HaudhinGwanur2	Haudh-in-Gwanur (M)	middle-earth-ccg/lidlesseye/MiddleEarthCCG-LidlessEye-HaudhInGwanurM.jpg	default	Minion Site	LidlessEye	{R}																Harondor	{s}{w}{w}	2	2	F1	"Nearest Darkhaven: Minas Morgul. Playable: Items (minor). Automatic-attacks: Undead - 1 strike with 10 prowess; each character wounded must make a corruption check modified by -2."	playerNLocationDeck
LidlessEye_HennethAnnun2	Henneth Annun (M)	middle-earth-ccg/lidlesseye/MiddleEarthCCG-LidlessEye-HennethAnnunM.jpg	default	Minion Site	LidlessEye	{B}																Ithilien	{s}{w}	1	1	U	Nearest Darkhaven: Minas Morgul. Automatic-attacks: Dunedain - each character faces 1 strike with 7 prowess (detainment against covert company).	playerNLocationDeck
LidlessEye_HermitsHill2	Hermit's Hill (M)	middle-earth-ccg/lidlesseye/MiddleEarthCCG-LidlessEye-HermitsHillM.jpg	default	Minion Site	LidlessEye	{R}																Wold & Foothills	{d}{s}{w}	1	1	U	Nearest Darkhaven: Dol Guldur. Playable: Items (minor). Automatic-attacks: Men - 3 strikes with 6 prowess. Special: During the site phase, a covert company may discard two minor items they bear to make any one gold ring item (regardless of its text restri	playerNLocationDeck
LidlessEye_IronHillDwarfhold2	Iron Hill Dwarf-hold (M)	middle-earth-ccg/lidlesseye/MiddleEarthCCG-LidlessEye-IronHillDwarfHoldM.jpg	default	Minion Site	LidlessEye	{F}																Iron Hills	{d}{w}{w}{w}	2	2	R	Nearest Darkhaven: Dol Guldur. Playable: Items (minor, major, greater, gold ring). Automatic-attacks: Dwarves - 4 strikes with 10 prowess.	playerNLocationDeck
LidlessEye_Isengard2	Isengard (M)	middle-earth-ccg/lidlesseye/MiddleEarthCCG-LidlessEye-IsengardM.jpg	default	Minion Site	LidlessEye	{R}																Gap of Isen	{w}{s}	1	2	U	Nearest Darkhaven: Geann a-Lisch. Playable: Information, Items (minor, major, gold ring). Automatic-attacks: Wolves - 3 strikes with 7 prowess.	playerNLocationDeck
LidlessEye_Laketown2	Lake-town (M)	middle-earth-ccg/lidlesseye/MiddleEarthCCG-LidlessEye-LakeTownM.jpg	default	Minion Site	LidlessEye	{B}																Northern Rhovanion	{d}{w}{w}	2	2	U	Nearest Darkhaven: Dol Guldur. Playable: Information. Automatic-attacks: Men - each character faces 1 strike with 6 prowess (detainment against covert company).	playerNLocationDeck
LidlessEye_LondGalen2	Lond Galen (M)	middle-earth-ccg/lidlesseye/MiddleEarthCCG-LidlessEye-LondGalenM.jpg	default	Minion Site	LidlessEye	{B}																Anfalas	{w}{w}{w}	2	2	U	Nearest Darkhaven: Geann a-Lisch. Playable: Items (gold ring). Automatic-attacks: Men - each character faces 1 strike with 6 prowess (detainment against covert company).	playerNLocationDeck
LidlessEye_LossadanCairn2	Lossadan Cairn (M)	middle-earth-ccg/lidlesseye/MiddleEarthCCG-LidlessEye-LossadanCairnM.jpg	default	Minion Site	LidlessEye	{R}																Forochel	{s}{w}	1	1	U	"Nearest Darkhaven: Carn Dum. Playable: Items (minor, major, greater*) *-Palantiri only. Automatic-attacks: Undead - 2 strikes with 8 prowess; each character wounded must make a corruption check modified by -2."	playerNLocationDeck
LidlessEye_LossadanCamp2	Lossadan Camp (M)	middle-earth-ccg/lidlesseye/MiddleEarthCCG-LidlessEye-LossadanCampM.jpg	default	Minion Site	LidlessEye	{B}																Forochel	{s}{w}	1	1	U	Nearest Darkhaven: Carn Dum. Playable: Items (gold ring). Automatic-attacks: Men - each character faces 1 strike with 5 prowess (detainment against covert company).	playerNLocationDeck
LidlessEye_MinasMorgul2	Minas Morgul (M)	middle-earth-ccg/lidlesseye/MiddleEarthCCG-LidlessEye-MinasMorgulM.jpg	default	Minion Site	LidlessEye	{H}																Imlad Morgul		2	2	CB+F5	Site Path From Dol Guldur: {d}{s}{d}{d}{s}. Special: Any Gold Ring stored at this site is automatically tested (modify the roll by -2). Any attack against a minion company at this site is canceled.	playerNLocationDeck
LidlessEye_MinasTirith2	Minas Tirith (M)	middle-earth-ccg/lidlesseye/MiddleEarthCCG-LidlessEye-MinasTirithM.jpg	default	Minion Site	LidlessEye	{F}																Anorien	{s}{w}{f}	1	3	F3	"Nearest Darkhaven: Minas Morgul. Playable: Information, Items (minor, major, gold ring). Automatic-attacks: (1st) Men - each character faces 1 strike with 9 prowess (detainment against covert company); (2nd) Dunedain - 4 strikes with 10 prowess (against o"	playerNLocationDeck
LidlessEye_Moria2	Moria (M)	middle-earth-ccg/lidlesseye/MiddleEarthCCG-LidlessEye-MoriaM.jpg	default	Minion Site	LidlessEye	{S}																Redhorn Gate	{d}{s}{w}{w}	2	3	F2	Nearest Darkhaven: Dol Guldur. Playable: Items (minor, major, greater, gold ring). Automatic-attacks: Orcs - 4 strikes with 7 prowess. Special: Non-Nazgul creatures played at this site attack normally, not as detainment.	playerNLocationDeck
LidlessEye_MountDoom2	Mount Doom (M)	middle-earth-ccg/lidlesseye/MiddleEarthCCG-LidlessEye-MountDoomM.jpg	default	Minion Site	LidlessEye	{S}																Gorgoroth	{s}{d}	2	1	U	Nearest Darkhaven: Minas Morgul. Playable: Information. Automatic-attacks: Orcs - 1 strike with 6 prowess. Special: Any sage may tap to test a ring at this site, modifying the result by -3.	playerNLocationDeck
LidlessEye_MountGram2	Mount Gram (M)	middle-earth-ccg/lidlesseye/MiddleEarthCCG-LidlessEye-MountGramM.jpg	default	Minion Site	LidlessEye	{S}																Angmar	{s}	1	1	U	Nearest Darkhaven: Carn Dum.	playerNLocationDeck
LidlessEye_MountGundabad2	Mount Gundabad (M)	middle-earth-ccg/lidlesseye/MiddleEarthCCG-LidlessEye-MountGundabadM.jpg	default	Minion Site	LidlessEye	{S}																Gundabad	{s}{d}	2	1	F1	Nearest Darkhaven: Carn Dum. Playable: Items (minor, major). Automatic-attacks: Orcs - each character faces 1 strike with 7 prowess (detainment against overt company).	playerNLocationDeck
LidlessEye_NurniagCamp2	Nurniag Camp (M)	middle-earth-ccg/lidlesseye/MiddleEarthCCG-LidlessEye-NurniagCampM.jpg	default	Minion Site	LidlessEye	{S}																Nurn	{s}{d}{d}	1	1	U	Nearest Darkhaven: Minas Morgul.	playerNLocationDeck
LidlessEye_OstinEdhil2	Ost-in-Edhil (M)	middle-earth-ccg/lidlesseye/MiddleEarthCCG-LidlessEye-OstInEdhilM.jpg	default	Minion Site	LidlessEye	{R}																Hollin	{s}{w}{w}	2	2	U	Nearest Darkhaven: Carn Dum. Playable: Items (minor, gold ring). Automatic-attacks: Wolves - 3 strikes with 5 prowess.	playerNLocationDeck
LidlessEye_Pelargir2	Pelargir (M)	middle-earth-ccg/lidlesseye/MiddleEarthCCG-LidlessEye-PelargirM.jpg	default	Minion Site	LidlessEye	{F}																Lebennin	{s}{w}{f}{f}	2	3	U	"Nearest Darkhaven: Minas Morgul. Playable: Items (minor, major, gold ring). Automatic-attacks: (1st) Men - each character faces 1 strike with 7 prowess (detainment against covert company); (2nd) Dunedain - 3 strikes with 10 prowess (against overt company "	playerNLocationDeck
LidlessEye_Raiderhold2	Raider-hold (M)	middle-earth-ccg/lidlesseye/MiddleEarthCCG-LidlessEye-RaiderHoldM.jpg	default	Minion Site	LidlessEye	{B}																Horse Plains	{d}{w}{s}	2	2	U	Nearest Darkhaven: Dol Guldur. Playable: Items (minor, major*) *-weapon, armor, shield, or helmet only. Automatic-attacks: Men - each character faces 1 strike with 7 prowess (detainment against covert company).	playerNLocationDeck
LidlessEye_RuinedSignalTower2	Ruined Signal Tower (M)	middle-earth-ccg/lidlesseye/MiddleEarthCCG-LidlessEye-RuinedSignalTowerM.jpg	default	Minion Site	LidlessEye	{R}																Enedhwaith	{w}{w}	1	1	U	Nearest Darkhaven: Geann a-Lisch. Playable: Items (minor, major). Automatic-attacks: Spiders - 2 strikes with 8 prowess.	playerNLocationDeck
LidlessEye_SarnGoriwing2	Sarn Goriwing (M)	middle-earth-ccg/lidlesseye/MiddleEarthCCG-LidlessEye-SarnGoriwingM.jpg	default	Minion Site	LidlessEye	{S}																Heart of Mirkwood	{d}{w}	1	1	F1	Nearest Darkhaven: Dol Guldur. Playable: Items (minor, major). Automatic-attacks: Orcs - 3 strikes with 5 prowess.	playerNLocationDeck
LidlessEye_ShelobsLair2	Shelob's Lair (M)	middle-earth-ccg/lidlesseye/MiddleEarthCCG-LidlessEye-ShelobsLairM.jpg	default	Minion Site	LidlessEye	{S}																Imlad Morgul	{s}	1	1	U	"Nearest Darkhaven: Minas Morgul. Playable: Items (minor, major). Automatic-attacks: (1st) Orcs - 2 strikes with 8 prowess; (2nd) Spider (cannot be canceled) - 1 strike with 16 prowess; any character wounded is immediately eliminated. Special: Contains a h"	playerNLocationDeck
LidlessEye_ShrelKain2	Shrel-Kain (M)	middle-earth-ccg/lidlesseye/MiddleEarthCCG-LidlessEye-ShrelKainM.jpg	default	Minion Site	LidlessEye	{B}																Dorwinion	{d}{w}{s}	1	2	F1	Nearest Darkhaven: Dol Guldur. Playable: Items (minor, major*) *-weapon, armor, shield, or helmet only. Automatic-attacks: Men - each character faces 1 strike with 8 prowess (detainment against covert company).	playerNLocationDeck
LidlessEye_SouthronOasis2	Southron Oasis (M)	middle-earth-ccg/lidlesseye/MiddleEarthCCG-LidlessEye-SouthronOasisM.jpg	default	Minion Site	LidlessEye	{B}																Harondor	{s}{w}{w}	2	2	F1	Nearest Darkhaven: Minas Morgul. Automatic-attacks: Men - each character faces 1 strike with 5 prowess (detainment against covert company).	playerNLocationDeck
LidlessEye_Stonecircle2	Stone-circle (M)	middle-earth-ccg/lidlesseye/MiddleEarthCCG-LidlessEye-StoneCircleM.jpg	default	Minion Site	LidlessEye	{R}																Old Pukel Gap	{w}{w}	1	1	U	Nearest Darkhaven: Geann a-Lisch. Playable: Information, Items (minor). Automatic-attacks: Pukel-creature - 1 strike with 9 prowess.	playerNLocationDeck
LidlessEye_Tharbad2	Tharbad (M)	middle-earth-ccg/lidlesseye/MiddleEarthCCG-LidlessEye-TharbadM.jpg	default	Minion Site	LidlessEye	{R}																Cardolan	{s}{w}{w}	2	2	U	Nearest Darkhaven: Carn Dum. Playable: Items (minor). Automatic-attacks: Men - 3 strikes with 6 prowess. Special: Items may be played at this site even if it is tapped.	playerNLocationDeck
LidlessEye_TheLonelyMountain2	The Lonely (M) Mountain	middle-earth-ccg/lidlesseye/MiddleEarthCCG-LidlessEye-TheLonelyMMountain.jpg	default	Minion Site	LidlessEye	{R}																Northern Rhovanion	{d}{w}{w}	2	2	F2	Nearest Darkhaven: Dol Guldur. Playable: Items (minor, major, greater, gold ring). Automatic-attacks: Dragon - 1 strike with 14 prowess.	playerNLocationDeck
LidlessEye_TheStones2	The Stones (M)	middle-earth-ccg/lidlesseye/MiddleEarthCCG-LidlessEye-TheStonesM.jpg	default	Minion Site	LidlessEye	{R}																Andrast	{w}{w}	1	1	R	Nearest Darkhaven: Geann a-Lisch. Playable: Items (minor, major, greater). Automatic-attacks: Pukel-creatures - 2 strikes with 9 prowess.	playerNLocationDeck
LidlessEye_TheWhiteTowers2	The White Towers (M)	middle-earth-ccg/lidlesseye/MiddleEarthCCG-LidlessEye-TheWhiteTowersM.jpg	default	Minion Site	LidlessEye	{R}																Arthedain	{s}{w}	2	2	U	Nearest Darkhaven: Carn Dum. Playable: Information. Automatic-attacks: Wolves - 2 strikes with 6 prowess.	playerNLocationDeck
LidlessEye_TheWindThrone2	The Wind Throne (M)	middle-earth-ccg/lidlesseye/MiddleEarthCCG-LidlessEye-TheWindThroneM.jpg	default	Minion Site	LidlessEye	{R}																Grey Mountain Narrows	{d}{w}{w}{s}	2	2	F1	Nearest Darkhaven: Dol Guldur. Playable: Information, Items (minor, major). Automatic-attacks: Orcs - 3 strikes with 7 prowess.	playerNLocationDeck
LidlessEye_TheWorthyHills2	The Worthy Hills (M)	middle-earth-ccg/lidlesseye/MiddleEarthCCG-LidlessEye-TheWorthyHillsM.jpg	default	Minion Site	LidlessEye	{R}																Cardolan	{s}{w}{w}	1	2	R	Nearest Darkhaven: Carn Dum. Playable: Information. Automatic-attacks: Men - each character faces 1 strike with 9 prowess (detainment against covert company). Special: This site never taps.	playerNLocationDeck
LidlessEye_ThranduilsHalls2	Thranduil's Halls (M)	middle-earth-ccg/lidlesseye/MiddleEarthCCG-LidlessEye-ThranduilsHallsM.jpg	default	Minion Site	LidlessEye	{F}																Woodland Realm	{d}{w}{s}	1	2	F2	"Nearest Darkhaven: Dol Guldur. Playable: Information, Items (minor, major, gold ring). Automatic-attacks: (1st) Elves - each character faces 1 strike with 9 prowess (detainment against covert company); (2nd) Elves - 3 strikes with 10 prowess (against over"	playerNLocationDeck
LidlessEye_UrlurtsuNurn2	Urlurtsu Nurn (M)	middle-earth-ccg/lidlesseye/MiddleEarthCCG-LidlessEye-UrlurtsuNurnM.jpg	default	Minion Site	LidlessEye	{D}																Nurn	{s}{d}{d}	1	1	R	Nearest Darkhaven: Minas Morgul. Special: If your Ringwraith is at this site, he may tap during the organization phase to bring one Orc or Troll character from your discard pile into play at this site (as another company). The character must move to a dif	playerNLocationDeck
LidlessEye_ValeofErech2	Vale of Erech (M)	middle-earth-ccg/lidlesseye/MiddleEarthCCG-LidlessEye-ValeOfErechM.jpg	default	Minion Site	LidlessEye	{B}																Lamedon	{s}{w}{f}{f}{s}	2	3	F3	Nearest Darkhaven: Minas Morgul. Playable: Items (gold ring). Automatic-attacks: Men - each character faces 1 strike with 7 prowess (detainment against covert company).	playerNLocationDeck
LidlessEye_VariagCamp2	Variag Camp (M)	middle-earth-ccg/lidlesseye/MiddleEarthCCG-LidlessEye-VariagCampM.jpg	default	Minion Site	LidlessEye	{B}																Khand	{s}{w}{w}{s}	2	2	F1	Nearest Darkhaven: Minas Morgul. Automatic-attacks: Men - each character faces 1 strike with 5 prowess (detainment against covert company).	playerNLocationDeck
LidlessEye_Woodmentown2	Woodmen-town (M)	middle-earth-ccg/lidlesseye/MiddleEarthCCG-LidlessEye-WoodmenTownM.jpg	default	Minion Site	LidlessEye	{B}																Western Mirkwood	{d}{w}	1	1	F1	Nearest Darkhaven: Dol Guldur. Automatic-attacks: Men - each character faces 1 strike with 6 prowess (detainment against covert company).	playerNLocationDeck
LidlessEye_WosePassagehold2	Wose Passage-hold (M)	middle-earth-ccg/lidlesseye/MiddleEarthCCG-LidlessEye-WosePassageHoldM.jpg	default	Minion Site	LidlessEye	{B}																Old Pukel-land	{w}	1	1	U	Nearest Darkhaven: Geann a-Lisch. Automatic-attacks: Men - 3 strikes with 5 prowess.	playerNLocationDeck
LidlessEye_ZarakDum2	Zarak Dum (M)	middle-earth-ccg/lidlesseye/MiddleEarthCCG-LidlessEye-ZarakDumM.jpg	default	Minion Site	LidlessEye	{R}																Angmar	{s}	1	1	F1	Nearest Darkhaven: Carn Dum. Playable: Items (minor, major). Automatic-attacks: Dragon - 1 strike with 11 prowess.	playerNLocationDeck
Promo_AngmarArises2	Angmar Arises (p)	middle-earth-ccg/promo/MiddleEarthCCG-Promo-AngmarArisesP.jpg	default	Hazard	Promo	Permanent-event																				P	Any creature that can be keyed to a Shadow-land {s} may be keyed to Forochel, Arthedain, Gundabad, or Rhudaur. Any creature that can be keyed to a Dark-domain {d} may be keyed to Angmar or Gundabad. Discard this card when a creature keyed to one of these regions (not to the region symbol) is defeated.	playerNDeck
Promo_FuryoftheIronCrown	Fury of the Iron Crown	middle-earth-ccg/promo/MiddleEarthCCG-Promo-FuryOfTheIronCrown.jpg	default	Hazard	Promo	Short-event																				P	"Unique. May not be played if The Iron Crown is in play. The prowess of one strike of an attack by an Orc, Troll, Man, or Nazgul creature is increased by +4. After the attack is resolved, if the creature is not a Nazgul: the creature is removed from play (defender receives the marshalling points); and, in addition, if the defender has The Iron Crown in his hand, he may immediately play it with a character in the defending company."	playerNDeck
Promo_IrefulFlames	Ireful Flames	middle-earth-ccg/promo/MiddleEarthCCG-Promo-IrefulFlames.jpg	default	Hazard	Promo	Permanent-event																				P	Affects the following sites: The Loney Mountain, Irerock, Zarak Dum, and Gold Hill. For any item to be played at one of these sites, its player must remove an item in his hand from play that would itself be playable at the site. Cannot be revealed as an on-guard card. Discard Ireful Flames when any play deck is exhausted. {green} DCE: Add: Affects the following sites: Cirith Helkaloke, Shab Arch, Bat Dome	playerNDeck
Promo_Neekerbreekers	Neeker-breekers	middle-earth-ccg/promo/MiddleEarthCCG-Promo-NeekerBreekers.jpg	default	Hazard	Promo	Creature	Animals						7	-	1/each	{b}{w}{s}{d}{R}	1									P	Animals. Does not effect Wizards. Each character in the company faces one strike. His prowess against such a strike is equal to his mind attribute. Any character that would normally be wounded is only tapped intstead - no body checks are made.	playerNDeck
Promo_NeverSeenHim2	Never Seen Him (p)	middle-earth-ccg/promo/MiddleEarthCCG-Promo-NeverSeenHimP.jpg	default	Hazard	Promo	Permanent-event																				P	Playable on an agent. Target agent may take an extra agent action (which does not count against the hazard limit) each time he normally takes an agent action. Cannot be duplicated on a given agent.	playerNDeck
Promo_Stormcrow2	Stormcrow (p)	middle-earth-ccg/promo/MiddleEarthCCG-Promo-StormcrowP.jpg	default	Hazard	Promo	Permanent-event																				P	The direct influence of each Wizard is reduced by 2 (by 4 if Doors of Night is in play). Discard all resource permanent-events that have been played on each company with a Wizard (i.e., on the company as a whole, not individual characters, e.g., Fellowship). No such cards may be played on each Wizard's company. Discard this card when any play deck is exhausted. Cannot be duplicated.	playerNDeck
Promo_FattyBolger	Fatty Bolger	middle-earth-ccg/promo/MiddleEarthCCG-Promo-FattyBolger.jpg	default	Hero Character	Promo		Hobbit	Scout	Bag End	3	0		1	8			1				1					P	Unique. Unless he is one of the starting characters, he may only be brought into play at his home site. All his corruption checks are modified by +1. He can tap to cancel a strike against another hobbit in his company.	playerNDeck
Promo_BlackArrow	Black Arrow	middle-earth-ccg/promo/MiddleEarthCCG-Promo-BlackArrow.jpg	default	Hero Resource	Promo	Minor Item															1					P	Warrior only. Tap Black Arrow to give -1 to the prowess and body of any one attack against bearer's company. When Black Arrow is tapped, discard it if its bearer is not a Man. {green} DCE: Replace with: Warrior only. Tap Black Arrow to give -1 to the prowess and body of any one attack against bearer's company or to a strike in CvCC against bearer's company. When Black Arrow is tapped, discard it if its bearer is not a Man.	playerNDeck
Promo_MoreAlertthanMost2	More Alert than Most (p)	middle-earth-ccg/promo/MiddleEarthCCG-Promo-MoreAlertThanMostP.jpg	default	Hero Resource	Promo	Permanent-event																				P	The number of strikes of any attack that chooses defending characters is reduced by one (to a minimum of one) - by two if Gates of Morning is in play. Discard when such attack is defeated. Cannot be duplicated.	playerNDeck
Promo_TheIronCrown	The Iron Crown	middle-earth-ccg/promo/MiddleEarthCCG-Promo-TheIronCrown.jpg	default	Hero Resource	Promo	Greater Item					(+4)			(+1)			4				5					P	"Unique. Whenever bearer makes an influence check, he must also make a corruption check. If the bearer is not a Hobbit: he receives +1 to body to a maximum of 10; he receives +4 to direct influence; and he may tap The Iron Crown to cancel an attack by Orcs, Trolls, or Men against his company."	playerNDeck
Promo_BillFerny2	Bill Ferny (p)	middle-earth-ccg/promo/MiddleEarthCCG-Promo-BillFernyP.jpg	default	Minion Character	Promo		Man	Warrior/Scout	Bree, Cameth Brin	3	1		2	8			1									P	Unique. Agent.	playerNDeck
Promo_DeadlyDart	Deadly Dart	middle-earth-ccg/promo/MiddleEarthCCG-Promo-DeadlyDart.jpg	default	Minion Resource	Promo	Minor Item															2					P	Scout only. Tap Deadly Dart to give -1 body and -1 strike (to a minimum of one) to an automatic-attack or to a hazard creature keyed to a site. Tap its bearer or discard Deadly Dart when it is tapped. May also be used as a hero resource (i.e., included in a Wizard's deck), but may not be included with a hero starting company.	playerNDeck
Promo_TheArkenstone2	The Arkenstone *	middle-earth-ccg/promo/MiddleEarthCCG-Promo-TheArkenstone.jpg	default	Minion Resource	Promo	Greater Item					(+5)						3				3					P	Unique. +5 to bearer's direct influence against Dwarves and Dwarf factions. Each Dwarf in play has +1 mind. If the bearer of this item is at the same site as a Dwarf character, you may discard this item to force the discard of the Dwarf (and all non-follower cards he controls).	playerNDeck
PromoGerman_Baugur	Baugur	middle-earth-ccg/promogerman/MiddleEarthCCG-PromoGerman-Baugur.jpg	default	Minion Character	PromoGerman		Orc	Warrior	home_site=Isengard	4	1		4	8			1									P	Unique. Half-orc. Agent. Leader. Discard on a body check result of 8. +2 direct influence against Orcs and Orc factions. Agent only: May not move to Free-holds {F} and Border-holds {B}.	playerNDeck
PromoGerman_Freca	Freca	middle-earth-ccg/promogerman/MiddleEarthCCG-PromoGerman-Freca.jpg	default	Minion Character	PromoGerman		Man	Warrior/Diplomat	home_site=Edoras, Dunnish Clan-hold	5	2		4	8			2									P	Unique. Agent. +1 direct influence against the Riders of Rohan and Dunlendings factions.	playerNDeck
PromoGerman_Wolf	Wolf	middle-earth-ccg/promogerman/MiddleEarthCCG-PromoGerman-Wolf.jpg	default	Minion Character	PromoGerman		Man	Warrior/Diplomat	home_site=Edoras, Dunnish Clan-hold	4	2		3	7			1									P	Unique. Agent. +2 direct influence against the Dunlendings faction.	playerNDeck
PromoGerman_Zirperkirper	Zirperkirper	middle-earth-ccg/promogerman/MiddleEarthCCG-PromoGerman-Zirperkirper.jpg	default	Hazard	PromoGerman	Creature	Animals						7	-	1/each	{b}{w}{s}{d}{R}	1									P	Animals. Each character in the company faces one strike. His prowess against such a strike is equal to his mind attribute. Any character that would normally be wounded is only tapped intstead - no body checks are made.	playerNDeck
PromoGerman_SchwarzerPfeil	Schwarzer Pfeil	middle-earth-ccg/promogerman/MiddleEarthCCG-PromoGerman-SchwarzerPfeil.jpg	default	Hero Resource	PromoGerman	Minor Item															1					P	Warrior only. Tap Black Arrow to give -1 to the prowess and body of any one attack against bearer's company. When Black Arrow is tapped, discard it if its bearer is not a Man.	playerNDeck
PromoGerman_DerArkenstein	Der Arkenstein	middle-earth-ccg/promogerman/MiddleEarthCCG-PromoGerman-DerArkenstein.jpg	default	Minion Resource	PromoGerman	Greater Item					(+5)						3				3					P	Unique. +5 to bearer's direct influence against Dwarves and Dwarf factions. Each Dwarf in play has +1 mind. If the bearer of this item is at the same site as a Dwarf character, you may discard this item to force the discard of the Dwarf (and all non-follower cards he controls).	playerNDeck
PromoGerman_DieEiserneKrone	Die Eiserne Krone	middle-earth-ccg/promogerman/MiddleEarthCCG-PromoGerman-DieEiserneKrone.jpg	default	Hero Resource	PromoGerman	Greater Item					(+4)			(+1)			4				5					P	Unique. Whenever bearer makes an influence check, he must also make a corruption check. If the bearer is not a Hobbit: he receives +1 to body to a maximum of 10; he receives +4 to direct influence; and he may tap The Iron Crown to cancel an attack by Orcs, Trolls, or Men against his company.	playerNDeck
PromoGerman_DasPackvorderTuer	Das Pack vor der Tuer	middle-earth-ccg/promogerman/MiddleEarthCCG-PromoGerman-DasPackVorDerTuer.jpg	default	Hazard	PromoGerman	Long-event																				P	Playable if Doors of Night are in play. Each non-unique Animal, Spider and Wolf creature may be played in Border-lands {b}, Border-holds {B} or Ruins & Lairs {R}. The creature must be playable in a non-Coastal Sea {c} region.	playerNDeck
PromoGerman_DasWuetenderEisernenKrone	Das Wueten der Eisernen Krone	middle-earth-ccg/promogerman/MiddleEarthCCG-PromoGerman-DasWuetenDerEisernenKrone.jpg	default	Hazard	PromoGerman	Short-event																				P	Unique. Only playable if Die Eiserne Krone (The Iron Crown) is not in play. The prowness of a strike against Orcs, Trolls, Men or Nazgul are modified by +4. If the Target Creature are not a Nazgul, the Creature is to discard from the game (The defender get the MPs). The Defender can also play the Die Eiserne Krone (The Iron Crown) from his hand at once.	playerNDeck
PromoGerman_Schwertmeister	Schwertmeister	middle-earth-ccg/promogerman/MiddleEarthCCG-PromoGerman-Schwertmeister.jpg	default	Hero Resource	PromoGerman	Permanent-event											1									P	Sage only. Playable on an untapped sage at an untapped site where Information is playable during site phase. Tap the site and the sage. Gives the sage warrior skill. If the sage is already a warrior, he can use two weapons (both modifiers count). If he uses two weapons, he can not use a shield. Cannot be duplicated on a given character.	playerNDeck
PromoGerman_Zwergenaxt	Zwergenaxt	middle-earth-ccg/promogerman/MiddleEarthCCG-PromoGerman-Zwergenaxt.jpg	default	Hero Resource	PromoGerman	Major Item							+2 (+3)	-			2				2					P	Weapon. Warrior only. +2 prowess (to a maximum of 7); +3 prowess if held by a Dwarf (to a maximum of 8).	playerNDeck
PromoGerman_HornderHerausforderung	Horn der Herausforderung	middle-earth-ccg/promogerman/MiddleEarthCCG-PromoGerman-HornDerHerausforderung.jpg	default	Hero Resource	PromoGerman	Greater Item					+2		+2 (+3)	-			1 (3)				1 (2)					P	Unique. Hoard item. +2 direct influence. A stored Reforging may be placed with this item to "restore" it. Once restored, Horn der Herausforderung gives 3 MP and 2 CP. If its bearer is the first to face a strike, that character may choose to face all strikes of an attack. The character faces a separate strike sequence for each strike.	playerNDeck
PromoGerman_Ringil	Ringil	middle-earth-ccg/promogerman/MiddleEarthCCG-PromoGerman-Ringil.jpg	default	Hero Resource	PromoGerman	Greater Item							(+1) (+5)	+1			2 (4)				2 (3)					P	Unique. Hoard item. Weapon. +1 body. Warrior only: +1 prowess (to a maximum of 8). A stored Reforging may be placed with this item to "restore" it. Once restored, Ringil gives 4 MP, 3 CP and +5 prowess (to a maximum of 11).	playerNDeck
PromoGerman_Belegennon	Belegennon	middle-earth-ccg/promogerman/MiddleEarthCCG-PromoGerman-Belegennon.jpg	default	Hero Resource	PromoGerman	Greater Item								+1			2 (4)				2 (3)					P	Unique. Hoard item. Armor. +1 body (to a maximum of 9). A stored Reforging may be placed with this item to "restore" it. Once restored, Belegennon gives 4 MP and 3 CP. Warrior only (restored): If bearer chooses not to tap against a strike, he receives no prowess penalty.	playerNDeck
PromoGerman_FlammendesZorns	Flammen des Zorns	middle-earth-ccg/promogerman/MiddleEarthCCG-PromoGerman-FlammenDesZorns.jpg	default	Hazard	PromoGerman	Permanent-event																				P	Affects the following sites: The Loney Mountain, Irerock, Zarak D�m, and Gold Hill. For any item to be played at one of these sites, its player must remove an item in his hand from play that would itself be playable at the site. Cannot be revealed as an on-guard card. Discard Ireful Flames when any play deck is exhausted.	playerNDeck
WhiteHand_Alatar2	Alatar *	middle-earth-ccg/whitehand/MiddleEarthCCG-WhiteHand-Alatar.jpg	default	Fallen-wizard Character	WhiteHand		Fallen-wizard	Warrior/Scout/Ranger/Sage	"Any non-&quot;Dragon's lair&quot; Ruins and Lairs in a Wilderness"		10	17	7	9						Alatar						C4	Unique. Hazards your companies defeat (even with *) are worth full kill marshalling points. If you have more than 7 stage points, all detainment attacks against your companies attack normally instead. If at one of his Wizardhavens when a hazard creature attacks one of your companies, he may immediately join that company. Alatar must face a strike from the creature (in all cases). Following all of the creature's attacks, Alatar must tap (if untapped) and make a corruption check.	playerNDeck
WhiteHand_Gandalf2	Gandalf *	middle-earth-ccg/whitehand/MiddleEarthCCG-WhiteHand-Gandalf.jpg	default	Fallen-wizard Character	WhiteHand		Fallen-wizard	Warrior/Scout/Sage/Diplomat	Any Free-hold		9	18	6	9						Gandalf						C4	"Unique. Can use spirit-magic. May untap at the end of your organization phase. Your characters and hero allies are each worth full marshalling points. Gandalf may tap to &quot;test&quot; a ring in his company."	playerNDeck
WhiteHand_Pallando2	Pallando *	middle-earth-ccg/whitehand/MiddleEarthCCG-WhiteHand-Pallando.jpg	default	Fallen-wizard Character	WhiteHand		Fallen-wizard	Warrior/Ranger/Sage/Diplomat	The White Towers		7	20	5	9						Pallando						C4	Unique. Can use spirit-magic. Your Man, Dwarf, Elf, Dunadan, Hobbit, Orc, and Troll factions are each worth 2 marshalling points. You may keep one more card than normal in your hand.	playerNDeck
WhiteHand_Radagast2	Radagast *	middle-earth-ccg/whitehand/MiddleEarthCCG-WhiteHand-Radagast.jpg	default	Fallen-wizard Character	WhiteHand		Fallen-wizard	Warrior/Scout/Ranger/Diplomat	Rhosgobel		5	22	6	9						Radagast						C4	Unique. Your unique factions that are neither Man, Dwarf, Dunadan, Hobbit, Orc, nor Troll are each worth 2 marshalling points. Your hero allies each are worth full marshalling points. Hero allies Radagast controls have no movement restrictions. When Radagast's new site is revealed, he may draw one additional card for each Wilderness in his company's site path.	playerNDeck
WhiteHand_Saruman2	Saruman *	middle-earth-ccg/whitehand/MiddleEarthCCG-WhiteHand-Saruman.jpg	default	Fallen-wizard Character	WhiteHand		Fallen-wizard	Scout/Ranger/Sage/Diplomat	Isengard		12	15	6	9						Saruman						C4	Unique. Can use sorcery. Your non-weapon/ non-armor/non-shield/non-helmet items are each worth full marshalling points. May tap to use a Palant�r he bears. -1 to all corruption checks. At the beginning of your end-of-turn phase, you may tap Saruman to take one spell or sorcery card from your discard pile to your hand.	playerNDeck
WhiteHand_DeepMines	Deep Mines	middle-earth-ccg/whitehand/MiddleEarthCCG-WhiteHand-DeepMines.jpg	default	Fallen-wizard Site	WhiteHand	{R}												3				Under-deeps		1	2	C3	A company may move to this site only from one of your protected Wizardhavens and only if you have more than 6 stage points. The protected Wizardhaven is the surface site for Deep Mines (i.e., the sites are adjacent and the movement roll required to move between them is 0). You receive the three stage points if any of your companies are at the site. May be duplicated in location deck. Cannot be duplicated on a given Wizardhaven.	playerNLocationDeck
WhiteHand_Isengard3	Isengard (FW)	middle-earth-ccg/whitehand/MiddleEarthCCG-WhiteHand-IsengardFW.jpg	default	Fallen-wizard Site	WhiteHand	{H}																Gap of Isen		2	2	C3	Special: If one of your companies is at this site, all attacks against it are canceled.	playerNLocationDeck
WhiteHand_Rhosgobel3	Rhosgobel (FW)	middle-earth-ccg/whitehand/MiddleEarthCCG-WhiteHand-RhosgobelFW.jpg	default	Fallen-wizard Site	WhiteHand	{H}												1				Southern Mirkwood		2	2	C3	Special: Only Radagast's companies may use this card. This site is a protected Wizardhaven. If one of your companies is at this site, all attacks against it are canceled. Special: You receive the stage point if any of your companies are at this site.	playerNLocationDeck
WhiteHand_TheWhiteTowers3	The White Towers (FW)	middle-earth-ccg/whitehand/MiddleEarthCCG-WhiteHand-TheWhiteTowersFW.jpg	default	Fallen-wizard Site	WhiteHand	{H}																Arthedain		2	2	C4	Special: If one of your companies is at this site, all attacks against it are canceled.	playerNLocationDeck
WhiteHand_BlindtotheWest	Blind to the West	middle-earth-ccg/whitehand/MiddleEarthCCG-WhiteHand-BlindToTheWest.jpg	default	Hazard	WhiteHand	Short-event																				C4	Targets and cancels one hero short-event played by a Fallen-wizard earlier in the same chain of effects. This card can be played at any time and does not count against the hazard limit. Remove this card from the game.	playerNDeck
WhiteHand_CastfromtheOrder	Cast from the Order	middle-earth-ccg/whitehand/MiddleEarthCCG-WhiteHand-CastFromTheOrder.jpg	default	Hazard	WhiteHand	Permanent-event																				R2	Playable on a Fallen-wizard. Make a roll and add the Fallen-wizard's stage points. If the result is less than 16, discard this card. Otherwise, place this card with the Fallen- wizard. The Fallen-wizard's player must use minion sites for Border-holds, Free-holds, and hero Havens. Also, the Fallen-wizard's company is overt.	playerNDeck
WhiteHand_CruelClawPerceived	Cruel Claw Perceived	middle-earth-ccg/whitehand/MiddleEarthCCG-WhiteHand-CruelClawPerceived.jpg	default	Hazard	WhiteHand	Permanent-event																				R3	Playable on a Wizard, Fallen-wizard, or Ringwraith. His general influence is modified by -1. If he is a Fallen-wizard, this modifier is instead: -9 if his stage points (SPs) exceed 20, -7 if his SPs exceed 15, -5 if his SPs exceed 10, or -3 if his SPs exceed 5 (use the first modifier that applies). Additionally, the Fallen-wizard's hand size is reduced by 1 if his SPs exceed 10, and by 1 more if his SPs exceed 20. Cannot be duplicated on a given character. Discard when any play deck is exhausted.	playerNDeck
WhiteHand_EchoesoftheSong	Echoes of the Song	middle-earth-ccg/whitehand/MiddleEarthCCG-WhiteHand-EchoesOfTheSong.jpg	default	Hazard	WhiteHand	Short-event																				C4	If your opponent has more than one stage card and 4 or more stage points, he must discard one stage card of his choice. Alternatively, force a target character to make a corruption check. Remove this card from the game.	playerNDeck
WhiteHand_FlotsamandJetsam	Flotsam and Jetsam	middle-earth-ccg/whitehand/MiddleEarthCCG-WhiteHand-FlotsamAndJetsam.jpg	default	Hazard	WhiteHand	Permanent-event																				R3	If a player has 15 or fewer cards in his play deck (20 or fewer if a Fallen-wizard), all effects are automatically canceled which allow him to search through or look at any portion of his play deck or discard pile outside of the normal sequence of play. Discard when any play deck is exhausted. Cannot be duplicated.	playerNDeck
WhiteHand_FoolsBane	Fool's Bane	middle-earth-ccg/whitehand/MiddleEarthCCG-WhiteHand-FoolsBane.jpg	default	Hazard	WhiteHand	Permanent-event																				U3	Playable on a Fallen-wizard. Influence checks he makes against hero resources are modified by: -9 if his stage points (SPs) exceed 18, -7 if his SPs exceed 12, -5 if his SPs exceed 7, -3 if his SPs exceed 3, or -1 if his SPs exceed 0 (use the first modifier that applies). Additionally, his Elf characters and Elf factions are each worth 0 marshalling points in all cases. Cannot be duplicated on a given Fallen-wizard. Discard when any play deck is exhausted.	playerNDeck
WhiteHand_FoulToothUnsheathed	Foul Tooth Unsheathed	middle-earth-ccg/whitehand/MiddleEarthCCG-WhiteHand-FoulToothUnsheathed.jpg	default	Hazard	WhiteHand	Permanent-event																				C3	Playable if your opponent is a Fallen-wizard. If your opponent has 7 or more stage points and is not Alatar, hazards his companies defeat (while this card is in play) without an asterisk [*] are worth no marshalling points. This card overrides any conflicting resources.	playerNDeck
WhiteHand_Goblinfaces	Goblin-faces	middle-earth-ccg/whitehand/MiddleEarthCCG-WhiteHand-GoblinFaces.jpg	default	Hazard	WhiteHand	Creature	Orcs, Men						7	-	3	{b}{s}{B}	1									R3	Orcs. Men. Three strikes. Following the attack, the attacker looks at a number of cards from the top of the defender's play deck equal to the number of successful strikes of the attack. The attacker may place any of these cards face down on the bottom of the defender's play deck (in any order he chooses). He places the rest on top of the defender's deck (in any order he chooses).	playerNDeck
WhiteHand_HeartGrownCold	Heart Grown Cold	middle-earth-ccg/whitehand/MiddleEarthCCG-WhiteHand-HeartGrownCold.jpg	default	Hazard	WhiteHand	Permanent-event																				U3	Fallen-wizard players must use minion site cards for hero Havens. If a Fallen-wizard has more than 4 stage points, his player must also use minion site cards for Free- holds. If a Fallen-wizard has more than 7 stage points, his player must also use minion site cards for Border-holds.	playerNDeck
WhiteHand_IntheGripofAmbition	In the Grip of Ambition	middle-earth-ccg/whitehand/MiddleEarthCCG-WhiteHand-InTheGripOfAmbition.jpg	default	Hazard	WhiteHand	Permanent-event												2(3)			1					C3	Corruption. Playable on a Fallen-wizard or a Wizard. He receives 1 corruption point (CP). If he is a Fallen-wizard, he receives 2 stage points. If he has more than 7 stage points, he receives an additional stage point. Cannot be duplicated on a given character. During his organization phase, target may tap to attempt to remove this card. Make a roll - if this result is greater than 8, discard this card.	playerNDeck
WhiteHand_InnerRot	Inner Rot	middle-earth-ccg/whitehand/MiddleEarthCCG-WhiteHand-InnerRot.jpg	default	Hazard	WhiteHand	Permanent-event												2			1(*)					R3	Corruption. Playable on a Wizard or a Fallen-wizard. He receives 1 corruption point (CP). If he is a Fallen-wizard, he receives 2 stage points and the CPs received are instead: 4 CPs if his stage points (SPs) exceed 18, 3 CPs if his SPs exceed 11, 2 CPs if his SPs exceed 5, 1 CP if his SPs exceed 0 (use the first that applies). The target makes a corruption check whenever his controlling player plays a stage card. Cannot be duplicated on a given character. During his organization phase, target may tap to attempt to remove this card. Make a roll - if this result is greater than 6, discard this card.	playerNDeck
WhiteHand_IreoftheEast	Ire of the East	middle-earth-ccg/whitehand/MiddleEarthCCG-WhiteHand-IreOfTheEast.jpg	default	Hazard	WhiteHand	Short-event																				C4	Targets and cancels one minion short-event played by a Fallen-wizard earlier in the same chain of effects. This card can be played at any time and does not count against the hazard limit. Remove this card from the game.	playerNDeck
WhiteHand_LongingfortheWest	Longing for the West	middle-earth-ccg/whitehand/MiddleEarthCCG-WhiteHand-LongingForTheWest.jpg	default	Hazard	WhiteHand	Permanent-event															2					U3	Corruption. Playable on a Wizard or a Fallen-wizard. He receives 2 corruption points and makes a corruption check at the end of his untap phase if not at a Haven (or Wizardhaven). Cannot be duplicated on a given character. During his organization phase, target may tap to attempt to remove this card. Make a roll - if this result is greater than 6, discard this card.	playerNDeck
WhiteHand_MaskTorn	Mask Torn	middle-earth-ccg/whitehand/MiddleEarthCCG-WhiteHand-MaskTorn.jpg	default	Hazard	WhiteHand	Permanent-event																				R3	Fallen-wizards may not bring characters with more than 4 mind into play. If a Fallen-wizard has more than 9 stage points, he may not bring characters with more than 3 mind into play. Discard when any play deck is exhausted.	playerNDeck
WhiteHand_NaturesRevenge	Nature's Revenge	middle-earth-ccg/whitehand/MiddleEarthCCG-WhiteHand-NaturesRevenge.jpg	default	Hazard	WhiteHand	Permanent-event																				R3	Playable on a site in a Wilderness that normally is a Border-hold or a Shadow-hold, or on a non-protected Wizardhaven in a Wilderness. All versions of the site become Ruins and Lairs and each gains an additional automatic- attack: Animals - each character faces 1 strike with 7 prowess. Discard this card when the site is discarded or returned to its location deck.	playerNDeck
WhiteHand_PowerRelinquishedtoArtifice	Power Relinquished to Artifice	middle-earth-ccg/whitehand/MiddleEarthCCG-WhiteHand-PowerRelinquishedToArtifice.jpg	default	Hazard	WhiteHand	Permanent-event																				R3	Playable on a Wizard, Fallen-wizard, or Ringwraith. His prowess and direct influence are each modified by -1. If he is a Fallen-wizard, these modifiers are instead: -5 if his stage points (SPs) exceed 20, -4 if his SPs exceed 15, -3 if his SPs exceed 10, -2 if his SPs exceed 5 (use the first modifier that applies). For Alatar and Radagast, reduce the modifier to 0 for prowess and double it for direct influence. Cannot be duplicated on a given character. Discard when any play deck is exhausted.	playerNDeck
WhiteHand_RolleddowntotheSea	Rolled down to the Sea	middle-earth-ccg/whitehand/MiddleEarthCCG-WhiteHand-RolledDownToTheSea.jpg	default	Hazard	WhiteHand	Short-event																				R2	Unique. Opponent must discard a ring from his hand or from one of his companies if available. If no rings are available as such, he must reveal his hand to you.	playerNDeck
WhiteHand_SomethingElseatWork	Something Else at Work	middle-earth-ccg/whitehand/MiddleEarthCCG-WhiteHand-SomethingElseAtWork.jpg	default	Hazard	WhiteHand	Permanent-event																				R3	Playable on a character. Any influence check he makes is modified by -1 and any test for a gold ring in his company is modified by -1. If he is a Fallen-wizard, these modifiers are both instead: -4 if his stage points (SPs) exceed 14, -3 if his SPs exceed 9, -2 if his SPs exceed 4, -1 is his SPs exceed 0 (use the first modifier that applies). Cannot be duplicated on a given character. Discard when any play deck is exhausted.	playerNDeck
WhiteHand_WholeVillagesRoused	Whole Villages Roused	middle-earth-ccg/whitehand/MiddleEarthCCG-WhiteHand-WholeVillagesRoused.jpg	default	Hazard	WhiteHand	Short-event																				R3	Playable on a hero Border-hold or Free-hold . The site has the automatic- attacks indicated on the corresponding minion site card (detainment against hero companies) but with +2 prowess. Alternatively, playable on a minion Shadow-hold or Dark-hold. The site has the automatic-attacks indicated on the corresponding hero site card (detainment against overt companies) but with +2 prowess.	playerNDeck
WhiteHand_WillYouNotComeDown	Will You Not Come Down?	middle-earth-ccg/whitehand/MiddleEarthCCG-WhiteHand-WillYouNotComeDown.jpg	default	Hazard	WhiteHand	Permanent-event												4								U3	Playable on a Fallen-wizard at a Wizardhaven . Your opponent must choose to either: discard from play enough stage cards (of his choice) to reduce his stage point total below 7 or to receive 4 stage points. Cannot be duplicated on a given Fallen-wizard.	playerNDeck
WhiteHand_APanoplyofWings	A Panoply of Wings	middle-earth-ccg/whitehand/MiddleEarthCCG-WhiteHand-APanoplyOfWings.jpg	default	Hero Resource	WhiteHand	Faction	Animal										1									C3	Playable at any tapped or untapped non-Haven, non-Shadow-hold, non-Dark- hold site in a Wilderness if the influence check is greater than 11. Standard Modifications: if Radagast is your Wizard (+3). Discard this faction to make information playable at such a site.	playerNDeck
WhiteHand_BeastsoftheWood	Beasts of the Wood	middle-earth-ccg/whitehand/MiddleEarthCCG-WhiteHand-BeastsOfTheWood.jpg	default	Hero Resource	WhiteHand	Faction	Animal										1									C3	Playable at any tapped or untapped non-Haven, non-Darkhaven, non-Dark-hold site in Woodland Realm, Western Mirkwood, Heart of Mirkwood, Southern Mirkwood, Fangorn, or Cardolan if the influence check is greater than 11. Standard Modifications: if Radagast is your Wizard (+3). Tap this faction to cancel an attack keyed by name to one of the regions listed above. May also be used as a minion resource card that is only playable by a character in a covert company.	playerNDeck
WhiteHand_NobleSteed	Noble Steed	middle-earth-ccg/whitehand/MiddleEarthCCG-WhiteHand-NobleSteed.jpg	default	Hero Resource	WhiteHand	Ally				1			0	8			1									C4	Playable at any tapped or untapped non-Haven site in Rohan, Southern Rhovanion, Khand, Dorwinion, Horse Plains, or Harondor. If each character in a company controls a Noble Steed (or Bill the Pony or Shadowfax), the company may move up to two additional regions. Tap to cancel a strike (not from an automatic-attack) against its bearer or itself.	playerNDeck
WhiteHand_PromptingsofWisdom	Promptings of Wisdom	middle-earth-ccg/whitehand/MiddleEarthCCG-WhiteHand-PromptingsOfWisdom.jpg	default	Hero Resource	WhiteHand	Permanent-event															2					U3	Light Enchantment. Playable during the organization phase on a ranger. Target ranger may tap to cancel all hazard effects for the rest of the turn that: force his company to return to its site of origin or that tap his company's current or new site. If so tapped, target ranger makes a corruption check. Cannot be duplicated in a given company.	playerNDeck
WhiteHand_TheWhiteCouncil	The White Council	middle-earth-ccg/whitehand/MiddleEarthCCG-WhiteHand-TheWhiteCouncil.jpg	default	Hero Resource	WhiteHand	Permanent-event											1									R3	Playable during your organization phase in your marshalling point pile if your Wizard is in a Haven and you have more marshalling points than your opponent. Your opponent must be a Fallen-wizard or a Wizard. Cannot be duplicated on a given turn.	playerNDeck
WhiteHand_TheWhiteWizard	The White Wizard	middle-earth-ccg/whitehand/MiddleEarthCCG-WhiteHand-TheWhiteWizard.jpg	default	Hero Resource	WhiteHand	Permanent-event											2									R2	Unique. Playable on a Wizard with Sacrifice of Form. +2 to his direct influence, +1 to all of his corruption checks. Discard if Saruman is in play as an opposing Wizard.	playerNDeck
WhiteHand_WildHorses	Wild Horses	middle-earth-ccg/whitehand/MiddleEarthCCG-WhiteHand-WildHorses.jpg	default	Hero Resource	WhiteHand	Faction	Animal										1									R3	Playable at any tapped or untapped non-Haven site in Rohan, Southern Rhovanion, Khand, Dorwinion, Horse Plains, or Harondor if the influence check is greater than 11. Standard Modifications: Men with home sites in the regions listed above (+3). Tap this faction to allow any company with one of the regions listed above in its site path to move up to 1 additional region.	playerNDeck
WhiteHand_WildHounds	Wild Hounds	middle-earth-ccg/whitehand/MiddleEarthCCG-WhiteHand-WildHounds.jpg	default	Hero Resource	WhiteHand	Faction	Animal										1									U3	Playable at any tapped or untapped Ruins and Lairs in a Wilderness if the influence check is greater than 11. Standard Modifications: if Radagast is your Wizard (+3). Discard this faction to cancel an automatic-attack at a Ruins and Lairs or an attack keyed to Wilderness or Ruins and Lairs. May also be used as a minion resource card that is only playable by a character in a covert company.	playerNDeck
WhiteHand_DoethDurthak	Doeth (Durthak)	middle-earth-ccg/whitehand/MiddleEarthCCG-WhiteHand-DoethDurthak.jpg	default	Minion Character	WhiteHand		Orc	Warrior/Sage	Any Dark-hold	4	0		4	9			1									R2	Unique. Half-orc. Discard on a body check result of 9.	playerNDeck
WhiteHand_EuogUlzog	Euog (Ulzog)	middle-earth-ccg/whitehand/MiddleEarthCCG-WhiteHand-EuogUlzog.jpg	default	Minion Character	WhiteHand		Orc	Warrior/Diplomat	Any Dark-hold	5	1		5	9			2									R2	Unique. Half-orc. Leader. Discard on a body check result of 9. +2 direct influence against Orcs and Orc factions.	playerNDeck
WhiteHand_IllfavouredFellow	Ill-favoured Fellow	middle-earth-ccg/whitehand/MiddleEarthCCG-WhiteHand-IllFavouredFellow.jpg	default	Minion Character	WhiteHand		Orc	Warrior/Ranger	Any Dark-hold	3	0		2	9			1									C3	Half-orc. Discard on a body check result of 9.	playerNDeck
WhiteHand_Lugdush	Lugdush	middle-earth-ccg/whitehand/MiddleEarthCCG-WhiteHand-Lugdush.jpg	default	Minion Character	WhiteHand		Orc	Warrior/Scout	Isengard	4	0		5	8			1									U3	Unique. Uruk-hai. Discard on a body check result of 8.	playerNDeck
WhiteHand_SlySoutherner	Sly Southerner	middle-earth-ccg/whitehand/MiddleEarthCCG-WhiteHand-SlySoutherner.jpg	default	Minion Character	WhiteHand		Orc	Warrior/Scout	Any Dark-hold	2	0		1	9			0									C3	Half-orc. Discard on a body check result of 9.	playerNDeck
WhiteHand_SquinteyedBrute	Squint-eyed Brute	middle-earth-ccg/whitehand/MiddleEarthCCG-WhiteHand-SquintEyedBrute.jpg	default	Minion Character	WhiteHand		Orc	Warrior	Any Dark-hold	2	0		3	9			0									C3	Half-orc. Discard on a body check result of 9.	playerNDeck
WhiteHand_Ugluk	Ugluk	middle-earth-ccg/whitehand/MiddleEarthCCG-WhiteHand-Ugluk.jpg	default	Minion Character	WhiteHand		Orc	Warrior/Ranger	Isengard	5	0		5	9			2									R2	Unique. Uruk-hai. Leader. Discard on a body check result of 9. +3 direct influence against Orcs and Orc factions.	playerNDeck
WhiteHand_BlastingFire	Blasting Fire	middle-earth-ccg/whitehand/MiddleEarthCCG-WhiteHand-BlastingFire.jpg	default	Minion Resource	WhiteHand	Special Item											1				1					C4	Technology. Playable at a tapped or untapped Shadow-hold, Dark-hold, or a site with a Dwarf automatic-attack. Discard to cancel all automatic-attacks at a site against the bearer's company, any influence attempts against factions at the site this turn are modified by +2.	playerNDeck
WhiteHand_Counterfeit	Counterfeit	middle-earth-ccg/whitehand/MiddleEarthCCG-WhiteHand-Counterfeit.jpg	default	Minion Resource	WhiteHand	Permanent-event													Spirit-magic							R3	Magic. Spirit-magic. Playable on an Orc character in a spirit-magic using character's company. The Orc is considered to be a Half-orc for all purposes. Unless he is a Ringwraith, the spirit-magic using character makes a corruption check modified by -3. Discard if the Orc character is in a company that does not contain a spirit-magic using character.	playerNDeck
WhiteHand_CreptAlongCleverly	Crept Along Cleverly	middle-earth-ccg/whitehand/MiddleEarthCCG-WhiteHand-CreptAlongCleverly.jpg	default	Minion Resource	WhiteHand	Short-event																				C4	Ranger only. Cancels a Wolf, Animal, Spider, Dragon, Drake, or Undead attack against a ranger's company.	playerNDeck
WhiteHand_GoverntheStorms	Govern the Storms	middle-earth-ccg/whitehand/MiddleEarthCCG-WhiteHand-GovernTheStorms.jpg	default	Minion Resource	WhiteHand	Short-event													Sorcery							R3	Magic. Sorcery. Cancel all hazard effects for the rest of the turn that: force a sorcery-using character's company to return to its site of origin or would tap its current or new site. Unless he is a Ringwraith, the sorcery using character makes a corruption check modified by -4.	playerNDeck
WhiteHand_LiquidFire	Liquid Fire	middle-earth-ccg/whitehand/MiddleEarthCCG-WhiteHand-LiquidFire.jpg	default	Minion Resource	WhiteHand	Special Item											1				1					R3	Technology. Playable at a tapped or untapped Shadow-hold, Dark-hold, or a site with a Dwarf automatic-attack. Discard to cause all strikes from all attacks of a non- Dragon, non-Nazg�l, non-Balrog creature keyed to a site to fail (resulting body checks for the creature are modified by -2).	playerNDeck
WhiteHand_MechanicalBow	Mechanical Bow	middle-earth-ccg/whitehand/MiddleEarthCCG-WhiteHand-MechanicalBow.jpg	default	Minion Resource	WhiteHand	Major Item							2	-1			1				1					C4	"Weapon. Technology. -1 to bearer's body. Warrior only: +2 prowess to a maximum of 8; -1 to the body of any strike its bearer faces if he taps to face the strike."	playerNDeck
WhiteHand_OpentotheSummons	Open to the Summons	middle-earth-ccg/whitehand/MiddleEarthCCG-WhiteHand-OpenToTheSummons.jpg	default	Minion Resource	WhiteHand	Permanent-event																				U3	Playable on a minion company. One agent minion may be played with target company at a Darkhaven - place this card with the agent. -1 to his mind to a minimum of 1. This card may be played with a starting company in lieu of a minor item. When played as such, reveal it when starting companies are determined as if it were a character. Cannot be duplicated on a given character.	playerNDeck
WhiteHand_PiercingAllShadows	Piercing All Shadows	middle-earth-ccg/whitehand/MiddleEarthCCG-WhiteHand-PiercingAllShadows.jpg	default	Minion Resource	WhiteHand	Permanent-event															3					U3	Playable during the organization phase on a ranger. Target ranger may tap to cancel all hazard effects for the rest of the turn that: force his company to return to its site of origin or that tap his company's current or new site. If so tapped, target ranger makes a corruption check. Cannot be duplicated in a given company.	playerNDeck
WhiteHand_PoisonofhisVoice	Poison of his Voice	middle-earth-ccg/whitehand/MiddleEarthCCG-WhiteHand-PoisonOfHisVoice.jpg	default	Minion Resource	WhiteHand	Short-event													Spirit-magic							U3	Magic. Spirit-magic. Playable on a hazard permanent-event on a character in a spirit-magic-using character's company. Discard target hazard. Alternatively, playable on a spirit-magic-using Fallen-wizard. -6 to his stage points (to a minimum of 3) for the rest of the turn. Unless the spirit-magic- user is a Ringwraith, he makes a corruption check modified by -3.	playerNDeck
WhiteHand_SojourninShadows	Sojourn in Shadows	middle-earth-ccg/whitehand/MiddleEarthCCG-WhiteHand-SojournInShadows.jpg	default	Minion Resource	WhiteHand	Short-event													Shadow-magic							R3	Magic. Shadow-magic. Playable before strikes are assigned on a character facing an attack in a shadow-magic using character's company. Target character cannot be assigned a strike from the attack. Unless he is a Ringwraith, the shadow-magic using character makes a corruption check modified by -4.	playerNDeck
WhiteHand_TheBlackCouncil	The Black Council	middle-earth-ccg/whitehand/MiddleEarthCCG-WhiteHand-TheBlackCouncil.jpg	default	Minion Resource	WhiteHand	Permanent-event											1									R3	Playable during your organization phase in your marshalling points pile if your Ringwraith is in a Darkhaven and you have more marshalling points than your opponent and your opponent is a Ringwraith. Cannot be duplicated on a given turn.	playerNDeck
WhiteHand_TheFieryBlade	The Fiery Blade	middle-earth-ccg/whitehand/MiddleEarthCCG-WhiteHand-TheFieryBlade.jpg	default	Minion Resource	WhiteHand	Permanent-event																				R3	Playable on your Ringwraith or a Ringwraith follower. Each strike against the Ringwraith receives -1 body (-2 body and -2 prowess against The Witch- king). Discard The Fiery Blade after a strike against the Ringwraith fails or if the Ringwraith has Morgul-blade. Cannot be duplicated.	playerNDeck
WhiteHand_VileFumes	Vile Fumes	middle-earth-ccg/whitehand/MiddleEarthCCG-WhiteHand-VileFumes.jpg	default	Minion Resource	WhiteHand	Special Item											1				1					U4	Technology. Playable at a tapped or untapped Shadow-hold, Dark-hold, or a site with a Dwarf automatic-attack. Discard during the site phase at a Border- hold or Shadow- hold to make all versions of the site Ruins and Lairs. Its normal automatic-attacks are replaced with: Gas - each character faces 1 strike with 7 prowess (cannot be canceled). Keep Vile Fumes with the site until the site is discarded or returned to its location deck.	playerNDeck
WhiteHand_WhiteLightBroken	White Light Broken	middle-earth-ccg/whitehand/MiddleEarthCCG-WhiteHand-WhiteLightBroken.jpg	default	Minion Resource	WhiteHand	Short-event													Sorcery							U3	Magic. Sorcery. Playable on a sorcery-using character. All of his corruption checks are modified by +2 for the rest of the turn. Alternatively, playable on a sorcery-using Fallen-wizard. -4 to his stage points (to a minimum of 3) for the rest of the turn. Unless the sorcery-using character is a Ringwraith, he makes a corruption check.	playerNDeck
WhiteHand_AMerrierWorld	A Merrier World	middle-earth-ccg/whitehand/MiddleEarthCCG-WhiteHand-AMerrierWorld.jpg	default	Stage Resource	WhiteHand	Permanent-event												2								C3	Playable if you have more than 7 stage points. Hazards your companies defeat (for which you otherwise get 1 MP) are each worth full kill marshalling points. Cannot be duplicated by a given player.	playerNDeck
WhiteHand_ANewRinglord	A New Ringlord	middle-earth-ccg/whitehand/MiddleEarthCCG-WhiteHand-ANewRinglord.jpg	default	Stage Resource	WhiteHand	Permanent-event												3			1					R3	Playable on your Fallen-wizard if he has The One Ring at one of your Wizardhavens. Only one A New Ringlord may be played in a given turn. Make a roll during each of your end-of-turn phases if your Fallen-wizard is bearing The One Ring and is at a Ruins and Lairs where Information is playable. Add 1 for each A New Ringlord you have in play. If the result is less than 6, your fallen-Wizard is eliminated. If the result is greater than 9, you win the game.	playerNDeck
WhiteHand_AStridentSpawn	A Strident Spawn	middle-earth-ccg/whitehand/MiddleEarthCCG-WhiteHand-AStridentSpawn.jpg	default	Stage Resource	WhiteHand	Permanent-event											1	4								U3	Unique. Playable if you are Pallando or Saruman and have 6 or more stage points and a protected Wizardhaven. Each of your Half-orcs requires one less point of influence to control. During your organization phase, you may take one Half- orc character from your discard pile to your hand. You may play Half-orc characters at your Wizardhavens, and even if your Fallen-wizard is not there. Cannot be duplicated by a given player.	playerNDeck
WhiteHand_AnUntimelyBrood	An Untimely Brood	middle-earth-ccg/whitehand/MiddleEarthCCG-WhiteHand-AnUntimelyBrood.jpg	default	Stage Resource	WhiteHand	Permanent-event											1	4								C3	Playable if you are Radagast or Alatar and have 6 or more stage points and a protected Wizardhaven. One non-unique ally with a mind of 1 is playable at one of your tapped or untapped protected Wizardhavens each of your site phases. Cannot be duplicated by a given player.	playerNDeck
WhiteHand_ArcaneSchool	Arcane School	middle-earth-ccg/whitehand/MiddleEarthCCG-WhiteHand-ArcaneSchool.jpg	default	Stage Resource	WhiteHand	Permanent-event												1		Pallando						R3	Pallando specific. Sage only. Playable on a non-Hobbit, non-Dwarf sage at one of your Wizardhavens (or in your starting company). The character may use sorcery, spirit- magic, and shadow-magic. Cannot be duplicated on a given character.	playerNDeck
WhiteHand_AwaittheOnset	Await the Onset	middle-earth-ccg/whitehand/MiddleEarthCCG-WhiteHand-AwaitTheOnset.jpg	default	Stage Resource	WhiteHand	Permanent-event											5	3		Gandalf						R2	Gandalf specific. Playable if you are Gandalf and have at least: 12 stage points, two protected Wizardhavens, 4 factions, and 6 characters. Each faction you play after Await the Onset is worth 1 marshalling point regardless of other cards in play (place these factions under Await the Onset). Each of your marshalling point cards in a company not in one of your Wizardhavens when the game ends is worth 1 marshalling point regardless of other cards in play. Cannot be duplicated.	playerNDeck
WhiteHand_BadCompany	Bad Company	middle-earth-ccg/whitehand/MiddleEarthCCG-WhiteHand-BadCompany.jpg	default	Stage Resource	WhiteHand	Permanent-event												2								C3	You may play Orc and Troll characters and include them in your starting company. Cannot be duplicated by a given player.	playerNDeck
WhiteHand_BlindtoAllElse	Blind to All Else	middle-earth-ccg/whitehand/MiddleEarthCCG-WhiteHand-BlindToAllElse.jpg	default	Stage Resource	WhiteHand	Permanent-event												2								C3	Your ring items are each worth full marshalling points. Cannot be duplicated by a given player.	playerNDeck
WhiteHand_BowofAlatar	Bow of Alatar	middle-earth-ccg/whitehand/MiddleEarthCCG-WhiteHand-BowOfAlatar.jpg	default	Stage Resource	WhiteHand	Permanent-event												2		Alatar	1					R2	Unique. Alatar specific. Place this card on Alatar if he is in play. If on Alatar, you may tap Bow of Alatar to allow him to face a strike from an attack against his company regardless of the attack's normal capabilities and his status. If such a strike fails, the attack's body is reduced by 1.	playerNDeck
WhiteHand_ChambersintheRoyalCourt	Chambers in the Royal Court	middle-earth-ccg/whitehand/MiddleEarthCCG-WhiteHand-ChambersInTheRoyalCourt.jpg	default	Stage Resource	WhiteHand	Permanent-event												1		Gandalf						U3	Gandalf specific. Playable on one of your hero Free-hold sites in play. This site becomes a Wizardhaven for your companies, loses all automatic- attacks against your companies, and is one of Gandalf's home sites. Nothing is considered playable as written on the site card. If one of your companies is at this site, all attacks against it are canceled. Other Fallen-wizards may not use this site as a Wizardhaven. Discard this card when the site is discarded or returned to its location deck. It cannot be discarded otherwise. Cannot be duplicated on a given site.	playerNDeck
WhiteHand_DelversHarvest	Delver's Harvest	middle-earth-ccg/whitehand/MiddleEarthCCG-WhiteHand-DelversHarvest.jpg	default	Stage Resource	WhiteHand	Permanent-event											1									U3	Playable during the site phase if one of your companies enters the Deep Mines site.	playerNDeck
WhiteHand_Doubledealing	Double-dealing	middle-earth-ccg/whitehand/MiddleEarthCCG-WhiteHand-DoubleDealing.jpg	default	Stage Resource	WhiteHand	Permanent-event												1								C4	Playable on a site. If the site is a minion site, you may play appropriate hero resources there. If the site is a hero site, you may play appropriate minion resources there. Discard when this site is discarded or returned to your location deck.	playerNDeck
WhiteHand_Eartheater	Earth-eater	middle-earth-ccg/whitehand/MiddleEarthCCG-WhiteHand-EarthEater.jpg	default	Stage Resource	WhiteHand	Permanent-event											1									R3	Technology. Playable during the site phase if one of your companies enters the Deep Mines site and you have more Delver's Harvest cards in play than you have Earth- eater cards. Tap Earth-eater to take a minion non-unique weapon/armor/shield/helmet major item from your sideboard or discard pile to your hand.	playerNDeck
WhiteHand_FortressoftheTowers	Fortress of the Towers	middle-earth-ccg/whitehand/MiddleEarthCCG-WhiteHand-FortressOfTheTowers.jpg	default	Stage Resource	WhiteHand	Permanent-event												3								U3	Unique. May not be a starting stage card. Playable if you are Alatar, Pallando, or Saruman. Playable on The White Towers. The White Towers is protected. Other Fallen- wizards may not use the Wizardhaven card for The White Towers. Cards that give marshalling points are not playable at the site by your opponent in all cases. Discard this card when the site is discarded or returned to its location deck.	playerNDeck
WhiteHand_FriendofSecretThings	Friend of Secret Things	middle-earth-ccg/whitehand/MiddleEarthCCG-WhiteHand-FriendOfSecretThings.jpg	default	Stage Resource	WhiteHand	Permanent-event												2		Radagast						U3	Unique. Radagast specific. Your companies with a company size of 2 or less may play allies at tapped sites.	playerNDeck
WhiteHand_GandalfsFriend	Gandalf's Friend	middle-earth-ccg/whitehand/MiddleEarthCCG-WhiteHand-GandalfsFriend.jpg	default	Stage Resource	WhiteHand	Permanent-event												1		Gandalf						U3	Unique. Gandalf specific. Playable on one of your characters at one of your Wizardhavens (or in your starting company). +2 to his direct influence. This character requires 1 point of influence to control and may only be controlled by general influence or Gandalf.	playerNDeck
WhiteHand_GathererofLoyalties	Gatherer of Loyalties	middle-earth-ccg/whitehand/MiddleEarthCCG-WhiteHand-GathererOfLoyalties.jpg	default	Stage Resource	WhiteHand	Permanent-event												3								C3	Playable if you have more than 3 stage points. Your unique factions are each worth 2 marshalling points. If you are Alatar, your unique Dragon factions are each worth 4 marshalling points. If you are Pallando, your unique factions normally worth 3 or more marshalling points are each worth 3 marshalling points. Cannot be duplicated by a given player.	playerNDeck
WhiteHand_GirdleofRadagast	Girdle of Radagast	middle-earth-ccg/whitehand/MiddleEarthCCG-WhiteHand-GirdleOfRadagast.jpg	default	Stage Resource	WhiteHand	Permanent-event											5	3		Radagast						R2	Radagast specific. Playable on one of your protected Wizardhavens if you are Radagast and have at least 12 SP and 6 allies and/or unique factions in play (the factions must be playable at sites in the Wizardhaven's region or adjacent regions). The Wizardhaven's region and all adjacent regions become Wilderness. Cannot be duplicated.	playerNDeck
WhiteHand_GiveWelcometotheUnexpected	Give Welcome to the Unexpected	middle-earth-ccg/whitehand/MiddleEarthCCG-WhiteHand-GiveWelcomeToTheUnexpected.jpg	default	Stage Resource	WhiteHand	Permanent-event												2		Gandalf						R2	Unique. Gandalf specific. Place this card on Gandalf if he is in play. If on Gandalf, your unique non-character cards normally worth 1 marshalling point are each worth 2 marshalling points.	playerNDeck
WhiteHand_GloveofRadagast	Glove of Radagast	middle-earth-ccg/whitehand/MiddleEarthCCG-WhiteHand-GloveOfRadagast.jpg	default	Stage Resource	WhiteHand	Permanent-event												2		Radagast	1					R2	Unique. Radagast specific. Place this card on Radagast if he is in play. Any non-unique ally with 1 mind (a copy of which he does not already control) is considered playable with Radagast at his site. This ally may be taken from your discard pile or hand.	playerNDeck
WhiteHand_GnawedWays	Gnawed Ways	middle-earth-ccg/whitehand/MiddleEarthCCG-WhiteHand-GnawedWays.jpg	default	Stage Resource	WhiteHand	Permanent-event												1								R3	Playable on one of your Deep Mines sites. The Deep Mines site is now adjacent to an Under-deeps site of your choice whose surface site is in a region containing or adjacent to the region containing the Deep Mines surface site. The movement number required to move between these two Under-deeps sites is (7). This card may also be played as a hazard on one of your opponent's Deep Mines sites. Discard this card when Deep Mines is discarded or returned to its location deck. Cannot be duplicated on a given Deep Mines site.	playerNDeck
WhiteHand_GreatPatron	Great Patron	middle-earth-ccg/whitehand/MiddleEarthCCG-WhiteHand-GreatPatron.jpg	default	Stage Resource	WhiteHand	Permanent-event												2								C3	Your characters and allies that normally give 2 or more marshalling points are each worth 2 marshalling points. Cannot be duplicated by a given player.	playerNDeck
WhiteHand_GreatRuse	Great Ruse	middle-earth-ccg/whitehand/MiddleEarthCCG-WhiteHand-GreatRuse.jpg	default	Stage Resource	WhiteHand	Permanent-event											1	1								U3	Playable during the site phase on a Shadow-hold or Dark-hold hero site if you have an overt company there. Replace the hero site card with the corresponding minion site card. Discard when this site is discarded or returned to your location deck.	playerNDeck
WhiteHand_GreaterHalforcs	Greater Half-orcs	middle-earth-ccg/whitehand/MiddleEarthCCG-WhiteHand-GreaterHalfOrcs.jpg	default	Stage Resource	WhiteHand	Faction	Orc										2	1								R3	Playable at one of your protected Wizardhavens (if tapped or untapped) if you have A Strident Spawn and Half-orcs in play and if the influence check is greater than 11.	playerNDeck
WhiteHand_GreyEmbassy	Grey Embassy	middle-earth-ccg/whitehand/MiddleEarthCCG-WhiteHand-GreyEmbassy.jpg	default	Stage Resource	WhiteHand	Permanent-event												3		Gandalf						U3	Unique. Gandalf specific. Place this card on Gandalf if he is in play. If on Gandalf, your unique hero factions normally worth 2 or fewer marshalling points are each worth 2 marshalling points. If on Gandalf, your unique hero factions normally worth 3 or more marshalling points are each worth 3 marshalling points.	playerNDeck
WhiteHand_GuardedHaven	Guarded Haven	middle-earth-ccg/whitehand/MiddleEarthCCG-WhiteHand-GuardedHaven.jpg	default	Stage Resource	WhiteHand	Permanent-event											1	1								U3	Playable on one of your Wizardhavens other than Isengard, The White Towers, or Rhosgobel. The site is protected. Cards that give marshalling points are not playable at the site by your opponent in all cases. Cannot be duplicated on a given site.	playerNDeck
WhiteHand_Halforcs	Half-orcs	middle-earth-ccg/whitehand/MiddleEarthCCG-WhiteHand-HalfOrcs.jpg	default	Stage Resource	WhiteHand	Faction	Orc										1	1								U3	Playable at one of your protected Wizardhavens (if tapped or untapped) if you have A Strident Spawn in play and if the influence check is greater than 9.	playerNDeck
WhiteHand_HiddenHaven	Hidden Haven	middle-earth-ccg/whitehand/MiddleEarthCCG-WhiteHand-HiddenHaven.jpg	default	Stage Resource	WhiteHand	Permanent-event												1								C4	"Playable on a non-Dragon's lair Ruins and Lairs in a Wilderness, Border-land, or Shadow-land ; the site must normally be a Ruins and Lairs. This site becomes one of your Wizardhavens and loses all automatic-attacks. Nothing is considered playable as written on the site card. If one of your companies is at this site, all attacks against it are canceled. Other Fallen-wizards may not use this site as a Wizardhaven. Discard this card when the site is discarded or returned to its location deck. It cannot be discarded otherwise."	playerNDeck
WhiteHand_HuntsmansGarb	Huntsman's Garb	middle-earth-ccg/whitehand/MiddleEarthCCG-WhiteHand-HuntsmansGarb.jpg	default	Stage Resource	WhiteHand	Permanent-event												1		Alatar	1					U3	Unique. Alatar specific. Place this card on Alatar if he is in play. If on Alatar, you may tap Huntsman's Garb during your end-of-turn phase to take Risky Blow, True F�na, or The Hunt from your discard pile to your hand.	playerNDeck
WhiteHand_JointheHunt	Join the Hunt	middle-earth-ccg/whitehand/MiddleEarthCCG-WhiteHand-JoinTheHunt.jpg	default	Stage Resource	WhiteHand	Permanent-event												2		Alatar						U3	Unique. Alatar specific. Your weapon/shield/ armor/helmet items in Alatar's company are each worth full marshalling points. Your allies with a prowess attribute in Alatar's company are each worth full marshalling points.	playerNDeck
WhiteHand_KeysofOrthanc	Keys of Orthanc	middle-earth-ccg/whitehand/MiddleEarthCCG-WhiteHand-KeysOfOrthanc.jpg	default	Stage Resource	WhiteHand	Special Item											2	1			1					R2	Unique. Playable at Minas Tirith. During your organization phase, you may: take The Fortress of Isen card from your play deck or discard pile to your hand or discard The Fortress of Isen card if in play by another player. Reshuffle your play deck if searched.	playerNDeck
WhiteHand_KeystotheWhiteTowers	Keys to the White Towers	middle-earth-ccg/whitehand/MiddleEarthCCG-WhiteHand-KeysToTheWhiteTowers.jpg	default	Stage Resource	WhiteHand	Special Item											2	1			1					R2	Unique. Playable at Barrow-downs. During your organization phase, you may: take the Fortress of the Towers card from your play deck or discard pile to your hand or discard the Fortress of the Towers card if in play by another player. Reshuffle your play deck if searched.	playerNDeck
WhiteHand_LegacyofSmiths	Legacy of Smiths	middle-earth-ccg/whitehand/MiddleEarthCCG-WhiteHand-LegacyOfSmiths.jpg	default	Stage Resource	WhiteHand	Permanent-event												4								C3	Playable if you have more than 6 stage points. Your non-ring items are each worth full marshalling points. Cannot be duplicated by a given player.	playerNDeck
WhiteHand_ManofSkill	Man of Skill	middle-earth-ccg/whitehand/MiddleEarthCCG-WhiteHand-ManOfSkill.jpg	default	Stage Resource	WhiteHand	Permanent-event												2		Saruman						U3	Unique. Saruman specific. Your permanent-events that require a site where Information is playable are each worth 2 marshalling points.	playerNDeck
WhiteHand_ManycolouredRobes	Many-coloured Robes	middle-earth-ccg/whitehand/MiddleEarthCCG-WhiteHand-ManyColouredRobes.jpg	default	Stage Resource	WhiteHand	Permanent-event												1		Saruman	1					U3	Unique. Saruman specific. Place this card on Saruman if he is in play. If on Saruman, he may tap during his end-of-turn phase to take Ringlore, Lordly Presence, or First of the Order from his discard pile to his hand. {cyan} UEP: Unique. Saruman specific. Place this card on Saruman if he is in play. If on Saruman, he may tap Many-coloured Robes during his end-of-turn phase to take Ringlore, Lordly Presence, or First of the Order from his discard pile to his hand.	playerNDeck
WhiteHand_MasterofShapes	Master of Shapes	middle-earth-ccg/whitehand/MiddleEarthCCG-WhiteHand-MasterOfShapes.jpg	default	Stage Resource	WhiteHand	Permanent-event					1	25	9	10				1		Radagast	-2					U3	Radagast specific. Shapeshifter. Place this card on Radagast if he is in play. Return this card to your hand: when you play another Shapeshifter card or, if you choose, during your organization phase. In addition to adopting the given attributes, Radagast's skills become Warrior/Ranger. Radagast's prowess is only modified by -1 when not tapping to face a strike. Radagast may bear, but may not use items.	playerNDeck
WhiteHand_MischiefinaMeanWay	Mischief in a Mean Way	middle-earth-ccg/whitehand/MiddleEarthCCG-WhiteHand-MischiefInAMeanWay.jpg	default	Stage Resource	WhiteHand	Permanent-event											2	2								R3	Playable during the site phase on a Border-hold site if you have 10 or more stage points. This site becomes one of your Wizardhavens and loses all automatic-attacks. Nothing is considered playable as written on the site. If one of your companies is at this site, all attacks against it are canceled. Other Fallen-wizards may not use this site as a Wizardhaven. Discard this card when the site is discarded or returned to its location deck. It cannot be discarded otherwise.	playerNDeck
WhiteHand_NeverRefuse	Never Refuse	middle-earth-ccg/whitehand/MiddleEarthCCG-WhiteHand-NeverRefuse.jpg	default	Stage Resource	WhiteHand	Permanent-event												2								U3	All corruption checks by your non-Wizard characters caused by your magic cards are modified by +2.	playerNDeck
WhiteHand_OromesWarders	Orome's Warders	middle-earth-ccg/whitehand/MiddleEarthCCG-WhiteHand-OromesWarders.jpg	default	Stage Resource	WhiteHand	Permanent-event												3		Alatar						R2	Unique. Alatar specific. Playable on Alatar if Join the Hunt is in play. Your weapon/shield/armor/helmet items are each worth full marshalling points. Your allies with a prowess attribute are each worth full marshalling points. Your Elf factions are each worth 2 marshalling points.	playerNDeck
WhiteHand_PallandosApprentice	Pallando's Apprentice	middle-earth-ccg/whitehand/MiddleEarthCCG-WhiteHand-PallandosApprentice.jpg	default	Stage Resource	WhiteHand	Permanent-event												2		Pallando						U3	Unique. Pallando specific. Sage only. Playable on a non-Hobbit, non-Dwarf sage character at one of your Wizardhavens (or in your starting company). +1 to his direct influence. This character requires 2 points of influence to control and may only be controlled by general influence or Pallando. This character may tap to use a Palant�r he bears.	playerNDeck
WhiteHand_PallandosHood	Pallando's Hood	middle-earth-ccg/whitehand/MiddleEarthCCG-WhiteHand-PallandosHood.jpg	default	Stage Resource	WhiteHand	Permanent-event												1		Pallando	1					U3	Unique. Pallando specific. Place this card on Pallando if he is in play. If on Pallando, you may tap Pallando's Hood during your end-of-turn phase to take Gifts as Given of Old, Wizard's Voice, or Eyes of Mandos from your discard pile to your hand.	playerNDeck
WhiteHand_PlottingRuin	Plotting Ruin	middle-earth-ccg/whitehand/MiddleEarthCCG-WhiteHand-PlottingRuin.jpg	default	Stage Resource	WhiteHand	Permanent-event												3								C3	Playable if you have more than 7 stage points. You must use minion site cards for Hero Havens, Free-holds and Border-holds.	playerNDeck
WhiteHand_PocketedRobes	Pocketed Robes	middle-earth-ccg/whitehand/MiddleEarthCCG-WhiteHand-PocketedRobes.jpg	default	Stage Resource	WhiteHand	Permanent-event												1		Radagast						U3	Unique. Radagast specific. Place this card on Radagast if he is in play. If on Radagast, you may tap Pocketed Robes during your end-of-turn phase to take Crept Along Cleverly, Wizard's River-horses, or Herb-lore from your discard pile to your hand.	playerNDeck
WhiteHand_ProphetofDoom	Prophet of Doom	middle-earth-ccg/whitehand/MiddleEarthCCG-WhiteHand-ProphetOfDoom.jpg	default	Stage Resource	WhiteHand	Permanent-event											3	3		Pallando						R2	Pallando specific. Playable if you are Pallando and have at least 12 stage points and 5 factions in play. Pallando need not be at the appropriate site when making an influence attempt on an opponent's resource or character. Such an influence check is modified by half (rounded up) of Pallando's unused general influence (to a maximum of 10) instead of his unused direct influence. Subtract from the attempt the number of regions between Pallando's site and the site where the influence attempt would normally be made. Discard if you have fewer than 5 factions in play. Cannot be duplicated.	playerNDeck
WhiteHand_RadagastsBlackBird	Radagast's Black Bird	middle-earth-ccg/whitehand/MiddleEarthCCG-WhiteHand-RadagastsBlackBird.jpg	default	Stage Resource	WhiteHand	Ally		Scout/Diplomat		2	3		2	8			1	2		Radagast						U3	Unique. Radagast specific. Playable at one of your Wizardhavens [{H}]. You may return Radagast's Black Bird to your hand: during your organization phase or if its controlling character leaves active play. Radagast may play this ally at any site (tapped or untapped) and need not tap himself or the site to do so. This ally may attempt to influence factions as if he were a character. He may cancel a strike directed against him - tapping afterwards if not already tapped.	playerNDeck
WhiteHand_RingofFire	Ring of Fire	middle-earth-ccg/whitehand/MiddleEarthCCG-WhiteHand-RingOfFire.jpg	default	Stage Resource	WhiteHand	Permanent-event												2		Gandalf						R2	Unique. Gandalf specific. Place this card on Gandalf if he is in play. If on Gandalf, you may tap Ring of Fire during your organization phase to take Narya from your discard pile to your hand.	playerNDeck
WhiteHand_SarumansMachinery	Saruman's Machinery	middle-earth-ccg/whitehand/MiddleEarthCCG-WhiteHand-SarumansMachinery.jpg	default	Stage Resource	WhiteHand	Permanent-event											1	4		Saruman						R3	Saruman specific. Playable, if you are Saruman, on your protected Isengard or your protected The White Towers. One Technology item is playable at the site during your site phase whether the site is tapped or untapped. Discard when this site is discarded or returned to your location deck. Cannot be duplicated on a given site.	playerNDeck
WhiteHand_SarumansRing	Saruman's Ring	middle-earth-ccg/whitehand/MiddleEarthCCG-WhiteHand-SarumansRing.jpg	default	Stage Resource	WhiteHand	Permanent-event												2		Saruman	1					R2	Unique. Saruman specific. Place this card on Saruman if he is in play. If on Saruman, you may tap Saruman's Ring during your end-of-turn phase to take a ring item (other than The One Ring) from your discard pile to your hand.	playerNDeck
WhiteHand_ShamefulDeeds	Shameful Deeds	middle-earth-ccg/whitehand/MiddleEarthCCG-WhiteHand-ShamefulDeeds.jpg	default	Stage Resource	WhiteHand	Permanent-event												4								U3	Playable if you are not Alatar and have more than 6 stage points. Hazards with an asterisk [*] attack your companies normally, not as detainment. Such hazards your companies defeat while this card is in play give you full kill marshalling points. You receive no kill marshalling points from other hazards if this card is in play. Cannot be duplicated by a given player.	playerNDeck
WhiteHand_ShifterofHues	Shifter of Hues	middle-earth-ccg/whitehand/MiddleEarthCCG-WhiteHand-ShifterOfHues.jpg	default	Stage Resource	WhiteHand	Permanent-event					3	27	6	10				1		Radagast	-2					R3	Radagast specific. Shapeshifter. Place this card on Radagast if he is in play. Return this card to your hand: when you play another Shapeshifter card or, if you choose, during your organization phase. In addition to adopting the given attributes, Radagast's skills become Warrior/Diplomat. Radagast may not move. You may keep one more card than normal in your hand. Radagast can tap give +2 to the corruption checks of the characters in one company through your next organization phase (this company must be moving with at least one Wilderness in their site path). Radagast may bear, but may not use, items.	playerNDeck
WhiteHand_SpellsBornofDiscord	Spells Born of Discord	middle-earth-ccg/whitehand/MiddleEarthCCG-WhiteHand-SpellsBornOfDiscord.jpg	default	Stage Resource	WhiteHand	Permanent-event												2								U3	Your Fallen-wizard may use sorcery, spirit-magic, and shadow-magic. Cannot be duplicated by a given player.	playerNDeck
WhiteHand_SquireoftheHunt	Squire of the Hunt	middle-earth-ccg/whitehand/MiddleEarthCCG-WhiteHand-SquireOfTheHunt.jpg	default	Stage Resource	WhiteHand	Permanent-event							1	1				2		Alatar						U3	Unique. Alatar specific. Warrior only. Playable on one of your warrior characters at one of your Wizardhavens (or in your starting company). +1 to his direct influence. This character requires 2 points of influence to control and may only be controlled by general influence or Alatar.	playerNDeck
WhiteHand_StaveofPallando	Stave of Pallando	middle-earth-ccg/whitehand/MiddleEarthCCG-WhiteHand-StaveOfPallando.jpg	default	Stage Resource	WhiteHand	Permanent-event												2		Pallando	1					R2	Unique. Pallando specific. Place this card on Pallando if he is in play. If on Pallando, you may tap Stave of Pallando during your end-of-turn phase to take a faction from your discard pile to your hand.	playerNDeck
WhiteHand_TheForgemaster	The Forge-master	middle-earth-ccg/whitehand/MiddleEarthCCG-WhiteHand-TheForgeMaster.jpg	default	Stage Resource	WhiteHand	Permanent-event												2		Saruman						U3	Unique. Saruman specific. Playable on a non-Hobbit sage character or a Man. +1 to his direct influence. The character requires 2 points of influence to control and may only be controlled by general influence or Saruman. If at a Wizardhaven during your organization phase, you may tap this character to place a non-unique weapon/armor/ shield/helmet minor item with any character at The Forge-master's site. The recipient need not tap to receive this item, and the item may be taken from your discard pile, sideboard, or hand.	playerNDeck
WhiteHand_TheFortressofIsen	The Fortress of Isen	middle-earth-ccg/whitehand/MiddleEarthCCG-WhiteHand-TheFortressOfIsen.jpg	default	Stage Resource	WhiteHand	Permanent-event												3								U3	Unique. May not be a starting stage card. Playable if you are Alatar, Pallando, or Saruman. Playable on Isengard. Isengard is protected. Other Fallen-wizards may not use the Wizardhaven card for Isengard. Cards that give marshalling points are not playable at the site by your opponent in all cases. Discard this card when the site is discarded or returned to its location deck.	playerNDeck
WhiteHand_TheGreatHunt	The Great Hunt	middle-earth-ccg/whitehand/MiddleEarthCCG-WhiteHand-TheGreatHunt.jpg	default	Stage Resource	WhiteHand	Permanent-event											1	3		Alatar						R2	Alatar specific. Playable if you are Alatar and have at least 12 stage points. Your opponent reveals cards one at a time from his play deck or his discard pile (your choice). Any hazard creature revealed immediately attacks Alatar's company. This process stops when 5 creatures or all cards of the deck (or pile) have been revealed. Reshuffle play deck if used. Thereafter, your opponent discards face-up. Whenever your opponent discards a creature during your turn, you may choose to have it attack Alatar's company instead. Cannot be duplicated.	playerNDeck
WhiteHand_TheGreyHat	The Grey Hat	middle-earth-ccg/whitehand/MiddleEarthCCG-WhiteHand-TheGreyHat.jpg	default	Stage Resource	WhiteHand	Permanent-event												1		Gandalf	1					U3	Unique. Gandalf specific. Place this card on Gandalf if he is in play. If on Gandalf, you may tap The Grey Hat during your end-of-turn phase to take New Friendship, Wizard's Test, or Hobbit-lore from your discard pile to your hand.	playerNDeck
WhiteHand_TheWhiteHand	The White Hand	middle-earth-ccg/whitehand/MiddleEarthCCG-WhiteHand-TheWhiteHand.jpg	default	Stage Resource	WhiteHand	Permanent-event					2		1	0			6	3		Saruman						R2	Saruman specific. Playable on Saruman if he has the following in play: at least 12 stage points, at least 3 factions, A Strident Spawn, and Saruman's Machinery. Cannot be duplicated.	playerNDeck
WhiteHand_ThralloftheVoice	Thrall of the Voice	middle-earth-ccg/whitehand/MiddleEarthCCG-WhiteHand-ThrallOfTheVoice.jpg	default	Stage Resource	WhiteHand	Permanent-event												1								C4	Instead of a normal character, during your organization phase you may bring into play one character (including a minion agent) with up to a 6 mind. Place this card with the character. -1 to his mind to a minimum of 1. Such a character may also be in your starting company.	playerNDeck
WhiteHand_TruthsofDoom	Truths of Doom	middle-earth-ccg/whitehand/MiddleEarthCCG-WhiteHand-TruthsOfDoom.jpg	default	Stage Resource	WhiteHand	Permanent-event												4		Pallando						U3	Unique. Pallando specific. Your general influence is increased by 6 points. You may only use 2 of these 6 points to control characters.	playerNDeck
WhiteHand_Warforges	War-forges	middle-earth-ccg/whitehand/MiddleEarthCCG-WhiteHand-WarForges.jpg	default	Stage Resource	WhiteHand	Permanent-event												2								U3	Playable on one of your protected Wizardhavens (not by Radagast). You may tap War-forges to make an additional non-hoard, non-unique minor item playable at this site this turn (if the site is tapped or not). The item may be taken from your discard pile or sideboard. Discard when this site is discarded or returned to your location deck. Cannot be duplicated on a given site.	playerNDeck
WhiteHand_WingedChangemaster	Winged Change-master	middle-earth-ccg/whitehand/MiddleEarthCCG-WhiteHand-WingedChangeMaster.jpg	default	Stage Resource	WhiteHand	Permanent-event					8	19	3	9				1		Radagast	-2					R3	Radagast specific. Shapeshifter. Place this card on Radagast if he is in play. Return this card to your hand: when you play another Shapeshifter card or, if you choose, during your organization phase. In addition to adopting the given attributes, Radagast's skills become Scout/Diplomat. If no other characters or allies (except his Black Bird) are in his company: Radagast may move to a new site with no region card maximum, he has no site path, and he is considered to move through no regions. Radagast may bear, but may not use, items.	playerNDeck
WhiteHand_WizardsMyrmidon	Wizard's Myrmidon	middle-earth-ccg/whitehand/MiddleEarthCCG-WhiteHand-WizardsMyrmidon.jpg	default	Stage Resource	WhiteHand	Permanent-event												1								C3	Playable on one of your non-Fallen-wizard characters. +1 to his direct influence. The character requires 3 points of influence to control and may only be controlled by general influence or a Fallen-wizard. Cannot be duplicated by a given player.	playerNDeck
WhiteHand_WizardsTrove	Wizard's Trove	middle-earth-ccg/whitehand/MiddleEarthCCG-WhiteHand-WizardsTrove.jpg	default	Stage Resource	WhiteHand	Permanent-event												1								R3	You may play The White Tree at one of your Wizardhavens if Sapling of the White Tree is stored there. Place Wizard's Trove with The White Tree - which is worth full marshalling points. Your Wizardhaven becomes protected. Ignore the text of The White Tree. Alternatively, you may store one miscellaneous marshalling point card at one of your Wizardhavens. Any reference to the site where the card can normally be stored are transferred instead to the Wizardhaven. Place Wizard's Trove with the stored card - which is worth full marshalling points.	playerNDeck
Wizards_Abductor	Abductor	middle-earth-ccg/wizards/MiddleEarthCCG-Wizards-Abductor.jpg	default	Hazard	Wizards	Creature	Men						10	-	1	{b}{B}	1									CA	Men. One Strike. Each non-Wizard defending character wounded by the Abductor is discarded.	playerNDeck
Wizards_Adunaphel	Adunaphel	middle-earth-ccg/wizards/MiddleEarthCCG-Wizards-Adunaphel.jpg	default	Hazard	Wizards	Creature/Permanent-event	Nazgul						15	10	1	{d}{D}	5									R	"Unique. Nazgul (7th). May be played as a hazard creature (with one strike) or as a permanent-event. As a creature, may also be played keyed to Brown Lands, Dagorlad, Gorgoroth, and Western Mirkwood; and may also be played at sites in these regions. If played as a permanent-event, it will remain in play until tapped during the opponent's movement/hazard phase (tapping counts against the hazard limit). When tapped, Adunaphel becomes a short-event and causes any one character to tap. {green} DCE: As a creature, may also be played keyed to Hyarmenfalas, Nurn, Dagorlad, and Gorgoroth;"	playerNDeck
Wizards_Agburanar	Agburanar	middle-earth-ccg/wizards/MiddleEarthCCG-Wizards-Agburanar.jpg	default	Hazard	Wizards	Creature	Dragon						15	9	2		4									R	"Unique. May be played at Caves of ulund. Dragon. Two strikes. If Doors of Night is in play, may also be played keyed to Grey Mountain Narrows, Iron Hills, Northern Rhovanion, and Withered Heath; and may also be played at sites in these regions."	playerNDeck
Wizards_Akhorahil	Akhorahil	middle-earth-ccg/wizards/MiddleEarthCCG-Wizards-Akhorahil.jpg	default	Hazard	Wizards	Creature/Permanent-event	Nazgul						16	9	1	{d}{D}	5									R	"Unique. Nazgul (5th). May be played as a hazard creature (with one strike) or as a permanent-event. As a creature, may also be played keyed to Harondor, Horse Plains, Gorgoroth, and Khand; and may also be played at sites in those regions. If played as a permanent-event, it will remain in play until tapped during the opponent's movement/hazard phase (tapping counts against the hazard limit). When tapped, Akhorahil becomes a short-event and modifies any one character's body by -1 for the rest of this turn. {green} DCE: As a creature, may also be played keyed to Harondor, Ithilien, Far Harad, and Gorgoroth"	playerNDeck
Wizards_Ambusher	Ambusher	middle-earth-ccg/wizards/MiddleEarthCCG-Wizards-Ambusher.jpg	default	Hazard	Wizards	Creature	Men						10	-	2	{f}{b}	1									CA	Men. Two strikes. Attacker chooses defending characters.	playerNDeck
Wizards_ArouseDenizens	Arouse Denizens	middle-earth-ccg/wizards/MiddleEarthCCG-Wizards-ArouseDenizens.jpg	default	Hazard	Wizards	Short-event																				CA2	The prowess of one automatic-attack at a Ruins & Lairs [{R}] site is increased by 3 until the end of the turn. Cannot be duplicated at a given site.	playerNDeck
Wizards_ArouseMinions	Arouse Minions	middle-earth-ccg/wizards/MiddleEarthCCG-Wizards-ArouseMinions.jpg	default	Hazard	Wizards	Short-event																				CA2	The prowess of one automatic-attack at a Shadow-hold [{S}] or Dark-hold [{D}] site is increased by 3 until the end of the turn. Cannot be duplicated at a given site.	playerNDeck
Wizards_Assassin	Assassin	middle-earth-ccg/wizards/MiddleEarthCCG-Wizards-Assassin.jpg	default	Hazard	Wizards	Creature	Men						11	-	1	{B}{F}	2									R	Men. Three attacks (of one strike each) all against the same character. Attacker chooses defending character. One or two of these attacks may be canceled by tapping one character (not the defending character) in the defender's company for each attack canceled.	playerNDeck
Wizards_AwakenDenizens	Awaken Denizens	middle-earth-ccg/wizards/MiddleEarthCCG-Wizards-AwakenDenizens.jpg	default	Hazard	Wizards	Long-event																				CA2	The number of strikes for each automatic-attack at a Ruins & Lairs [{R}] site is doubled. Cannot be duplicated.	playerNDeck
Wizards_AwakenMinions	Awaken Minions	middle-earth-ccg/wizards/MiddleEarthCCG-Wizards-AwakenMinions.jpg	default	Hazard	Wizards	Long-event																				CA2	The number of strikes for each automatic-attack at a Shadow-hold [{S}] site or at a Dark-hold [{D}] site is doubled. Cannot be duplicated.	playerNDeck
Wizards_AwakentheEarthsFire	Awaken the Earth's Fire	middle-earth-ccg/wizards/MiddleEarthCCG-Wizards-AwakenTheEarthsFire.jpg	default	Hazard	Wizards	Short-event																				U	Environment. Modify the prowess of one auto-attack at a Shadow-hold [{S}] or Dark-hold [{D}] site by +2. Alternatively, if Doors of Night is in play, treat one Shadow-land [{s}] as a Dark-domain [{d}] until end of the turn. Cannot be duplicated.	playerNDeck
Wizards_BalrogofMoria	Balrog of Moria	middle-earth-ccg/wizards/MiddleEarthCCG-Wizards-BalrogOfMoria.jpg	default	Hazard	Wizards	Permanent-event											5									R	Unique. Spawn. The Balrog appears in Moria. The Moria site gains a second automatic-attack of 1 strike with 18 prowess and no body. If this 2nd automatic attack is defeated, this permanent-event is removed from play (i.e., the Balrog is defeated). If your opponent defeats this 2nd automatic-attack, he receives the marshalling points. In addition, unless Galadriel is at Lorien or she is not in play, Lorien is considered a Free-hold [{F}] (for purposes of healing and playing hazards). +2 prowess to all automatic-attacks at sites in Hollin, Redhorn Gate, and Wold & Foothills. {cyan} UEP: The automatic-attack of Balrog of Moria is 1 strike at 18 prowess and 9 body.	playerNDeck
Wizards_BaneoftheIthilstone	Bane of the Ithil-stone	middle-earth-ccg/wizards/MiddleEarthCCG-Wizards-BaneOfTheIthilStone.jpg	default	Hazard	Wizards	Permanent-event																				R	Corruption points for Palantiri are doubled. Automatically cancels any effect that causes a player to search through or look at any portion of a play deck or a discard pile outside of the normal sequence of play. Discard Bane of the Ithil-stone whenever a play deck is exhausted. Cannot be duplicated.	playerNDeck
Wizards_Barrowwight	Barrow-wight	middle-earth-ccg/wizards/MiddleEarthCCG-Wizards-BarrowWight.jpg	default	Hazard	Wizards	Creature	Undead						12	-	1	{s}{d}{S}{D}	1									U	Undead. One strike. After the attack, each character wounded by Barrow-wight makes a corruption check modified by -2. {cyan} UEP: Barrow-wight is playable at Barrow-downs.	playerNDeck
Wizards_BertBurat	Bert (Burat)	middle-earth-ccg/wizards/MiddleEarthCCG-Wizards-BertBurat.jpg	default	Hazard	Wizards	Creature	Trolls						12	-	1	{w}{s}{S}	1									U	Unique. Troll. One strike. If played after William or Tom and if keyed to the same site path against the same company, each character wounded by Bert must discard all non-special items he bears.{green} DCE: Add a body value of 8.	playerNDeck
Wizards_Brigands	Brigands	middle-earth-ccg/wizards/MiddleEarthCCG-Wizards-Brigands.jpg	default	Hazard	Wizards	Creature	Men						8	-	2	{b}{w}	1									CA2	Men. Two strikes. If any strike of Brigands wounds a character, the company must immediately discard one item (of defender's choice).	playerNDeck
Wizards_CallofHome	Call of Home	middle-earth-ccg/wizards/MiddleEarthCCG-Wizards-CallOfHome.jpg	default	Hazard	Wizards	Short-event																				CA2	"Playable on a non-Wizard character that is not the bearer of The One Ring. The character's player must make a roll (or draw a #); return the character to the player's hand if the result plus his unused general influence is less than 10. Any one item held by a character removed in this fashion may automatically be transferred to another character in his company."	playerNDeck
Wizards_CalloftheSea	Call of the Sea	middle-earth-ccg/wizards/MiddleEarthCCG-Wizards-CallOfTheSea.jpg	default	Hazard	Wizards	Short-event																				U	Playable on a Elf character. The character's player must make a roll (or draw a #). Return the character to the player's hand if this result plus his unused general influence is less than 10. This result is modified by -3 if the character's company moved this turn using a site path containing a Coastal Sea [{c}]. Any one item held by a character removed in this fashion may automatically be transferred to another character in his company.	playerNDeck
Wizards_Cavedrake	Cave-drake	middle-earth-ccg/wizards/MiddleEarthCCG-Wizards-CaveDrake.jpg	default	Hazard	Wizards	Creature	Dragon						10	-	2	{w}{w}{R}	1									CA2	Dragon. Two strikes. Attacker chooses defending characters. Two Wildernesses [{w}] in site path are required.	playerNDeck
Wizards_ChokingShadows	Choking Shadows	middle-earth-ccg/wizards/MiddleEarthCCG-Wizards-ChokingShadows.jpg	default	Hazard	Wizards	Short-event																				CA	Environment. Modify the prowess of one automatic-attack at a Ruins & Lairs [{R}] site by +2. Alternatively, if Doors of Night is in play, treat one Wilderness [{w}] as a Shadow-land [{s}] or one Ruins & Lairs [{R}] as a Shadow-hold [{S}] until the end of the turn. Cannot be duplicated.	playerNDeck
Wizards_Clouds	Clouds	middle-earth-ccg/wizards/MiddleEarthCCG-Wizards-Clouds.jpg	default	Hazard	Wizards	Long-event																				R	Environment. If Doors of Night is in play, the prowess of each hazard creature is modified by +2. Cannot be duplicated.	playerNDeck
Wizards_Corpsecandle	Corpse-candle	middle-earth-ccg/wizards/MiddleEarthCCG-Wizards-CorpseCandle.jpg	default	Hazard	Wizards	Creature	Undead						7	-	1	{w}{s}{d}{S}{D}	1									CA	Undead. One strike. If this attack is not canceled, every character in the company makes a corruption check before defending characters are selected.	playerNDeck
Wizards_CorsairsofUmbar	Corsairs of Umbar	middle-earth-ccg/wizards/MiddleEarthCCG-Wizards-CorsairsOfUmbar.jpg	default	Hazard	Wizards	Creature	Men						9	-	5	{c}	1									U	"Men. Five strikes. May also be played keyed to Andrast, Andrast Coast, Anfalas, Bay of Belfalas, Belfalas, Cardolan, Elven Shores, Enedhwaith, Eriadoran Caoast, Harondor, Lindon, Lebennin, Mouths of the Anduin and Old Pukel-land; and may also be played at Ruins & Lairs [{R}] and Shadow-holds [{S}] in these regions. May also be played at any site in Elven Shores, Eriadoran Coast, Andrast Coast, Bay of Belfalas, or Mouths of the Anduin."	playerNDeck
Wizards_Crebain	Crebain	middle-earth-ccg/wizards/MiddleEarthCCG-Wizards-Crebain.jpg	default	Hazard	Wizards	Creature	Animals						5	-	1/each	{b}{w}{s}{d}{R}{S}{D}	1									CA	Animals. Each character in the company faces one strike. After the attack, the defender must reveal one random card from his hand for each character in the defending company.	playerNDeck
Wizards_Daelomin	Daelomin	middle-earth-ccg/wizards/MiddleEarthCCG-Wizards-Daelomin.jpg	default	Hazard	Wizards	Creature	Dragon						13	8	3		4									R	"Unique. May be played at Dancing Spire. Dragon. Three strikes. Attacker chooses defending characters. If Doors of Night is in play, may also be played keyed to Grey Mountain Narrows, Iron Hills, Northern Rhovanion, and Withered Heath; and may also be played at site in these regions. {green} DCE: If Doors of Night is in play, may also be played keyed to Grey Mountain Narrows, Southern Rhovanion, Northern Rhovanion, and Withered Heath; and may also be played  at site in these regions."	playerNDeck
Wizards_DespairoftheHeart	Despair of the Heart	middle-earth-ccg/wizards/MiddleEarthCCG-Wizards-DespairOfTheHeart.jpg	default	Hazard	Wizards	Permanent-event															2					CA	Corruption. A non-Wizard, non-Hobbit character receives 2 corruption points. Target character makes a corruption check each time a character in his company becomes wounded. Cannot be duplicated on a given character. During his organization phase, a character with this card may tap to attempt to remove it. Make a roll (or draw a #): if this result is greater than 4, discard this card.	playerNDeck
Wizards_DoorsofNight	Doors of Night	middle-earth-ccg/wizards/MiddleEarthCCG-Wizards-DoorsOfNight.jpg	default	Hazard	Wizards	Permanent-event																				F5	Environment. All resource environment cards in play are immediately discarded, and all resource environment effects are canceled. Cannot be duplicated.	playerNDeck
Wizards_DragonsDesolation	Dragon's Desolation	middle-earth-ccg/wizards/MiddleEarthCCG-Wizards-DragonsDesolation.jpg	default	Hazard	Wizards	Short-event																				U	The prowess of one Dragon attack is modified by +2 or one Dragon hazard creature may be played at a Ruins & Lairs [{R}] that has two Wildernesses [{w}] in its site path (only one Wilderness [{w}] is required if Doors of Night is in play).	playerNDeck
Wizards_DrowningSeas	Drowning Seas	middle-earth-ccg/wizards/MiddleEarthCCG-Wizards-DrowningSeas.jpg	default	Hazard	Wizards	Short-event																				U	Environment. Playable on a company that moved this turn to a site with a Coastal Sea [{c}] in its site path. Target company loses one item of its choice and its player must randomly discard two cards from his hand. Alternatively, if Doors of Night is in play, target company must immediately return to its site of origin.	playerNDeck
Wizards_DwarofWaw	Dwar of Waw	middle-earth-ccg/wizards/MiddleEarthCCG-Wizards-DwarOfWaw.jpg	default	Hazard	Wizards	Creature/Permanent-event	Nazgul						15	10	1	{d}{D}	5									R	"Unique. Nazgul (3rd). May be played as a hazard creature (with one strike) or as a permanent-event. As a creature, may also be played keyed to Harondor, Imlad Morgul, Gorgoroth, and Ithilien; and may also be played at sites in these regions. If played as a permanent-event, it will remain in play until tapped during the opponent's movement/hazard phase (tapping counts against the hazard limit). When tapped, Dwar of Waw becomes a short-event and gives +1 prowess to all Wolf, Spider and Animal attacks until the end of the turn. {green} DCE: As a creature, may also be played keyed to Dagorlad, Imlad Morgul, Udun, and Gorgoroth; and may also be played at sites in these regions."	playerNDeck
Wizards_EyeofSauron	Eye of Sauron	middle-earth-ccg/wizards/MiddleEarthCCG-Wizards-EyeOfSauron.jpg	default	Hazard	Wizards	Long-event																				R	The prowess of each automatic-attack is increased by one. If Doors of Night is in play, the prowess of each automatic-attack is increased by three.	playerNDeck
Wizards_FellBeast	Fell Beast	middle-earth-ccg/wizards/MiddleEarthCCG-Wizards-FellBeast.jpg	default	Hazard	Wizards	Short-event																				R	The number of strikes of one Nazgul hazard creature is increased by one and its prowess is decreased by 2. Attacker chooses defending characters. Additionally, target Nazgul may be played keyed to a Shadow-land [{s}] or Shadow-hold [{S}]. Cannot be duplicated on a given Nazgul. {cyan} UEP: Fell Beast counts as half a creature for the purpose of deck building. {cyan} UEP: Fell Beast counts as half a creature for the purpose of deck building.	playerNDeck
Wizards_FellTurtle	Fell Turtle	middle-earth-ccg/wizards/MiddleEarthCCG-Wizards-FellTurtle.jpg	default	Hazard	Wizards	Creature	Animals						15	-	1	{c}	1									R	Animals. One strike. If any strike is successful, the defending company must return to its site of origin (defending characters are wounded normally).	playerNDeck
Wizards_FellWinter	Fell Winter	middle-earth-ccg/wizards/MiddleEarthCCG-Wizards-FellWinter.jpg	default	Hazard	Wizards	Long-event																				CA	Environment. Each Border-hold [{B}] receives an automatic-attack: Wolves -- strikes with 7 prowess. Additionally, if Doors of Night is in play, treat all Free-domains [{f}] as Border-lands [{b}] and all Border-lands [{b}] as Wildernesses [{w}]. Cannot be duplicated.	playerNDeck
Wizards_FoulFumes	Foul Fumes	middle-earth-ccg/wizards/MiddleEarthCCG-Wizards-FoulFumes.jpg	default	Hazard	Wizards	Long-event																				CA	Environment. Each moving company that has a Shadow-land [{s}] or a Dark-domain [{d}] in its site-path must return to its site of origin unless it contains a ranger. Additionally, if Doors of Night is in play, each non-Haven site in play with a Shadow-land [{s}] or a Dark-domain [{d}] in its site path is tapped. Cannot be duplicated.	playerNDeck
Wizards_Ghosts	Ghosts	middle-earth-ccg/wizards/MiddleEarthCCG-Wizards-Ghosts.jpg	default	Hazard	Wizards	Creature	Undead						9	-	3	{s}{d}{S}{D}	1									CA	Undead. Three strikes. After attack, each character wounded by the Gosts makes a corruption check modified by -1.	playerNDeck
Wizards_Ghouls	Ghouls	middle-earth-ccg/wizards/MiddleEarthCCG-Wizards-Ghouls.jpg	default	Hazard	Wizards	Creature	Undead						7	-	5	{s}{d}{S}{D}	1									CA	Undead. Five strikes.	playerNDeck
Wizards_Giant	Giant	middle-earth-ccg/wizards/MiddleEarthCCG-Wizards-Giant.jpg	default	Hazard	Wizards	Creature	Giants						13	-	1	{w}{w}	1									CA2	Giant. One strike. Two Wildernesses [{w}] in the site path are required.	playerNDeck
Wizards_GiantSpiders	Giant Spiders	middle-earth-ccg/wizards/MiddleEarthCCG-Wizards-GiantSpiders.jpg	default	Hazard	Wizards	Creature	Spiders						10	-	2	{w}{w}	1									CA2	"Spiders. Two strikes. If the body check for a non-Wizard character wounded by Giant Spiders equals the character's body, the character is discarded. May also be played keyed to Heart of Mirkwood, Southern Mirkwood, Western Mirkwood, and Woodland Realm; and may also be played at Ruins & Lairs [{R}], Shadow-holds [{S}], and Dark-holds [{D}] in these regions. Two Wildernesses [{w}] in site path are otherwise required."	playerNDeck
Wizards_Gloom	Gloom	middle-earth-ccg/wizards/MiddleEarthCCG-Wizards-Gloom.jpg	default	Hazard	Wizards	Short-event																				CA	Environment. Playable only on a company that is moving this turn. One character (attacker's choice) in that company suffers -1 to his prowess until the end of the turn. Alternatively, if Doors of Night is in play, treat one Border-land [{b}] as a Wilderness [{w}] or one Border-hold [{B}] as a Ruins & Lairs [{R}] until the end of the turn. Cannot be duplicated.	playerNDeck
Wizards_Greed	Greed	middle-earth-ccg/wizards/MiddleEarthCCG-Wizards-Greed.jpg	default	Hazard	Wizards	Short-event																				CA	Playable on a site. Until the end of the turn, each non-Hobbit, non-Wizard character at the site must make a corruption check each time an item is played at the site. The character playing an item need not make a corruption check. When a character makes one of these corruption checks, it is modified by subtracting the corruption points that the item would normally give the character if he controlled the item. Cannot be duplicated on a given site.	playerNDeck
Wizards_HalftrollsofFarHarad	Half-trolls of Far Harad	middle-earth-ccg/wizards/MiddleEarthCCG-Wizards-HalfTrollsOfFarHarad.jpg	default	Hazard	Wizards	Creature	Trolls						10	-	2	{s}{d}{S}{D}	1									CA	Trolls. Two strikes.	playerNDeck
Wizards_HoarmurathofDir	Hoarmurath of Dir	middle-earth-ccg/wizards/MiddleEarthCCG-Wizards-HoarmurathOfDir.jpg	default	Hazard	Wizards	Creature/Permanent-event	Nazgul						15	9	1	{d}{D}	5									R	"Unique. Nazgul (6th). May be played as a hazard creature (with one strike) or as a permanent-event. As a creature, may also be played keyed to Dagorlad, Ithilien, Gorgoroth, and Khand; and may also be played at sites in these regions. If played as a permanent-event, it will remain in play until tapped during the opponent's movement/hazard phase (tapping counts against the hazard limit). When tapped, Hoarmurath of Dir becomes a short-event and gives +1 strike to any one attack. {green} DCE: As a creature, may also be played keyed to Imlad Morgul, udun, Azjan, and Gorgoroth, and may also be played at sites in these regions."	playerNDeck
Wizards_Huorn	Huorn	middle-earth-ccg/wizards/MiddleEarthCCG-Wizards-Huorn.jpg	default	Hazard	Wizards	Creature	Awakened Plant						10	-	1	{w}	1									CA	"Awakened Plant. One strike. May also be played at Druadan Forest, Old Forest, and Wellinghall. May also be played keyed to Heart of Mirkwood, Southern Mirkwood, Western Mirkwood, and Woodland Realm; and may also be played at Ruins & Lairs [{R}] and Shadow-holds [{S}] in these regions."	playerNDeck
Wizards_IndurDawndeath	Indur Dawndeath	middle-earth-ccg/wizards/MiddleEarthCCG-Wizards-IndurDawndeath.jpg	default	Hazard	Wizards	Creature/Permanent-event	Nazgul						15	10	1	{d}{D}	5									R	"Unique. Nazgul (4th). May be played as a hazard creature (with one strike) or as a permanent-event. As a creature, may also be played keyed to Harondor, Imlad Morgul, Gorgoroth, and Khand; and may also be played at sites in these regions. If played as a permanent-event, it will remain in play until tapped during the opponent's movement/hazard phase (tapping counts against the hazard limit). When tapped, Indur Dawndeath becomes a short-event and makes any wounded character discard an item (but not a ring). {green} DEC: As a creature, may also be played keyed to Nurn, Horse Plains, Khand, and Gorgoroth; and may also be played at sites in these regions."	playerNDeck
Wizards_KhamultheEasterling	Khamul the Easterling	middle-earth-ccg/wizards/MiddleEarthCCG-Wizards-KhamulTheEasterling.jpg	default	Hazard	Wizards	Creature/Permanent-event	Nazgul						18	8	1	{d}{D}	6									R	"Unique. Nazgul (2nd). May be played as a hazard creature (with one strike) or as a permanent-event. As a creature, may also be played keyed to Brown Lands, Heart of Mirkwood, Gorgoroth, and Southern Mirkwood; may also be played at sites in those regions. If played as a permanent-event, it will remain in play until tapped during the opponent's movement/hazard phase (tapping counts against the hazard limit). When tapped, Khamul the Easterling becomes a short-event and forces opponent to discard one card of his choice for every Nazgul permanent-event in play (including this one)."	playerNDeck
Wizards_Leucaruth	Leucaruth	middle-earth-ccg/wizards/MiddleEarthCCG-Wizards-Leucaruth.jpg	default	Hazard	Wizards	Creature	Dragon						16	8	2		4									R	"Unique. May be played at Irerock. Dragon. Two strikes. If Doors of Night is in play, may also be played keyed to Grey Mountain Narrows, Iron Hills, Northern Rhovanion, and Withered Heath; and may also be played at sites in these regions."	playerNDeck
Wizards_LongWinter	Long Winter	middle-earth-ccg/wizards/MiddleEarthCCG-Wizards-LongWinter.jpg	default	Hazard	Wizards	Long-event																				CA	Environment. Each moving company that has at least two Wildernesses [{w}] in its site path must return to its site of origin unless it contains a ranger. Additionally, if Doors of Night is in play, each non-Haven site in play with at least two Wildernesses [{w}] in its site path is tapped. Cannot be duplicated.	playerNDeck
Wizards_LostatSea	Lost at Sea	middle-earth-ccg/wizards/MiddleEarthCCG-Wizards-LostAtSea.jpg	default	Hazard	Wizards	Short-event																				R	Playable on a company that is moving this turn. If the company has a Coastal Sea [{c}] in its site path, it may do nothing at the site during its site phase.	playerNDeck
Wizards_LostinBorderlands	Lost in Border-lands	middle-earth-ccg/wizards/MiddleEarthCCG-Wizards-LostInBorderLands.jpg	default	Hazard	Wizards	Short-event																				CA	Playable on a company that is moving this turn. You may play one additional hazard on target campany for each Border-land [{b}] in its site path.	playerNDeck
Wizards_LostinDarkdomains	Lost in Dark-domains	middle-earth-ccg/wizards/MiddleEarthCCG-Wizards-LostInDarkDomains.jpg	default	Hazard	Wizards	Short-event																				R	Playable on a company that is moving this turn. If the company has a Dark-domain [{d}] in its site path, its hazard limit is doubled until the end of the turn.	playerNDeck
Wizards_LostinFreedomains	Lost in Free-domains	middle-earth-ccg/wizards/MiddleEarthCCG-Wizards-LostInFreeDomains.jpg	default	Hazard	Wizards	Short-event																				CA	Playable on a company that is moving this turn. If the company has a Free-domain [{f}] in its site path, it may do nothing at the site during its site phase.	playerNDeck
Wizards_LostinShadowlands	Lost in Shadow-lands	middle-earth-ccg/wizards/MiddleEarthCCG-Wizards-LostInShadowLands.jpg	default	Hazard	Wizards	Short-event																				CA	Playable on a company that is moving this turn. You may play one additional hazard on target company for each Shadow-land [{s}] in its site path.	playerNDeck
Wizards_LostintheWilderness	Lost in the Wilderness	middle-earth-ccg/wizards/MiddleEarthCCG-Wizards-LostInTheWilderness.jpg	default	Hazard	Wizards	Short-event																				CA	Playable on a company that is moving this turn. You may play one additional hazard on target company for each Wilderness [{w}] in its site path.	playerNDeck
Wizards_LureofCreation	Lure of Creation	middle-earth-ccg/wizards/MiddleEarthCCG-Wizards-LureOfCreation.jpg	default	Hazard	Wizards	Permanent-event															2					U	Corruption. A revealed Wizard receives 2 corruption points and makes a corruption check at the end of any movement/hazard phase in a turn during which his company moved to a Haven [{H}]. Cannot be duplicated on a given Wizard. During his organization phase, a Wizard with this card may tap to attempt to remove it. Make a roll (or draw a #): if this result is greater than 6, discard this card.	playerNDeck
Wizards_LureofExpedience	Lure of Expedience	middle-earth-ccg/wizards/MiddleEarthCCG-Wizards-LureOfExpedience.jpg	default	Hazard	Wizards	Permanent-event															2					CA	Corruption. Does not affect Hobbits and Wizards. A character receives 2 corruption points. Target character makes a corruption check each time a character in his company gains an item. Cannot be duplicated on a given character. During his organization phase, a character with this card may tap to attempt to remove it. Make a roll (or draw a #): if this result is greater than 5, discard this card.	playerNDeck
Wizards_LureofNature	Lure of Nature	middle-earth-ccg/wizards/MiddleEarthCCG-Wizards-LureOfNature.jpg	default	Hazard	Wizards	Permanent-event															2					CA2	Corruption. Does not affect Hobbits and Dwarves. A character receives 2 corruption points. Target character makes one corruption check after all other hazards have been played for each Wilderness [{w}] in the site path that his company moved through that turn. Cannot be duplicated on a given character. During his organization phase, a character with this card may tap to attempt to remove it. Make a roll (or draw a #): if this result is greater than 4, discard this card.	playerNDeck
Wizards_LureofPower	Lure of Power	middle-earth-ccg/wizards/MiddleEarthCCG-Wizards-LureOfPower.jpg	default	Hazard	Wizards	Permanent-event																				R	The next non-Hobbit character to make a successful influence attempt (e.g. against a faction, an opponent's character, etc.) must immediately make a corruption check modified by -4. Discard this card after this corruption check.	playerNDeck
Wizards_LureoftheSenses	Lure of the Senses	middle-earth-ccg/wizards/MiddleEarthCCG-Wizards-LureOfTheSenses.jpg	default	Hazard	Wizards	Permanent-event															2					CA	Corruption. A character receives 2 corruption points. Target character makes a corruption check at the end of his untap phase if he is at a Haven [{H}]. Cannot be duplicated on a given character. During his organization phase, a character with this card may tap to attempt to remove it. Make a roll (or draw a #): if this results is greater than 6, discard this card.	playerNDeck
Wizards_MinionsStir	Minions Stir	middle-earth-ccg/wizards/MiddleEarthCCG-Wizards-MinionsStir.jpg	default	Hazard	Wizards	Long-event																				U	The number of strikes and prowess of each Orc and Troll attack is increased by one (by two for Orces if Doors of Night is in play). Cannot be duplicated.	playerNDeck
Wizards_MorgulNight	Morgul Night	middle-earth-ccg/wizards/MiddleEarthCCG-Wizards-MorgulNight.jpg	default	Hazard	Wizards	Long-event																				R	Environment. Playable only if Doors of Night is in play, treat all Wildernesses [{w}] as Shadow-lands [{s}] and all Shadow-lands [{s}] as Dark-domains [{d}]. Cannot be duplicated.	playerNDeck
Wizards_Morgulhorse	Morgul-horse	middle-earth-ccg/wizards/MiddleEarthCCG-Wizards-MorgulHorse.jpg	default	Hazard	Wizards	Short-event																				R	This card allows you to place a tapped Nazgul permanent-event back into your hand instead of discarding it. Alternatively, allows a Nazgul to be played keyed to a Shadow-land [{s}].	playerNDeck
Wizards_Morgulknife	Morgul-knife	middle-earth-ccg/wizards/MiddleEarthCCG-Wizards-MorgulKnife.jpg	default	Hazard	Wizards	Permanent-event															4					R	A Nazgul's prowess is modified by +2. Discard if attack doesn't wound a character. Corruption. One character (attacker's choice) wounded by an attack modified by this card receives 4 corruption points (place this card under the character). If at a Haven during his untap phase, a character with this card may attempt to remove it (but he may not untap or heal). Make a roll (or draw a #): if this result is greater than 4, discard this card. Cannot be duplicated on a given Nazgul.	playerNDeck
Wizards_MouthofSauron	Mouth of Sauron	middle-earth-ccg/wizards/MiddleEarthCCG-Wizards-MouthOfSauron.jpg	default	Hazard	Wizards	Creature/Short-event	Men						13	8	1	{d}{D}	3									R	Unique. Man. May be played as a hazard creature (with one strike) or as a short-event. If played as a short-event, bring any hazard card from your discard pile back into your hand.	playerNDeck
Wizards_MumakOliphant	Mumak (Oliphant)	middle-earth-ccg/wizards/MiddleEarthCCG-Wizards-MumakOliphant.jpg	default	Hazard	Wizards	Creature	Animals						12	-	2		1									R	"Animals. May be played keyed to Dagorlad, Gorgoroth, Horse Plains, Ithilien, Khand, Nurn, Udun; and may also be played at sites in these regions. May also be played (on the same turn and on the same company as Corsairs of Umbar) keyed to Andrast, Anfalas, Belfalas, Lebennin; and at Ruins & Lairs [{R}] and Shadow-holds [{S}] in these regions. {cyan} UEP: Animals. May be keyed to Dagorlad, Gorgoroth, Horse Plains, Ithilien, Khand, Nurn, Udun, or Harondor; and may also be played at sites in these regions. May also be played (on the same turn and on the same company as Corsairs of Umbar) keyed to Andrast, Anfalas, Belfalas, Lebennin; and at Ruins and Lairs and Shadow-holds in these regions."	playerNDeck
Wizards_MusterDisperses	Muster Disperses	middle-earth-ccg/wizards/MiddleEarthCCG-Wizards-MusterDisperses.jpg	default	Hazard	Wizards	Short-event																				CA	Affects a faction already in play. The faction's player makes a roll (or draws a #), the faction is discarded if the result plus his unused general influence is less than 11.	playerNDeck
Wizards_NewMoon	New Moon	middle-earth-ccg/wizards/MiddleEarthCCG-Wizards-NewMoon.jpg	default	Hazard	Wizards	Short-event																				U	Environment. Tap one Elf character. Alternatively, if Doors of Night is in play, treat one Free-domain [{f}] as a Border-land [{b}] or one Free-hold [{F}] as a Border-hold [{B}] until the end of the turn. Cannot be duplicated.	playerNDeck
Wizards_Night	Night	middle-earth-ccg/wizards/MiddleEarthCCG-Wizards-Night.jpg	default	Hazard	Wizards	Long-event																				CA	Environment. The prowess of each non-ranger Dunadan is modified by -1. Additionally, if Doors of Night is in play, the prowesses of all attacks are modified by +1 and the prowess of each Man and Dunadan is modified by -1. Cannot be duplicated.	playerNDeck
Wizards_OldManWillow	Old Man Willow	middle-earth-ccg/wizards/MiddleEarthCCG-Wizards-OldManWillow.jpg	default	Hazard	Wizards	Creature	Awakened Plant						13	-	1	{w}{w}	1									U	"Awakened Plant. One strike. 15 prowess against Hobbits. May also be played keyed to Fangorn, Heart of Mirkwood, Southern Mirkwood, and Western Mirkwood; and may also be played at Ruins & Lairs [{R}], Shadow-holds [{S}], and Dark-holds [{D}] in these regions. Also playable at Old Forest and Druadan Forest. Two Wildernesses [{w}] in site path are required."	playerNDeck
Wizards_OloghaiTrolls	Olog-hai (Trolls)	middle-earth-ccg/wizards/MiddleEarthCCG-Wizards-OlogHaiTrolls.jpg	default	Hazard	Wizards	Creature	Trolls						10	5	3	{s}{d}{D}	2									U		playerNDeck
Wizards_Orcguard	Orc-guard	middle-earth-ccg/wizards/MiddleEarthCCG-Wizards-OrcGuard.jpg	default	Hazard	Wizards	Creature	Orcs						8	-	5	{s}{d}{S}{D}	1									CA	Orcs. Five strikes.	playerNDeck
Wizards_Orclieutenant	Orc-lieutenant	middle-earth-ccg/wizards/MiddleEarthCCG-Wizards-OrcLieutenant.jpg	default	Hazard	Wizards	Creature	Orcs						7	-	1	{w}{s}{d}{R}{S}{D}	1									U	Orcs. One strike. If played on a company that has already faced an Orc attack this turn, Orc-lieutenant receives +4 prowess.	playerNDeck
Wizards_Orcpatrol	Orc-patrol	middle-earth-ccg/wizards/MiddleEarthCCG-Wizards-OrcPatrol.jpg	default	Hazard	Wizards	Creature	Orcs						6	-	3	{w}{s}{d}{R}{S}{D}	1									CA2	Orcs. Three strikes.	playerNDeck
Wizards_Orcraiders	Orc-raiders	middle-earth-ccg/wizards/MiddleEarthCCG-Wizards-OrcRaiders.jpg	default	Hazard	Wizards	Creature	Orcs						6	-	4	{b}{w}{R}	1									CA2	Orcs. Four strikes.	playerNDeck
Wizards_Orcwarband	Orc-warband	middle-earth-ccg/wizards/MiddleEarthCCG-Wizards-OrcWarband.jpg	default	Hazard	Wizards	Creature	Orcs						4	-	5	{w}{s}{d}{R}{S}{D}	1									CA	Orcs. Five strikes. If played on a company that has already faced an Orc attack this turn, Orc-warband receives +3 prowess.	playerNDeck
Wizards_Orcwarriors	Orc-warriors	middle-earth-ccg/wizards/MiddleEarthCCG-Wizards-OrcWarriors.jpg	default	Hazard	Wizards	Creature	Orcs						7	-	3	{b}{w}{R}	1									CA2	Orcs. Three strikes.	playerNDeck
Wizards_Orcwatch	Orc-watch	middle-earth-ccg/wizards/MiddleEarthCCG-Wizards-OrcWatch.jpg	default	Hazard	Wizards	Creature	Orcs						9	-	3	{s}{d}{S}{D}	1									CA	Orcs. Three strikes.	playerNDeck
Wizards_Pickpocket	Pick-pocket	middle-earth-ccg/wizards/MiddleEarthCCG-Wizards-PickPocket.jpg	default	Hazard	Wizards	Creature	Men						11	-	1	{F}{B}	1									U	"Men. One strike. Attacker chooses the defending characters. For each successful strike, an item the defending character bears must be discarded (defender's choice); he is not harmed."	playerNDeck
Wizards_PlagueofWights	Plague of Wights	middle-earth-ccg/wizards/MiddleEarthCCG-Wizards-PlagueOfWights.jpg	default	Hazard	Wizards	Long-event																				U	The prowess of all Undead attacks is increased by one. Additionally, if Doors of Night is in play, the number of strikes for each Undead attack is doubled. Cannot be duplicated.	playerNDeck
Wizards_Pukelmen	Pukel-men	middle-earth-ccg/wizards/MiddleEarthCCG-Wizards-PukelMen.jpg	default	Hazard	Wizards	Creature	Pukel-creature						11	-	2	{S}{D}	1									R	Pukel-creature. Two strikes. May also be played at Ruins & Lairs [{R}] sites in the following regions: Andrast, Anfalas, Anorien, Dunland, Enedhwaith, Gap of Isen, Lamedon, Old Pukel Gap, Old Pukel Land, and Rohan.	playerNDeck
Wizards_RentheUnclean	Ren the Unclean	middle-earth-ccg/wizards/MiddleEarthCCG-Wizards-RenTheUnclean.jpg	default	Hazard	Wizards	Creature/Permanent-event	Nazgul						15	10	1	{d}{D}	5									R	"Unique. Nazgul (8th). May be played as a hazard creature (with one strike) or as a permanent-event. As a creature, may also be played keyed to Dagorlad, Ithilien, Gorgoroth, and Horse Plains; and may also be played at sites in these regions. If played as a permanent-event, it will remain in play until tapped during the opponent's movement/hazard phase (tapping counts against the hazard limit). When tapped, Ren the Unclean becomes a short-event: each character in play must make a corruption check. {green} DCE: As a creature, may also be played keyed to Nurad, Nuriag, Chey Sart, and Gorgoroth; and may also be played at sites in these regions."	playerNDeck
Wizards_River	River	middle-earth-ccg/wizards/MiddleEarthCCG-Wizards-River.jpg	default	Hazard	Wizards	Short-event																				CA2	Playable on a site. If a company that has moved to this site this turn does not tap a ranger, it must do nothing during its site phase. {cyan} UEP: Tapping a single ranger to meet the requirements of River also meets the requirements of any other Rivers already played and resolved on the same site.	playerNDeck
Wizards_Rogrog	Rogrog	middle-earth-ccg/wizards/MiddleEarthCCG-Wizards-Rogrog.jpg	default	Hazard	Wizards	Creature	Trolls						13	8	1	{d}{S}{D}	2									R	Unique. Troll. One strike.	playerNDeck
Wizards_Shelob	Shelob	middle-earth-ccg/wizards/MiddleEarthCCG-Wizards-Shelob.jpg	default	Hazard	Wizards	Creature/Permanent-event	Spiders						18	9	1		6									R	Unique. Spider. Spawn. May be played as a hazard creature (with one strike) or as a permanent-event. As a creature, may be played at any site in Imlad Morgul or Gorgoroth. If Doors of Night is in play, Shelob may be played as a permanent-event that gives +1 prowess and +1 strikes to all Spider and Animal attacks. She may opt to attack from a permanent-event state and receive these bonuses, but her attack counts as one against the hazard limit. Discard when Shelob attacks or when Doors of Night leaves play.	playerNDeck
Wizards_Siege	Siege	middle-earth-ccg/wizards/MiddleEarthCCG-Wizards-Siege.jpg	default	Hazard	Wizards	Permanent-event										{B}{F}										R	Playable on a Border-hold [{B}] or Free-hold [{F}] site. A company at this site must face an Orc attack of three strikes at 7 prowess at the beginning of its site phase. At the end of the organization phase, a company at a site with Siege on it must make a roll (or draw a #) andsubtract one from the result for every non-scout character it contains. If this result is less than 5, the company may not move this turn. Discard when the site card is discarded or when the site card is returned to the location deck. Cannot be duplicated on a given site.	playerNDeck
Wizards_SilentWatcher	Silent Watcher	middle-earth-ccg/wizards/MiddleEarthCCG-Wizards-SilentWatcher.jpg	default	Hazard	Wizards	Creature	Pukel-creature						8	-	1/each	{S}{D}	1									R	Pukel-creature. Each character in the company faces one strike.	playerNDeck
Wizards_Slayer	Slayer	middle-earth-ccg/wizards/MiddleEarthCCG-Wizards-Slayer.jpg	default	Hazard	Wizards	Creature	Slayer						11	-	2	{b}{B}	2									CA	Slayer. Two attacks (of one strike each) against the same character. Attacker chooses defending character. The defender may tap one character in the same company to cancel one of these attacks.	playerNDeck
Wizards_Smaug	Smaug	middle-earth-ccg/wizards/MiddleEarthCCG-Wizards-Smaug.jpg	default	Hazard	Wizards	Creature	Dragon						17	8	2		5									R	"Unique. May be played at The Lonely Mountain. Dragon. Two strikes. Attacker chooses defending character. If Doors of Night is in play, may also be played keyed to Grey Mountain Narrows, Iron Hills, Northern Rhovanion, and Withered Heath; and may also be played at sites in these regions."	playerNDeck
Wizards_Snowstorm	Snowstorm	middle-earth-ccg/wizards/MiddleEarthCCG-Wizards-Snowstorm.jpg	default	Hazard	Wizards	Long-event																				R	Environment. Playable only if Doors of Night is in play. Each moving company with a Wilderness [{w}] in its site path must return to its site of origin. Cannot be duplicated.	playerNDeck
Wizards_StormsofOsse	Storms of Osse	middle-earth-ccg/wizards/MiddleEarthCCG-Wizards-StormsOfOsse.jpg	default	Hazard	Wizards	Long-event																				R	Environment. Playable only if Doors of Night is in play. Each non-haven site in play with a Coastal Sea in its site path is tapped. Cannot be duplicated.	playerNDeck
Wizards_TheBalanceofThings	The Balance of Things	middle-earth-ccg/wizards/MiddleEarthCCG-Wizards-TheBalanceOfThings.jpg	default	Hazard	Wizards	Long-event																				R	Unique. Each character has the corruption points doubled for one of his sources of corruption (the player controlling the character chooses).	playerNDeck
Wizards_TheBurdenofTime	The Burden of Time	middle-earth-ccg/wizards/MiddleEarthCCG-Wizards-TheBurdenOfTime.jpg	default	Hazard	Wizards	Permanent-event															2					U	Corruption. Playable on an Elf not in a Haven [{H}]. Target Elf receives 2 corruption points and must make a corruption check during each of his untap phases if he is not in a Haven. Cannot be duplicated on a given Elf. During his organization phase, an Elf with this card may tap to attempt to remove it. Make a roll (or draw a #): if this result is greater than 7, discard this card.	playerNDeck
Wizards_TheGreatGoblin	The Great Goblin	middle-earth-ccg/wizards/MiddleEarthCCG-Wizards-TheGreatGoblin.jpg	default	Hazard	Wizards	Creature	Orcs						12	7	1	{D}	2									R	Unique. Orc. One strike. May also be played on a company moving from Rivendell to Lorien or from Lorien to Rivendell. May also be played keyed to High Pass and at sites in High Pass.	playerNDeck
Wizards_TheNazgulareAbroad	The Nazgul are Abroad	middle-earth-ccg/wizards/MiddleEarthCCG-Wizards-TheNazgulAreAbroad.jpg	default	Hazard	Wizards	Permanent-event																				R	Nazgul may attack the company containing the bearer of The One Ring at any site that is not a Free-hold [{F}] or Haven [{H}]. Nazgul may attack any company possessing any ring in a Shadow-land [{s}] or Shadow-hold [{S}]. If Doors of Night is in play, at the end of each turn, each player may return one Nazgul permanent-event from his discard pile to his hand. Cannot be duplicated.	playerNDeck
Wizards_ThePaleSword	The Pale Sword	middle-earth-ccg/wizards/MiddleEarthCCG-Wizards-ThePaleSword.jpg	default	Hazard	Wizards	Permanent-event															6					R	"Unique. A Nazgul's prowess is modified by +1; if used with the Witch-king of Angmar, his prowess is increased by +1 plus the number of Nazgul permanent-events in play. Discard if attack doesn't wound a character. Corruption. One character wounded by an attack modified by this card receives 6 corruption points (place this card under the character). If at a haven [{H}] during his untap phase, a character with this card may attempt to remove it instead of untapping or healing. Make a roll (or draw a #): if this result is greater than 5, discard this card. May not be duplicated on a given Nazgul."	playerNDeck
Wizards_ThePrecious	The Precious	middle-earth-ccg/wizards/MiddleEarthCCG-Wizards-ThePrecious.jpg	default	Hazard	Wizards	Short-event																				R	A character in the same company as The One Ring (not the bearer himself) must make a corruption check modified by -2. If he fails, discard The One Ring along with the target character.	playerNDeck
Wizards_TheRingsBetrayal	The Ring's Betrayal	middle-earth-ccg/wizards/MiddleEarthCCG-Wizards-TheRingsBetrayal.jpg	default	Hazard	Wizards	Short-event																				U	The bearer of a Ring must make a corruption check modified by -2. If the bearer fails this corruption check, his Ring is discarded, but he remains in play.	playerNDeck
Wizards_TheWillofSauron	The Will of Sauron	middle-earth-ccg/wizards/MiddleEarthCCG-Wizards-TheWillOfSauron.jpg	default	Hazard	Wizards	Permanent-event																				R	Playable only if Doors of Night is in play. All hazard long-events remain in play until this card is discarded. Discard this card when Doors of Night leaves play, or when any play deck is exhausted. When this card is discarded, all hazard long-events are discarded. Cannot be duplicated.	playerNDeck
Wizards_TheWilloftheRing	The Will of the Ring	middle-earth-ccg/wizards/MiddleEarthCCG-Wizards-TheWillOfTheRing.jpg	default	Hazard	Wizards	Short-event																				R	The bearer of The One Ring makes a corruption check modified by -4.	playerNDeck
Wizards_Thief	Thief	middle-earth-ccg/wizards/MiddleEarthCCG-Wizards-Thief.jpg	default	Hazard	Wizards	Creature	Men						15	-	1	{b}{B}	1									R	"Men. One strike. For each successful strike, an item held by the defending company must be discarded (defender's choice); the defending character is not harmed."	playerNDeck
Wizards_TomTuma	Tom (Tuma)	middle-earth-ccg/wizards/MiddleEarthCCG-Wizards-TomTuma.jpg	default	Hazard	Wizards	Creature	Trolls						13	-	1	{w}{w}	1									U	Unique. Troll. One strike. If played after Bert or William and if keyed to the same site path against the same company, each character wounded by Tom must discard all non-special items he bears. Two Wildernesses [{w}] in site path are required. {green} DCE: Add a body value of 8.	playerNDeck
Wizards_TookishBlood	Tookish Blood	middle-earth-ccg/wizards/MiddleEarthCCG-Wizards-TookishBlood.jpg	default	Hazard	Wizards	Short-event																				CB	"Playable on a Hobbit character. The Hobbit's player must make a roll (or draw a #); return the Hobbit to the player's hand if the result plus his unused general influence is less then 11. If the Hobbit is removed from play, one of his items may be transferred to another character in his company; any other cards under his control are discarded. Alternatively, this card can be played as a resource card. For the rest of the turn, the target Hobbit cannot be discarded or returned to its owner's hand for any reason."	playerNDeck
Wizards_Traitor	Traitor	middle-earth-ccg/wizards/MiddleEarthCCG-Wizards-Traitor.jpg	default	Hazard	Wizards	Permanent-event																				R	When the next character fails a corruption check, he becomes a traitor and an attack is immediately made against a character in the traitor's company. The character to be attacked is chosen by the player who does not control the traitor's company. The prowess of the attack is equal to the prowess of the traitor plus 10. Any resulting body check is modified by +1. This card is  discarded when a character fails his corruption check.	playerNDeck
Wizards_Twilight	Twilight	middle-earth-ccg/wizards/MiddleEarthCCG-Wizards-Twilight.jpg	default	Hazard	Wizards	Short-event																				CA2	Environment. One environment card in play is immediately discarded. This card may also be played as a resource. This card may be played at any time during any player's turn.	playerNDeck
Wizards_UvathatheHorseman	Uvatha the Horseman	middle-earth-ccg/wizards/MiddleEarthCCG-Wizards-UvathaTheHorseman.jpg	default	Hazard	Wizards	Creature/Permanent-event	Nazgul						15	9	1	{d}{D}	5									R	"Unique. Nazgul (9th). May be played as a hazard creature (with one strike) or as a permanent-event. As a creature, may also be played keyed to Harondor, Horse Plains, Gorgoroth, and Khand; and may also be played at sites in these regions. If played as a permanent-event, it will remain in play until tapped during the opponent's movement/hazard phase (tapping counts against the hazard limit). When tapped, Uvatha the Horseman becomes a short-event and you may bring one hazard creature from your discard pile to your hand. {green}  DCE: As a creature, may also be played keyed to Gap of Khand, Horse Plains, Gorgoroth, and Khand; and may also be played at sites in these regions."	playerNDeck
Wizards_WakeofWar	Wake of War	middle-earth-ccg/wizards/MiddleEarthCCG-Wizards-WakeOfWar.jpg	default	Hazard	Wizards	Long-event																				U	The number of strikes and prowess of each Wolf, Spider, and Animal attack are increased by one (by two for Wolves if Doors of Night is in play). Cannot be duplicated.	playerNDeck
Wizards_Wargs	Wargs	middle-earth-ccg/wizards/MiddleEarthCCG-Wizards-Wargs.jpg	default	Hazard	Wizards	Creature	Wolves						9	-	2	{b}{w}{s}	1									CA2	Wolves. Two strikes.	playerNDeck
Wizards_WatcherintheWater	Watcher in the Water	middle-earth-ccg/wizards/MiddleEarthCCG-Wizards-WatcherInTheWater.jpg	default	Hazard	Wizards	Creature	Animals						8	-	1/each	{w}{w}{c}	1									U	Animal. Each character in the company faces one strike. May also be played at Moria. Two Wildernesses [{w}] in the site path are required.	playerNDeck
Wizards_WearinessoftheHeart	Weariness of the Heart	middle-earth-ccg/wizards/MiddleEarthCCG-Wizards-WearinessOfTheHeart.jpg	default	Hazard	Wizards	Short-event																				CA2	The prowess of a character is modified by -1 until the end of the turn. Alternatively, the target character is forced to make a corruption check. Cannot be duplicated.	playerNDeck
Wizards_WilliamWuluag	William (Wuluag)	middle-earth-ccg/wizards/MiddleEarthCCG-Wizards-WilliamWuluag.jpg	default	Hazard	Wizards	Creature	Trolls						11	-	1	{w}{s}{d}{S}{D}	1									U	Unique. Troll. One strike. If played after Bert or Tom and if keyed to the same site path against the same company, each character wounded by William must discard all non-special items he bears. {green} DCE: Add a body value of 8.	playerNDeck
Wizards_WitchkingofAngmar	Witch-king of Angmar	middle-earth-ccg/wizards/MiddleEarthCCG-Wizards-WitchKingOfAngmar.jpg	default	Hazard	Wizards	Creature/Permanent-event	Nazgul						17	12	1	{d}{D}	6									R	"Unique. Nazgul (1st). May be played as a hazard creature (with one strike) or as a permanent-event. As a creature, may also be played keyed to Angmar, Gundabad, Gorgoroth, and Imlad Morgul; and may also be played at sites in these regions. If played as a permanent-event, it will remain in play until tapped during the opponent's movement/hazard phase (tapping counts against the hazard limit). When tapped, Witch-king of Angmar becomes a long-event and causes all Shadow-holds [{S}] to become Dark-holds [{D}]."	playerNDeck
Wizards_Wolves	Wolves	middle-earth-ccg/wizards/MiddleEarthCCG-Wizards-Wolves.jpg	default	Hazard	Wizards	Creature	Wolves						8	-	3	{b}{w}	1									CA2	Wolves. Three strikes.	playerNDeck
Wizards_WordsofPowerandTerror	Words of Power and Terror	middle-earth-ccg/wizards/MiddleEarthCCG-Wizards-WordsOfPowerAndTerror.jpg	default	Hazard	Wizards	Short-event																				R	Modify the prowess of all characters in a company attacked by a Nazgul by -1 until the end of the turn. Cannot be duplicated on a given company.	playerNDeck
Wizards_Adrazar	Adrazar	middle-earth-ccg/wizards/MiddleEarthCCG-Wizards-Adrazar.jpg	default	Hero Character	Wizards		Dunadan	Scout/Diplomat	Dol Amroth	3	1		3	6			1									F1	Unique. +1 direct influence against all factions.	playerNDeck
Wizards_Alatar	Alatar	middle-earth-ccg/wizards/MiddleEarthCCG-Wizards-Alatar.jpg	default	Hero Character	Wizards		Wizard	Warrior/Scout/Ranger/Sage	Edhellond		10		6	9												F2	"Unique. During the movement/hazard phase, the number of cards that opponent draws based on Alatar's company's movement is reduced by one. If in a Haven when a hazard creature is played on another company, he may join tha company and face one of the hazard creature's strikes; he must make a corruption check immediately following the attack, and, if untapped, he must tap."	playerNDeck
Wizards_Anborn	Anborn	middle-earth-ccg/wizards/MiddleEarthCCG-Wizards-Anborn.jpg	default	Hero Character	Wizards		Dunadan	Scout/Ranger	Pelargir	2	0		2	8			0									U	Unique. +2 direct influence against the Men of Lebennin faction.	playerNDeck
Wizards_Annalena	Annalena	middle-earth-ccg/wizards/MiddleEarthCCG-Wizards-Annalena.jpg	default	Hero Character	Wizards		Elf	Scout/Sage	Edhellond	3	0		3	8			1									F2	Unique.	playerNDeck
Wizards_AragornII	Aragorn II	middle-earth-ccg/wizards/MiddleEarthCCG-Wizards-AragornII.jpg	default	Hero Character	Wizards		Dunadan	Warrior/Scout/Ranger	Bree	9	3		6	9			3									F1	Unique. +2 direct influence against the Rangers of the North faction. -3 marshalling points if eliminated.	playerNDeck
Wizards_Arinmir	Arinmir	middle-earth-ccg/wizards/MiddleEarthCCG-Wizards-Arinmir.jpg	default	Hero Character	Wizards		Elf	Sage/Diplomat	Edhellond	4	2		2	7			1									U	Unique. +2 direct influence against the Variags faction. {green} DCE: Replace with: Change +2 direct influence against Falathrim faction	playerNDeck
Wizards_Arwen	Arwen	middle-earth-ccg/wizards/MiddleEarthCCG-Wizards-Arwen.jpg	default	Hero Character	Wizards		Elf	Scout/Sage	Rivendell	3	0		2	8			1									R	Unique. +7 direct influence only usable against Aragorn II.	playerNDeck
Wizards_Balin	Balin	middle-earth-ccg/wizards/MiddleEarthCCG-Wizards-Balin.jpg	default	Hero Character	Wizards		Dwarf	Warrior/Sage	Blue Mountain Dwarf-hold	5	2		4	7			2									U	Unique. +2 prowess against Orcs. +1 direct influence against Dwarves and Dwarf factions.	playerNDeck
Wizards_BardBowman	Bard Bowman	middle-earth-ccg/wizards/MiddleEarthCCG-Wizards-BardBowman.jpg	default	Hero Character	Wizards		Man	Warrior/Scout	Lake-town	2	0		3	6			0									F2	Unique. +2 direct influence against the Men of Northern Rhovanion faction.	playerNDeck
Wizards_BarlimanButterbur	Barliman Butterbur	middle-earth-ccg/wizards/MiddleEarthCCG-Wizards-BarlimanButterbur.jpg	default	Hero Character	Wizards		Man	Warrior	Bree	1	0		2	6			0									U	Unique. -1 to all of his corruption checks. -1 to influence checks against factions.	playerNDeck
Wizards_Beorn	Beorn	middle-earth-ccg/wizards/MiddleEarthCCG-Wizards-Beorn.jpg	default	Hero Character	Wizards		Man	Warrior/Ranger	Beorn's House	7	2		7	9			2									F1	Unique. +2 direct influence against the Beornings faction.	playerNDeck
Wizards_Beregond	Beregond	middle-earth-ccg/wizards/MiddleEarthCCG-Wizards-Beregond.jpg	default	Hero Character	Wizards		Dunadan	Warrior	Minas Tirith	2	0		4	8			0				-1					F1	Unique. -1 to all of his corruption checks. -1 to influence checks against factions.	playerNDeck
Wizards_Beretar	Beretar	middle-earth-ccg/wizards/MiddleEarthCCG-Wizards-Beretar.jpg	default	Hero Character	Wizards		Dunadan	Warrior/Ranger	Bree	5	1		5	8			2									U	Unique. +2 direct influence against the Rangers of the North faction.	playerNDeck
Wizards_Bergil	Bergil	middle-earth-ccg/wizards/MiddleEarthCCG-Wizards-Bergil.jpg	default	Hero Character	Wizards		Dunadan	Scout	Minas Tirith	2	0		1	9			0									U	Unique.	playerNDeck
Wizards_Bifur	Bifur	middle-earth-ccg/wizards/MiddleEarthCCG-Wizards-Bifur.jpg	default	Hero Character	Wizards		Dwarf	Warrior	Blue Mountain Dwarf-hold	2	0		4	7			0									CB	Unique. +1 prowess against Orcs. -1 to all of his corruption checks. -1 to influence checks against factions.	playerNDeck
Wizards_Bilbo	Bilbo	middle-earth-ccg/wizards/MiddleEarthCCG-Wizards-Bilbo.jpg	default	Hero Character	Wizards		Hobbit	Scout/Sage	Bag End	5	1		1	9			2									R	Unique. Unless he is one of the starting characters, he may only be brought into play at his home site. All of his corruption checks are modified by +4. -2 marshalling points if eliminated.	playerNDeck
Wizards_Bofur	Bofur	middle-earth-ccg/wizards/MiddleEarthCCG-Wizards-Bofur.jpg	default	Hero Character	Wizards		Dwarf	Warrior	Blue Mountain Dwarf-hold	2	0		4	7			0									CB	Unique. +1 prowess against Orcs. -1 to all of his corruption checks. -1 to influence checks against factions.	playerNDeck
Wizards_Bombur	Bombur	middle-earth-ccg/wizards/MiddleEarthCCG-Wizards-Bombur.jpg	default	Hero Character	Wizards		Dwarf	Warrior	Blue Mountain Dwarf-hold	1	0		3	6			0				-1					U	Unique. +1 prowess against Orcs. -1 to all of his corruption checks. -1 to influence checks against factions.	playerNDeck
Wizards_BoromirII	Boromir II	middle-earth-ccg/wizards/MiddleEarthCCG-Wizards-BoromirII.jpg	default	Hero Character	Wizards		Dunadan	Warrior	Minas Tirith	4	1		6	7			1				-1					F2	Unique. +2 direct influence against the Men of Anorien faction. -1 to all of his corruption checks.	playerNDeck
Wizards_Celeborn	Celeborn	middle-earth-ccg/wizards/MiddleEarthCCG-Wizards-Celeborn.jpg	default	Hero Character	Wizards		Elf	Warrior/Sage	Lorien	6	1		6	9			2									F1	Unique. +5 direct influence that is only usable against Galadriel.	playerNDeck
Wizards_Cirdan	Cirdan	middle-earth-ccg/wizards/MiddleEarthCCG-Wizards-Cirdan.jpg	default	Hero Character	Wizards		Elf	Warrior/Sage/Diplomat	Grey Havens	8	4		6	8			3									R	Unique. When Cirdan is at Grey Havens, his controlling player may keep one more card than normal in his hand. May tap to cancel one attack keyed to a Coastal Sea region. +2 direct influence against the Elves of Lindon faction. -3 marshalling points if eliminated.	playerNDeck
Wizards_DainII	Dain II	middle-earth-ccg/wizards/MiddleEarthCCG-Wizards-DainII.jpg	default	Hero Character	Wizards		Dwarf	Warrior/Diplomat	Iron Hill Dwarf-hold	7	3		5	8			2									R	Unique. +2 direct influence against Iron Hill Dwarves, +2 prowess against Orcs. +1 direct influence against Men and Man factions.	playerNDeck
Wizards_Damrod	Damrod	middle-earth-ccg/wizards/MiddleEarthCCG-Wizards-Damrod.jpg	default	Hero Character	Wizards		Dunadan	Scout/Ranger	Vale of Erech	2	0		2	7			0									U	Unique. +2 direct influence against the Men of Lamedon faction.	playerNDeck
Wizards_DenethorII	Denethor II	middle-earth-ccg/wizards/MiddleEarthCCG-Wizards-DenethorII.jpg	default	Hero Character	Wizards		Dunadan	Warrior/Sage	Minas Tirith	4	2		3	6			1									R	Unique. +2 direct influence against the Tower Guard of Minas Tirith faction.	playerNDeck
Wizards_Dori	Dori	middle-earth-ccg/wizards/MiddleEarthCCG-Wizards-Dori.jpg	default	Hero Character	Wizards		Dwarf	Warrior	Blue Mountain Dwarf-hold	1	0		3	6			0				-1					U	Unique. +1 prowess against Orcs. -1 to all of his corruption checks. -1 to influence checks against factions.	playerNDeck
Wizards_Dwalin	Dwalin	middle-earth-ccg/wizards/MiddleEarthCCG-Wizards-Dwalin.jpg	default	Hero Character	Wizards		Dwarf	Warrior	Blue Mountain Dwarf-hold	1	0		2	7			0				-1					CB	Unique. +1 prowess against Orcs. -1 to all of his corruption checks. -1 to influence checks against factions.	playerNDeck
Wizards_Elladan	Elladan	middle-earth-ccg/wizards/MiddleEarthCCG-Wizards-Elladan.jpg	default	Hero Character	Wizards		Elf	Warrior/Ranger	Rivendell	4	0		5	8			1									F1	Unique. +1 prowess against Orcs.	playerNDeck
Wizards_Elrohir	Elrohir	middle-earth-ccg/wizards/MiddleEarthCCG-Wizards-Elrohir.jpg	default	Hero Character	Wizards		Elf	Warrior/Ranger	Rivendell	4	0		5	8			1									F1	Unique. +1 prowess against Orcs.	playerNDeck
Wizards_Elrond	Elrond	middle-earth-ccg/wizards/MiddleEarthCCG-Wizards-Elrond.jpg	default	Hero Character	Wizards		Elf	Warrior/Sage/Diplomat	Rivendell	10	4		7	9			3									R	Unique. When Elrond is at Rivendell, his controlling player may keep one more card than normal in his hand. -3 marshalling points if eliminated.	playerNDeck
Wizards_Eomer	Eomer	middle-earth-ccg/wizards/MiddleEarthCCG-Wizards-Eomer.jpg	default	Hero Character	Wizards		Man	Warrior/Ranger	Edoras	3	0		3	8			1									U	Unique. +2 direct influence against the Riders of Rohan faction.	playerNDeck
Wizards_Eowyn	Eowyn	middle-earth-ccg/wizards/MiddleEarthCCG-Wizards-Eowyn.jpg	default	Hero Character	Wizards		Man	Warrior/Scout	Edoras	2	0		2	7			0									U	Unique. Against Nazgul, +6 to her prowess, and his body is halved (round up).	playerNDeck
Wizards_Erkenbrand	Erkenbrand	middle-earth-ccg/wizards/MiddleEarthCCG-Wizards-Erkenbrand.jpg	default	Hero Character	Wizards		Man	Warrior	Edoras	4	2		5	6			1									F1	Unique. +2 direct influence against the Riders of Rohan faction. {green} DCE: Replace with: Home site: Hornburg	playerNDeck
Wizards_Faramir	Faramir	middle-earth-ccg/wizards/MiddleEarthCCG-Wizards-Faramir.jpg	default	Hero Character	Wizards		Dunadan	Warrior/Ranger	Henneth Annun	5	1		5	8			2									F1	Unique. +2 direct influence against the Rangers of Ithilien faction.	playerNDeck
Wizards_Fili	Fili	middle-earth-ccg/wizards/MiddleEarthCCG-Wizards-Fili.jpg	default	Hero Character	Wizards		Dwarf	Warrior/Scout	Blue Mountain Dwarf-hold	2	0		2	8			0									U	Unique. +1 prowess against Orcs. -1 to all of his corruption checks. -1 to influence checks against factions.	playerNDeck
Wizards_Forlong	Forlong	middle-earth-ccg/wizards/MiddleEarthCCG-Wizards-Forlong.jpg	default	Hero Character	Wizards		Dunadan	Warrior	Minas Tirith	1	0		3	7			0				-1					CB	Unique. -1 to all of his corruption checks. -1 to influence checks against factions.	playerNDeck
Wizards_Frodo	Frodo	middle-earth-ccg/wizards/MiddleEarthCCG-Wizards-Frodo.jpg	default	Hero Character	Wizards		Hobbit	Scout/Diplomat	Bag End	5	1		1	9			2				4					R	Unique. Unless he is one of the starting characters, he may only be brought into play at his home site. All of his corruption checks are modified by +4. -2 marshalling points if eliminated.	playerNDeck
Wizards_Galadriel	Galadriel	middle-earth-ccg/wizards/MiddleEarthCCG-Wizards-Galadriel.jpg	default	Hero Character	Wizards		Elf	Scout/Sage/Diplomat	Lorien	9	4		3	10			3									R	Unique. When Galadriel is at Lorien, her controlling player may keep one more card than normal in his hand. -3 marshalling points if eliminated.	playerNDeck
Wizards_Galva	Galva	middle-earth-ccg/wizards/MiddleEarthCCG-Wizards-Galva.jpg	default	Hero Character	Wizards		Man	Scout/Sage/Diplomat	Shrel-Kain	4	1		0	9			1									R	Unique. +2 direct influence against the Men of Dorwinion faction. Against Nazgul, +6 to her prowess, and his body is halved (round up).	playerNDeck
Wizards_GamlingtheOld	Gamling the Old	middle-earth-ccg/wizards/MiddleEarthCCG-Wizards-GamlingTheOld.jpg	default	Hero Character	Wizards		Man	Warrior	Edoras	2	1		3	7			0									U	Unique.	playerNDeck
Wizards_Gandalf	Gandalf	middle-earth-ccg/wizards/MiddleEarthCCG-Wizards-Gandalf.jpg	default	Hero Character	Wizards		Wizard	Warrior/Scout/Sage/Diplomat	Any Haven		10		6	9							1					F2	Unique. All of his corruption checks are modified by +1. Can tap to test a gold ring.	playerNDeck
Wizards_GhanburiGhan	Ghan-buri-Ghan	middle-earth-ccg/wizards/MiddleEarthCCG-Wizards-GhanBuriGhan.jpg	default	Hero Character	Wizards		Man	Scout/Ranger	Druadan Forest	5	2		2	9			2									U	Unique. +2 direct influence against Wose factions.	playerNDeck
Wizards_GildorInglorion	Gildor Inglorion	middle-earth-ccg/wizards/MiddleEarthCCG-Wizards-GildorInglorion.jpg	default	Hero Character	Wizards		Elf	Warrior/Ranger	Rivendell	4	0		5	7			1									F1	Unique. +2 prowess against Orcs.	playerNDeck
Wizards_Gimli	Gimli	middle-earth-ccg/wizards/MiddleEarthCCG-Wizards-Gimli.jpg	default	Hero Character	Wizards		Dwarf	Warrior/Diplomat	Iron Hill Dwarf-hold	6	2		5	8			2									F1	Unique. +2 direct influence against Iron Hill Dwarves. +2 prowess against Orcs. +1 direct influence against Elves and Elf factions.	playerNDeck
Wizards_Gloin	Gloin	middle-earth-ccg/wizards/MiddleEarthCCG-Wizards-Gloin.jpg	default	Hero Character	Wizards		Dwarf	Warrior/Diplomat	Blue Mountain Dwarf-hold	5	2		5	7			2									U	Unique. +2 direct influence against Blue Mountain Dwarves. +1 prowess against Orcs. +1 direct influence against Dwarves and Dwarf factions.	playerNDeck
Wizards_GlorfindelII	Glorfindel II	middle-earth-ccg/wizards/MiddleEarthCCG-Wizards-GlorfindelII.jpg	default	Hero Character	Wizards		Elf	Warrior/Sage	Rivendell	8	2		8	9			3									F1	Unique. +1 direct influence against Elves.	playerNDeck
Wizards_Halbarad	Halbarad	middle-earth-ccg/wizards/MiddleEarthCCG-Wizards-Halbarad.jpg	default	Hero Character	Wizards		Dunadan	Sage/Diplomat	Cameth Brin	1	1		0	5			0									U	Unique. +2 direct influence against the Hillmen faction.	playerNDeck
Wizards_Haldalam	Haldalam	middle-earth-ccg/wizards/MiddleEarthCCG-Wizards-Haldalam.jpg	default	Hero Character	Wizards		Dunadan	Warrior/Diplomat	Shrel-Kain	5	1		4	9			2									R	Unique. +4 direct influence against the Easterlings faction. {green} DCE: Add: Standard modifications: Wizards(-5)	playerNDeck
Wizards_Haldir	Haldir	middle-earth-ccg/wizards/MiddleEarthCCG-Wizards-Haldir.jpg	default	Hero Character	Wizards		Elf	Warrior	Lorien	3	0		4	8			1									U	Unique. -1 to all of his corruption checks. -1 to influence checks against factions.	playerNDeck
Wizards_Hama	Hama	middle-earth-ccg/wizards/MiddleEarthCCG-Wizards-Hama.jpg	default	Hero Character	Wizards		Man	Warrior	Edoras	2	0		4	8			0				-1					CB	Unique. -1 to all of his corruption checks. -1 to influence checks against factions.	playerNDeck
Wizards_Imrahil	Imrahil	middle-earth-ccg/wizards/MiddleEarthCCG-Wizards-Imrahil.jpg	default	Hero Character	Wizards		Dunadan	Warrior/Diplomat	Dol Amroth	6	2		5	8			2									U	Unique. +2 direct influence against the Knights of Dol Amroth faction.	playerNDeck
Wizards_Kili	Kili	middle-earth-ccg/wizards/MiddleEarthCCG-Wizards-Kili.jpg	default	Hero Character	Wizards		Dwarf	Warrior/Scout	Blue Mountain Dwarf-hold	3	0		3	8			1				-1					F2	Unique. +1 prowess against Orcs. -1 to all of his corruption checks. -1 to influence checks against factions.	playerNDeck
Wizards_Legolas	Legolas	middle-earth-ccg/wizards/MiddleEarthCCG-Wizards-Legolas.jpg	default	Hero Character	Wizards		Elf	Warrior/Diplomat	Thranduil's Halls	6	2		5	8			2									U	Unique. +2 direct influence against the Wood-elves faction.	playerNDeck
Wizards_Mablung	Mablung	middle-earth-ccg/wizards/MiddleEarthCCG-Wizards-Mablung.jpg	default	Hero Character	Wizards		Dunadan	Warrior/Scout	Lond Galen	1	0		1	6			0									U	Unique. +2 direct influence against the Men of Anfalas faction.	playerNDeck
Wizards_Merry	Merry	middle-earth-ccg/wizards/MiddleEarthCCG-Wizards-Merry.jpg	default	Hero Character	Wizards		Hobbit	Scout	Bag End	4	1		1	9			1				2					U	Unique. Unless he is one of the starting characters, he may only be brought into play at his home site. All of his corruption checks are modified by +2.	playerNDeck
Wizards_Nori	Nori	middle-earth-ccg/wizards/MiddleEarthCCG-Wizards-Nori.jpg	default	Hero Character	Wizards		Dwarf	Warrior	Blue Mountain Dwarf-hold	2	0		4	7			0									CB	Unique. +1 prowess against Orcs. -1 to all of his corruption checks. -1 to influence checks against factions.	playerNDeck
Wizards_Oin	Oin	middle-earth-ccg/wizards/MiddleEarthCCG-Wizards-Oin.jpg	default	Hero Character	Wizards		Dwarf	Warrior/Ranger	Blue Mountain Dwarf-hold	3	0		3	8			1				-1					U	Unique. +1 prowess against Orcs. -1 to all of his corruption checks.	playerNDeck
Wizards_Ori	Ori	middle-earth-ccg/wizards/MiddleEarthCCG-Wizards-Ori.jpg	default	Hero Character	Wizards		Dwarf	Warrior	Blue Mountain Dwarf-hold	1	0		2	7			0									CB	Unique. +1 prowess against Orcs. -1 to all of his corruption checks. -1 to influence checks against factions.	playerNDeck
Wizards_Orophin	Orophin	middle-earth-ccg/wizards/MiddleEarthCCG-Wizards-Orophin.jpg	default	Hero Character	Wizards		Elf	Warrior/Ranger	Lorien	2	0		2	7			0									CB	Unique. -1 to all of his corruption checks. -1 to influence checks against factions.	playerNDeck
Wizards_Pallando	Pallando	middle-earth-ccg/wizards/MiddleEarthCCG-Wizards-Pallando.jpg	default	Hero Character	Wizards		Wizard	Warrior/Ranger/Sage/Diplomat	Grey Havens		10		6	9												F2	Unique. His controlling player may keep one more card than normal in his hand. Opponent must discard his cards face-up.	playerNDeck
Wizards_Peath	Peath	middle-earth-ccg/wizards/MiddleEarthCCG-Wizards-Peath.jpg	default	Hero Character	Wizards		Man	Ranger/Diplomat	Dunnish Clan-hold	4	1		4	7			1									F1	Unique. +4 direct influence against the Dunlending faction. Against Nazgul, +5 to her prowess, his body is halved (round up).	playerNDeck
Wizards_Pippin	Pippin	middle-earth-ccg/wizards/MiddleEarthCCG-Wizards-Pippin.jpg	default	Hero Character	Wizards		Hobbit	Scout	Bag End	4	1		1	9			1									U	Unique. Unless he is one of the starting characters, he may only be brought into play at his home site. All of his corruption checks are modified by +2.	playerNDeck
Wizards_Radagast	Radagast	middle-earth-ccg/wizards/MiddleEarthCCG-Wizards-Radagast.jpg	default	Hero Character	Wizards		Wizard	Warrior/Scout/Ranger/Diplomat	Rhosgobel		10		6	9							1					F2	Unique. If his company moves to a new site during the movement/hazard phase, he may draw 1 additional card for each Wilderness [{w}] region in his company's site path. +1 to all corruption checks.	playerNDeck
Wizards_RobinSmallburrow	Robin Smallburrow	middle-earth-ccg/wizards/MiddleEarthCCG-Wizards-RobinSmallburrow.jpg	default	Hero Character	Wizards		Hobbit	Scout	Bag End	3	0		1	9			1									F2	Unique. Unless he is one of the starting characters, he may only be brought into play at his home site. All of his corruption checks are modified by +2.	playerNDeck
Wizards_SamGamgee	Sam Gamgee	middle-earth-ccg/wizards/MiddleEarthCCG-Wizards-SamGamgee.jpg	default	Hero Character	Wizards		Hobbit	Scout/Ranger	Bag End	4	0		1	9			1				3					U	Unique. Unless he is one of the starting characters, he may only be brought into play at his home site. All of his corruption checks are modified by +3.	playerNDeck
Wizards_Saruman	Saruman	middle-earth-ccg/wizards/MiddleEarthCCG-Wizards-Saruman.jpg	default	Hero Character	Wizards		Wizard	Scout/Ranger/Sage/Diplomat	Isengard		10		6	9												F2	Unique. May tap to use a Palantir. At the beginning of each of his end-of-turn phases, he may tap to take one spell card from his discard pile and return it to his hand.	playerNDeck
Wizards_Theoden	Theoden	middle-earth-ccg/wizards/MiddleEarthCCG-Wizards-Theoden.jpg	default	Hero Character	Wizards		Man	Warrior/Diplomat	Edoras	6	3		5	6			2									F1	Unique. +2 direct influence against the Riders of Rohan faction.	playerNDeck
Wizards_ThorinII	Thorin II	middle-earth-ccg/wizards/MiddleEarthCCG-Wizards-ThorinII.jpg	default	Hero Character	Wizards		Dwarf	Warrior/Scout/Diplomat	Blue Mountain Dwarf-hold	8	2		5	8			3									R	Unique. +2 direct influence against Blue Mountain Dwarves. +3 prowess against Orcs. +2 direct influence against Dwarves and Dwarf factions.	playerNDeck
Wizards_Thranduil	Thranduil	middle-earth-ccg/wizards/MiddleEarthCCG-Wizards-Thranduil.jpg	default	Hero Character	Wizards		Elf	Warrior/Ranger/Sage	Thranduil's Halls	9	3		7	8			3									F1	Unique. +2 direct influence against the Wood-elves faction.	playerNDeck
Wizards_Voteli	Voteli	middle-earth-ccg/wizards/MiddleEarthCCG-Wizards-Voteli.jpg	default	Hero Character	Wizards		Man	Ranger/Sage	Lossadan Camp	3	1		3	6			1									CB	Unique. +2 direct influence against the Lossoth faction. Against Nazgul, +5 to her prowess, and his body is halved (round up).	playerNDeck
Wizards_Vygavril	Vygavril	middle-earth-ccg/wizards/MiddleEarthCCG-Wizards-Vygavril.jpg	default	Hero Character	Wizards		Man	Scout/Diplomat	Southron Oasis	3	1		2	7			1									R	Unique. +2 direct influence against the Southron faction. Against Nazgul, +6 to prowess, and his body is halved (round up).	playerNDeck
Wizards_Wacho	Wacho	middle-earth-ccg/wizards/MiddleEarthCCG-Wizards-Wacho.jpg	default	Hero Character	Wizards		Man	Scout/Sage	Woodmen-town	2	0		1	8			0									U	Unique. +2 direct influence against the Woodmen faction.	playerNDeck
Wizards_AChanceMeeting	A Chance Meeting	middle-earth-ccg/wizards/MiddleEarthCCG-Wizards-AChanceMeeting.jpg	default	Hero Resource	Wizards	Short-event																				CB	A character (even a Hobbit) may be brought into play with direct influence at any Free-hold [{F}], Border-hold [{B}], or Ruins & Lairs [{R}].	playerNDeck
Wizards_AFriendorThree	A Friend or Three	middle-earth-ccg/wizards/MiddleEarthCCG-Wizards-AFriendOrThree.jpg	default	Hero Resource	Wizards	Short-event																				CB2	For every character in the influencing character's company, A Friend or Three gives a +1 modification to an influence check or to a corruption check made by a character in the same company.	playerNDeck
Wizards_AlignPalantir	Align Palantir	middle-earth-ccg/wizards/MiddleEarthCCG-Wizards-AlignPalantir.jpg	default	Hero Resource	Wizards	Permanent-event											2				2					U	"Sage only if a Palantir is in his company. Keep with the Palantir; bearer now has the ability to use the Palantir. Discard Align Palantir if the company carrying the Palantir moves. May not be duplicated on a given  Palantir."	playerNDeck
Wizards_AnduinRiver	Anduin River	middle-earth-ccg/wizards/MiddleEarthCCG-Wizards-AnduinRiver.jpg	default	Hero Resource	Wizards	Short-event																				CB2	Playable at the end of the organization phase on a company containing a ranger. If the company uses region cards for its site path, tap the ranger to move as if the following pairs of regions were adjacent: Rohan and Dagorlad, Anorien and Dagorlad, Anorien and Ithilien, Lebennin and Ithilien, Lebennin and Harondor. Otherwise, if the site moved to is in one of the regions listed above, the hazard limit is reduced by two (to a minimum of two). Cannot be duplicated on a given company.	playerNDeck
Wizards_AnduriltheFlameoftheWest	Anduril, the Flame of the West	middle-earth-ccg/wizards/MiddleEarthCCG-Wizards-AndurilTheFlameOfTheWest.jpg	default	Hero Resource	Wizards	Permanent-event					0(1)		0(4)				1(4)				1					R	Unique. Sage only during the site phase at an untapped site where information is playable. Tape the sage and the site. Sage makes a corruption check modified by -3. Keep sage tapped until Anduril is stored at a Haven [{H}]. Once stored, you may discard a stored Reforging and place Anduril with Narsil. In addition to Narsil's effects, Anduril gives its bearer 4 marshalling points, +4 prowess (to a maximum of 11), +1 direct influence, and one more corruption point. Anduril may be tapped to untap a Dunadan character in the same company, but its bearer must make a corruption check modified by -1.	playerNDeck
Wizards_ArmyoftheDead	Army of the Dead	middle-earth-ccg/wizards/MiddleEarthCCG-Wizards-ArmyOfTheDead.jpg	default	Hero Resource	Wizards	Special Faction											6									R	Unique. Playable at Vale of Erech. May only be played by Aragorn II on the same turn that he plays Paths of the Dead. May not be influenced by an opponent. {cyan} UEP: Unique. Playable at the Vale of Erech. May only be played by Aragorn II on the same turn that he uses the special movement of Paths of the Dead. May not be influenced by an opponent.	playerNDeck
Wizards_AshMountains	Ash Mountains	middle-earth-ccg/wizards/MiddleEarthCCG-Wizards-AshMountains.jpg	default	Hero Resource	Wizards	Short-event																				CB	Playable at the end of the organization phase on a company containing a ranger. If the company uses region cards for its site path, tap the ranger to move as if the following pairs of regions were adjacent: Dagorlad and Gorgoroth, Horse Plains and Gorgoroth. The company faces an attack at the beginning of its movement/hazard phase: Orcs - 4 strikes with 8 prowess. Otherwise, if the site moved to is in one of the regions listed above, the hazard limit is reduced by 2 (to a minimum of 2). Cannot be duplicated on a given company.	playerNDeck
Wizards_Athelas	Athelas	middle-earth-ccg/wizards/MiddleEarthCCG-Wizards-Athelas.jpg	default	Hero Resource	Wizards	Minor Item															1					U	A Dunadan can tap and use this item to heal a character in his company (change from wounded to well, character remains tapped). Aragorn II can also tap and use this item to remove a corruption card from a character in his company. Discard after use. {cyan} UEP: A Dunadan can tap and use this item to heal a character in his company (change from wounded to well, character remains tapped). A manifestation of Aragorn II can also tap and use this item to remove a corruption card from a character in his company. Discard after use.	playerNDeck
Wizards_BeautifulGoldRing	Beautiful Gold Ring	middle-earth-ccg/wizards/MiddleEarthCCG-Wizards-BeautifulGoldRing.jpg	default	Hero Resource	Wizards	Gold Ring Item											1				1					CA2	"Discard Beatiful Gold Ring when tested. If tested, make a roll (or draw a #) to determine which ring card may be immediately played: - The One Ring (12+); - a Dwarven Ring (10, 11, 12+); - a Magic Ring (1, 2, 3, 4, 5, 6, 7); - a Lesser Ring (any result)."	playerNDeck
Wizards_Beornings	Beornings	middle-earth-ccg/wizards/MiddleEarthCCG-Wizards-Beornings.jpg	default	Hero Resource	Wizards	Faction	Man										2									F1	Unique. Playable at Beorn's House if the influence check is greater than 7. Standard modifications: Men (+1).	playerNDeck
Wizards_BillthePony	Bill the Pony	middle-earth-ccg/wizards/MiddleEarthCCG-Wizards-BillThePony.jpg	default	Hero Resource	Wizards	Ally				1			-2	10			1									U	"Unique. Playable at Bree of Bag End; playable even if the site is tapped. If at a non-Haven site and if his company's size is three of less, you may discard Bill the Pony at the end of his company's turn and replace its site with the nearest Haven [{H}]."	playerNDeck
Wizards_Block	Block	middle-earth-ccg/wizards/MiddleEarthCCG-Wizards-Block.jpg	default	Hero Resource	Wizards	Short-event																				CA	Warrior only. Warrior does not tap agains one strike (unless he is wounded by the strike).	playerNDeck
Wizards_BlueMountainDwarves	Blue Mountain Dwarves	middle-earth-ccg/wizards/MiddleEarthCCG-Wizards-BlueMountainDwarves.jpg	default	Hero Resource	Wizards	Faction	Dwarf										3									U	Unique. Playable at Blue Mountain Dwarf-hold if the influence check is greater than 9. Standard modifications: Elves (-2), Dwarves (+2).	playerNDeck
Wizards_BookofMazarbul	Book of Mazarbul	middle-earth-ccg/wizards/MiddleEarthCCG-Wizards-BookOfMazarbul.jpg	default	Hero Resource	Wizards	Special Item											1(5)				2					U	Unique. Only playable at Moria. May be stored at a Dwarf-hold for 5 marshalling points. If its bearer is a sage, tap Book of Mazarbul during your organization phase to increase your hand size by 1 until your next untap phase.	playerNDeck
Wizards_Bridge	Bridge	middle-earth-ccg/wizards/MiddleEarthCCG-Wizards-Bridge.jpg	default	Hero Resource	Wizards	Short-event																				U	Playable at the end of the movement/hazard phase on a company that moved to a Haven [{H}]. That company may move to an additional site on the same turn. Another site card may be played and a movement/hazard phase immediately follows for that company.	playerNDeck
Wizards_ClearSkies	Clear Skies	middle-earth-ccg/wizards/MiddleEarthCCG-Wizards-ClearSkies.jpg	default	Hero Resource	Wizards	Long-event																				R	Environment. Playable only if Gates of Morning is in play. The prowess of each character is modified by +2.	playerNDeck
Wizards_Concealment	Concealment	middle-earth-ccg/wizards/MiddleEarthCCG-Wizards-Concealment.jpg	default	Hero Resource	Wizards	Short-event																				CA	Scout only. Tap scout to cancel one attack against his company.	playerNDeck
Wizards_CracksofDoom	Cracks of Doom	middle-earth-ccg/wizards/MiddleEarthCCG-Wizards-CracksOfDoom.jpg	default	Hero Resource	Wizards	Short-event																				U	Only playable during the site phase, if The One Ring is at Mount Doom. Its bearer must make a corruption check modified by -4. If successful, The One Ring is destroyed and its bearer's player wins.	playerNDeck
Wizards_DaggerofWesternesse	Dagger of Westernesse	middle-earth-ccg/wizards/MiddleEarthCCG-Wizards-DaggerOfWesternesse.jpg	default	Hero Resource	Wizards	Minor Item							1	-							1					CA2	Weapon. +1 to prowess to a maximum of 8.	playerNDeck
Wizards_DarkQuarrels	Dark Quarrels	middle-earth-ccg/wizards/MiddleEarthCCG-Wizards-DarkQuarrels.jpg	default	Hero Resource	Wizards	Short-event																				CA2	Cancel one attack by Orcs, Trolls, or Men. Alternatively, if Gates of Morning is in play, the number of strikes from any attack is reduced to half of its original number, rounded up.	playerNDeck
Wizards_Dodge	Dodge	middle-earth-ccg/wizards/MiddleEarthCCG-Wizards-Dodge.jpg	default	Hero Resource	Wizards	Short-event																				CA	Target character does not tap against one strike (unless he is wounded by the strike). If wounded by the strike, his body is modified by -1 for the resulting body check.	playerNDeck
Wizards_DreamsofLore	Dreams of Lore	middle-earth-ccg/wizards/MiddleEarthCCG-Wizards-DreamsOfLore.jpg	default	Hero Resource	Wizards	Permanent-event											2									CA2	Sage only during the site phase at an untapped site where Information is playable. Tap the sage and the site. Sage may not untap until Dreams of Lore is stored at a Haven [{H}] during his organization phase. May not be transferred.	playerNDeck
Wizards_Dunlendings	Dunlendings	middle-earth-ccg/wizards/MiddleEarthCCG-Wizards-Dunlendings.jpg	default	Hero Resource	Wizards	Faction	Man										2									F1	Unique. Playable at Dunnish Clan-hold if the influence check is greater than 9. Standard Modifications: Men (-1), Dunedain (-1), Dwarves (-1).	playerNDeck
Wizards_DurinsAxe	Durin's Axe	middle-earth-ccg/wizards/MiddleEarthCCG-Wizards-DurinsAxe.jpg	default	Hero Resource	Wizards	Major Item							+2(4)	-			2(4)				2(3)					U	Unique. Weapon. +2 prowess (+4 if held by a Dwarf) to a maximum of 9. If held by a Dwarf, 4 marshalling points and 3 corruption points.	playerNDeck
Wizards_DwarvenRingofBarinsTribe	Dwarven Ring of Barin's Tribe	middle-earth-ccg/wizards/MiddleEarthCCG-Wizards-DwarvenRingOfBarinsTribe.jpg	default	Hero Resource	Wizards	Special Item					+2(7)		+2(4)	-			4(6)				3(5)					R	"Unique. Dwarven Ring. Playable only with a Gold Ring and after a test indicates a Dwarven Ring. Values in parentheses and brackets apply to a Dwarf bearer. Tap a Dwarf bearer to search your play deck for a major item playable at the bearer's site. Play this item immediately or discard; reshuffle the play deck. Bearer makes a corruption check modified by +2."	playerNDeck
Wizards_DwarvenRingofBavorsTribe	Dwarven Ring of Bavor's Tribe	middle-earth-ccg/wizards/MiddleEarthCCG-Wizards-DwarvenRingOfBavorsTribe.jpg	default	Hero Resource	Wizards	Special Item					+2(7)		+2(4)	-			4(6)				3(5)					R	"Unique. Dwarven Ring. Playable only with a Gold Ring and after a test indicates a Dwarven Ring. Values in parentheses and brackets apply to a Dwarf bearer. Tap a Dwarf bearer to search your play deck for a greater item playable at the bearer's site. Play this item immediately or discard; reshuffle the play deck. Bearer makes a corruption check modified by +2."	playerNDeck
Wizards_DwarvenRingofDruinsTribe	Dwarven Ring of Druin's Tribe	middle-earth-ccg/wizards/MiddleEarthCCG-Wizards-DwarvenRingOfDruinsTribe.jpg	default	Hero Resource	Wizards	Special Item					+2(7)		+2(4)	-			4(6)				3(5)					R	"Unique. Dwarven Ring. Playable only with a Gold Ring and after a test indicates a Dwarven Ring. Values in parentheses and brackets apply to a Dwarf bearer. Tap a Dwarf bearer to search your play deck for a greater item playable at the bearer's site. Play this item immediately or discard; reshuffle the play deck. Bearer makes a corruption check modified by +2."	playerNDeck
Wizards_DwarvenRingofDurinsTribe	Dwarven Ring of Durin's Tribe	middle-earth-ccg/wizards/MiddleEarthCCG-Wizards-DwarvenRingOfDurinsTribe.jpg	default	Hero Resource	Wizards	Special Item					+2(7)		+2(4)	-			4(6)				3(5)					R	Unique. Dwarven Ring. Playable only with a Gold Ring and after a test indicates a Dwarven Ring. Values in parentheses and brackets apply to a Dwarf bearer. Tap a Dwarf bearer to untap the site he is currently at. Bearer makes a corruption check modified by +2.	playerNDeck
Wizards_DwarvenRingofDwalinsTribe	Dwarven Ring of Dwalin's Tribe	middle-earth-ccg/wizards/MiddleEarthCCG-Wizards-DwarvenRingOfDwalinsTribe.jpg	default	Hero Resource	Wizards	Special Item					+2(7)		+2(4)	-			4(6)				3(5)					R	"Unique. Dwarven Ring. Only playable with a Gold Ring and after a test indicates a Dwarven Ring. Values in parentheses and brackets apply to a Dwarf bearer. Tap a Dwarf bearer to search through your play deck for a major item playable at the bearer's site. Play this item immediately or discard; reshuffle the play deck. Bearer makes a corruption check modified by +2."	playerNDeck
Wizards_DwarvenRingofThelorsTribe	Dwarven Ring of Thelor's Tribe	middle-earth-ccg/wizards/MiddleEarthCCG-Wizards-DwarvenRingOfThelorsTribe.jpg	default	Hero Resource	Wizards	Special Item					+2(7)		+2(4)	-			4(6)				3(5)					U	"Unique. Dwarven Ring. Playable only with a Gold Ring and after a test indicates a Dwarven Ring. Values in parentheses apply to a Dwarf bearer. Tap a Dwarf bearer to search your play deck and/or discard pile for any one or two minor items; place these items in your hand and reshuffle your play deck. Bearer makes a corruption check modified by +2."	playerNDeck
Wizards_DwarvenRingofThrarsTribe	Dwarven Ring of Thrar's Tribe	middle-earth-ccg/wizards/MiddleEarthCCG-Wizards-DwarvenRingOfThrarsTribe.jpg	default	Hero Resource	Wizards	Special Item					+2(7)		+2(4)	-			4(6)				3(5)					U	"Unique. Dwarven Ring. Playable only with a Gold Ring and after a test indicates a Dwarven Ring. Values in parentheses apply to a Dwarf bearer. Tap a Dwarf bearer to search your play deck and/or discard pile for any one or two minor items; place these items in your hand and reshuffle your play deck. Bearer makes a corruption check modified by +2."	playerNDeck
Wizards_Eaglemounts	Eagle-mounts	middle-earth-ccg/wizards/MiddleEarthCCG-Wizards-EagleMounts.jpg	default	Hero Resource	Wizards	Short-event																				R	Playable only at the end of the organization phase on a company with a diplomat that begins the turn at Eagles' Eyrie. Company may move to any site that is not a Shadow-hold [{S}] or a Dark-hold [{D}]. Opponent may only play hazard creatures that are keyed to the company's site.	playerNDeck
Wizards_EarthofGaladrielsOrchard	Earth of Galadriel's Orchard	middle-earth-ccg/wizards/MiddleEarthCCG-Wizards-EarthOfGaladrielsOrchard.jpg	default	Hero Resource	Wizards	Special Item											0(2)				1					U	Unique. Only playable at Lorien. 2 marshalling points if stored at Bag End.	playerNDeck
Wizards_Easterlings	Easterlings	middle-earth-ccg/wizards/MiddleEarthCCG-Wizards-Easterlings.jpg	default	Hero Resource	Wizards	Faction	Man										4									R	Unique. Playable at Easterling Camp if the influence check is greater than 9. Standard modifications: Dunedain (-2).	playerNDeck
Wizards_Elfsong	Elf-song	middle-earth-ccg/wizards/MiddleEarthCCG-Wizards-ElfSong.jpg	default	Hero Resource	Wizards	Long-event																				R	When Elf-song comes into play, each character at a Haven may immediately remove one corruption card. While Elf-song is in play, no character at a Haven may be discarded or returned to its owner's hand for any reason.	playerNDeck
Wizards_Elfstone	Elf-stone	middle-earth-ccg/wizards/MiddleEarthCCG-Wizards-ElfStone.jpg	default	Hero Resource	Wizards	Minor Item					0(2)										1					CB2	+2 to direct influence used agains an Elf character or an Elf faction. May not be duplicated on a given character.	playerNDeck
Wizards_ElvenCloak	Elven Cloak	middle-earth-ccg/wizards/MiddleEarthCCG-Wizards-ElvenCloak.jpg	default	Hero Resource	Wizards	Minor Item															1					CA2	"Tap Elven Cloak to cancel one strike against bearer; the strike must be keyed to Wilderness [{w}]. May not be duplicated on a given character."	playerNDeck
Wizards_ElvesofLindon	Elves of Lindon	middle-earth-ccg/wizards/MiddleEarthCCG-Wizards-ElvesOfLindon.jpg	default	Hero Resource	Wizards	Faction	Elf										2									R	Unique. Playable at Grey Havens if the influence check is greater than 9. Standard Modifications: Dunedain (+1), Elves (+2).	playerNDeck
Wizards_Entdraughts	Ent-draughts	middle-earth-ccg/wizards/MiddleEarthCCG-Wizards-EntDraughts.jpg	default	Hero Resource	Wizards	Special Item							1	-												U	Only playable at Wellinghall in addition to an ally or faction that has been successfully played at Wellinghall this turn (even if Wellinghall is already tapped). +1 to prowess. This item may not be stolen, transferred, or stored. May not be duplicated on a given character.	playerNDeck
Wizards_EntsofFangorn	Ents of Fangorn	middle-earth-ccg/wizards/MiddleEarthCCG-Wizards-EntsOfFangorn.jpg	default	Hero Resource	Wizards	Faction	Ent										3									F1	Unique. Playable at Wellinghall if the influence check is greater than 9. Standard Modifications: Hobbits (+4).	playerNDeck
Wizards_Escape	Escape	middle-earth-ccg/wizards/MiddleEarthCCG-Wizards-Escape.jpg	default	Hero Resource	Wizards	Short-event																				CA	Cancels an attack against a company. One character of your choice in the company is wounded (no body check is required).	playerNDeck
Wizards_FairGoldRing	Fair Gold Ring	middle-earth-ccg/wizards/MiddleEarthCCG-Wizards-FairGoldRing.jpg	default	Hero Resource	Wizards	Gold Ring Item											1				1					CA2	"Discard Fair Gold Ring when tested. If tested, make a roll (or draw a #) to determine which ring card may be immediately played: - The One Ring (11, 12+); - a Dwarven Ring (9, 10, 11, 12+); - a Magic Ring (1, 2, 3, 4, 5, 6); - a Lesser Ring (any result)."	playerNDeck
Wizards_FairSailing	Fair Sailing	middle-earth-ccg/wizards/MiddleEarthCCG-Wizards-FairSailing.jpg	default	Hero Resource	Wizards	Short-event																				R	Playable at the end of the organization phase if target company plays a new site card. The hazard limit for the target company decreases by one for every Coastal Sea [{c}] in its site path (to a minimum of two). Cannot be duplicated on the same company.	playerNDeck
Wizards_FairTravelsinBorderlands	Fair Travels in Border-lands	middle-earth-ccg/wizards/MiddleEarthCCG-Wizards-FairTravelsInBorderLands.jpg	default	Hero Resource	Wizards	Short-event																				CA	Playable at the end of the organization phase if target company plays a new site card. The hazard limit for the target company decreases by one for every Border-land [{b}] in its site path (to a minimum of two). Cannot be duplicated on the same company.	playerNDeck
Wizards_FairTravelsinDarkdomains	Fair Travels in Dark-domains	middle-earth-ccg/wizards/MiddleEarthCCG-Wizards-FairTravelsInDarkDomains.jpg	default	Hero Resource	Wizards	Short-event																				R	Playable at the end of the organization phase if target company plays a new site card. If the site path has at least one Dark-domain [{d}], the hazard limit for the target company decreases by one (or by two if Gates of Morning is in play) to a minimum of two. Cannot be duplicated on the same company.	playerNDeck
Wizards_FairTravelsinFreedomains	Fair Travels in Free-domains	middle-earth-ccg/wizards/MiddleEarthCCG-Wizards-FairTravelsInFreeDomains.jpg	default	Hero Resource	Wizards	Short-event																				R	Playable at the end of the organization phase if target company plays a new site card. The hazard limit for the target company decreases by one for every Free-domain [{f}] in its site path (to a minimum of two). Cannot be duplicated on the same company.	playerNDeck
Wizards_FairTravelsinShadowlands	Fair Travels in Shadow-lands	middle-earth-ccg/wizards/MiddleEarthCCG-Wizards-FairTravelsInShadowLands.jpg	default	Hero Resource	Wizards	Short-event																				CA	Playable at the end of the organization phase if target company plays a new site card. If the site path has at least one Shadow-land [{s}], the hazard limit for the target company decreases by one (or by two if Gates of Morning is in play) to a minimum of two. Cannot be duplicated on the same company.	playerNDeck
Wizards_FairTravelsinWilderness	Fair Travels in Wilderness	middle-earth-ccg/wizards/MiddleEarthCCG-Wizards-FairTravelsInWilderness.jpg	default	Hero Resource	Wizards	Short-event																				CA	Playable at the end of the organization phase if target company plays a new site card. The hazard limit for the target company decreases by one for every Wilderness [{w}] in its site path (to a minimum of two). Cannot be duplicated on the same company.	playerNDeck
Wizards_Farsight	Far-sight	middle-earth-ccg/wizards/MiddleEarthCCG-Wizards-FarSight.jpg	default	Hero Resource	Wizards	Short-event																				CA	Sage only during the site phase at an untapped site where Information is playable. Tap the sage and the site to search through your play deck and choose an item that you must reveal to your opponent. This item is placed in your hand and the play deck is reshuffled. The sage makes a corruption check.	playerNDeck
Wizards_FavoroftheValar	Favor of the Valar	middle-earth-ccg/wizards/MiddleEarthCCG-Wizards-FavorOfTheValar.jpg	default	Hero Resource	Wizards	Short-event																				R	Unique. Playable during your organization phase. Shuffle your hand and your discard pile into you play deck (site cards remain in the discard pile). Draw a new hand of 8 cards. Remove Favor of the Valar from the game.	playerNDeck
Wizards_Fellowship	Fellowship	middle-earth-ccg/wizards/MiddleEarthCCG-Wizards-Fellowship.jpg	default	Hero Resource	Wizards	Permanent-event							1								1					CA2	Only playable at a Haven [{H}] during the organization phase on a company that has four or more characters and allies. +1 to prowess and +1 to corruption checks for all characters and allies inthe company. Discard this card if a character of ally joins or leaves the company for any reason.	playerNDeck
Wizards_Fog	Fog	middle-earth-ccg/wizards/MiddleEarthCCG-Wizards-Fog.jpg	default	Hero Resource	Wizards	Long-event																				U	Environment. Playable only if Gates of Morning is in play. Treat all Free-domains [{f}] as Border-lands [{b}] and all Border-lands [{b}] as Wildernesses [{w}] and all Shadow-lands [{s}] as Wildernesses [{w}] and all Dark-domains [{d}] as Shadow-lands [{s}]. Cannot be duplicated.	playerNDeck
Wizards_Ford	Ford	middle-earth-ccg/wizards/MiddleEarthCCG-Wizards-Ford.jpg	default	Hero Resource	Wizards	Short-event																				CA	Playable only at the end of the organization phase. Tap a ranger to prevent opponent from playing hazard creatures keyed to Wilderness [{w}] against the ranger's company.	playerNDeck
Wizards_GatesofMorning	Gates of Morning	middle-earth-ccg/wizards/MiddleEarthCCG-Wizards-GatesOfMorning.jpg	default	Hero Resource	Wizards	Permanent-event																				F5	Environment. All environment hazard cards in play are immediately discarded, and all hazard environment effects are canceled. Cannot be duplicated.	playerNDeck
Wizards_Glamdring	Glamdring	middle-earth-ccg/wizards/MiddleEarthCCG-Wizards-Glamdring.jpg	default	Hero Resource	Wizards	Major Item							3	-			2				1					U	Unique. Weapon. +3 to prowess to a maximum of 8 (a maximum of 9 against Orcs).	playerNDeck
Wizards_Goldberry	Goldberry	middle-earth-ccg/wizards/MiddleEarthCCG-Wizards-Goldberry.jpg	default	Hero Resource	Wizards	Ally				2							1									U	Unique. Playable at Old Forest. May not be attacked. Tap Goldberry to cancel any effect that would cause her company to return to its site of origin after declaring its movement to a new site. Alternatively, tap Goldberry to cancel one attack against her company keyed to Wilderness [{w}].	playerNDeck
Wizards_Gollum	Gollum	middle-earth-ccg/wizards/MiddleEarthCCG-Wizards-Gollum.jpg	default	Hero Resource	Wizards	Ally		Scout		4			2	9			2									U	"Unique. Playable at Goblin-gate or Moria. If his company's size is less than three, tap Gollum to cancel one attack against his company keyed to Wilderness [{w}] or Shadow-land [{s}]. Tap Gollum if he is at the same non-Haven site as The One Ring; then both Gollum and The One Ring are discarded."	playerNDeck
Wizards_GollumsFate	Gollum's Fate	middle-earth-ccg/wizards/MiddleEarthCCG-Wizards-GollumsFate.jpg	default	Hero Resource	Wizards	Short-event																				R	Unique. Only playable if The One Ring and Gollum are both at Mount Doom diring the site phase. The One Ring is destroyed and its bearer's player wins.	playerNDeck
Wizards_GreatShip	Great Ship	middle-earth-ccg/wizards/MiddleEarthCCG-Wizards-GreatShip.jpg	default	Hero Resource	Wizards	Short-event																				R	Tap a character in target company during the organization phase to play Great Ship on that company. If company's current site path contains a coastal sea region and no consecutive non- coastal sea regions, until the end of the turn and character in the company may tap to cancel the effects of one hazard that targets the company.	playerNDeck
Wizards_Greatroad	Great-road	middle-earth-ccg/wizards/MiddleEarthCCG-Wizards-GreatRoad.jpg	default	Hero Resource	Wizards	Short-event																				CA	Playable only at the end of the organization phase on a company that starts at a Haven [{H}]. Opponent may draw up to twice the normal number of cards for this company during the movement/hazard phase. At the end of the turn, the company may replace its site card with the Haven card at which it began the turn.	playerNDeck
Wizards_GreatshieldofRohan	Great-shield of Rohan	middle-earth-ccg/wizards/MiddleEarthCCG-Wizards-GreatShieldOfRohan.jpg	default	Hero Resource	Wizards	Major Item								2			2				2					U	Unique. Shield. +2 to body to a maximum of 9. Warrior only: tap Great Shield of Rohan to remain untapped against one strike (unless bearer is wounded by the strike).	playerNDeck
Wizards_Gwaihir	Gwaihir	middle-earth-ccg/wizards/MiddleEarthCCG-Wizards-Gwaihir.jpg	default	Hero Resource	Wizards	Ally				4			4	8			2									R	"Unique. Playable at Eagles' Eyrie. If his company's size is two or less, you may discard Gwaihir during the organization phase to allow his company to move to any site that is not in a Shadow-land [{s}] or Dark-domain [{d}]; only hazard creatures keyed to the site may be played on a company that moves in this fashion."	playerNDeck
Wizards_HalflingStealth	Halfling Stealth	middle-earth-ccg/wizards/MiddleEarthCCG-Wizards-HalflingStealth.jpg	default	Hero Resource	Wizards	Short-event																				CB2	Hobbit only. Cancel one strike against the Hobbit.	playerNDeck
Wizards_HalflingStrength	Halfling Strength	middle-earth-ccg/wizards/MiddleEarthCCG-Wizards-HalflingStrength.jpg	default	Hero Resource	Wizards	Short-event																				CB2	Hobbit only. The Hobbit may untap or he may move from wounded status to well and untapped during his organization phase or he may receive a +4 modification to one corruption check.	playerNDeck
Wizards_HauberkofBrightMail	Hauberk of Bright Mail	middle-earth-ccg/wizards/MiddleEarthCCG-Wizards-HauberkOfBrightMail.jpg	default	Hero Resource	Wizards	Major Item								2			2				1					CA	Armor. Warrior only: +2 to body to a maximum of 9.	playerNDeck
Wizards_HealingHerbs	Healing Herbs	middle-earth-ccg/wizards/MiddleEarthCCG-Wizards-HealingHerbs.jpg	default	Hero Resource	Wizards	Minor Item															1					CA2	The bearer can tap and discard this item to heal a character in his company, changing the character's status from wounded to well and untapped. Alternatively, the bearer can tap and discard this item to untap a character that is not wounded.	playerNDeck
Wizards_Hiding	Hiding	middle-earth-ccg/wizards/MiddleEarthCCG-Wizards-Hiding.jpg	default	Hero Resource	Wizards	Short-event																				R	Scout only at the end of the organization phase. Scout's company may not move to another site this turn. Cancels all hazard creature attacks against the scout's company this turn.	playerNDeck
Wizards_Hillmen	Hillmen	middle-earth-ccg/wizards/MiddleEarthCCG-Wizards-Hillmen.jpg	default	Hero Resource	Wizards	Faction	Man										1									U	Unique. Playable at Cameth Brin if the influence check is greater than 9. Standard Modifications: Men (+1).	playerNDeck
Wizards_Hobbits	Hobbits	middle-earth-ccg/wizards/MiddleEarthCCG-Wizards-Hobbits.jpg	default	Hero Resource	Wizards	Faction	Hobbit										1									R	Unique. Playable at Bag End if the influence check is greater than 8. Standard Modifications: Hobbits (+4).	playerNDeck
Wizards_HornofAnor	Horn of Anor	middle-earth-ccg/wizards/MiddleEarthCCG-Wizards-HornOfAnor.jpg	default	Hero Resource	Wizards	Minor Item					0(2)										1					CB	+2 to direct influence used against a faction. May not be duplicated on a given character.	playerNDeck
Wizards_Horses	Horses	middle-earth-ccg/wizards/MiddleEarthCCG-Wizards-Horses.jpg	default	Hero Resource	Wizards	Short-event																				CA	Playable only at the end of the organization phase. Hazard limit for a company is decreased by two (to a minimum of 2). The prowess of any hazard creatures played against this company is modified by +2.	playerNDeck
Wizards_IronHillDwarves	Iron Hill Dwarves	middle-earth-ccg/wizards/MiddleEarthCCG-Wizards-IronHillDwarves.jpg	default	Hero Resource	Wizards	Faction	Dwarf										4									F1	Unique. Playable at Iron Hill Dwarf-hold if the influence check is greater than 8. Standard Modifications: Elves (-2), Dwarves (+2).	playerNDeck
Wizards_KindlingoftheSpirit	Kindling of the Spirit	middle-earth-ccg/wizards/MiddleEarthCCG-Wizards-KindlingOfTheSpirit.jpg	default	Hero Resource	Wizards	Short-event													Spell							CA	Spell. Wizard only. +2 prowess against one attack for all characters in the same company as the Wizard. Wizard makes a corruption check modified by -2.	playerNDeck
Wizards_KnightsofDolAmroth	Knights of Dol Amroth	middle-earth-ccg/wizards/MiddleEarthCCG-Wizards-KnightsOfDolAmroth.jpg	default	Hero Resource	Wizards	Faction	Dunadan										3									U	Unique. Playable at Dol Amroth if the influence check is greater than 8. Standard Modifications: Dunedain (+1).	playerNDeck
Wizards_LapseofWill	Lapse of Will	middle-earth-ccg/wizards/MiddleEarthCCG-Wizards-LapseOfWill.jpg	default	Hero Resource	Wizards	Long-event																				U	The prowess of each attack is modified by -1. The prowess of each Nazgul attack is modified by -3.	playerNDeck
Wizards_Leaflock	Leaflock	middle-earth-ccg/wizards/MiddleEarthCCG-Wizards-Leaflock.jpg	default	Hero Resource	Wizards	Ally				3			5	8			2									U	Unique. Playable at Wellinghall. Tap to cancel the effects of one hazard that targets his company. May not be attacked by automatic-attacks or hazards keyed to his site. Discard Leaflock if his company moves to a site that is not in: Fangorn, Rohan, Gap of Isen, Wold & Foothills, Enedhwaith, Old Pukel-land, Brown Lands, Anduin Vales, or Redhorn Gate.	playerNDeck
Wizards_LesserRing	Lesser Ring	middle-earth-ccg/wizards/MiddleEarthCCG-Wizards-LesserRing.jpg	default	Hero Resource	Wizards	Special Item					2						2				1					U	Lesser Ring. Playable only with a Gold Ring and after a test indicates Lesser Ring. +2 to direct influence.	playerNDeck
Wizards_LordlyPresence	Lordly Presence	middle-earth-ccg/wizards/MiddleEarthCCG-Wizards-LordlyPresence.jpg	default	Hero Resource	Wizards	Short-event																				CB2	Diplomat only. +5 to an influence check against a faction. If the influence check is successful, draw a card.	playerNDeck
Wizards_Lossoth	Lossoth	middle-earth-ccg/wizards/MiddleEarthCCG-Wizards-Lossoth.jpg	default	Hero Resource	Wizards	Faction	Man										2									U	Unique. Playable at Lossadan Camp if the influence check is greater than 8. Standard Modifications: Men (+1).	playerNDeck
Wizards_LuckySearch	Lucky Search	middle-earth-ccg/wizards/MiddleEarthCCG-Wizards-LuckySearch.jpg	default	Hero Resource	Wizards	Short-event																				R	"Scout only. During the site phase, tap a scout at a Shadow-hold [{S}] or Dark-hold [{D}]. Turn over cards from your play deck one at a time until you reveal a non-special item or reach the end. If you reveal a non-special item, the scout takes control of it. In any case, the scout must face a single strike attack with a prowess equal to 3 plus the number of cards revealed; this attack/strike cannot be cancelled. Discard item if the scout is wounded by this attack. Reshuffle all revealed cards except the item back into play deck."	playerNDeck
Wizards_LuckyStrike	Lucky Strike	middle-earth-ccg/wizards/MiddleEarthCCG-Wizards-LuckyStrike.jpg	default	Hero Resource	Wizards	Short-event																				CA	Warrior only. Make two rolls (or draw two #'s) against a strike and shoose one of the two results to use.	playerNDeck
Wizards_MagicRingofCourage	Magic Ring of Courage	middle-earth-ccg/wizards/MiddleEarthCCG-Wizards-MagicRingOfCourage.jpg	default	Hero Resource	Wizards	Special Item							0(2)	-			3				2					U	Magic Ring. Playable only with a Gold Ring and after a test indicates a Magic Ring. Gives the bearer warrior skill. If the bearer is already a warrior, he gets +2 to prowess. May not be duplicated on a given character.	playerNDeck
Wizards_MagicRingofLore	Magic Ring of Lore	middle-earth-ccg/wizards/MiddleEarthCCG-Wizards-MagicRingOfLore.jpg	default	Hero Resource	Wizards	Special Item											3				2					U	Magic Ring. Playable only with a Gold Ring and after a test indicates a Magic Ring. Gives the bearer sage skill. If the bearer is already a sage, he may tap to use a Palantir. May not be duplicated on a given character.	playerNDeck
Wizards_MagicRingofNature	Magic Ring of Nature	middle-earth-ccg/wizards/MiddleEarthCCG-Wizards-MagicRingOfNature.jpg	default	Hero Resource	Wizards	Special Item											3				2					U	Magic Ring. Playable only with a Gold Ring and after a test indicates a Magic Ring. Gives the bearer ranger skill. If the bearer is already a ranger, he may tap to cancel an attack against his company. May not be duplicated on a given character.	playerNDeck
Wizards_MagicRingofStealth	Magic Ring of Stealth	middle-earth-ccg/wizards/MiddleEarthCCG-Wizards-MagicRingOfStealth.jpg	default	Hero Resource	Wizards	Special Item											3				2					U	Magic Ring. Playable only with a Gold Ring and after a test indicates a Magic Ring. Gives the bearer scout skill. If the bearer is already a scout, he may tap the Magic Ring of Stealth to cancel a strike directed against him. May not be duplicated on a given character.	playerNDeck
Wizards_MagicRingofWords	Magic Ring of Words	middle-earth-ccg/wizards/MiddleEarthCCG-Wizards-MagicRingOfWords.jpg	default	Hero Resource	Wizards	Special Item					0(3)						3				2					U	Magic Ring. Playable only with a Gold Ring and after a test indicates a Magic Ring. Gives the bearer diplomat skill. If the bearer is already a diplomat, he gets +3 to direct influence. May not be duplicated on a given character.	playerNDeck
Wizards_MenofAnfalas	Men of Anfalas	middle-earth-ccg/wizards/MiddleEarthCCG-Wizards-MenOfAnfalas.jpg	default	Hero Resource	Wizards	Faction	Man										2									U	Unique. Playable at Lond Galen if the influence check is greater than 8. Standard Modifications: Dunedain (+1).	playerNDeck
Wizards_MenofAnorien	Men of Anorien	middle-earth-ccg/wizards/MiddleEarthCCG-Wizards-MenOfAnorien.jpg	default	Hero Resource	Wizards	Faction	Man										2									F1	Unique. Playable at Minas Tirith if the influence check is greater than 7. Standard Modifications: Dunedain (+1).	playerNDeck
Wizards_MenofDorwinion	Men of Dorwinion	middle-earth-ccg/wizards/MiddleEarthCCG-Wizards-MenOfDorwinion.jpg	default	Hero Resource	Wizards	Faction	Man										3									U	Unique. Playable at Shrel-Kain if the influence check is greater than 6. Standard Modifications: Men (+1).	playerNDeck
Wizards_MenofLamedon	Men of Lamedon	middle-earth-ccg/wizards/MiddleEarthCCG-Wizards-MenOfLamedon.jpg	default	Hero Resource	Wizards	Faction	Man										2									U	Unique. Playable at Vale of Erech if the influence check is greater than 7. Standard Modifications: Dunedain (+1).	playerNDeck
Wizards_MenofLebennin	Men of Lebennin	middle-earth-ccg/wizards/MiddleEarthCCG-Wizards-MenOfLebennin.jpg	default	Hero Resource	Wizards	Faction	Man										2									U	Unique. Playable at Pelargir if the influence check is greater than 7. Standard Modifications: Dunedain (+1).	playerNDeck
Wizards_MenofNorthernRhovanion	Men of Northern Rhovanion	middle-earth-ccg/wizards/MiddleEarthCCG-Wizards-MenOfNorthernRhovanion.jpg	default	Hero Resource	Wizards	Faction	Man										2									U	Unique. Playable at Lake-town if the influence check is greater than 6. Standard Modifications: Men (+1).	playerNDeck
Wizards_MirrorofGaladriel	Mirror of Galadriel	middle-earth-ccg/wizards/MiddleEarthCCG-Wizards-MirrorOfGaladriel.jpg	default	Hero Resource	Wizards	Short-event																				U	Only playable at Lorien. You may look at your opponent's hand and choose to look at either the top five cards of his play deck or your play deck. Shuffle those 5 cards and return them to the top of their play deck.	playerNDeck
Wizards_Miruvor	Miruvor	middle-earth-ccg/wizards/MiddleEarthCCG-Wizards-Miruvor.jpg	default	Hero Resource	Wizards	Minor Item								0(2)							1					CA	Discard to give +2 body (to a maximum of 10) for all characters in bearer's company until the end of the turn.	playerNDeck
Wizards_MistyMountains	Misty Mountains	middle-earth-ccg/wizards/MiddleEarthCCG-Wizards-MistyMountains.jpg	default	Hero Resource	Wizards	Short-event																				CB2	Playable at the end of the organization phase on a company containing a ranger. If the company uses region cards for its site path, tap the ranger to move as if the following pairs of regions were adjacent: Rhudaur and Anduin Vales, Rhudaur and Wold & Foothills, Hollin and Wold & Foothills, Hollin and Fangorn, Dunland and Fangorn. Otherwise, if the site moved to is in one of the regions listed above, the hazard limit is reduced by two (to a minimum of two). Cannot be duplicated on a given company.	playerNDeck
Wizards_Moon	Moon	middle-earth-ccg/wizards/MiddleEarthCCG-Wizards-Moon.jpg	default	Hero Resource	Wizards	Long-event																				U	Environment. If Gates of Morning is in play, treat all Wildernesses [{w}] as Border-lands [{b}] and all Border-lands [{b}] as Free-domains [{f}] for the purposes of playing hazards. If Doors of Night is in play, treat all Dark-domains [{d}] as Shadow-lands [{s}] and all Shadow-lands [{s}] as Wildernesses [{w}] for the purposes of playing hazards. Cannot be duplicated.	playerNDeck
Wizards_Morannon	Morannon	middle-earth-ccg/wizards/MiddleEarthCCG-Wizards-Morannon.jpg	default	Hero Resource	Wizards	Permanent-event																				R	Playable at the end of the organization phase on a company that has a size of less than three, contains a scout, and begins the turn at a site in Dagorlad. This card is used as a Dark-hold [{D}] site card in the region of Udun that is moved to using the following site-path: {s} {d} (the moving player draws 2 cards and his opponent draws 5 cards). The company can later leave this site using region cards or by using the following site path to Lorien: {d} {d} {s} {w} {f} {b} {w}. Discard Morannon when the company successfully plays a new site card.	playerNDeck
Wizards_MountainsofShadow	Mountains of Shadow	middle-earth-ccg/wizards/MiddleEarthCCG-Wizards-MountainsOfShadow.jpg	default	Hero Resource	Wizards	Short-event																				CB	Playable at the end of the organization phase on a company containing a ranger. If the company uses region cards for its site path, tap the ranger to move as if the following pairs of regions were adjacent: Ithilien and Gorgoroth, Ithilien and Nurn, Harondor and Nurn. The company faces an attack at the beginning of its movement/hazard phase: Orcs - 4 strikes with 9 prowess. Otherwise, if the site moved to is in one of the regions listed above, the hazard limit is reduced by 2 (to a minimum of 2). Cannot be duplicated on a given company.	playerNDeck
Wizards_Muster	Muster	middle-earth-ccg/wizards/MiddleEarthCCG-Wizards-Muster.jpg	default	Hero Resource	Wizards	Short-event																				CA	Warrior only. An influence check against a faction by a warrior is modified by adding the warrior's prowess to a maximum modifier of +5.	playerNDeck
Wizards_Narsil	Narsil	middle-earth-ccg/wizards/MiddleEarthCCG-Wizards-Narsil.jpg	default	Hero Resource	Wizards	Greater Item					1		1	-			3				2					U	Unique. Weapon. +1 to prowess and direct influence.	playerNDeck
Wizards_Narya	Narya	middle-earth-ccg/wizards/MiddleEarthCCG-Wizards-Narya.jpg	default	Hero Resource	Wizards	Short-event																				R	Gandalf only. +4 prowess, +1 body, +2 direct influence for the rest of the turn. Immediately untap all unwounded characters in Gandalf's company. Gandalf makes a corruption check modified by -5.	playerNDeck
Wizards_Nenya	Nenya	middle-earth-ccg/wizards/MiddleEarthCCG-Wizards-Nenya.jpg	default	Hero Resource	Wizards	Short-event																				R	Galadriel only. +2 prowess, +2 body, +2 direct influence for the rest of the turn. Galadriel makes a corruption check modified by -3, by -1 if in a Haven [{H}]. Any one corruption check made by a character not in a Shadow-hold [{S}] or Dark-hold [{D}] is automatically successful.	playerNDeck
Wizards_NewFriendship	New Friendship	middle-earth-ccg/wizards/MiddleEarthCCG-Wizards-NewFriendship.jpg	default	Hero Resource	Wizards	Short-event																				CB	Diplomat only. +3 to any one influence check or +2 to a corruption check made by a character in the same company.	playerNDeck
Wizards_OldFriendship	Old Friendship	middle-earth-ccg/wizards/MiddleEarthCCG-Wizards-OldFriendship.jpg	default	Hero Resource	Wizards	Short-event																				CB	Diplomat only. +5 to an influence check against a character or +4 to a corruption check made by a character in the same company.	playerNDeck
Wizards_OldRoad	Old Road	middle-earth-ccg/wizards/MiddleEarthCCG-Wizards-OldRoad.jpg	default	Hero Resource	Wizards	Short-event																				CB2	Allows a character at a Haven [{H}] to attempt to bring a faction into play. The length of the site path from this Haven to the site at which the faction can be played must be two or less (this must be verified by an available site card). The influence check for this attempt is modified by -1 and is not modified by the influencing character's direct influence.	playerNDeck
Wizards_Orcrist	Orcrist	middle-earth-ccg/wizards/MiddleEarthCCG-Wizards-Orcrist.jpg	default	Hero Resource	Wizards	Greater Item							3	-			4				2					U	Unique. Weapon. +3 to prowess to a maximum of 9 (+4 prowess to a maximum of 10 against Orcs).	playerNDeck
Wizards_PalantirofAmonSul	Palantir of Amon Sul	middle-earth-ccg/wizards/MiddleEarthCCG-Wizards-PalantirOfAmonSul.jpg	default	Hero Resource	Wizards	Greater Item											3(5)				3					R	Unique. Palantir. If the bearer's company is ever below 2 characters and the company moves, discard the Palantir. 5 marshalling points if stored in a Haven [{H}]. With its bearer able to use a Palantir, tap Palantir of Amon Sul to look at your opponent's hand or tap it to use the abilities of either the Palantir of Annuminas or the Palantir of Elostirion if either one is in play. Bearer makes a corruption check.	playerNDeck
Wizards_PalantirofAnnuminas	Palantir of Annuminas	middle-earth-ccg/wizards/MiddleEarthCCG-Wizards-PalantirOfAnnuminas.jpg	default	Hero Resource	Wizards	Greater Item											3				2					R	Unique. Palantir. With its bearer able to use a Palantir, tap Palantir of Annuminas to search through your play deck and discard pile for a sage only card. Put this card in your hand. Reshuffle your play deck. Bearer makes a corruption check.	playerNDeck
Wizards_PalantirofElostirion	Palantir of Elostirion	middle-earth-ccg/wizards/MiddleEarthCCG-Wizards-PalantirOfElostirion.jpg	default	Hero Resource	Wizards	Special Item											2				2					U	Unique. Palantir. Playable only at The White Towers. Discard if the bearer moves. If the bearer is a sage, he may tap Palantir of Elostirion to remove one corruption card from an Elf or a Wizard under your control. Bearer makes a corruption check.	playerNDeck
Wizards_PalantirofMinasTirith	Palantir of Minas Tirith	middle-earth-ccg/wizards/MiddleEarthCCG-Wizards-PalantirOfMinasTirith.jpg	default	Hero Resource	Wizards	Special Item											2				2					U	"Unique. Palantir. Playable only at Minas Tirith. With its bearer able to use a Palantir, tap Palantir of Minas Tirith to look at the top five cards of your play deck; shuffle these 5 cards and return them to the top of your play deck. do the same to your opponent's play deck. Bearer makes a corruption check."	playerNDeck
Wizards_PalantirofOrthanc	Palantir of Orthanc	middle-earth-ccg/wizards/MiddleEarthCCG-Wizards-PalantirOfOrthanc.jpg	default	Hero Resource	Wizards	Special Item											2				2					U	Unique. Palantir. Playable only at Isengard. With its bearer able to use a Palantir and with at least 5 cards in your play deck, tap Palantir of Orthanc to choose one card from your discard pile to place in your play deck (reshuffle the play deck). Bearer makes a corruption check.	playerNDeck
Wizards_PalantirofOsgiliath	Palantir of Osgiliath	middle-earth-ccg/wizards/MiddleEarthCCG-Wizards-PalantirOfOsgiliath.jpg	default	Hero Resource	Wizards	Greater Item											3(5)				3					R	Unique. Palantir. If the bearer's company is ever below 4 character and the company moves, discard. 5 marshalling pts. if stored in a Haven [{H}]. With its bearer able to use a Palantir, tap Palantir of Osgiliath to force the discard of any hazard permanent-event or to duplicate the effect of any Palantir in play. Bearer makes a corruption check.	playerNDeck
Wizards_PathsoftheDead	Paths of the Dead	middle-earth-ccg/wizards/MiddleEarthCCG-Wizards-PathsOfTheDead.jpg	default	Hero Resource	Wizards	Short-event																				R	Playable only at the end of the organization phase. For its movement, a company that starts at the Dunharrow site and contains Aragorn II may move to the Vale of Erech site. The only hazard creatures that may be played on this company are Undead, but any Undead may be played on the company.	playerNDeck
Wizards_PersuasiveWords	Persuasive Words	middle-earth-ccg/wizards/MiddleEarthCCG-Wizards-PersuasiveWords.jpg	default	Hero Resource	Wizards	Short-event																				CB	Diplomat only. Make two rolls (or draw two #'s) when making an influence check and choose one result to use.	playerNDeck
Wizards_PotionofProwess	Potion of Prowess	middle-earth-ccg/wizards/MiddleEarthCCG-Wizards-PotionOfProwess.jpg	default	Hero Resource	Wizards	Minor Item							0(1)	-							1					CA	Discard to give +1 prowess to all characters in bearer's company until the end of the turn.	playerNDeck
Wizards_PraisetoElbereth	Praise to Elbereth	middle-earth-ccg/wizards/MiddleEarthCCG-Wizards-PraiseToElbereth.jpg	default	Hero Resource	Wizards	Short-event																				U	For each of your characters in play that you choose to tap, cancel one Nazgul event or one Nazgul attack. Additionally, if Doors of Night is in play, characters gain +1 prowess until the end of the turn.	playerNDeck
Wizards_PreciousGoldRing	Precious Gold Ring	middle-earth-ccg/wizards/MiddleEarthCCG-Wizards-PreciousGoldRing.jpg	default	Hero Resource	Wizards	Gold Ring Item											1				1					CA2	"Discard Precious Gold Ring when tested. If tested, make a roll (or draw a #) to determine which ring card may be immediately played: - The One Ring (10, 11, 12+); - a Dwarven ring (8, 9, 10, 11, 12+); - a Magic Ring (1, 2, 3, 4, 5); - a Lesser Ring (any result)."	playerNDeck
Wizards_Quickbeam	Quickbeam	middle-earth-ccg/wizards/MiddleEarthCCG-Wizards-Quickbeam.jpg	default	Hero Resource	Wizards	Ally				3			6	9			2									U	Unique. Playable at Wellinghall. May not be attacked by automatic-attacks or hazards keyed to his site.	playerNDeck
Wizards_QuietLands	Quiet Lands	middle-earth-ccg/wizards/MiddleEarthCCG-Wizards-QuietLands.jpg	default	Hero Resource	Wizards	Short-event																				U	Environment. Until the end of the turn, the number of strikes for one automatic-attack at a Shadow-hold [{S}] or Ruins & Lairs [{R}] is reduced by half (round up). Alternatively, if Gates of Morning is in play, treat one Shadow-land [{s}] as a Wilderness [{w}], or one Shadow-hold [{S}] as a Ruins & Lairs [{R}] until the end of the turn. Cannot be duplicated.	playerNDeck
Wizards_RangersofIthilien	Rangers of Ithilien	middle-earth-ccg/wizards/MiddleEarthCCG-Wizards-RangersOfIthilien.jpg	default	Hero Resource	Wizards	Faction	Dunadan										3									F1	Unique. Playable at Henneth Annun if the influence check is greater than 7. Standard Modifications: Dunedain (+1).	playerNDeck
Wizards_RangersoftheNorth	Rangers of the North	middle-earth-ccg/wizards/MiddleEarthCCG-Wizards-RangersOfTheNorth.jpg	default	Hero Resource	Wizards	Faction	Dunadan										3									F1	Unique. Playable at Bree if the influence check is greater than 9. Standard Modifications: Dunedain (+1).	playerNDeck
Wizards_RedArrow	Red Arrow	middle-earth-ccg/wizards/MiddleEarthCCG-Wizards-RedArrow.jpg	default	Hero Resource	Wizards	Major Item					0(5)						2				2					U	Unique. Bearer may automatically influence the Riders of Rohan. +5 to the bearer's direct influence against any character with Edoras as a home site.	playerNDeck
Wizards_RedBookofWestmarch	Red Book of Westmarch	middle-earth-ccg/wizards/MiddleEarthCCG-Wizards-RedBookOfWestmarch.jpg	default	Hero Resource	Wizards	Special Item					0(2)						0(1)				1					U	Unique. Only playable at Bag End. +2 to direct influence against a Hobbit character or faction. 1 marshalling point if stored at a Haven [{H}].	playerNDeck
Wizards_Reforging	Reforging	middle-earth-ccg/wizards/MiddleEarthCCG-Wizards-Reforging.jpg	default	Hero Resource	Wizards	Permanent-event											1									CA	Sage only during the site phase at an untapped site where Information is playable. Tap the sage and the site. Sage may not untap until Reforging is stored at a Haven [{H}]. During your organization phase, you may tap a sage at a Haven and discard a stored Reforging to retrieve any minor or major weapon, armor, or shield from your discard pile. The item must be placed under the control of a character in the sage's company.	playerNDeck
Wizards_RescuePrisoners	Rescue Prisoners	middle-earth-ccg/wizards/MiddleEarthCCG-Wizards-RescuePrisoners.jpg	default	Hero Resource	Wizards	Permanent-event											-2									CA2	Playable at an already tapped Dark-hold [{D}] or Shadow-hold [{S}] during the site phase. The company faces a spider attack (2 strikes with 7 prowess). If no characters are untapped after the attack, discard Rescue Prisoners. Otherwise, you may tap 1 character in the company and put Rescue Prisoners under his control. That character may not untap until Rescue Prisoners is stored at a Haven [{H}], Border-hold [{B}], or Free-hold [{F}] during his organization phase. You receive the marshalling points for this card only when it is stored. Cannot be duplicated at a given site.	playerNDeck
Wizards_ReturnoftheKing	Return of the King	middle-earth-ccg/wizards/MiddleEarthCCG-Wizards-ReturnOfTheKing.jpg	default	Hero Resource	Wizards	Permanent-event					3						3									R	"Unique. Aragorn II only. Only playable in Minas Tirith and only if Denethor II is not in play. Aragorn II's direct influence is modified by +3. Keep this card with Aragorn II; discard if he leaves play."	playerNDeck
Wizards_RidersofRohan	Riders of Rohan	middle-earth-ccg/wizards/MiddleEarthCCG-Wizards-RidersOfRohan.jpg	default	Hero Resource	Wizards	Faction	Man										3									F1	Unique. Playable at Edoras if the influence check is greater than 9. Standard Modifications: Hobbits (+1), Dunedain (+1).	playerNDeck
Wizards_Ringlore	Ringlore	middle-earth-ccg/wizards/MiddleEarthCCG-Wizards-Ringlore.jpg	default	Hero Resource	Wizards	Short-event																				U	Sage only, only playable at a site where Information is playable, and only if a character in his company has a Gold Ring. Play to test a Gold Ring. No roll (or draw) is used. The player may replace the Gold Ring with any ring from his hand (except for The One Ring). Playable only during site phase. Tap the sage and the site.	playerNDeck
Wizards_RiskyBlow	Risky Blow	middle-earth-ccg/wizards/MiddleEarthCCG-Wizards-RiskyBlow.jpg	default	Hero Resource	Wizards	Short-event																				CA	Warrior only against one strike. +3 to prowess and -1 to body.	playerNDeck
Wizards_RoactheRaven	Ro�c the Raven	middle-earth-ccg/wizards/MiddleEarthCCG-Wizards-RoCTheRaven.jpg	default	Hero Resource	Wizards	Ally		Diplomat		1			-3	8			1									R	Unique. Playable at any site in Northern Rhovanion. Tap and discard to attempt to bring any faction into play - treat this influence check as though it were made by a diplomat.	playerNDeck
Wizards_SacrificeofForm	Sacrifice of Form	middle-earth-ccg/wizards/MiddleEarthCCG-Wizards-SacrificeOfForm.jpg	default	Hero Resource	Wizards	Permanent-event													Spell							R	"Spell. Wizard only. All of the strikes from one attack against your Wizard's company fail; +3 to any body checks made to determine if the attack is defeated. Discard the Wizard (i.e. he becomes unrevealed) and any non-item cards he controls. Place any items he controls under his card and keep these off to the side (these items are considered to still be in play). If the Wizard is put back into play, return his items to him and place Sacrifice of Form with him. Wizard receives +1 to his prowess, body and direct influence. May not be duplicated on a given Wizard."	playerNDeck
Wizards_SaplingoftheWhiteTree	Sapling of the White Tree	middle-earth-ccg/wizards/MiddleEarthCCG-Wizards-SaplingOfTheWhiteTree.jpg	default	Hero Resource	Wizards	Major Item											1(2)				1					U	Not playable in a Shadow-hold [{S}] or Dark-hold [{D}]. May be stored at Minas Tirith. 2 marshalling points if stored at Minas Tirith.	playerNDeck
Wizards_ScrollofIsildur	Scroll of Isildur	middle-earth-ccg/wizards/MiddleEarthCCG-Wizards-ScrollOfIsildur.jpg	default	Hero Resource	Wizards	Greater Item											4				3					U	Unique. When a Gold Ring is tested in a company with the Scroll of Isildur, the result of the roll (or draw) is modified by +2.	playerNDeck
Wizards_SecretEntrance	Secret Entrance	middle-earth-ccg/wizards/MiddleEarthCCG-Wizards-SecretEntrance.jpg	default	Hero Resource	Wizards	Short-event																				R	"Only playable at the end of the organization phase; may not be played on a company that is moving to a site in a Dark-domain [{d}]. Tap a sage in the company, and no hazard creatures keyed to the site may be played on the company."	playerNDeck
Wizards_SecretPassage	Secret Passage	middle-earth-ccg/wizards/MiddleEarthCCG-Wizards-SecretPassage.jpg	default	Hero Resource	Wizards	Short-event																				CA	Playable only at the end of the organization phase. If the company that it is played on moves to a Ruins & Lairs [{R}] site, opponent may only play hazard creatures that are keyed to the company's site.	playerNDeck
Wizards_Shadowfax	Shadowfax	middle-earth-ccg/wizards/MiddleEarthCCG-Wizards-Shadowfax.jpg	default	Hero Resource	Wizards	Ally				2			2	8			1									R	"Unique. Playable at Edoras or Dunharrow. If his company has only one character or one character and a Hobbit at the end of the movement/hazard phase, tap Shadowfax to allow his company to immediately move again; an additional site card may be played and an additional movement/hazard phase follows for that company."	playerNDeck
Wizards_ShieldofIronboundAsh	Shield of Iron-bound Ash	middle-earth-ccg/wizards/MiddleEarthCCG-Wizards-ShieldOfIronBoundAsh.jpg	default	Hero Resource	Wizards	Minor Item							0(1)	-							1					CA2	Shield. +1 to body to a maximum of 8. Tap Shield of Iron-bound Ash to gain +1 prowess against one strike.	playerNDeck
Wizards_Skinbark	Skinbark	middle-earth-ccg/wizards/MiddleEarthCCG-Wizards-Skinbark.jpg	default	Hero Resource	Wizards	Ally				3			10	9			2									R	Unique. Playable at Wellinghall. May not be attacked by automatic-attacks or hazards keyed to his site. discard Skinbark if his company moves to a site that is not in: Fangorn, Rohan, Gap of Isen, Wold & Foothills, Anduin Vales, or Redhorn Gate.	playerNDeck
Wizards_Southrons	Southrons	middle-earth-ccg/wizards/MiddleEarthCCG-Wizards-Southrons.jpg	default	Hero Resource	Wizards	Faction	Man										5									R	Unique. Playable at the Southron Oasis if the influence check is greater than 8. Standard Modifications: Dunedain (-2), Elves (-2), Dwarves (-2). {green} DCE: Add: Standard modifications: Wizards(-5)	playerNDeck
Wizards_Starglass	Star-glass	middle-earth-ccg/wizards/MiddleEarthCCG-Wizards-StarGlass.jpg	default	Hero Resource	Wizards	Minor Item															1					U	Tap bearer of Star-glass to cancel an attack by Undead or to modify the prowess of a spiders, animals, or wolves attack by -2. Bearer makes a corruption check.	playerNDeck
Wizards_Stars	Stars	middle-earth-ccg/wizards/MiddleEarthCCG-Wizards-Stars.jpg	default	Hero Resource	Wizards	Short-event																				U	Environment. Modify the prowess of one Undead attack by -1. Alternatively, if Gates of Morning is in play, until the end of the turn, treat one Dark-domain [{d}] as a Shadow-land [{s}] or one Shadow-land [{s}] as a Wilderness [{w}]. Cannot be duplicated.	playerNDeck
Wizards_Stealth	Stealth	middle-earth-ccg/wizards/MiddleEarthCCG-Wizards-Stealth.jpg	default	Hero Resource	Wizards	Short-event																				CA	Scout only. Tap a scout to play at the end of the organization phase only if the scout's company size is less than three. No creature hazards may be played on his company this turn.	playerNDeck
Wizards_Sting	Sting	middle-earth-ccg/wizards/MiddleEarthCCG-Wizards-Sting.jpg	default	Hero Resource	Wizards	Minor Item							+1(2)	-							1					U	Unique. Weapon. +1 prowess to a maximum of 8, +2 to a Hobbit's prowess to a maximum of 8.	playerNDeck
Wizards_StoneofErech	Stone of Erech	middle-earth-ccg/wizards/MiddleEarthCCG-Wizards-StoneOfErech.jpg	default	Hero Resource	Wizards	Permanent-event											2									R	Unique. Playable at the Vale of Erech and if the Men of Lamedon are already in play. Discard if the Men of Lamedon leave play.	playerNDeck
Wizards_Sun	Sun	middle-earth-ccg/wizards/MiddleEarthCCG-Wizards-Sun.jpg	default	Hero Resource	Wizards	Long-event																				U	Environment. The prowess of each Dunadan is modified by +1. Additionally, if Gates of Morning is in play, the prowess of each automatic-attack and hazard creature is modified by -1 and the prowess of each Man and Dunadan is modified by +1. Cannot be duplicated.	playerNDeck
Wizards_SwordofGondolin	Sword of Gondolin	middle-earth-ccg/wizards/MiddleEarthCCG-Wizards-SwordOfGondolin.jpg	default	Hero Resource	Wizards	Major Item							2	-			2				2					CA2	Weapon. Warrior only: +2 to prowess to a maximum of 8. {green} DCE: Replace with: +2 to a maximum of 9	playerNDeck
Wizards_TemperingFriendship	Tempering Friendship	middle-earth-ccg/wizards/MiddleEarthCCG-Wizards-TemperingFriendship.jpg	default	Hero Resource	Wizards	Short-event																				CB2	+4 to an influence attempt against a faction.	playerNDeck
Wizards_TestofForm	Test of Form	middle-earth-ccg/wizards/MiddleEarthCCG-Wizards-TestOfForm.jpg	default	Hero Resource	Wizards	Short-event																				CA2	Sage only, and only if a character in his company has a Gold Ring. Play to test a Gold Ring.	playerNDeck
Wizards_TestofLore	Test of Lore	middle-earth-ccg/wizards/MiddleEarthCCG-Wizards-TestOfLore.jpg	default	Hero Resource	Wizards	Short-event																				CA2	"Sage only, and only if a character in his company has a Gold Ring. Play to test a Gold Ring; subtract one from the result of the roll (or draw)."	playerNDeck
Wizards_TheArkenstone	The Arkenstone	middle-earth-ccg/wizards/MiddleEarthCCG-Wizards-TheArkenstone.jpg	default	Hero Resource	Wizards	Greater Item					0(3)						2(5)				2(4)					R	Unique. +3 to bearer's direct influence against Dwarves and Dwarf factions. If held by a Dwarf, The Arkenstone gives 5 marshalling points and 4 corruption points. The Arkenstone may be tapped to untap a Dwarf character in the same company, but target Dwarf must make a corruption check modified by -2.	playerNDeck
Wizards_TheCockCrows	The Cock Crows	middle-earth-ccg/wizards/MiddleEarthCCG-Wizards-TheCockCrows.jpg	default	Hero Resource	Wizards	Short-event																				U	Cancels a Troll attack. Alternatively, if Gates of Morning is in play, it forces the discard of one hazard permanent-event.	playerNDeck
Wizards_TheEvenstar	The Evenstar	middle-earth-ccg/wizards/MiddleEarthCCG-Wizards-TheEvenstar.jpg	default	Hero Resource	Wizards	Short-event																				U	Environment. The prowess of one Elf is modified by +1 until the end of the turn. Additionally, if Gates of Morning is in play, until the end of the turn, the prowess of each Elf is modified by +1 and treat one Wilderness [{w}] as a Border-land [{b}], or one Border-land [{b}] as a Free-domain [{f}]. Cannot be duplicated.	playerNDeck
Wizards_TheGreatEagles	The Great Eagles	middle-earth-ccg/wizards/MiddleEarthCCG-Wizards-TheGreatEagles.jpg	default	Hero Resource	Wizards	Faction	Eagle										3									U	Unique. Playable at Eagles' Eyrie if the influence check is greater than 9. Standard Modifications: none.	playerNDeck
Wizards_TheMithrilcoat	The Mithril-coat	middle-earth-ccg/wizards/MiddleEarthCCG-Wizards-TheMithrilCoat.jpg	default	Hero Resource	Wizards	Greater Item								3			4				2					R	Unique. Armor. +3 body (to a maximum of 10).	playerNDeck
Wizards_TheOldThrush	The Old Thrush	middle-earth-ccg/wizards/MiddleEarthCCG-Wizards-TheOldThrush.jpg	default	Hero Resource	Wizards	Short-event																				U	-3 to the prowess and body of a non-Nazgul attack with a prowess of 13 or more. Cannot be duplicated on a given attack.	playerNDeck
Wizards_TheOneRing	The One Ring	middle-earth-ccg/wizards/MiddleEarthCCG-Wizards-TheOneRing.jpg	default	Hero Resource	Wizards	Special Item					5		5	-			6				6					R	"Unique. The One Ring. Playable only with a Gold Ring and after a test indicates The One Ring. +5 prowess (to a maximum of double the bearer's starting prowess). +5 body (to a maximum of 10). +5 to direct influence. Bearer may make a corruption check modified by -2 to cancel a strike; this does not work against Undead and Nazgul strikes. +1 corruption point to every character in the bearer's company."	playerNDeck
Wizards_TheWhiteTree	The White Tree	middle-earth-ccg/wizards/MiddleEarthCCG-Wizards-TheWhiteTree.jpg	default	Hero Resource	Wizards	Permanent-event											5									R	Unique. Sage only at Minas Tirith. Playable only if a Sapling of the White Tree is at Minas Tirith. Minas Tirith becomes a Haven [{H}] for the purposes of healing and playing hazards. Discard the Sapling of the White Tree.	playerNDeck
Wizards_ThoroughSearch	Thorough Search	middle-earth-ccg/wizards/MiddleEarthCCG-Wizards-ThoroughSearch.jpg	default	Hero Resource	Wizards	Short-event																				CA	Scout only. Tap a scout during the site phase to allow another character in his company to play a minor, major, or gold ring item normally found at its current site. The company must face any automatic-attack for its current site at least once during this site phase. This does not tap the site, and Thorough Search can be played at a site that is already tapped.	playerNDeck
Wizards_TomBombadil	Tom Bombadil	middle-earth-ccg/wizards/MiddleEarthCCG-Wizards-TomBombadil.jpg	default	Hero Resource	Wizards	Ally		Sage		4			12	11			3									R	Unique. Playable at Old Forest. Tap to cancel the effects of one hazard that targets any company, or an entity associated with a company, moving to a site in:  Arthedain, Cardolan, Rhudaur, or The Shire. Discard Tom Bombadil if his company moves to a site that is not in: Arthedain, Cardolan, Rhudaur, or The Shire.	playerNDeck
Wizards_TorqueofHues	Torque of Hues	middle-earth-ccg/wizards/MiddleEarthCCG-Wizards-TorqueOfHues.jpg	default	Hero Resource	Wizards	Major Item											2				2					U	Unique. Tap Torque of Hues and its bearer to cancel an attack against his company. Bearer makes a corruption check.	playerNDeck
Wizards_TowerGuardofMinasTirith	Tower Guard of Minas Tirith	middle-earth-ccg/wizards/MiddleEarthCCG-Wizards-TowerGuardOfMinasTirith.jpg	default	Hero Resource	Wizards	Faction	Dunadan										2									F1	Unique. Playable at Minas Tirith if the influence check is greater than 7. Standard Modifications: Dunedain (+1).	playerNDeck
Wizards_Treebeard	Treebeard	middle-earth-ccg/wizards/MiddleEarthCCG-Wizards-Treebeard.jpg	default	Hero Resource	Wizards	Ally		Sage		3			8	9			2									U	Unique. Playable at Wellinghall. May not be attacked by automatic-attacks or hazards keyed to his site. Discard Treebeard if his company moves to a site that is not in: Fangorn, Rohan, Gap of Isen, Wold & Foothills, Enedhwaith, Old Pukel-land, Brown Lands, Anduin Vales, or Redhorn Gate.	playerNDeck
Wizards_TrueFana	True Fana	middle-earth-ccg/wizards/MiddleEarthCCG-Wizards-TrueFana.jpg	default	Hero Resource	Wizards	Short-event													Spell							R	Spell. Wizard only. Before resolving an attack against the Wizard's company, make a roll (or draw a #) and add the Wizard's prowess to the result. If the total is greater than the attack's prowess, all of the attack's strikes fail (if the attack has a body, make body checks to determine if the attack is defeated). Otherwise, the attack proceeds normally. Wizard makes a corruption check modified by -3.	playerNDeck
Wizards_UsePalantir	Use Palantir	middle-earth-ccg/wizards/MiddleEarthCCG-Wizards-UsePalantir.jpg	default	Hero Resource	Wizards	Short-event																				U	Sage only. Tap sage to enable him to use one Palantir he bears for the rest of the turn.	playerNDeck
Wizards_Vanishment	Vanishment	middle-earth-ccg/wizards/MiddleEarthCCG-Wizards-Vanishment.jpg	default	Hero Resource	Wizards	Short-event													Spell							CA	Spell. Wizard only. Cancels an attack against the Wizard's company. Wizard makes a corruption check modified by -2.	playerNDeck
Wizards_VariagsofKhand	Variags of Khand	middle-earth-ccg/wizards/MiddleEarthCCG-Wizards-VariagsOfKhand.jpg	default	Hero Resource	Wizards	Faction	Man										4									R	Unique. Playable at Variag Camp if the influence check is greater than 9. Standard Modifications: none. {green} DCE: Add: Standard modifications: Wizards(-5)	playerNDeck
Wizards_Vilya	Vilya	middle-earth-ccg/wizards/MiddleEarthCCG-Wizards-Vilya.jpg	default	Hero Resource	Wizards	Short-event																				R	Playable on Elrond only. +4 prowess, +2 body, +6 direct influence until the end of the turn. If Elrond is at Rivendell and your play deck has at least 5 cards in it, you may take 3 resource cards of your choice from your discard pile and shuffle them into your play deck. Elrond makes a corruption check modified by  -3. Cannot be duplicated on a given turn.	playerNDeck
Wizards_WhiteMountains	White Mountains	middle-earth-ccg/wizards/MiddleEarthCCG-Wizards-WhiteMountains.jpg	default	Hero Resource	Wizards	Short-event																				CB	Playable at the end of the organization phase on a company containing a ranger. If the company uses region cards for its site path, tap the ranger to move as if the following pairs of regions were adjacent: Old Pukel-land and Anfalas, Rohan and Lamedon, Rohan and Anfalas, Anorien and Lamedon. Otherwise, if the site moved to is in one of the regions listed above, the hazard limit is reduced by two (to a minimum of two). Cannot be duplicated on a given company.	playerNDeck
Wizards_WizardsFire	Wizard's Fire	middle-earth-ccg/wizards/MiddleEarthCCG-Wizards-WizardsFire.jpg	default	Hero Resource	Wizards	Short-event													Spell							R	Spell. Wizard only. +5 prowess for the Wizard against one attack. Wizard makes a corruption check modified by -4.	playerNDeck
Wizards_WizardsFlame	Wizard's Flame	middle-earth-ccg/wizards/MiddleEarthCCG-Wizards-WizardsFlame.jpg	default	Hero Resource	Wizards	Short-event													Spell							U	Spell. Wizard only. All attacks against Wizard's company suffer a -2 modification to prowess for the rest of the turn. Wizard makes a corruption check modified by -3.	playerNDeck
Wizards_WizardsLaughter	Wizard's Laughter	middle-earth-ccg/wizards/MiddleEarthCCG-Wizards-WizardsLaughter.jpg	default	Hero Resource	Wizards	Short-event													Spell							U	Spell. Wizard only during opponent's site phase. Automatically cancels an influence check against one of the Wizard's player's characters, followers, factions, allies, or items. Wizard makes a corruption check modified by -2. {cyan} UEP: during any player's turn if an influence attempt is made against one of your resources or characters.	playerNDeck
Wizards_WizardsRing	Wizard's Ring	middle-earth-ccg/wizards/MiddleEarthCCG-Wizards-WizardsRing.jpg	default	Hero Resource	Wizards	Special Item					5		2	-			2				4					R	Wizard only. Playable only at a Haven [{H}]. Cannot be stored, stolen, or transferred. May not be duplicated on a given Wizard. Bearer makes a corruption check when this item is played.	playerNDeck
Wizards_WizardsRiverhorses	Wizard's River-horses	middle-earth-ccg/wizards/MiddleEarthCCG-Wizards-WizardsRiverHorses.jpg	default	Hero Resource	Wizards	Short-event													Spell							U	Spell. Wizard only. All Nazgul events are discarded or cancels an attack against a Wizard if he is the only character in the company. Wizard makes a corruption check modified by -2.	playerNDeck
Wizards_WizardsTest	Wizard's Test	middle-earth-ccg/wizards/MiddleEarthCCG-Wizards-WizardsTest.jpg	default	Hero Resource	Wizards	Short-event													Spell							CA	"Spell. Wizard only, and only if a character in his company has a Gold Ring. Play to test a Gold Ring; make two rolls (or draw two #'s) and choose one result to use for the test. Wizard makes a corruption check modified by -1."	playerNDeck
Wizards_WizardsVoice	Wizard's Voice	middle-earth-ccg/wizards/MiddleEarthCCG-Wizards-WizardsVoice.jpg	default	Hero Resource	Wizards	Short-event													Spell							R	Spell. Wizard only. +6 to direct influence for the Wizard for the rest of the turn. Wizard makes a corruption check modified by -3. May not be duplicated on a given Wizard.	playerNDeck
Wizards_Woodelves	Wood-elves	middle-earth-ccg/wizards/MiddleEarthCCG-Wizards-WoodElves.jpg	default	Hero Resource	Wizards	Faction	Elf										3									F1	Unique. Playable at Thranduil's Halls if the influence check is greater than 8. Standard Modifications: Men (-1), Elves (+1), Dwarves (-2).	playerNDeck
Wizards_Woodmen	Woodmen	middle-earth-ccg/wizards/MiddleEarthCCG-Wizards-Woodmen.jpg	default	Hero Resource	Wizards	Faction	Man										2									U	Unique. Playable at Woodmen-town if the influence check is greater than 7. Standard Modifications: Men (+1).	playerNDeck
Wizards_WosesofOldPukelland	Woses of Old Pukel-land	middle-earth-ccg/wizards/MiddleEarthCCG-Wizards-WosesOfOldPukelLand.jpg	default	Hero Resource	Wizards	Faction	Wose										3									R	Unique. Playable at Wose Passage-hold if the influence check is greater than 8. Standard Modifications: none.	playerNDeck
Wizards_WosesoftheDruadanForest	Woses of the Druadan Forest	middle-earth-ccg/wizards/MiddleEarthCCG-Wizards-WosesOfTheDruadanForest.jpg	default	Hero Resource	Wizards	Faction	Wose										3									U	Unique. Playable at Druadan Forest if the influence check is greater than 9. Standard Modifications: none.	playerNDeck
Wizards_AmonHen	Amon Hen	middle-earth-ccg/wizards/MiddleEarthCCG-Wizards-AmonHen.jpg	default	Hero Site	Wizards	{R}																Rohan		1	1	CA	Nearest Haven: Lorien. Playable: Information, Items (minor). Automatic-attacks: Undead - 1 strike with 6 prowess. Special: Each character wounded must make a corruption check.	playerNLocationDeck
Wizards_BagEnd	Bag End	middle-earth-ccg/wizards/MiddleEarthCCG-Wizards-BagEnd.jpg	default	Hero Site	Wizards	{F}																The Shire	{w}{w}{f}	2	2	F2	Nearest Haven: Rivendell.	playerNLocationDeck
Wizards_BanditLair	Bandit Lair	middle-earth-ccg/wizards/MiddleEarthCCG-Wizards-BanditLair.jpg	default	Hero Site	Wizards	{R}																Brown Lands	{w}{s}	1	2	F3	Nearest Haven: Lorien. Playable: Items (minor, gold ring). Automatic-attacks: Men - 3 strikes with 6 prowess.	playerNLocationDeck
Wizards_Baraddur	Barad-dur	middle-earth-ccg/wizards/MiddleEarthCCG-Wizards-BaradDur.jpg	default	Hero Site	Wizards	{D}																Gorgoroth	{w}{b}{f}{w}{s}{d}	3	6	R	"Nearest Haven: Lorien. Playable: Items (minor, major, greater). Automatic-attacks: Orcs - 4 strikes with 7 prowess; Trolls - 3 strikes with 9 prowess. Special: Any company moving to Barad-dur has its hazard limit modified by +2."	playerNLocationDeck
Wizards_Barrowdowns	Barrow-downs	middle-earth-ccg/wizards/MiddleEarthCCG-Wizards-BarrowDowns.jpg	default	Hero Site	Wizards	{R}																Cardolan	{w}{w}	1	2	F1	Nearest Haven: Rivendell. Playable: Items (minor, major). Automatic-attacks: Undead - 1 strike with 8 prowess. Special: Each character wounded must make a corruption check.	playerNLocationDeck
Wizards_BeornsHouse	Beorn's House	middle-earth-ccg/wizards/MiddleEarthCCG-Wizards-BeornsHouse.jpg	default	Hero Site	Wizards	{F}																Anduin Vales	{w}{b}	1	1	F1	Nearest Haven: Lorien.	playerNLocationDeck
Wizards_BlueMountainDwarfhold	Blue Mountain Dwarf-hold	middle-earth-ccg/wizards/MiddleEarthCCG-Wizards-BlueMountainDwarfHold.jpg	default	Hero Site	Wizards	{F}																Numeriador	{f}{w}	1	1	CB	Nearest Haven: Grey Havens.	playerNLocationDeck
Wizards_Bree	Bree	middle-earth-ccg/wizards/MiddleEarthCCG-Wizards-Bree.jpg	default	Hero Site	Wizards	{B}																Arthedain	{w}{w}	1	1	F1	Nearest Haven: Rivendell.	playerNLocationDeck
Wizards_CamethBrin	Cameth Brin	middle-earth-ccg/wizards/MiddleEarthCCG-Wizards-CamethBrin.jpg	default	Hero Site	Wizards	{B}																Rhudaur	{w}	1	1	CB	Nearest Haven: Rivendell.	playerNLocationDeck
Wizards_CarnDum	Carn Dum	middle-earth-ccg/wizards/MiddleEarthCCG-Wizards-CarnDum.jpg	default	Hero Site	Wizards	{D}																Angmar	{w}{s}	2	3	R	Nearest Haven: Rivendell. Playable: Items (minor, major, greater). Automatic-attacks: Orcs - 4 strikes with 7 prowess.	playerNLocationDeck
Wizards_CavesofUlund	Caves of ulund	middle-earth-ccg/wizards/MiddleEarthCCG-Wizards-CavesOfUlund.jpg	default	Hero Site	Wizards	{R}																Withered Heath	{w}{b}{s}{w}	3	3	U	Nearest Haven: Lorien. Playable: Items (minor, major, greater, gold ring). Automatic-attacks: Dragon - 1 strike with 13 prowess.	playerNLocationDeck
Wizards_CirithUngol	Cirith Ungol	middle-earth-ccg/wizards/MiddleEarthCCG-Wizards-CirithUngol.jpg	default	Hero Site	Wizards	{D}																Imlad Morgul	{w}{b}{f}{w}{s}	3	4	R	Nearest Haven: Lorien. Playable: Items (minor, major, greater). Automatic-attacks: Orcs - 4 strikes with 7 prowess.	playerNLocationDeck
Wizards_DancingSpire	Dancing Spire	middle-earth-ccg/wizards/MiddleEarthCCG-Wizards-DancingSpire.jpg	default	Hero Site	Wizards	{R}																Withered Heath	{w}{b}{s}{w}	3	3	U	Nearest Haven: Lorien. Playable: Items (minor, major, greater, gold ring). Automatic-attacks: Dragon - 2 strikes with 11 prowess.	playerNLocationDeck
Wizards_DeadMarshes	Dead Marshes	middle-earth-ccg/wizards/MiddleEarthCCG-Wizards-DeadMarshes.jpg	default	Hero Site	Wizards	{S}																Dagorlad	{w}{s}{s}	2	3	U	Nearest Haven: Lorien. Playable: Items (minor, major, greater). Automatic-attacks: Undead - 2 strikes with 8 prowess. Special: Each character wounded must make a corruption check.	playerNLocationDeck
Wizards_DimrillDale	Dimrill Dale	middle-earth-ccg/wizards/MiddleEarthCCG-Wizards-DimrillDale.jpg	default	Hero Site	Wizards	{R}																Redhorn Gate	{w}{w}	1	1	U	Nearest Haven: Lorien. Playable: Information. Automatic-attacks: Orcs - 1 strike with 6 prowess.	playerNLocationDeck
Wizards_DolAmroth	Dol Amroth	middle-earth-ccg/wizards/MiddleEarthCCG-Wizards-DolAmroth.jpg	default	Hero Site	Wizards	{F}																Belfalas	{w}{f}	1	1	CB	Nearest Haven: Edhellond.	playerNLocationDeck
Wizards_DolGuldur	Dol Guldur	middle-earth-ccg/wizards/MiddleEarthCCG-Wizards-DolGuldur.jpg	default	Hero Site	Wizards	{D}																Southern Mirkwood	{w}{b}{d}	2	4	R	"Nearest Haven: Lorien. Playable: Items (minor, major, greater). Automatic-attacks: Orcs - 3 strikes with 7 prowess; Trolls - 2 strikes with 8 prowess."	playerNLocationDeck
Wizards_DruadanForest	Druadan Forest	middle-earth-ccg/wizards/MiddleEarthCCG-Wizards-DruadanForest.jpg	default	Hero Site	Wizards	{B}																Anorien	{w}{b}{f}	2	2	CB	Nearest Haven: Lorien.	playerNLocationDeck
Wizards_Dunharrow	Dunharrow	middle-earth-ccg/wizards/MiddleEarthCCG-Wizards-Dunharrow.jpg	default	Hero Site	Wizards	{B}																Rohan	{w}{b}	1	1	R	Nearest Haven: Lorien.	playerNLocationDeck
Wizards_DunnishClanhold	Dunnish Clan-hold	middle-earth-ccg/wizards/MiddleEarthCCG-Wizards-DunnishClanHold.jpg	default	Hero Site	Wizards	{B}																Dunland	{w}{w}{w}	2	2	F1	Nearest Haven: Rivendell.	playerNLocationDeck
Wizards_EaglesEyrie	Eagles' Eyrie	middle-earth-ccg/wizards/MiddleEarthCCG-Wizards-EaglesEyrie.jpg	default	Hero Site	Wizards	{F}																Anduin Vales	{w}{b}	1	1	CB	Nearest Haven: Lorien.	playerNLocationDeck
Wizards_EasterlingCamp	Easterling Camp	middle-earth-ccg/wizards/MiddleEarthCCG-Wizards-EasterlingCamp.jpg	default	Hero Site	Wizards	{B}																Horse Plains	{w}{s}{s}{s}	4	4	R	Nearest Haven: Lorien.	playerNLocationDeck
Wizards_Edhellond	Edhellond	middle-earth-ccg/wizards/MiddleEarthCCG-Wizards-Edhellond.jpg	default	Hero Site	Wizards	{H}																Anfalas		2	2	CB	Site Path From Grey Havens - {f}{c}{c}{c}{c}{w}. Site Path From Lorien - {w}{b}{f}{f}{b}{w}.	playerNLocationDeck
Wizards_Edoras	Edoras	middle-earth-ccg/wizards/MiddleEarthCCG-Wizards-Edoras.jpg	default	Hero Site	Wizards	{F}																Rohan	{w}{b}	1	1	F1	Nearest Haven: Lorien.	playerNLocationDeck
Wizards_Ettenmoors	Ettenmoors	middle-earth-ccg/wizards/MiddleEarthCCG-Wizards-Ettenmoors.jpg	default	Hero Site	Wizards	{R}																Rhudaur	{w}	1	1	CA	Nearest Haven: Rivendell. Playable: Items (minor). Automatic-attacks: Troll - 1 strike with 9 prowess.	playerNLocationDeck
Wizards_GladdenFields	Gladden Fields	middle-earth-ccg/wizards/MiddleEarthCCG-Wizards-GladdenFields.jpg	default	Hero Site	Wizards	{R}																Anduin Vales	{w}{b}	1	1	CA	Nearest Haven: Lorien. Playable: Items (gold ring). Automatic-attacks: Undead - 1 strike with 8 prowess. Special: Each character wounded must make a corruption check.	playerNLocationDeck
Wizards_GlitteringCaves	Glittering Caves	middle-earth-ccg/wizards/MiddleEarthCCG-Wizards-GlitteringCaves.jpg	default	Hero Site	Wizards	{R}																Gap of Isen	{w}{b}{b}	2	2	U	Nearest Haven: Lorien. Playable: Items (minor, major). Automatic-attacks: Pukel-man - 1 strike with 9 prowess.	playerNLocationDeck
Wizards_Goblingate	Goblin-gate	middle-earth-ccg/wizards/MiddleEarthCCG-Wizards-GoblinGate.jpg	default	Hero Site	Wizards	{S}																High Pass	{w}{w}	1	2	F2	Nearest Haven: Rivendell. Playable: Items (minor, gold ring). Automatic-attacks: Orcs - 3 strikes with 6 prowess.	playerNLocationDeck
Wizards_GreyHavens	Grey Havens	middle-earth-ccg/wizards/MiddleEarthCCG-Wizards-GreyHavens.jpg	default	Hero Site	Wizards	{H}																Lindon		2	2	CB	Site Path From Rivendell - {w}{w}{f}. Site Path From Edhellond - {w}{c}{c}{c}{c}{f}.	playerNLocationDeck
Wizards_HennethAnnun	Henneth Annun	middle-earth-ccg/wizards/MiddleEarthCCG-Wizards-HennethAnnun.jpg	default	Hero Site	Wizards	{B}																Ithilien	{w}{b}{f}{w}	2	2	F1	Nearest Haven: Lorien.	playerNLocationDeck
Wizards_Himring	Himring	middle-earth-ccg/wizards/MiddleEarthCCG-Wizards-Himring.jpg	default	Hero Site	Wizards	{R}																Elven Shores	{f}{c}	1	1	U	Nearest Haven: Grey Havens. Playable: Items (minor, major). Automatic-attacks: Undead - 1 strike with 8 prowess. Special: Each character wounded must make a corruption check.	playerNLocationDeck
Wizards_Irerock	Irerock	middle-earth-ccg/wizards/MiddleEarthCCG-Wizards-Irerock.jpg	default	Hero Site	Wizards	{R}																Withered Heath	{w}{b}{s}{w}	3	3	U	Nearest Haven: Lorien. Playable: Items (minor, major, greater, gold ring). Automatic-attacks: Dragon - 1 strike with 14 prowess.	playerNLocationDeck
Wizards_IronHillDwarfhold	Iron Hill Dwarf-hold	middle-earth-ccg/wizards/MiddleEarthCCG-Wizards-IronHillDwarfHold.jpg	default	Hero Site	Wizards	{F}																Iron Hills	{w}{b}{b}{w}{w}	3	3	F1	Nearest Haven: Lorien.	playerNLocationDeck
Wizards_Isengard	Isengard	middle-earth-ccg/wizards/MiddleEarthCCG-Wizards-Isengard.jpg	default	Hero Site	Wizards	{R}																Gap of Isen	{w}{b}{b}	2	2	F2	Nearest Haven: Lorien. Playable: Items (minor, major, gold ring). Automatic-attacks: Wolves - 3 strikes with 7 prowess.	playerNLocationDeck
Wizards_IslesoftheDeadthatLive	Isles of the Dead that Live	middle-earth-ccg/wizards/MiddleEarthCCG-Wizards-IslesOfTheDeadThatLive.jpg	default	Hero Site	Wizards	{R}																Eriadoran Coast	{f}{c}{c}	1	2	R	Nearest Haven: Grey Havens. Playable: Items (minor, major, gold ring). Automatic-attacks: Undead - 2 strikes with 8 prowess. Special: Each character wounded must make a corruption check.	playerNLocationDeck
Wizards_Laketown	Lake-town	middle-earth-ccg/wizards/MiddleEarthCCG-Wizards-LakeTown.jpg	default	Hero Site	Wizards	{B}																Northern Rhovanion	{w}{b}{b}{w}	2	2	CB	Nearest Haven: Lorien.	playerNLocationDeck
Wizards_LondGalen	Lond Galen	middle-earth-ccg/wizards/MiddleEarthCCG-Wizards-LondGalen.jpg	default	Hero Site	Wizards	{B}																Anfalas	{w}	1	1	CB	Nearest Haven: Edhellond.	playerNLocationDeck
Wizards_Lorien	Lorien	middle-earth-ccg/wizards/MiddleEarthCCG-Wizards-Lorien.jpg	default	Hero Site	Wizards	{H}																Wold & Foothills		2	2	CB	Site Path From Rivendell - {w}{w}{b}{w}. Site Path From Edhellond - {w}{b}{f}{f}{b}{w}.	playerNLocationDeck
Wizards_LossadanCairn	Lossadan Cairn	middle-earth-ccg/wizards/MiddleEarthCCG-Wizards-LossadanCairn.jpg	default	Hero Site	Wizards	{R}																Forochel	{w}{w}{w}	2	2	CA	Nearest Haven: Rivendell. Playable: Items (minor, major, greater*) *-Palantiri only. Automatic-attacks: Undead - 2 strikes with 8 prowess. Special: Each character wounded must make a corruption check.	playerNLocationDeck
Wizards_LossadanCamp	Lossadan Camp	middle-earth-ccg/wizards/MiddleEarthCCG-Wizards-LossadanCamp.jpg	default	Hero Site	Wizards	{B}																Forochel	{w}{w}{w}	2	2	CB	Nearest Haven: Rivendell.	playerNLocationDeck
Wizards_MinasMorgul	Minas Morgul	middle-earth-ccg/wizards/MiddleEarthCCG-Wizards-MinasMorgul.jpg	default	Hero Site	Wizards	{D}																Imlad Morgul	{w}{b}{f}{w}{s}	3	4	R	Nearest Haven: Lorien. Playable: Items (minor, major, greater). Automatic-attacks: Undead - 3 strikes with 8 prowess. Special: Each character wounded must make a corruption check.	playerNLocationDeck
Wizards_MinasTirith	Minas Tirith	middle-earth-ccg/wizards/MiddleEarthCCG-Wizards-MinasTirith.jpg	default	Hero Site	Wizards	{F}																Anorien	{w}{b}{f}	2	2	F2	Nearest Haven: Lorien.	playerNLocationDeck
Wizards_Moria	Moria	middle-earth-ccg/wizards/MiddleEarthCCG-Wizards-Moria.jpg	default	Hero Site	Wizards	{S}																Redhorn Gate	{w}{w}	2	3	F3	Nearest Haven: Lorien. Playable: Items (minor, major, greater, gold ring). Automatic-attacks: Orcs - 4 strikes with 7 prowess.	playerNLocationDeck
Wizards_MountDoom	Mount Doom	middle-earth-ccg/wizards/MiddleEarthCCG-Wizards-MountDoom.jpg	default	Hero Site	Wizards	{S}																Gorgoroth	{w}{b}{f}{w}{s}{d}	3	6	U	Nearest Haven: Lorien. Special: Any company moving to Mount Doom has its hazard limit modified by +2 and hazard creatures may always be played keyed to the site regardless of any other cards played.	playerNLocationDeck
Wizards_MountGram	Mount Gram	middle-earth-ccg/wizards/MiddleEarthCCG-Wizards-MountGram.jpg	default	Hero Site	Wizards	{S}																Angmar	{w}{s}	2	3	F2	Nearest Haven: Rivendell. Playable: Items (minor, major). Automatic-attacks: Orcs - 3 strikes with 6 prowess.	playerNLocationDeck
Wizards_MountGundabad	Mount Gundabad	middle-earth-ccg/wizards/MiddleEarthCCG-Wizards-MountGundabad.jpg	default	Hero Site	Wizards	{S}																Gundabad	{w}{b}{d}	2	3	U	Nearest Haven: Lorien. Playable: Items (minor, major, greater). Automatic-attacks: Orcs - 2 strikes with 8 prowess.	playerNLocationDeck
Wizards_OldForest	Old Forest	middle-earth-ccg/wizards/MiddleEarthCCG-Wizards-OldForest.jpg	default	Hero Site	Wizards	{B}																Cardolan	{w}{w}	1	1	CA	Nearest Haven: Rivendell. Special: Healing effects affect all characters at the site.	playerNLocationDeck
Wizards_OstinEdhil	Ost-in-Edhil	middle-earth-ccg/wizards/MiddleEarthCCG-Wizards-OstInEdhil.jpg	default	Hero Site	Wizards	{R}																Hollin	{w}{w}	1	1	U	Nearest Haven: Rivendell. Playable: Items (minor, gold ring). Automatic-attacks: Wolves - 3 strikes with 5 prowess.	playerNLocationDeck
Wizards_Pelargir	Pelargir	middle-earth-ccg/wizards/MiddleEarthCCG-Wizards-Pelargir.jpg	default	Hero Site	Wizards	{F}																Lebennin	{w}{b}{f}	2	2	CB	Nearest Haven: Edhellond.	playerNLocationDeck
Wizards_Rhosgobel	Rhosgobel	middle-earth-ccg/wizards/MiddleEarthCCG-Wizards-Rhosgobel.jpg	default	Hero Site	Wizards	{F}																Southern Mirkwood	{w}{b}{d}	2	3	F2	Nearest Haven: Lorien. Playable: Items (minor). Special: Healing effects affect all characters at the site.	playerNLocationDeck
Wizards_Rivendell	Rivendell	middle-earth-ccg/wizards/MiddleEarthCCG-Wizards-Rivendell.jpg	default	Hero Site	Wizards	{H}																Rhudaur		2	2	CB	Site Path From Lorien - {w}{b}{w}{w}. Site Path From Grey Havens - {f}{w}{w}.	playerNLocationDeck
Wizards_RuinedSignalTower	Ruined Signal Tower	middle-earth-ccg/wizards/MiddleEarthCCG-Wizards-RuinedSignalTower.jpg	default	Hero Site	Wizards	{R}																Enedhwaith	{w}{w}{w}	2	2	F2	Nearest Haven: Rivendell. Playable: Items (minor, major). Automatic-attacks: Spiders - 2 strikes with 8 prowess.	playerNLocationDeck
Wizards_SarnGoriwing	Sarn Goriwing	middle-earth-ccg/wizards/MiddleEarthCCG-Wizards-SarnGoriwing.jpg	default	Hero Site	Wizards	{S}																Heart of Mirkwood	{w}{b}{w}{w}	2	2	CA	Nearest Haven: Lorien. Playable: Items (minor, major). Automatic-attacks: Orcs - 3 strikes with 5 prowess.	playerNLocationDeck
Wizards_ShelobsLair	Shelob's Lair	middle-earth-ccg/wizards/MiddleEarthCCG-Wizards-ShelobsLair.jpg	default	Hero Site	Wizards	{S}																Imlad Morgul	{w}{b}{f}{w}{s}	3	4	R	Nearest Haven: Lorien. Playable: Items (minor, major). Automatic-attacks: Orcs - 2 strikes with 8 prowess.	playerNLocationDeck
Wizards_ShrelKain	Shrel-Kain	middle-earth-ccg/wizards/MiddleEarthCCG-Wizards-ShrelKain.jpg	default	Hero Site	Wizards	{B}																Dorwinion	{w}{b}{b}{w}{b}	3	3	CB	Nearest Haven: Lorien.	playerNLocationDeck
Wizards_SouthronOasis	Southron Oasis	middle-earth-ccg/wizards/MiddleEarthCCG-Wizards-SouthronOasis.jpg	default	Hero Site	Wizards	{B}																Harondor	{w}{f}{c}{w}	2	2	R	Nearest Haven: Edhellond.	playerNLocationDeck
Wizards_Stonecircle	Stone-circle	middle-earth-ccg/wizards/MiddleEarthCCG-Wizards-StoneCircle.jpg	default	Hero Site	Wizards	{R}																Old Pukel Gap	{w}{w}	1	1	R	Nearest Haven: Edhellond. Playable: Information, Items (minor). Automatic-attacks: Pukel-man - 1 strike with 9 prowess.	playerNLocationDeck
Wizards_TheLonelyMountain	The Lonely Mountain	middle-earth-ccg/wizards/MiddleEarthCCG-Wizards-TheLonelyMountain.jpg	default	Hero Site	Wizards	{R}																Northern Rhovanion	{w}{b}{b}{w}	2	2	F2	Nearest Haven: Lorien. Playable: Items (minor, major, greater, gold ring). Automatic-attacks: Dragon - 1 strike with 14 prowess.	playerNLocationDeck
Wizards_TheStones	The Stones	middle-earth-ccg/wizards/MiddleEarthCCG-Wizards-TheStones.jpg	default	Hero Site	Wizards	{R}																Andrast	{w}{w}	1	1	R	Nearest Haven: Edhellond. Playable: Items (minor, major, greater). Automatic-attacks: Pukel-men - 2 strikes with 9 prowess.	playerNLocationDeck
Wizards_TheWhiteTowers	The White Towers	middle-earth-ccg/wizards/MiddleEarthCCG-Wizards-TheWhiteTowers.jpg	default	Hero Site	Wizards	{R}																Arthedain	{w}{w}	1	1	U	Nearest Haven: Rivendell. Automatic-attacks: Wolves - 2 strikes with 6 prowess.	playerNLocationDeck
Wizards_TheWindThrone	The Wind Throne	middle-earth-ccg/wizards/MiddleEarthCCG-Wizards-TheWindThrone.jpg	default	Hero Site	Wizards	{R}																Grey Mountain Narrows	{w}{b}{s}	2	2	F5	Nearest Haven: Lorien. Playable: Information, Items (minor, major). Automatic-attacks: Orcs - 3 strikes with 7 prowess.	playerNLocationDeck
Wizards_ThranduilsHalls	Thranduil's Halls	middle-earth-ccg/wizards/MiddleEarthCCG-Wizards-ThranduilsHalls.jpg	default	Hero Site	Wizards	{F}																Woodland Realm	{w}{b}{b}	2	2	F1	Nearest Haven: Lorien.	playerNLocationDeck
Wizards_Tolfalas	Tolfalas	middle-earth-ccg/wizards/MiddleEarthCCG-Wizards-Tolfalas.jpg	default	Hero Site	Wizards	{R}																Mouths of the Anduin	{w}{f}{c}	2	2	R	Nearest Haven: Edhellond. Playable: Items (minor, major, greater*) *-Scroll of Isildur only. Automatic-attacks: Undead - 3 strikes with 7 prowess. Special: Each character wounded must make a corruption check.	playerNLocationDeck
Wizards_ValeofErech	Vale of Erech	middle-earth-ccg/wizards/MiddleEarthCCG-Wizards-ValeOfErech.jpg	default	Hero Site	Wizards	{B}																Lamedon	{w}{b}	1	1	R	Nearest Haven: Edhellond.	playerNLocationDeck
Wizards_VariagCamp	Variag Camp	middle-earth-ccg/wizards/MiddleEarthCCG-Wizards-VariagCamp.jpg	default	Hero Site	Wizards	{B}																Khand	{w}{f}{c}{w}{s}	3	4	R	Nearest Haven: Edhellond.	playerNLocationDeck
Wizards_Weathertop	Weathertop	middle-earth-ccg/wizards/MiddleEarthCCG-Wizards-Weathertop.jpg	default	Hero Site	Wizards	{R}																Arthedain	{w}{w}	1	1	F4	Nearest Haven: Rivendell. Playable: Information. Automatic-attacks: Wolves - 2 strikes with 6 prowess.	playerNLocationDeck
Wizards_Wellinghall	Wellinghall	middle-earth-ccg/wizards/MiddleEarthCCG-Wizards-Wellinghall.jpg	default	Hero Site	Wizards	{F}																Fangorn	{w}{w}	1	1	F1	Nearest Haven: Lorien.	playerNLocationDeck
Wizards_Woodmentown	Woodmen-town	middle-earth-ccg/wizards/MiddleEarthCCG-Wizards-WoodmenTown.jpg	default	Hero Site	Wizards	{B}																Western Mirkwood	{w}{b}{w}	2	2	CB	Nearest Haven: Lorien.	playerNLocationDeck
Wizards_WosePassagehold	Wose Passage-hold	middle-earth-ccg/wizards/MiddleEarthCCG-Wizards-WosePassageHold.jpg	default	Hero Site	Wizards	{B}																Old Pukel-land	{w}{w}{w}	2	2	CB	Nearest Haven: Edhellond.	playerNLocationDeck
Wizards_Andrast	Andrast	middle-earth-ccg/wizards/MiddleEarthCCG-Wizards-Andrast.jpg	default	Region	Wizards	{w}																					Adjacent Regions: Andrast Coast, Anfalas, Bay of Belfalas, Eriadoran Coast, Old Pukel-land.	playerNLocationDeck
Wizards_AndrastCoast	Andrast Coast	middle-earth-ccg/wizards/MiddleEarthCCG-Wizards-AndrastCoast.jpg	default	Region	Wizards	{c}																					Adjacent Regions: Andrast, Bay of Belfalas, Eriadoran Coast.	playerNLocationDeck
Wizards_AnduinVales	Anduin Vales	middle-earth-ccg/wizards/MiddleEarthCCG-Wizards-AnduinVales.jpg	default	Region	Wizards	{b}																					Adjacent Regions: Brown Lands, Grey Mountain Narrows, Gundabad, High Pass, Southern Mirkwood, Western Mirkwood, Wold & Foothills, Woodland Realm {green} DCE: Add: Dragon Gap.	playerNLocationDeck
Wizards_Anfalas	Anfalas	middle-earth-ccg/wizards/MiddleEarthCCG-Wizards-Anfalas.jpg	default	Region	Wizards	{w}																					Adjacent Regions: Andrast, Bay of Belfalas, Belfalas, Lamedon, Old Pukel Gap.	playerNLocationDeck
Wizards_Angmar	Angmar	middle-earth-ccg/wizards/MiddleEarthCCG-Wizards-Angmar.jpg	default	Region	Wizards	{s}																					Adjacent Regions: Arthedain, Forochel, Gundabad, Rhudaur.	playerNLocationDeck
Wizards_Anorien	Anorien	middle-earth-ccg/wizards/MiddleEarthCCG-Wizards-Anorien.jpg	default	Region	Wizards	{f}																					Adjacent Regions: Ithilien, Lebennin, Rohan.	playerNLocationDeck
Wizards_Arthedain	Arthedain	middle-earth-ccg/wizards/MiddleEarthCCG-Wizards-Arthedain.jpg	default	Region	Wizards	{w}																					Adjacent Regions: Angmar, Cardolan, Forochel, Lindon, Numeriador, Rhudaur, The Shire {green} DCE: Add: Old Forest.	playerNLocationDeck
Wizards_BayofBelfalas	Bay of Belfalas	middle-earth-ccg/wizards/MiddleEarthCCG-Wizards-BayOfBelfalas.jpg	default	Region	Wizards	{c}																					Adjacent Regions: Andrast Coast, Andrast, Mouths of the Anduin, Anfalas, Belfalas {green} DCE: Add: Coast of Harad.	playerNLocationDeck
Wizards_Belfalas	Belfalas	middle-earth-ccg/wizards/MiddleEarthCCG-Wizards-Belfalas.jpg	default	Region	Wizards	{f}																					Adjacent Regions: Mouths of the Anduin, Anfalas, Bay of Belfalas, Lamedon, Lebennin.	playerNLocationDeck
Wizards_BrownLands	Brown Lands	middle-earth-ccg/wizards/MiddleEarthCCG-Wizards-BrownLands.jpg	default	Region	Wizards	{s}																					Adjacent Regions: Anduin Vales, Dagorlad, Southern Mirkwood, Wold & Foothills.	playerNLocationDeck
Wizards_Cardolan	Cardolan	middle-earth-ccg/wizards/MiddleEarthCCG-Wizards-Cardolan.jpg	default	Region	Wizards	{w}																					Adjacent Regions: Arthedain, Dunland, Enedhwaith, Eriadoran Coast, Hollin, Rhudaur, The Shire {green} DCE: Add: Old Forest.	playerNLocationDeck
Wizards_Dagorlad	Dagorlad	middle-earth-ccg/wizards/MiddleEarthCCG-Wizards-Dagorlad.jpg	default	Region	Wizards	{s}																					Adjacent Regions: Brown Lands, Horse Plains, Ithilien, Southern Mirkwood, Southern Rhovanion.	playerNLocationDeck
Wizards_Dorwinion	Dorwinion	middle-earth-ccg/wizards/MiddleEarthCCG-Wizards-Dorwinion.jpg	default	Region	Wizards	{b}																					Adjacent Regions: Northern Rhovanion, Southern Rhovanion {green} DCE: Add: Forrhun, Gaer Rhunen.	playerNLocationDeck
Wizards_Dunland	Dunland	middle-earth-ccg/wizards/MiddleEarthCCG-Wizards-Dunland.jpg	default	Region	Wizards	{w}																					Adjacent Regions: Cardolan, Enedhwaith, Hollin.	playerNLocationDeck
Wizards_ElvenShores	Elven Shores	middle-earth-ccg/wizards/MiddleEarthCCG-Wizards-ElvenShores.jpg	default	Region	Wizards	{c}																					Adjacent Regions: Eriadoran Coast, Lindon {green} DCE: Add: West Bay of Forochel, East Bay of Forochel.	playerNLocationDeck
Wizards_Enedhwaith	Enedhwaith	middle-earth-ccg/wizards/MiddleEarthCCG-Wizards-Enedhwaith.jpg	default	Region	Wizards	{w}																					Adjacent Regions: Cardolan, Dunland, Eriadoran Coast, Gap of Isen, Old Pukel-land.	playerNLocationDeck
Wizards_EriadoranCoast	Eriadoran Coast	middle-earth-ccg/wizards/MiddleEarthCCG-Wizards-EriadoranCoast.jpg	default	Region	Wizards	{c}																					Adjacent Regions: Andrast, Andrast Coast, Cardolan, Elven Shores, Enedhwaith, Old Pukel-land.	playerNLocationDeck
Wizards_Fangorn	Fangorn	middle-earth-ccg/wizards/MiddleEarthCCG-Wizards-Fangorn.jpg	default	Region	Wizards	{w}																					Adjacent Regions: Gap of Isen, Rohan, Wold & Foothills.	playerNLocationDeck
Wizards_Forochel	Forochel	middle-earth-ccg/wizards/MiddleEarthCCG-Wizards-Forochel.jpg	default	Region	Wizards	{w}																					Adjacent Regions: Angmar, Arthedain, Numeriador {green} DCE: Add: East Bay of Forochel, Everdalf.	playerNLocationDeck
Wizards_GapofIsen	Gap of Isen	middle-earth-ccg/wizards/MiddleEarthCCG-Wizards-GapOfIsen.jpg	default	Region	Wizards	{b}																					Adjacent Regions: Enedhwaith, Fangorn, Old Pukel-land, Rohan.	playerNLocationDeck
Wizards_Gorgoroth	Gorgoroth	middle-earth-ccg/wizards/MiddleEarthCCG-Wizards-Gorgoroth.jpg	default	Region	Wizards	{d}																					Adjacent Regions: Imlad Morgul, Nurn, Udun.	playerNLocationDeck
Wizards_GreyMountainNarrows	Grey Mountain Narrows	middle-earth-ccg/wizards/MiddleEarthCCG-Wizards-GreyMountainNarrows.jpg	default	Region	Wizards	{s}																					Adjacent Regions: Anduin Vales, Northern Rhovanion, Withered Heath, Woodland Realm {green} DCE: Add: Dragon Gap, Forovirkain.	playerNLocationDeck
Wizards_Gundabad	Gundabad	middle-earth-ccg/wizards/MiddleEarthCCG-Wizards-Gundabad.jpg	default	Region	Wizards	{d}																					Adjacent Regions: Anduin Vales, Angmar {green} DCE: Add: Dragon Gap.	playerNLocationDeck
Wizards_Harondor	Harondor	middle-earth-ccg/wizards/MiddleEarthCCG-Wizards-Harondor.jpg	default	Region	Wizards	{w}																					Adjacent Regions: Mouths of the Anduin, Ithilien, Khand {green} DCE: Add: Hyarmenfalas, Dune Sea.	playerNLocationDeck
Wizards_HeartofMirkwood	Heart of Mirkwood	middle-earth-ccg/wizards/MiddleEarthCCG-Wizards-HeartOfMirkwood.jpg	default	Region	Wizards	{w}																					Adjacent Regions: Northern Rhovanion, Southern Mirkwood, Southern Rhovanion, Western Mirkwood, Woodland Realm.	playerNLocationDeck
Wizards_HighPass	High Pass	middle-earth-ccg/wizards/MiddleEarthCCG-Wizards-HighPass.jpg	default	Region	Wizards	{w}																					Adjacent Regions: Anduin Vales, Rhudaur.	playerNLocationDeck
Wizards_Hollin	Hollin	middle-earth-ccg/wizards/MiddleEarthCCG-Wizards-Hollin.jpg	default	Region	Wizards	{w}																					Adjacent Regions: Cardolan, Dunland, Redhorn Gate, Rhudaur.	playerNLocationDeck
Wizards_HorsePlains	Horse Plains	middle-earth-ccg/wizards/MiddleEarthCCG-Wizards-HorsePlains.jpg	default	Region	Wizards	{s}																					"Adjacent Regions: Dagorlad, Nurn, Southern Rhovanion {green} DCE: Add: Gaer Rhunen, Harrhun, Nuriag; remove Nurn."	playerNLocationDeck
Wizards_ImladMorgul	Imlad Morgul	middle-earth-ccg/wizards/MiddleEarthCCG-Wizards-ImladMorgul.jpg	default	Region	Wizards	{s}																					Adjacent Regions: Gorgoroth, Ithilien.	playerNLocationDeck
Wizards_IronHills	Iron Hills	middle-earth-ccg/wizards/MiddleEarthCCG-Wizards-IronHills.jpg	default	Region	Wizards	{w}																					Adjacent Regions: Northern Rhovanion, Withered Heath, {green} DCE: Add: Talath Oiohelka, Forrhun.	playerNLocationDeck
Wizards_Ithilien	Ithilien	middle-earth-ccg/wizards/MiddleEarthCCG-Wizards-Ithilien.jpg	default	Region	Wizards	{w}																					Adjacent Regions: Anorien, Dagorlad, Harondor, Imlad Morgul.	playerNLocationDeck
Wizards_Khand	Khand	middle-earth-ccg/wizards/MiddleEarthCCG-Wizards-Khand.jpg	default	Region	Wizards	{s}																					"Adjacent Regions: Harondor, Nurn {green} DCE: Add: Gap of Khand, Near Harad, Dune Sea, Lurmsakun; remove Nurn."	playerNLocationDeck
Wizards_Lamedon	Lamedon	middle-earth-ccg/wizards/MiddleEarthCCG-Wizards-Lamedon.jpg	default	Region	Wizards	{b}																					Adjacent Regions: Anfalas, Belfalas, Lebennin.	playerNLocationDeck
Wizards_Lebennin	Lebennin	middle-earth-ccg/wizards/MiddleEarthCCG-Wizards-Lebennin.jpg	default	Region	Wizards	{f}																					Adjacent Regions: Mouths of the Anduin, Anorien, Belfalas, Lamedon.	playerNLocationDeck
Wizards_Lindon	Lindon	middle-earth-ccg/wizards/MiddleEarthCCG-Wizards-Lindon.jpg	default	Region	Wizards	{f}																					Adjacent Regions: Arthedain, Elven Shores, Numeriador.	playerNLocationDeck
Wizards_MouthsoftheAnduin	Mouths of the Anduin	middle-earth-ccg/wizards/MiddleEarthCCG-Wizards-MouthsOfTheAnduin.jpg	default	Region	Wizards	{c}																					Adjacent Regions: Bay of Belfalas, Belfalas, Harondor, Lebennin.	playerNLocationDeck
Wizards_NorthernRhovanion	Northern Rhovanion	middle-earth-ccg/wizards/MiddleEarthCCG-Wizards-NorthernRhovanion.jpg	default	Region	Wizards	{w}																					Adjacent Regions: Dorwinion, Heart of Mirkwood, Iron Hills, Southern Rhovanion, Withered Heath, Woodland Realm, Grey Mountain Narrows {green} DCE: Add: Forrhun.	playerNLocationDeck
Wizards_Numeriador	Numeriador	middle-earth-ccg/wizards/MiddleEarthCCG-Wizards-Numeriador.jpg	default	Region	Wizards	{w}																					Adjacent Regions: Arthedain, Forochel, Lindon.	playerNLocationDeck
Wizards_Nurn	Nurn	middle-earth-ccg/wizards/MiddleEarthCCG-Wizards-Nurn.jpg	default	Region	Wizards	{d}																					"Adjacent Regions: Gorgoroth, Horse Plains, Khand {green} DCE: Add: Nuriag; remove Horse Plains, Khand."	playerNLocationDeck
Wizards_OldPukelGap	Old Pukel Gap	middle-earth-ccg/wizards/MiddleEarthCCG-Wizards-OldPukelGap.jpg	default	Region	Wizards	{w}																					Adjacent Regions: Anfalas, Old Pukel-land.	playerNLocationDeck
Wizards_OldPukelland	Old Pukel-land	middle-earth-ccg/wizards/MiddleEarthCCG-Wizards-OldPukelLand.jpg	default	Region	Wizards	{w}																					Adjacent Regions: Andrast, Enedhwaith, Eriadoran Coast, Gap of Isen, Old Pukel Gap.	playerNLocationDeck
Wizards_RedhornGate	Redhorn Gate	middle-earth-ccg/wizards/MiddleEarthCCG-Wizards-RedhornGate.jpg	default	Region	Wizards	{w}																					Adjacent Regions: Hollin, Wold & Foothills.	playerNLocationDeck
Wizards_Rhudaur	Rhudaur	middle-earth-ccg/wizards/MiddleEarthCCG-Wizards-Rhudaur.jpg	default	Region	Wizards	{w}																					Adjacent Regions: Angmar, Arthedain, Cardolan, High Pass, Hollin.	playerNLocationDeck
Wizards_Rohan	Rohan	middle-earth-ccg/wizards/MiddleEarthCCG-Wizards-Rohan.jpg	default	Region	Wizards	{b}																					Adjacent Regions: Anorien, Fangorn, Gap of Isen, Wold & Foothills.	playerNLocationDeck
Wizards_SouthernMirkwood	Southern Mirkwood	middle-earth-ccg/wizards/MiddleEarthCCG-Wizards-SouthernMirkwood.jpg	default	Region	Wizards	{d}																					Adjacent Regions: Anduin Vales, Brown Lands, Dagorlad, Heart of Mirkwood, Southern Rhovanion, Western Mirkwood.	playerNLocationDeck
Wizards_SouthernRhovanion	Southern Rhovanion	middle-earth-ccg/wizards/MiddleEarthCCG-Wizards-SouthernRhovanion.jpg	default	Region	Wizards	{w}																					Adjacent Regions: Dagorlad, Dorwinion, Heart of Mirkwood, Horse Plains, Northern Rhovanion, Southern Mirkwood.	playerNLocationDeck
Wizards_TheShire	The Shire	middle-earth-ccg/wizards/MiddleEarthCCG-Wizards-TheShire.jpg	default	Region	Wizards	{f}																					Adjacent Regions: Arthedain, Cardolan {green} DCE: Add: Old Forest.	playerNLocationDeck
Wizards_Udun	Udun	middle-earth-ccg/wizards/MiddleEarthCCG-Wizards-Udun.jpg	default	Region	Wizards	{d}																					Adjacent Regions: Gorgoroth.	playerNLocationDeck
Wizards_WesternMirkwood	Western Mirkwood	middle-earth-ccg/wizards/MiddleEarthCCG-Wizards-WesternMirkwood.jpg	default	Region	Wizards	{w}																					Adjacent Regions: Anduin Vales, Heart of Mirkwood, Southern Mirkwood, Woodland Realm.	playerNLocationDeck
Wizards_WitheredHeath	Withered Heath	middle-earth-ccg/wizards/MiddleEarthCCG-Wizards-WitheredHeath.jpg	default	Region	Wizards	{w}																					Adjacent Regions: Iron Hills, Northern Rhovanion, Grey Mountain Narrows, {green} DCE: Add: Forovirkain, Talath Oiohelka.	playerNLocationDeck
Wizards_WoldFoothills	Wold & Foothills	middle-earth-ccg/wizards/MiddleEarthCCG-Wizards-WoldFoothills.jpg	default	Region	Wizards	{w}																					Adjacent Regions: Anduin Vales, Brown Lands, Fangorn, Redhorn Gate, Rohan.	playerNLocationDeck
Wizards_WoodlandRealm	Woodland Realm	middle-earth-ccg/wizards/MiddleEarthCCG-Wizards-WoodlandRealm.jpg	default	Region	Wizards	{b}																					Adjacent Regions: Anduin Vales, Heart of Mirkwood, Northern Rhovanion, Western Mirkwood, Grey Mountain Narrows.	playerNLocationDeck
