databaseId	name	imageUrl	cardBack	type	cost	health	team	powerSymbol	rangedFlight	keyword	text	packName	set	loadGroupId
THE MARVEL BATTLES_Abomination_SC	Abomination	vs-system-2pcg/the-marvel-battles/VsSystem2pcg-TheMarvelBattles-Abomination.jpg	default	Supporting Character	5	3	Villains	None		Monstrous	When he is melee team attacked, he strikes back against each attacker.	The Marvel Battles	THE MARVEL BATTLES	playerNDeck
THE MARVEL BATTLES_Academy_L	Academy	vs-system-2pcg/the-marvel-battles/VsSystem2pcg-TheMarvelBattles-Academy.jpg	default	Location	None			Intellect			[Intellect]	The Marvel Battles	THE MARVEL BATTLES	playerNDeck
THE MARVEL BATTLES_Adam_Warlock_SC	Adam Warlock	vs-system-2pcg/the-marvel-battles/VsSystem2pcg-TheMarvelBattles-AdamWarlock.jpg	default	Supporting Character	7	1	Guardians of the Galaxy	Might	Flight		Evolutionary Cocoon. Adam Warlock appears stunned. Main [Might]: Recover Adam Warlock and ready him. Use this power only while he's stunned.	The Marvel Battles	THE MARVEL BATTLES	playerNDeck
THE MARVEL BATTLES_Agent_Venom_SC	Agent Venom	vs-system-2pcg/the-marvel-battles/VsSystem2pcg-TheMarvelBattles-AgentVenom.jpg	default	Supporting Character	2	1	Guardians of the Galaxy	Might			Symbiote Strength. Main [Might]: Put two +1/+1 counters on Agent Venom	The Marvel Battles	THE MARVEL BATTLES	playerNDeck
THE MARVEL BATTLES_Ant-Man_SC	Ant-Man	vs-system-2pcg/the-marvel-battles/VsSystem2pcg-TheMarvelBattles-AntMan.jpg	default	Supporting Character	1	1	Avengers	None		Shrink	The first time he's attacked each turn, you may cancel the combat.	The Marvel Battles	THE MARVEL BATTLES	playerNDeck
THE MARVEL BATTLES_Avengers_Mansion_L	Avengers Mansion	vs-system-2pcg/the-marvel-battles/VsSystem2pcg-TheMarvelBattles-AvengersMansion.jpg	default	Location	None		Avengers	Energy, Intellect, Might, Skill			[Energy] or [Intellect] or [Might] or [Skill] for an [Avengers] character.	The Marvel Battles	THE MARVEL BATTLES	playerNDeck
THE MARVEL BATTLES_Beast_SC	Beast	vs-system-2pcg/the-marvel-battles/VsSystem2pcg-TheMarvelBattles-Beast.jpg	default	Supporting Character	4	2	X-Men	None		Ferocious, Genius	During melee combat, he strikes before enemy characters. At the start of your turn, if he's face-up, you may draw a card.	The Marvel Battles	THE MARVEL BATTLES	playerNDeck
THE MARVEL BATTLES_Best_Offense_Is_A_Good_Defense_PT	Best Offense Is A Good Defense	vs-system-2pcg/the-marvel-battles/VsSystem2pcg-TheMarvelBattles-BestOffenseIsAGoodDefense.jpg	default	Plot Twist	None			None			[Any Turn] Combat: Choose an attacker to get +0/+5 this combat.	The Marvel Battles	THE MARVEL BATTLES	playerNDeck
THE MARVEL BATTLES_Black_Panther_SC	Black Panther	vs-system-2pcg/the-marvel-battles/VsSystem2pcg-TheMarvelBattles-BlackPanther.jpg	default	Supporting Character	2	2	Avengers	None		Ferocious	During melee combat, he strikes before enemy characters.	The Marvel Battles	THE MARVEL BATTLES	playerNDeck
THE MARVEL BATTLES_Black_Widow_SC	Black Widow	vs-system-2pcg/the-marvel-battles/VsSystem2pcg-TheMarvelBattles-BlackWidow.jpg	default	Supporting Character	1	1	Avengers	None	Ranged	Sting	When she appears, put a -1/-1 counter on an enemy character.	The Marvel Battles	THE MARVEL BATTLES	playerNDeck
THE MARVEL BATTLES_Cable_SC	Cable	vs-system-2pcg/the-marvel-battles/VsSystem2pcg-TheMarvelBattles-Cable.jpg	default	Supporting Character	5	1	X-Men	Skill	Ranged	Ultimate Soldier	Combat [Skill]: At the end of this combat, stun each enemy character that survived the combat.	The Marvel Battles	THE MARVEL BATTLES	playerNDeck
THE MARVEL BATTLES_Captain_America_L1	Captain America L1	vs-system-2pcg/the-marvel-battles/VsSystem2pcg-TheMarvelBattles-CaptainAmericaL1.jpg	default	Main Character	None	5	Avengers	Skill			Avengers Assemble. Main [Skill]: This turn, enemy characters can't strike back during team attacks.Level Up [3] - When Cap team attacks and stuns an enemy character, he gains an XP.	The Marvel Battles	THE MARVEL BATTLES	playerNMain
THE MARVEL BATTLES_Captain_America_L2	Captain America L2	vs-system-2pcg/the-marvel-battles/VsSystem2pcg-TheMarvelBattles-CaptainAmericaL2.jpg	default	Main Character	None	5	Avengers	Skill, Intellect			Avengers Assemble. Main [Skill]: This turn, enemy characters can't strike back during team attacks. Main [Intellect]: Put a +1/+1 counter on each character on your side.	The Marvel Battles	THE MARVEL BATTLES	playerNMain
THE MARVEL BATTLES_Captain_America_SC	Captain America	vs-system-2pcg/the-marvel-battles/VsSystem2pcg-TheMarvelBattles-CaptainAmerica.jpg	default	Supporting Character	3	1	Avengers	None		Leader, Inspire	Leader. While he's team attacking, you choose who the defender strikes back against. Inspire. When another character appears on your side, put a +1/+1 counter on it.	The Marvel Battles	THE MARVEL BATTLES	playerNDeck
THE MARVEL BATTLES_Colossus_SC	Colossus	vs-system-2pcg/the-marvel-battles/VsSystem2pcg-TheMarvelBattles-Colossus.jpg	default	Supporting Character	6	1	X-Men	Might		Toss, Organic Steel	When he appears, choose another character on your side to gain [Flight] this turn. [Any Turn] Combat [Might]: Colossus gets +5/+5 this combat.	The Marvel Battles	THE MARVEL BATTLES	playerNDeck
THE MARVEL BATTLES_Cosmo_SC	Cosmo	vs-system-2pcg/the-marvel-battles/VsSystem2pcg-TheMarvelBattles-Cosmo.jpg	default	Supporting Character	1	1	Guardians of the Galaxy	None	Ranged	Nullify	When he appears, choose an enemy character. It loses and can't gain  Keyword and Super Powers this turn.	The Marvel Battles	THE MARVEL BATTLES	playerNDeck
THE MARVEL BATTLES_Cyclops_SC	Cyclops	vs-system-2pcg/the-marvel-battles/VsSystem2pcg-TheMarvelBattles-Cyclops.jpg	default	Supporting Character	2	1	X-Men	Skill	Ranged	Leader, Battle Tactics	While he's team attacking, you choose who the defender strikes back against. Main [Skill]: Move a character on your side to your front or back row.	The Marvel Battles	THE MARVEL BATTLES	playerNDeck
THE MARVEL BATTLES_DareDevil_SC	DareDevil	vs-system-2pcg/the-marvel-battles/VsSystem2pcg-TheMarvelBattles-DareDevil.jpg	default	Supporting Character	2	1	Avengers	None		Dodge, Fearless	He can't be ranged attacked. While attacking a main character, Daredevil strikes with double his ATK.	The Marvel Battles	THE MARVEL BATTLES	playerNDeck
THE MARVEL BATTLES_Deadpool_L1	Deadpool L1	vs-system-2pcg/the-marvel-battles/VsSystem2pcg-TheMarvelBattles-DeadpoolL1.jpg	default	Main Character	None	6	X-Men	Skill	Ranged		Main [Skill]: Characters on your side are Lethal this turn [When they stun a supporting character, KO that character.] Level Up [3] - At the end of your turn, if all of an enemy player's characters are stunned, Deadpool gains an XP.	The Marvel Battles	THE MARVEL BATTLES	playerNMain
THE MARVEL BATTLES_Deadpool_L2	Deadpool L2	vs-system-2pcg/the-marvel-battles/VsSystem2pcg-TheMarvelBattles-DeadpoolL2.jpg	default	Main Character	None	6	X-Men	Skill, Intellect	Ranged		Main [Skill]: Characters on your side are Lethal this turn [When they stun a supporting character, KO that character.] Main [Intellect]: For the rest of the game, Deadpool can attack enemy players. [ A player can only be attacked if all of its characters are stunned. While defending, the player is 0/1, has 1[Health], and counts as a supporting character.	The Marvel Battles	THE MARVEL BATTLES	playerNMain
THE MARVEL BATTLES_Deadpool_SC	Deadpool	vs-system-2pcg/the-marvel-battles/VsSystem2pcg-TheMarvelBattles-Deadpool.jpg	default	Supporting Character	3	1	X-Men	Might	Ranged	Mercenary, Can't Keep a Bad Man Down	He can team attack with any main character. Build [Might]: If Deadpool is in your KO pile, put him into play.	The Marvel Battles	THE MARVEL BATTLES	playerNDeck
THE MARVEL BATTLES_Doctor_Octopus_SC	Doctor Octopus	vs-system-2pcg/the-marvel-battles/VsSystem2pcg-TheMarvelBattles-DoctorOctopus.jpg	default	Supporting Character	3	1	Villains	None		Grab, Genius	While he's in the front row, enemy characters can't fly over him. At the start of your turn, if he's face-up, you may draw a card.	The Marvel Battles	THE MARVEL BATTLES	playerNDeck
THE MARVEL BATTLES_Dormammu_SC	Dormammu	vs-system-2pcg/the-marvel-battles/VsSystem2pcg-TheMarvelBattles-Dormammu.jpg	default	Supporting Character	7	2	Villains	Intellect, Energy	Flight	Immortal, Necromancy	When he's KO'd you may shuffle him into your deck. Main [Intellect] [Energy]: Put a character from an enemy player's KO pile onto your side.	The Marvel Battles	THE MARVEL BATTLES	playerNDeck
THE MARVEL BATTLES_Dr_Strange_SC	Dr. Strange	vs-system-2pcg/the-marvel-battles/VsSystem2pcg-TheMarvelBattles-DrStrange.jpg	default	Supporting Character	5	1	Avengers	Intellect	Flight	Transmute	Main [Intellect]: Choose a character and turn all of its +1/+1 counters into -1/-1 counters or vice versa.	The Marvel Battles	THE MARVEL BATTLES	playerNDeck
THE MARVEL BATTLES_Drax_SC	Drax	vs-system-2pcg/the-marvel-battles/VsSystem2pcg-TheMarvelBattles-Drax.jpg	default	Supporting Character	6	2	Guardians of the Galaxy	None		Berserker, Grab	When he attacks, put a +1/+1 counter on him. While he's in the front row, enemy characters can't fly over him.	The Marvel Battles	THE MARVEL BATTLES	playerNDeck
THE MARVEL BATTLES_Earths_Mightiest_Heroes_PT	Earth's Mightiest Heroes	vs-system-2pcg/the-marvel-battles/VsSystem2pcg-TheMarvelBattles-EarthsMightiestHeroes.jpg	default	Plot Twist	None		Avengers	None			[Any Turn] Combat: Choose a character to get +2/+2 this combat	The Marvel Battles	THE MARVEL BATTLES	playerNDeck
THE MARVEL BATTLES_Emma_Frost_SC	Emma Frost	vs-system-2pcg/the-marvel-battles/VsSystem2pcg-TheMarvelBattles-EmmaFrost.jpg	default	Supporting Character	6	2	X-Men	None	Ranged	Mind Games	When she appears, you may have a player discard their hand, then draw that many cards.	The Marvel Battles	THE MARVEL BATTLES	playerNDeck
THE MARVEL BATTLES_Even_The_Odds_PT	Even the Odds	vs-system-2pcg/the-marvel-battles/VsSystem2pcg-TheMarvelBattles-EvenTheOdds.jpg	default	Plot Twist	None		Guardians of the Galaxy	None			[Any Turn] Combat: Remove all +1/+1 counters from an enemy character in the combat. That character's current ATK and DEF become the same as its base ATK and DEF this combat.	The Marvel Battles	THE MARVEL BATTLES	playerNDeck
THE MARVEL BATTLES_Extinguish_PT	Extinguish	vs-system-2pcg/the-marvel-battles/VsSystem2pcg-TheMarvelBattles-Extinguish.jpg	default	Plot Twist	None		Villains	None			Main: KO a stunned supporting character.	The Marvel Battles	THE MARVEL BATTLES	playerNDeck
THE MARVEL BATTLES_Find_Cover_PT	Find Cover	vs-system-2pcg/the-marvel-battles/VsSystem2pcg-TheMarvelBattles-FindCover.jpg	default	Plot Twist	None			None			[Any Turn] Combat: Choose a defender to get +0/+3 this combat.	The Marvel Battles	THE MARVEL BATTLES	playerNDeck
THE MARVEL BATTLES_Fortress_L	Fortress	vs-system-2pcg/the-marvel-battles/VsSystem2pcg-TheMarvelBattles-Fortress.jpg	default	Location	None			Might			[Might]	The Marvel Battles	THE MARVEL BATTLES	playerNDeck
THE MARVEL BATTLES_Gambit_SC	Gambit	vs-system-2pcg/the-marvel-battles/VsSystem2pcg-TheMarvelBattles-Gambit.jpg	default	Supporting Character	3	1	X-Men	Energy			Kinetic Card Throw. Main [Energy]: Discard a card that costs at least as much as a face-up enemy supporting character and stun that character.	The Marvel Battles	THE MARVEL BATTLES	playerNDeck
THE MARVEL BATTLES_Gamora_L1	Gamora L1	vs-system-2pcg/the-marvel-battles/VsSystem2pcg-TheMarvelBattles-GamoraL1.jpg	default	Main Character	None	5	Guardians of the Galaxy	Skill			Main [Skill]: If Gamora stunned an enemy character during this turn, put two +1/+1 counters on her. Level Up [3] - When Gamora stuns a main character, she gains an XP.	The Marvel Battles	THE MARVEL BATTLES	playerNMain
THE MARVEL BATTLES_Gamora_L2	Gamora L2	vs-system-2pcg/the-marvel-battles/VsSystem2pcg-TheMarvelBattles-GamoraL2.jpg	default	Main Character	None	5	Guardians of the Galaxy	Skill, Might			Main [Skill]: If Gamora stunned an enemy character during this turn, put two +1/+1 counters on her. Main [Might] [Might]: This turn, when Gamora stuns a character, KO it.	The Marvel Battles	THE MARVEL BATTLES	playerNMain
THE MARVEL BATTLES_Gamora_SC	Gamora	vs-system-2pcg/the-marvel-battles/VsSystem2pcg-TheMarvelBattles-Gamora.jpg	default	Supporting Character	3	2	Guardians of the Galaxy	None		Lethal	When she attacks and stuns a supporting character, KO it.	The Marvel Battles	THE MARVEL BATTLES	playerNDeck
THE MARVEL BATTLES_Give'Em_A_Lift_PT	Give 'Em A Lift	vs-system-2pcg/the-marvel-battles/VsSystem2pcg-TheMarvelBattles-GiveEmALift.jpg	default	Plot Twist	None		Guardians of the Galaxy	None			Main: Put a +1/+1 counter on a character on your side. It gains [Flight] this turn.	The Marvel Battles	THE MARVEL BATTLES	playerNDeck
THE MARVEL BATTLES_Green_Goblin_L1	Green Goblin L1	vs-system-2pcg/the-marvel-battles/VsSystem2pcg-TheMarvelBattles-GreenGoblinL1.jpg	default	Main Character	None	5	Villains	Intellect	Flight		Sadistic Choice. Main [Intellect]: Choose an enemy supporting character and stun it unless that player discards a random card. Level Up [6] - When an enemy character becomes stunned, Green Goblin gains an XP.	The Marvel Battles	THE MARVEL BATTLES	playerNMain
THE MARVEL BATTLES_Green_Goblin_L2	Green Goblin L2	vs-system-2pcg/the-marvel-battles/VsSystem2pcg-TheMarvelBattles-GreenGoblinL2.jpg	default	Main Character	None	5	Villains	Intellect, Skill	Flight		Sadistic Choice. Main [Intellect]: Choose an enemy supporting character and stun it unless that player discards a random card. Main [Skill]: KO a stunned enemy supporting character.	The Marvel Battles	THE MARVEL BATTLES	playerNMain
THE MARVEL BATTLES_Green_Goblin_SC	Green Goblin	vs-system-2pcg/the-marvel-battles/VsSystem2pcg-TheMarvelBattles-GreenGoblin.jpg	default	Supporting Character	3	1	Villains	None	Flight	Blast	When he appears, choose an enemy row and put a -1/-1 counter on each character there.	The Marvel Battles	THE MARVEL BATTLES	playerNDeck
THE MARVEL BATTLES_Groot_L1	Groot L1	vs-system-2pcg/the-marvel-battles/VsSystem2pcg-TheMarvelBattles-GrootL1.jpg	default	Main Character	None	6	Guardians of the Galaxy	Might		I Am Groot	[Any Turn] Combat [Might]: Groot gets +1/+1 this combat for each resource on your side. Level Up [5] - When you gain a resource, Groot gains an XP.	The Marvel Battles	THE MARVEL BATTLES	playerNMain
THE MARVEL BATTLES_Groot_L2	Groot L2	vs-system-2pcg/the-marvel-battles/VsSystem2pcg-TheMarvelBattles-GrootL2.jpg	default	Main Character	None	6	Guardians of the Galaxy	Might, Energy		I Am Groot	[Any Turn] Combat [Might]: Groot gets +1/+1 this combat for each resource on your side. Main [Energy]: Heal a wound from each character on your side. Groot becomes Level 1.	The Marvel Battles	THE MARVEL BATTLES	playerNMain
THE MARVEL BATTLES_Groot_SC	Groot	vs-system-2pcg/the-marvel-battles/VsSystem2pcg-TheMarvelBattles-Groot.jpg	default	Supporting Character	5	2	Guardians of the Galaxy	None		I Am Groot	Groot has +1/+1 for each resource on your side.	The Marvel Battles	THE MARVEL BATTLES	playerNDeck
THE MARVEL BATTLES_Hawkeye_SC	Hawkeye	vs-system-2pcg/the-marvel-battles/VsSystem2pcg-TheMarvelBattles-Hawkeye.jpg	default	Supporting Character	2	1	Avengers	Skill	Ranged	Take Aim	Main [Skill]: The next time Hawkeye attacks during this turn, he gets +3/+0. If it's a ranged attack, [Ranged] enemy characters can't strike back at him.	The Marvel Battles	THE MARVEL BATTLES	playerNDeck
THE MARVEL BATTLES_Hope_Summers_SC	Hope Summers	vs-system-2pcg/the-marvel-battles/VsSystem2pcg-TheMarvelBattles-HopeSummers.jpg	default	Supporting Character	2	1	X-Men	None		Mutant Power Duplication	Hope has all the powers of each other face-up X-Men supporting character on your side. [This includes [Flight], [Ranged], and appears powers like Iceman's Freeze.]	The Marvel Battles	THE MARVEL BATTLES	playerNDeck
THE MARVEL BATTLES_Hulk_L1	Hulk L1	vs-system-2pcg/the-marvel-battles/VsSystem2pcg-TheMarvelBattles-HulkL1.jpg	default	Main Character	None	6	Avengers	Might			Main [Might]: Put a +1/+1 counter on Hulk for each wound he has. Level Up [4] - When Hulk gets stunned, he gains an XP.	The Marvel Battles	THE MARVEL BATTLES	playerNMain
THE MARVEL BATTLES_Hulk_L2	Hulk L2	vs-system-2pcg/the-marvel-battles/VsSystem2pcg-TheMarvelBattles-HulkL2.jpg	default	Main Character	None	6	Avengers	Might, Intellect			Main [Might]: Put a +1/+1 counter on Hulk for each wound he has. Build [Intellect]: Remove each +1/+1 counter from Hulk. Draw that many cards.	The Marvel Battles	THE MARVEL BATTLES	playerNMain
THE MARVEL BATTLES_Hulk_SC	Hulk	vs-system-2pcg/the-marvel-battles/VsSystem2pcg-TheMarvelBattles-Hulk.jpg	default	Supporting Character	7	2	Avengers	Might		Incredible Power	Main [Might]: If Hulk has a wound, put seven +1/+1 counters on him.	The Marvel Battles	THE MARVEL BATTLES	playerNDeck
THE MARVEL BATTLES_Iceman_SC	Iceman	vs-system-2pcg/the-marvel-battles/VsSystem2pcg-TheMarvelBattles-Iceman.jpg	default	Supporting Character	1	1	X-Men	None	Ranged	Freeze	When he appears, exhaust a character. It can't ready during it's next turn.	The Marvel Battles	THE MARVEL BATTLES	playerNDeck
THE MARVEL BATTLES_Iron_Man_L1	Iron Man L1	vs-system-2pcg/the-marvel-battles/VsSystem2pcg-TheMarvelBattles-IronManL1.jpg	default	Main Character	None	5	Avengers	Energy	Both		Main [Energy]: Put a -1/-1 counter on an enemy character. You may push it to its back row. Level Up [3] - When a character on your side Powers Up, Iron Man gains an XP.	The Marvel Battles	THE MARVEL BATTLES	playerNMain
THE MARVEL BATTLES_Iron_Man_L2	Iron Man L2	vs-system-2pcg/the-marvel-battles/VsSystem2pcg-TheMarvelBattles-IronManL2.jpg	default	Main Character	None	5	Avengers	Energy, Intellect	Both		Main [Energy]: Put a -1/-1 counter on an enemy character. You may push it to its back row. Main [Intellect]: Put three +1/+1 counters on a character on your side that already has a +1/+1 counter.	The Marvel Battles	THE MARVEL BATTLES	playerNMain
THE MARVEL BATTLES_Iron_Man_SC	Iron Man	vs-system-2pcg/the-marvel-battles/VsSystem2pcg-TheMarvelBattles-IronMan.jpg	default	Supporting Character	6	1	Avengers	None	Both	Inventive	When he appears, you may turn one of your face-down locations face up.	The Marvel Battles	THE MARVEL BATTLES	playerNDeck
THE MARVEL BATTLES_Juggernaut_SC	Juggernaut	vs-system-2pcg/the-marvel-battles/VsSystem2pcg-TheMarvelBattles-Juggernaut.jpg	default	Supporting Character	6	2	Villains	Might		Unstoppable	Combat [Might]: While attacking solo during this combat, if Juggernaut stuns a front row enemy character and survives, he may immediately attack a character in that back row.	The Marvel Battles	THE MARVEL BATTLES	playerNDeck
THE MARVEL BATTLES_Knowhere_L	Knowhere	vs-system-2pcg/the-marvel-battles/VsSystem2pcg-TheMarvelBattles-Knowhere.jpg	default	Location	None		Guardians of the Galaxy	Energy, Intellect, Might, Skill			[Energy] or [Intellect] or [Might] or [Skill] for a [Guardians of the Galaxy] character.	The Marvel Battles	THE MARVEL BATTLES	playerNDeck
THE MARVEL BATTLES_Laboratory_L	Laboratory	vs-system-2pcg/the-marvel-battles/VsSystem2pcg-TheMarvelBattles-Laboratory.jpg	default	Location	None			Energy			[Energy]	The Marvel Battles	THE MARVEL BATTLES	playerNDeck
THE MARVEL BATTLES_Loki_L1	Loki L1	vs-system-2pcg/the-marvel-battles/VsSystem2pcg-TheMarvelBattles-LokiL1.jpg	default	Main Character	None	5	Villains	Skill			[Any Turn] Combat [Skill]: Play an [Any Turn] Combat plot twist from your KO pile, then shuffle it into your deck. Level Up [5] - When you play a plot twist, Loki gains an XP.	The Marvel Battles	THE MARVEL BATTLES	playerNMain
THE MARVEL BATTLES_Loki_L2	Loki L2	vs-system-2pcg/the-marvel-battles/VsSystem2pcg-TheMarvelBattles-LokiL2.jpg	default	Main Character	None	5	Villains	Skill, Intellect			[Any Turn] Combat [Skill]: Play an [Any Turn] Combat plot twist from your KO pile, then shuffle it into your deck. Main [Intellect]: Choose an enemy player to reveal their hand and discard all of their plot twists.	The Marvel Battles	THE MARVEL BATTLES	playerNMain
THE MARVEL BATTLES_Loki_SC	Loki	vs-system-2pcg/the-marvel-battles/VsSystem2pcg-TheMarvelBattles-Loki.jpg	default	Supporting Character	7	1	Villains	None		Schemer	The first time you play a plot twist each turn, you may draw a card.	The Marvel Battles	THE MARVEL BATTLES	playerNDeck
THE MARVEL BATTLES_Luke_Cage_SC	Luke Cage	vs-system-2pcg/the-marvel-battles/VsSystem2pcg-TheMarvelBattles-LukeCage.jpg	default	Supporting Character	5	1	Avengers	Might		Impervious Skin	[Any Turn] Combat [Might]: If Luke Cage gets stunned during this combat, he doesn't receive a wound.	The Marvel Battles	THE MARVEL BATTLES	playerNDeck
THE MARVEL BATTLES_Magik_SC	Magik	vs-system-2pcg/the-marvel-battles/VsSystem2pcg-TheMarvelBattles-Magik.jpg	default	Supporting Character	1	1	X-Men	Intellect		Teleport to Limbo	Main [Intellect]: Put Magik and up to one other supporting character on your side into its owner's hand.	The Marvel Battles	THE MARVEL BATTLES	playerNDeck
THE MARVEL BATTLES_Magneto_L1	Magneto L1	vs-system-2pcg/the-marvel-battles/VsSystem2pcg-TheMarvelBattles-MagnetoL1.jpg	default	Main Character	None	5	X-Men	Energy	Both		[Any Turn] Combat [Energy]: Magneto gets +0/+4 this combat. Level Up [4] - At the start of your turn, if Magneto is face-up, he gains an XP.	The Marvel Battles	THE MARVEL BATTLES	playerNMain
THE MARVEL BATTLES_Magneto_L2	Magneto L2	vs-system-2pcg/the-marvel-battles/VsSystem2pcg-TheMarvelBattles-MagnetoL2.jpg	default	Main Character	None	5	X-Men	Energy, Might	Both		[Any Turn] Combat [Energy]: Magneto gets +0/+4 this combat. Main [Might]: KO a face-down resource.	The Marvel Battles	THE MARVEL BATTLES	playerNMain
THE MARVEL BATTLES_Magneto_SC	Magneto	vs-system-2pcg/the-marvel-battles/VsSystem2pcg-TheMarvelBattles-Magneto.jpg	default	Supporting Character	6	1	Villains	None	Both	Magnetic Suppression	Enemy supporting characters can't recover. They remain stunned.	The Marvel Battles	THE MARVEL BATTLES	playerNDeck
THE MARVEL BATTLES_Major_Victory_SC	Major Victory	vs-system-2pcg/the-marvel-battles/VsSystem2pcg-TheMarvelBattles-MajorVictory.jpg	default	Supporting Character	2	1	Guardians of the Galaxy	Intellect	Ranged	Psychokinetic Shove	Main [Intellect]: Push an enemy character to its back row.	The Marvel Battles	THE MARVEL BATTLES	playerNDeck
THE MARVEL BATTLES_Mandarin_SC	Mandarin	vs-system-2pcg/the-marvel-battles/VsSystem2pcg-TheMarvelBattles-Mandarin.jpg	default	Supporting Character	5	1	Villains	Energy, Intellect, Might, Skill	Ranged	Makluan Rings	Main [Intellect]: Draw a card. Main [Skill]: Choose an enemy player to discard a card. Main [Might]: Put a +1/+1 counter on a character. Main [Energy]: Put a -1/-1 counter on a character.	The Marvel Battles	THE MARVEL BATTLES	playerNDeck
THE MARVEL BATTLES_Mantis_SC	Mantis	vs-system-2pcg/the-marvel-battles/VsSystem2pcg-TheMarvelBattles-Mantis.jpg	default	Supporting Character	2	1	Guardians of the Galaxy	None		Rebirth	When she gets KO'd, you may turn her into a face-down resource on your side.	The Marvel Battles	THE MARVEL BATTLES	playerNDeck
THE MARVEL BATTLES_Metal_and_Fire_PT	Metal and Fire	vs-system-2pcg/the-marvel-battles/VsSystem2pcg-TheMarvelBattles-MetalAndFire.jpg	default	Plot Twist	None		Villains	None			[Any Turn] Combat: Put a -1/-1 counter on each enemy character in the combat.	The Marvel Battles	THE MARVEL BATTLES	playerNDeck
THE MARVEL BATTLES_Moondragon_SC	Moondragon	vs-system-2pcg/the-marvel-battles/VsSystem2pcg-TheMarvelBattles-Moondragon.jpg	default	Supporting Character	5	1	Guardians of the Galaxy	Intellect	Ranged	Mental Focus	Main [Intellect]: Look at the top three cards of your deck, put one in your hand, and the others on the bottom of the deck.	The Marvel Battles	THE MARVEL BATTLES	playerNDeck
THE MARVEL BATTLES_Ms_Marvel_SC	Ms. Marvel	vs-system-2pcg/the-marvel-battles/VsSystem2pcg-TheMarvelBattles-MsMarvel.jpg	default	Supporting Character	4	2	Avengers	Energy	Both	Energy Absorption	Main [Energy]: Put a +1/+1 counter on Ms. Marvel for each other [Ranged] character on your side.	The Marvel Battles	THE MARVEL BATTLES	playerNDeck
THE MARVEL BATTLES_Mystique_SC	Mystique	vs-system-2pcg/the-marvel-battles/VsSystem2pcg-TheMarvelBattles-Mystique.jpg	default	Supporting Character	2	1	Villains	Skill		Impersonate	Main [Skill]: Choose another face-up character. Mystique's base ATK and DEF become the same as that character's current ATK and DEF for the rest of this turn. [She'll still be affected by any +1/+1 or -1/-1 counters she has.]	The Marvel Battles	THE MARVEL BATTLES	playerNDeck
THE MARVEL BATTLES_Namor_SC	Namor	vs-system-2pcg/the-marvel-battles/VsSystem2pcg-TheMarvelBattles-Namor.jpg	default	Supporting Character	2	2	X-Men	None	Flight	Invade	While he's attacking a back row character, it can't strike back at him.	The Marvel Battles	THE MARVEL BATTLES	playerNDeck
THE MARVEL BATTLES_Nick_Fury_SC	Nick Fury	vs-system-2pcg/the-marvel-battles/VsSystem2pcg-TheMarvelBattles-NickFury.jpg	default	Supporting Character	3	1	Avengers	Intellect	Ranged	The Vast Resources of S.H.I.E.L.D.	Main [Intellect]: Put the top card of your deck face down into your resource row. If it's a location, you may turn it face up.	The Marvel Battles	THE MARVEL BATTLES	playerNDeck
THE MARVEL BATTLES_Nova_SC	Nova	vs-system-2pcg/the-marvel-battles/VsSystem2pcg-TheMarvelBattles-Nova.jpg	default	Supporting Character	4	1	Guardians of the Galaxy	Energy	Flight	Nove Force Speed	Main [Energy]: Ready Nova	The Marvel Battles	THE MARVEL BATTLES	playerNDeck
THE MARVEL BATTLES_Open_Fire_PT	Open Fire	vs-system-2pcg/the-marvel-battles/VsSystem2pcg-TheMarvelBattles-OpenFire.jpg	default	Plot Twist	None			None			[Any Turn] Combat: Choose an attacker to get +2/+0 this combat.	The Marvel Battles	THE MARVEL BATTLES	playerNDeck
THE MARVEL BATTLES_ProfessorX_L1	Professor X L1	vs-system-2pcg/the-marvel-battles/VsSystem2pcg-TheMarvelBattles-ProfessorXL1.jpg	default	Main Character	None	5	X-Men	Energy	Ranged		Build [Energy]: Reveal the top five cards of your deck. Put a character from among them into your hand and the rest on the bottom in any order. Level Up [4] - At the end of your turn, if you didn't make any attacks this turn, Professor X gains an XP.	The Marvel Battles	THE MARVEL BATTLES	playerNMain
THE MARVEL BATTLES_ProfessorX_L2	Professor X L2	vs-system-2pcg/the-marvel-battles/VsSystem2pcg-TheMarvelBattles-ProfessorXL2.jpg	default	Main Character	None	5	X-Men	Energy, Intellect	Ranged		Build [Energy]: Reveal the top five cards of your deck. Put a character from among them into your hand and the rest on the bottom in any order. Main [Intellect]: Ready a face-up enemy character and move it to your front or back row. At the end of your turn, move it back.	The Marvel Battles	THE MARVEL BATTLES	playerNMain
THE MARVEL BATTLES_ProfessorX_SC	Professor X	vs-system-2pcg/the-marvel-battles/VsSystem2pcg-TheMarvelBattles-ProfessorX.jpg	default	Supporting Character	7	1	X-Men	Intellect	Ranged	Mind Control	Main [Intellect]: Ready a face-up enemy supporting character and move it to your side. At the end of your turn, move it back.	The Marvel Battles	THE MARVEL BATTLES	playerNDeck
THE MARVEL BATTLES_Quasar_SC	Quasar	vs-system-2pcg/the-marvel-battles/VsSystem2pcg-TheMarvelBattles-Quasar.jpg	default	Supporting Character	6	1	Guardians of the Galaxy	Energy	Both	Quantum Blast	Main [Energy]: Turn a location face down.	The Marvel Battles	THE MARVEL BATTLES	playerNDeck
THE MARVEL BATTLES_Red_Skull_SC	Red Skull	vs-system-2pcg/the-marvel-battles/VsSystem2pcg-TheMarvelBattles-RedSkull.jpg	default	Supporting Character	3	1	Villains	Skill	Ranged	Dodge, Dust of Death	He can't be ranged attacked. [Any Turn] Combat [Skill]: Stun a character that is melee attacking the Red Skull.	The Marvel Battles	THE MARVEL BATTLES	playerNDeck
THE MARVEL BATTLES_Rocket_L1	Rocket L1	vs-system-2pcg/the-marvel-battles/VsSystem2pcg-TheMarvelBattles-RocketL1.jpg	default	Main Character	None	5	Guardians of the Galaxy	Energy	Ranged		Main [Energy]: Rocket gets +4/+0 the next time he attacks during this turn. Level Up [1] - When you have no cards in hand, Rocket gains an XP.	The Marvel Battles	THE MARVEL BATTLES	playerNMain
THE MARVEL BATTLES_Rocket_L2	Rocket L2	vs-system-2pcg/the-marvel-battles/VsSystem2pcg-TheMarvelBattles-RocketL2.jpg	default	Main Character	None	5	Guardians of the Galaxy	Energy, Skill	Ranged		Main [Energy]: Rocket gets +4/+0 the next time he attacks during this turn. Main [Skill]: Choose two random cards in your KO pile, reveal them, and put them into your hand.	The Marvel Battles	THE MARVEL BATTLES	playerNMain
THE MARVEL BATTLES_Rocket_SC	Rocket	vs-system-2pcg/the-marvel-battles/VsSystem2pcg-TheMarvelBattles-Rocket.jpg	default	Supporting Character	3	1	Guardians of the Galaxy	Skill	Ranged	Scavenger	Main [Skill]: Put a card from your KO pile into your hand.	The Marvel Battles	THE MARVEL BATTLES	playerNDeck
THE MARVEL BATTLES_Ronan_SC	Ronan	vs-system-2pcg/the-marvel-battles/VsSystem2pcg-TheMarvelBattles-Ronan.jpg	default	Supporting Character	2	2	Villains	Intellect		Accuse	Main [Intellect]: Name any card. Choose an enemy player to reveal their hand and discard each card with that name.	The Marvel Battles	THE MARVEL BATTLES	playerNDeck
THE MARVEL BATTLES_Sabretooth_SC	Sabretooth	vs-system-2pcg/the-marvel-battles/VsSystem2pcg-TheMarvelBattles-Sabretooth.jpg	default	Supporting Character	4	2	Villains	None		Ferocious, Beserker	During melee combat, he strikes before enemy characters. When he attacks, put a +1/+1 counter on him.	The Marvel Battles	THE MARVEL BATTLES	playerNDeck
THE MARVEL BATTLES_Savage_Surprise_PT	Savage Surprise	vs-system-2pcg/the-marvel-battles/VsSystem2pcg-TheMarvelBattles-SavageSurprise.jpg	default	Plot Twist	None			None			[Any Turn] Combat: Choose a defender to get +4/+0  this combat.	The Marvel Battles	THE MARVEL BATTLES	playerNDeck
THE MARVEL BATTLES_School_For_Gifted_Youngsters_L	School For Gifted Youngsters	vs-system-2pcg/the-marvel-battles/VsSystem2pcg-TheMarvelBattles-SchoolForGiftedYoungsters.jpg	default	Location	None		X-Men	Energy, Intellect, Might, Skill			[Energy] or [Intellect] or [Might] or [Skill] for an [X-Men] character.	The Marvel Battles	THE MARVEL BATTLES	playerNDeck
THE MARVEL BATTLES_Spider-Man_L1	Spider-Man L1	vs-system-2pcg/the-marvel-battles/VsSystem2pcg-TheMarvelBattles-SpiderManL1.jpg	default	Main Character	None	5	Avengers	Might			[Any Turn] Combat [Might]: Spider-Man gets +1/+1 this combat for each face-up supporting character on your side. Level Up [8] - At the end of your turn, Spidey gains 1 XP for each face-up supporting character on your side.	The Marvel Battles	THE MARVEL BATTLES	playerNMain
THE MARVEL BATTLES_Spider-Man_L2	Spider-Man L2	vs-system-2pcg/the-marvel-battles/VsSystem2pcg-TheMarvelBattles-SpiderManL2.jpg	default	Main Character	None	5	Avengers	Might, Intellect			[Any Turn] Combat [Might]: Spider-Man gets +1/+1 this combat for each face-up supporting character on your side. [Any Turn] Any Combat [Intellect]: Remove a defender on your side from combat and replace it with Spider-Man. Switch their positions.	The Marvel Battles	THE MARVEL BATTLES	playerNMain
THE MARVEL BATTLES_Spider-Man_SC	Spider-Man	vs-system-2pcg/the-marvel-battles/VsSystem2pcg-TheMarvelBattles-SpiderMan.jpg	default	Supporting Character	4	1	Avengers	Skill		Dodge, Websling	He can't be ranged attacked. Main [Skill]: Pull a back row enemy character to its front row.	The Marvel Battles	THE MARVEL BATTLES	playerNDeck
THE MARVEL BATTLES_Squad_Tactics_PT	Squad Tactics	vs-system-2pcg/the-marvel-battles/VsSystem2pcg-TheMarvelBattles-SquadTactics.jpg	default	Plot Twist	None		X-Men	None			[Any Turn] Combat: Put a +1/+1 counter on each character on your side in the combat.	The Marvel Battles	THE MARVEL BATTLES	playerNDeck
THE MARVEL BATTLES_Stark_Tech_PT	Stark Tech	vs-system-2pcg/the-marvel-battles/VsSystem2pcg-TheMarvelBattles-StarkTech.jpg	default	Plot Twist	None		Avengers	None			Main: Put a +1/+1 counter on a character on your side. It gains [Ranged] this turn.	The Marvel Battles	THE MARVEL BATTLES	playerNDeck
THE MARVEL BATTLES_Star-Lord_L1	Star-Lord L1	vs-system-2pcg/the-marvel-battles/VsSystem2pcg-TheMarvelBattles-StarLordL1.jpg	default	Main Character	None	5	Guardians of the Galaxy	Intellect	Ranged		Build [Intellect]: You pay 1 less to recruit your next character during this turn. Level Up [5] - When you recruit a character, Star-Lord gains an XP.	The Marvel Battles	THE MARVEL BATTLES	playerNMain
THE MARVEL BATTLES_Star-Lord_L2	Star-Lord L2	vs-system-2pcg/the-marvel-battles/VsSystem2pcg-TheMarvelBattles-StarLordL2.jpg	default	Main Character	None	5	Guardians of the Galaxy	Intellect, Skill	Ranged		Build [Intellect]: You pay 1 less to recruit your next character during this turn. Main [Skill]: Each enemy character loses its powers this turn.	The Marvel Battles	THE MARVEL BATTLES	playerNMain
THE MARVEL BATTLES_Star-Lord_SC	Star-Lord	vs-system-2pcg/the-marvel-battles/VsSystem2pcg-TheMarvelBattles-StarLord.jpg	default	Supporting Character	4	1	Guardians of the Galaxy	None	Ranged	Leader, Team Up	While he's team attacking, you choose who the defender strikes back against. Each supporting character on your side is also a [Guardians of the Galaxy] supporting character.	The Marvel Battles	THE MARVEL BATTLES	playerNDeck
THE MARVEL BATTLES_Storm_L1	Storm L1	vs-system-2pcg/the-marvel-battles/VsSystem2pcg-TheMarvelBattles-StormL1.jpg	default	Main Character	None	5	X-Men	Energy	Flight		Main [Energy]: Put two -1/-1 counters divided as you choose on up to two enemy characters. Level Up [3] - When you activate a Super Power, Storm gains an XP.	The Marvel Battles	THE MARVEL BATTLES	playerNMain
THE MARVEL BATTLES_Storm_L2	Storm L2	vs-system-2pcg/the-marvel-battles/VsSystem2pcg-TheMarvelBattles-StormL2.jpg	default	Main Character	None	5	X-Men	Energy, Skill	Flight		Main [Energy]: Put two -1/-1 counters divided as you choose on up to two enemy characters. Main [Skill]: Characters on your side gain [Flight] this turn.	The Marvel Battles	THE MARVEL BATTLES	playerNMain
THE MARVEL BATTLES_Storm_SC	Storm	vs-system-2pcg/the-marvel-battles/VsSystem2pcg-TheMarvelBattles-Storm.jpg	default	Supporting Character	4	1	X-Men	Energy	Flight	Thunderstorm	Main [Energy]: Put a -1/-1 counter on each enemy character.	The Marvel Battles	THE MARVEL BATTLES	playerNDeck
THE MARVEL BATTLES_Thanos_L1	Thanos L1	vs-system-2pcg/the-marvel-battles/VsSystem2pcg-TheMarvelBattles-ThanosL1.jpg	default	Main Character	None	6	Villains	Might			Main [Might]: Shuffle each character in a KO pile into its deck. Then put that many +1/+1 counters on Thanos. Level Up [6] - When an enemy character gets KO'd, Thanos gains an XP	The Marvel Battles	THE MARVEL BATTLES	playerNMain
THE MARVEL BATTLES_Thanos_L2	Thanos L2	vs-system-2pcg/the-marvel-battles/VsSystem2pcg-TheMarvelBattles-ThanosL2.jpg	default	Main Character	None	6	Villains	Energy, Intellect, Might, Skill			Main [Might]: Shuffle each character in a KO pile into its deck. Then put that many +1/+1 counters on Thanos. Main [Energy] [Intellect] [Might] [Skill]: For each enemy player, stun their main character, KO one of their resources, KO one of their supporting characters, and they discard a random card.	The Marvel Battles	THE MARVEL BATTLES	playerNMain
THE MARVEL BATTLES_Thanos_SC	Thanos	vs-system-2pcg/the-marvel-battles/VsSystem2pcg-TheMarvelBattles-Thanos.jpg	default	Supporting Character	8	2	Villains	Might		Welcome Death	Main [Might]: Add a wound to all stunned characters.	The Marvel Battles	THE MARVEL BATTLES	playerNDeck
THE MARVEL BATTLES_The_Vault_L	The Vault	vs-system-2pcg/the-marvel-battles/VsSystem2pcg-TheMarvelBattles-TheVault.jpg	default	Location	None		Villains	Energy, Intellect, Might, Skill			[Energy] or [Intellect] or [Might] or [Skill] for a [Super Villains] character.	The Marvel Battles	THE MARVEL BATTLES	playerNDeck
THE MARVEL BATTLES_Think_Again_PT	Think Again	vs-system-2pcg/the-marvel-battles/VsSystem2pcg-TheMarvelBattles-ThinkAgain.jpg	default	Plot Twist	None		Avengers	None			[Any Turn] Combat: Cancel the combat.	The Marvel Battles	THE MARVEL BATTLES	playerNDeck
THE MARVEL BATTLES_Thor_SC	Thor	vs-system-2pcg/the-marvel-battles/VsSystem2pcg-TheMarvelBattles-Thor.jpg	default	Supporting Character	6	2	Avengers	Energy	Flight	Lightning Strike	Main [Energy]: Put three -1/-1 counters on an enemy character.	The Marvel Battles	THE MARVEL BATTLES	playerNDeck
THE MARVEL BATTLES_Training_Ground_L	Training Ground	vs-system-2pcg/the-marvel-battles/VsSystem2pcg-TheMarvelBattles-TrainingGround.jpg	default	Location	None			Skill			[Skill]	The Marvel Battles	THE MARVEL BATTLES	playerNDeck
THE MARVEL BATTLES_Trickster_God_PT	Trickster God	vs-system-2pcg/the-marvel-battles/VsSystem2pcg-TheMarvelBattles-TricksterGod.jpg	default	Plot Twist	None		Villains	None			[Any Turn] Combat: Switch the current ATK and DEF of a character for this combat.	The Marvel Battles	THE MARVEL BATTLES	playerNDeck
THE MARVEL BATTLES_Ultron_SC	Ultron	vs-system-2pcg/the-marvel-battles/VsSystem2pcg-TheMarvelBattles-Ultron.jpg	default	Supporting Character	4	1	Villains	Energy	Both	Swarm, Replicate	You can have any number of this character on your side. This power can't be turned off. Build [Energy]: Search your deck for a copy of this character and put it into play, then shuffle your deck.	The Marvel Battles	THE MARVEL BATTLES	playerNDeck
THE MARVEL BATTLES_Uncanny_Defense_PT	Uncanny Defense	vs-system-2pcg/the-marvel-battles/VsSystem2pcg-TheMarvelBattles-UncannyDefense.jpg	default	Plot Twist	None		X-Men	None			[Any Turn] Combat: Remove a defender on your side from combat and replace it with a different character on your side. Switch their positions.	The Marvel Battles	THE MARVEL BATTLES	playerNDeck
THE MARVEL BATTLES_Vigilante_Justice_PT	Vigilante Justice	vs-system-2pcg/the-marvel-battles/VsSystem2pcg-TheMarvelBattles-VigilanteJustice.jpg	default	Plot Twist	None		Guardians of the Galaxy	None			[Any Turn] Combat: Choose a character to become Ferocious this combat. [During melee combat, it strikes before enemy characters.]	The Marvel Battles	THE MARVEL BATTLES	playerNDeck
THE MARVEL BATTLES_Wolverine_L1	Wolverine L1	vs-system-2pcg/the-marvel-battles/VsSystem2pcg-TheMarvelBattles-WolverineL1.jpg	default	Main Character	None	5	X-Men	Skill			[Any Turn] Combat [Skill]: Wolverine gets +3/+0 this combat. Level Up [3] - When Wolverine makes a solo attack and stuns an enemy character, he gains an XP.	The Marvel Battles	THE MARVEL BATTLES	playerNMain
THE MARVEL BATTLES_Wolverine_L2	Wolverine L2	vs-system-2pcg/the-marvel-battles/VsSystem2pcg-TheMarvelBattles-WolverineL2.jpg	default	Main Character	None	5	X-Men	Skill, Might			[Any Turn] Combat [Skill]: Wolverine gets +3/+0 this combat. Main [Might]: Heal a wound from Wolverine.	The Marvel Battles	THE MARVEL BATTLES	playerNMain
THE MARVEL BATTLES_Wolverine_SC	Wolverine	vs-system-2pcg/the-marvel-battles/VsSystem2pcg-TheMarvelBattles-Wolverine.jpg	default	Supporting Character	5	2	X-Men	None		Berserker, Regeneration	When he attacks, put a +1/+1 counter on him. At the start of your turn, if he's face-up, heal a wound from him.	The Marvel Battles	THE MARVEL BATTLES	playerNDeck
THE MARVEL BATTLES_X-Factor_PT	X-Factor	vs-system-2pcg/the-marvel-battles/VsSystem2pcg-TheMarvelBattles-XFactor.jpg	default	Plot Twist	None		X-Men	None			Main: Ready a character	The Marvel Battles	THE MARVEL BATTLES	playerNDeck
THE MARVEL BATTLES_Yondu_SC	Yondu	vs-system-2pcg/the-marvel-battles/VsSystem2pcg-TheMarvelBattles-Yondu.jpg	default	Supporting Character	1	2	Guardians of the Galaxy	Skill	Ranged	Yaka Arrow	Main [Skill]: Stun a supporting character with cost of 3 or less.	The Marvel Battles	THE MARVEL BATTLES	playerNDeck
The Defenders_Angel_SC	Angel	vs-system-2pcg/the-defenders/VsSystem2pcg-TheDefenders-Angel.jpg	default	Supporting Character	1	1	Defenders	Energy	Flight	Dodge, Healing Blood	Angel can't be ranged attacked. Main [Energy]: Heal a wound from a supporting character on your side.	The Defenders	The Defenders	playerNDeck
The Defenders_Baron_Mordo_SC	Baron Mordo	vs-system-2pcg/the-defenders/VsSystem2pcg-TheDefenders-BaronMordo.jpg	default	Supporting Character	6	1	Underworld	Energy	Ranged	Black Magic	Main [Energy]: KO a stunned supporting character.	The Defenders	The Defenders	playerNDeck
The Defenders_Blackheart_SC	Blackheart	vs-system-2pcg/the-defenders/VsSystem2pcg-TheDefenders-Blackheart.jpg	default	Supporting Character	7	2	Underworld	None	Both	Created from Evil	Blackheart gets +1/+1 for each Evil character in your KO pile.	The Defenders	The Defenders	playerNDeck
The Defenders_Bullseye_L1	Bullseye L1	vs-system-2pcg/the-defenders/VsSystem2pcg-TheDefenders-BullseyeL1.jpg	default	Main Character	None	5	Underworld	Intellect	Ranged		Main [Intellect] [Intellect]: Wound a face-up supporting character. Level Up [3] - When Bullseye Kos an enemy character, he gains an XP.	The Defenders	The Defenders	playerNMain
The Defenders_Bullseye_L2	Bullseye L2	vs-system-2pcg/the-defenders/VsSystem2pcg-TheDefenders-BullseyeL2.jpg	default	Main Character	None	5	Underworld	Intellect, Skill	Ranged		Main [Intellect] [Intellect]: Wound a face-up supporting character. Main [Skill] [Skill] [Skill]: Wound a face-up main character.	The Defenders	The Defenders	playerNMain
The Defenders_Bullseye_SC	Bullseye	vs-system-2pcg/the-defenders/VsSystem2pcg-TheDefenders-Bullseye.jpg	default	Supporting Character	5	1	Underworld	Skill	Ranged	Improvised Weapon	Main [Skill]: Remove a +1/+1 counter from Bullseye. If you do, wound a face-up supporting character.	The Defenders	The Defenders	playerNDeck
The Defenders_Carnage_SC	Carnage	vs-system-2pcg/the-defenders/VsSystem2pcg-TheDefenders-Carnage.jpg	default	Supporting Character	1	2	Underworld	None		Maximum Carnage, Symbiosis	When Carnage stuns an enemy character or gets stunned, put a +1/+1 counter on Carnage. Carnage can have a +1/+1 counters while stunned.	The Defenders	The Defenders	playerNDeck
The Defenders_Cloak_SC	Cloak	vs-system-2pcg/the-defenders/VsSystem2pcg-TheDefenders-Cloak.jpg	default	Supporting Character	3	1	Defenders	None		The Dark Force Hungers	At the start of each player's Build Phase, put a -1/-1 counter on each character on that player's side.	The Defenders	The Defenders	playerNDeck
The Defenders_Dagger_SC	Dagger	vs-system-2pcg/the-defenders/VsSystem2pcg-TheDefenders-Dagger.jpg	default	Supporting Character	2	1	Defenders	None	Ranged	Purifying Light	When Dagger appears, remove all -1/-1 counters from characters on your side. Characters on your side can't gain -1/-1 counters.	The Defenders	The Defenders	playerNDeck
The Defenders_Daredevil_L1	Daredevil L1	vs-system-2pcg/the-defenders/VsSystem2pcg-TheDefenders-DaredevilL1.jpg	default	Main Character	None	5	Defenders	Skill			[Any Turn] Combat [Skill]: Daredevil strikes with double his ATK this combat. Level Up [3] - When Daredevil gets attacked, if he's protecting a character, he gains a XP.	The Defenders	The Defenders	playerNMain
The Defenders_Daredevil_L2	Daredevil L2	vs-system-2pcg/the-defenders/VsSystem2pcg-TheDefenders-DaredevilL2.jpg	default	Main Character	None	5	Defenders	Skill, Intellect			[Any Turn] Combat [Skill]: Daredevil strikes with double his ATK this combat. Main [Intellect]: Enemy players must play with their hands revealed. An enemy player may pay a [Skill] during their Main Phase to end this effect.	The Defenders	The Defenders	playerNMain
The Defenders_Deathlok_SC	Deathlok	vs-system-2pcg/the-defenders/VsSystem2pcg-TheDefenders-Deathlok.jpg	default	Supporting Character	3	2	Defenders	Might	Ranged	Rebuilt Body	Main [Might]: Put a character in your KO pile on the bottom of your deck. Deathlok has that character's base ATK and DEF instead of his own this turn.	The Defenders	The Defenders	playerNDeck
The Defenders_Dr_Strange_L1	Dr. Strange L1	vs-system-2pcg/the-defenders/VsSystem2pcg-TheDefenders-DrStrangeL1.jpg	default	Main Character	None	5	Defenders	Energy	Flight		Build [Energy]: Draw a card. You may use this power any number of times on your turn. Level Up [5] - Whenever you draw one or more cards, Dr. Strange gains an XP.	The Defenders	The Defenders	playerNMain
The Defenders_Dr_Strange_L2	Dr. Strange L2	vs-system-2pcg/the-defenders/VsSystem2pcg-TheDefenders-DrStrangeL2.jpg	default	Main Character	None	5	Defenders	Energy, Intellect	Flight		Build [Energy]: Draw a card. You may use this power any number of times on your turn. Main [Intellect]: Choose any number of characters. For each one, remove its +1/+1 counters and put that many -1/-1 counters onto it, or vice versa.	The Defenders	The Defenders	playerNMain
The Defenders_Electro_SC	Electro	vs-system-2pcg/the-defenders/VsSystem2pcg-TheDefenders-Electro.jpg	default	Supporting Character	2	1	Underworld	Energy	Ranged	Chain Lightning	Main [Energy]: Stun each enemy character that costs 2 or less.	The Defenders	The Defenders	playerNDeck
The Defenders_Fair_And_Balanced_PT	Fair And Balanced	vs-system-2pcg/the-defenders/VsSystem2pcg-TheDefenders-FairAndBalanced.jpg	default	Plot Twist	None		Underworld	None			Main: Put a +1/+1 counter on a character and a -1/-1 counter on a character.	The Defenders	The Defenders	playerNDeck
The Defenders_Fisk_Tower_L	Fisk Tower	vs-system-2pcg/the-defenders/VsSystem2pcg-TheDefenders-FiskTower.jpg	default	Location	None		Underworld	Energy, Intellect, Might, Skill			[Energy] or [Intellect] or [Might] or [Skill] for a [Underworld] character.	The Defenders	The Defenders	playerNDeck
The Defenders_Ghost_Rider_L1	Ghost Rider L1	vs-system-2pcg/the-defenders/VsSystem2pcg-TheDefenders-GhostRiderL1.jpg	default	Main Character	None	6	Defenders	Intellect, Might			Main [Energy] [Might]: Stun an enemy character that attacked since the end of your last turn. Level Up [3] - When another character on your side gets KO'd on an enemy player's turn, Ghost Rider gains an XP.	The Defenders	The Defenders	playerNMain
The Defenders_Ghost_Rider_L2	Ghost Rider L2	vs-system-2pcg/the-defenders/VsSystem2pcg-TheDefenders-GhostRiderL2.jpg	default	Main Character	None	6	Defenders	Intellect, Might, Skill			Main [Energy] [Might]: Stun an enemy character that attacked since the end of your last turn. Main [Skill]: If Ghost Rider is ready, drive him to an enemy row. He may make any number of melee attacks, one at a time, against characters in that row. When Ghost Rider gets stunned, or you're done attacking, drive him back to one of your rows exhausted.	The Defenders	The Defenders	playerNMain
The Defenders_Ghost_Rider_SC	Ghost Rider	vs-system-2pcg/the-defenders/VsSystem2pcg-TheDefenders-GhostRider.jpg	default	Supporting Character	7	2	Defenders	None		Penance Stare	When Ghost Rider appears, choose an enemy character and put -1/-1 counters on it equal to the number of Good characters in your KO pile.	The Defenders	The Defenders	playerNDeck
The Defenders_Hellcat_SC	Hellcat	vs-system-2pcg/the-defenders/VsSystem2pcg-TheDefenders-Hellcat.jpg	default	Supporting Character	1	2	Defenders	None		Pounce	While Hellcat is attacking an exhausted character, it can't strike back against her.	The Defenders	The Defenders	playerNDeck
The Defenders_Hellstrom_SC	Hellstrom	vs-system-2pcg/the-defenders/VsSystem2pcg-TheDefenders-Hellstrom.jpg	default	Supporting Character	3	2	Underworld	None	Both	Darksoul	When Hellstrom gets powered up, heal a wound from him.	The Defenders	The Defenders	playerNDeck
The Defenders_Helmut_Zemo_SC	Helmut Zemo	vs-system-2pcg/the-defenders/VsSystem2pcg-TheDefenders-HelmutZemo.jpg	default	Supporting Character	1	1	Underworld	Intellect	Ranged	Sow Distrust	Main [Intellect]: Look at an enemy player's hand and choose a character that doesn't share a team affiliation with that player's main character. That player discards that character.	The Defenders	The Defenders	playerNDeck
The Defenders_Hidden_Weapons_PT	Hidden Weapons	vs-system-2pcg/the-defenders/VsSystem2pcg-TheDefenders-HiddenWeapons.jpg	default	Plot Twist	None		Defenders	None			Main: Choose a character on your side to get +1/+1 and [Range] this turn. [Any Turn] Combat: Choose a character in the combat to get +1/+1 and [Ranged] this combat.	The Defenders	The Defenders	playerNDeck
The Defenders_Iron_Fist_SC	Iron Fist	vs-system-2pcg/the-defenders/VsSystem2pcg-TheDefenders-IronFist.jpg	default	Supporting Character	2	1	Defenders	Skill		Dodge, Iron Fist Punch	Iron Fist can't be ranged attacked. [Any Turn] Combat [Skill]: When Iron Fist strikes a character this combat, stun that character.	The Defenders	The Defenders	playerNDeck
The Defenders_Kingpin_L1	Kingpin L1	vs-system-2pcg/the-defenders/VsSystem2pcg-TheDefenders-KingpinL1.jpg	default	Main Character	None	5	Underworld	Might			Build [Might]: Reveal the top five cards of your deck. Put a location from among them into your hand and the rest on the bottom in any order. Level Up [5] - When a location appears on your side, Kingpin gains an XP.	The Defenders	The Defenders	playerNMain
The Defenders_Kingpin_L2	Kingpin L2	vs-system-2pcg/the-defenders/VsSystem2pcg-TheDefenders-KingpinL2.jpg	default	Main Character	None	5	Underworld	Energy, Intellect, Might, Skill			Build [Might]: Reveal the top five cards of your deck. Put a location from among them into your hand and the rest on the bottom in any order. Main [Energy] or [Intellect] or [Might] or [Skill]: Put a +1/+1 counter on a character. You may use this power any number of times on your turn.	The Defenders	The Defenders	playerNMain
The Defenders_Kingpin_SC	Kingpin	vs-system-2pcg/the-defenders/VsSystem2pcg-TheDefenders-Kingpin.jpg	default	Supporting Character	6	2	Underworld	Might		Underworld Boss	Main [Might]: If there are two or more other [Underworld] characters on your side, Kingpin takes over being your main character, and your current main character becomes a supporting character.	The Defenders	The Defenders	playerNDeck
The Defenders_Loyal_Soldiers_PT	Loyal Soldiers	vs-system-2pcg/the-defenders/VsSystem2pcg-TheDefenders-LoyalSoldiers.jpg	default	Plot Twist	None			None			Main: Choose a team affiliation. If all characters on your side have that team affiliation, put a +1/+1 counter on each of them.	The Defenders	The Defenders	playerNDeck
The Defenders_Luke_Cage_L1	Luke Cage L1	vs-system-2pcg/the-defenders/VsSystem2pcg-TheDefenders-LukeCageL1.jpg	default	Main Character	None	5	Defenders	Might			[Any Turn] Combat [Might]: If Luke Cage gets stunned during this combat, he doesn't receive a wound. Level Up [5] - During your Build Phase you may pay any amount of resource points to give Luke Cage that much XP.	The Defenders	The Defenders	playerNMain
The Defenders_Luke_Cage_L2	Luke Cage L2	vs-system-2pcg/the-defenders/VsSystem2pcg-TheDefenders-LukeCageL2.jpg	default	Main Character	None	5	Defenders	Might, Intellect			[Any Turn] Combat [Might]: If Luke Cage gets stunned during this combat, he doesn't receive a wound. Build [Intellect]: Search your hand, deck, and KO pile for an Iron Fist supporting character and put him into one of your rows.	The Defenders	The Defenders	playerNMain
The Defenders_Mary_Walker_SC1	Mary Walker1	vs-system-2pcg/the-defenders/VsSystem2pcg-TheDefenders-MaryWalker1.jpg	default	Supporting Character	2	1	Underworld	None		Innocent Mary, One of a Kind	While Mary is defending, each attacker with a -1/-1 counter can't strike her. You may only have one of this card in your deck.	The Defenders	The Defenders	playerNDeck
The Defenders_Mary_Walker_SC2	Mary Walker2	vs-system-2pcg/the-defenders/VsSystem2pcg-TheDefenders-MaryWalker2.jpg	default	Supporting Character	2	1	Underworld	None		Bloody Mary, One of a Kind	While Mary is attacking, a defender with a -1/-1 counter can't strike back against her. You may only have one of this card in your deck.	The Defenders	The Defenders	playerNDeck
The Defenders_Mary_Walker_SC3	Mary Walker3	vs-system-2pcg/the-defenders/VsSystem2pcg-TheDefenders-MaryWalker3.jpg	default	Supporting Character	2	1	Underworld	None		Typhoid Mary, One of a Kind	When Mary attacks, put a -1/-1 counter on up to two enemy characters. You may only have one of this card in your deck.	The Defenders	The Defenders	playerNDeck
The Defenders_Mary_Walker_SC4	Mary Walker4	vs-system-2pcg/the-defenders/VsSystem2pcg-TheDefenders-MaryWalker4.jpg	default	Supporting Character	2	1	Underworld	None		Composite Personality, One of a Kind	Mary has all the powers of cards named Mary Walker in your KO pile. You may only have one of this card in your deck.	The Defenders	The Defenders	playerNDeck
The Defenders_MODOK_SC	M.O.D.O.K.	vs-system-2pcg/the-defenders/VsSystem2pcg-TheDefenders-MODOK.jpg	default	Supporting Character	4	1	Underworld	None	Both	Mental Calculations	At the start of your turn, look at the top four cards of your deck. Put two on the bottom of your deck and the other two back on top.	The Defenders	The Defenders	playerNDeck
The Defenders_Moon_Knight_SC	Moon Knight	vs-system-2pcg/the-defenders/VsSystem2pcg-TheDefenders-MoonKnight.jpg	default	Supporting Character	4	1	Defenders	None		Mutiple Personalities	You can discard any character to power-up Moon Knight.	The Defenders	The Defenders	playerNDeck
The Defenders_Nighthawk_SC	Nighthawk	vs-system-2pcg/the-defenders/VsSystem2pcg-TheDefenders-Nighthawk.jpg	default	Supporting Character	4	1	Defenders	Intellect	Flight	Mobilize the Team, Night Shift	Build [Intellect]: You pay 4 less to recruit your next [Defenders] character this turn. Nighthawk gets +3/+3 during enemy players' turns.	The Defenders	The Defenders	playerNDeck
The Defenders_Pain_And_Suffering_PT	Pain and Suffering	vs-system-2pcg/the-defenders/VsSystem2pcg-TheDefenders-PainAndSuffering.jpg	default	Plot Twist	None		Underworld	None			[Any Turn] Combat: Choose a character to get -0/-2 this combat.	The Defenders	The Defenders	playerNDeck
The Defenders_Play_Dead_PT	Play Dead	vs-system-2pcg/the-defenders/VsSystem2pcg-TheDefenders-PlayDead.jpg	default	Plot Twist	None		Underworld	None			[Any Turn] Combat: Stun a defending supporting character on your side, but it doesn't get wounded.	The Defenders	The Defenders	playerNDeck
The Defenders_Punisher_SC	Punisher	vs-system-2pcg/the-defenders/VsSystem2pcg-TheDefenders-Punisher.jpg	default	Supporting Character	5	1	Defenders	Skill	Ranged	Lethal, Perfect Position	When Punisher stuns a defending supporting character, KO it. [Any Turn] Combat [Skill]: If Punisher is in ranged combat, he can't be struck this combat.	The Defenders	The Defenders	playerNDeck
The Defenders_Purple_Man_SC	Purple Man	vs-system-2pcg/the-defenders/VsSystem2pcg-TheDefenders-PurpleMan.jpg	default	Supporting Character	5	1	Underworld	Intellect		Brainwash	Main [Intellect]: Exhaust an enemy supporting character and move it to your back row. When Purple Man gets stunned or leaves your side, if that character is still on your side, move it to its owner's back row.	The Defenders	The Defenders	playerNDeck
The Defenders_Rhino_SC	Rhino	vs-system-2pcg/the-defenders/VsSystem2pcg-TheDefenders-Rhino.jpg	default	Supporting Character	2	1	Underworld	Intellect		Angry, Stupid	Rhino must be in your first attack each turn if able. [It can be a team attack.] When Rhino attacks, an enemy player may pay an [Intellect] to stun Rhino.	The Defenders	The Defenders	playerNDeck
The Defenders_Sanctum_Sanctorum_L	Sanctum Sanctorum	vs-system-2pcg/the-defenders/VsSystem2pcg-TheDefenders-SanctumSanctorum.jpg	default	Location	None		Defenders	Energy, Intellect, Might, Skill			[Energy] or [Intellect] or [Might] or [Skill] for a [Defenders] character.	The Defenders	The Defenders	playerNDeck
The Defenders_Scarlet_Witch_SC	Scarlet Witch	vs-system-2pcg/the-defenders/VsSystem2pcg-TheDefenders-ScarletWitch.jpg	default	Supporting Character	2	1	Defenders	None	Ranged	Hex	Enemy characters can't level up. [They can still gain XP.]	The Defenders	The Defenders	playerNDeck
The Defenders_Shock_To_The_System_PT	Shock To The System	vs-system-2pcg/the-defenders/VsSystem2pcg-TheDefenders-ShockToTheSystem.jpg	default	Plot Twist	None			None			[Any Turn] Combat: Choose an attacker to get -3/-0 this combat.	The Defenders	The Defenders	playerNDeck
The Defenders_Spellbound_PT	Spellbound	vs-system-2pcg/the-defenders/VsSystem2pcg-TheDefenders-Spellbound.jpg	default	Plot Twist	None		Defenders	None			[Any Turn] Combat: Enemy players can't play plot twists this combat.	The Defenders	The Defenders	playerNDeck
The Defenders_Super_Senses_PT	Super Senses	vs-system-2pcg/the-defenders/VsSystem2pcg-TheDefenders-SuperSenses.jpg	default	Plot Twist	None		Defenders	None			[Any Turn] Combat: Choose a defending character to get +0/+5 this combat.	The Defenders	The Defenders	playerNDeck
The Defenders_Valkyrie_SC	Valkyrie	vs-system-2pcg/the-defenders/VsSystem2pcg-TheDefenders-Valkyrie.jpg	default	Supporting Character	6	2	Defenders	Intellect	Flight	Chooser of the Slain	Build [Intellect]: You may recruit characters from your KO pile this turn.	The Defenders	The Defenders	playerNDeck
The Defenders_Venom_L1	Venom L1	vs-system-2pcg/the-defenders/VsSystem2pcg-TheDefenders-VenomL1.jpg	default	Main Character	None	6	Underworld	Energy			Recovery [Energy]: If Venom recovered this turn, put two +1/+1 counters on him. Level Up [5] - Whenever Venom gains one or more +1/+1 counters, he gains an XP.	The Defenders	The Defenders	playerNMain
The Defenders_Venom_L2	Venom L2	vs-system-2pcg/the-defenders/VsSystem2pcg-TheDefenders-VenomL2.jpg	default	Main Character	None	6	Underworld	Energy, Might			Recovery [Energy]: If Venom recovered this turn, put two +1/+1 counters on him. [Any Turn] Combat [Might]: Venom has Symbiosis until after your next recovery phase. [He can have +1/+1 counters while stunned.]	The Defenders	The Defenders	playerNMain
The Defenders_Venom_SC	Venom	vs-system-2pcg/the-defenders/VsSystem2pcg-TheDefenders-Venom.jpg	default	Supporting Character	4	2	Underworld	Might		Symbiote Strength, Symbiosis	Main [Might]: Put two +1/+1 counters on Venom. Venom can have a +1/+1 counters while stunned.	The Defenders	The Defenders	playerNDeck
The Defenders_Vision_SC	Vision	vs-system-2pcg/the-defenders/VsSystem2pcg-TheDefenders-Vision.jpg	default	Supporting Character	5	2	Defenders	Energy	Flight	Increase Density, Decrease Density	Combat [Energy]: If Vision is attacking, double his current ATK and DEF this combat. [Any Turn] Combat [Energy]: If Vision is defending, he can't strike or be struck this combat.	The Defenders	The Defenders	playerNDeck
The Defenders_War_Machine_SC	War Machine	vs-system-2pcg/the-defenders/VsSystem2pcg-TheDefenders-WarMachine.jpg	default	Supporting Character	6	1	Defenders	Might	Both	Rocket Launcher	Main [Might] [Might]: KO a supporting character.	The Defenders	The Defenders	playerNDeck
The Defenders_Winter_Soldier_L1	Winter Soldier L1	vs-system-2pcg/the-defenders/VsSystem2pcg-TheDefenders-WinterSoldierL1.jpg	default	Main Character	None	5	Underworld	Might	Ranged		Combat [Might]: If Winter Soldier is in melee combat, he gets +2/+2 this combat. Level  Up [2] - When Winter Soldier stuns a defending enemy character, you may Freeze Winter Soldier. If you do, he gains an XP. [Characters affected by Freeze can't ready on their next turn.]	The Defenders	The Defenders	playerNMain
The Defenders_Winter_Soldier_L2	Winter Soldier L2	vs-system-2pcg/the-defenders/VsSystem2pcg-TheDefenders-WinterSoldierL2.jpg	default	Main Character	None	5	Underworld	Might, Skill	Ranged		Combat [Might]: If Winter Soldier is in melee combat, he gets +2/+2 this combat. Main [Skill]: Winter Soldier can make solo ranged attacks against protected characters this turn.	The Defenders	The Defenders	playerNMain
The Defenders_Winter_Soldier_SC	Winter Soldier	vs-system-2pcg/the-defenders/VsSystem2pcg-TheDefenders-WinterSoldier.jpg	default	Supporting Character	3	1	Underworld	Skill	Ranged	Into the Fray	Main [Skill]: If Winter Soldier is in your back row, ready him and move him to your front row.	The Defenders	The Defenders	playerNDeck
A-Force_Arcadia_L	Arcadia	vs-system-2pcg/a-force/VsSystem2pcg-AForce-Arcadia.jpg	default	Location	None		A-Force	Energy, Intellect, Might, Skill			[Energy] or [Intellect] or [Might] or [Skill] for an A-Force character.	A-Force	A-Force	playerNDeck
A-Force_Black_Cat_L1	Black Cat L1	vs-system-2pcg/a-force/VsSystem2pcg-AForce-BlackCatL1.jpg	default	Main Character	None		Femme Fatales	Intellect			"Main [Intellect]: Choose an enemy player to discard a card. Level Up [9] � At the end of your turn, choose an enemy player. If you have more cards in your hand than they do, Black Cat gains an XP equal to the difference.	A-Force	A-Force	playerNMain
A-Force_Black_Cat_L2	Black Cat L2	vs-system-2pcg/a-force/VsSystem2pcg-AForce-BlackCatL2.jpg	default	Main Character	None		Femme Fatales	Intellect, Skill			"Main [Intellect]: Choose an enemy player to discard a card. Any Turn Combat [Skill]: Daze each enemy character in combat with Black Cat. [Stun it, but it doesn�t gain a wound.]	A-Force	A-Force	playerNMain
A-Force_Black_Cat_SC	Black Cat	vs-system-2pcg/a-force/VsSystem2pcg-AForce-BlackCat.jpg	default	Supporting Character	1		Femme Fatales	None		Pounce, Unlucky Break	"While Black Cat is attacking an exhausted character, it can�t strike back at her. When Black Cat attacks, remove all +1/+1 counters from the defender. Enemy characters can�t gain +1/+1 counters this combat.	A-Force	A-Force	playerNDeck
A-Force_Build_A_Better_World_PT	Build A Better World	vs-system-2pcg/a-force/VsSystem2pcg-AForce-BuildABetterWorld.jpg	default	Plot Twist	None		A-Force	None			Main: Turn one of your face-down Basic Locations face up.  Any Turn Combat: Turn one of your face-down Basic Locations face up.	A-Force	A-Force	playerNDeck
A-Force_Captain_Marvel_L1	Captain Marvel L1	vs-system-2pcg/a-force/VsSystem2pcg-AForce-CaptainMarvelL1.jpg	default	Main Character	None		A-Force	Energy	Both		"AKA Ms. Marvel, Main [Energy]: Put a +1/+1 counter on Captain Marvel for each other Ranged character on your side. Level Up [4] � When Captain Marvel stuns an enemy character in combat, she gains an XP.	A-Force	A-Force	playerNMain
A-Force_Captain_Marvel_L2	Captain Marvel L2	vs-system-2pcg/a-force/VsSystem2pcg-AForce-CaptainMarvelL2.jpg	default	Main Character	None		A-Force	Energy, Skill	Both		"AKA Ms. Marvel, Main [Energy]: Put a +1/+1 counter on Captain Marvel for each other Ranged character on your side. Main [Skill]: Put a -1/-1 counter on an enemy character for each +1/+1 counter on Captain Marvel.	A-Force	A-Force	playerNMain
A-Force_Cat_Fight_PT	Cat Fight	vs-system-2pcg/a-force/VsSystem2pcg-AForce-CatFight.jpg	default	Plot Twist	None		Femme Fatales	None			Any Turn Combat: Choose an attacker to get +4/+0 this combat.	A-Force	A-Force	playerNDeck
A-Force_Dark_Phoenix_L1	Dark Phoenix L1	vs-system-2pcg/a-force/VsSystem2pcg-AForce-DarkPhoenixL1.jpg	default	Main Character	None	7	Femme Fatales	Energy	Both		"AKA Phoenix, Main [Intellect] [Intellect]: Put the top two cards of your deck face down into your resource row. If any are locations, you may place them face up instead.	A-Force	A-Force	playerNMain
A-Force_Dark_Phoenix_L2	Dark Phoenix L2	vs-system-2pcg/a-force/VsSystem2pcg-AForce-DarkPhoenixL2.jpg	default	Main Character	None	7	Femme Fatales	Energy, Intellect, Might	Both		"AKA Phoenix, Main [Intellect] [Intellect]: Put the top two cards of your deck face down into your resource row. If any are locations, you may place them face up instead. Main [Energy] [Energy] [Intellect]: KO all face-down enemy resources.	A-Force	A-Force	playerNMain
A-Force_Dazzler_SC	Dazzler	vs-system-2pcg/a-force/VsSystem2pcg-AForce-Dazzler.jpg	default	Supporting Character	4	1	A-Force	Energy	Ranged	Dazzle	Main [Energy]: Daze an enemy supporting character. [Stun it, but it doesn�t get a wound.]	A-Force	A-Force	playerNDeck
A-Force_Demon_Goblin_SC	Demon Goblin	vs-system-2pcg/a-force/VsSystem2pcg-AForce-DemonGoblin.jpg	default	Supporting Character - Token	0	1	Femme Fatales	None		Swarm	You can have any number of Demon Goblins on your side. This power can�t be turned off.	A-Force	A-Force	playerNMisc
A-Force_Dramatic_Entrance_PT	Dramatic Entrance	vs-system-2pcg/a-force/VsSystem2pcg-AForce-DramaticEntrance.jpg	default	Plot Twist	None		Femme Fatales	None			Any Turn Combat: If the defender is on your side, you may put a character from your hand next to it. If you do, remove the defender from combat and the new character becomes the defender. At the end of combat, KO the new character.	A-Force	A-Force	playerNDeck
A-Force_Enchantress_L1	Enchantress L1	vs-system-2pcg/a-force/VsSystem2pcg-AForce-EnchantressL1.jpg	default	Main Character	None	5	Femme Fatales	Energy	Ranged		"Main [Energy]: Put two +1/+1 counters on a supporting character that appeared this turn. Level Up [3] � At the end of your turn, if a face-up supporting character on your side has a higher ATK than each face-up enemy supporting character, Enchantress gains an XP.	A-Force	A-Force	playerNMain
A-Force_Enchantress_L2	Enchantress L2	vs-system-2pcg/a-force/VsSystem2pcg-AForce-EnchantressL2.jpg	default	Main Character	None	5	Femme Fatales	Energy, Intellect	Ranged		"Main [Energy]: Put two +1/+1 counters on a supporting character that appeared this turn. Main [Intellect]: Ready each supporting character on your side that has a +1/+1 counter.	A-Force	A-Force	playerNMain
A-Force_Enchantress_SC	Enchantress	vs-system-2pcg/a-force/VsSystem2pcg-AForce-Enchantress.jpg	default	Supporting Character	7	2	Femme Fatales	Energy	Ranged	Go Forth, My Champion	Main [Energy]: Put two +1/+1 counters on another character on your side. When it attacks the next time this turn, ready it.	A-Force	A-Force	playerNDeck
A-Force_Femme_Fatality_PT	Femme Fatality	vs-system-2pcg/a-force/VsSystem2pcg-AForce-FemmeFatality.jpg	default	Plot Twist	None		Femme Fatales	None			Main: Choose a character and put a -1/-1 counter on it for each supporting character on your side.	A-Force	A-Force	playerNDeck
A-Force_Goblin_Queen_SC	Goblin Queen	vs-system-2pcg/a-force/VsSystem2pcg-AForce-GoblinQueen.jpg	default	Supporting Character	4	1	Femme Fatales	Intellect	Flight	Summon Goblins	Main [Intellect]: Put Demon Goblin tokens into your front row until there are four on your side.	A-Force	A-Force	playerNDeck
A-Force_Heroines_Of_Arcadia_PT	Heroines Of Arcadia	vs-system-2pcg/a-force/VsSystem2pcg-AForce-HeroinesOfArcadia.jpg	default	Plot Twist	None		A-Force	None			Any Turn Combat: If this is a team attack, each attacker gets +3/+0 this combat.	A-Force	A-Force	playerNDeck
A-Force_Lady_Deathstrike_SC	Lady Deathstrike	vs-system-2pcg/a-force/VsSystem2pcg-AForce-LadyDeathstrike.jpg	default	Supporting Character	6	2	Femme Fatales	Might		Death Strike	Any Turn Combat [Might]: When Lady Deathstrike stuns an enemy main character this combat and survives, put an extra wound on that character.	A-Force	A-Force	playerNDeck
A-Force_Loki_SC2	Loki2	vs-system-2pcg/a-force/VsSystem2pcg-AForce-Loki2.jpg	default	Supporting Character	6	1	A-Force	None		Power Hungry, Questionable Loyalty	"Once per turn, when a character on your side gets powered up, draw three cards. At the start of your Build Phase, if a face-up enemy character has higher ATK than each face-up character on your side, move Loki to that player�s back row.	A-Force	A-Force	playerNDeck
A-Force_Madame_Masque_SC	Madame Masque	vs-system-2pcg/a-force/VsSystem2pcg-AForce-MadameMasque.jpg	default	Supporting Character	1	1	Femme Fatales	None	Ranged	Bio-Duplicate, Swarm	"When you power up Madame Masque by discarding a card named Madame Masque, you may put the discarded card onto your side. You can have any number of Madame Masques on your side. This power can�t be turned off.	A-Force	A-Force	playerNDeck
A-Force_Madripoor_L	Madripoor	vs-system-2pcg/a-force/VsSystem2pcg-AForce-Madripoor.jpg	default	Location	None		Femme Fatales	Energy, Intellect, Might, Skill			[Energy] or [Intellect] or [Might] or [Skill] for a Femme Fatale character.	A-Force	A-Force	playerNDeck
A-Force_Main_Strength_PT	Main Strength	vs-system-2pcg/a-force/VsSystem2pcg-AForce-MainStrength.jpg	default	Plot Twist	None		A-Force	None			Any Turn Combat: Your main character gets +2/+0 this combat.	A-Force	A-Force	playerNDeck
A-Force_Medusa_SC	Medusa	vs-system-2pcg/a-force/VsSystem2pcg-AForce-Medusa.jpg	default	Supporting Character	3	1	A-Force	Skill		Grab, Prehensile Hair	While Medusa is in the front row, enemy characters can�t fly over her. Main [Skill]: Exhaust a front row enemy character. It can�t ready or be moved until Medusa gets stunned or leaves play.	A-Force	A-Force	playerNDeck
A-Force_Meggan_SC	Meggan	vs-system-2pcg/a-force/VsSystem2pcg-AForce-Meggan.jpg	default	Supporting Character	2	2	A-Force	Might	Both	Empathic Metamorph	Main [Might]: Put +1/+1 counters on Meggan equal to the total number of +1/+1 counters on all other characters on your side.	A-Force	A-Force	playerNDeck
A-Force_Miss_America_SC	Miss America	vs-system-2pcg/a-force/VsSystem2pcg-AForce-MissAmerica.jpg	default	Supporting Character	5	3	A-Force	None	Flight	Tough	When Miss America gets stunned you may recover her. [She still gets a wound].	A-Force	A-Force	playerNDeck
A-Force_Moonstone_SC	Moonstone	vs-system-2pcg/a-force/VsSystem2pcg-AForce-Moonstone.jpg	default	Supporting Character	2	1	Femme Fatales	None	Both	Gravity Stone	Enemy characters lose and can�t gain flight.	A-Force	A-Force	playerNDeck
A-Force_Morgan_Le_Fay_SC	Morgan Le Fay	vs-system-2pcg/a-force/VsSystem2pcg-AForce-MorganLeFay.jpg	default	Supporting Character	6	2	Femme Fatales	Intellect	Flight	Immortal, Growing Magic	When Morgan Le Fay gets KO�d you may shuffle her into your deck. Main [Intellect]: Draw cards equal to the number of times you�ve used a super power named Growing Magic this game.	A-Force	A-Force	playerNDeck
A-Force_Mystique_L1	Mystique L1	vs-system-2pcg/a-force/VsSystem2pcg-AForce-MystiqueL1.jpg	default	Main Character	None	5	Femme Fatales	Skill			"Any Turn Combat [Skill]: Choose another face-up character. Mystique gains ATK this combat until her ATK is the same as that character�s. Level Up [10] � Whenever Mystique gains ATK she gains that much XP.	A-Force	A-Force	playerNMain
A-Force_Mystique_L2	Mystique L2	vs-system-2pcg/a-force/VsSystem2pcg-AForce-MystiqueL2.jpg	default	Main Character	None	5	Femme Fatales	Skill, Might			"Any Turn Combat [Skill]: Choose another face-up character. Mystique gains ATK this combat until her ATK is the same as that character�s. Any Turn Combat [Might]: Mystique is Ferocious and enemy characters lose and can�t gain Ferocious this combat.	A-Force	A-Force	playerNMain
A-Force_Nebula_SC	Nebula	vs-system-2pcg/a-force/VsSystem2pcg-AForce-Nebula.jpg	default	Supporting Character	3	2	Femme Fatales	None		Underling	Nebula gets +3/+3 if your main character is Evil and is Level 2 or higher.	A-Force	A-Force	playerNDeck
A-Force_Phoenix_L1	Phoenix L1	vs-system-2pcg/a-force/VsSystem2pcg-AForce-PhoenixL1.jpg	default	Main Character	None	7	A-Force	Intellect	Both		"AKA Dark Phoenix, Main [Intellect]: Heal a wound from a supporting character. Level Up [1] � When a character appears, if there are 20 or more total supporting characters on all sides and/or KO piles, Phoenix gains an XP.	A-Force	A-Force	playerNMain
A-Force_Phoenix_L2	Phoenix L2	vs-system-2pcg/a-force/VsSystem2pcg-AForce-PhoenixL2.jpg	default	Main Character	None	7	A-Force	Energy, Intellect, Might	Both		"AKA Dark Phoenix, Main [Intellect]: Heal a wound from a supporting character. Main [Intellect] [Might]: Put a character from your KO pile onto your side.	A-Force	A-Force	playerNMain
A-Force_Phoenix_SC	Phoenix	vs-system-2pcg/a-force/VsSystem2pcg-AForce-Phoenix.jpg	default	Supporting Character	7	1	A-Force	Intellect	Both	Teke Shield	AKA Dark Phoenix, Any Turn Any Combat [Intellect]: The defending character can�t be struck this combat. You may use this power any number of times each turn.	A-Force	A-Force	playerNDeck
A-Force_Pixie_SC	Pixie	vs-system-2pcg/a-force/VsSystem2pcg-AForce-Pixie.jpg	default	Supporting Character	2	1	A-Force	Energy	Flight	Hallucinogenic Dust	Main [Energy]: Reveal cards from the top of your deck until you reveal a character that is not already on your side. Put that character onto your side and shuffle the rest of the revealed cards into your deck. At the end of the turn, KO that character.	A-Force	A-Force	playerNDeck
A-Force_Rogue_SC	Rogue	vs-system-2pcg/a-force/VsSystem2pcg-AForce-Rogue.jpg	default	Supporting Character	6	2	A-Force	None	Flight	Absorb Powers	When Rogue KO�s an enemy supporting character, she gains its keyword and super powers until Rogue becomes stunned or leaves play.	A-Force	A-Force	playerNDeck
A-Force_Satana_SC	Satana	vs-system-2pcg/a-force/VsSystem2pcg-AForce-Satana.jpg	default	Supporting Character	5	1	Femme Fatales	Energy	Flight	Fatal Females, Consume Soul	Femme Fatale characters on your side are Lethal. Main [Energy]: Remove a character in an enemy player�s KO pile from the game. That player reveals their hand and deck and removes all characters with that name from the game. Then, they shuffle their deck.	A-Force	A-Force	playerNDeck
A-Force_She-Hulk_L1	She-Hulk L1	vs-system-2pcg/a-force/VsSystem2pcg-AForce-SheHulkL1.jpg	default	Main Character	None	6	A-Force	Skill			"Main [Skill]: When characters on your side team attack the next time this turn, put a +1/+1 counter on each of them. Level Up [5] � When characters on your side team attack, She-Hulk gains an XP.	A-Force	A-Force	playerNMain
A-Force_She-Hulk_L2	She-Hulk L2	vs-system-2pcg/a-force/VsSystem2pcg-AForce-SheHulkL2.jpg	default	Main Character	None	6	A-Force	Skill, Intellect			"Main [Skill]: When characters on your side team attack the next time this turn, put a +1/+1 counter on each of them. Reaction [Intellect]: When an enemy player uses a super power, you may say �Objection!� If you do, cancel that super power.	A-Force	A-Force	playerNMain
A-Force_She-Hulk_SC	She-Hulk	vs-system-2pcg/a-force/VsSystem2pcg-AForce-SheHulk.jpg	default	Supporting Character	4	2	A-Force	Might		Leader, Baroness of Arcadia	"When She-Hulk is team attacking, you choose who the defender strikes back against. Any Combat [Might]: Each attacking A-Force character gets +2/+2 this combat.	A-Force	A-Force	playerNDeck
A-Force_Silver_Sable_SC	Silver Sable	vs-system-2pcg/a-force/VsSystem2pcg-AForce-SilverSable.jpg	default	Supporting Character	3	1	Femme Fatales	None	Ranged	Mercenary, Wealthy	Silver Sable can team attack with any main character. At the start of your Build Phase, you gain a Recruit Point.	A-Force	A-Force	playerNDeck
A-Force_Sin_SC	Sin	vs-system-2pcg/a-force/VsSystem2pcg-AForce-Sin.jpg	default	Supporting Character	2	1	Femme Fatales	Skill	Ranged	Like Father, Like Daughter	Any Turn Combat [Skill]: Stun a character that is melee attacking Sin.	A-Force	A-Force	playerNDeck
A-Force_Singularity_SC	Singularity	vs-system-2pcg/a-force/VsSystem2pcg-AForce-Singularity.jpg	default	Supporting Character	3	1	A-Force	None	Flight	Pocket Dimension	At the end of your turn, remove any number of other face-up characters on your side from the game, but keep all counters on them. At the start of your next turn or when Singularity leaves play, those characters appear on their owner�s side with those counters.	A-Force	A-Force	playerNDeck
A-Force_Sister_Grimm_L1	Sister Grimm L1	vs-system-2pcg/a-force/VsSystem2pcg-AForce-SisterGrimmL1.jpg	default	Main Character	None	5	A-Force	None	Ranged		Level Up [1] � When Sister Grimm gets wounded on an enemy player�s turn, she gains an XP.	A-Force	A-Force	playerNMain
A-Force_Sister_Grimm_L2	Sister Grimm L2	vs-system-2pcg/a-force/VsSystem2pcg-AForce-SisterGrimmL2.jpg	default	Main Character	None	5	A-Force	Energy, Intellect, Might, Skill	Ranged		"Each of these super powers can be used only once this game. When you use one, Sister Grimm becomes Level 1. Muzzle � Main [Skill]: Characters on your side can�t be attacked until after your next turn. Bounce House � Main [Energy]: Put up to two supporting characters into their owner�s hands. Open Sesame � Main [Intellect]: Draw three cards. Caffeine Injection � Main [Might]: Put four +1/+1 counters on a supporting character.	A-Force	A-Force	playerNMain
A-Force_Sister_Grimm_SC	Sister Grimm	vs-system-2pcg/a-force/VsSystem2pcg-AForce-SisterGrimm.jpg	default	Supporting Character	1	1	A-Force	Intellect	Ranged	The Staff of One	Any Turn Any Combat [Intellect]: Search your deck for an Any Turn Combat plot twist with a different name from each plot twist in your KO pile and play it if able.	A-Force	A-Force	playerNDeck
A-Force_Spectrum_SC	Spectrum	vs-system-2pcg/a-force/VsSystem2pcg-AForce-Spectrum.jpg	default	Supporting Character	5	2	A-Force	Energy	Both	Energy Form	When Spectrum appears or recovers, put a +1/+1 counter on her for each basic [Energy] location on all sides.	A-Force	A-Force	playerNDeck
A-Force_Spider-Woman_SC	Spider-Woman	vs-system-2pcg/a-force/VsSystem2pcg-AForce-SpiderWoman.jpg	default	Supporting Character	2	1	A-Force	Skill	Flight	Dodge, Venom Blast	"Spider-Woman can�t be ranged attacked. Any Turn Combat [Skill]: Choose a character in melee combat with Spider-Woman to get -0/-2 this combat.	A-Force	A-Force	playerNDeck
A-Force_Spiral_SC	Spiral	vs-system-2pcg/a-force/VsSystem2pcg-AForce-Spiral.jpg	default	Supporting Character	4	1	Femme Fatales	None		Mobile, Ferocious	Once per turn during your Main Phase but not during combat, you may move Spiral to your front or back row. During melee combat, Spiral strikes before enemy characters without Ferocious.	A-Force	A-Force	playerNDeck
A-Force_Titania_SC	Titania	vs-system-2pcg/a-force/VsSystem2pcg-AForce-Titania.jpg	default	Supporting Character	2	2	Femme Fatales	Might		Cellular Augmentation, Durable	"Any Turn Combat [Might]: Titania gets +3/+3 this combat. If Titania gets stunned other than by getting struck in combat, recover her, and she doesn�t get wounded. If Titania gets stunned other than by getting struck in combat, recover her, and she doesn�t get wounded.	A-Force	A-Force	playerNDeck
A-Force_Viper_SC	Viper	vs-system-2pcg/a-force/VsSystem2pcg-AForce-Viper.jpg	default	Supporting Character	5	1	Femme Fatales	Skill	Ranged	Poison Darts, Succumb to Poison	"Main [Skill]: Put a -1/-1 counter on up to two enemy characters. At the end of your turn, double the -1/-1 counters on each enemy character.	A-Force	A-Force	playerNDeck
A-Force_Wasp_SC	Wasp	vs-system-2pcg/a-force/VsSystem2pcg-AForce-Wasp.jpg	default	Supporting Character	1	1	A-Force	None	Flight	Sting, Shrink	"When Wasp appears, put a -1/-1 counter on an enemy character. When Wasp gets attacked the first time each turn, you may cancel the combat.	A-Force	A-Force	playerNDeck
A-Force_You_Won't_Like_Her_When_Shes_Angry_PT	You Won't Like Her When She's Angry	vs-system-2pcg/a-force/VsSystem2pcg-AForce-YouWontLikeHerWhenShesAngry.jpg	default	Plot Twist	None		A-Force	None			[Any Turn] Combat: Put two +1/+1 counters on a defender in the combat.	A-Force	A-Force	playerNDeck
Aliens_Acid_Blood_Xenomorph_SC	Acid Blood Xenomorph	vs-system-2pcg/aliens/VsSystem2pcg-Aliens-AcidBloodXenomorph.jpg	default	Supporting Character	3	2	Xenomorphs	None		Creature, Swarm, Bleed Acid	When this character attacks or defends, while wounded, put a -1/-1�counter on each enemy character in the combat.	Aliens	Aliens	playerNDeck
Aliens_Adolescent_Xenomorph_SC	Adolescent Xenomorph	vs-system-2pcg/aliens/VsSystem2pcg-Aliens-AdolescentXenomorph.jpg	default	Supporting Character	1	1	Xenomorphs	None		Creature, Swarm, Legion, Accelerated Growth	"You may have up to eight of this card in your deck. When this character appears, put a +1/+1 counter on each other Adolescent Xenomorph on your side.	Aliens	Aliens	playerNDeck
Aliens_Ash_SC	Ash	vs-system-2pcg/aliens/VsSystem2pcg-Aliens-Ash.jpg	default	Supporting Character	6	3	The Company	Intellect		Special Order, Crew Expendable, Twitchy	"When Ash appears, you may move him to another player�s back row. At the start of your Main Phase, stun another character on your side.	Aliens	Aliens	playerNDeck
Aliens_Bishop_SC	Bishop	vs-system-2pcg/aliens/VsSystem2pcg-Aliens-Bishop.jpg	default	Supporting Character	4	3	The Company	Intellect, Humanity		Artificial Person	You may pay an [Intellect] and a [Humanity] to recruit Bishop instead of his recruit cost.	Aliens	Aliens	playerNDeck
Aliens_Brother_Dillon_SC	Brother Dillon	vs-system-2pcg/aliens/VsSystem2pcg-Aliens-BrotherDillon.jpg	default	Supporting Character	5	2	The Company	Humanity		Eulogy	Main [Humanity]: Put a character from your KO pile on the bottom of your deck. �Your main character gets +ATK and +DEF this turn equal to that character�s ATK and DEF.	Aliens	Aliens	playerNDeck
Aliens_Build_The_Hive_PT	Build The Hive	vs-system-2pcg/aliens/VsSystem2pcg-Aliens-BuildTheHive.jpg	default	Plot Twist	None		Xenomorphs	None			Main: Turn an enemy location face down.	Aliens	Aliens	playerNDeck
Aliens_Call_SC	Call	vs-system-2pcg/aliens/VsSystem2pcg-Aliens-Call.jpg	default	Supporting Character	2	3	The Company	None	Ranged	Full of Surprises	While Call is in your hand, you can discard her to power up any character on your side. [You can do this any time you could normally power up that character.]	Aliens	Aliens	playerNDeck
Aliens_Captain_Dallas_SC	Captain Dallas	vs-system-2pcg/aliens/VsSystem2pcg-Aliens-CaptainDallas.jpg	default	Supporting Character	2	1	The Company	None		You Have Your Orders	At the start of your Main Phase, put a +1/+1 counter on another The Company character on your side.	Aliens	Aliens	playerNDeck
Aliens_Chestburst_PT	Chestburst	vs-system-2pcg/aliens/VsSystem2pcg-Aliens-Chestburst.jpg	default	Plot Twist	None		Xenomorphs	None			Any Time Any Combat: If this is�a melee attack, put two -1/-1 counters on a character in the combat.	Aliens	Aliens	playerNDeck
Aliens_Christie_SC	Christie	vs-system-2pcg/aliens/VsSystem2pcg-Aliens-Christie.jpg	default	Supporting Character	4	1	The Company	None	Ranged	Ricocheting Bullets	When Christie stuns a defending enemy character, stun each other enemy character on that side with the same name as that character.	Aliens	Aliens	playerNDeck
Aliens_CMO_Clemens_SC	CMO Clemens	vs-system-2pcg/aliens/VsSystem2pcg-Aliens-CMOClemens.jpg	default	Supporting Character	3	1	The Company	Skill, Humanity		Medical Attention, Do You Trust Me With A Needle?	"Main [Skill]: Heal a wound from a supporting character on your side. Main [Skill] [Humanity]: Heal a wound from a main character on your side.	Aliens	Aliens	playerNDeck
Aliens_Corporal_Hicks_SC	Corporal Hicks	vs-system-2pcg/aliens/VsSystem2pcg-Aliens-CorporalHicks.jpg	default	Supporting Character	7	2	The Company	None	Ranged	Stay Frosty	At the end of your turn, put two +1/+1 counters on each other ready character on your side.	Aliens	Aliens	playerNDeck
Aliens_Earth_L	Earth	vs-system-2pcg/aliens/VsSystem2pcg-Aliens-Earth.jpg	default	Location	None			Humanity			[Humanity]	Aliens	Aliens	playerNDeck
Aliens_Extended_Incubation	Extended Incubation	vs-system-2pcg/aliens/VsSystem2pcg-Aliens-ExtendedIncubation.jpg	default	Facehugger Pile	None		Xenomorphs	None			The Ovomorph does not open yet. �Shuffle this card�into your Facehugger pile.	Aliens	Aliens	playerNMisc
Aliens_Facehugger_Token_SC	Facehugger	vs-system-2pcg/aliens/VsSystem2pcg-Aliens-Facehugger.jpg	default	Supporting Character - Token	4	1	Xenomorphs	Alien		Creature, Hug, Passive, Hug, Burst	"When this character is revealed, KO its Ovomorph. �Then, put this character into your back row. �It captures an enemy supporting character. At the start of your Build Phase, you may pay an Alien.  If you do, KO this character and put its captive into its KO pile.  You may put a Xenomorphs character from your hand into your back row.	Aliens	Aliens	playerNMisc
Aliens_Ferocious_Xenomorph_SC	Ferocious Xenomorph	vs-system-2pcg/aliens/VsSystem2pcg-Aliens-FerociousXenomorph.jpg	default	Supporting Character	2	1	Xenomorphs	None		Creature, Swarm, Ferocious	While in melee combat, this character strikes before characters without Ferocious.	Aliens	Aliens	playerNDeck
Aliens_Johner_SC	Johner	vs-system-2pcg/aliens/VsSystem2pcg-Aliens-Johner.jpg	default	Supporting Character	6	1	The Company	None	Ranged	I Mostly Just Hurt People	Johner gets +5/+5�while in melee combat.	Aliens	Aliens	playerNDeck
Aliens_Kane_SC	Kane	vs-system-2pcg/aliens/VsSystem2pcg-Aliens-Kane.jpg	default	Supporting Character	2	1	The Company	None		Explore	When Kane appears, reveal cards from the top of your deck until you reveal a basic location. �Put it into your hand and shuffle the rest of the revealed cards into your deck.	Aliens	Aliens	playerNDeck
Aliens_Leaping_Xenomorph_SC	Leaping Xenomorph	vs-system-2pcg/aliens/VsSystem2pcg-Aliens-LeapingXenomorph.jpg	default	Supporting Character	2	2	Xenomorphs	None		Creature, Swarm, Leap	This character has flight during your turn.	Aliens	Aliens	playerNDeck
Aliens_Lets_Rock_PT	Let's Rock!	vs-system-2pcg/aliens/VsSystem2pcg-Aliens-LetsRock.jpg	default	Plot Twist	None			None			Any Time Any Combat: Choose an attacker to get +1/+0 or a defender to get +0/+2 this combat.	Aliens	Aliens	playerNDeck
Aliens_Lt_Ripley_L1	Lt. Ripley L1	vs-system-2pcg/aliens/VsSystem2pcg-Aliens-LtRipleyL1.jpg	default	Main Character	None	5	The Company	Humanity	Ranged		"Build [Humanity]: Reveal the top five cards of your deck. �Put an equipment from among them into your hand and the rest on the bottom in any order. Level Up [3] � When an equipment appears on your side, Lt. Ripley gains an XP.	Aliens	Aliens	playerNMain
Aliens_Lt_Ripley_L2	Lt. Ripley L2	vs-system-2pcg/aliens/VsSystem2pcg-Aliens-LtRipleyL2.jpg	default	Main Character	None	5	The Company	Humanity, Skill	Ranged		"Build [Humanity]: Reveal the top five cards of your deck. �Put an equipment from among them into your hand and the rest on the bottom in any order. Main [Skill]: Search your deck, hand, and KO pile for an equipment and equip it to a character on your side.  This power can be used only once this game.	Aliens	Aliens	playerNMain
Aliens_LV-426_L	LV-426	vs-system-2pcg/aliens/VsSystem2pcg-Aliens-LV426.jpg	default	Location	None		Xenomorphs	Alien, Energy, Intellect, Might			[Alien]�or [Energy] or [Might] or [Intellect] for a [Xenomorphs] character on your side.	Aliens	Aliens	playerNDeck
Aliens_M41A_Pulse_Rifle_EQ	M41A Pulse Rifle	vs-system-2pcg/aliens/VsSystem2pcg-Aliens-M41APulseRifle.jpg	default	Equipment	1		The Company	Energy		Light Armor-Piercing Rounds, M-40 Grenades	Equipped�character has range and has +3/+0 while making a ranged attack. Main [Energy]: Put three -1/-1 counters on an enemy back row character.	Aliens	Aliens	playerNDeck
Aliens_MU-TH-ER_6000_EQ	MU-TH-ER 6000	vs-system-2pcg/aliens/VsSystem2pcg-Aliens-MUTHER6000.jpg	default	Equipment	2		The Company	Intellect		Access Mother	Build [Intellect]: Draw two cards.	Aliens	Aliens	playerNDeck
Aliens_Newt_SC	Newt	vs-system-2pcg/aliens/VsSystem2pcg-Aliens-Newt.jpg	default	Supporting Character	1	1	The Company	None		We'd Better Get Back	When Newt gets attacked, put her into her owner�s hand.	Aliens	Aliens	playerNDeck
Aliens_Ovomorph_SC	Ovomorph	vs-system-2pcg/aliens/VsSystem2pcg-Aliens-Ovomorph.jpg	default	Supporting Character	1	1	Xenomorphs	None		Creature, Swarm, Passive, Hatch	"This character can�t attack or strike back. At the start of your Build Phase, if there�s an enemy supporting character, reveal a random card from your Facehugger pile.	Aliens	Aliens	playerNDeck
Aliens_Parker_SC	Parker	vs-system-2pcg/aliens/VsSystem2pcg-Aliens-Parker.jpg	default	Supporting Character	3	1	The Company	Energy		Cattle Prod	Main [Energy]: Move an enemy front row character to its back row. �Remove all +1/+1 counters from it.	Aliens	Aliens	playerNDeck
Aliens_Power_Loader_EQ	Power Loader	vs-system-2pcg/aliens/VsSystem2pcg-Aliens-PowerLoader.jpg	default	Equipment	3		The Company	None		Get Away From Her, You B****!	"Equipped character has +5/+5, loses range and can�t gain range.	Aliens	Aliens	playerNDeck
Aliens_Private_Hudson_SC	Private Hudson	vs-system-2pcg/aliens/VsSystem2pcg-Aliens-PrivateHudson.jpg	default	Supporting Character	5	1	The Company	None	Ranged	You Want Some Of This?, Game Over, Man!	"[Any Turn] Combat: Stun a character that is melee attacking a character on your side.  You may use this power any number of times each turn. When Hudson gets KO�d, wound your main character.	Aliens	Aliens	playerNDeck
Aliens_Ripley8_L1	Ripley #8 L1	vs-system-2pcg/aliens/VsSystem2pcg-Aliens-Ripley8L1.jpg	default	Main Character	None	5	The Company	Energy			"Main [Energy]: Put any number of -1/-1 counters on Ripley #8 as long as this doesn�t reduce her DEF to 0. �Then, put that many -1/-1 counters on an enemy supporting character. Level Up [1] � At the start of your Main Phase, you may have Ripley #8 gain an XP.  When Ripley #8 levels up, heal all wounds from her.	Aliens	Aliens	playerNMain
Aliens_Ripley8_L2	Ripley #8 L2	vs-system-2pcg/aliens/VsSystem2pcg-Aliens-Ripley8L2.jpg	default	Main Character	None	2	The Company	Energy, Humanity			Main [Energy]: Put any number of -1/-1 counters on Ripley #8 as long as this doesn�t reduce her DEF to 0. �Then, put that many -1/-1 counters on an enemy supporting character. Main [Humanity]: Name a character. KO all enemy supporting characters with that name. Look at each enemy hand and discard each character with that name. Search each enemy deck and put each character with that name into the KO pile. This power can be used only once this game.	Aliens	Aliens	playerNMain
Aliens_Salivating_Xenomorph_SC	Salivating Xenomorph	vs-system-2pcg/aliens/VsSystem2pcg-Aliens-SalivatingXenomorph.jpg	default	Supporting Character	3	1	Xenomorphs	Intellect		Creature, Swarm, Salivate	Main [Intellect]: If you have fewer than three cards in hand, draw cards until you have three cards in hand.	Aliens	Aliens	playerNDeck
Aliens_Screeching_Xenomorph_SC	Screeching Xenomorph	vs-system-2pcg/aliens/VsSystem2pcg-Aliens-ScreechingXenomorph.jpg	default	Supporting Character	4	1	Xenomorphs	Might		Creature, Swarm, Screech	Main [Might]: Put two +1/+1 counters on a character with Swarm on your side�and on each other character on your side with the same name.	Aliens	Aliens	playerNDeck
Aliens_Sister_Ripley_L1	Sister Ripley L1	vs-system-2pcg/aliens/VsSystem2pcg-Aliens-SisterRipleyL1.jpg	default	Main Character	None	5	The Company	Intellect			"Main [Intellect]: Put a +1/+1 counter on up to two characters in your front row. Level Up [5] � When one or more characters on your side make a melee attack, Sister Ripley gains an XP.	Aliens	Aliens	playerNMain
Aliens_Sister_Ripley_L2	Sister Ripley L2	vs-system-2pcg/aliens/VsSystem2pcg-Aliens-SisterRipleyL2.jpg	default	Main Character	None	5	The Company	Intellect, Humanity			"Main [Intellect]: Put a +1/+1 counter on up to two characters in your front row. Any Time Any Combat [Humanity] � If Sister Ripley is your main character, KO her and put a Ripley #8 Level 2 from outside the game onto your side stunned as your new main character.	Aliens	Aliens	playerNMain
Aliens_Space_L	Space	vs-system-2pcg/aliens/VsSystem2pcg-Aliens-Space.jpg	default	Location	None			Alien			[Alien]	Aliens	Aliens	playerNDeck
Aliens_Spook_PT	Spook	vs-system-2pcg/aliens/VsSystem2pcg-Aliens-Spook.jpg	default	Plot Twist	None		Xenomorphs	None			Main: Daze an unprotected enemy character.	Aliens	Aliens	playerNDeck
Aliens_The_Dragon_L1	The Dragon L1	vs-system-2pcg/aliens/VsSystem2pcg-Aliens-TheDragonL1.jpg	default	Main Character	None	5	Xenomorphs	Might		Creature	"Main [Might]: Ready the Dragon. Level Up [5] � Whenever the Dragon attacks, it gains an XP.	Aliens	Aliens	playerNMain
Aliens_The_Dragon_L2	The Dragon L2	vs-system-2pcg/aliens/VsSystem2pcg-Aliens-TheDragonL2.jpg	default	Main Character	None	5	Xenomorphs	Might, Alien		Creature	"Main [Might]: Ready the Dragon. Main [Alien]: The Dragon is Lethal this turn.  When the Dragon KO�s an enemy character this turn, heal a wound from it.	Aliens	Aliens	playerNMain
Aliens_The_Dragon_SC	The Dragon	vs-system-2pcg/aliens/VsSystem2pcg-Aliens-TheDragon.jpg	default	Supporting Character	5	3	Xenomorphs	Alien		Creature, Leap	"The Dragon has flight during your turn. Any Time Any Combat [Alien]: Heal a wound from the Dragon.  Amplify � Heal two wounds from it instead.	Aliens	Aliens	playerNDeck
Aliens_The_Newborn_L1	The Newborn L1	vs-system-2pcg/aliens/VsSystem2pcg-Aliens-TheNewbornL1.jpg	default	Main Character	None	6	Xenomorphs	Might		Creature	"Any Time Any Combat [Might]: Put three +1/+1 counters on the Newborn. �Use this power only if you have no cards in hand. Level Up [1] � At the start of your Main Phase, you may discard your hand.  If you do, the Newborn gains an XP.	Aliens	Aliens	playerNMain
Aliens_The_Newborn_L2	The Newborn L2	vs-system-2pcg/aliens/VsSystem2pcg-Aliens-TheNewbornL2.jpg	default	Main Character	None	6	Xenomorphs	Might, Alien		Creature	"Any Time Any Combat [Might]: Put three +1/+1 counters on the Newborn. �Use this power only if you have no cards in hand. Any Time Any Combat [Alien]: If the Newborn is defending, it�s Ferocious and Monstrous this combat.	Aliens	Aliens	playerNMain
Aliens_The_Newborn_SC	The Newborn	vs-system-2pcg/aliens/VsSystem2pcg-Aliens-TheNewborn.jpg	default	Supporting Character	6	2	Xenomorphs	Might		Creature, Monstrous, Tantrum	"While the Newborn is defending against a melee team attack, it strikes back against each attacker. Any Time Any Combat [Might]: Put two +1/+1 counters on the Newborn.  Amplify � Put five +1/+1 counters on it instead.	Aliens	Aliens	playerNDeck
Aliens_The_Perfect_Organism_L1	The Perfect Organism L1	vs-system-2pcg/aliens/VsSystem2pcg-Aliens-ThePerfectOrganismL1.jpg	default	Main Character	None	5	Xenomorphs	Alien		Creature	"Combat [Alien]: If the Perfect Organism is melee attacking, the defender can�t strike back this combat. Level Up [3] � When the Perfect Organism survives a combat, it gains an XP.	Aliens	Aliens	playerNMain
Aliens_The_Perfect_Organism_L2	The Perfect Organism L2	vs-system-2pcg/aliens/VsSystem2pcg-Aliens-ThePerfectOrganismL2.jpg	default	Main Character	None	5	Xenomorphs	Alien, Intellect		Creature	"Combat [Alien]: If the Perfect Organism is melee attacking, the defender can�t strike back this combat. Any Time Any Combat [Intellect]: If the Perfect Organism is defending against a melee attack, attackers can�t strike this combat.	Aliens	Aliens	playerNMain
Aliens_The_Perfect_Organism_SC	The Perfect Organism	vs-system-2pcg/aliens/VsSystem2pcg-Aliens-ThePerfectOrganism.jpg	default	Supporting Character	5	2	Xenomorphs	Intellect		Creature, Ferocious, Amplify	"While in melee combat, the Perfect Organism strikes before characters without Ferocious. Any Time Any Combat [Intellect]:  The Perfect Organism strikes with double its ATK this combat.  Amplify � it strikes with triple its ATK instead.	Aliens	Aliens	playerNDeck
Aliens_The_Queen_L1	The Queen L1	vs-system-2pcg/aliens/VsSystem2pcg-Aliens-TheQueenL1.jpg	default	Main Character	None	6	Xenomorphs	Alien		Creature	"Build [Alien]: Reveal the top five cards of your deck. �Chose a character with Swarm from among them and any number of other characters with the same name as that card and put them into your hand. �Put the rest on the bottom of your deck. Level Up [3] � When a character with Swarm appears on your side, if you already have a character with that name on your side, the Queen gains an XP.	Aliens	Aliens	playerNMain
Aliens_The_Queen_L2	The Queen L2	vs-system-2pcg/aliens/VsSystem2pcg-Aliens-TheQueenL2.jpg	default	Main Character	None	6	Xenomorphs	Alien, Energy		Creature	"Build [Alien]: Reveal the top five cards of your deck. �Chose a character with Swarm from among them and any number of other characters with the same name as that card and put them into your hand. �Put the rest on the bottom of your deck. Main [Energy]: Search your deck, hand, and KO pile for an Ovomorph and put it into your back row.  Then, one at a time, you may have each Ovomorph on your side try to hatch.	Aliens	Aliens	playerNMain
Aliens_The_Queen_SC	The Queen	vs-system-2pcg/aliens/VsSystem2pcg-Aliens-TheQueen.jpg	default	Supporting Character	7	2	Xenomorphs	Energy		Creature, Leader, Amplify	While the Queen is team attacking, you choose who the defender strikes back against. Any Time Any Combat [Energy]: Search your deck, hand, and KO pile for up to two Ovomorphs, reveal them, and put them into your hand.  Amplify � You may put them into your back row instead.	Aliens	Aliens	playerNDeck
Aliens_Vriess_SC	Vriess	vs-system-2pcg/aliens/VsSystem2pcg-Aliens-Vriess.jpg	default	Supporting Character	1	2	The Company	None	Ranged	Immobile	"Vriess can�t move during your Formation Step. When Vriess gets stunned on an enemy player�s turn, put a -1/-1 counter on an enemy character.	Aliens	Aliens	playerNDeck
Aliens_Warrant_Officer_Ripley_L1	Warrant Officer Ripley L1	vs-system-2pcg/aliens/VsSystem2pcg-Aliens-WarrantOfficerRipleyL1.jpg	default	Main Character	None	5	The Company	Humanity			"Main [Humanity]: Daze a character on your side, but it keeps its equipment. Level Up [7] � At the start of your Build Phase, Warrant Officer Ripley gains an XP for each wound she has.	Aliens	Aliens	playerNMain
Aliens_Warrant_Officer_Ripley_L2	Warrant Officer Ripley L2	vs-system-2pcg/aliens/VsSystem2pcg-Aliens-WarrantOfficerRipleyL2.jpg	default	Main Character	None	5	The Company	Humanity, Energy			"Main [Humanity]: Daze a character on your side, but it keeps its equipment. Main [Energy]: At the end of the turn, stun all supporting characters.  This power can be used only once this game.	Aliens	Aliens	playerNMain
Aliens_Weyland-Yutani_Complex_L	Weyland-Yutani Complex	vs-system-2pcg/aliens/VsSystem2pcg-Aliens-WeylandYutaniComplex.jpg	default	Location	None		The Company	Energy, Humanity, Intellect, Skill			[Humanity]�or [Energy] or [Intellect] or [Skill] for [The Company] character on your side.	Aliens	Aliens	playerNDeck
Aliens_Xenomorph_Ambusher_SC	Xenomorph Ambusher	vs-system-2pcg/aliens/VsSystem2pcg-Aliens-XenomorphAmbusher.jpg	default	Supporting Character	2	1	Xenomorphs	None		Creature, Swarm, Camouflage	This character can�t be attacked while it is in your back row.	Aliens	Aliens	playerNDeck
Aliens_Xenomorph_Spitter_SC	Xenomorph Spitter	vs-system-2pcg/aliens/VsSystem2pcg-Aliens-XenomorphSpitter.jpg	default	Supporting Character	4	1	Xenomorphs	Energy	Ranged	Creature, Swarm, Spit Acid	Main [Energy]: Put two +1/+1 counters on an enemy character. �Repeat this process for each other character named Xenomorph Spitter on your side.	Aliens	Aliens	playerNDeck
Legacy_AgentPeggyCarter_SC	Agent Peggy Carter	vs-system-2pcg/legacy/VsSystem2pcg-Legacy-AgentPeggyCarter.jpg	default	Supporting Character	2	1	Avengers	None	Ranged	Honorary Avenger	You pay 1 less to recruit [Avengers] characters.	Legacy	Legacy	playerNDeck
Legacy_Avenge_PT	Avenge	vs-system-2pcg/legacy/VsSystem2pcg-Legacy-Avenge.jpg	default	Plot Twist	None		Avengers	None		Avengers Loyalty	Put this in your deck only if each card in your deck with a team affiliation has [Avengers]	Legacy	Legacy	playerNDeck
Legacy_BaronMordo_L1	Baron Mordo L1	vs-system-2pcg/legacy/VsSystem2pcg-Legacy-BaronMordoL1.jpg	default	Main Character	None	5	Underworld	Energy	Ranged	Hex	Mesmerize, Main [Energy]: Choose a player to discard a random card. You may use this power any number of times on your turn. The Black Arts, Level Up[4] - Whenever an enemy player discards one or more cards. Mordo gains an XP.	Legacy	Legacy	playerNMain
Legacy_BaronMordo_L2	Baron Mordo L2	vs-system-2pcg/legacy/VsSystem2pcg-Legacy-BaronMordoL2.jpg	default	Main Character	None	5	Underworld	Energy, Intellect	Ranged	Hex	Mesmerize, Main [Energy]: Choose a player to discard a random card. You may use this power any number of times on your turn. Hypnotize, Main [Intellect]: Choose an enemy main character. It becomes Level 1 until the start of your next turn.	Legacy	Legacy	playerNMain
Legacy_Bishop_SC2	Bishop2	vs-system-2pcg/legacy/VsSystem2pcg-Legacy-Bishop2.jpg	default	Supporting Character	2	2	X-Men	Energy	Ranged	Energy Transference	When you use an [Energy] super power, put two +1/+1 counters on Bishop.	Legacy	Legacy	playerNDeck
Legacy_Calypso_SC	Calypso	vs-system-2pcg/legacy/VsSystem2pcg-Legacy-Calypso.jpg	default	Supporting Character	1	1	Femme Fatales	None		Voodoo Potion	When Calypso appears, you may remove all +1/+1 counters from a character.	Legacy	Legacy	playerNDeck
Legacy_Captain_Britain_SC	Captain Britain	vs-system-2pcg/legacy/VsSystem2pcg-Legacy-CaptainBritain.jpg	default	Supporting Character	4	2	Avengers	None	Both	Rule Britannia!	When Captain Britain gets powered-up, put two extra +1/+1 counters on him.	Legacy	Legacy	playerNDeck
Legacy_Charlie-27_SC	Charlie-27	vs-system-2pcg/legacy/VsSystem2pcg-Legacy-Charlie27.jpg	default	Supporting Character	1	3	Guardians of the Galaxy	Might		Jovian Strength	Combat [Might]: Charlie-27 gains ATK and DEF until he is 27/27 this combat.	Legacy	Legacy	playerNDeck
Legacy_Crossbones_SC	Crossbones	vs-system-2pcg/legacy/VsSystem2pcg-Legacy-Crossbones.jpg	default	Supporting Character	1	2	Villains	None	Ranged	Henchman	When a Villians supporting character appears on your side, put a +1/+1 counter on Crossbones. Combat Master, While Crossbones is in combat, enemy players can't play plot twists.	Legacy	Legacy	playerNDeck
Legacy_Crystal_SC	Crystal	vs-system-2pcg/legacy/VsSystem2pcg-Legacy-Crystal.jpg	default	Supporting Character	6	1	A-Force	Energy, Intellect, Might, Skill		Elemental Master	Crystal has the following for each basic location type on your side: [Energy]: Flight, [Skill]: Ranged, [Might]: +5 ATK, [Intellect]: +5 DEF	Legacy	Legacy	playerNDeck
Legacy_Cyclops_L1	Cyclops L1	vs-system-2pcg/legacy/VsSystem2pcg-Legacy-CyclopsL1.jpg	default	Main Character	None	5	X-Men	Skill	Ranged	Battle Tactics	Main [Skill]: Move a character on your side to your front or back row. Homo Superior, Level up (5) - When an [X-Men] supporting character appears on your side. Cyclops gains an XP.	Legacy	Legacy	playerNMain
Legacy_Cyclops_L2	Cyclops L2	vs-system-2pcg/legacy/VsSystem2pcg-Legacy-CyclopsL2.jpg	default	Main Character	None	5	X-Men	Skill, Energy	Ranged	Battle Tactics	Main [Skill]: Move a character on your side to your front or back row. Optic Blast, Main [Energy][Energy]: Stun an unprotected supporting character other than Cyclops or Havok.	Legacy	Legacy	playerNMain
Legacy_Daredevil_L2#2	DareDevil L2#2	vs-system-2pcg/legacy/VsSystem2pcg-Legacy-DareDevilL22.jpg	default	Main Character	None	5	Defenders	Skill		The Man Without Fear	[Any Turn] Combat [Skill]: Daredevil strikes with double his ATK this combat. Defender of Hell's Kitchen, Level Up [1] - When Daredevil gets attacked, if he's protecting a character, he gains an XP.	Legacy	Legacy	playerNMain
Legacy_Daredevil_L3	DareDevil L3	vs-system-2pcg/legacy/VsSystem2pcg-Legacy-DareDevilL3.jpg	default	Main Character	None	6	Defenders	Skill, Intellect		The Man Without Fear	[Any Turn] Combat [Skill]: Daredevil strikes with double his ATK this combat. Savior of Hell's Kitchen, [Any Turn] Combat [Intellect]: No more attacks can be made this turn.	Legacy	Legacy	playerNMain
Legacy_Drax_L1	Drax L1	vs-system-2pcg/legacy/VsSystem2pcg-Legacy-DraxL1.jpg	default	Main Character	None	6	Guardians of the Galaxy	Intellect		Lethal	Call Enemy, Main [Intellect]: Move an enemy supporting character to its front row. The Destroyer, Level up [4] - When Drax Kos an enemy character, he gains XP equal to its health.	Legacy	Legacy	playerNMain
Legacy_Drax_L2	Drax L2	vs-system-2pcg/legacy/VsSystem2pcg-Legacy-DraxL2.jpg	default	Main Character	None	6	Guardians of the Galaxy	Intellect, Might		Lethal	Call Enemy, Main [Intellect]: Move an enemy supporting character to its front row. Brutal Strength, Main [Might]: Put +1/+1 counters on Drax equal to the total health of enemy characters that were KO'd this turn.	Legacy	Legacy	playerNMain
Legacy_Elektra_L1	Elektra L1	vs-system-2pcg/legacy/VsSystem2pcg-Legacy-ElektraL1.jpg	default	Main Character	None	5	Femme Fatales	Skill		Dodge	Ninja Training, Main [Skill]: Elektra gain Stealth this turn.(She can melee attack back row characters even while they're protected.) Assassination, Level Up (2) - When Elektra stuns a enemy back row defender, she gains an XP.	Legacy	Legacy	playerNMain
Legacy_Elektra_L2	Elektra L2	vs-system-2pcg/legacy/VsSystem2pcg-Legacy-ElektraL2.jpg	default	Main Character	None	5	Femme Fatales	Skill, Intellect		Dodge	Ninja Training, Main [Skill]: Elektra gain Stealth this turn. Hand Experience, Main [Intellect]: Put Elektra into her owner's hand and set aside any counters on her. At the start of their next turn, put her onto their side with those counters.	Legacy	Legacy	playerNMain
Legacy_Elektra_SC	Elektra	vs-system-2pcg/legacy/VsSystem2pcg-Legacy-Elektra.jpg	default	Supporting Character	3	2	Femme Fatales	None		Dodge	Stealth, Elektra can melee attack back row characters even while they're protected. Paid Assassin, When Elektra Kos an enemy back row defender, draw a card.	Legacy	Legacy	playerNDeck
Legacy_Falcon_SC	Falcon	vs-system-2pcg/legacy/VsSystem2pcg-Legacy-Falcon.jpg	default	Supporting Character	1	1	Avengers	None	Flight	Mobile	One per turn during your Main Phase but not during combat, you may move Falcon to your front or back row. Sidekick, When Falcon team attacks, put a +1/+1 counter on each other attacker.	Legacy	Legacy	playerNDeck
Legacy_Fatal_Attraction_PT	Fatal Attraction	vs-system-2pcg/legacy/VsSystem2pcg-Legacy-FatalAttraction.jpg	default	Plot Twist	None		Femme Fatales	None		[Femme Fatales] Loyalty	Put this in your deck only if each card in your deck with a team affiliation has [Femme Fatales]. Main: Put three +1/+1 counters on a character.	Legacy	Legacy	playerNDeck
Legacy_GiftedandTalented_PT	Gifted and Talented	vs-system-2pcg/legacy/VsSystem2pcg-Legacy-GiftedAndTalented.jpg	default	Plot Twist	None		X-Men	None		[X-Men] Loyalty	Put this in your deck only if each card in your deck with a team affiliation has [X-Men].  Build: Draw two cards.	Legacy	Legacy	playerNDeck
Legacy_GreenGoblin_L2#2	Green Goblin L2#2	vs-system-2pcg/legacy/VsSystem2pcg-Legacy-GreenGoblinL22.jpg	default	Main Character	None		Villains	Intellect	Flight		Sadistic Choice. Main [Intellect]: Choose an enemy supporting character and stun it unless that player discards a random card.  Mayhem and Devastation. Level Up (3) - When an enemy character becomes stunned. Green Goblin gains an XP.	Legacy	Legacy	playerNMain
Legacy_GreenGoblin_L3	Green Goblin L3	vs-system-2pcg/legacy/VsSystem2pcg-Legacy-GreenGoblinL3.jpg	default	Main Character	None		Villains	Intellect, Skill	Flight		Sadistic Choice; Main [Intellect]: Choose an enemy supporting character and stun it unless that player discards a random card. Goblin's Game; Main [Skill]: Choose a player with no cards in hand or no supporting characters on their side. KO their main character.	Legacy	Legacy	playerNMain
Legacy_Groot_L2#2	Groot L2#2	vs-system-2pcg/legacy/VsSystem2pcg-Legacy-GrootL22.jpg	default	Main Character	None	6	Guardians of the Galaxy	Might		I Am Groot	[Any Turn] Combat [Might]: Groot gets +1/+1 this combat for each resource on your side. I Am Groot. Level Up (3) - When you gain a resource, Groot gains an XP.	Legacy	Legacy	playerNMain
Legacy_Groot_L3	Groot L3	vs-system-2pcg/legacy/VsSystem2pcg-Legacy-GrootL3.jpg	default	Main Character	None	7	Guardians of the Galaxy	Might, Energy		I Am Groot	[Any Turn] Combat [Might]: Groot gets +1/+1 this combat for each resource on your side. I Am Groot. Main [Energy]: Put +1/+1 counters on Groot equal to the number of resources on your side.	Legacy	Legacy	playerNMain
Legacy_Havok_SC	Havok	vs-system-2pcg/legacy/VsSystem2pcg-Legacy-Havok.jpg	default	Supporting Character	5	1	X-Men	Energy	Ranged		Plasma Blast. Main [Energy][Energy][Energy]: Stun all supporting characters other than Cyclops and Havok.	Legacy	Legacy	playerNDeck
Legacy_Hawkeye_SC2	Hawkeye2	vs-system-2pcg/legacy/VsSystem2pcg-Legacy-Hawkeye2.jpg	default	Supporting Character	1	1	A-Force	None	Ranged		Quick Draw. While Hawkeye is ranged attacking, enemy characters can't strike back at her.	Legacy	Legacy	playerNDeck
Legacy_Hela_SC	Hela	vs-system-2pcg/legacy/VsSystem2pcg-Legacy-Hela.jpg	default	Supporting Character	5	2	Femme Fatales	Might	Ranged		Touch of Death. Main [Might]: If all enemy characters are stunned, put five +1/+1 counters on Hela.	Legacy	Legacy	playerNDeck
Legacy_JessicaJones_L1	Jessica Jones L1	vs-system-2pcg/legacy/VsSystem2pcg-Legacy-JessicaJonesL1.jpg	default	Main Character	None	6	Defenders	Might	Flight	Tough	Limited Invulnerability. [Any Turn] Combat [Might]: Jessica can't be wounded this turn. Use this power only once while Jessica is Level 1. Stake Out. Level Up (5) - When an enemy character appears, Jessica gains a XP.	Legacy	Legacy	playerNMain
Legacy_JessicaJones_L2	Jessica Jones L2	vs-system-2pcg/legacy/VsSystem2pcg-Legacy-JessicaJonesL2.jpg	default	Main Character	None		Defenders	Might, Intellect	Flight	Tough	Limited Invulnerability. [Any Turn] Combat [Might]: Jessica can't be wounded this turn. Use this power only once while Jessica is Level 2. Collar the Suspect. Main [Intellect]: Look at an enemy player's hand and discard a character from it.	Legacy	Legacy	playerNMain
Legacy_JessicaJones_SC	Jessica Jones	vs-system-2pcg/legacy/VsSystem2pcg-Legacy-JessicaJones.jpg	default	Supporting Character	3	3	Defenders	None	Flight	Tough	Tough. When Jessica gets stunned, you may recover her. She still gains a wound.	Legacy	Legacy	playerNDeck
Legacy_Kingpin_L2#2	Kingpin L2#2	vs-system-2pcg/legacy/VsSystem2pcg-Legacy-KingpinL22.jpg	default	Main Character	None	5	Underworld	Might			Expand the Empire. Build [Might]: Reveal the top five cards of your deck. Put a location from among them into your handand the rest on the bottom in any order. Take Over the Country. Level Up (2) - When a location appears on your side. Kingpin gains an XP.	Legacy	Legacy	playerNMain
Legacy_Kingpin_L3	Kingpin L3	vs-system-2pcg/legacy/VsSystem2pcg-Legacy-KingpinL3.jpg	default	Main Character	None	6	Underworld	Energy, Intellect, Might, Skill			Expand the Empire. Build [Might]: Reveal the top five cards of your deck. Put a location from among them into your handand the rest on the bottom in any order. Take Over the World. Main [Energy][Intellect][Skill]: Search your deck and KO pile for any number of locations and put them into your resource row.	Legacy	Legacy	playerNMain
Legacy_Leader_SC	Leader	vs-system-2pcg/legacy/VsSystem2pcg-Legacy-Leader.jpg	default	Supporting Character	2	1	Underworld	Intellect	Ranged		Leadership. Leader has Leader and all other characters lose and can't gain Leader. Massive Brain. Main [Intellect]: Choose an enemy player. Draw cards until you have as many cards in hand as that player.	Legacy	Legacy	playerNDeck
Legacy_Lilith_SC	Lilith	vs-system-2pcg/legacy/VsSystem2pcg-Legacy-Lilith.jpg	default	Supporting Character	4	1	Femme Fatales	None	Flight		Vampirism. When Lilith Kos an enemy character and survives, remove that character from the game. Lilith has +1 Health for each character removed this way.	Legacy	Legacy	playerNDeck
Legacy_Martinex_SC	Martinex	vs-system-2pcg/legacy/VsSystem2pcg-Legacy-Martinex.jpg	default	Supporting Character	3	1	Guardians of the Galaxy	Energy	Ranged		Heat Up. Main [Energy]: Stun an enemy supporting character that costs 2 or less. Cool Down. Main [Energy]: Exhaust an enemy character that costs 4 or more. It can't ready until after your next turn.	Legacy	Legacy	playerNDeck
Legacy_MisterHyde_SC	Mister Hyde	vs-system-2pcg/legacy/VsSystem2pcg-Legacy-MisterHyde.jpg	default	Supporting Character	4	2	Underworld	None			Dr. Calvin Zabo. Mister Hyde appears with five -1/-1 counters.	Legacy	Legacy	playerNDeck
Legacy_MisterSinister_SC	Mister Sinister	vs-system-2pcg/legacy/VsSystem2pcg-Legacy-MisterSinister.jpg	default	Supporting Character	5	2	Villains	Energy		Genius	Genius. At the start of your turn, draw a card. Genetic Manipulation. Main [Energy]: Choose another supporting character to gain one: Flight, Ranged, Beserker, Dodge, Ferocious, or Lethal.	Legacy	Legacy	playerNDeck
Legacy_MistyKnight_SC	Misty Knight	vs-system-2pcg/legacy/VsSystem2pcg-Legacy-MistyKnight.jpg	default	Supporting Character	1	1	Defenders	Might	Ranged		Detective Work. When Misty appears, look at an enemy player's hand. Bionic Arm. Combat [Might]: If Misty Knight is in melee combat, she gets +2/+2 this combat.	Legacy	Legacy	playerNDeck
Legacy_MockingBird_SC	Mockingbird	vs-system-2pcg/legacy/VsSystem2pcg-Legacy-Mockingbird.jpg	default	Supporting Character	3	1	Avengers	Skill			Martial Mastery. Main [Skill]: Choose an enemy side and put +1/+1 counters on Mockingbird equal to the number of supporting character on that side.	Legacy	Legacy	playerNDeck
Legacy_MonkeyJoe_SC	Monkey Joe	vs-system-2pcg/legacy/VsSystem2pcg-Legacy-MonkeyJoe.jpg	default	Supporting Character - Token	0	1	A-Force	None			Cover Squirrel. Squirrel Girl has +0/+2 while she's on your side. Squirrel Interrupted. When Squirrel Girl is on your side and leaves play, KO Monkey Joe.	Legacy	Legacy	playerNMisc
Legacy_Mystique_L2#2	Mystique L2#2	vs-system-2pcg/legacy/VsSystem2pcg-Legacy-MystiqueL22.jpg	default	Main Character	None	5	Femme Fatales	Skill			Masquerade. [Any Turn] Combat [Skill]: Choose another face-up character. Mystique gains ATK this combat until her ATK is the same as that character's. Still Bitter. Leve Up (9) - Whenever Mystique gains ATK, she gains that much XP.	Legacy	Legacy	playerNMain
Legacy_Mystique_L3	Mystique L3	vs-system-2pcg/legacy/VsSystem2pcg-Legacy-MystiqueL3.jpg	default	Main Character	None	6	Femme Fatales	Skill, Intellect			Masquerade. [Any Turn] Combat [Skill]: Choose another face-up character. Identity Theft. Main [Intellect]: Choose a Level 2 [Marvel] main character from outside the game, Mystique transforms into that character.	Legacy	Legacy	playerNMain
Legacy_Nightare_SC	Nightmare	vs-system-2pcg/legacy/VsSystem2pcg-Legacy-Nightmare.jpg	default	Supporting Character	7	1	Underworld	None	Flight		Waking Nightmare. Enemy Characters can have and gain -1/-1 counters while stunned.	Legacy	Legacy	playerNDeck
Legacy_NotFinishedYet_PT	Not Finished Yet	vs-system-2pcg/legacy/VsSystem2pcg-Legacy-NotFinishedYet.jpg	default	Plot Twist	None		Underworld	None		[Underworld] Loyalty	Put this in your deck only if each card in your deck with a team affiliation has [Underworld]. Main: Recover an enemy character.	Legacy	Legacy	playerNDeck
Legacy_Onslaught_SC	Onslaught	vs-system-2pcg/legacy/VsSystem2pcg-Legacy-Onslaught.jpg	default	Supporting Character	8	*	Villains	None			Joint Consciousness. When you recruit Onslaught, each player reveals cards from the top of their deck until they reveal a character other than Onslaught. Remove those characters from the game and shuffle the remaining cards into those decks. Onslaught has the powers of the removed cards, and base states equal to their total ATK, total Def, and total Health.	Legacy	Legacy	playerNDeck
Legacy_Psylocke_SC	Psylocke	vs-system-2pcg/legacy/VsSystem2pcg-Legacy-Psylocke.jpg	default	Supporting Character	3	1	X-Men	None			Psychic Knife. When Psylocke stuns an enemy defender, that player discards a card.	Legacy	Legacy	playerNDeck
Legacy_ReadyForAnything_PT	Ready for Anything	vs-system-2pcg/legacy/VsSystem2pcg-Legacy-ReadyForAnything.jpg	default	Plot Twist	None		A-Force	None		[A-Force] Loyalty	Put this in your deck only if each card in your deck with a team affiliation has [A-Force]. Ready each character on your side.	Legacy	Legacy	playerNDeck
Legacy_RealityShift_PT	Reality Shift	vs-system-2pcg/legacy/VsSystem2pcg-Legacy-RealityShift.jpg	default	Plot Twist	None		Defenders	None		[Defenders] Loyalty	Put this in your deck only if each card in your deck with a team affiliation has [Defenders].  Main: Heal a wound from a character on your side.	Legacy	Legacy	playerNDeck
Legacy_Shadowcat_SC	Shadowcat	vs-system-2pcg/legacy/VsSystem2pcg-Legacy-Shadowcat.jpg	default	Supporting Character	1	1	X-Men	Energy			Intangible Escape. [Any Turn] Combat [Energy]: If an attacker or defender is on your side, put Shadowcat next to it and cancel the combat. Use this power only while Shadowcat is in your hand.	Legacy	Legacy	playerNDeck
Legacy_She-Hulk_L2#2	She-Hulk L2#2	vs-system-2pcg/legacy/VsSystem2pcg-Legacy-SheHulkL22.jpg	default	Main Character	None	6	A-Force	Skill			A-Force Assemble! Main [Skill]: When a characters on your side team attack the next time this turn, put a +1/+1 counter on each of them. Keep Fighting. Level Up (3) - When characters on your side team attack. She-Hulk gains an XP.	Legacy	Legacy	playerNMain
Legacy_She-Hulk_L3	She-Hulk L3	vs-system-2pcg/legacy/VsSystem2pcg-Legacy-SheHulkL3.jpg	default	Main Character	None	7	A-Force	Skill, Intellect			A-Force Assemble! Main [Skill]: When a characters on your side team attack the next time this turn, put a +1/+1 counter on each of them. Welcome to the Team. Build [Intellect]: Search your deck for two characters with the same team affiliation, reveal them, and put them into your hand.	Legacy	Legacy	playerNMain
Legacy_Singularity_L1	Singularity_L1	vs-system-2pcg/legacy/VsSystem2pcg-Legacy-SingularityL1.jpg	default	Main Character	None	5	A-Force	Energy	Flight	Inspire	Envelop Reaction [Energy]: When a supporting character on your side gets KO'd, put it into your hand. Find Her Friends. Level Up (1) - At the start of your turn, if there are five or more chracters with the same team affiliation on your side, Singularity gains an XP.	Legacy	Legacy	playerNMain
Legacy_Singularity_L2	Singularity_L2	vs-system-2pcg/legacy/VsSystem2pcg-Legacy-SingularityL2.jpg	default	Main Character	None	5	A-Force	Energy, Intellect	Flight	Inspire	Envelop Reaction [Energy]: When a supporting character on your side gets KO'd, put it into your hand. Find Her Friends. Gravity Vortex. Main [Intellect]: Put an enemy supporting character into its owner's hand.	Legacy	Legacy	playerNMain
Legacy_Spider-Gwen_SC	Spider-Gwen	vs-system-2pcg/legacy/VsSystem2pcg-Legacy-SpiderGwen.jpg	default	Supporting Character	4	1	A-Force	None		Dodge	Spider-Gwen can't be ranged attacked. Dimensional Wristwatch. You may recruit Spider-Gwen from your deck. (Search your deck for her, shuffle your deck, then recruit her.)	Legacy	Legacy	playerNDeck
Legacy_Spider-Man_L2#2	Spider-Man L2#2	vs-system-2pcg/legacy/VsSystem2pcg-Legacy-SpiderManL22.jpg	default	Main Character	None	5	Avengers	Might			Great Power. [Any Turn] Combat [Might]: Spider-Man gets +1/+1 this combat for each face-up supporting character on your side. Greater Responsibility. Level Up (5) - At the end of your turn. Spidey gains 1 XP for each face-up supporting character on your side.	Legacy	Legacy	playerNMain
Legacy_Spider-Man_L3	Spider-Man L3	vs-system-2pcg/legacy/VsSystem2pcg-Legacy-SpiderManL3.jpg	default	Main Character	None	6	Avengers	Might, Intellect	Both		Great Power. [Any Turn] Combat [Might]: Spider-Man gets +1/+1 this combat for each face-up supporting character on your side. His Amazing Friends. Build [Intellect]: Draw a card for each face-up supporting character on your side.	Legacy	Legacy	playerNMain
Legacy_SquirrelGirl_SC	Squirrel Girl	vs-system-2pcg/legacy/VsSystem2pcg-Legacy-SquirrelGirl.jpg	default	Supporting Character	2	2	A-Force	None			Let's Get Nuts! When Squirrel Girl appears, you may put a Monkey Joe token onto your side. When Squirrel Girl recovers, you may put a Tippy Toe token onto your side.	Legacy	Legacy	playerNDeck
Legacy_Starhawk_SC	Starhawk	vs-system-2pcg/legacy/VsSystem2pcg-Legacy-Starhawk.jpg	default	Supporting Character	4	2	Guardians of the Galaxy	None			One Who Knows. You may look at the top card of your deck at any time. You may recruit characters and play equipment and plot twists from the top of your deck.	Legacy	Legacy	playerNDeck
Legacy_SteelandFlame_PT	Steel and Flame	vs-system-2pcg/legacy/VsSystem2pcg-Legacy-SteelAndFlame.jpg	default	Plot Twist	None		Villains	None		[Villains] Loyalty	Put this in your deck only if each card in your deck with a team affiliation has [Villains]. Main: Put two -1/-1 counters on each enemy supporting character.	Legacy	Legacy	playerNDeck
Legacy_Stick_SC	Stick	vs-system-2pcg/legacy/VsSystem2pcg-Legacy-Stick.jpg	default	Supporting Character	4	1	Defenders	None		Dodge	Stick can't be ranged attacked. Mentor. When Stick appears, put two +1/+1 counters on your main character. If it's Daredevil's put another two +1/+1 counters on him.	Legacy	Legacy	playerNDeck
Legacy_TaskMaster_SC	Taskmaster	vs-system-2pcg/legacy/VsSystem2pcg-Legacy-Taskmaster.jpg	default	Supporting Character	3	1	Underworld	None			Photographic Reflexes. Taskmaster has all the printed Keyword powers of face-up enemy supporting characters.	Legacy	Legacy	playerNDeck
Legacy_TheCollector_SC	The Collector	vs-system-2pcg/legacy/VsSystem2pcg-Legacy-TheCollector.jpg	default	Supporting Character	5	1	Guardians of the Galaxy	Intellect		Elder of the Universe	Elder of the Universe. If the Collector gets stunned during combat, he doesn't get wounded. Add to the Collection. Main [Intellect]: Collect a supporting character(remove it from the game. You may only collect a character with a different team affiliation from every other character you've collected this game.)	Legacy	Legacy	playerNDeck
Legacy_TheGrandmaster_SC	The Grandmaster	vs-system-2pcg/legacy/VsSystem2pcg-Legacy-TheGrandmaster.jpg	default	Supporting Character	3	1	Villains	None		Elder of the Universe	Elder of the Universe. If the Grandmaster gets stunned during combat, he doesn't get wounded. Enforce the Rules of the Game. When a supporting character appears other than by getting recruited from a hand, KO it.	Legacy	Legacy	playerNDeck
Legacy_Thor_L1	Thor L1	vs-system-2pcg/legacy/VsSystem2pcg-Legacy-ThorL1.jpg	default	Main Character	None	6	Avengers	Energy	Flight	Berserker	Lightning Strike. Main [Energy]: Put three -1/-1 counters on an enemy characters. Worthiness. Level Up (7) - When a Good character on your side attacks, Thor gains an XP.	Legacy	Legacy	playerNMain
Legacy_Thor_L2	Thor L2	vs-system-2pcg/legacy/VsSystem2pcg-Legacy-ThorL2.jpg	default	Main Character	None	6	Avengers	Energy, Might	Flight	Berserker	Lightning Strike. Main [Energy]: Put three -1/-1 counters on an enemy characters. Worthiness. God of Thunder. Main [Might]: Double the +1/+1 counters on Thor. You may doubled the -1/-1 counters on another character.	Legacy	Legacy	playerNMain
Legacy_TippyToe_SC	Tippy Toe	vs-system-2pcg/legacy/VsSystem2pcg-Legacy-TippyToe.jpg	default	Supporting Character	0	1	A-Force	None			Squirrel Power. Squirrel Girl has +2/+0 while she's on your side. Squirrel Interrupted. When Squirrel Girl is on your side and leaves play, KO Tippy Toe.	Legacy	Legacy	playerNDeck
Legacy_Ultron_L1	Ultron L1	vs-system-2pcg/legacy/VsSystem2pcg-Legacy-UltronL1.jpg	default	Main Character	None	7	Villains	Intellect	Both	Swarm	Iterate. Build [Intellect]: Put a supporting character named Ultron from your hand or KO pile onto yourside. All of You Against All of Me. Level Up (6) - At the end of your turn, Ultron gains an XP for each character on your side named Ultron(including himself).	Legacy	Legacy	playerNMain
Legacy_Ultron_L2	Ultron L2	vs-system-2pcg/legacy/VsSystem2pcg-Legacy-UltronL2.jpg	default	Main Character	None	7	Villains	Intellect	Both	Swarm	Iterate. Build [Intellect]: Put a supporting character named Ultron from your hand or KO pile onto yourside. Reiterate. Build [Energy]: Put up to two total supporting characters named Ultron from your hand and/or KO pile onto your side.	Legacy	Legacy	playerNMain
Legacy_WhiteTiger_SC	White Tiger	vs-system-2pcg/legacy/VsSystem2pcg-Legacy-WhiteTiger.jpg	default	Supporting Character	2	2	Defenders	None			Mystical Tiger Amulets. While White Tiger has any +1/+1 counters she has the following: At least one - Leap, At least two - Ferocious, At least three - Lethal.	Legacy	Legacy	playerNDeck
Legacy_Wolverine_L2#2	Wolverine L2#2	vs-system-2pcg/legacy/VsSystem2pcg-Legacy-WolverineL22.jpg	default	Main Character	None	5	X-Men	Skill			SNIKT! [Any Turn] Combat [Skill]: Wolverine gets +3/+0 this combat. What He Does Isn't Very Nice. Level Up (2) - When Wolverine stuns an enemy defender while attacking solo, he gains an XP.	Legacy	Legacy	playerNMain
Legacy_Wolverine_L3	Wolverine L3	vs-system-2pcg/legacy/VsSystem2pcg-Legacy-WolverineL3.jpg	default	Main Character	None	6	X-Men	Skill, Might			SNIKT! [Any Turn] Combat [Skill]: Wolverine gets +3/+0 this combat. Kill-Frenzy. Main [Might]: When Wolverine stuns an enemy defender while attacking solo this turn, ready him.	Legacy	Legacy	playerNMain
Legacy_YouAreGroot_PT	You Are Groot	vs-system-2pcg/legacy/VsSystem2pcg-Legacy-YouAreGroot.jpg	default	Plot Twist	None		Guardians of the Galaxy			[Guardians of the Galaxy] Loyalty	Put this in your deck only if each card in your deck with a team affiliation has [Guardians of the Galaxy]. [Any Turn] Combat: Choose a character in the combat to get +1/+1 this combat for each resource on your side.	Legacy	Legacy	playerNDeck
