databaseId	name	imageUrl	cardBack	type	gold	set	number	rarity	text	lore	strength	strengthModifier	loadGroupId
02Kingdom_K001	Wyvern	wyvern/02kingdom/Wyvern-02Kingdom-Wyvern.jpg	default	Dragon	0	02Kingdom	1	Common-3	STRENGTH: 4 FLYING		4		playerNDragonLair
02Kingdom_K002	Amphiptere	wyvern/02kingdom/Wyvern-02Kingdom-Amphiptere.jpg	default	Dragon	0	02Kingdom	2	Common-1	STRENGTH: 0 FLYING SCOUT		0		playerNDragonLair
02Kingdom_K003	Lindwurm	wyvern/02kingdom/Wyvern-02Kingdom-Lindwurm.jpg	default	Dragon	1	02Kingdom	3	Uncommon-2	STRENGTH: 0 Loses one battle without dying.	The Lindwurm has seven skins making it hard to kill.	0		playerNDragonLair
02Kingdom_K004	Guivre	wyvern/02kingdom/Wyvern-02Kingdom-Guivre.jpg	default	Dragon	0	02Kingdom	4	Common-1	STRENGTH: 2		2		playerNDragonLair
02Kingdom_K005	Jormungandr	wyvern/02kingdom/Wyvern-02Kingdom-Jormungandr.jpg	default	Dragon	0	02Kingdom	5	Rare-1	STRENGTH: 7	The Jormungandr is a serpent that wraps himself around the world.	7		playerNDragonLair
02Kingdom_K006	Tarasque	wyvern/02kingdom/Wyvern-02Kingdom-Tarasque.jpg	default	Dragon	0	02Kingdom	6	Uncommon-2	STRENGTH: 3	Tarasque can only be killed by Holy Water.	3		playerNDragonLair
02Kingdom_K007	Vittra	wyvern/02kingdom/Wyvern-02Kingdom-Vittra.jpg	default	Dragon	1	02Kingdom	7	Uncommon-2	STRENGTH: 3 Flying dragons lose 2 strength for the rest of a battle that Vittra is part of.	Vittra is a dragon of India that creates storms instead of fire.	3		playerNDragonLair
02Kingdom_K008	Fafnir	wyvern/02kingdom/Wyvern-02Kingdom-Fafnir.jpg	default	Dragon	0	02Kingdom	8	Uncommon-2	STRENGTH: 2 Dwarven Armies cannot be used by either side in a battle that Fafnir is part of.	This Germanic Dragon was once a Dwarf.  Upon dying his blood grants both knowledge and invulnerability.	2		playerNDragonLair
02Kingdom_K009	Pakawjak	wyvern/02kingdom/Wyvern-02Kingdom-Pakawjak.jpg	default	Dragon	0	02Kingdom	9	Uncommon-2	STRENGTH: 2 Fire Breathing cannot be used by either side in a battle that Pakawjak is part of.	Pakawjak is an Arctic Dragon that breathes frost rather than fire.	2		playerNDragonLair
02Kingdom_K010	Moghur	wyvern/02kingdom/Wyvern-02Kingdom-Moghur.jpg	default	Dragon	2	02Kingdom	10	Uncommon-2	STRENGTH: 0 SCOUT If first card attacked is terrain, Moghur may then attack a second card one card away from the first card.	Moghur is a Dragon that can kill with a look.	0		playerNDragonLair
02Kingdom_K011	Tiamat	wyvern/02kingdom/Wyvern-02Kingdom-Tiamat.jpg	default	Dragon	0	02Kingdom	11	Uncommon-2	STRENGTH: 3 FLYING	Tiamat is one of the few female dragons.	3		playerNDragonLair
02Kingdom_K012	Colchis	wyvern/02kingdom/Wyvern-02Kingdom-Colchis.jpg	default	Dragon	0	02Kingdom	12	Common-1	STRENGTH: 1	Colchis is the Dragon that guards the Golden Fleece.	1		playerNDragonLair
02Kingdom_K013	Gryphon	wyvern/02kingdom/Wyvern-02Kingdom-Gryphon.jpg	default	Dragon	0	02Kingdom	13	Uncommon-2	STRENGTH: 1 FLYING		1		playerNDragonLair
02Kingdom_K014	Leviathan	wyvern/02kingdom/Wyvern-02Kingdom-Leviathan.jpg	default	Dragon	0	02Kingdom	14	Uncommon-2	STRENGTH: 5	Leviathan is one of the biggest dragons in the world.  He is a fire breathing sea serpent.	5		playerNDragonLair
02Kingdom_K015	Basilisk	wyvern/02kingdom/Wyvern-02Kingdom-Basilisk.jpg	default	Dragon	0	02Kingdom	15	Rare-1	STRENGTH: 3 Kills himself and one other dragon in battle.  No battle action cards are played in a battle that Basilisk is part of, and there is no winner or loser.		3		playerNDragonLair
02Kingdom_K016	Typhon	wyvern/02kingdom/Wyvern-02Kingdom-Typhon.jpg	default	Dragon	0	02Kingdom	16	Common-1	STRENGTH: 0 SCOUT		0		playerNDragonLair
02Kingdom_K017	Echidna	wyvern/02kingdom/Wyvern-02Kingdom-Echidna.jpg	default	Dragon	1	02Kingdom	17	Uncommon-2	STRENGTH: 3 If Echidna wins a battle you may turn any face up dragon face down.	Echidna dwells in the 'secret parts' of the earth underground.	3		playerNDragonLair
02Kingdom_K018	Chimera	wyvern/02kingdom/Wyvern-02Kingdom-Chimera.jpg	default	Dragon	1	02Kingdom	18	Uncommon-3	STRENGTH: 0 SCOUT Chimera attacks at 1 strength from face down.		0		playerNDragonLair
02Kingdom_K019	Azhi Dahaka	wyvern/02kingdom/Wyvern-02Kingdom-AzhiDahaka.jpg	default	Dragon	0	02Kingdom	19	Uncommon-2	STRENGTH: 2 FLYING	Azhi Dahaka breathes fire, poison and hypnotic gas.	2		playerNDragonLair
02Kingdom_K020	Mushussu	wyvern/02kingdom/Wyvern-02Kingdom-Mushussu.jpg	default	Dragon	0	02Kingdom	20	Uncommon-2	STRENGTH: 1 2 strength when attacking from face down.  0 strength when attacking from face up.		1		playerNDragonLair
02Kingdom_K021	Lung Wong	wyvern/02kingdom/Wyvern-02Kingdom-LungWong.jpg	default	Dragon	0	02Kingdom	21	Uncommon-2	STRENGTH: 2 Lung Wong defends at 3 strength from face up and attacks at 1 strength from face up.		2		playerNDragonLair
02Kingdom_K022	Kakutan	wyvern/02kingdom/Wyvern-02Kingdom-Kakutan.jpg	default	Dragon	0	02Kingdom	22	Uncommon-2	STRENGTH: 3 Kakutan defends at 4 strength from face down and attacks at 2 strength from face down.	Instead of flying, Kakutan runs like the wind.	3		playerNDragonLair
02Kingdom_K023	Scylla	wyvern/02kingdom/Wyvern-02Kingdom-Scylla.jpg	default	Dragon	0	02Kingdom	23	Uncommon-2	STRENGTH: 4 Scylla defends at 5 strength from face down and attacks at 3 strength from face up.		4		playerNDragonLair
02Kingdom_K024	Vouivre	wyvern/02kingdom/Wyvern-02Kingdom-Vouivre.jpg	default	Dragon	1	02Kingdom	24	Rare-1	STRENGTH: 2 Vouivre may get help from a dragon one card away in this battle.  Flyers may help Vouivre from anywhere in your battlefield.	Vouivre has a red carbuncle for an eye which when removed leaves him blind.	2		playerNDragonLair
02Kingdom_K025	Thuhan	wyvern/02kingdom/Wyvern-02Kingdom-Thuhan.jpg	default	Dragon	1	02Kingdom	25	Rare-1	STRENGTH: 1 Gains +1 strength with each won battle.		1		playerNDragonLair
02Kingdom_K026	Amphisbena	wyvern/02kingdom/Wyvern-02Kingdom-Amphisbena.jpg	default	Dragon	0	02Kingdom	26	Rare-1	STRENGTH: 6	Amphisbena loves the cold weather climates.	6		playerNDragonLair
02Kingdom_K027	Phrygian	wyvern/02kingdom/Wyvern-02Kingdom-Phrygian.jpg	default	Dragon	1	02Kingdom	27	Rare-1	STRENGTH: 3 Phrygian may get help from a dragon one card away in this battle.  Flyers may help Phrygian from anywhere in your battlefield.		3		playerNDragonLair
02Kingdom_K028	Cynoprosopi	wyvern/02kingdom/Wyvern-02Kingdom-Cynoprosopi.jpg	default	Dragon	1	02Kingdom	28	Rare-1	STRENGTH: 4 Cynoprosopi may get help from a dragon one card away in this battle.  Flyers may help Cynoprosopi from anywhere in your battlefield.	Cynoprosopi lives in the Sahara Desert.	4		playerNDragonLair
02Kingdom_K029	Draco	wyvern/02kingdom/Wyvern-02Kingdom-Draco.jpg	default	Dragon	2	02Kingdom	29	Rare-1	STRENGTH: 3 Once Draco attacks he must continue to attack during that same turn until he dies or discovers terrain.	Draco has a tail that can kill with one swipe.	3		playerNDragonLair
02Kingdom_K030	Shapeshifter	wyvern/02kingdom/Wyvern-02Kingdom-Shapeshifter.jpg	default	Dragon	0	02Kingdom	30	Rare-1	STRENGTH: 3 Shapeshifter takes on the base strength of one dragon attacking it or defending against it.		3		playerNDragonLair
02Kingdom_K031	Moat	wyvern/02kingdom/Wyvern-02Kingdom-Moat.jpg	default	Terrain	2	02Kingdom	31	Uncommon-1	STRENGTH MODIFIER: -2 Does not affect flying dragons.			-2	playerNTreasureHorde
02Kingdom_K032	Vines	wyvern/02kingdom/Wyvern-02Kingdom-Vines.jpg	default	Terrain	2	02Kingdom	32	Uncommon-1	No battle action cards can be played in a battle this dragon is part of.  Vines affect flying dragons only.				playerNTreasureHorde
02Kingdom_K033	Coral Reef	wyvern/02kingdom/Wyvern-02Kingdom-CoralReef.jpg	default	Terrain	2	02Kingdom	33	Common-1	STRENGTH MODIFIER: -1			-1	playerNTreasureHorde
02Kingdom_K034	Swamp	wyvern/02kingdom/Wyvern-02Kingdom-Swamp.jpg	default	Terrain	2	02Kingdom	34	Common-1	STRENGTH MODIFIER: -1			-1	playerNTreasureHorde
02Kingdom_K035	Frozen Lake	wyvern/02kingdom/Wyvern-02Kingdom-FrozenLake.jpg	default	Terrain	0	02Kingdom	35	Uncommon-1	Kills dragons of 4 or more strength.  Has no effect on any other dragons.	Big Dragons are on thin ice.			playerNTreasureHorde
02Kingdom_K036	Pit	wyvern/02kingdom/Wyvern-02Kingdom-Pit.jpg	default	Terrain	0	02Kingdom	36	Uncommon-1	Kills dragons of 3 or less strength.				playerNTreasureHorde
02Kingdom_K037	Cliff	wyvern/02kingdom/Wyvern-02Kingdom-Cliff.jpg	default	Terrain	1	02Kingdom	37	Uncommon-1	STRENGTH MODIFIER: -2			-2	playerNTreasureHorde
02Kingdom_K038	Crevice	wyvern/02kingdom/Wyvern-02Kingdom-Crevice.jpg	default	Terrain	2	02Kingdom	38	Uncommon-1	No battle action cards can be played in a battle this dragon is part of.  The Crevice does not affect flying dragons.				playerNTreasureHorde
02Kingdom_K039	Wall	wyvern/02kingdom/Wyvern-02Kingdom-Wall.jpg	default	Terrain	1	02Kingdom	39	Uncommon-1	Dragon cannot get any help from other dragons during attack and defense for the rest of the game.				playerNTreasureHorde
02Kingdom_K040	Desert	wyvern/02kingdom/Wyvern-02Kingdom-Desert.jpg	default	Terrain	2	02Kingdom	40	Common-1	STRENGTH MODIFIER: -1			-1	playerNTreasureHorde
02Kingdom_K041	Cave	wyvern/02kingdom/Wyvern-02Kingdom-Cave.jpg	default	Terrain	1	02Kingdom	41	Common-1	Dragon can only attack face down cards for the rest of the game.  If there are no face down cards to attack he attacks a face up card he could normally attack at -1 strength.				playerNTreasureHorde
02Kingdom_K042	Clouds	wyvern/02kingdom/Wyvern-02Kingdom-Clouds.jpg	default	Terrain	2	02Kingdom	42	Uncommon-1	STRENGTH MODIFIER: -2 This card affects flyers only.			-2	playerNTreasureHorde
02Kingdom_K043	Forest	wyvern/02kingdom/Wyvern-02Kingdom-Forest.jpg	default	Terrain	2	02Kingdom	43	Common-1	STRENGTH MODIFIER: -1			-1	playerNTreasureHorde
02Kingdom_K044	Swamp Hole	wyvern/02kingdom/Wyvern-02Kingdom-SwampHole.jpg	default	Terrain	1	02Kingdom	44	Uncommon-1	Kills dragons of 2 or less strength.				playerNTreasureHorde
02Kingdom_K045	Tunnel	wyvern/02kingdom/Wyvern-02Kingdom-Tunnel.jpg	default	Terrain	2	02Kingdom	45	Uncommon-1	Dragon can only attack cards in a direct line across from the dragon's card.  If there are no cards there to attack he may attack any card he could normally attack at -1 strength.				playerNTreasureHorde
02Kingdom_K046	Quicksand	wyvern/02kingdom/Wyvern-02Kingdom-Quicksand.jpg	default	Terrain	0	02Kingdom	46	Rare-1	Quicksand causes dragon to lose one strength immediately and one strength during each of dragon owner's draw phases.				playerNTreasureHorde
02Kingdom_K047	River	wyvern/02kingdom/Wyvern-02Kingdom-River.jpg	default	Terrain	2	02Kingdom	47	Common-1	STRENGTH MODIFIER: -1			-1	playerNTreasureHorde
02Kingdom_K048	Ocean	wyvern/02kingdom/Wyvern-02Kingdom-Ocean.jpg	default	Terrain	2	02Kingdom	48	Common-1	STRENGTH MODIFIER: -1			-1	playerNTreasureHorde
02Kingdom_K049	Lake	wyvern/02kingdom/Wyvern-02Kingdom-Lake.jpg	default	Terrain	2	02Kingdom	49	Common-1	STRENGTH MODIFIER: -1			-1	playerNTreasureHorde
02Kingdom_K050	Mansion in the Sky	wyvern/02kingdom/Wyvern-02Kingdom-MansionInTheSky.jpg	default	Treasure	1	02Kingdom	50	Uncommon-1	All face up flying dragons in this row are in the Mansion in the Sky.  Non-flying dragons lose two strength for the rest of a battle with a dragon in the Mansion.				playerNTreasureHorde
02Kingdom_K051	Golden Fleece	wyvern/02kingdom/Wyvern-02Kingdom-GoldenFleece.jpg	default	Treasure	3	02Kingdom	51	Rare-2	Dragons in this row gain +2 strength when attacking.				playerNTreasureHorde
02Kingdom_K052	Golden Apples	wyvern/02kingdom/Wyvern-02Kingdom-GoldenApples.jpg	default	Treasure	0	02Kingdom	52	Common-1	Dragons in this row can't be killed by terrain.				playerNTreasureHorde
02Kingdom_K053	Pearl	wyvern/02kingdom/Wyvern-02Kingdom-Pearl.jpg	default	Treasure	0	02Kingdom	53	Common-1	When a dragon in this row wins a battle, draw one card from your treasure horde draw pile.				playerNTreasureHorde
02Kingdom_K054	Jewels	wyvern/02kingdom/Wyvern-02Kingdom-Jewels.jpg	default	Treasure	2	02Kingdom	54	Common-1	Dragons in this row gain +1 strength when defending.				playerNTreasureHorde
02Kingdom_K055	Dragon Egg	wyvern/02kingdom/Wyvern-02Kingdom-DragonEgg.jpg	default	Treasure	0	02Kingdom	55	Rare-1	Action: Pay 3 gold pieces to hatch the Dragon Egg.  It becomes a two strength dragon.  Replace a card in your battlefield with Egg.  Egg starts face up.				playerNTreasureHorde
02Kingdom_K056	Sword	wyvern/02kingdom/Wyvern-02Kingdom-Sword.jpg	default	Treasure	2	02Kingdom	56	Common-1	Dragons in this row gain +1 strength when attacking.				playerNTreasureHorde
02Kingdom_K057	Gold	wyvern/02kingdom/Wyvern-02Kingdom-Gold.jpg	default	Treasure	0	02Kingdom	57	Common-1	When a dragon in this row wins a battle you get a gold piece.				playerNTreasureHorde
02Kingdom_K058	Princess Libya	wyvern/02kingdom/Wyvern-02Kingdom-PrincessLibya.jpg	default	Treasure	0	02Kingdom	58	Common-1	St. George must rescue Princess Libya instead of removing any other treasure in your battlefield.				playerNTreasureHorde
02Kingdom_K059	Oriental Princess	wyvern/02kingdom/Wyvern-02Kingdom-OrientalPrincess.jpg	default	Treasure	0	02Kingdom	59	Rare-1	Whoever wins a battle gets two gold pieces until Princess is removed from play.				playerNTreasureHorde
02Kingdom_K060	Maiden in Distress	wyvern/02kingdom/Wyvern-02Kingdom-MaidenInDistress.jpg	default	Treasure	0	02Kingdom	60	Common-1	Dragons in this row can't be killed by dragon slayers.  Any dragon slayer can remove Maiden in Distress from game.				playerNTreasureHorde
02Kingdom_K061	Firebreathing	wyvern/02kingdom/Wyvern-02Kingdom-Firebreathing.jpg	default	Battle Action	0	02Kingdom	61	Common-2	STRENGTH MODIFIER: +1			+1	playerNTreasureHorde
02Kingdom_K062	Flood	wyvern/02kingdom/Wyvern-02Kingdom-Flood.jpg	default	Battle Action	0	02Kingdom	62	Common-1	No Dwarven Armies allowed in this battle.				playerNTreasureHorde
02Kingdom_K063	Hailstorm	wyvern/02kingdom/Wyvern-02Kingdom-Hailstorm.jpg	default	Battle Action	1	02Kingdom	63	Common-2	All flying dragons lose two strength for the rest of this battle.				playerNTreasureHorde
02Kingdom_K064	Tsunami	wyvern/02kingdom/Wyvern-02Kingdom-Tsunami.jpg	default	Action	0	02Kingdom	64	Common-1	For every one of your dragons you turn face up during this action phase, draw one card from your treasure horde draw pile.  Be sure to pay for any dragons being turned up for the first time.				playerNTreasureHorde
02Kingdom_K065	High Winds	wyvern/02kingdom/Wyvern-02Kingdom-HighWinds.jpg	default	Action	4	02Kingdom	65	Rare-2	All face up flying dragons are killed.				playerNTreasureHorde
02Kingdom_K066	Help	wyvern/02kingdom/Wyvern-02Kingdom-Help.jpg	default	Battle Action	1	02Kingdom	66	Common-2	You may bring one dragon one card away into this battle.  Flying dragons can come from anywhere in your battlefield.				playerNTreasureHorde
02Kingdom_K067	Frost Breathing	wyvern/02kingdom/Wyvern-02Kingdom-FrostBreathing.jpg	default	Battle Action	0	02Kingdom	67	Common-1	No Fire Breathing can be played during this battle.				playerNTreasureHorde
02Kingdom_K068	Hero	wyvern/02kingdom/Wyvern-02Kingdom-Hero.jpg	default	Action	2	02Kingdom	68	Rare-2	One of your dragons can attack twice during your battle phase this turn.				playerNTreasureHorde
02Kingdom_K069	Poison Breathing	wyvern/02kingdom/Wyvern-02Kingdom-PoisonBreathing.jpg	default	Battle Action	0	02Kingdom	69	Common-2	The dragon that wins this battle loses 1 strength.  This takes effect after battle for rest of game.				playerNTreasureHorde
02Kingdom_K070	Sacrifice	wyvern/02kingdom/Wyvern-02Kingdom-Sacrifice.jpg	default	Battle Action	0	02Kingdom	70	Common-2	The winner of this battle must pay two gold pieces to the loser.				playerNTreasureHorde
02Kingdom_K071	Knowledge	wyvern/02kingdom/Wyvern-02Kingdom-Knowledge.jpg	default	Action	0	02Kingdom	71	Common-1	Look at a player's hand.				playerNTreasureHorde
02Kingdom_K072	Magical Sword	wyvern/02kingdom/Wyvern-02Kingdom-MagicalSword.jpg	default	Battle Action	1	02Kingdom	72	Common-2	STRENGTH MODIFIER: +2			+2	playerNTreasureHorde
02Kingdom_K073	Seaweed	wyvern/02kingdom/Wyvern-02Kingdom-Seaweed.jpg	default	Action	1	02Kingdom	73	Common-2	Seaweed is played on a face up dragon and gives that dragon a -1 strength modifer for this turn.				playerNTreasureHorde
02Kingdom_K074	Whirlpool	wyvern/02kingdom/Wyvern-02Kingdom-Whirlpool.jpg	default	Action	1	02Kingdom	74	Rare-2	Draw 2 cards from your treasure horde draw pile.				playerNTreasureHorde
02Kingdom_K075	Medea's Spell	wyvern/02kingdom/Wyvern-02Kingdom-MedeasSpell.jpg	default	Battle Action	2	02Kingdom	75	Rare-2	A dragon of your choice is now 0 base strength for the rest of this battle.	Medea is able to put dragons to sleep with her spell.			playerNTreasureHorde
02Kingdom_K076	Fireball	wyvern/02kingdom/Wyvern-02Kingdom-Fireball.jpg	default	Battle Action	3	02Kingdom	76	Common-2	STRENGTH MODIFIER: +4			+4	playerNTreasureHorde
02Kingdom_K077	Fire Bolt	wyvern/02kingdom/Wyvern-02Kingdom-FireBolt.jpg	default	Battle Action	2	02Kingdom	77	Common-2	STRENGTH MODIFIER: +3			+3	playerNTreasureHorde
02Kingdom_K078	Poison Chalice	wyvern/02kingdom/Wyvern-02Kingdom-PoisonChalice.jpg	default	Battle Action	3	02Kingdom	78	Rare-2	The side with the lowest strength wins this battle.				playerNTreasureHorde
02Kingdom_K079	Strangle Hold	wyvern/02kingdom/Wyvern-02Kingdom-StrangleHold.jpg	default	Action	1	02Kingdom	79	Rare-2	Player of your choice must discard 2 cards from his hand.				playerNTreasureHorde
02Kingdom_K080	Avalanche	wyvern/02kingdom/Wyvern-02Kingdom-Avalanche.jpg	default	Action	0	02Kingdom	80	Common-2	All face up dragons are turned face down.				playerNTreasureHorde
02Kingdom_K081	Earthquake	wyvern/02kingdom/Wyvern-02Kingdom-Earthquake.jpg	default	Action	0	02Kingdom	81	Common-1	All players must discard 1 card from their hands.				playerNTreasureHorde
02Kingdom_K082	Golden Apple	wyvern/02kingdom/Wyvern-02Kingdom-GoldenApple.jpg	default	Battle Action	1	02Kingdom	82	Common-2	The dragon you play the Golden Apple on survives this battle even if he loses.				playerNTreasureHorde
02Kingdom_K083	Armor	wyvern/02kingdom/Wyvern-02Kingdom-Armor.jpg	default	Battle Reaction	0	02Kingdom	83	Common-2	Counters any battle action card with the words STRENGTH MODIFIER on the card.				playerNTreasureHorde
02Kingdom_K084	Night	wyvern/02kingdom/Wyvern-02Kingdom-Night.jpg	default	Battle Action	0	02Kingdom	84	Common-2	Cancels current battle.  Dragons go back to their positions face up.				playerNTreasureHorde
02Kingdom_K085	St. George	wyvern/02kingdom/Wyvern-02Kingdom-StGeorge.jpg	default	Dragon Slayer Action	0	02Kingdom	85	Common-2	St. George removes any one treasure from the game.				playerNTreasureHorde
02Kingdom_K086	Sigurd	wyvern/02kingdom/Wyvern-02Kingdom-Sigurd.jpg	default	Dragon Slayer Action	1	02Kingdom	86	Common-2	Sigurd kills any dragon of 2 or less strength.				playerNTreasureHorde
02Kingdom_K087	Sir Lancelot	wyvern/02kingdom/Wyvern-02Kingdom-SirLancelot.jpg	default	Dragon Slayer Action	2	02Kingdom	87	Common-2	Sir Lancelot kills any dragon of 3 or less strength.				playerNTreasureHorde
02Kingdom_K088	Kiss of Le Succube	wyvern/02kingdom/Wyvern-02Kingdom-KissOfLeSuccube.jpg	default	Reaction	2	02Kingdom	88	Rare-2	Kiss of Le Succube is played in response to the play of a dragon slayer.  The dragon slayer is discarded with no effect and you can destroy any card on the table.				playerNTreasureHorde
02Kingdom_K089	Marina	wyvern/02kingdom/Wyvern-02Kingdom-Marina.jpg	default	Reaction	0	02Kingdom	89	Common-2	Marina counters the play of a dragon slayer.	The Russian Sorceress Marina likes to seduce brave dragon slayers and change them into harmless magpies, pigs or oxen.			playerNTreasureHorde
02Kingdom_K090	Jason	wyvern/02kingdom/Wyvern-02Kingdom-Jason.jpg	default	Dragon Slayer Action	3	02Kingdom	90	Rare-2	Jason kills any dragon.				playerNTreasureHorde
02Kingdom_K091	Shan	wyvern/02kingdom/Wyvern-02Kingdom-Shan.jpg	default	Dragon	1	02Kingdom	91	Uncommon-2	STRENGTH: 1 FLYING If Shan Dragon loses a battle you draw one card from your treasure horde draw pile.	The Shan Dragon breathes mist and illusions.	1		playerNDragonLair
02Kingdom_K092	Gani	wyvern/02kingdom/Wyvern-02Kingdom-Gani.jpg	default	Dragon	1	02Kingdom	92	Uncommon-2	STRENGTH: 3 If Gani is face up no treasure can be removed from this row by opponent.	Gani is a Persian Dragon that guards treasure.	3		playerNDragonLair
02Kingdom_K093	Hydra	wyvern/02kingdom/Wyvern-02Kingdom-Hydra.jpg	default	Dragon	0	02Kingdom	93	Uncommon-2	STRENGTH: 4 After each battle the Hydra loses 1 strength.  You may pay one gold piece to grow another head and increase the Hydra's strength by one.  You may do this once a turn.		4		playerNDragonLair
02Kingdom_K094	Grendel	wyvern/02kingdom/Wyvern-02Kingdom-Grendel.jpg	default	Dragon	1	02Kingdom	94	Rare-1	STRENGTH: 0 SCOUT Grendel steals any gold on terrain discovered by Grendel.		0		playerNDragonLair
02Kingdom_K095	Celestial	wyvern/02kingdom/Wyvern-02Kingdom-Celestial.jpg	default	Dragon	0	02Kingdom	95	Uncommon-2	STRENGTH: 5 FLYING	The Celestrial Dragon is the Dragon of Emperors and rules all Chinese Dragons.	5		playerNDragonLair
02Kingdom_K096	Mokelembembe	wyvern/02kingdom/Wyvern-02Kingdom-Mokelembembe.jpg	default	Dragon	1	02Kingdom	96	Uncommon-2	STRENGTH: 2 If Mokelembembe loses a battle you draw a card from your treasure horde draw pile.	Mokelembembe is a vegetarian dragon that lives in a river cave.	2		playerNDragonLair
02Kingdom_K097	Naga	wyvern/02kingdom/Wyvern-02Kingdom-Naga.jpg	default	Dragon	1	02Kingdom	97	Uncommon-2	STRENGTH: 3 Naga attacks at 6 strength from face down and 0 strength from face up.	Naga is a serpent of India that can appear with a human head.	3		playerNDragonLair
02Kingdom_K098	Gargouille	wyvern/02kingdom/Wyvern-02Kingdom-Gargouille.jpg	default	Dragon	1	02Kingdom	98	Uncommon-2	STRENGTH: 2 Pay one gold piece to increase strength by two for this battle.  You can only do this once per battle.	Gargouille is a French Dragon that produces and controls Gargoyles.	2		playerNDragonLair
02Kingdom_K099	Rahah	wyvern/02kingdom/Wyvern-02Kingdom-Rahah.jpg	default	Dragon	0	02Kingdom	99	Uncommon-2	STRENGTH: 1 Rahah attacks at 2 strength from face down and 0 strength from face up.	Rahah is a Biblical Dragon that can only be destroyed by White magic.	1		playerNDragonLair
02Kingdom_K100	Kioh-lung	wyvern/02kingdom/Wyvern-02Kingdom-KiohLung.jpg	default	Dragon	1	02Kingdom	100	Uncommon-2	STRENGTH: 0 SCOUT If Kioh-lung loses a battle, draw one card from your treasure horde draw pile.		0		playerNDragonLair
02Kingdom_K101	Kulkulcan	wyvern/02kingdom/Wyvern-02Kingdom-Kulkulcan.jpg	default	Dragon	1	02Kingdom	101	Uncommon-2	STRENGTH: 3 SUPER FLYER Kulkulcan can attack any card.		3		playerNDragonLair
02Kingdom_K102	Lambton Worm	wyvern/02kingdom/Wyvern-02Kingdom-LambtonWorm.jpg	default	Dragon	0	02Kingdom	102	Uncommon-2	STRENGTH: 1 Pay one gold to bring Lambton Worm from your dragon lair discard pile to a vacant position in your battlefield face down.  You can only do this once.	Lambton Worm is a serpent that can regenerate.	1		playerNDragonLair
02Kingdom_K103	Gandarewa	wyvern/02kingdom/Wyvern-02Kingdom-Gandarewa.jpg	default	Dragon	0	02Kingdom	103	Uncommon-2	STRENGTH: 3 Gandarewa attacks at 4 strength from face down and 0 strength from face up.	Gandarewa is a sea Dragon that is master of the water and its creatures.	3		playerNDragonLair
02Kingdom_K104	Ajatar	wyvern/02kingdom/Wyvern-02Kingdom-Ajatar.jpg	default	Dragon	1	02Kingdom	104	Rare-1	STRENGTH: 4 Ajatar attacks at 8 strength from face down and 0 strength from face up.	Ajatar can cause disease and curses.	4		playerNDragonLair
02Kingdom_K105	Pan Lung	wyvern/02kingdom/Wyvern-02Kingdom-PanLung.jpg	default	Dragon	1	02Kingdom	105	Uncommon-2	STRENGTH: 0 FLYING SCOUT Flying dragons lose one strength after any battle with Pan Lung.	Pan Lung is a cloud Dragon that can cause storms and create fiery water.	0		playerNDragonLair
02Kingdom_K106	Mountains	wyvern/02kingdom/Wyvern-02Kingdom-Mountains.jpg	default	Terrain	1	02Kingdom	106	Uncommon-1	STRENGTH MODIFIER: -2			-2	playerNTreasureHorde
02Kingdom_K107	Snowdrifts	wyvern/02kingdom/Wyvern-02Kingdom-Snowdrifts.jpg	default	Terrain	0	02Kingdom	107	Uncommon-1	A dragon caught in a Snowdrift must pay one gold piece to attack.				playerNTreasureHorde
02Kingdom_K108	Forest Fire	wyvern/02kingdom/Wyvern-02Kingdom-ForestFire.jpg	default	Terrain	0	02Kingdom	108	Uncommon-1	Kills any dragon that discovers it.  Replace Forest Fire then give it to opponent who can now destroy any card in play.				playerNTreasureHorde
02Kingdom_K109	Brush Fire	wyvern/02kingdom/Wyvern-02Kingdom-BrushFire.jpg	default	Terrain	2	02Kingdom	109	Uncommon-1	This dragon can't use the effects of any treasure for the rest of the game.				playerNTreasureHorde
02Kingdom_K110	Underwater Cave	wyvern/02kingdom/Wyvern-02Kingdom-UnderwaterCave.jpg	default	Terrain	2	02Kingdom	110	Uncommon-1	Dragon can only attack face up cards for the rest of the game.  If there are no face up cards he then attacks a face down card at -1 strength.				playerNTreasureHorde
02Kingdom_K111	Cauldron	wyvern/02kingdom/Wyvern-02Kingdom-Cauldron.jpg	default	Treasure	1	02Kingdom	111	Common-1	Action: On each of your turns you may turn a dragon in this row face down.				playerNTreasureHorde
02Kingdom_K112	Fountain of Youth	wyvern/02kingdom/Wyvern-02Kingdom-FountainOfYouth.jpg	default	Treasure	1	02Kingdom	112	Common-1	Battle Action: One dragon in this row can survive a lost battle.  As soon as  this happens you discard the Fountain of Youth.				playerNTreasureHorde
02Kingdom_K113	Silver Chalice	wyvern/02kingdom/Wyvern-02Kingdom-SilverChalice.jpg	default	Treasure	0	02Kingdom	113	Rare-1	Battle Action: A dragon in this row gains +1 Strength when attacking for each gold piece paid.				playerNTreasureHorde
02Kingdom_K114	Magic Potion	wyvern/02kingdom/Wyvern-02Kingdom-MagicPotion.jpg	default	Treasure	2	02Kingdom	114	Common-1	Battle Action: One dragon in this row can help any other dragon in this row in a battle.				playerNTreasureHorde
02Kingdom_K115	Magic Wand	wyvern/02kingdom/Wyvern-02Kingdom-MagicWand.jpg	default	Treasure	1	02Kingdom	115	Common-1	Action: Any dragon in this row can become a flyer or a non-flyer for the rest of the turn.				playerNTreasureHorde
02Kingdom_K116	Pick a Treasure	wyvern/02kingdom/Wyvern-02Kingdom-PickATreasure.jpg	default	Treasure	2	02Kingdom	116	Common-1	Action: Discard this treasure from your battlefield and put a treasure from your opponent's battlefield in its place.  Be sure to return the treasure to its owner after game.				playerNTreasureHorde
02Kingdom_K117	Shipwreck	wyvern/02kingdom/Wyvern-02Kingdom-Shipwreck.jpg	default	Treasure	0	02Kingdom	117	Common-1	All terrain in this row gets a -1 strength modifier in addition to any on the card.				playerNTreasureHorde
02Kingdom_K118	Secret Treasure	wyvern/02kingdom/Wyvern-02Kingdom-SecretTreasure.jpg	default	Treasure	0	02Kingdom	118	Common-1	Action: Draw one card from your treasure horde draw pile for each gold piece you pay.				playerNTreasureHorde
02Kingdom_K119	Treasure Room	wyvern/02kingdom/Wyvern-02Kingdom-TreasureRoom.jpg	default	Treasure	0	02Kingdom	119	Common-1	When any dragon in this row loses a battle you get a gold piece.				playerNTreasureHorde
02Kingdom_K120	Magic Shield	wyvern/02kingdom/Wyvern-02Kingdom-MagicShield.jpg	default	Treasure	0	02Kingdom	120	Rare-1	Battle Action: A dragon in this row gains +1 Strength when defending for each gold piece paid.				playerNTreasureHorde
02Kingdom_K121	Snow Storm	wyvern/02kingdom/Wyvern-02Kingdom-SnowStorm.jpg	default	Action	4	02Kingdom	121	Rare-2	A player of your choice misses next turn.				playerNTreasureHorde
02Kingdom_K122	Twister	wyvern/02kingdom/Wyvern-02Kingdom-Twister.jpg	default	Action	0	02Kingdom	122	Common-1	All players may rearrange all cards in their battlefield.				playerNTreasureHorde
02Kingdom_K123	Volcanic Eruption	wyvern/02kingdom/Wyvern-02Kingdom-VolcanicEruption.jpg	default	Action	2	02Kingdom	123	Common-1	Bring any card back from your treasure horde discard pile to your hand.				playerNTreasureHorde
02Kingdom_K124	Meteor Shower	wyvern/02kingdom/Wyvern-02Kingdom-MeteorShower.jpg	default	Action	0	02Kingdom	124	Common-2	All players discard their hands and draw 5 cards from their treasure horde draw piles.				playerNTreasureHorde
02Kingdom_K125	Heatwave	wyvern/02kingdom/Wyvern-02Kingdom-Heatwave.jpg	default	Action	0	02Kingdom	125	Common-2	All dragons who are face up lose 1 strength for this turn.				playerNTreasureHorde
02Kingdom_K126	Magical Healing	wyvern/02kingdom/Wyvern-02Kingdom-MagicalHealing.jpg	default	Action	0	02Kingdom	126	Common-2	One dragon of your choice is healed back to full strength.				playerNTreasureHorde
02Kingdom_K127	Power Switch	wyvern/02kingdom/Wyvern-02Kingdom-PowerSwitch.jpg	default	Battle Action	2	02Kingdom	127	Rare-2	The two dragons who started this battle switch base strength numbers until the end of the battle.				playerNTreasureHorde
02Kingdom_K128	Magnetic Field	wyvern/02kingdom/Wyvern-02Kingdom-MagneticField.jpg	default	Reaction	2	02Kingdom	128	Rare-2	The Magnetic Field can be played at any time to counter the play of any kind of action card.				playerNTreasureHorde
02Kingdom_K129	Dwarven Army	wyvern/02kingdom/Wyvern-02Kingdom-DwarvenArmy.jpg	default	Battle Action	0	02Kingdom	129	Common-2	STRENGTH MODIFIER: +1			+1	playerNTreasureHorde
02Kingdom_K130	Crystal Ball	wyvern/02kingdom/Wyvern-02Kingdom-CrystalBall.jpg	default	Action	0	02Kingdom	130	Common-2	You may look at the next 5 cards in any player's treasure horde draw pile.  You may then reshuffle the draw pile or rearrange the 5 cards in any order you wish.				playerNTreasureHorde
02Kingdom_K131	Possession Spell	wyvern/02kingdom/Wyvern-02Kingdom-PossessionSpell.jpg	default	Battle Action	1	02Kingdom	131	Common-2	You may possess the base strength of any face up dragon in any battlefield and add it to a dragon in this battle.  The dragon possessed cannot be one that is currently in the battle.  The dragon possessed now has a base strength of 0 for the rest of this battle.				playerNTreasureHorde
02Kingdom_K132	Beowulf	wyvern/02kingdom/Wyvern-02Kingdom-Beowulf.jpg	default	Dragon Slayer Action	0	02Kingdom	132	Common-2	Beowulf kills any dragon of 0 or less strength.				playerNTreasureHorde
02Kingdom_K133	Battle Chaos	wyvern/02kingdom/Wyvern-02Kingdom-BattleChaos.jpg	default	Battle Action	0	02Kingdom	133	Common-2	All players may bring as many dragons as they want into this battle from anywhere in their battlefields.				playerNTreasureHorde
02Kingdom_K134	Doomsday	wyvern/02kingdom/Wyvern-02Kingdom-Doomsday.jpg	default	Action	5	02Kingdom	134	Rare-2	All face up dragons are killed.  All players draw 2 cards from their treasure horde draw pile for each of their dragons killed and replace each dragon with cards placed face down from their dragon lair draw pile.				playerNTreasureHorde
02Kingdom_K135	Turn the Tables	wyvern/02kingdom/Wyvern-02Kingdom-TurnTheTables.jpg	default	Action	1	02Kingdom	135	Rare-2	You must play Turn the Tables during your opponent's turn.  You decide which card of yours gets attacked this turn.  Opponent must attack if possible.				playerNTreasureHorde
02Kingdom_K136	Wyvern Shadow	wyvern/02kingdom/Wyvern-02Kingdom-WyvernShadow.jpg	default	Action	0	02Kingdom	136	Rare-2	Play on face up Wyvern.  Adds +2 strength to Wyvern for rest of game.				playerNTreasureHorde
02Kingdom_K137	Vampire	wyvern/02kingdom/Wyvern-02Kingdom-Vampire.jpg	default	Dragon	2	02Kingdom	137	Rare-1	STRENGTH: 1 When Vampire is attacking one strength is taken away from each defending dragon and added to Vampire.  These strength changes are permanent.		1		playerNDragonLair
02Kingdom_K138	Loki	wyvern/02kingdom/Wyvern-02Kingdom-Loki.jpg	default	Dragon	1	02Kingdom	138	Uncommon-2	STRENGTH: 2 Get one gold piece from the gold mine for each won battle.	Loki is a Dragon from Icelandic legend.	2		playerNDragonLair
02Kingdom_K139	Mo-o	wyvern/02kingdom/Wyvern-02Kingdom-MoO.jpg	default	Dragon	1	02Kingdom	139	Uncommon-2	STRENGTH: 0 SCOUT Get one gold piece from the gold mine each time Mo-o discovers a terrain.	Mo-o is one of many Hawaiian Dragons.	0		playerNDragonLair
02Kingdom_K140	Geates	wyvern/02kingdom/Wyvern-02Kingdom-Geates.jpg	default	Dragon	1	02Kingdom	140	Uncommon-2	STRENGTH: 2 FLYING When Geates wins a battle, one treasure in row of losing dragon is discarded.  You decide which one.	Geates is the Dragon slayed by Beowulf in Anglo-Saxon myth.	2		playerNDragonLair
02Kingdom_K141	Dragonel	wyvern/02kingdom/Wyvern-02Kingdom-Dragonel.jpg	default	Dragon	1	02Kingdom	141	Uncommon-2	STRENGTH: 2 When Dragonel wins a battle you get one card from your treasure horde draw pile.	Dragonel is a young Dragon.	2		playerNDragonLair
02Kingdom_K142	Tatzlwurm	wyvern/02kingdom/Wyvern-02Kingdom-Tatzlwurm.jpg	default	Dragon	0	02Kingdom	142	Uncommon-2	STRENGTH: 2 SUBTERRANEAN Giant Ants cannot be played by either side in a battle Tatzlwurm is part of.		2		playerNDragonLair
02Kingdom_K143	Pi-Hsi	wyvern/02kingdom/Wyvern-02Kingdom-PiHsi.jpg	default	Dragon	1	02Kingdom	143	Uncommon-2	STRENGTH: 2 Pi-Hsi gains +2 strength in current battle if a treasure in this row is discarded.	Pi-Hsi is Dragon Ruler of the Rivers.	2		playerNDragonLair
02Kingdom_K144	Chen Lung	wyvern/02kingdom/Wyvern-02Kingdom-ChenLung.jpg	default	Dragon	1	02Kingdom	144	Uncommon-2	STRENGTH: 3 When Chen Lung is face up you cannot be forced to discard any cards from your hand.	Chen-Lung is a Chinese guardian Dragon.	3		playerNDragonLair
02Kingdom_K145	Ryu	wyvern/02kingdom/Wyvern-02Kingdom-Ryu.jpg	default	Dragon	1	02Kingdom	145	Uncommon-2	STRENGTH: 3 FLYING Ryu gains one strength for each treasure played in this row when he is face up.  Ryu loses this strength if he is turned face down.		3		playerNDragonLair
02Kingdom_K146	Bait	wyvern/02kingdom/Wyvern-02Kingdom-Bait.jpg	default	Dragon	0	02Kingdom	146	Uncommon-2	STRENGTH: 2 Archers cannot be used by either side in a battle that Bait is part of.	Bait is a four-winged serpent from ancient Egyptian mythology.	2		playerNDragonLair
02Kingdom_K147	Cecrops	wyvern/02kingdom/Wyvern-02Kingdom-Cecrops.jpg	default	Dragon	0	02Kingdom	147	Uncommon-1	STRENGTH: 2 FLYING No Ravens can be played by either side in a battle the Cecrops is part of.		2		playerNDragonLair
02Kingdom_K148	Giant	wyvern/02kingdom/Wyvern-02Kingdom-Giant.jpg	default	Dragon	0	02Kingdom	148	Uncommon-1	STRENGTH: 5 Giant costs 4 gold pieces when turned face up and loses one strength in your draw phase each turn his is face up.  Giant goes back to  5 strength if he is turned face down.	Giant is a serpent-footed Dragon of Roman mythology.	5		playerNDragonLair
02Kingdom_K149	Abraxus	wyvern/02kingdom/Wyvern-02Kingdom-Abraxus.jpg	default	Dragon	1	02Kingdom	149	Uncommon-1	STRENGTH: 0 You may discard Abraxus from your battlefield during a battle to give any other Dragon +3.  If Abraxus is face down when you do this, then pay the 1 gold cost.	Abraxus is the ruler of magical influence.	0		playerNDragonLair
02Kingdom_K150	Ea	wyvern/02kingdom/Wyvern-02Kingdom-Ea.jpg	default	Dragon	0	02Kingdom	150	Uncommon-1	STRENGTH: 0 Pay gold in battle to raise Ea's strength by one for each gold piece paid.		0		playerNDragonLair
02Kingdom_K151	Osiris	wyvern/02kingdom/Wyvern-02Kingdom-Osiris.jpg	default	Dragon	0	02Kingdom	151	Uncommon-2	STRENGTH: 4 SUBTERRANEAN	Osiris is a Leviathan of the Deep.	4		playerNDragonLair
02Kingdom_K152	Kane-kua-ana	wyvern/02kingdom/Wyvern-02Kingdom-KaneKuaAna.jpg	default	Dragon	1	02Kingdom	152	Uncommon-1	STRENGTH: 1 You may discard Kane-kua-ana from your battlefield instead of a dragon that just lost a battle.  If Kane-kua-ana is face down when this happens then pay the 2 gold cost.	Kane-kua-ana is the Hawaiian Dragon that brought the oysters to Ewa Lagoon.	1		playerNDragonLair
02Kingdom_K153	Apep	wyvern/02kingdom/Wyvern-02Kingdom-Apep.jpg	default	Dragon	0	02Kingdom	153	Uncommon-1	STRENGTH: 3 SUBTERRANEAN	Apep is an Egyptian Dragon that symbolizes darkness and evil.	3		playerNDragonLair
02Kingdom_K154	Indra	wyvern/02kingdom/Wyvern-02Kingdom-Indra.jpg	default	Dragon	1	02Kingdom	154	Rare-1	STRENGTH: 2 FLYING Indra can help any dragon in a battle.	Indra is an Indian Dragon known as the Drought Dragon.	2		playerNDragonLair
02Kingdom_K155	Yellow	wyvern/02kingdom/Wyvern-02Kingdom-Yellow.jpg	default	Dragon	2	02Kingdom	155	Rare-1	STRENGTH: 4 Immune to dragon slayers.  You get one gold from gold mine each of your draw phases Yellow Dragon is face up.	Chinese Dragon that rules over the last month of summer.	4		playerNDragonLair
02Kingdom_K156	Bride's Serpent	wyvern/02kingdom/Wyvern-02Kingdom-BridesSerpent.jpg	default	Dragon	1	02Kingdom	156	Uncommon-1	STRENGTH: 3 When Bride's Serpent wins a battle loser must discard one card from hand at random.	The Bride's Serpent is a Scottish Dragon.	3		playerNDragonLair
02Kingdom_K157	Blue	wyvern/02kingdom/Wyvern-02Kingdom-Blue.jpg	default	Dragon	2	02Kingdom	157	Rare-1	STRENGTH: 5 SUPER FLYER Immune to dragon slayers.  Can attack any card.  Draw an extra card in each of your draw phases that Blue is face up.	Chinese Dragon that rules spring.	5		playerNDragonLair
02Kingdom_K158	White	wyvern/02kingdom/Wyvern-02Kingdom-White.jpg	default	Dragon	2	02Kingdom	158	Rare-1	STRENGTH: 4 FLYING Immune to dragon slayers.  When White is face up opponent can't play treasure cards.	Chinese Dragon that rules autumn.	4		playerNDragonLair
02Kingdom_K159	Black	wyvern/02kingdom/Wyvern-02Kingdom-Black.jpg	default	Dragon	2	02Kingdom	159	Rare-1	STRENGTH: 4 SUBTERRANEAN Immune to dragon slayers.  Opponent loses one gold to the gold mine on each of his draw phases that Black is face up.	Chinese Dragon that rules winter.	4		playerNDragonLair
02Kingdom_K160	Red	wyvern/02kingdom/Wyvern-02Kingdom-Red.jpg	default	Dragon	2	02Kingdom	160	Rare-1	STRENGTH: 6 Immune to dragon slayers.  Add +1 to all battle action strength modifiers when played on Red.	Chinese Dragon that rules over summer.	6		playerNDragonLair
02Kingdom_K161	Mount Chung	wyvern/02kingdom/Wyvern-02Kingdom-MountChung.jpg	default	Dragon	1	02Kingdom	161	Uncommon-1	STRENGTH: 3 Pay two gold pieces to cancel any battle that Mount Chung is part of.	When the Mount Chung Dragon opens its eyes it's day and when he closes them it's night.	3		playerNDragonLair
02Kingdom_K162	Ananta	wyvern/02kingdom/Wyvern-02Kingdom-Ananta.jpg	default	Dragon	1	02Kingdom	162	Uncommon-1	STRENGTH: 3 Subterranean dragons lose two strength for rest of battle that Ananta is part of.	Ananta is an Indian serpent with nine heads.	3		playerNDragonLair
02Kingdom_K163	Delphyne	wyvern/02kingdom/Wyvern-02Kingdom-Delphyne.jpg	default	Dragon	1	02Kingdom	163	Uncommon-1	STRENGTH: 0 FLYING SCOUT Get one card from your treasure horde draw pile each time Delphyne discovers a terrain.	Delphyne is a she-Dragon from Greek mythology.	0		playerNDragonLair
02Kingdom_K164	Python	wyvern/02kingdom/Wyvern-02Kingdom-Python.jpg	default	Dragon	0	02Kingdom	164	Uncommon-2	STRENGTH: 2 SUBTERRANEAN		2		playerNDragonLair
02Kingdom_K165	Nidhoggr	wyvern/02kingdom/Wyvern-02Kingdom-Nidhoggr.jpg	default	Dragon	0	02Kingdom	165	Uncommon-1	STRENGTH: 1 SUBTERRANEAN	Nidhoggr is the first Nordic Dragon.  He is known for gnawing at the root of the Universal Tree.	1		playerNDragonLair
02Kingdom_K166	Laidly Worm	wyvern/02kingdom/Wyvern-02Kingdom-LaidlyWorm.jpg	default	Dragon	1	02Kingdom	166	Uncommon-1	STRENGTH: 1 When Laidly Worm loses a battle the winning player must discard one card at random from his hand.	The Laidly Worm used to be a beautiful girl who was turned into a Dragon.	1		playerNDragonLair
02Kingdom_K167	Sito	wyvern/02kingdom/Wyvern-02Kingdom-Sito.jpg	default	Dragon	1	02Kingdom	167	Uncommon-1	STRENGTH: 4 When Sito wins a battle you get one gold piece from the gold mine.	Sito is the Devine Serpent of Egypt.	4		playerNDragonLair
02Kingdom_K168	Lotan	wyvern/02kingdom/Wyvern-02Kingdom-Lotan.jpg	default	Dragon	1	02Kingdom	168	Uncommon-1	STRENGTH: 3 No battle action cards can be used by either side in battle with Lotan.	Lotan is a Primeval Serpent with seven heads from Cananite mythology.	3		playerNDragonLair
02Kingdom_K169	Midgard Serpent	wyvern/02kingdom/Wyvern-02Kingdom-MidgardSerpent.jpg	default	Dragon	0	02Kingdom	169	Uncommon-1	STRENGTH: 0 SCOUT SUBTERRANEAN	The Nordic Serpent of Midgard.	0		playerNDragonLair
02Kingdom_K170	Behomoth	wyvern/02kingdom/Wyvern-02Kingdom-Behomoth.jpg	default	Dragon	0	02Kingdom	170	Rare-1	STRENGTH: 7 FLYING	Behomoth with fight Leviathan at the end of the world.	7		playerNDragonLair
02Kingdom_K171	Aaron's Rod	wyvern/02kingdom/Wyvern-02Kingdom-AaronsRod.jpg	default	Treasure	1	02Kingdom	171	Rare-2	Battle Action: A dragon in this row gains +1 Strength for each card you discard from your hand.	When Aaron cast t he rod before the Pharoah it became a serpent.			playerNTreasureHorde
02Kingdom_K172	Dragon Mother	wyvern/02kingdom/Wyvern-02Kingdom-DragonMother.jpg	default	Treasure	0	02Kingdom	172	Rare-1	When Dragon Mother is in play the top card of all treasure horde draw piles is always face up.	The Dragon Mother can tell future events.			playerNTreasureHorde
02Kingdom_K173	Dragon Bones	wyvern/02kingdom/Wyvern-02Kingdom-DragonBones.jpg	default	Treasure	0	02Kingdom	173	Rare-1	Action: Pay one gold piece to remove as many cards as you want from one dragon in this row.	Dragon Bones are used for medicinal purposes.			playerNTreasureHorde
02Kingdom_K174	Dragon Skin	wyvern/02kingdom/Wyvern-02Kingdom-DragonSkin.jpg	default	Treasure	0	02Kingdom	174	Rare-1	When replacing any card in your battlefield draw two cards from your dragon lair draw pile.  Discard the card you don't use.	Dragon Skin glows in the dark.			playerNTreasureHorde
02Kingdom_K175	Tablets of Destiny	wyvern/02kingdom/Wyvern-02Kingdom-TabletsOfDestiny.jpg	default	Treasure	0	02Kingdom	175	Rare-1	During each of your draw phases you may pay one gold piece and call out a card.  Opponent must discard one of that card if he has it.	The Tablets of Destiny were discovered by the Babylonian Marduk.			playerNTreasureHorde
02Kingdom_K176	Dragon Ashes	wyvern/02kingdom/Wyvern-02Kingdom-DragonAshes.jpg	default	Treasure	0	02Kingdom	176	Rare-1	During each of your draw phases you may pay one gold piece and discard the top 3 cards from your opponent's treasure horde draw pile.				playerNTreasureHorde
02Kingdom_K177	Dracontias	wyvern/02kingdom/Wyvern-02Kingdom-Dracontias.jpg	default	Treasure	1	02Kingdom	177	Rare-1	Dragons in this row cost one less gold when turned face up.	Dracontias is a gem found in the head of a Dragon.  It must be removed while the Dragon is living to be valuable.			playerNTreasureHorde
02Kingdom_K178	Vishnu	wyvern/02kingdom/Wyvern-02Kingdom-Vishnu.jpg	default	Action	4	02Kingdom	178	Rare-2	A face up dragon of your choice must be turned face down.  This dragon will have to be paid for again the next time it is turned face up.				playerNTreasureHorde
02Kingdom_K179	Indra's Spell	wyvern/02kingdom/Wyvern-02Kingdom-IndrasSpell.jpg	default	Reaction	0	02Kingdom	179	Rare-2	Counters any weather related action card (Heatwave, High Winds, Flood, etc.) Can be used during a battle.	Indra is the Indian Weather God who can abruptly change the weather.			playerNTreasureHorde
02Kingdom_K180	Apollo	wyvern/02kingdom/Wyvern-02Kingdom-Apollo.jpg	default	Battle Action	1	02Kingdom	180	Rare-2	Draw 2 cards from your treasure horde draw pile.				playerNTreasureHorde
02Kingdom_K181	Cadmus	wyvern/02kingdom/Wyvern-02Kingdom-Cadmus.jpg	default	Dragon Slayer Action	2	02Kingdom	181	Common-2	Cadmus kills any flying dragon.	Cadmus is a Greek Dragon Slayer.			playerNTreasureHorde
02Kingdom_K182	Thor	wyvern/02kingdom/Wyvern-02Kingdom-Thor.jpg	default	Dragon Slayer Action	2	02Kingdom	182	Common-2	Thor kills any subterranean dragon.				playerNTreasureHorde
02Kingdom_K183	Poisonous Air	wyvern/02kingdom/Wyvern-02Kingdom-PoisonousAir.jpg	default	Action	0	02Kingdom	183	Common-2	All players lose one gold piece for each face up dragon in their battlefields.				playerNTreasureHorde
02Kingdom_K184	Pirendeus Tree	wyvern/02kingdom/Wyvern-02Kingdom-PirendeusTree.jpg	default	Action	2	02Kingdom	184	Common-2	The card you play the Pirendeus Tree on cannot be attacked by a dragon this turn.	Dragons always avoid the Pirendeus Tree.			playerNTreasureHorde
02Kingdom_K185	Martha of Bethany	wyvern/02kingdom/Wyvern-02Kingdom-MarthaOfBethany.jpg	default	Action	1	02Kingdom	185	Common-1	Play on a face up dragon.  This dragon is immune to dragon slayers for as long as Martha is on the dragon.  If this dragon turns face down, Martha is discarded.	Dragon Slayerrs have to eat too.			playerNTreasureHorde
02Kingdom_K186	Marduk	wyvern/02kingdom/Wyvern-02Kingdom-Marduk.jpg	default	Action	1	02Kingdom	186	Common-2	No battle action cards can be played this turn.	Marduk is the son of Tiamat.			playerNTreasureHorde
02Kingdom_K187	Ra	wyvern/02kingdom/Wyvern-02Kingdom-Ra.jpg	default	Battle Reaction	0	02Kingdom	187	Common-2	This battle cannot be canceled.	Ra is the Sun God.			playerNTreasureHorde
02Kingdom_K188	Seth	wyvern/02kingdom/Wyvern-02Kingdom-Seth.jpg	default	Dragon Slayer Action	2	02Kingdom	188	Rare-3	Seth attacks an opponent's face down card.  Turn the attacked card face up.  If it's a terrain card it is discarded.  If it's a dragon it stays face up and is not paid for.				playerNTreasureHorde
02Kingdom_K189	Zeus	wyvern/02kingdom/Wyvern-02Kingdom-Zeus.jpg	default	Action	0	02Kingdom	189	Common-2	No scouts can attack this turn.				playerNTreasureHorde
02Kingdom_K190	Hercules	wyvern/02kingdom/Wyvern-02Kingdom-Hercules.jpg	default	Action	1	02Kingdom	190	Common-1	Play on a face up dragon that is immune to dragon slayers.  The dragon is no longer immune to dragon slayers as long as Hercules is on the dragon.  Discard Hercules if dragon is turned face down.				playerNTreasureHorde
02Kingdom_K191	Pitch	wyvern/02kingdom/Wyvern-02Kingdom-Pitch.jpg	default	Battle Action	0	02Kingdom	191	Rare-2	The dragon that Pitch is played on loses 2 strength for each fire battle action card played on him instead of gaining strength from the fire cards.  (Ex: Firebreathing, Fireball, etc.)	Pitch is very flammable and will explode when fire gets near it.			playerNTreasureHorde
02Kingdom_K192	Sabra	wyvern/02kingdom/Wyvern-02Kingdom-Sabra.jpg	default	Reaction	0	02Kingdom	192	Rare-2	Sabra is played in response to the play of St. George.  You get two gold from the gold mine and you get to remove any treasure in play.	Sabra is a princess who married St. George.			playerNTreasureHorde
02Kingdom_K193	King Arthur	wyvern/02kingdom/Wyvern-02Kingdom-KingArthur.jpg	default	Action	2	02Kingdom	193	Rare-2	Any dragon slayer played this turn cannot be countered with a reaction card.				playerNTreasureHorde
02Kingdom_K194	Illuyankus	wyvern/02kingdom/Wyvern-02Kingdom-Illuyankus.jpg	default	Dragon	1	02Kingdom	194	Uncommon-1	STRENGTH: 3 FLYING When Illuyankus is one of the two dragons starting a battle no help is allowed by either side.	Illuyankus is a Dragon from Hittite mythology.	3		playerNDragonLair
02Kingdom_K195	Valley	wyvern/02kingdom/Wyvern-02Kingdom-Valley.jpg	default	Action	1	02Kingdom	195	Rare-2	Play this on a face up dragon.  This dragon cannot get or give help for this turn.				playerNTreasureHorde
02Kingdom_K196	Stream	wyvern/02kingdom/Wyvern-02Kingdom-Stream.jpg	default	Terrain	1	02Kingdom	196	Uncommon-1	Dragon's owner must pay one gold piece to the gold mine each of his draw phases that the Stream is on the dragon.				playerNTreasureHorde
02Kingdom_K197	Gully	wyvern/02kingdom/Wyvern-02Kingdom-Gully.jpg	default	Action	0	02Kingdom	197	Common-2	No help is allowed by either side in any battle this turn.				playerNTreasureHorde
02Kingdom_K198	Castle	wyvern/02kingdom/Wyvern-02Kingdom-Castle.jpg	default	Battle Action	1	02Kingdom	198	Rare-2	STRENGTH MODIFIER: +3 You can only play the Castle when you are defending in a battle.			+3	playerNTreasureHorde
02Kingdom_K199	City	wyvern/02kingdom/Wyvern-02Kingdom-City.jpg	default	Action	1	02Kingdom	199	Common-2	A dragon of your choice can be turned face down.				playerNTreasureHorde
02Kingdom_K200	Village	wyvern/02kingdom/Wyvern-02Kingdom-Village.jpg	default	Action	0	02Kingdom	200	Common-2	Remove any one card from a dragon.				playerNTreasureHorde
02Kingdom_K201	Town	wyvern/02kingdom/Wyvern-02Kingdom-Town.jpg	default	Action	1	02Kingdom	201	Rare-2	You may replace two dragon or terrain cards in your battlefield this turn and still do a dragon slayer action or a battle phase.				playerNTreasureHorde
02Kingdom_K202	Abbey	wyvern/02kingdom/Wyvern-02Kingdom-Abbey.jpg	default	Terrain	2	02Kingdom	202	Uncommon-1	This dragon cannot survive a lost battle no matter what cards are played, are in play, or what it says on the dragon.				playerNTreasureHorde
02Kingdom_K203	Trap	wyvern/02kingdom/Wyvern-02Kingdom-Trap.jpg	default	Terrain	0	02Kingdom	203	Uncommon-1	This dragon now belongs to you.  It stays on the Trap in your battlefield.  Pay two gold each of your draw phases to keep dragon.  If trap is removed, or you don't pay, dragon goes back to original owner's battlefield and Trap is discarded.				playerNTreasureHorde
02Kingdom_K204	Hurricane	wyvern/02kingdom/Wyvern-02Kingdom-Hurricane.jpg	default	Terrain	0	02Kingdom	204	Uncommon-1	Kills any flying dragon.				playerNTreasureHorde
02Kingdom_K205	Island	wyvern/02kingdom/Wyvern-02Kingdom-Island.jpg	default	Terrain	0	02Kingdom	205	Uncommon-1	Any flying dragon now belongs to you.  Dragon stays on island in your battlefield.  If Island is removed dragon goes back to original owner's battlefield.				playerNTreasureHorde
02Kingdom_K206	Ruins	wyvern/02kingdom/Wyvern-02Kingdom-Ruins.jpg	default	Terrain	1	02Kingdom	206	Uncommon-1	If this dragon is turned face down it must be paid for again when it is turned face up.				playerNTreasureHorde
02Kingdom_K207	Subterranean River	wyvern/02kingdom/Wyvern-02Kingdom-SubterraneanRiver.jpg	default	Action	0	02Kingdom	207	Common-1	This dragon is now a subterranean dragon and can attack any card as long as the Subterranean River is on him.  Subterranean River is discarded if dragon is turned face down.				playerNTreasureHorde
02Kingdom_K208	Subterranean Gold Mine	wyvern/02kingdom/Wyvern-02Kingdom-SubterraneanGoldMine.jpg	default	Treasure	0	02Kingdom	208	Rare-1	All your subterranean dragons gain +1 Strength when attacking.				playerNTreasureHorde
02Kingdom_K209	Subterranean Lair	wyvern/02kingdom/Wyvern-02Kingdom-SubterraneanLair.jpg	default	Terrain	0	02Kingdom	209	Uncommon-1	Any subterranean dragon is now yours.  The dragon stays on the subterranean lair in your battlefield.  If Lair is removed dragon returns to original owner's battlefield.				playerNTreasureHorde
02Kingdom_K210	City in the Sky	wyvern/02kingdom/Wyvern-02Kingdom-CityInTheSky.jpg	default	Treasure	1	02Kingdom	210	Rare-1	All your flying dragons gain +1 strength when attacking.				playerNTreasureHorde
02Kingdom_K211	Subterranean Tunnels	wyvern/02kingdom/Wyvern-02Kingdom-SubterraneanTunnels.jpg	default	Treasure	0	02Kingdom	211	Common-2	All your subterranean dragons can now attack any card in the battlefield.				playerNTreasureHorde
02Kingdom_K212	Dwarven Gold Mine	wyvern/02kingdom/Wyvern-02Kingdom-DwarvenGoldMine.jpg	default	Treasure	0	02Kingdom	212	Rare-1	Place this card next to an existing treasure position.  This makes a new position for treasure.  You may play any treasure on the Dwarven Gold Mine.  If the Dwarven Gold Mine is removed so is any treasure on it.				playerNTreasureHorde
02Kingdom_K213	Dragon Man	wyvern/02kingdom/Wyvern-02Kingdom-DragonMan.jpg	default	Action	2	02Kingdom	213	Rare-2	If two dragons of the same name are face up on the battlefield, you decide which one is immediately replaced from the player's dragon lair draw pile.				playerNTreasureHorde
02Kingdom_K214	Great Library of Ninevah	wyvern/02kingdom/Wyvern-02Kingdom-GreatLibraryOfNinevah.jpg	default	Treasure	0	02Kingdom	214	Rare-1	You cannot be forced to discard any cards from your hand.				playerNTreasureHorde
02Kingdom_K215	Hall of Chivalry	wyvern/02kingdom/Wyvern-02Kingdom-HallOfChivalry.jpg	default	Action	2	02Kingdom	215	Rare-2	Put Hall of Chivalry on a face up dragon.  This dragon must attack this turn.  If the dragon can't legally attack then it must be replaced.  Play during opponent's turn.				playerNTreasureHorde
02Kingdom_K216	Windsock Banner	wyvern/02kingdom/Wyvern-02Kingdom-WindsockBanner.jpg	default	Treasure	1	02Kingdom	216	Rare-1	All your Archers gain +1 and cannot be stopped by any battle action or reaction cards.	The Windsock Banner is used to help archerrs know which direction the wind is blowing.  It also scares the enemy.			playerNTreasureHorde
02Kingdom_K217	Subterranean Treasure	wyvern/02kingdom/Wyvern-02Kingdom-SubterraneanTreasure.jpg	default	Treasure	2	02Kingdom	217	Rare-1	Battle Action: All your subterranean dragons can help each other when attacking.				playerNTreasureHorde
02Kingdom_K218	The Gambler	wyvern/02kingdom/Wyvern-02Kingdom-TheGambler.jpg	default	Action	0	02Kingdom	218	Rare-2	Guess whether you will discover a terrain or dragon when you attack a face down card this turn.  If you are right get two gold from the gold mine.  If you are wrong pay two gold to the gold mine.				playerNTreasureHorde
02Kingdom_K219	Feast	wyvern/02kingdom/Wyvern-02Kingdom-Feast.jpg	default	Treasure	2	02Kingdom	219	Rare-1	All dragons of 4 or more base strength lose two strength for as long as the feast is in play.	Big Dragons tend to eat too much.			playerNTreasureHorde
02Kingdom_K220	Growth Spurt	wyvern/02kingdom/Wyvern-02Kingdom-GrowthSpurt.jpg	default	Treasure	1	02Kingdom	220	Rare-1	All dragons of 2 or less base strength gain +2 strength as long as Growth Spurt is in play.				playerNTreasureHorde
02Kingdom_K221	Treasure Thief	wyvern/02kingdom/Wyvern-02Kingdom-TreasureThief.jpg	default	Action	2	02Kingdom	221	Common-1	Treasure Thief removes all treasures from play.				playerNTreasureHorde
02Kingdom_K222	Underground Avalanche	wyvern/02kingdom/Wyvern-02Kingdom-UndergroundAvalanche.jpg	default	Terrain	2	02Kingdom	222	Uncommon-1	STRENGTH MODIFIER: -2 Applies only to subterranean dragons.			-2	playerNTreasureHorde
02Kingdom_K223	Place Your Bets	wyvern/02kingdom/Wyvern-02Kingdom-PlaceYourBets.jpg	default	Battle Action	0	02Kingdom	223	Rare-2	You are betting one of your gold pieces that you will win this battle.  Opponent must see your bet of one gold piece or concede the battle.  Winner gets both gold pieces.				playerNTreasureHorde
02Kingdom_K224	All Bets Are Off	wyvern/02kingdom/Wyvern-02Kingdom-AllBetsAreOff.jpg	default	Battle Action	0	02Kingdom	224	Rare-2	No gold can be gained or lost as a result of this battle.  This includes gold from treasures, action cards, and dragon abilities.				playerNTreasureHorde
02Kingdom_K225	Gold Thief	wyvern/02kingdom/Wyvern-02Kingdom-GoldThief.jpg	default	Action	0	02Kingdom	225	Common-2	Take one gold piece from any player's gold pile.				playerNTreasureHorde
02Kingdom_K226	Catch a Thief	wyvern/02kingdom/Wyvern-02Kingdom-CatchAThief.jpg	default	Reaction	0	02Kingdom	226	Common-1	Counters the play of Gold Thief card and gives you one gold piece from opponent's gold pile.  Also counters the play of a Treasure Thief.				playerNTreasureHorde
02Kingdom_K227	Gold Shortage	wyvern/02kingdom/Wyvern-02Kingdom-GoldShortage.jpg	default	Action	0	02Kingdom	227	Common-2	All players take two gold pieces from their gold piles and put them in the gold mine.				playerNTreasureHorde
02Kingdom_K228	Gold Find	wyvern/02kingdom/Wyvern-02Kingdom-GoldFind.jpg	default	Action	0	02Kingdom	228	Common-2	All players take two gold pieces from the gold mine.				playerNTreasureHorde
02Kingdom_K229	Steal Strength	wyvern/02kingdom/Wyvern-02Kingdom-StealStrength.jpg	default	Battle Reaction	1	02Kingdom	229	Rare-2	Play in response to a battle action card with the words STRENGTH MODIFIER on it.  You can place the battle action card on a dragon of your choice in this battle.				playerNTreasureHorde
02Kingdom_K230	Archers	wyvern/02kingdom/Wyvern-02Kingdom-Archers.jpg	default	Battle Action	0	02Kingdom	230	Rare-2	STRENGTH MODIFIER: +2 Archers can only be used when defending.  Cannot be played on flying or subterranean dragons.			+2	playerNTreasureHorde
02Kingdom_K231	Giant Ants	wyvern/02kingdom/Wyvern-02Kingdom-GiantAnts.jpg	default	Battle Action	0	02Kingdom	231	Rare-2	STRENGTH MODIFIER: +2 Giant Ants can only be used by subterranean dragons.			+2	playerNTreasureHorde
02Kingdom_K232	Ravens	wyvern/02kingdom/Wyvern-02Kingdom-Ravens.jpg	default	Battle Action	0	02Kingdom	232	Rare-2	STRENGTH MODIFIER: +2 Ravens can only be used by flying dragons.			+2	playerNTreasureHorde
02Kingdom_K233	Fog	wyvern/02kingdom/Wyvern-02Kingdom-Fog.jpg	default	Battle Action	0	02Kingdom	233	Rare-2	No Archers can be used in this battle.				playerNTreasureHorde
02Kingdom_K234	Giant Anteater	wyvern/02kingdom/Wyvern-02Kingdom-GiantAnteater.jpg	default	Battle Action	0	02Kingdom	234	Rare-2	No Giant Ants can be used in this battle.				playerNTreasureHorde
02Kingdom_K235	Hawks	wyvern/02kingdom/Wyvern-02Kingdom-Hawks.jpg	default	Battle Action	0	02Kingdom	235	Rare-2	No Ravens can be used in this battle.				playerNTreasureHorde
02Kingdom_K236	Frozen Assets	wyvern/02kingdom/Wyvern-02Kingdom-FrozenAssets.jpg	default	Action	3	02Kingdom	236	Rare-2	Player of your choice cannot spend any more gold on action or battle action cards this turn.				playerNTreasureHorde
02Kingdom_K237	Lightning	wyvern/02kingdom/Wyvern-02Kingdom-Lightning.jpg	default	Action	0	02Kingdom	237	Common-1	This dragon is now a flying dragon as long as Lightning is on the dragon.  Lightning is discarded if the dragon is turned face down.				playerNTreasureHorde
02Kingdom_K238	Help from Beyond	wyvern/02kingdom/Wyvern-02Kingdom-HelpFromBeyond.jpg	default	Battle Action	1	02Kingdom	238	Rare-2	Both players add top card from their dragon lair draw pile to battle.  Dragons must be paid for and their strength added.  If terrain affects opponent's dragon, terrain owner gets any gold on terrain card.  All cards drawn are discarded after battle.				playerNTreasureHorde
02Kingdom_K239	Invisibility	wyvern/02kingdom/Wyvern-02Kingdom-Invisibility.jpg	default	Action	0	02Kingdom	239	Rare-2	All cards starting battle face down stay face down and all battle action cards are played face down.  After all cards are played they are revealed in the order played.  All battle action cards must be paid for even if a terrain card was discovered.				playerNTreasureHorde
02Kingdom_K240	Ambrosia	wyvern/02kingdom/Wyvern-02Kingdom-Ambrosia.jpg	default	Action	0	02Kingdom	240	Common	You may play as many treasures as you want during your action phases this turn.	Ambrosia is the food of the Gods.			playerNTreasureHorde
02Kingdom_K241	Pan	wyvern/02kingdom/Wyvern-02Kingdom-Pan.jpg	default	Action	0	02Kingdom	241	Uncommon	Opponent must show you his hand and lose one gold for each dragon slayer action card in his hand that he doesn't discard.	Pan fills men with fears.			playerNTreasureHorde
02Kingdom_K242	Adonis	wyvern/02kingdom/Wyvern-02Kingdom-Adonis.jpg	default	Action	2	02Kingdom	242	Common	Place Adonis on a face up scout.  This dragon is no longer a scout, and loses all special abilities as long as Adonis is on the dragon.  Discard Adonis if the dragon is turned face down.	Adonis was a handsome young man who was killed by a wild boar.			playerNTreasureHorde
02Kingdom_K243	Minotaur	wyvern/02kingdom/Wyvern-02Kingdom-Minotaur.jpg	default	Battle Action	1	02Kingdom	243	Common	STRENGTH MODIFIER: +4 Can only be played on dragons with a base strength of 2 or less.			+4	playerNTreasureHorde
02Kingdom_K244	Medusa	wyvern/02kingdom/Wyvern-02Kingdom-Medusa.jpg	default	Action	0	02Kingdom	244	Uncommon	A player of your choice cannot move any cards in the movement phase of his next turn.	If you look at Medusa you turn to stone.			playerNTreasureHorde
02Kingdom_K245	Chronos	wyvern/02kingdom/Wyvern-02Kingdom-Chronos.jpg	default	Treasure	2	02Kingdom	245	Uncommon	You go first in all action and battle action phases as long as Chronos is in play.				playerNTreasureHorde
02Kingdom_K246	Atlantis	wyvern/02kingdom/Wyvern-02Kingdom-Atlantis.jpg	default	Treasure	2	02Kingdom	246	Uncommon	Draw Phase: You may draw card from your dragon lair draw pile and place it under Atlantis.  Battle Phase: If you discard from your battlefield you may replace with a card from Atlantis.  If Atlantis is removed from play, all cards under it are discarded.				playerNTreasureHorde
02Kingdom_K247	Avalon	wyvern/02kingdom/Wyvern-02Kingdom-Avalon.jpg	default	Action	4	02Kingdom	247	Uncommon	Place Avalon face up in a vacant battlefield position.  Immediately place the top card from your dragon lair draw pile face down on top of Avalon.  You may not voluntarily replace the card that is on Avalon.  When the card is destroyed, Avalon is discarded.				playerNTreasureHorde
02Kingdom_K248	Banshee	wyvern/02kingdom/Wyvern-02Kingdom-Banshee.jpg	default	Battle Action	0	02Kingdom	248	Common	The winner of this battle loses one gold and gets no draw phase next turn.	The Banshee is a spirit that can be heard wailing at the death of a family member to whom it is attached.			playerNTreasureHorde
02Kingdom_K249	Camelot	wyvern/02kingdom/Wyvern-02Kingdom-Camelot.jpg	default	Terrain	2	02Kingdom	249	Common	Dragon can not be turned face down while in Camelot.	Camelot is the home of King Arthur's Court.			playerNTreasureHorde
02Kingdom_K250	Cyclops	wyvern/02kingdom/Wyvern-02Kingdom-Cyclops.jpg	default	Battle Action	1	02Kingdom	250	Common	All dragons helping one side of this battle run away and are no longer in this battle.				playerNTreasureHorde
02Kingdom_K251	Dwarf King	wyvern/02kingdom/Wyvern-02Kingdom-DwarfKing.jpg	default	Treasure	1	02Kingdom	251	Common	You do not have to show your hand to any player and all actions that require this are countered.				playerNTreasureHorde
02Kingdom_K252	Fortuna	wyvern/02kingdom/Wyvern-02Kingdom-Fortuna.jpg	default	Battle Action	0	02Kingdom	252	Uncommon	Any strength modifier played during this battle by any player cannot be stopped by a battle action or reaction card.	Fortuna is the Roman Goddess of good luck.			playerNTreasureHorde
02Kingdom_K253	Dragon On Strike	wyvern/02kingdom/Wyvern-02Kingdom-DragonOnStrike.jpg	default	Action	1	02Kingdom	253	Uncommon	Play on a face up dragon.  Dragon's owner must immediately pay two gold to the gold mine or replace the dragon with the top card from his dragon lair draw pile.				playerNTreasureHorde
02Kingdom_K254	Bribery	wyvern/02kingdom/Wyvern-02Kingdom-Bribery.jpg	default	Action	1	02Kingdom	254	Uncommon	Play Bribery on a face up dragon.  This dragon may not attack during this turn.				playerNTreasureHorde
02Kingdom_K255	Sir Galahad	wyvern/02kingdom/Wyvern-02Kingdom-SirGalahad.jpg	default	Dragon Slayer Action	2	02Kingdom	255	Common	Kills any dragon of 4 or more strength.	Galahad is destined to find the Holy Grail.			playerNTreasureHorde
02Kingdom_K256	Gram	wyvern/02kingdom/Wyvern-02Kingdom-Gram.jpg	default	Battle Action	1	02Kingdom	256	Uncommon	The dragon that wins this battle loses 2 strength.  This takes effect after battle for the rest of the game.	Sigurd's sword was forged for him out of fragments of his father's sword.			playerNTreasureHorde
02Kingdom_K257	Hypnos	wyvern/02kingdom/Wyvern-02Kingdom-Hypnos.jpg	default	Battle Action	3	02Kingdom	257	Uncommon	You can force any face up dragon to help on either side of this battle.  Dragon can't already be in the battle.	Hypnos is the god of sleep.			playerNTreasureHorde
02Kingdom_K258	Ida	wyvern/02kingdom/Wyvern-02Kingdom-Ida.jpg	default	Terrain	2	02Kingdom	258	Common	Dragon loses all special abilities.	Ida is the mountain in Asai Minor on which Paris gave his fatal judgement, and the highest mountain in Crete where Zeus was reared.			playerNTreasureHorde
02Kingdom_K259	Labyrinth	wyvern/02kingdom/Wyvern-02Kingdom-Labyrinth.jpg	default	Terrain	2	02Kingdom	259	Common	The dragon in the Labyrinth can not be replaced by choice.  The dragon can only be replaced if the owner can't legally do anything else.	Daedalus built the Labyrinth for Minos, King of Crete, as a prison for the Minotaur.			playerNTreasureHorde
02Kingdom_K260	Merlin	wyvern/02kingdom/Wyvern-02Kingdom-Merlin.jpg	default	Action	0	02Kingdom	260	Uncommon	Move any card on a face up dragon in either battlefield to any other face up dragon.	Merlin is a magician in King Arthur's Court.			playerNTreasureHorde
02Kingdom_K261	Midas	wyvern/02kingdom/Wyvern-02Kingdom-Midas.jpg	default	Action	0	02Kingdom	261	Uncommon	Discard any dragon from your battlefield and get gold from the gold mine equal to the discarded dragon's strength plus gold symbols.  The dragon is not replaced.	Midas is a King of Phrygia with the famous 'Midas Touch.'			playerNTreasureHorde
02Kingdom_K262	Sirens	wyvern/02kingdom/Wyvern-02Kingdom-Sirens.jpg	default	Action	1	02Kingdom	262	Common	Play during opponent's turn.  Opponent must attack with a face down dragon if possible.  If he can't attack with a face down dragon, he must replace a card in his battle phase.	Sirens live on an island near Scylla and Charybis and lure men to their death with melodious song.			playerNTreasureHorde
02Kingdom_K263	Tor	wyvern/02kingdom/Wyvern-02Kingdom-Tor.jpg	default	Battle Action	0	02Kingdom	263	Uncommon	Treasure of your choice has no effect during this battle.	Tor is a Knight of King Arthur's Round Table.			playerNTreasureHorde
02Kingdom_K264	Valhalla	wyvern/02kingdom/Wyvern-02Kingdom-Valhalla.jpg	default	Treasure	0	02Kingdom	264	Uncommon	Any dragon slayer played by any player costs zero gold to play as long as Valhalla is in play.	Valhalla is the great feasting hall of the castle Gladsheim in Asgard.			playerNTreasureHorde
02Kingdom_K265	Wandering Rocks	wyvern/02kingdom/Wyvern-02Kingdom-WanderingRocks.jpg	default	Terrain	1	02Kingdom	265	Common	STRENGTH MODIFIER: -1 Wandering Rocks owner can move Wandering Rocks to another face up dragon as an action.	Wandering Rocks were at the entrance to the Hellespont and clashed together when a ship tried to pass between them.		-1	playerNTreasureHorde
02Kingdom_K266	Cricket	wyvern/02kingdom/Wyvern-02Kingdom-Cricket.jpg	default	Battle Action	0	02Kingdom	266	Common	STRENGTH MODIFIER: +3 Can only be played on a dragon with a base strength of 2 or less.			+3	playerNTreasureHorde
02Kingdom_K267	Celestial Charger	wyvern/02kingdom/Wyvern-02Kingdom-CelestialCharger.jpg	default	Battle Action	2	02Kingdom	267	Common	STRENGTH MODIFIER: +5 Can only be played on a dragon with a base strength of 2 or less.			+5	playerNTreasureHorde
02Kingdom_K268	Panther	wyvern/02kingdom/Wyvern-02Kingdom-Panther.jpg	default	Battle Action	4	02Kingdom	268	Rare	STRENGTH MODIFIER: +5			+5	playerNTreasureHorde
02Kingdom_K269	Puk	wyvern/02kingdom/Wyvern-02Kingdom-Puk.jpg	default	Reaction	0	02Kingdom	269	Common	Counters any attempt to destroy or remove a treasure from your battlefield.  When used against a Pick a Treasure attempt the Pick a Treasure is discarded.	Puk is a Baltic Dragon who brings Treasures to the household he is protecting.			playerNTreasureHorde
02Kingdom_K270	Roc	wyvern/02kingdom/Wyvern-02Kingdom-Roc.jpg	default	Battle Action	0	02Kingdom	270	Uncommon	The dragon that wins this battle loses one strength for each gold piece you pay to the gold mine.	Roc is an Arabian storm bird who feeds elephants to his young.			playerNTreasureHorde
02Kingdom_K271	Golden Dragon	wyvern/02kingdom/Wyvern-02Kingdom-GoldenDragon.jpg	default	Dragon	2	02Kingdom	271	Common	STRENGTH: 2 When Golden Dragon wins a battle, you get gold equal to the base strength of the dragon(s) defeated.	The Golden Dragon is the Chinese Dragon King.	2		playerNDragonLair
02Kingdom_K272	Tatsu	wyvern/02kingdom/Wyvern-02Kingdom-Tatsu.jpg	default	Dragon	1	02Kingdom	272	Common	STRENGTH: 0 SCOUT When Tatsu loses a battle you can put a -1 strength counter on any face up dragon.	In Japanese myth, Tatsu is the sign in the Zodiac we know as Leo.	0		playerNDragonLair
02Kingdom_K273	Ri-Riu	wyvern/02kingdom/Wyvern-02Kingdom-RiRiu.jpg	default	Dragon	1	02Kingdom	273	Common	STRENGTH: 0 SCOUT SUPER FLYER Ri-Riu can attack any card.	Ri-Riu can see more than a mile.	0		playerNDragonLair
02Kingdom_K274	Nergal	wyvern/02kingdom/Wyvern-02Kingdom-Nergal.jpg	default	Dragon	1	02Kingdom	274	Common	STRENGTH: 2 When Nergal wins a battle, you can put a +1 strength counter on any face up dragon.	Nergal is a Babylonian Dragon.	2		playerNDragonLair
02Kingdom_K275	Earthly Naga	wyvern/02kingdom/Wyvern-02Kingdom-EarthlyNaga.jpg	default	Dragon	2	02Kingdom	275	Uncommon	STRENGTH: 0 Earthly Naga gains +1 strength for each terrain card on him.  Ignore all other effects of terrain card except gold symbols.	Earthly Naga is the Indian Dragon that clears out rivers.	0		playerNDragonLair
02Kingdom_K276	Dragon of Exe Valley	wyvern/02kingdom/Wyvern-02Kingdom-DragonOfExeValley.jpg	default	Dragon	2	02Kingdom	276	Uncommon	STRENGTH: 1 FLYING When attacking, Dragon of Exe Valley's strength is the number of treasures in play on both sides.	This is an English Dragon who flies across Exe Valley every night to guard Treasure Hordes at Cadbury Castle and Dolbury Hill.	1		playerNDragonLair
02Kingdom_K277	Green Dragon	wyvern/02kingdom/Wyvern-02Kingdom-GreenDragon.jpg	default	Dragon	1	02Kingdom	277	Common	STRENGTH: 1 When Green Dragon loses a battle winning dragon loses any special abilities for the rest of the game.	Green Dragon is a Chinese Dragon in Feng-shui myth.	1		playerNDragonLair
03Phoenix_p01	Ambrosia	wyvern/03phoenix/Wyvern-03Phoenix-Ambrosia.jpg	default	Action	0	03Phoenix	1	Common	You may play as many treasures as you want during your action phases this turn.	Ambrosia is the food of the Gods.			playerNTreasureHorde
03Phoenix_p02	Nectar	wyvern/03phoenix/Wyvern-03Phoenix-Nectar.jpg	default	Treasure	4	03Phoenix	2	Uncommon	Draw one extra card during each of your draw phases.	Nectar is the drink of the Gods.			playerNTreasureHorde
03Phoenix_p03	Tortoise	wyvern/03phoenix/Wyvern-03Phoenix-Tortoise.jpg	default	Hidden Action	0	03Phoenix	3	Common	Place face down under one of your face down dragons.  The dragon gains +1 strength when defending as long as the Tortoise is on the dragon.  Can't use on flyers or subterranean dragons.	In Chinese mythology, the Tortoise could not be killed by Dragons and could not kill Dragons.			playerNTreasureHorde
03Phoenix_p04	Crocodile	wyvern/03phoenix/Wyvern-03Phoenix-Crocodile.jpg	default	Dragon	1	03Phoenix	4	Common	STRENGTH: 2 If Crocodile loses battle, winning dragon cannot be turned face down for rest of game.	In many cultures Crocodiles are treated as Dragons.	2		playerNDragonLair
03Phoenix_p05	Elephants	wyvern/03phoenix/Wyvern-03Phoenix-Elephants.jpg	default	Hidden Action	0	03Phoenix	5	Uncommon	Place  face down and sideways under an opponent's face down card.  If it is under a dragon, the dragon loses 1 strength when attacking as long as Elephants are on the dragon.  Discard the Elephants if under a terrain card.	Elephants crush Dragons as they fall.			playerNTreasureHorde
03Phoenix_p06	Pan	wyvern/03phoenix/Wyvern-03Phoenix-Pan.jpg	default	Action	0	03Phoenix	6	Uncommon	Opponent must show you his hand and lose one gold for each dragon slayer action card in his hand that he doesn't discard.	Pan fills men with fears.			playerNTreasureHorde
03Phoenix_p07	Achilles	wyvern/03phoenix/Wyvern-03Phoenix-Achilles.jpg	default	Hidden Action	0	03Phoenix	7	Uncommon	Place face down and sideways under an opponent's face down card.  If it is under a dragon, that dragon loses 1 strength when defending as long as Achilles is on the dragon.  Discard Achilles if under a terrain card.	Achilles was a Greek hero who was killed when Paris shot him in the heel with a poisoned arrow.			playerNTreasureHorde
03Phoenix_p08	Adonis	wyvern/03phoenix/Wyvern-03Phoenix-Adonis.jpg	default	Action	2	03Phoenix	8	Common	Place Adonis on a face up scout.  This dragon is no longer a scout, and loses all special abilities as long as Adonis is on the dragon.  Discard Adonis if the dragon is turned face down.	Adonis was a handsome young man who was killed by a wild boar.			playerNTreasureHorde
03Phoenix_p09	Agravain	wyvern/03phoenix/Wyvern-03Phoenix-Agravain.jpg	default	Hidden Action	0	03Phoenix	9	Uncommon	Place face down and sideways under an opponent's face down card.  If it is under a dragon, that dragon may not be turned face down as long as Agravain is on the dragon.  Discard Agravain if under a terrain card.	A lesser Knight of the Roudn Table who did not like Lancelot.			playerNTreasureHorde
03Phoenix_p10	Ajax	wyvern/03phoenix/Wyvern-03Phoenix-Ajax.jpg	default	Reaction	0	03Phoenix	10	Common	Ajax counters the play of any intercept action.	Ajax is a giant Greek warrior who fought in the Trojan war.			playerNTreasureHorde
03Phoenix_p11	Amazons	wyvern/03phoenix/Wyvern-03Phoenix-Amazons.jpg	default	Hidden Action	0	03Phoenix	11	Uncommon	Place face down and sideways under an opponent's face down card.  If it is under terrain, the Amazons add +2 strength modifier to that terrain.  Discard Amazons if under a dragon.				playerNTreasureHorde
03Phoenix_p12	Hippolyte	wyvern/03phoenix/Wyvern-03Phoenix-Hippolyte.jpg	default	Hidden Action	0	03Phoenix	12	Uncommon	Place face down and sideways under an opponent's face down card.  If it is under terrain, the terrain owner gets two gold less from this terrain.  Discard Hippolyte if under a dragon.				playerNTreasureHorde
03Phoenix_p13	Minotaur	wyvern/03phoenix/Wyvern-03Phoenix-Minotaur.jpg	default	Battle Action	1	03Phoenix	13	Common	STRENGTH MODIFIER: +4 Can only be played on dragons with a base strength of 2 or less.			+4	playerNTreasureHorde
03Phoenix_p14	Medusa	wyvern/03phoenix/Wyvern-03Phoenix-Medusa.jpg	default	Action	0	03Phoenix	14	Uncommon	A player of your choice cannot move any cards in the movement phase of his next turn.	If you look at Medusa you turn to stone.			playerNTreasureHorde
03Phoenix_p15	Echo	wyvern/03phoenix/Wyvern-03Phoenix-Echo.jpg	default	Hidden Action	0	03Phoenix	15	Common	Place face down under one of your terrains.  If terrain applies to a dragon attacking it, you get two gold pieces in addition to any pieces already on the terrain card.	Echo is forbidden to speak anything but the last syllable of the previous speaker.			playerNTreasureHorde
03Phoenix_p16	Chronos	wyvern/03phoenix/Wyvern-03Phoenix-Chronos.jpg	default	Treasure	2	03Phoenix	16	Uncommon	You go first in all action and battle phases as long as Chronos is in play.				playerNTreasureHorde
03Phoenix_p17	Poseidon	wyvern/03phoenix/Wyvern-03Phoenix-Poseidon.jpg	default	Hidden Action	0	03Phoenix	17	Common	Place face down under one of your terrain cards.  Poseidon adds another -2 strength modifier to the terrain.	Poseidon is the god of the sea.			playerNTreasureHorde
03Phoenix_p18	Atlantis	wyvern/03phoenix/Wyvern-03Phoenix-Atlantis.jpg	default	Treasure	0	03Phoenix	18	Uncommon	Draw Phase: You may draw card from your dragon lair draw pile and place it under Atlantis.  Battle Phase: If you discard from your battlefield you may replace with a card from Atlantis.  If Atlantis is removed from play, all cards under it are discarded.				playerNTreasureHorde
03Phoenix_p19	Atlas	wyvern/03phoenix/Wyvern-03Phoenix-Atlas.jpg	default	Battle Reaction	0	03Phoenix	19	Uncommon	Battle action or intercept action just played is countered unless owner pays two gold to the gold mine.				playerNTreasureHorde
03Phoenix_p20	Avalon	wyvern/03phoenix/Wyvern-03Phoenix-Avalon.jpg	default	Action	4	03Phoenix	20	Uncommon	Place Avalon face up in a vacant battlefield position.  Immediately place the top card from your dragon lair draw pile face down on top of Avalon.  You may not voluntarily replace the card that is on Avalon.  When the card is destroyed, Avalon is discarded.				playerNTreasureHorde
03Phoenix_p21	Banshee	wyvern/03phoenix/Wyvern-03Phoenix-Banshee.jpg	default	Battle Action	0	03Phoenix	21	Common	The winner of this battle loses one gold and gets no draw phase next turn.	The Banshee is a spirit that can be heard wailing at the death of a family member to whom it is attached.			playerNTreasureHorde
03Phoenix_p22	Bifrost	wyvern/03phoenix/Wyvern-03Phoenix-Bifrost.jpg	default	Treasure	1	03Phoenix	22	Uncommon	All flying dragons in this row are now super flyers and can attack any card in the battlefield.	The Bifrost is the Rainbow Bridge from Norse mythology that spans the air from Earth to Asgard, the home of the Gods.			playerNTreasureHorde
03Phoenix_p23	Calypso	wyvern/03phoenix/Wyvern-03Phoenix-Calypso.jpg	default	Reaction	0	03Phoenix	23	Uncommon	Action, reaction, or dragon slayer action is countered unless owner pays two gold to the goldmine.				playerNTreasureHorde
03Phoenix_p24	Camelot	wyvern/03phoenix/Wyvern-03Phoenix-Camelot.jpg	default	Terrain	2	03Phoenix	24	Common	Dragon can not be turned face down while in Camelot.	Camelot is the home of King Arthur's Court.			playerNTreasureHorde
03Phoenix_p25	Centaurs	wyvern/03phoenix/Wyvern-03Phoenix-Centaurs.jpg	default	Action	1	03Phoenix	25	Common	Opponent pays one gold to the gold mine for each treasure he has in play.  Any treasure not paid for is removed from play.				playerNTreasureHorde
03Phoenix_p26	Blinding Light	wyvern/03phoenix/Wyvern-03Phoenix-BlindingLight.jpg	default	Hidden Action	0	03Phoenix	26	Common	Place face down under one of your terrain cards.  If a scout destroys the terrain card, the scout loses the ability to scout and any other special ability on the card.				playerNTreasureHorde
03Phoenix_p27	Cyclops	wyvern/03phoenix/Wyvern-03Phoenix-Cyclops.jpg	default	Battle Action	1	03Phoenix	27	Common	All dragons helping one side of this battle run away and are no longer in this battle.				playerNTreasureHorde
03Phoenix_p28	Dwarf King	wyvern/03phoenix/Wyvern-03Phoenix-DwarfKing.jpg	default	Treasure	1	03Phoenix	28	Common	You do not have to show your hand to any player and all actions that require this are countered.				playerNTreasureHorde
03Phoenix_p29	Fortuna	wyvern/03phoenix/Wyvern-03Phoenix-Fortuna.jpg	default	Battle Action	0	03Phoenix	29	Uncommon	Any strength modifier played during this battle by any player cannot be stopped by a battle action or reaction card.	Fortuna is the Roman Goddess of good luck.			playerNTreasureHorde
03Phoenix_p30	Inflation	wyvern/03phoenix/Wyvern-03Phoenix-Inflation.jpg	default	Treasure	0	03Phoenix	30	Uncommon	All dragons cost one more gold as long as Inflation is in play.				playerNTreasureHorde
03Phoenix_p31	Dragon On Strike	wyvern/03phoenix/Wyvern-03Phoenix-DragonOnStrike.jpg	default	Action	1	03Phoenix	31	Uncommon	Play on a face up dragon.  Dragon's owner must immediately pay two gold to the gold mine or replace the dragon with the top card from his dragon lair draw pile.				playerNTreasureHorde
03Phoenix_p32	Bribery	wyvern/03phoenix/Wyvern-03Phoenix-Bribery.jpg	default	Action	1	03Phoenix	32	Uncommon	Play Bribery on a face up dragon.  This dragon may not attack during this turn.				playerNTreasureHorde
03Phoenix_p33	Price Hike	wyvern/03phoenix/Wyvern-03Phoenix-PriceHike.jpg	default	Treasure	0	03Phoenix	33	Uncommon	All cards from players' hands cost one more gold while price hike is in play.				playerNTreasureHorde
03Phoenix_p34	Sale	wyvern/03phoenix/Wyvern-03Phoenix-Sale.jpg	default	Treasure	0	03Phoenix	34	Uncommon	All cards played from players' hands cost one less gold as long as sale is in play.				playerNTreasureHorde
03Phoenix_p35	Frey	wyvern/03phoenix/Wyvern-03Phoenix-Frey.jpg	default	Treasure	0	03Phoenix	35	Uncommon	In each player's draw phase, the player draws until he has eight cards in his hand.	Frey is the Norse God of fruitfulness and the protector of marriage.			playerNTreasureHorde
03Phoenix_p36	Sir Galahad	wyvern/03phoenix/Wyvern-03Phoenix-SirGalahad.jpg	default	Dragon Slayer Action	2	03Phoenix	36	Common	Kills any dragon of 4 or more strength.	Galahad is destined to find the Holy Grail.			playerNTreasureHorde
03Phoenix_p37	Gram	wyvern/03phoenix/Wyvern-03Phoenix-Gram.jpg	default	Battle Action	1	03Phoenix	37	Uncommon	The dragon that wins this battle loses 2 strength.  This takes effect after battle for the rest of the game.	Sigurd's sword was forged for him out of fragments of his father's sword.			playerNTreasureHorde
03Phoenix_p38	Harpies	wyvern/03phoenix/Wyvern-03Phoenix-Harpies.jpg	default	Hidden Action	0	03Phoenix	38	Common	Play Harpies face down under one of your face down flying dragons.  Dragon gains +1 strength when attacking as long as Harpies are on the dragon.				playerNTreasureHorde
03Phoenix_p39	Hypnos	wyvern/03phoenix/Wyvern-03Phoenix-Hypnos.jpg	default	Battle Action	3	03Phoenix	39	Uncommon	You can force any face up dragon to help on either side of this battle.  Dragon can't already be in the battle.	Hypnos is the god of sleep.			playerNTreasureHorde
03Phoenix_p40	Ida	wyvern/03phoenix/Wyvern-03Phoenix-Ida.jpg	default	Terrain	2	03Phoenix	40	Common	Dragon loses all special abilities.	Ida is the mountain in Asia Minor on which Paris gave his fatal judgement, and the highest mountain in Crete where Zeus was reared.			playerNTreasureHorde
03Phoenix_p41	Ishtar	wyvern/03phoenix/Wyvern-03Phoenix-Ishtar.jpg	default	Action	3	03Phoenix	41	Uncommon	You may immediately replace a card in your battlefield with a card of your choice from your dragon lair discard pile.	When her husband Tammuz died, Ishtar descended into the underworld to bring him back.			playerNTreasureHorde
03Phoenix_p42	Labyrinth	wyvern/03phoenix/Wyvern-03Phoenix-Labyrinth.jpg	default	Terrain	2	03Phoenix	42	Common	The Dragon in the Labyrinth can not be replaced by choice.  The dragon can only be replaced if the owner can't legally do anything else.	Daedalus built the Labyrinth for Minos, King of Crete, as a prison for the Minotaur.			playerNTreasureHorde
03Phoenix_p43	Merlin	wyvern/03phoenix/Wyvern-03Phoenix-Merlin.jpg	default	Action	0	03Phoenix	43	Uncommon	Move any card on a face up dragon in either battlefield to any other face up dragon.	Merlin is a magician in King Arthur's Court.			playerNTreasureHorde
03Phoenix_p44	Midas	wyvern/03phoenix/Wyvern-03Phoenix-Midas.jpg	default	Action	0	03Phoenix	44	Uncommon	Discard any dragon from your battlefield and get gold from the gold mine equal to the discarded dragon's strength plus gold symbols.  The dragon is not replaced.	Midas is a King of Phrygia with the famouse 'Midas Touch.'			playerNTreasureHorde
03Phoenix_p45	Pandora	wyvern/03phoenix/Wyvern-03Phoenix-Pandora.jpg	default	Action	2	03Phoenix	45	Uncommon	Switch hands with your opponent for the remainder of this turn.	All the ills of the world are contained in Pandora's box.			playerNTreasureHorde
03Phoenix_p46	Prometheus	wyvern/03phoenix/Wyvern-03Phoenix-Prometheus.jpg	default	Battle Action	0	03Phoenix	46	Uncommon	Opponent must show you his hand and lose one gold for each battle action card in his hand that he doesn't discard.	Prometheus is forever chained and suffering, but remains confident that his cause will triumph.			playerNTreasureHorde
03Phoenix_p47	Sirens	wyvern/03phoenix/Wyvern-03Phoenix-Sirens.jpg	default	Action	1	03Phoenix	47	Common	Play during opponent's turn.  Opponent must attack with a face down dragon if possible.  If he can't attack with a face down dragon, he must replace a card in his battle phase.	Sirens live on an island near Sclla and Charybis and lure men to their death with melodious song.			playerNTreasureHorde
03Phoenix_p48	Tor	wyvern/03phoenix/Wyvern-03Phoenix-Tor.jpg	default	Battle Action	0	03Phoenix	48	Uncommon	Treasure of your choice has no effect during this battle.	Tor is a Knight of King Arthur's Round Table.			playerNTreasureHorde
03Phoenix_p49	Trolls	wyvern/03phoenix/Wyvern-03Phoenix-Trolls.jpg	default	Hidden Action	0	03Phoenix	49	Common	Place face down under one of your face down subterranean dragons.  The dragon gains +1 strength when attacking as long as the Trolls are on him.	Trolls burst if sunlight touches them.			playerNTreasureHorde
03Phoenix_p50	Valhalla	wyvern/03phoenix/Wyvern-03Phoenix-Valhalla.jpg	default	Treasure	0	03Phoenix	50	Uncommon	Any dragon slayer played by any player costs zero gold to play as long as Valhalla is in play.	Valhalla is the great feasting hall of the castle Gladsheim in Asgard.			playerNTreasureHorde
03Phoenix_p51	Wandering Rocks	wyvern/03phoenix/Wyvern-03Phoenix-WanderingRocks.jpg	default	Terrain	1	03Phoenix	51	Common	STRENGTH MODIFIER: -1 Wandering Rocks' owner can move Wandering Rocks to another face up dragon as an action.	Wandering Rocks were at the entrance to the Hellespont and clashed together when a ship tried to pass between them.		-1	playerNTreasureHorde
03Phoenix_p52	Trojan Horse	wyvern/03phoenix/Wyvern-03Phoenix-TrojanHorse.jpg	default	Treasure	2	03Phoenix	52	Rare	Action: Place a battle action card from hand under Trojan Horse.  Battle Action: Play all cards from Trojan Horse at not gold cost.  If Trojan Horse is removed from play, all cards under it are discarded.				playerNTreasureHorde
03Phoenix_p53	Ape	wyvern/03phoenix/Wyvern-03Phoenix-Ape.jpg	default	Intercept Action	0	03Phoenix	53	Uncommon	STRENGTH: 2 INTERCEPTOR Attacker must kill Ape before reaching intended target.  Ape counts as dragon in attacked row.  Discard Ape after battle.	The ancient Egyptians venerate the Ape.	2		playerNTreasureHorde
03Phoenix_p54	Badger	wyvern/03phoenix/Wyvern-03Phoenix-Badger.jpg	default	Battle Action	2	03Phoenix	54	Uncommon	Trade hands with your opponent until the end of this battle.	In Chinese myth, the badger is full of mischief and playfulness.  The badger is a shapeshifter in Japanese myth.			playerNTreasureHorde
03Phoenix_p55	Cricket	wyvern/03phoenix/Wyvern-03Phoenix-Cricket.jpg	default	Battle Action	0	03Phoenix	55	Common	STRENGTH MODIFIER: +3 Can only be played on a dragon with a base strength of 2 or less.			+3	playerNTreasureHorde
03Phoenix_p56	Doves	wyvern/03phoenix/Wyvern-03Phoenix-Doves.jpg	default	Battle Action	0	03Phoenix	56	Common	If the battle is a tie, it is a draw and both dragons survive.				playerNTreasureHorde
03Phoenix_p57	Firefly	wyvern/03phoenix/Wyvern-03Phoenix-Firefly.jpg	default	Intercept Action	3	03Phoenix	57	Uncommon	You can redirect attacking dragon to any card which the dragon can legally attack in your battlefield.	In Japanese myth, spirits can take the form of a firefly.			playerNTreasureHorde
03Phoenix_p58	Golden Grasshopper	wyvern/03phoenix/Wyvern-03Phoenix-GoldenGrasshopper.jpg	default	Battle Action	0	03Phoenix	58	Uncommon	Whenever this battle is tied, the defender is ahead.	In ancient Greece, the Golden Grasshopper stood for nobility.			playerNTreasureHorde
03Phoenix_p59	Celestial Charger	wyvern/03phoenix/Wyvern-03Phoenix-CelestialCharger.jpg	default	Battle Action	2	03Phoenix	59	Common	STRENGTH MODIFIER: +5 Can only be played on a dragon with base strength of 2 or less.			+5	playerNTreasureHorde
03Phoenix_p60	The Pathfinder	wyvern/03phoenix/Wyvern-03Phoenix-ThePathfinder.jpg	default	Action	3	03Phoenix	60	Rare	Play on a face up dragon.  This dragon is a scout for this turn.  All other dragon abilities remain the same.				playerNTreasureHorde
03Phoenix_p61	Red Kangaroo	wyvern/03phoenix/Wyvern-03Phoenix-RedKangaroo.jpg	default	Reaction	2	03Phoenix	61	Uncommon	Intercept action just played is countered and you can destroy any card on the table.	The Red Kangaroo, or Kolakola, is an Australian Aboriginal myth.			playerNTreasureHorde
03Phoenix_p62	Lynx	wyvern/03phoenix/Wyvern-03Phoenix-Lynx.jpg	default	Intercept Action	3	03Phoenix	62	Uncommon	STRENGTH: 5 INTERCEPTOR Attacker must kill Lynx before reaching intended target.  Lynx counts as dragon in attacked row.  Discard Lynx after battle.		5		playerNTreasureHorde
03Phoenix_p63	Mermaid	wyvern/03phoenix/Wyvern-03Phoenix-Mermaid.jpg	default	Action	1	03Phoenix	63	Uncommon	Remove all cards that are attached to other cards in both battlefields.  This includes cards that are attached to treasures.				playerNTreasureHorde
03Phoenix_p64	Opinicus	wyvern/03phoenix/Wyvern-03Phoenix-Opinicus.jpg	default	Intercept Action	1	03Phoenix	64	Uncommon	STRENGTH: 3 INTERCEPTOR Attacker must kill Opinicus before reaching intended target.  Opinicus counts as dragon in attacked row.  Discard Opinicus after battle.		3		playerNTreasureHorde
03Phoenix_p65	Owl	wyvern/03phoenix/Wyvern-03Phoenix-Owl.jpg	default	Action	4	03Phoenix	65	Uncommon	Replace one card in your battlefield with any card from your dragon lair draw pile.  Place the new card face down.  Shuffle your dragon lair draw pile after using the Owl.	The owl provides a dual symbol of wisdom and darkness.			playerNTreasureHorde
03Phoenix_p66	Panther	wyvern/03phoenix/Wyvern-03Phoenix-Panther.jpg	default	Battle Action	4	03Phoenix	66	Rare	STRENGTH MODIFIER: +5			+5	playerNTreasureHorde
03Phoenix_p67	Phoenix	wyvern/03phoenix/Wyvern-03Phoenix-Phoenix.jpg	default	Intercept Action	4	03Phoenix	67	Rare	STRENGTH: 6 INTERCEPTOR Attacker must kill Phoenix before reaching intended target.  Phoenix counts as dragon in attacked row.  Discard Phoenix after battle.		6		playerNTreasureHorde
03Phoenix_p68	Puk	wyvern/03phoenix/Wyvern-03Phoenix-Puk.jpg	default	Reaction	0	03Phoenix	68	Common	Counters any attempt to destroy or remove a treasure from your battlefield.  When used against a Pick a Treasure attempt the Pick a Treasure is discarded.	Puk is a Baltic Dragon who brings Treasures to the household he is protecting.			playerNTreasureHorde
03Phoenix_p69	Roc	wyvern/03phoenix/Wyvern-03Phoenix-Roc.jpg	default	Battle Action	0	03Phoenix	69	Uncommon	The dragon that wins this battle loses one strength for each gold piece you pay to the gold mine.	Roc is an Arabian storm bird who feeds elephants to his young.			playerNTreasureHorde
03Phoenix_p70	Seahorse	wyvern/03phoenix/Wyvern-03Phoenix-Seahorse.jpg	default	Intercept Action	2	03Phoenix	70	Uncommon	STRENGTH: 4 INTERCEPTOR Attacker must kill Seahorse before reaching intended target.  Seahorse counts as dragon in attacked row.  Discard Seahorse after battle.		4		playerNTreasureHorde
03Phoenix_p71	Tengu	wyvern/03phoenix/Wyvern-03Phoenix-Tengu.jpg	default	Battle Action	0	03Phoenix	71	Common	If battle ends in a tie, both dragons are killed.  There is no winner or loser.	Tengu is a Japanese Monster demon man-bird.			playerNTreasureHorde
03Phoenix_p72	Golden Dragon	wyvern/03phoenix/Wyvern-03Phoenix-GoldenDragon.jpg	default	Dragon	2	03Phoenix	72	Common	STRENGTH: 2 When Golden Dragon wins a battle, you get gold equal to the base strength of the dragon(s) defeated.	The Golden Dragon is the Chinese Dragon King.	2		playerNDragonLair
03Phoenix_p73	Violet	wyvern/03phoenix/Wyvern-03Phoenix-Violet.jpg	default	Dragon	1	03Phoenix	73	Common	STRENGTH: 2 FLYING Dragons with a base strength of 4 or more lose 2 strength for the rest of a battle in which Violet participates.	Violet is the Japanese Dragon whose spittle becomes pure crystal.	2		playerNDragonLair
03Phoenix_p74	Tatsu	wyvern/03phoenix/Wyvern-03Phoenix-Tatsu.jpg	default	Dragon	1	03Phoenix	74	Common	STRENGTH: 0 SCOUT When Tatsu loses a battle you can put a -1 strength counter on any face up dragon.	In Japanese myth, Tatsu is the sign in the Zodiac we know as Leo.	0		playerNDragonLair
03Phoenix_p75	Sui-Riu	wyvern/03phoenix/Wyvern-03Phoenix-SuiRiu.jpg	default	Dragon	1	03Phoenix	75	Common	STRENGTH: 1 When Sui-Riu loses a battle, you can put a -1 strength counter on any face up dragon.	Sui-Rui is the Japanese rain Dragon.	1		playerNDragonLair
03Phoenix_p76	Han-Riu	wyvern/03phoenix/Wyvern-03Phoenix-HanRiu.jpg	default	Dragon	1	03Phoenix	76	Common	STRENGTH: 2 Night cannot be played in a battle in which Han-Riu is participating.	Han-Riu is a 40 foot long Dragon who can never reach heaven.	2		playerNDragonLair
03Phoenix_p77	Ka-Riu	wyvern/03phoenix/Wyvern-03Phoenix-KaRiu.jpg	default	Dragon	1	03Phoenix	77	Common	STRENGTH: 3 Dragons with base strength of 4 or more lose 2 strength for the rest of the battle in which Ka-Riu participates.		3		playerNDragonLair
03Phoenix_p78	Ri-Riu	wyvern/03phoenix/Wyvern-03Phoenix-RiRiu.jpg	default	Dragon	1	03Phoenix	78	Common	STRENGTH: 0 SCOUT SUPER FLYER Ri-Riu can attack any card.	Ri-Riu can see more than a mile.	0		playerNDragonLair
03Phoenix_p79	Nergal	wyvern/03phoenix/Wyvern-03Phoenix-Nergal.jpg	default	Dragon	1	03Phoenix	79	Common	STRENGTH: 2 When Nergal wins a battle, you can put a +1 strength counter on any face up dragon.	Nergal is a Babylonian Dragon.	2		playerNDragonLair
03Phoenix_p80	Heavenly Naga	wyvern/03phoenix/Wyvern-03Phoenix-HeavenlyNaga.jpg	default	Dragon	1	03Phoenix	80	Common	STRENGTH: 4 When Heavenly Naga is face up, no treasure in this row can be removed by opponent.	Heavenly Naga is the Indian Dragon who guards the Heavenly Palace.	4		playerNDragonLair
03Phoenix_p81	Divine Naga	wyvern/03phoenix/Wyvern-03Phoenix-DivineNaga.jpg	default	Dragon	1	03Phoenix	81	Common	STRENGTH: 2 Flying dragons lose 2 strength for the rest of the battle in which Divine Naga participates.	Divine Naga is an Indian Dragon that creates clouds and rain.	2		playerNDragonLair
03Phoenix_p82	Earthly Naga	wyvern/03phoenix/Wyvern-03Phoenix-EarthlyNaga.jpg	default	Dragon	2	03Phoenix	82	Uncommon	STRENGTH: 0 Earthly Naga gains +1 strength for each terrain card on him.  Ignore all other effects of terrain card except gold symbols.	Earthly Naga is the Indian Dragon that clears out rivers.	0		playerNDragonLair
03Phoenix_p83	Hidden Naga	wyvern/03phoenix/Wyvern-03Phoenix-HiddenNaga.jpg	default	Dragon	1	03Phoenix	83	Common	STRENGTH: 2 When Hidden Naga is face up, no treasure in this row can be removed by opponent.	Hidden Naga is an Indian Dragon that guards treasure.	2		playerNDragonLair
03Phoenix_p84	Piasa	wyvern/03phoenix/Wyvern-03Phoenix-Piasa.jpg	default	Dragon	1	03Phoenix	84	Common	STRENGTH: 1 FLYING Night cannot be played in a battle in which Piasa is participating.	Piasa is a North American Dragon worshipped by Indians.  Piasa means man-eating bird.	1		playerNDragonLair
03Phoenix_p85	O-Gon-Cho	wyvern/03phoenix/Wyvern-03Phoenix-OGonCho.jpg	default	Dragon	3	03Phoenix	85	Uncommon	STRENGTH: 0 FLYING When defending, O-Gon-Cho's strength is the number of cards in opponent's hand at the start of the battle phase.	O-Gon-Cho is a Japanese Dragon that lies in a deep pond and flies as a golden feathered bird every 50 years.	0		playerNDragonLair
03Phoenix_p86	Ethiopian Dream	wyvern/03phoenix/Wyvern-03Phoenix-EthiopianDream.jpg	default	Dragon	1	03Phoenix	86	Common	STRENGTH: 2 FLYING When Ethiopian Dream loses a battle, you can put a -1 strength counter on any face up dragon.	Ethiopian Dream is an African Dragon.	2		playerNDragonLair
03Phoenix_p87	Dragon of Knucker Hole	wyvern/03phoenix/Wyvern-03Phoenix-DragonOfKnuckerHole.jpg	default	Dragon	3	03Phoenix	87	Uncommon	STRENGTH: 0 When attacking, Dragon of Knucker Hole's strength is the number of cards you have in your hand at the start of the battle phase.	Dragon of Knucker Hole is an English Dragon killed by a Knight who won the hand of the King's daughter for his deed.	0		playerNDragonLair
03Phoenix_p88	Dragon of Exe Valley	wyvern/03phoenix/Wyvern-03Phoenix-DragonOfExeValley.jpg	default	Dragon	2	03Phoenix	88	Uncommon	STRENGTH: 1 FLYING When attacking, Dragon of Exe Valley's strength is the number of treasures in play on both sides.	This is an English Dragon who flies across Exe Valley every night to guard Treasure Hordes at Cadbury Castle and Dolbury Hill.	1		playerNDragonLair
03Phoenix_p89	White-Eared Dragon	wyvern/03phoenix/Wyvern-03Phoenix-WhiteEaredDragon.jpg	default	Dragon	1	03Phoenix	89	Common	STRENGTH: 4 When White-Eared Dragon wins a battle, you may turn any face up dragon face down.	White-Eared Dragon is a Hindu Dragon from Valley of Indus.	4		playerNDragonLair
03Phoenix_p90	Green Dragon	wyvern/03phoenix/Wyvern-03Phoenix-GreenDragon.jpg	default	Dragon	1	03Phoenix	90	Common	STRENGTH: 1 When Green Dragon loses a battle winning dragon loses any special abilities for the rest of the game.	Green Dragon is a Chinesse Dragon in Feng-shui myth.	1		playerNDragonLair
04Chameleon_c01	Fu-Tsang-Lung	wyvern/04chameleon/Wyvern-04Chameleon-FuTsangLung.jpg	default	Dragon	2	04Chameleon	1	Uncommon-1	STRENGTH: 4 In the Discard Phase of each players' turn, all face up Dragons with a Current Strength below zero are killed and not replaced.	Wounded dragons are his favorite prey.	4		playerNDragonLair
04Chameleon_c02	Ai-Wa	wyvern/04chameleon/Wyvern-04Chameleon-AiWa.jpg	default	Dragon	1	04Chameleon	2	Common-2	STRENGTH: 3 SUBTERRANEAN Non-Subterranean Dragons get a -2 strength modifer while in battle with Ai-Wa.		3		playerNDragonLair
04Chameleon_c03	Mucilinda	wyvern/04chameleon/Wyvern-04Chameleon-Mucilinda.jpg	default	Dragon	2	04Chameleon	3	Uncommon-2	STRENGTH: 4 Immune to Dragon Slayers.  While Mucilinda is face up, all of your Nagas get +1 strength.  Action: Turn any Naga face down.		4		playerNDragonLair
04Chameleon_c04	Chao-Fung	wyvern/04chameleon/Wyvern-04Chameleon-ChaoFung.jpg	default	Dragon	1	04Chameleon	4	Common-2	STRENGTH: 3 FLYING Gain one gold piece from the Gold Mine for each card played by an opponent during your Action Phases.		3		playerNDragonLair
04Chameleon_c05	Dragonfly	wyvern/04chameleon/Wyvern-04Chameleon-Dragonfly.jpg	default	Dragon	0	04Chameleon	5	Common-2	STRENGTH: 0 FLYING SCOUT When Dragonfly attacks a face down card, guess whether it's a Dragon or Terrain.  If you are right, gain two gold pieces; if wrong, lose two gold pieces.		0		playerNDragonLair
04Chameleon_c06	Mixcoatl	wyvern/04chameleon/Wyvern-04Chameleon-Mixcoatl.jpg	default	Dragon	6	04Chameleon	6	Uncommon-2	STRENGTH: 0 FLYING While attacking, Mixcoatl uses an assigned strength equal to the number of gold pieces in your gold pile at the moment he attacks.		0		playerNDragonLair
04Chameleon_c07	Fire Drake	wyvern/04chameleon/Wyvern-04Chameleon-FireDrake.jpg	default	Dragon	2	04Chameleon	7	Uncommon-4	STRENGTH: 4 While defending, Fire Drake gets +1 strength for each Treasure in play (including against Dragon Slayers).		4		playerNDragonLair
04Chameleon_c08	Chi-Wen	wyvern/04chameleon/Wyvern-04Chameleon-ChiWen.jpg	default	Dragon	2	04Chameleon	8	Uncommon-3	STRENGTH: 0 SCOUT Place a +1 strength counter on Chi-Wen each time Chi-Wen attacks and eliminates a Terrain card.		0		playerNDragonLair
04Chameleon_c09	Ti-Lung	wyvern/04chameleon/Wyvern-04Chameleon-TiLung.jpg	default	Dragon	1	04Chameleon	9	Common-2	STRENGTH: 3 SUBTERRANEAN Gain one gold piece each time an opponent exchanges one of their Battle Positions in lieu of attacking.		3		playerNDragonLair
04Chameleon_c10	Dragon of Nunnington	wyvern/04chameleon/Wyvern-04Chameleon-DragonOfNunnington.jpg	default	Dragon	1	04Chameleon	10	Uncommon-4	STRENGTH: 4 FLYING Reaction: Pay two gold pieces to counter any Dragon Slayer Action aimed at Dragon of Nunnington or any target one card away (including diagonally).		4		playerNDragonLair
04Chameleon_c11	Hege	wyvern/04chameleon/Wyvern-04Chameleon-Hege.jpg	default	Dragon	2	04Chameleon	11	Uncommon-3	STRENGTH: 2 FLYING Action or Battle Action: Once on each player's turn Hege may use any Treasure in play as if it were in this row.		2		playerNDragonLair
04Chameleon_c12	Dragon of Wells	wyvern/04chameleon/Wyvern-04Chameleon-DragonOfWells.jpg	default	Dragon	1	04Chameleon	12	Uncommon-3	STRENGTH: 1 Action: Pay one gold piece to give a +1 strength counter to any other face up Dragon.  This Action may be used once on each of your turns.		1		playerNDragonLair
04Chameleon_c13	Dragon of Deerhurst	wyvern/04chameleon/Wyvern-04Chameleon-DragonOfDeerhurst.jpg	default	Dragon	1	04Chameleon	13	Uncommon-4	STRENGTH: 3 Action or Battle Action: Pay one gold piece to remove all negative strength modifiers from Dragon of Deerhurst.		3		playerNDragonLair
04Chameleon_c14	Megalith	wyvern/04chameleon/Wyvern-04Chameleon-Megalith.jpg	default	Dragon	2	04Chameleon	14	Uncommon-2	STRENGTH: 3 Native Terrain: Ruins.  When Megalith is killed in a battle, one opposing Dragon must be turned face down.  It must be paid for again when it is turned face up.		3		playerNDragonLair
04Chameleon_c15	Oceanus	wyvern/04chameleon/Wyvern-04Chameleon-Oceanus.jpg	default	Dragon	2	04Chameleon	15	Uncommon-2	STRENGTH: 1 Native Terrain: Ocean.  Battle Action: Discard a Seaweed card from your hand; Oceanus survives this battle.		1		playerNDragonLair
04Chameleon_c16	Sea Goat	wyvern/04chameleon/Wyvern-04Chameleon-SeaGoat.jpg	default	Dragon	1	04Chameleon	16	Uncommon-4	STRENGTH: 4 Gain two gold pieces from the Gold Mine each time an opponent plays a Reaction card.		4		playerNDragonLair
04Chameleon_c17	Drachenfels	wyvern/04chameleon/Wyvern-04Chameleon-Drachenfels.jpg	default	Dragon	2	04Chameleon	17	Uncommon-3	STRENGTH: 4 FLYING Native Terrain: Mountain.  Battle Action: Pay one gold piece; opposing Dragon gets a -1 strength counter.  This may be done once per battle.		4		playerNDragonLair
04Chameleon_c18	Helix	wyvern/04chameleon/Wyvern-04Chameleon-Helix.jpg	default	Dragon	2	04Chameleon	18	Uncommon-3	STRENGTH: 1 Native Terrain: Vines.  Action: Pay one gold; no Battle Action Cards may be played this turn.		1		playerNDragonLair
04Chameleon_c19	Ripplet	wyvern/04chameleon/Wyvern-04Chameleon-Ripplet.jpg	default	Dragon	2	04Chameleon	19	Uncommon-3	STRENGTH: 3 Native Terrain: Stream.  When Ripplet loses a battle opponent must pay you two gold.  If opponent cannot pay they must discard a card from  their hand at random.		3		playerNDragonLair
04Chameleon_c20	Lacustrian	wyvern/04chameleon/Wyvern-04Chameleon-Lacustrian.jpg	default	Dragon	2	04Chameleon	20	Uncommon-4	STRENGTH: 2 Native Terrain: Lake x2		2		playerNDragonLair
04Chameleon_c21	Teuton	wyvern/04chameleon/Wyvern-04Chameleon-Teuton.jpg	default	Dragon	2	04Chameleon	21	Uncommon-4	STRENGTH: 1 Native Terrain: Forest		1		playerNDragonLair
04Chameleon_c22	Kalahari	wyvern/04chameleon/Wyvern-04Chameleon-Kalahari.jpg	default	Dragon	2	04Chameleon	22	Uncommon-2	STRENGTH: 4 Native Terrain: Desert.  Heatwaves have no effect on Kalahari.  Each Heatwave in your discard pile counts as if it were a Desert Terrain.		4		playerNDragonLair
04Chameleon_c23	Riparian	wyvern/04chameleon/Wyvern-04Chameleon-Riparian.jpg	default	Dragon	2	04Chameleon	23	Uncommon-2	STRENGTH: 3 FLYING Native Terrain: River.  Action: Pay one gold piece to look at opponent's hand; opponent must discard all Dwarven Armies.		3		playerNDragonLair
04Chameleon_c24	Miasma	wyvern/04chameleon/Wyvern-04Chameleon-Miasma.jpg	default	Dragon	2	04Chameleon	24	Uncommon-4	STRENGTH: 0 Native Terrain: Swamp x2		0		playerNDragonLair
04Chameleon_c25	Bellerophon	wyvern/04chameleon/Wyvern-04Chameleon-Bellerophon.jpg	default	Dragon Slayer Action	2	04Chameleon	25	Common-3	Bellerophon kills any Dragon with the Native Terrain special ability, or allows you to remove from the game up to three cards from your opponent's discard piles.				playerNTreasureHorde
04Chameleon_c26	Argonauts	wyvern/04chameleon/Wyvern-04Chameleon-Argonauts.jpg	default	Dragon Slayer Action	4	04Chameleon	26	Common-2	The Argonauts kill every face up Dragon whose current strength is less than zero.				playerNTreasureHorde
04Chameleon_c27	Rustem	wyvern/04chameleon/Wyvern-04Chameleon-Rustem.jpg	default	Dragon Slayer Action	0	04Chameleon	27	Common-3	Opponent must discard an Intercept Action from their hand.  If they have no Intercept Actions you still must skip your Battle Phase.				playerNTreasureHorde
04Chameleon_c28	Reclaimed Treasure	wyvern/04chameleon/Wyvern-04Chameleon-ReclaimedTreasure.jpg	default	Action	2	04Chameleon	28	Common-3	Return any Treasure card from your Treasure Horde Discard Pile to your hand.				playerNTreasureHorde
04Chameleon_c29	Sanctuary	wyvern/04chameleon/Wyvern-04Chameleon-Sanctuary.jpg	default	Action	2	04Chameleon	29	Common-3	Target face up Dragon can't be attacked by a Dragon unless your opponent pays three gold pieces to the Gold Mine.  In each of your Draw Phases, pay two gold pieces to the Gold Mine or discard Sanctuary from target Dragon.				playerNTreasureHorde
04Chameleon_c30	All or Nothing	wyvern/04chameleon/Wyvern-04Chameleon-AllOrNothing.jpg	default	Action	0	04Chameleon	30	Uncommon-3	Roll a six-sided die.  On a result of 1 through 5, you gain gold equal to double the number rolled.  On a result of 6, you lose all of your positions and the game.  Score the game normally.				playerNTreasureHorde
04Chameleon_c31	Torrential Rains	wyvern/04chameleon/Wyvern-04Chameleon-TorrentialRains.jpg	default	Action	2	04Chameleon	31	Common-3	You may rearrange all the cards in an opponent's battlefield; no cards may be turned face up or face down, and attached cards may not change targets.  You may not look at face down cards.				playerNTreasureHorde
04Chameleon_c32	Lost City	wyvern/04chameleon/Wyvern-04Chameleon-LostCity.jpg	default	Action	0	04Chameleon	32	Common-3	Opponent may not look at any face down cards in their battlefield during the remainder of this turn and the next.				playerNTreasureHorde
04Chameleon_c33	Golem	wyvern/04chameleon/Wyvern-04Chameleon-Golem.jpg	default	Action	4	04Chameleon	33	Uncommon-2	Replace any Dragon or face down Terrain in your battlefield with the Golem, which instantly becomes a duplicate of any face up Dragon in play for the rest of the  game.  If original Dragon leaves play, Golem is discarded and not replace.				playerNTreasureHorde
04Chameleon_c34	Grave Diggers	wyvern/04chameleon/Wyvern-04Chameleon-GraveDiggers.jpg	default	Action	2	04Chameleon	34	Common-3	Return any Dragon Slayer card from your Treasure Horde Discard Pile to your hand.				playerNTreasureHorde
04Chameleon_c35	Stolen Equipment	wyvern/04chameleon/Wyvern-04Chameleon-StolenEquipment.jpg	default	Action	1	04Chameleon	35	Common-2	Each player selects and discards one card from their hand for each face up Dragon in their battlefield.				playerNTreasureHorde
04Chameleon_c36	Freya	wyvern/04chameleon/Wyvern-04Chameleon-Freya.jpg	default	Action	0	04Chameleon	36	Common-3	Immediately exchange any Dragon or face down Terrain in your battlefield with the top card of your Dragon Lair Draw Pile.				playerNTreasureHorde
04Chameleon_c37	Treasure Find	wyvern/04chameleon/Wyvern-04Chameleon-TreasureFind.jpg	default	Action	3	04Chameleon	37	Uncommon-3	Search your Treasure Horde Draw Pile for any Treasure and put it directly into play, paying for it normally.				playerNTreasureHorde
04Chameleon_c38	Gold Dig	wyvern/04chameleon/Wyvern-04Chameleon-GoldDig.jpg	default	Action	0	04Chameleon	38	Common-2	You gain X gold pieces; X equals the number of gold symbols on the top card in your Dragon Lair Discard Pile.				playerNTreasureHorde
04Chameleon_c39	Brain Drain	wyvern/04chameleon/Wyvern-04Chameleon-BrainDrain.jpg	default	Action	2	04Chameleon	39	Common-3	Target Dragon loses all special abilities while Brain Drain is on it.  Discard Brain Drain if target Dragon is turned face down.				playerNTreasureHorde
04Chameleon_c40	Windfall	wyvern/04chameleon/Wyvern-04Chameleon-Windfall.jpg	default	Action	0	04Chameleon	40	Common-3	Each player gains one gold piece from the Gold Mine for each face up Dragon in his or her battlefield when Windfall is played.				playerNTreasureHorde
04Chameleon_c41	Shifting Sands	wyvern/04chameleon/Wyvern-04Chameleon-ShiftingSands.jpg	default	Action	1	04Chameleon	41	Common-2	You may rearrange all the cards in your battlefield.  No cards may be t urned face up or face down and attached cards may not change targets.				playerNTreasureHorde
04Chameleon_c42	Treasure Fire	wyvern/04chameleon/Wyvern-04Chameleon-TreasureFire.jpg	default	Action	3	04Chameleon	42	Common-3	All of your opponents' Treasures that are in play when you play Treasure Fire are immediately discarded.				playerNTreasureHorde
04Chameleon_c43	Thunderbolt	wyvern/04chameleon/Wyvern-04Chameleon-Thunderbolt.jpg	default	Action	2	04Chameleon	43	Common-3	For each gold you pay in addition to the cost of Thunderbolt, put a -1 strength counter on any one face up Dragon.				playerNTreasureHorde
04Chameleon_c44	Black Rainbow	wyvern/04chameleon/Wyvern-04Chameleon-BlackRainbow.jpg	default	Action	2	04Chameleon	44	Common-2	Turn all of your own face up Dragons face down.				playerNTreasureHorde
04Chameleon_c45	Rainbow	wyvern/04chameleon/Wyvern-04Chameleon-Rainbow.jpg	default	Action	0	04Chameleon	45	Common-3	Turn as many of your Dragons as you wish face up (paying for them, if required).  Gain one gold piece from the Gold Mine for each Dragon turned face up by this Action.				playerNTreasureHorde
04Chameleon_c46	Scorpion Men	wyvern/04chameleon/Wyvern-04Chameleon-ScorpionMen.jpg	default	Battle Action	1	04Chameleon	46	Common-2	The player who wins this battle must discard the top two cards from his or her Dragon Lair Draw Pile.				playerNTreasureHorde
04Chameleon_c47	Alberich	wyvern/04chameleon/Wyvern-04Chameleon-Alberich.jpg	default	Battle Action	1	04Chameleon	47	Uncommon-4	STRENGTH MODIFIER: +1 The winner of this battle gains one additional Treasure Position in this row.  Use Alberich to mark the new position.  Alberich counts as a Dwarven Army.			+1	playerNTreasureHorde
04Chameleon_c48	Horn of the Unicorn	wyvern/04chameleon/Wyvern-04Chameleon-HornOfTheUnicorn.jpg	default	Battle Action	1	04Chameleon	48	Common-3	You may discard any Dragon in your Battlefield instead of the Dragon that loses this battle.  You may not discard a Dragon that was involved in the Battle.  Discarded Dragon need not have been paid for.				playerNTreasureHorde
04Chameleon_c49	Mental Domination	wyvern/04chameleon/Wyvern-04Chameleon-MentalDomination.jpg	default	Battle Action	2	04Chameleon	49	Uncommon-4	You can force any face up Dragon of two or less base strength to Help on either side of this battle.  Target Dragon can't already be in the battle.				playerNTreasureHorde
04Chameleon_c50	Spectral Shift	wyvern/04chameleon/Wyvern-04Chameleon-SpectralShift.jpg	default	Battle Action	0	04Chameleon	50	Common-2	Exchange one of your Dragons in this battle with the top card of your Dragon Lair Draw Pile.  If you draw a Terrain, discard it and draw again.  If it is a Dragon you must pay for it normally.				playerNTreasureHorde
04Chameleon_c51	Flag of Truce	wyvern/04chameleon/Wyvern-04Chameleon-FlagOfTruce.jpg	default	Battle Action	0	04Chameleon	51	Common-3	Pay two gold pieces to your opponent; all of your Dragons survive this battle.				playerNTreasureHorde
04Chameleon_c52	Deep Freeze	wyvern/04chameleon/Wyvern-04Chameleon-DeepFreeze.jpg	default	Battle Action	3	04Chameleon	52	Uncommon-3	At the end of the battle, the winning Dragon's base strength becomes zero (and remains zero) as long as Deep Freeze is on it.  Dragon's owner may discard three cards from their hand (as an Action) to remove Deep Freeze.				playerNTreasureHorde
04Chameleon_c53	Royal Archers	wyvern/04chameleon/Wyvern-04Chameleon-RoyalArchers.jpg	default	Battle Action	1	04Chameleon	53	Common-3	STRENGTH MODIFIER: +2 Playable only by the defending player, not on a flying or subterranean Dragon.  If target Dragon survives this battle, put a +1 or -1 strength counter on any face up Dragon.			+2	playerNTreasureHorde
04Chameleon_c54	Possession From Beyond	wyvern/04chameleon/Wyvern-04Chameleon-PossessionFromBeyond.jpg	default	Battle Action	1	04Chameleon	54	Common-2	Add the base strength of any Dragon that is the top card of any Dragon Lair Discard Pile to your side in this battle.  The possessed Dragon's base strength becomes zero for the rest of this battle.				playerNTreasureHorde
04Chameleon_c55	Nibelungs	wyvern/04chameleon/Wyvern-04Chameleon-Nibelungs.jpg	default	Battle Action	1	04Chameleon	55	Common-3	STRENGTH MODIFIER: +1 The player that wins this battle may draw two additional cards in his or her next Draw Phase.  The Nibelungs counts as a Dwarven Army.			+1	playerNTreasureHorde
04Chameleon_c56	Tower of Babel	wyvern/04chameleon/Wyvern-04Chameleon-TowerOfBabel.jpg	default	Battle Action	0	04Chameleon	56	Common-3	Each Dragon helping in this battle counts as a -2 strength modifier for its side, instead of adding its strength to the battle.				playerNTreasureHorde
04Chameleon_c57	Dwarven Legion	wyvern/04chameleon/Wyvern-04Chameleon-DwarvenLegion.jpg	default	Battle Action	3	04Chameleon	57	Uncommon-3	STRENGTH MODIFIER: +2 The player that wins this battle gains gold each to the strength difference between the two sides at the end of the battle.  Dwarven Legion counts as a Dwarven Army.			+2	playerNTreasureHorde
04Chameleon_c58	Thor's Hammer	wyvern/04chameleon/Wyvern-04Chameleon-ThorsHammer.jpg	default	Battle Action	2	04Chameleon	58	Common-2	Target Dragon's Base Strength is doubled for the rest of this battle.  No more than one Thor's Hammer may be played on each Dragon.				playerNTreasureHorde
04Chameleon_c59	Last Will and Testament	wyvern/04chameleon/Wyvern-04Chameleon-LastWillAndTestament.jpg	default	Battle Action	2	04Chameleon	59	Common-3	If target Dragon is killed in this battle its owner gains gold equal to the target Dragon's base strength plus gold symbols.				playerNTreasureHorde
04Chameleon_c60	Lucky Strike	wyvern/04chameleon/Wyvern-04Chameleon-LuckyStrike.jpg	default	Battle Action	0	04Chameleon	60	Common-3	Whoever is behind in this battle when Lucky Strike is played gains one gold piece from the Gold Mine.				playerNTreasureHorde
04Chameleon_c61	Sorcerer	wyvern/04chameleon/Wyvern-04Chameleon-Sorcerer.jpg	default	Reaction	2	04Chameleon	61	Uncommon-1	The Sorcerer duplicates any Action or Reaction card just played by your opponent.  The Sorcerer is also playable as a Battle Reaction to duplicate any Battle Action just played by your opponent.				playerNTreasureHorde
04Chameleon_c62	Field of Gold	wyvern/04chameleon/Wyvern-04Chameleon-FieldOfGold.jpg	default	Terrain	4	04Chameleon	62	Common-3	STRENGTH MODIFIER: +1			+1	playerNTreasureHorde
04Chameleon_c63	Arctic Winds	wyvern/04chameleon/Wyvern-04Chameleon-ArcticWinds.jpg	default	Terrain	2	04Chameleon	63	Common-2	Dragon with Arctic Winds on it may not move during its owner's Movement Phase.				playerNTreasureHorde
04Chameleon_c64	Poison Forest	wyvern/04chameleon/Wyvern-04Chameleon-PoisonForest.jpg	default	Terrain	0	04Chameleon	64	Common-3	STRENGTH MODIFIER: -3			-3	playerNTreasureHorde
04Chameleon_c65	Swamp of Lernea	wyvern/04chameleon/Wyvern-04Chameleon-SwampOfLernea.jpg	default	Terrain	1	04Chameleon	65	Common-2	A Dragon in the Swamp of Lernea may be killed by any Dragon Slayer, regardless of what the Dragon Slayer card says.				playerNTreasureHorde
04Chameleon_c66	Overgrown Monument	wyvern/04chameleon/Wyvern-04Chameleon-OvergrownMonument.jpg	default	Terrain	0	04Chameleon	66	Uncommon-3	Draw a card from your Treasure Horde if Overgrown Monument applies to the Dragon that discovers it.  Counts as both Ruins and Vines for Native Terrain Dragons.				playerNTreasureHorde
04Chameleon_c67	Waterfall	wyvern/04chameleon/Wyvern-04Chameleon-Waterfall.jpg	default	Terrain	0	04Chameleon	67	Uncommon-3	STRENGTH MODIFIER: -1 Counts as both a Stream and a Mountain for Native Terrain Dragons.			-1	playerNTreasureHorde
04Chameleon_c68	Oasis	wyvern/04chameleon/Wyvern-04Chameleon-Oasis.jpg	default	Terrain	1	04Chameleon	68	Uncommon-3	Counts as both a Desert and a Lake for Native Terrain Dragons.				playerNTreasureHorde
04Chameleon_c69	Delta	wyvern/04chameleon/Wyvern-04Chameleon-Delta.jpg	default	Terrain	0	04Chameleon	69	Uncommon-3	If Delta applies to the Dragon that discovers it the Dragon's owner must discard a card at random from their hand.  Counts as both a River and an Ocean for Native Terrain Dragons.				playerNTreasureHorde
04Chameleon_c70	Chaparral	wyvern/04chameleon/Wyvern-04Chameleon-Chaparral.jpg	default	Terrain	0	04Chameleon	70	Uncommon-1	STRENGTH MODIFIER: -1 Chameleon Reaction: Pay three gold pieces to change Chaparral to a Strength 0 Dragon for the rest of the game.  While attacking, Chaparral has an Assigned Strength equal to the number of Terrain cards in your Discard Pile.			-1	playerNTreasureHorde
04Chameleon_c71	Bracken	wyvern/04chameleon/Wyvern-04Chameleon-Bracken.jpg	default	Terrain	0	04Chameleon	71	Uncommon-3	STRENGTH MODIFIER: -1 Chameleon Reaction: Pay one gold piece to change Bracken to a Strength 0 Subterranean Scout for the rest of the game.			-1	playerNTreasureHorde
04Chameleon_c72	Shoal	wyvern/04chameleon/Wyvern-04Chameleon-Shoal.jpg	default	Terrain	0	04Chameleon	72	Uncommon-3	STRENGTH MODIFIER: -1 Chameleon Reaction: Pay five gold pieces to change Shoal to a Strength 4 Subterranean Dragon for the rest of the game.			-1	playerNTreasureHorde
04Chameleon_c73	Grotto	wyvern/04chameleon/Wyvern-04Chameleon-Grotto.jpg	default	Terrain	0	04Chameleon	73	Uncommon-3	STRENGTH MODIFIER: -1 Chameleon Reaction: Pay four gold pieces to change Grotto to a Strength 3 Subterranean Dragon for the rest of the game.			-1	playerNTreasureHorde
04Chameleon_c74	Crag	wyvern/04chameleon/Wyvern-04Chameleon-Crag.jpg	default	Terrain	0	04Chameleon	74	Uncommon-3	STRENGTH MODIFIER: -1 Chameleon Reaction: Pay three gold pieces to change Crag to a Strength 2 Subterranean Dragon for the rest of the game.			-1	playerNTreasureHorde
04Chameleon_c75	Nebula	wyvern/04chameleon/Wyvern-04Chameleon-Nebula.jpg	default	Terrain	0	04Chameleon	75	Uncommon-3	STRENGTH MODIFIER: -1 Chameleon Reaction: Pay two gold pieces to change Nebula to a Strength 1 Flying Dragon for the rest of the game.			-1	playerNTreasureHorde
04Chameleon_c76	Gold Market	wyvern/04chameleon/Wyvern-04Chameleon-GoldMarket.jpg	default	Treasure	0	04Chameleon	76	Common-3	When you play the Gold Market, put two of your gold pieces on it.  In each of your Draw Phase place one gold piece from the Gold Mine on it.  Action: Discard Gold Market and put all t he gold on it into your gold pile.				playerNTreasureHorde
04Chameleon_c77	Gold Vault	wyvern/04chameleon/Wyvern-04Chameleon-GoldVault.jpg	default	Treasure	0	04Chameleon	77	Common-2	Action: Transfer any number of gold pieces between your Gold Pile and the Gold Vault.  Gold in the Vault may not be spent for any reason and may not be lost or stolen.  If the Vault changes owners or leaves play, all gold in the Vault goes with it.				playerNTreasureHorde
04Chameleon_c78	Master Ring	wyvern/04chameleon/Wyvern-04Chameleon-MasterRing.jpg	default	Treasure	1	04Chameleon	78	Uncommon-2	If the Master Ring is in the same row with a Dwarven Gold Mine, the Dwarven Gold Mine now provides unlimited Treasure positions in its row.  If Master Ring is removed or stolen all excess Treasures are discarded.				playerNTreasureHorde
04Chameleon_c79	Ring of Power	wyvern/04chameleon/Wyvern-04Chameleon-RingOfPower.jpg	default	Treasure	2	04Chameleon	79	Uncommon-1	All of your Dwarven Army Battle Actions gain +1 Strength and can't be cancelled or countered.	The ring Draupnir, crafted by the Nibelungs, was worn by Odin.			playerNTreasureHorde
04Chameleon_c80	Ring of Destiny	wyvern/04chameleon/Wyvern-04Chameleon-RingOfDestiny.jpg	default	Treasure	2	04Chameleon	80	Uncommon-2	Action: In opponent's first Action Phase, you decide which opposing face up Dragon attacks and which of your cards will be attacked.  Opponent then places Ring of Destiny in one of their Treasure positions.  Discard Ring after its second use.				playerNTreasureHorde
04Chameleon_c81	Heavyweight Alliance	wyvern/04chameleon/Wyvern-04Chameleon-HeavyweightAlliance.jpg	default	Treasure	2	04Chameleon	81	Common-2	Battle Action: All of your Dragons of four or more base strength may Help each other.				playerNTreasureHorde
04Chameleon_c82	Rebate	wyvern/04chameleon/Wyvern-04Chameleon-Rebate.jpg	default	Treasure	1	04Chameleon	82	Common-3	Whenever any card played is countered, the gold paid to play it is refunded.				playerNTreasureHorde
04Chameleon_c83	Precious Gems	wyvern/04chameleon/Wyvern-04Chameleon-PreciousGems.jpg	default	Treasure	3	04Chameleon	83	Common-2	Each Dragon in this row gains +2 strength while defending (including against Dragon Slayers).				playerNTreasureHorde
04Chameleon_c84	Cracked Cauldron	wyvern/04chameleon/Wyvern-04Chameleon-CrackedCauldron.jpg	default	Treasure	1	04Chameleon	84	Common-3	Action: Turn one Dragon in this row face up (paying for it, if required).  This Action may be used once on each of your turns.				playerNTreasureHorde
04Chameleon_c85	Enchanted Mirror	wyvern/04chameleon/Wyvern-04Chameleon-EnchantedMirror.jpg	default	Treasure	1	04Chameleon	85	Common-2	If your opponent plays a card that allows them to get a card back from a discard pile, or allows them to draw additional cards from their Treasure Horde, you may perform the same action for free.  This does not include cards that affect all players.				playerNTreasureHorde
04Chameleon_c86	Spoils of War	wyvern/04chameleon/Wyvern-04Chameleon-SpoilsOfWar.jpg	default	Treasure	1	04Chameleon	86	Common-3	Each time an opponent loses a Battle position, draw one card from your Treasure Horde Draw Pile.				playerNTreasureHorde
04Chameleon_c87	Serpent Lance	wyvern/04chameleon/Wyvern-04Chameleon-SerpentLance.jpg	default	Treasure	2	04Chameleon	87	Uncommon-3	Action: Place a -1 strength counter on any face up Dragon, then flip a Wyvern Gold Coin.  Heads: Place another -1 counter on the target Dragon.  Tails: Discard Serpent Lance.  You may continue flipping until tails results.				playerNTreasureHorde
04Chameleon_c88	Runic Tablet	wyvern/04chameleon/Wyvern-04Chameleon-RunicTablet.jpg	default	Treasure	2	04Chameleon	88	Common-2	Action: The next game activity you perform that requires payment is free.  Runic Tablet is then given to your opponent who places it in any open Treasure position.  Runic Tablet gets discarded after its second use.				playerNTreasureHorde
04Chameleon_c89	Hidden Gold	wyvern/04chameleon/Wyvern-04Chameleon-HiddenGold.jpg	default	Treasure	0	04Chameleon	89	Common-3	On each of your Draw Phases that you begin with no gold in your gold pile, gain one gold piece from the Gold Mine.				playerNTreasureHorde
04Chameleon_c90	Flying Boulder	wyvern/04chameleon/Wyvern-04Chameleon-FlyingBoulder.jpg	default	Treasure	2	04Chameleon	90	Uncommon-3	Action: Discard Flying Boulder and place three -1 strength counters on any one face up Dragon.				playerNTreasureHorde
