databaseId	name	imageUrl	cardBack	type	allowedPaths	attack	attackingFactions	buckler	cardNumber	defendingFactions	defense	faction	leadershipAttack	leadershipDefense	pathCombat	pathNumber	playerName	set	skull	text	victoryPoints	wielders
012ff4ad-8ec9-4f10-80dd-60db11e1b8c9	Vilya, Ring of Air	war-of-the-ring-card-game/core/WarOfTheRingCardGame-Core-VilyaRingOfAir.jpg	Free Peoples Card	Item		1		1	30		1	Elf			1		Aragorn	Core		If in reserve, you may use your action and cycle this card so each Free Peoples player draws 1 card.		Elrond
016ee12f-1fca-4a49-a5cb-4134645effe9	Horde from the East	war-of-the-ring-card-game/fire-and-swords/WarOfTheRingCardGame-FireAndSwords-HordeFromTheEast.jpg	Shadow Card	Event					173			Easterling						Fire and Swords		Add [attack][attack] or [defense] to an Easterling or Mordor army on a battleground.		
018c57b0-538c-498a-a9c0-6fd308d4f8b7	Egladil	war-of-the-ring-card-game/core/WarOfTheRingCardGame-Core-Egladil.jpg	Path 5	Path				1	14						1	5		Core		Each Free Peoples player draws 2 cards and then cycles 1 card from hand.	1	
0242c6e2-4694-4580-a014-7595968bdf21	Halbarad	war-of-the-ring-card-game/core/WarOfTheRingCardGame-Core-Halbarad.jpg	Free Peoples Card	Character	2,3			1	10		1	Dúnedain	1		1		Aragorn	Core		If in reserve, you may use your action and cycle this card to take Strider or Aragorn from your draw deck into hand.		
02eaee4d-9386-452d-9ff1-b1f8f78cfc27	The Cross-roads	war-of-the-ring-card-game/core/WarOfTheRingCardGame-Core-TheCrossRoads.jpg	Path 7	Path					21							7		Core		Each Free Peoples player draws 1 card.	1	
03455178-5819-457b-b22d-9d49abab59aa	The Black Serpent	war-of-the-ring-card-game/against-the-shadow/WarOfTheRingCardGame-AgainstTheShadow-TheBlackSerpent.jpg	Shadow Card	Character					90			Southron	1	1			Isengard	Against the Shadow		When played or moved to a battleground, each Free Peoples player must forsake 1 card.		
056d7d36-8d0e-48d7-8677-d111ce34fae4	Mordor Orcs	war-of-the-ring-card-game/core/WarOfTheRingCardGame-Core-MordorOrcs.jpg	Shadow Card	Army		1			96		1	Mordor					Sauron	Core				
05c00881-ceac-4907-9e9a-22e68c04c0d9	GP Rulebook 06	war-of-the-ring-card-game/core/WarOfTheRingCardGame-Core-GPRulebook06.jpg	Rulebook	Rulebook					6									Core				
06e92b40-20ec-43f9-9cc8-e229f09e4673	Faramir	war-of-the-ring-card-game/core/WarOfTheRingCardGame-Core-Faramir.jpg	Free Peoples Card	Character	7,8			1	9		1	Dúnedain	1		1		Aragorn	Core		When played or moved to a path 7, you may activate a different path 7.		
07627630-80c1-489a-bb74-f84039104388	Palantír of Orthanc	war-of-the-ring-card-game/core/WarOfTheRingCardGame-Core-PalantROfOrthanc.jpg	Shadow Card	Item					69			Isengard					Isengard	Core		If in reserve, once per round you may use your action to examine the top 3 cards of your draw deck. From these, eliminate 1, cycle 1, then take the remaining card into hand.		Saruman
0917f76c-e2d4-4159-8a79-83955454a6c2	Many Kings to the Service of Mordor	war-of-the-ring-card-game/fire-and-swords/WarOfTheRingCardGame-FireAndSwords-ManyKingsToTheServiceOfMordor.jpg	Shadow Card	Event					174			Easterling						Fire and Swords		Draw 7 cards: from these, play up to 1 army from each faction, and cycle the rest.		
0961ecf4-2f73-4fbb-9042-9e900aa4762d	Cair Andros	war-of-the-ring-card-game/fire-and-swords/WarOfTheRingCardGame-FireAndSwords-CairAndros.jpg	Free Peoples Battleground	Skirmish			Easterling, Mordor		25	Dúnedain, Rohan, Wizard								Fire and Swords		DEFENDER WINS Add [defense] to an accompanying battleground ATTACKER WINS Add [attack] to an accompanying battleground.		
09b3a304-c6d5-4a92-9d00-874e2c935b38	Black Breath	war-of-the-ring-card-game/core/WarOfTheRingCardGame-Core-BlackBreath.jpg	Shadow Card	Item					113			Mordor					Sauron	Core		If on a path or battleground, you may use your action and cycle this card, its wielder and any wielded items, to add 1 corruption.		Nazgul
09f74eff-a35b-4ab8-bdfc-7cb54458c07d	AtS Rulebook 06	war-of-the-ring-card-game/against-the-shadow/WarOfTheRingCardGame-AgainstTheShadow-AtSRulebook06.jpg	AtS Rulebook	Rulebook					6									Against the Shadow				
0b834339-48da-4433-af10-20aaaf6433ce	Nazgûl's Mantle	war-of-the-ring-card-game/against-the-shadow/WarOfTheRingCardGame-AgainstTheShadow-NazgLsMantle.jpg	Shadow Card	Event					117			Mordor					Sauron	Against the Shadow		Choose: Take 1 random Nazgûl from the eliminated pile and play it; or draw 2 cards.		
0c0cbcc6-7f44-49a9-a99f-c8281da0f601	Fords of Bruinen	war-of-the-ring-card-game/core/WarOfTheRingCardGame-Core-FordsOfBruinen.jpg	Path 3	Path					7							3		Core		Each Free Peoples player must forsake 1 card and then each draws 3 cards.	1	
0c44e778-3985-4b1b-8390-c1fd3c8704f9	Paths of the Dead	war-of-the-ring-card-game/core/WarOfTheRingCardGame-Core-PathsOfTheDead.jpg	Free Peoples Card	Event					15			Dúnedain					Aragorn	Core		Forsake 2 cards and then draw 4 cards, or 5 if Aragorn or Strider is in reserve.		
0d9d3d39-6599-4350-a475-f87272681130	Treebeard	war-of-the-ring-card-game/core/WarOfTheRingCardGame-Core-Treebeard.jpg	Free Peoples Card	Character	5,6	1		1	56		1	Wizard			1		Hobbit	Core		Ent. +[attack] on Orthanc. When played or moved to a battleground, the Isengard player must eliminate 1 Isengard army on that battleground.		
0dbce6e3-7250-4252-9c56-d20a65df30bf	The Beguiler	war-of-the-ring-card-game/core/WarOfTheRingCardGame-Core-TheBeguiler.jpg	Shadow Card	Character	1,2,3,5,6,7,8,9				103			Mordor	1		1		Sauron	Core	1	Nazgûl. If in reserve, you may use your action and cycle this card so each Free Peoples player must cycle 1 card from hand.		
0de547a1-cdba-4050-9108-26b7f6c5a695	Fas Red Rules 1	war-of-the-ring-card-game/fire-and-swords/WarOfTheRingCardGame-FireAndSwords-FasRedRules1.jpg	Shadow Battleground	Rules														Fire and Swords				
0e7f1eb8-10b8-45df-888d-e16eaecf0ff2	Erebor	war-of-the-ring-card-game/fire-and-swords/WarOfTheRingCardGame-FireAndSwords-Erebor.jpg	Free Peoples Battleground	Battleground			Easterling, Monstrous		16	Dwarf, Northmen, Wizard	2							Fire and Swords		Dale must also be activated, if it is in the Free Peoples battleground deck. The Dwarf player may take 1 Dwarf card from their cycle pile into hand.	1	
1074decf-9dd6-466b-b22d-08a4a8f4e8de	Watcher in the Water	war-of-the-ring-card-game/ats-fire-and-swords/WarOfTheRingCardGame-AtSFireAndSwords-WatcherInTheWater.jpg	Shadow Card	Character	4				167		1	Monstrous			1			AtS-Fire and Swords	1	If on a path 4, use an action to activate a different, random path 4. If in reserve and the active path is 5–9, use an action and eliminate this card so each Free Peoples player must forsake 1 card.		
10c36e6a-f2c1-4b13-8a2d-9108773a5c3f	Umbar	war-of-the-ring-card-game/core/WarOfTheRingCardGame-Core-Umbar.jpg	Shadow Battleground	Battleground			Dúnedain, Wizard		14	Southron	2							Core		Each Shadow player draws 1 card.	1	
1135415d-4fbd-436b-9c05-cfd2a1ac90e2	The Day Without Dawn	war-of-the-ring-card-game/against-the-shadow/WarOfTheRingCardGame-AgainstTheShadow-TheDayWithoutDawn.jpg	Shadow Card	Event					119			Mordor					Sauron	Against the Shadow		Draw up to 7 cards, one at a time: play the first 2 armies drawn and then stop; cycle the unplayed cards.		
13b54108-1e99-44b9-8dc5-4612bf1de2f9	Corsairs of Umbar	war-of-the-ring-card-game/against-the-shadow/WarOfTheRingCardGame-AgainstTheShadow-CorsairsOfUmbar.jpg	Shadow Card	Army		1			85		1	Southron					Isengard	Against the Shadow		If in reserve, use an action and cycle this card to activate Umbar if it is in the Shadow battleground deck.		
141a62f9-2243-4708-982a-efe1a5871612	Riders of Rohan	war-of-the-ring-card-game/core/WarOfTheRingCardGame-Core-RidersOfRohan.jpg	Free Peoples Card	Army		2			43		1	Rohan					Hobbit	Core				
143dc9f5-28bd-4681-b793-731a21544c90	Lothlórien	war-of-the-ring-card-game/core/WarOfTheRingCardGame-Core-LothlRien.jpg	Path 5	Path				2	15						2	5		Core		The Elf player draws 1 card and then cycles 1 card from hand.	1	
1451c7a0-0d80-483d-b9e3-d0e480e05f5f	Horde from the East	war-of-the-ring-card-game/ats-fire-and-swords/WarOfTheRingCardGame-AtSFireAndSwords-HordeFromTheEast.jpg	Shadow Card	Event					159			Easterling						AtS-Fire and Swords		Choose: Add [attack][attack] or [defense] to an Easterling or Mordor army on a battleground; forsake 1 card to add 1 corruption; or draw 2 cards.		
145d6145-15cd-40ae-bcdb-9cecd87e0584	Wolf-riders	war-of-the-ring-card-game/against-the-shadow/WarOfTheRingCardGame-AgainstTheShadow-WolfRiders.jpg	Shadow Card	Army		2			63		1	Isengard					Isengard	Against the Shadow				
1510bb6a-66f1-446f-bf09-8241187c4432	Gorbag & Shagrat	war-of-the-ring-card-game/against-the-shadow/WarOfTheRingCardGame-AgainstTheShadow-GorbagShagrat.jpg	Shadow Card	Character	8,9				100			Mordor		1	1		Sauron	Against the Shadow	1	+[pathCombat] on Cirith Ungol. When played or moved to a path, forsake 1 card.		
152c9e6d-0728-423c-8698-ae00f7da786f	Gandalf's Staff	war-of-the-ring-card-game/core/WarOfTheRingCardGame-Core-GandalfsStaff.jpg	Free Peoples Card	Item		1		1	58		1	Wizard			1		Hobbit	Core		Weapon. While in play, increase your carryover limit by 1.		Gandalf
15c5255d-314a-4bed-bd00-35b89d1db51d	Olog-hai	war-of-the-ring-card-game/core/WarOfTheRingCardGame-Core-OlogHai.jpg	Shadow Card	Army		2			98		2	Mordor					Sauron	Core				
160128e7-afd9-4fc8-a1bf-0e838521ed8a	FaS Rulebook 12	war-of-the-ring-card-game/fire-and-swords/WarOfTheRingCardGame-FireAndSwords-FaSRulebook12.jpg	FaS Rulebook	Rulebook					12									Fire and Swords				
174455ea-d6cb-44e6-947f-ae9ccfe24884	Fas Blue Rules 1	war-of-the-ring-card-game/fire-and-swords/WarOfTheRingCardGame-FireAndSwords-FasBlueRules1.jpg	Free Peoples Battleground	Rules														Fire and Swords				
177f4785-8aff-4f33-847b-676f55b8446f	Edoras	war-of-the-ring-card-game/core/WarOfTheRingCardGame-Core-Edoras.jpg	Free Peoples Battleground	Battleground			Saruman		2	Rohan, Wizard	1							Core		Helm's Deep must also be activated, if it is in the Free Peoples battleground deck.	1	
178edd70-878d-4c1c-a64c-9eb913611450	Minas Morgul	war-of-the-ring-card-game/core/WarOfTheRingCardGame-Core-MinasMorgul.jpg	Shadow Battleground	Battleground			Dúnedain, Wizard		10	Mordor	2							Core		The Mordor player draws 5 cards, and from these may play up to 1 Nazgûl to reserve, and then cycles the rest.	2	
187d17a9-a7cf-4929-a906-e94ae3384905	Palantír of Orthanc	war-of-the-ring-card-game/against-the-shadow/WarOfTheRingCardGame-AgainstTheShadow-PalantROfOrthanc.jpg	Shadow Card	Event					69			Isengard					Isengard	Against the Shadow		Choose: Draw 2 cards; or forsake 1 card to add 1 corruption.		
18ae9116-5bff-492a-93ab-fa1be7b05eba	The Old Forest (House Rule)	war-of-the-ring-card-game/core/WarOfTheRingCardGame-Core-TheOldForestHouseRule.jpg	Path 2	Path					5							2		Core		Each Free Peoples player must forsake 1 card.	2	
1941b0d7-0564-4431-a7f9-41e43e4d6490	The Last Stroke of Doom	war-of-the-ring-card-game/ats-fire-and-swords/WarOfTheRingCardGame-AtSFireAndSwords-TheLastStrokeOfDoom.jpg	Shadow Card	Event					180			Southron						AtS-Fire and Swords		Choose: Add [attack] to a Shadow army on a battleground; or forsake 1 card to add 1 corruption.		
1972c4ad-2a7a-4f03-b183-d7dbb544de3e	Mordor Orcs	war-of-the-ring-card-game/core/WarOfTheRingCardGame-Core-MordorOrcs-2.jpg	Shadow Card	Army		1			95		1	Mordor					Sauron	Core				
199b7d3d-9e02-4a21-b932-f44c0eb4620e	Allies of Sauron	war-of-the-ring-card-game/fire-and-swords/WarOfTheRingCardGame-FireAndSwords-AlliesOfSauron.jpg	Shadow Card	Army		1			44		1	Easterling						Fire and Swords		+ [attack] on Dale. If in reserve, you may use your action and eliminate this card to activate Dale if it is in the Free Peoples battleground deck.		
19d18e6b-b4b1-4e71-8df3-8ea283a13bcc	Rulebook 02	war-of-the-ring-card-game/core/WarOfTheRingCardGame-Core-Rulebook02.jpg	Rulebook	Rulebook					2									Core				
19e4aee4-9637-4d2a-a9ca-cc115faae90f	Uglúk	war-of-the-ring-card-game/core/WarOfTheRingCardGame-Core-UglK.jpg	Shadow Card	Character	5.6				68			Isengard	1	1	1		Isengard	Core	1	If on a path, you may use your action to activate a different path of the same number.		
1aac2714-d9ad-43be-ae7d-e62c39753091	Glorfindel	war-of-the-ring-card-game/fire-and-swords/WarOfTheRingCardGame-FireAndSwords-Glorfindel.jpg	Free Peoples Card	Character	2,3	1		1	102		1	Elf			1			Fire and Swords		If on a path 2 or 3, you may use your action and cycle this card to activate a random path 3; then, each Shadow player draws 2 cards and must cycle 1 card from hand.		
1bf8e385-9b87-47a0-a536-f560cc0db14e	Mirror of Galadriel	war-of-the-ring-card-game/core/WarOfTheRingCardGame-Core-MirrorOfGaladriel.jpg	Free Peoples Card	Item					27			Elf					Aragorn	Core		While in play, you may always examine the top card of your draw deck.		Galadriel
1cc677c5-db10-4cfe-9398-f532ec53bc4c	Sting	war-of-the-ring-card-game/core/WarOfTheRingCardGame-Core-Sting.jpg	Free Peoples Card	Item				1	41			Hobbit			1		Hobbit	Core		Weapon. +[pathCombat] if the wielder is on the same path as a Monstrous character.		Frodo, Sam
1d7fc1de-3c2e-4421-a988-b2364298d3f7	Rulebook 17	war-of-the-ring-card-game/core/WarOfTheRingCardGame-Core-Rulebook17.jpg	Rulebook	Rulebook					17									Core				
1dde4cd2-d7b7-4427-ab55-a1e2c2ab4568	Buckleberry Ferry	war-of-the-ring-card-game/core/WarOfTheRingCardGame-Core-BuckleberryFerry.jpg	Path 1	Path				1	2						1	1		Core		The Mordor player and the Hobbit player draw 1 card each.	1	
1e7b71c7-76b8-45d8-8814-db3f8236d7fa	The Great Gate	war-of-the-ring-card-game/core/WarOfTheRingCardGame-Core-TheGreatGate.jpg	Free Peoples Card	Army					5			Dúnedain					Aragorn	Core		+[defense] [defense] [defense] on Minas Tirith. This card cannot be played or moved to a Shadow battleground.		
1ebbe5f8-0901-48bf-8802-c58d2eff7c84	Gildor's Encampment	war-of-the-ring-card-game/core/WarOfTheRingCardGame-Core-GildorsEncampment.jpg	Path 1	Path				1	3						1	1		Core		The Elf player draws 1 card and then cycles 1 card from hand.	1	
1f48b66a-d0a1-4212-8bff-95b5b4f67e89	Galadriel	war-of-the-ring-card-game/core/WarOfTheRingCardGame-Core-Galadriel.jpg	Free Peoples Card	Character	5	1		2	22		1	Elf	1	1	2		Aragorn	Core		When played, draw 1 card. While in reserve, draw 1 additional card each Draw step, then cycle 1 card from hand.		
1f563c26-db58-44d3-8aeb-67ce356aad74	The Old Forest	war-of-the-ring-card-game/core/WarOfTheRingCardGame-Core-TheOldForest.jpg	Path 2	Path				1	5						1	2		Core		Each Free Peoples player must forsake 1 card.	2	
1fc35485-f30f-4867-99b8-b5f6c220780e	Gollum	war-of-the-ring-card-game/against-the-shadow/WarOfTheRingCardGame-AgainstTheShadow-Gollum.jpg	Shadow Card	Character	6,7,8,9				81			Monstrous			1		Isengard	Against the Shadow	1	If on a path, use an action to activate a different random path of the same number. If eliminated for any reason, cycle this card instead.		
1fda0f35-cf4f-4674-a8af-fa9bbf77830d	Uglúk	war-of-the-ring-card-game/against-the-shadow/WarOfTheRingCardGame-AgainstTheShadow-UglK.jpg	Shadow Card	Character	5.6				68			Isengard	1	1	1		Isengard	Against the Shadow	1	If in reserve, move this card to a path 6, even if the Shadow is winning. If on a path, use an action to activate a different random path of the same number.		
1fe0b55a-be48-42fb-9ecb-42633196e101	Nenya, Ring of Adamant	war-of-the-ring-card-game/core/WarOfTheRingCardGame-Core-NenyaRingOfAdamant.jpg	Free Peoples Card	Item		1		1	28		1	Elf			1		Aragorn	Core		If in reserve, you may use your action and cycle this card to add [pathCombat] to the active path, or to add [defense] to an active battleground.		Galadriel
204addeb-f37e-475b-82ca-fb67a853e594	Éomer	war-of-the-ring-card-game/core/WarOfTheRingCardGame-Core-Omer.jpg	Free Peoples Card	Character		1			46			Rohan		1			Hobbit	Core		When played, draw 5 cards: from these play up to 1 Rohan army, and cycle the rest.		
20710710-079c-499e-8d45-74d4c436c6ed	Candles of Corpses	war-of-the-ring-card-game/against-the-shadow/WarOfTheRingCardGame-AgainstTheShadow-CandlesOfCorpses.jpg	Shadow Card	Character	6,7				77			Monstrous			1		Isengard	Against the Shadow	1	+[pathCombat] on Dead Marshes. If in reserve and the active path is 8-9, use an action, eliminate this card, and forsake 1 card so the Hobbit player must cycle 1 card from hand.		
20a03f3a-abdd-49aa-b4c0-f2fb04e1eeff	GP Rulebook 03	war-of-the-ring-card-game/core/WarOfTheRingCardGame-Core-GPRulebook03.jpg	Rulebook	Rulebook					3									Core				
211bad96-3abb-49e8-a925-aa4b255c59ed	Théoden	war-of-the-ring-card-game/core/WarOfTheRingCardGame-Core-ThOden.jpg	Free Peoples Card	Character					48			Rohan					Hobbit	Core		+[attack] +[defense] if Gandalf is in play. When played, draw 5 cards: from these play up to 1 Rohan card, and cycle the rest.		
21a43845-e174-41c4-a543-e15bc2b7b1f1	Prince Imrahil	war-of-the-ring-card-game/core/WarOfTheRingCardGame-Core-PrinceImrahil.jpg	Free Peoples Card	Character					11		1	Dúnedain	1				Aragorn	Core		When played, you may cycle 1 card from hand to take Knights of Dol Amroth from your draw deck into hand.		
21f9a1ab-c7a4-431e-a527-b309229b646d	The Messenger	war-of-the-ring-card-game/against-the-shadow/WarOfTheRingCardGame-AgainstTheShadow-TheMessenger.jpg	Shadow Card	Character	1,2,3,5,6,7,8,9				109			Mordor	1		1		Sauron	Against the Shadow	1	Nazgûl. When played: Draw up to 5 cards, one at a time: play the first Nazgûl character drawn and then stop; cycle the unplayed cards.		
22aabf4f-7657-4519-ac3b-b7aadda9ba0d	Dunland	war-of-the-ring-card-game/ats-fire-and-swords/WarOfTheRingCardGame-AtSFireAndSwords-Dunland.jpg	Shadow Battleground	Battleground			Northmen, Rohan, Wizard		21	Isengard, Ruffian								AtS-Fire and Swords		The Ruffian player draws up to 7 cards, one at a time: play the first Ruffian army or Ruffian character drawn and then stop; cycle the unplayed cards.	1	
23f8de28-b9ce-4008-89b0-f8d92ca1e23d	Orc-Chieftain	war-of-the-ring-card-game/ats-fire-and-swords/WarOfTheRingCardGame-AtSFireAndSwords-OrcChieftain.jpg	Shadow Card	Character	4,5				165			Monstrous	1	1	1			AtS-Fire and Swords	1	When played, draw 1 card.		
242eaacf-aa92-482e-99b2-300a833f332d	Many Kings to the Service of Mordor	war-of-the-ring-card-game/ats-fire-and-swords/WarOfTheRingCardGame-AtSFireAndSwords-ManyKingsToTheServiceOfMordor.jpg	Shadow Card	Event					160			Easterling						AtS-Fire and Swords		Draw 7 cards, one at a time: from these, play the first army drawn from each faction and then stop; cycle the unplayed cards.		
245ed805-c7c1-40e5-906b-fe53c15a43fc	Rhûn	war-of-the-ring-card-game/ats-fire-and-swords/WarOfTheRingCardGame-AtSFireAndSwords-RhN.jpg	Shadow Battleground	Battleground			Dúnedain, Wizard		23	Easterling, Mordor, Southron								AtS-Fire and Swords		The Easterling player draws up to 7 cards, one at a time: play the first Easterling army or Easterling character drawn and then stop; cycle the unplayed cards.	1	
24cdd646-699c-4bf8-a114-9d4f75fcaccf	Rulebook 24	war-of-the-ring-card-game/core/WarOfTheRingCardGame-Core-Rulebook24.jpg	Rulebook	Rulebook					24									Core				
24d12d58-6cae-4ace-b1a9-f7173c0d2dad	GP Rulebook 05	war-of-the-ring-card-game/core/WarOfTheRingCardGame-Core-GPRulebook05.jpg	Rulebook	Rulebook					5									Core				
25c1df91-b8d1-4727-b7a6-0ab26ef6cab9	Death! Ride, Ride to Ruin!	war-of-the-ring-card-game/core/WarOfTheRingCardGame-Core-DeathRideRideToRuin.jpg	Free Peoples Card	Event					50			Rohan					Hobbit	Core		Eliminate any number of Rohan cards from reserve; the Mordor player must eliminate the same number of Mordor cards from active battlegrounds.		
25f95638-87b5-4476-ac84-7e354e78cdd8	The Red Arrow	war-of-the-ring-card-game/core/WarOfTheRingCardGame-Core-TheRedArrow.jpg	Free Peoples Card	Event					16			Dúnedain					Aragorn	Core		This round, Rohan cards may be played or moved to Dúnedain battlegrounds.		
26a66b0c-6d2c-4e50-97df-ee6e013ffb85	The Council of Elrond	war-of-the-ring-card-game/core/WarOfTheRingCardGame-Core-TheCouncilOfElrond.jpg	Path 3	Path				1	9						1	3		Core		Each Free Peoples player draws 1 card.	1	
274ef8ad-d81a-4601-b9bc-cac7d8d8e318	Dimrill Dale	war-of-the-ring-card-game/core/WarOfTheRingCardGame-Core-DimrillDale.jpg	Path 5	Path					13							5		Core		Each Shadow player must cycle 2 cards from hand.	1	
27b02a55-c886-4c7f-9ea7-72a8b54e2daa	Hill-troll	war-of-the-ring-card-game/against-the-shadow/WarOfTheRingCardGame-AgainstTheShadow-HillTroll.jpg	Shadow Card	Character	2,3,4,5,6,7,8,9	1			82		1	Monstrous			1		Isengard	Against the Shadow	1			
29db686e-e1b5-49b5-9b7d-8307fd496b79	Rulebook 18	war-of-the-ring-card-game/core/WarOfTheRingCardGame-Core-Rulebook18.jpg	Rulebook	Rulebook					18									Core				
2a34b48f-bf62-47ad-8d6c-f14213419976	Haradrim Cavalry	war-of-the-ring-card-game/against-the-shadow/WarOfTheRingCardGame-AgainstTheShadow-HaradrimCavalry.jpg	Shadow Card	Army		1			88		1	Southron					Isengard	Against the Shadow		If in reserve, use an action to activate Minas Tirith if it is in the Free Peoples battleground deck, and then move this card to Minas Tirith.		
2b149357-59f8-4b10-beb2-4463ffcc28a5	Spies	war-of-the-ring-card-game/ats-fire-and-swords/WarOfTheRingCardGame-AtSFireAndSwords-Spies.jpg	Shadow Card	Character	1,2,3	1			173			Ruffian			1			AtS-Fire and Swords	1	If in reserve, use an action, eliminate this card, and each Free Peoples player must forsake 1 card.		
2b4a07e9-0141-45c4-a96a-fa4d9dda3d43	Northmen Militia	war-of-the-ring-card-game/fire-and-swords/WarOfTheRingCardGame-FireAndSwords-NorthmenMilitia.jpg	Free Peoples Card	Army		1			109		1	Northmen						Fire and Swords				
2ba28b75-852e-4659-85ba-bde4931b5229	Mordor Orcs	war-of-the-ring-card-game/core/WarOfTheRingCardGame-Core-MordorOrcs-3.jpg	Shadow Card	Army		1			93		1	Mordor					Sauron	Core				
2bec5d0d-6347-4b00-aab2-62eab79e1c09	Dáin Ironfoot	war-of-the-ring-card-game/fire-and-swords/WarOfTheRingCardGame-FireAndSwords-DInIronfoot.jpg	Free Peoples Card	Character		1			99		1	Dwarf						Fire and Swords		+ [LDdefense] on Erebor. When played, you may take 1 random card from your cycle pile into hand.		
2c8914b5-1794-48b0-a9a7-38084cb7e93b	Lost!	war-of-the-ring-card-game/fire-and-swords/WarOfTheRingCardGame-FireAndSwords-Lost.jpg	Shadow Card	Event					94			Ruffian						Fire and Swords		Add [pathCombat] to the active path; then, if no Free Peoples characters are on it, you may activate a different, random path of the same number.		
2d3f7241-b72e-4ee4-980b-597f8b056966	A Little Mischief in a Mean Way	war-of-the-ring-card-game/ats-fire-and-swords/WarOfTheRingCardGame-AtSFireAndSwords-ALittleMischiefInAMeanWay.jpg	Shadow Card	Event					163			Isengard						AtS-Fire and Swords		Choose: If Saruman is in the eliminated pile, add 1 corruption; forsake 2 cards to add 2 corruption; or forsake 1 card to draw 3 cards.		
2d5a9a32-9430-4f65-8291-771ce21e29cf	Dunland	war-of-the-ring-card-game/fire-and-swords/WarOfTheRingCardGame-FireAndSwords-Dunland.jpg	Shadow Battleground	Battleground			Northmen, Rohan, Wizard		21	Isengard, Ruffian								Fire and Swords		The Ruffian player draws 7 cards, and from these may play up to 1 Ruffian card, and then cycles the rest.	1	
2db048b2-a06f-4734-b627-8f313edec396	Haradrim Regulars	war-of-the-ring-card-game/core/WarOfTheRingCardGame-Core-HaradrimRegulars.jpg	Shadow Card	Army		1			87		1	Southron					Isengard	Core		If in reserve, you may use your action and eliminate this card to activate Harad if it is in the Shadow battleground deck.		
2e650769-f9f4-4cf0-b57f-8f019b538b02	Dead Men of Dunharrow	war-of-the-ring-card-game/core/WarOfTheRingCardGame-Core-DeadMenOfDunharrow.jpg	Free Peoples Card	Army					1			Dúnedain					Aragorn	Core		+[attack] [attack] +[defense] [defense] supporting Strider or Aragorn.		
2eeb6646-9162-4504-ae8d-3702c9962815	Trolls of Udûn	war-of-the-ring-card-game/core/WarOfTheRingCardGame-Core-TrollsOfUdN.jpg	Shadow Card	Army		1			99		2	Mordor					Sauron	Core				
2f86e74f-1b7e-4b8d-b7f8-7b1b25718248	Squint-eyed Southerner	war-of-the-ring-card-game/fire-and-swords/WarOfTheRingCardGame-FireAndSwords-SquintEyedSoutherner.jpg	Shadow Card	Character	2				90			Ruffian	1		1			Fire and Swords	1	When played, draw 7 cards: from these, take up to 1 Ruffian card into hand, and cycle the rest.		
2ff0ecca-e46d-4cbf-8876-28efe7f3a253	Sam Gamgee	war-of-the-ring-card-game/core/WarOfTheRingCardGame-Core-SamGamgee.jpg	Free Peoples Card	Character	1,2,3,4,5,6,7,8,9			1	38			Hobbit			1		Hobbit	Core		If in reserve, you may use your action and cycle this card, along with any wielded items, to add [pathCombat] to the active path.		
2ffefc8b-431c-4177-a010-25605ed66a34	Imladris	war-of-the-ring-card-game/core/WarOfTheRingCardGame-Core-Imladris.jpg	Path 3	Path				1	8						1	3		Core		The Elf player draws 2 cards.	1	
304cba39-2c8d-446c-9f8c-55f24594aea0	Morgul Vale	war-of-the-ring-card-game/against-the-shadow/WarOfTheRingCardGame-AgainstTheShadow-MorgulVale.jpg	Path 8	Path					23							8		Against the Shadow		The Mordor player draws up to 5 cards, one at a time: play the first Nazgûl character drawn and then stop; cycle the unplayed cards.	2	
305de154-be05-43a4-b1bd-7dce78ba8a1a	GP Rulebook 02	war-of-the-ring-card-game/core/WarOfTheRingCardGame-Core-GPRulebook02.jpg	Rulebook	Rulebook					2									Core				
31128076-9391-4a9a-ab69-cc0eaace6728	FaS Rulebook 10	war-of-the-ring-card-game/fire-and-swords/WarOfTheRingCardGame-FireAndSwords-FaSRulebook10.jpg	FaS Rulebook	Rulebook					10									Fire and Swords				
32883b6b-9248-430c-b246-934cb4cf38d8	Gwaihir the Windlord	war-of-the-ring-card-game/core/WarOfTheRingCardGame-Core-GwaihirTheWindlord.jpg	Free Peoples Card	Character	9	1		1	53		1	Wizard			1		Hobbit	Core		If in reserve, you may use your action and cycle this card to take Gandalf the Grey or Gandalf the White from your cycle pile into hand.		
32973889-5483-4653-8b16-a10782429078	Elrond	war-of-the-ring-card-game/core/WarOfTheRingCardGame-Core-Elrond.jpg	Free Peoples Card	Character	3	1		2	21		1	Elf	1	1	2		Aragorn	Core		When played, draw 1 card. While in reserve, increase your carryover limit by 1.		
329b7b6f-8e21-4845-880a-630c7ea29540	White Hand Orcs	war-of-the-ring-card-game/against-the-shadow/WarOfTheRingCardGame-AgainstTheShadow-WhiteHandOrcs.jpg	Shadow Card	Army		1			65		1	Isengard					Isengard	Against the Shadow		If this card is eliminated for any reason, cycle it instead.		
3333551c-b95e-46f1-a882-8197fb40e556	A Giant Among the Swertings	war-of-the-ring-card-game/ats-fire-and-swords/WarOfTheRingCardGame-AtSFireAndSwords-AGiantAmongTheSwertings.jpg	Shadow Card	Character	7				179			Southron	1	1	1			AtS-Fire and Swords	1	When played, draw up to 7 cards, one at a time: play the first Southron army or Southron character drawn and then stop; cycle the unplayed cards.		
33c0a908-1248-4a75-98eb-dfa4bf63e856	Fangorn	war-of-the-ring-card-game/fire-and-swords/WarOfTheRingCardGame-FireAndSwords-Fangorn.jpg	Path 5	Path				1	32						1	5		Fire and Swords		Each Free Peoples player may take 1 random card from their cycle pile into hand. Add [pathCombat] to each Ent character on this path.	1	
33d42bb7-ec16-4e84-b97f-94ed5946b7fc	Horn of Gondor	war-of-the-ring-card-game/fire-and-swords/WarOfTheRingCardGame-FireAndSwords-HornOfGondor.jpg	Free Peoples Card	Item					123			Dúnedain					Aragorn	Fire and Swords		When played or moved to a path or battleground, you may forsake 2 cards and eliminate this card to add [attack] or [defense][LDdefense] or [pathCombat][pathCombat] to the wielder.		Boromir, Faramir
3502d6a2-3cbc-482a-8c81-8a2bbfa8b8ef	Threats and Promises	war-of-the-ring-card-game/core/WarOfTheRingCardGame-Core-ThreatsAndPromises.jpg	Shadow Card	Event					72			Isengard					Isengard	Core		If Saruman is in reserve, activate or reactivate any Isengard battleground; then, you may move Saruman to that battleground (even if Saruman was played this round).		
35d4ad87-303e-4b22-9c14-866194e76be4	Rulebook 23	war-of-the-ring-card-game/core/WarOfTheRingCardGame-Core-Rulebook23.jpg	Rulebook	Rulebook					23									Core				
35f94c17-2d52-4982-8a69-cbe5acbf1677	FaS Rulebook 08	war-of-the-ring-card-game/fire-and-swords/WarOfTheRingCardGame-FireAndSwords-FaSRulebook08.jpg	FaS Rulebook	Rulebook					8									Fire and Swords				
360061e5-e271-4eb5-8044-190c37e1e2de	Morgul Vale	war-of-the-ring-card-game/core/WarOfTheRingCardGame-Core-MorgulVale.jpg	Path 8	Path					23							8		Core		The Mordor player draws 5 cards, and from these may play up to 1 Nazgul character, and then cycles the rest.	2	
3746be1a-7909-4a8e-b069-814d291f6b5a	Bill the Pony	war-of-the-ring-card-game/fire-and-swords/WarOfTheRingCardGame-FireAndSwords-BillThePony.jpg	Free Peoples Card	Item				1	47			Northmen						Fire and Swords		Mount. If on a path 3, you may use your action to activate a random path 4; then, each Shadow player draws 2 cards and must cycle 1 card from hand.		Hobbit
39ed365b-fd97-46af-a2e7-828ae4ad30a4	Spies	war-of-the-ring-card-game/fire-and-swords/WarOfTheRingCardGame-FireAndSwords-Spies.jpg	Shadow Card	Character	1,2,3	1			89			Ruffian			1			Fire and Swords	1	If in reserve, you may use your action and cycle this card to examine the hand of the Free Peoples player of your choice.		
3a780fcd-d2cd-4cc0-ab31-c7bd4901ffed	Soldiers of Gondor	war-of-the-ring-card-game/core/WarOfTheRingCardGame-Core-SoldiersOfGondor.jpg	Free Peoples Card	Army		1			4		1	Dúnedain					Aragorn	Core				
3b21fcd6-6fb3-47d3-9ced-4f5fd9932798	Near Harad	war-of-the-ring-card-game/fire-and-swords/WarOfTheRingCardGame-FireAndSwords-NearHarad.jpg	Shadow Battleground	Skirmish			Dúnedain, Wizard		35	Southron								Fire and Swords		DEFENDER WINS Each Shadow player draws 1 card. ATTACKER WINS Remove 1 corruption.		
3be3a987-c3a8-4f57-a5de-4ea6a007c15f	Party Invitation	war-of-the-ring-card-game/fire-and-swords/WarOfTheRingCardGame-FireAndSwords-PartyInvitation.jpg	Free Peoples Card	Item					107			Hobbit						Fire and Swords		If in reserve, you may use your action and eliminate this card to take up to 2 Hobbit characters from your cycle pile into hand.		Hobbit
3c3c999b-f515-4dd6-9344-bfdde7341726	The Black Serpent	war-of-the-ring-card-game/core/WarOfTheRingCardGame-Core-TheBlackSerpent.jpg	Shadow Card	Character					90			Southron	1	1			Isengard	Core		If in reserve, you may use your action and eliminate this card to reactivate a Southron battleground.		
3c7f409f-93c3-454e-b109-6b190543bc1f	White Hand Orcs	war-of-the-ring-card-game/core/WarOfTheRingCardGame-Core-WhiteHandOrcs.jpg	Shadow Card	Army		1			64		1	Isengard					Isengard	Core				
3d2a831a-2151-42bb-ae7f-f4e8b31a936b	Ted Sandyman	war-of-the-ring-card-game/ats-fire-and-swords/WarOfTheRingCardGame-AtSFireAndSwords-TedSandyman.jpg	Shadow Card	Character	1,2				175			Ruffian			1			AtS-Fire and Swords	1	+ [LDattack] on The Shire. If in reserve, use an action, cycle this card, and the Hobbit player must forsake 1 card.		
3e989bf2-8d61-4b41-af05-aebdddbf9b6c	The Ringwraiths are Abroad	war-of-the-ring-card-game/core/WarOfTheRingCardGame-Core-TheRingwraithsAreAbroad.jpg	Shadow Card	Event					120			Mordor					Sauron	Core		Draw 7 cards: from these, eliminate 1 card, play up to 2 Nazgûl characters, and cycle the rest.		
3fc70e4b-761e-4296-80e8-cc1009de2e68	The Black Fleet	war-of-the-ring-card-game/against-the-shadow/WarOfTheRingCardGame-AgainstTheShadow-TheBlackFleet.jpg	Shadow Card	Army		1			89		1	Southron					Isengard	Against the Shadow		If in reserve, use an action to activate Pelargir if it is in the Free Peoples battleground deck, and then move this card to Pelargir.		
402b68bc-29f3-4d7a-8073-7148dee950ba	Minas Morgul	war-of-the-ring-card-game/against-the-shadow/WarOfTheRingCardGame-AgainstTheShadow-MinasMorgul.jpg	Shadow Battleground	Battleground			Mordor		10	Dúnedain, Wizard	2							Against the Shadow		The Mordor player draws up to 5 cards, one at a time: play the first Nazgûl character drawn to reserve and then stop; cycle the unplayed cards.	2	
40b9f576-1c9a-4747-a061-cd4cd38a3889	The Black Captain	war-of-the-ring-card-game/against-the-shadow/WarOfTheRingCardGame-AgainstTheShadow-TheBlackCaptain.jpg	Shadow Card	Event					118			Mordor					Sauron	Against the Shadow		Activate Minas Tirith, or reactivate Minas Tirith if it is in the Free Peoples scoring area; if not possible, cycle this card.		
42529f91-6b4b-4296-ac8a-b494de6853cf	Dirty Thieving Ruffians	war-of-the-ring-card-game/ats-fire-and-swords/WarOfTheRingCardGame-AtSFireAndSwords-DirtyThievingRuffians.jpg	Shadow Card	Army		1			169		1	Ruffian						AtS-Fire and Swords		If in reserve, use an action to activate The Shire if it is in the Free Peoples battleground deck, and then move this card to The Shire.		
4285d2fc-c4ff-43e7-8b50-516b2514a37d	The Lidless Eye	war-of-the-ring-card-game/against-the-shadow/WarOfTheRingCardGame-AgainstTheShadow-TheLidlessEye.jpg	Shadow Card	Character	9				108			Mordor			1		Sauron	Against the Shadow	1	This card cannot be played or moved to a path if a Shadow battleground is active. When played, each Shadow player draws 1 card.		
43523f8b-e4cd-465f-a30b-d593821e12a6	Wolves	war-of-the-ring-card-game/fire-and-swords/WarOfTheRingCardGame-FireAndSwords-Wolves.jpg	Shadow Card	Character	2,3,6,7,8	1			88			Monstrous			1			Fire and Swords	1	If in reserve, you may use your action and eliminate this card so each Free Peoples player must forsake 1 card.		
43bd748d-d81c-4d98-8440-6c5dfcb75a54	Ghân-buri-Ghân	war-of-the-ring-card-game/core/WarOfTheRingCardGame-Core-GhNBuriGhN.jpg	Free Peoples Card	Character					992			Rohan		1			Hobbit	Core		While in reserve, Rohan cards may be played or moved to Minas Tirith.		
441cccee-2555-453f-ae95-ac4d4c64c405	Black Uruks	war-of-the-ring-card-game/against-the-shadow/WarOfTheRingCardGame-AgainstTheShadow-BlackUruks.jpg	Shadow Card	Army		2			91		1	Mordor					Sauron	Against the Shadow				
4444419a-d47a-485d-9bd7-f7d9d8304704	Balrog of Moria	war-of-the-ring-card-game/against-the-shadow/WarOfTheRingCardGame-AgainstTheShadow-BalrogOfMoria.jpg	Shadow Card	Character	4,5	2			75		2	Monstrous			2		Isengard	Against the Shadow	2	+[pathCombat] on Khazad-dûm. When played or moved to a path or battleground, each Free Peoples player must forsake 1 card.		
45ea7a8c-4f12-4186-b6f3-d15a8f78b947	Bill Ferny	war-of-the-ring-card-game/ats-fire-and-swords/WarOfTheRingCardGame-AtSFireAndSwords-BillFerny.jpg	Shadow Card	Character	2				171			Ruffian	1		1			AtS-Fire and Swords	1	If in reserve, use an action, eliminate this card, and each Free Peoples player must cycle 1 card from hand.		
465eb31f-2810-4412-9a7a-2d7a6de0f0c0	Goblins of the Misty Mountains	war-of-the-ring-card-game/core/WarOfTheRingCardGame-Core-GoblinsOfTheMistyMountains.jpg	Shadow Card	Army		1			74		1	Monstrous					Isengard	Core				
46950af7-2e72-40c4-a414-096d5118f97c	Rulebook 05	war-of-the-ring-card-game/core/WarOfTheRingCardGame-Core-Rulebook05.jpg	Rulebook	Rulebook					5									Core				
477186c1-2316-43bb-b09b-cbc9b2132762	Crack of Doom	war-of-the-ring-card-game/core/WarOfTheRingCardGame-Core-CrackOfDoom.jpg	Path 9	Path					25							9		Core		The Monstrous player draws 2 cards.	3	
4af0ee68-58c0-4e2a-b9b2-264694bf82f8	Morgai	war-of-the-ring-card-game/core/WarOfTheRingCardGame-Core-Morgai.jpg	Path 9	Path					26							9		Core		Add [pathCombat] to this path.	3	
4b8a7666-ab09-4908-9048-f7349cbfc5dc	AtS Rulebook 05	war-of-the-ring-card-game/against-the-shadow/WarOfTheRingCardGame-AgainstTheShadow-AtSRulebook05.jpg	AtS Rulebook	Rulebook					5									Against the Shadow				
4c21668f-dee0-41cd-a3bd-3d37aa5085bd	Musterings of Long-planned War	war-of-the-ring-card-game/fire-and-swords/WarOfTheRingCardGame-FireAndSwords-MusteringsOfLongPlannedWar.jpg	Shadow Card	Event					175			Easterling						Fire and Swords		Draw 4 cards, and then forsake 1 card.		
4c9b3479-d918-44b4-b6c8-86b927c8d021	Hill-troll	war-of-the-ring-card-game/core/WarOfTheRingCardGame-Core-HillTroll.jpg	Shadow Card	Character	2,3,4,5,6,7,8,9	1			82		1	Monstrous			1		Isengard	Core	1	If in reserve, you may use your action and eliminate this card so each Free Peoples player must forsake 1 card.		
4c9b4a30-a515-4dce-a836-4c3246f60cdd	Frodo Baggins	war-of-the-ring-card-game/core/WarOfTheRingCardGame-Core-FrodoBaggins.jpg	Free Peoples Card	Character	1,2,3,4,5,6,7,8,9			1	35			Hobbit			1		Hobbit	Core		If eliminated for any reason (including being forsaken), cycle this card instead. This does not apply to any wielded items.		
4de3cc5a-d04a-4de0-85db-bc3f99699dfd	AtS Rulebook 03	war-of-the-ring-card-game/against-the-shadow/WarOfTheRingCardGame-AgainstTheShadow-AtSRulebook03.jpg	AtS Rulebook	Rulebook					3									Against the Shadow				
4e5ecb4f-aa33-4c30-9a32-f834f3b76671	Rulebook 21	war-of-the-ring-card-game/core/WarOfTheRingCardGame-Core-Rulebook21.jpg	Rulebook	Rulebook					21									Core				
4f98a38b-4355-41a2-b2db-d80258015c9b	Candles of Corpses	war-of-the-ring-card-game/core/WarOfTheRingCardGame-Core-CandlesOfCorpses.jpg	Shadow Card	Character	6,7				77			Monstrous			1		Isengard	Core	1	+[pathCombat] on Dead Marshes. If in reserve, you may use your action and eliminate this card so each Free Peoples player must forsake 1 card.		
4fa8e0f5-3842-459e-a129-76fc6b538b65	Orc-chieftain	war-of-the-ring-card-game/fire-and-swords/WarOfTheRingCardGame-FireAndSwords-OrcChieftain.jpg	Shadow Card	Character	4,5				85			Monstrous	1	1	1			Fire and Swords	1	When played, you may take a Goblins of the Misty Mountains from your draw deck into hand.		
5088eff3-670f-4831-bee8-431ab14b1a12	The Barrow-downs	war-of-the-ring-card-game/fire-and-swords/WarOfTheRingCardGame-FireAndSwords-TheBarrowDowns.jpg	Path 2	Path					29							2		Fire and Swords		The Monstrous player draws 2 cards. Add [pathCombat] to Barrow-wights on this path.	2	
52266e42-b51b-4ec1-9ddf-520a4fa921fa	Black Rider's Mount	war-of-the-ring-card-game/core/WarOfTheRingCardGame-Core-BlackRidersMount.jpg	Shadow Card	Item					114			Mordor			1		Sauron	Core	1	Mount. When played on a wielder in reserve, you may immediately move it to a path (even if it was played this round).		Nazgûl
52bd59c1-fce4-4dae-a728-0bd3fc49db7e	Pelargir	war-of-the-ring-card-game/core/WarOfTheRingCardGame-Core-Pelargir.jpg	Free Peoples Battleground	Battleground			Southron		6	Dúnedain, Wizard	1							Core		The Dúnedain player may forsake 1 card to draw 1 card.	1	
52ffdf71-e3d4-4e99-98e7-d08415d6ebc4	Morgul Blade	war-of-the-ring-card-game/core/WarOfTheRingCardGame-Core-MorgulBlade.jpg	Shadow Card	Item					116			Mordor					Sauron	Core		Weapon. If on a path, you may use your action and eliminate this card to add 1 corruption.		Nazgûl
5329c719-a1cc-4d83-89a7-072904c50433	Shelob	war-of-the-ring-card-game/against-the-shadow/WarOfTheRingCardGame-AgainstTheShadow-Shelob.jpg	Shadow Card	Character	7,8,9				83			Monstrous			1		Isengard	Against the Shadow	1	+[pathCombat] on Shelob’s Lair. If in reserve, move this card to a path 8, even if the Shadow is winning.		
532deb11-3f00-42e0-9bce-76460e6f49ca	Trolls of Udûn	war-of-the-ring-card-game/against-the-shadow/WarOfTheRingCardGame-AgainstTheShadow-TrollsOfUdN.jpg	Shadow Card	Army		1			99		2	Mordor					Sauron	Against the Shadow				
5446fbef-187c-4c09-8965-74a6dae37493	Orodruin	war-of-the-ring-card-game/core/WarOfTheRingCardGame-Core-Orodruin.jpg	Path 9	Path					27							9		Core		The Mordor player draws 2 cards.	3	
553afb55-e134-4ae8-a888-b26a1a327ec7	Additional Rulebook 03	war-of-the-ring-card-game/core/WarOfTheRingCardGame-Core-AdditionalRulebook03.jpg	Rulebook	Rulebook					3									Core				
558e6de6-582c-4ca1-a7af-f69551c9a551	Morannon	war-of-the-ring-card-game/against-the-shadow/WarOfTheRingCardGame-AgainstTheShadow-Morannon.jpg	Shadow Battleground	Battleground			Mordor, Southron		11	Dúnedain, Rohan, Wizard	2							Against the Shadow		The Mordor player draws up to 5 cards, one at a time: play the first army drawn and then stop; cycle the unplayed cards.	2	
56861e3e-9a1d-4f8e-913a-9f86ec5c4709	Dol Guldur	war-of-the-ring-card-game/core/WarOfTheRingCardGame-Core-DolGuldur.jpg	Shadow Battleground	Battleground			Elf, Wizard		8	Mordor	2							Core		The Free Peoples battleground Lórien must also be activated.	1	
569fea9d-4b7a-4ff2-bff5-176d3aeec0a4	Blue Rules 1	war-of-the-ring-card-game/core/WarOfTheRingCardGame-Core-BlueRules1.jpg	Free Peoples Battleground	Rules					1									Core				
5709aabd-ac9a-46c6-8827-b0598a138417	Mirkwood Skirmishers	war-of-the-ring-card-game/fire-and-swords/WarOfTheRingCardGame-FireAndSwords-MirkwoodSkirmishers.jpg	Shadow Card	Army		1			994		1	Easterling						Fire and Swords		+ [attack] on Woodland Realm. If in reserve, you may use your action and eliminate this card to activate Woodland Realm if it is in the Free Peoples battleground deck.		
578f06cc-9393-4f32-a0e5-109669619d64	Théodred	war-of-the-ring-card-game/fire-and-swords/WarOfTheRingCardGame-FireAndSwords-ThOdred.jpg	Free Peoples Card	Character					48		1	Rohan	1					Fire and Swords		When played, draw 5 cards: from these, play up to 1 Rohan character, and cycle the rest.		
57bf5374-082f-4a2b-8e48-39b2cbf7197e	Rivendell	war-of-the-ring-card-game/core/WarOfTheRingCardGame-Core-Rivendell.jpg	Free Peoples Battleground	Battleground			Monstrous		7	Elf, Wizard	2							Core		The Elf player draws 1 card and then cycles 1 card from hand.	2	
5820a581-653e-48e7-99e8-e0803368d7b0	Allies of Sauron	war-of-the-ring-card-game/ats-fire-and-swords/WarOfTheRingCardGame-AtSFireAndSwords-AlliesOfSauron.jpg	Shadow Card	Army		1			151		1	Easterling						AtS-Fire and Swords		If in reserve, use an action to activate Dale if it is in the Free Peoples battleground deck, and then move this card to Dale.		
584da922-12a5-44a8-b47f-bd280374d3ba	Whip of Many Thongs	war-of-the-ring-card-game/core/WarOfTheRingCardGame-Core-WhipOfManyThongs.jpg	Shadow Card	Item		1			993		1	Monstrous			1		Isengard	Core	1	When played, draw 1 card.		Balrog
589381ba-5652-4845-bce0-131335b683b6	Shelob's Lair	war-of-the-ring-card-game/core/WarOfTheRingCardGame-Core-ShelobsLair.jpg	Path 8	Path					24							8		Core		The Monstrous player draws 2 cards.	2	
58b82e6d-b040-4259-bf3d-d5e390b104b0	High Elves	war-of-the-ring-card-game/core/WarOfTheRingCardGame-Core-HighElves.jpg	Free Peoples Card	Army		2			18		2	Elf					Aragorn	Core				
59043f5d-011a-4ae5-b8fc-65f10e52c30a	The Doors of Durin	war-of-the-ring-card-game/against-the-shadow/WarOfTheRingCardGame-AgainstTheShadow-TheDoorsOfDurin.jpg	Path 4	Path					12							4		Against the Shadow		The Monstrous player forsakes 1 card to add [pathCombat] to this path.	2	
599956bf-ec71-408e-b6a5-1d95e4ddee2f	Mount Gundabad	war-of-the-ring-card-game/fire-and-swords/WarOfTheRingCardGame-FireAndSwords-MountGundabad.jpg	Shadow Battleground	Battleground			Dwarf, Northmen, Wizard		22	Monstrous	2							Fire and Swords		The Monstrous player draws 2 cards.	1	
599ec8ae-1db0-47fe-abfc-4dd54b70e47e	Easterling Commander	war-of-the-ring-card-game/ats-fire-and-swords/WarOfTheRingCardGame-AtSFireAndSwords-EasterlingCommander.jpg	Shadow Card	Character	6,7				157			Easterling	1	1	1			AtS-Fire and Swords	1	When played, draw up to 7 cards, one at a time: play the first Easterling army or Easterling character drawn and then stop; cycle the unplayed cards.		
5af26f58-8ca2-46af-a559-1bc30c9ec5a4	The High Pass	war-of-the-ring-card-game/fire-and-swords/WarOfTheRingCardGame-FireAndSwords-TheHighPass.jpg	Path 4	Path					31							4		Fire and Swords		The Monstrous player draws 2 cards. Monstrous armies may be played or moved to this path, and each adds [pathCombat] while on it.	2	
5b993dd1-2c39-4d40-8ee2-5fddc316e779	Watcher in the Water	war-of-the-ring-card-game/fire-and-swords/WarOfTheRingCardGame-FireAndSwords-WatcherInTheWater.jpg	Shadow Card	Character	4				87		1	Monstrous			1			Fire and Swords	1	If on a path 4, you may use your action to activate a different, random path 4. If in reserve, you may use your action and eliminate this card so each Free Peoples player must forsake 1 card.		
5bb087e6-4b5b-4007-9528-06da7757a95f	FaS Rulebook 09	war-of-the-ring-card-game/fire-and-swords/WarOfTheRingCardGame-FireAndSwords-FaSRulebook09.jpg	FaS Rulebook	Rulebook					9									Fire and Swords				
5c82ba46-3db0-4575-9678-c7f8968f8824	We Prove the Swifter!	war-of-the-ring-card-game/fire-and-swords/WarOfTheRingCardGame-FireAndSwords-WeProveTheSwifter.jpg	Free Peoples Card	Event					126			Dúnedain					Aragorn	Fire and Swords		Forsake 1 card and then draw 4 cards; then, you may take an additional action.		
5ccf46ba-2091-4734-9077-185f0b82726d	Grishnákh	war-of-the-ring-card-game/core/WarOfTheRingCardGame-Core-GrishnKh.jpg	Shadow Card	Character	6,7				101			Mordor	1		1		Sauron	Core	1	If on a path, you may use your action and eliminate this card to add 1 corruption.		
5d0b1d1d-a8ab-4b7b-b4d5-81ebdf7a5e6f	Minas Tirith	war-of-the-ring-card-game/core/WarOfTheRingCardGame-Core-MinasTirith.jpg	Free Peoples Battleground	Battleground			Mordor, Southron		5	Dúnedain, Wizard	3							Core		The Dúnedain player may forsake 1 card to draw 3 cards.	3	
5ea39238-e8c2-46e8-863d-81c9ba34ec5c	Blade of Westernesse	war-of-the-ring-card-game/core/WarOfTheRingCardGame-Core-BladeOfWesternesse.jpg	Free Peoples Card	Item		1		1	14		1	Dúnedain			1		Aragorn	Core		Weapon.		Hobbit
5f246cea-5793-46c7-9845-fa6708a816fc	Mouth of Sauron	war-of-the-ring-card-game/against-the-shadow/WarOfTheRingCardGame-AgainstTheShadow-MouthOfSauron.jpg	Shadow Card	Character	7,8,9				102			Mordor	1	1	1		Sauron	Against the Shadow	1	This card cannot be played or moved to a path if a Shadow battleground is active. While in reserve, draw 1 additional card each Draw step.		
5fbdd76e-5836-448c-bab3-ed3a757f951a	Fas Blue Rules 3	https://dragncards-wotr.s3.amazonaws.com/rules/BlueInstructions5.jpg	Shadow Battleground	Rules														Fire and Swords				
6045fbb5-a28f-442e-b064-ef222277b76c	Mordor Orcs	war-of-the-ring-card-game/core/WarOfTheRingCardGame-Core-MordorOrcs-4.jpg	Shadow Card	Army		1			97		1	Mordor					Sauron	Core				
60a4f973-0e2b-43d7-a1e0-fe4998a2f235	Cave-troll	war-of-the-ring-card-game/against-the-shadow/WarOfTheRingCardGame-AgainstTheShadow-CaveTroll.jpg	Shadow Card	Character	4,8,9	1			79		1	Monstrous			1		Isengard	Against the Shadow	1			
60c672d9-c9bd-4766-b114-42346b6d9e4c	FaS Rulebook 03	war-of-the-ring-card-game/fire-and-swords/WarOfTheRingCardGame-FireAndSwords-FaSRulebook03.jpg	FaS Rulebook	Rulebook					3									Fire and Swords				
61952fa9-0549-4e93-b830-71f75eeb8022	Fas Red Rules 2	war-of-the-ring-card-game/fire-and-swords/WarOfTheRingCardGame-FireAndSwords-FasRedRules2.jpg	Shadow Battleground	Rules														Fire and Swords				
624a2836-4d19-484a-b519-a0daa0963247	Old Man Willow	war-of-the-ring-card-game/fire-and-swords/WarOfTheRingCardGame-FireAndSwords-OldManWillow.jpg	Shadow Card	Character	1,2				996			Monstrous			1			Fire and Swords	1	+ [attack] on The Shire. + [pathCombat] on The Old Forest. When played, the Hobbit player must forsake 1 card.		
6397535b-b8cf-451c-b119-7d2b4866eff7	Lórien	war-of-the-ring-card-game/core/WarOfTheRingCardGame-Core-LRien.jpg	Free Peoples Battleground	Battleground			Monstrous, Mordor		4	Elf, Wizard	2							Core		The Shadow battleground Dol Guldur must also be activated or reactivated.	2	
63b17585-99cd-451f-8465-20a233920f3d	The Hunter	war-of-the-ring-card-game/against-the-shadow/WarOfTheRingCardGame-AgainstTheShadow-TheHunter.jpg	Shadow Card	Character	1,2,3,5,6,7,8,9				107			Mordor	1		2		Sauron	Against the Shadow	2	Nazgûl.		
63fd898a-1a4f-4a47-83c5-9b3921baac43	Fas Blue Rules 2	war-of-the-ring-card-game/fire-and-swords/WarOfTheRingCardGame-FireAndSwords-FasBlueRules2.jpg	Free Peoples Battleground	Rules														Fire and Swords				
646beb61-3072-4ecb-8abc-045afa942960	Grishnákh	war-of-the-ring-card-game/against-the-shadow/WarOfTheRingCardGame-AgainstTheShadow-GrishnKh.jpg	Shadow Card	Character	6,7				101			Mordor	1				Sauron	Against the Shadow		If in reserve, move this card to the path, even if it’s not useful. If on a path, use an action, eliminate this card, and choose: Add [pathCombat] [pathCombat] to the path; or add 1 corruption.		
64c19665-27c4-42dc-b8bb-67b08bb9f04f	Lossarnach	war-of-the-ring-card-game/fire-and-swords/WarOfTheRingCardGame-FireAndSwords-Lossarnach.jpg	Free Peoples Battleground	Skirmish			Southron		31	Dúnedain, Wizard								Fire and Swords		DEFENDER WINS The Dúnedain player may forsake 1 card to draw 3 cards. ATTACKER WINS Add 1 corruption.		
65144701-1ca6-48ec-921a-06e6166fa682	Celeborn	war-of-the-ring-card-game/fire-and-swords/WarOfTheRingCardGame-FireAndSwords-Celeborn.jpg	Free Peoples Card	Character	5	1		1	100		1	Elf			1			Fire and Swords		+ [LDattack] on Dol Guldur. + [LDdefense] on Lórien. If on a path 5, you may use your action to activate a different, random path 5.		
651a0654-c02e-4ffb-89d6-ddbf03eedd77	Bilbo Baggins	war-of-the-ring-card-game/core/WarOfTheRingCardGame-Core-BilboBaggins.jpg	Free Peoples Card	Character	3			1	33			Hobbit			1		Hobbit	Core		If eliminated for any reason (including being forsaken), cycle this card instead. If in reserve, you may use your action and cycle this card to draw 2 cards.		
675bb1cf-900a-4af5-a0ea-e18809fa65b6	GP Rulebook 04	war-of-the-ring-card-game/core/WarOfTheRingCardGame-Core-GPRulebook04.jpg	Rulebook	Rulebook					4									Core				
679e5e5e-6a43-4a92-bbc1-f956c9de821b	Quickbeam	war-of-the-ring-card-game/core/WarOfTheRingCardGame-Core-Quickbeam.jpg	Free Peoples Card	Character	5.6			1	54			Wizard			1		Hobbit	Core		Ent. +[attack] +[defense] for every 2 Isengard character and/or army cards on the same battleground (rounded down).		
67b00356-fa39-47a3-84de-e08f38136ec9	AtS Rulebook 01	war-of-the-ring-card-game/against-the-shadow/WarOfTheRingCardGame-AgainstTheShadow-AtSRulebook01.jpg	AtS Rulebook	Rulebook					1									Against the Shadow				
67d31a30-c1e2-4c7c-adf9-6049b22474a7	Gimli	war-of-the-ring-card-game/core/WarOfTheRingCardGame-Core-Gimli.jpg	Free Peoples Card	Character	3,4,5,6,7,8,9	1		1	31		1	Dwarf			1		Hobbit	Core		When played, you may take Dwarven Axe from your cycle pile into hand.		
692a6b6f-6801-4f2b-9476-4c813616666f	The Doors of Durin	war-of-the-ring-card-game/core/WarOfTheRingCardGame-Core-TheDoorsOfDurin.jpg	Path 4	Path					12							4		Core		The Monstrous player may forsake 1 card to add [pathCombat] to this path.	2	
6a0b6260-ea8d-4977-907f-8593cdfac4eb	The Black Fleet	war-of-the-ring-card-game/core/WarOfTheRingCardGame-Core-TheBlackFleet.jpg	Shadow Card	Army		1			89		1	Southron					Isengard	Core		+[attack] on Pelargir. If in reserve, you may use your action and eliminate this card to activate Pelargir if it is in the Free Peoples battleground deck.		
6a892685-32b3-4f54-816c-2bab330d080b	Coastal Raiders	war-of-the-ring-card-game/core/WarOfTheRingCardGame-Core-CoastalRaiders.jpg	Shadow Card	Army		1			84		1	Southron					Isengard	Core		+[attack] on Dol Amroth. If in reserve, you may use your action and eliminate this card to activate Dol Amroth if it is in the Free Peoples battleground deck.		
6af4b8cc-93fa-4493-81d5-2196ab903590	FaS Rulebook 05	war-of-the-ring-card-game/fire-and-swords/WarOfTheRingCardGame-FireAndSwords-FaSRulebook05.jpg	FaS Rulebook	Rulebook					5									Fire and Swords				
6b9ef4f3-7b83-4948-8a10-9ae24de005c4	Rulebook 13	war-of-the-ring-card-game/core/WarOfTheRingCardGame-Core-Rulebook13.jpg	Rulebook	Rulebook					13									Core				
6c9327c7-5438-4ab7-8a81-d2572eea6ae9	Orthanc	war-of-the-ring-card-game/core/WarOfTheRingCardGame-Core-Orthanc.jpg	Shadow Battleground	Battleground			Rohan, Wizard		13	Saruman	2							Core		The Isengard player may take Saruman from the draw deck or cycle pile into hand. The Isengard player recycles the cycle pile.	2	
6cdcfcee-e17e-4d73-8de3-f8e1ca90fc27	The Black Captain	war-of-the-ring-card-game/core/WarOfTheRingCardGame-Core-TheBlackCaptain.jpg	Shadow Card	Event					118			Mordor					Sauron	Core		If the Witch-king is in reserve, activate or reactivate any Mordor battleground; then, you may move The Witch-king to that battleground (even if The Witch-king was played this round).		
6d551a57-8bfb-41e6-824a-42b9aabc7ec8	White Hand Orcs	war-of-the-ring-card-game/against-the-shadow/WarOfTheRingCardGame-AgainstTheShadow-WhiteHandOrcs-2.jpg	Shadow Card	Army		1			64		1	Isengard					Isengard	Against the Shadow		If this card is eliminated for any reason, cycle it instead.		
6e1ffe74-828a-4c4f-9188-109284689e19	Black Rider's Mount	war-of-the-ring-card-game/against-the-shadow/WarOfTheRingCardGame-AgainstTheShadow-BlackRidersMount.jpg	Shadow Card	Event					114			Mordor			1		Sauron	Against the Shadow	1	Choose: Add [pathCombat] [pathCombat] to a Nazgûl on a path; forsake 2 cards to add 1 corruption; or draw 2 cards.		
6e45f0b8-9f92-47d0-a203-04c200da397f	Gorbag & Shagrat	war-of-the-ring-card-game/core/WarOfTheRingCardGame-Core-GorbagShagrat.jpg	Shadow Card	Character	8,9				100			Mordor		1			Sauron	Core		When played or moved to a path, you may cycle 1 card from hand to add [pathCombat] to this card, or to add [pathCombat] [pathCombat] if Cirith Ungol is the active path.		
6f5f1489-346a-42cc-b289-a9eddd41c95e	Coastal Raiders	war-of-the-ring-card-game/against-the-shadow/WarOfTheRingCardGame-AgainstTheShadow-CoastalRaiders.jpg	Shadow Card	Army		1			84		1	Southron					Isengard	Against the Shadow		If in reserve, use an action to activate Dol Amroth if it is in the Free Peoples battleground deck, and then move this card to Dol Amroth.		
7083d486-12e7-491c-a143-3a1e92be4c72	The Witch-king	war-of-the-ring-card-game/against-the-shadow/WarOfTheRingCardGame-AgainstTheShadow-TheWitchKing.jpg	Shadow Card	Character	1,2,3,5,6,7,8,9	2			112			Mordor			2		Sauron	Against the Shadow	2	Nazgûl. While in reserve, draw 1 additional card each Draw step.		
71967cb3-344d-4b99-9e7c-2dee4e10c403	Black Breath	war-of-the-ring-card-game/against-the-shadow/WarOfTheRingCardGame-AgainstTheShadow-BlackBreath.jpg	Shadow Card	Event					113			Mordor					Sauron	Against the Shadow		Choose: Add [pathCombat] [pathCombat] to the active path; cycle 1 Nazgûl from a path to add 1 corruption; or forsake 1 card to add 1 corruption.		
74605d40-73f5-49a5-915a-b599ad8721ef	Grond, Hammer of the Underworld	war-of-the-ring-card-game/against-the-shadow/WarOfTheRingCardGame-AgainstTheShadow-GrondHammerOfTheUnderworld.jpg	Shadow Card	Army		3			92			Mordor					Sauron	Against the Shadow		This card cannot be played or moved to a Shadow battleground.		
76526ad5-eb98-4ee5-917f-9c0185b80a61	Red Rules 2	war-of-the-ring-card-game/core/WarOfTheRingCardGame-Core-RedRules2.jpg	Shadow Battleground	Rules					2									Core				
767f36b3-1658-4f4b-b861-75de03ccd876	Barad-dûr	war-of-the-ring-card-game/fire-and-swords/WarOfTheRingCardGame-FireAndSwords-BaradDR.jpg	Shadow Battleground	Battleground			Any Free Peoples Faction		20	Any Shadow Faction	2							Fire and Swords		If neither Morannon nor Minas Morgul are in the Free Peoples scoring area, Barad-dûr cannot be activated or reactivated.	2	
76eb613e-7cc9-4bbd-927d-cdbb8361d0e9	FaS Rulebook 06	war-of-the-ring-card-game/fire-and-swords/WarOfTheRingCardGame-FireAndSwords-FaSRulebook06.jpg	FaS Rulebook	Rulebook					6									Fire and Swords				
7734c442-48ff-431c-bf8f-5f1ad407ba06	The Stairs	war-of-the-ring-card-game/fire-and-swords/WarOfTheRingCardGame-FireAndSwords-TheStairs.jpg	Path 8	Path					35							8		Fire and Swords		Each Free Peoples player must cycle 1 card from hand.	2	
7783f996-2b0a-4de7-a87b-507643c81443	Andúril	war-of-the-ring-card-game/core/WarOfTheRingCardGame-Core-AndRil.jpg	Free Peoples Card	Item		1		1	13		1	Dúnedain			1		Aragorn	Core		Weapon. If in reserve, you may use your action to activate or reactivate any Dúnedain battleground; then, you must move the wielder to that battleground (even if it was played this round).		Strider, Aragorn
77f088c7-3f09-4faa-93b2-aee2710012d7	Lamedon	war-of-the-ring-card-game/fire-and-swords/WarOfTheRingCardGame-FireAndSwords-Lamedon.jpg	Free Peoples Battleground	Skirmish			Southron		30	Dúnedain, Wizard								Fire and Swords		DEFENDER WINS The Dúnedain player may forsake 1 card to draw 3 cards. ATTACKER WINS Add 1 corruption.		
79727ebc-5d66-4f84-a346-d462c0471c85	Bag End	war-of-the-ring-card-game/core/WarOfTheRingCardGame-Core-BagEnd.jpg	Path 1	Path					1							1		Core		The Hobbit player draws 2 cards.	1	
79df7024-42a1-493c-b14c-3ed0edfdb215	The Grey Company	war-of-the-ring-card-game/fire-and-swords/WarOfTheRingCardGame-FireAndSwords-TheGreyCompany.jpg	Free Peoples Card	Army		1			121		1	Dúnedain						Fire and Swords		This card may be played or moved to any battleground.		
7a8b9363-4574-4f3b-be5d-f7345a440ee6	Henneth Annûn	war-of-the-ring-card-game/core/WarOfTheRingCardGame-Core-HennethAnnN.jpg	Path 7	Path				1	19						1	7		Core		The Dúnedain player draws 1 card.	1	
7b03f69f-de85-417f-a0c9-61cb3bdff402	Radagast the Brown	war-of-the-ring-card-game/fire-and-swords/WarOfTheRingCardGame-FireAndSwords-RadagastTheBrown.jpg	Free Peoples Card	Character	5			1	49		1	Wizard			1			Fire and Swords		If in reserve, you may use your action and eliminate this card to take a Wizard card from your draw deck into hand.		
7bb7cc27-6441-499b-aec2-93af92ca987c	Thranduil	war-of-the-ring-card-game/fire-and-swords/WarOfTheRingCardGame-FireAndSwords-Thranduil.jpg	Free Peoples Card	Character		1			103		1	Elf						Fire and Swords		+ [LDdefense] on Woodland Realm. When played, draw 1 card.		
7c469568-41a1-4941-8e9e-37761c4d3db1	White Hand Orcs	war-of-the-ring-card-game/core/WarOfTheRingCardGame-Core-WhiteHandOrcs-2.jpg	Shadow Card	Army		1			65		1	Isengard					Isengard	Core				
7c70c5ab-0a39-4bee-ae91-46d3d99d03d8	FaS Rulebook 01	war-of-the-ring-card-game/fire-and-swords/WarOfTheRingCardGame-FireAndSwords-FaSRulebook01.jpg	FaS Rulebook	Rulebook					1									Fire and Swords				
7cc1eb96-eac8-4615-a751-bd04f7abc285	Flocks of Crebain	war-of-the-ring-card-game/core/WarOfTheRingCardGame-Core-FlocksOfCrebain.jpg	Shadow Card	Character	1,2,3,4,5,6,7				80			Monstrous			1		Isengard	Core	1	If on a path, you may use your action to activate a different path of the same number.		
7d170948-624c-4bd8-bbfb-f48c788cbc98	Caradhras	war-of-the-ring-card-game/core/WarOfTheRingCardGame-Core-Caradhras.jpg	Path 4	Path					10							4		Core		Each Free Peoples player must forsake 1 card.	2	
7d804003-c1f3-4d3c-a1ab-ca814699602d	The Black Gate	war-of-the-ring-card-game/fire-and-swords/WarOfTheRingCardGame-FireAndSwords-TheBlackGate.jpg	Path 6	Path					33							6		Fire and Swords		Add [pathCombat] to this path. The Hobbit player may add [pathCombat][pathCombat] to this path to change its number from 6 to 7.	2	
7d9a3921-10c7-44e7-9693-45046bdf0021	Glamdring	war-of-the-ring-card-game/core/WarOfTheRingCardGame-Core-Glamdring.jpg	Free Peoples Card	Item		1		1	59		1	Wizard			1		Hobbit	Core		Weapon.		Gandalf
7efdeaec-9d0d-4b0e-bf3a-39a8d779196a	Fighting Uruk-hai	war-of-the-ring-card-game/against-the-shadow/WarOfTheRingCardGame-AgainstTheShadow-FightingUrukHai.jpg	Shadow Card	Army		1			62		2	Isengard					Isengard	Against the Shadow				
7f365e19-de7f-44bd-a8ff-16f8ad128ba1	Rhûn	war-of-the-ring-card-game/fire-and-swords/WarOfTheRingCardGame-FireAndSwords-RhN.jpg	Shadow Battleground	Battleground			Dwarf, Northmen, Wizard		23	Easterling								Fire and Swords		The Easterling player draws 7 cards, and from these may play up to 1 Easterling card, and then cycles the rest.	1	
7f5c2cb1-8ac5-40b0-8b3d-0fb20df3f354	Erebor Guard	war-of-the-ring-card-game/fire-and-swords/WarOfTheRingCardGame-FireAndSwords-EreborGuard.jpg	Free Peoples Card	Army					43		1	Dwarf						Fire and Swords		+ [defense] on Erebor.		
800a2b82-b73f-417d-93de-d103999b581f	Gathering to the Summons	war-of-the-ring-card-game/fire-and-swords/WarOfTheRingCardGame-FireAndSwords-GatheringToTheSummons.jpg	Shadow Card	Event					93			Ruffian						Fire and Swords		This round, Southron, Easterling, and Ruffian armies may be played or moved to any battleground.		
801c5f45-c426-437d-92b4-2719b80e34b8	Disguised As Orcs	war-of-the-ring-card-game/fire-and-swords/WarOfTheRingCardGame-FireAndSwords-DisguisedAsOrcs.jpg	Free Peoples Card	Event					108			Hobbit						Fire and Swords		If Sam or Frodo is on a path 8 or 9, activate a random path 9; then, each Shadow player draws 2 cards and must cycle 1 card from hand.		
81d54c26-8982-4d7b-8997-3c2237bc5a11	The Beguiler	war-of-the-ring-card-game/against-the-shadow/WarOfTheRingCardGame-AgainstTheShadow-TheBeguiler.jpg	Shadow Card	Character	1,2,3,5,6,7,8,9				103			Mordor	1		1		Sauron	Against the Shadow	1	Nazgûl. If in reserve, use an action, cycle this card, and each Free Peoples player must cycle 1 card from hand.		
8207a09a-3b44-4ba4-afef-d4f696b05c5e	Easterling Axe-men	war-of-the-ring-card-game/ats-fire-and-swords/WarOfTheRingCardGame-AtSFireAndSwords-EasterlingAxeMen.jpg	Shadow Card	Army		2			152			Easterling						AtS-Fire and Swords		This card can also be played or moved to Minas Tirith.		
822be5eb-eb57-456e-a88f-869c0cbad575	Rulebook 20	war-of-the-ring-card-game/core/WarOfTheRingCardGame-Core-Rulebook20.jpg	Rulebook	Rulebook					20									Core				
83847416-2502-4303-959b-a8fadc3103df	Wolf-riders	war-of-the-ring-card-game/core/WarOfTheRingCardGame-Core-WolfRiders.jpg	Shadow Card	Army		2			63		1	Isengard					Isengard	Core				
838a29cf-3af6-4d9d-b5d3-3b7548e37ef4	A Long-expected Party	war-of-the-ring-card-game/fire-and-swords/WarOfTheRingCardGame-FireAndSwords-ALongExpectedParty.jpg	Path 1	Path					28							1		Fire and Swords		The Hobbit player draws 5 cards, takes 1 into hand, and then cycles the rest.	1	
84433703-6243-4fc6-8466-ec0465792d45	The Red Bannerman	war-of-the-ring-card-game/fire-and-swords/WarOfTheRingCardGame-FireAndSwords-TheRedBannerman.jpg	Shadow Card	Character	6,7				172			Easterling	1	1	1			Fire and Swords	1	If in reserve, you may use your action and eliminate this card to reactivate any Easterling battleground.		
84439ddf-ef18-40b4-87b2-5bba2780e3c2	High Elves	war-of-the-ring-card-game/core/WarOfTheRingCardGame-Core-HighElves-2.jpg	Free Peoples Card	Army		2			19		2	Elf					Aragorn	Core				
84e6befb-f9de-4173-b2f5-c4c8bc06537a	Rulebook 12	war-of-the-ring-card-game/core/WarOfTheRingCardGame-Core-Rulebook12.jpg	Rulebook	Rulebook					12									Core				
85854c43-e1cb-4fa2-84bd-ae35b7398223	Moria	war-of-the-ring-card-game/core/WarOfTheRingCardGame-Core-Moria.jpg	Shadow Battleground	Battleground			Elf, Dwarf, Wizard		12	Monstrous	2							Core		The Monstrous player draws 2 cards.	1	
859443db-aa24-4a3d-959e-8be85df2fc4b	The Commander	war-of-the-ring-card-game/against-the-shadow/WarOfTheRingCardGame-AgainstTheShadow-TheCommander.jpg	Shadow Card	Character	1,2,3,5,6,7,8,9				105			Mordor	1		1		Sauron	Against the Shadow	1	Nazgûl. If in reserve, use an action, cycle this card, and each Shadow player draws 1 card.		
86cc6675-89af-45fc-90e7-009dab29c2f7	GP Rulebook 01	war-of-the-ring-card-game/core/WarOfTheRingCardGame-Core-GPRulebook01.jpg	Rulebook	Rulebook					1									Core				
86dac933-9f67-486e-bae5-9dad9c9cc2dd	Balrog of Moria	war-of-the-ring-card-game/core/WarOfTheRingCardGame-Core-BalrogOfMoria.jpg	Shadow Card	Character	4,5	2			75		2	Monstrous			2		Isengard	Core	2	+[pathCombat] on Khazad-dûm. When played or moved to a path or battleground, each Free Peoples player must forsake 1 card.		
87052229-2de5-4984-9fd9-978ef30351f1	Dirty Thieving Ruffians	war-of-the-ring-card-game/fire-and-swords/WarOfTheRingCardGame-FireAndSwords-DirtyThievingRuffians.jpg	Shadow Card	Army		1			46		1	Ruffian						Fire and Swords		+ [attack] on The Shire. If in reserve, you may use your action and eliminate this card to activate The Shire if it is in the Free Peoples battleground deck.		
87b4f16a-8935-4751-859b-5988f07717ce	Mordor Orcs	war-of-the-ring-card-game/against-the-shadow/WarOfTheRingCardGame-AgainstTheShadow-MordorOrcs.jpg	Shadow Card	Army		1			97		1	Mordor					Sauron	Against the Shadow		If this card is eliminated for any reason, cycle it instead.		
8888fbbd-1a77-42cb-9a6e-24229916923a	The Warrior	war-of-the-ring-card-game/against-the-shadow/WarOfTheRingCardGame-AgainstTheShadow-TheWarrior.jpg	Shadow Card	Character	1,2,3,5,6,7,8,9				111		1	Mordor	1		1		Sauron	Against the Shadow	1	Nazgûl. This card can be played or moved to any Shadow battleground.		
89cdfae6-a056-46d9-909f-0a1d8c981fe5	Variags of Khand	war-of-the-ring-card-game/fire-and-swords/WarOfTheRingCardGame-FireAndSwords-VariagsOfKhand.jpg	Shadow Card	Army		1			995		1	Easterling						Fire and Swords		This card may also be played or moved to a Southron or Mordor battleground.		
8b2b3ab3-de17-448e-ad33-5abd40bc89ef	Silvan Elves	war-of-the-ring-card-game/fire-and-swords/WarOfTheRingCardGame-FireAndSwords-SilvanElves.jpg	Free Peoples Card	Army		1			20		1	Elf						Fire and Swords		When played, you may draw 1 card and then cycle 1 card from hand.		
8bedd6fb-a88c-4b9c-baca-bf54e2f60b6d	Rosie Cotton	war-of-the-ring-card-game/fire-and-swords/WarOfTheRingCardGame-FireAndSwords-RosieCotton.jpg	Free Peoples Card	Character	1			1	106			Hobbit			1			Fire and Swords		If in reserve, you may use your action and cycle this card to either take Sam or Frodo from your cycle pile into hand or draw 1 card.		
8cafa86d-cfa6-4acf-8bb4-bccc93d60f03	Weathertop	war-of-the-ring-card-game/core/WarOfTheRingCardGame-Core-Weathertop.jpg	Path 2	Path					6							2		Core		The Mordor player draws 2 cards.	2	
8cba9c04-b024-4a9f-811a-274788919731	FaS Rulebook 02	war-of-the-ring-card-game/fire-and-swords/WarOfTheRingCardGame-FireAndSwords-FaSRulebook02.jpg	FaS Rulebook	Rulebook					2									Fire and Swords				
8cc3353d-f275-4af4-a3c1-3d333a54c2c4	A Hundred Sturdy Hobbits	war-of-the-ring-card-game/fire-and-swords/WarOfTheRingCardGame-FireAndSwords-AHundredSturdyHobbits.jpg	Free Peoples Card	Army					994		1	Hobbit						Fire and Swords		This army can support any number of characters with leadership icons.		
8d0fdb85-3388-41f7-a4e1-85d70d494333	Pippin Took	war-of-the-ring-card-game/core/WarOfTheRingCardGame-Core-PippinTook.jpg	Free Peoples Card	Character	1,2,3,4,5,6,7,8,9			1	37			Hobbit		1	1		Hobbit	Core		May be played or moved to a Dúnedain battleground and supported by a Dúnedain army. If eliminated in path combat, cycle this card instead, along with any wielded items.		
8d6b716b-a1e9-4f39-b0dc-ff727a1fea2e	Corsairs of Umbar	war-of-the-ring-card-game/core/WarOfTheRingCardGame-Core-CorsairsOfUmbar.jpg	Shadow Card	Army		1			85		1	Southron					Isengard	Core		If in reserve, you may use your action and eliminate this card to activate Umbar if it is in the Shadow battleground deck.		
8e6ab561-2515-46b8-a28a-c5ce300a3032	Devilry of Saruman	war-of-the-ring-card-game/core/WarOfTheRingCardGame-Core-DevilryOfSaruman.jpg	Shadow Card	Army		3			61			Isengard					Isengard	Core				
91145474-4c4e-4c22-a694-4c5e40c299f6	Cave-troll	war-of-the-ring-card-game/core/WarOfTheRingCardGame-Core-CaveTroll.jpg	Shadow Card	Character	4,8,9	1			79		1	Monstrous			1		Isengard	Core	1	If in reserve, you may use your action and eliminate this card so each Free Peoples player must forsake 1 card.		
927dd003-fb87-49be-9d5c-386a287997a7	Grond, Hammer of the Underworld	war-of-the-ring-card-game/core/WarOfTheRingCardGame-Core-GrondHammerOfTheUnderworld.jpg	Shadow Card	Army		3			92			Mordor					Sauron	Core				
93069d77-f997-48fe-88ac-1b14913c031f	Haradrim Regulars	war-of-the-ring-card-game/against-the-shadow/WarOfTheRingCardGame-AgainstTheShadow-HaradrimRegulars.jpg	Shadow Card	Army		1			87		1	Southron					Isengard	Against the Shadow		If in reserve, use an action and cycle this card to activate Harad if it is in the Shadow battleground deck.		
932c78f4-e295-4473-a972-51afc9a16e1d	Merry Brandybuck	war-of-the-ring-card-game/core/WarOfTheRingCardGame-Core-MerryBrandybuck.jpg	Free Peoples Card	Character	1,2,3,4,5,6,7,8,9			1	36			Hobbit		1	1		Hobbit	Core		May be played or moved to a Rohan battleground and supported by a Rohan army. If eliminated in path combat, cycle this card instead, along with any wielded items.		
94178b95-032b-432f-96e3-cafa55bb7142	Woodland Realm	war-of-the-ring-card-game/fire-and-swords/WarOfTheRingCardGame-FireAndSwords-WoodlandRealm.jpg	Free Peoples Battleground	Battleground			Easterling, Monstrous, Mordor		19	Elf, Northmen, Wizard	1							Fire and Swords		The Elf player draws 1 card and then cycles 1 card from hand.	1	
94a8ddf4-2536-4e5c-8da4-799eedd9d193	Gorgoroth	war-of-the-ring-card-game/fire-and-swords/WarOfTheRingCardGame-FireAndSwords-Gorgoroth.jpg	Path 9	Path					36							9		Fire and Swords		Each Shadow player draws 1 card.	3	
950499de-8927-411b-9c01-f5cc0d28cb2a	Devilry of Saruman	war-of-the-ring-card-game/against-the-shadow/WarOfTheRingCardGame-AgainstTheShadow-DevilryOfSaruman.jpg	Shadow Card	Army		3			61			Isengard					Isengard	Against the Shadow		This card cannot be played or moved to a Shadow battleground.		
964d2716-313b-4add-8f64-e6fea0f01f3a	Goblins of the Misty Mountains	war-of-the-ring-card-game/fire-and-swords/WarOfTheRingCardGame-FireAndSwords-GoblinsOfTheMistyMountains.jpg	Shadow Card	Army		1			75		1	Monstrous						Fire and Swords				
96526790-25e6-4910-91ce-077f9ae529d9	Denethor	war-of-the-ring-card-game/core/WarOfTheRingCardGame-Core-Denethor.jpg	Free Peoples Card	Character					8			Dúnedain	1	1			Aragorn	Core		If in reserve, you may use your action and forsake 1 card to take Boromir or Faramir from your draw deck into hand.		
96ff6edf-4fbb-4186-8844-d3b03cae81b5	The Warrior	war-of-the-ring-card-game/core/WarOfTheRingCardGame-Core-TheWarrior.jpg	Shadow Card	Character	1,2,3,5,6,7,8,9				111			Mordor	1		1		Sauron	Core	1	Nazgûl. If in reserve, you may use your action and cycle this card to add [defense] to an active battleground.		
97729530-9957-4ca5-82ff-2f34f14fbc05	The Ringwraiths are Abroad	war-of-the-ring-card-game/against-the-shadow/WarOfTheRingCardGame-AgainstTheShadow-TheRingwraithsAreAbroad.jpg	Shadow Card	Event					120			Mordor					Sauron	Against the Shadow		Draw up to 7 cards, one at a time: play the first 2 Nazgûl characters drawn and then stop; cycle the unplayed cards.		
9829f2f2-42ea-40e7-b6dc-d13f67804c92	Rulebook 04	war-of-the-ring-card-game/core/WarOfTheRingCardGame-Core-Rulebook04.jpg	Rulebook	Rulebook					4									Core				
9b006b89-7922-4ddd-b920-acc7ecce368c	Rulebook 07	war-of-the-ring-card-game/core/WarOfTheRingCardGame-Core-Rulebook07.jpg	Rulebook	Rulebook					7									Core				
9b749f60-8f41-45d6-9b60-ab1a2a553c62	Boromir	war-of-the-ring-card-game/core/WarOfTheRingCardGame-Core-Boromir.jpg	Free Peoples Card	Character	3,4,5,6			1	7		1	Dúnedain	1		1		Aragorn	Core		When played, draw 1 card. Additionally, when played or moved to a path, you must forsake 1 card.		
9b929c4c-eae9-4a3e-8ccc-ef9f467707be	Dwarven Axe	war-of-the-ring-card-game/core/WarOfTheRingCardGame-Core-DwarvenAxe.jpg	Free Peoples Card	Item		1		1	32		1	Dwarf			1		Hobbit	Core		Weapon.		
9c0c3ab3-6734-4465-ac87-7250b6f6abe8	Wild Men of Dunland	war-of-the-ring-card-game/ats-fire-and-swords/WarOfTheRingCardGame-AtSFireAndSwords-WildMenOfDunland.jpg	Shadow Card	Army		2			170		1	Ruffian						AtS-Fire and Swords		This card can also be played or moved to an Isengard battleground.		
9db1bd2e-435c-4fda-83c2-bee16d2e8c57	Easterling Axe-men	war-of-the-ring-card-game/fire-and-swords/WarOfTheRingCardGame-FireAndSwords-EasterlingAxeMen.jpg	Shadow Card	Army		2			45			Easterling						Fire and Swords		This card may also be played or moved to Minas Tirith.		
9e160576-fe43-4a7d-8b05-7fd19be63365	The Last Stroke of Doom	war-of-the-ring-card-game/fire-and-swords/WarOfTheRingCardGame-FireAndSwords-TheLastStrokeOfDoom.jpg	Shadow Card	Event					96			Southron						Fire and Swords		Add [attack] to a Shadow army on a battleground; then, for every 2 armies (of any faction) you eliminate from your reserve, add [attack] more to the same army.		
9eac5c07-501a-48f4-9007-df9a8a652fc2	Woven of all Colours	war-of-the-ring-card-game/core/WarOfTheRingCardGame-Core-WovenOfAllColours.jpg	Shadow Card	Item					71			Isengard					Isengard	Core		If the wielder is eliminated in combat, cycle it instead, along with any wielded items.		Saruman
9ebec151-260e-4ba9-a49e-18825114db15	Morgul Blade	war-of-the-ring-card-game/against-the-shadow/WarOfTheRingCardGame-AgainstTheShadow-MorgulBlade.jpg	Shadow Card	Item					116			Mordor			1		Sauron	Against the Shadow	1	Weapon. This card can only be played to a wielder on a path; if unplayable, eliminate this card and choose: forsake 1 card to add 1 corruption; or draw 2 cards.		Nazgûl
9ee5ba49-48e0-4079-8b48-1c2868789d84	The Hunter	war-of-the-ring-card-game/core/WarOfTheRingCardGame-Core-TheHunter.jpg	Shadow Card	Character	1,2,3,5,6,7,8,9				107			Mordor	1		1		Sauron	Core	1	Nazgûl. If in reserve, you may use your action and cycle this card to add [pathCombat] to the active path.		
9fd35ae2-e347-442d-b16e-a7a4b92a991f	Barrow-wights	war-of-the-ring-card-game/against-the-shadow/WarOfTheRingCardGame-AgainstTheShadow-BarrowWights.jpg	Shadow Card	Character	1,2,3				76			Monstrous			1		Isengard	Against the Shadow	1	If in reserve and the active path is 4-9, use an action, eliminate this card, and each Free Peoples player must forsake 1 card.		
a02e7fbc-61fb-4d6a-89ed-20db32508c74	Rulebook 19	war-of-the-ring-card-game/core/WarOfTheRingCardGame-Core-Rulebook19.jpg	Rulebook	Rulebook					19									Core				
a104207f-3859-400f-b1ec-b03d53b96adc	The Reaver	war-of-the-ring-card-game/core/WarOfTheRingCardGame-Core-TheReaver.jpg	Shadow Card	Character	1,2,3,5,6,7,8,9				110			Mordor	1		1		Sauron	Core	1	Nazgûl. If in reserve, you may use your action and cycle this card so each Free Peoples player must forsake 1 card.		
a14b77e9-3035-4f6b-9404-5f8b1d0ea01e	Gríma Wormtongue	war-of-the-ring-card-game/against-the-shadow/WarOfTheRingCardGame-AgainstTheShadow-GrMaWormtongue.jpg	Shadow Card	Character	1,2,5,6				66			Isengard	1		1		Isengard	Against the Shadow	1	If in reserve, use an action, eliminate this card, and choose: Take Saruman from the draw deck into hand; eliminate a Rohan character in play; or draw 2 cards.		
a16d805b-ec68-477d-92e7-26f60a89f9dd	Half-orcs and Goblin-men	war-of-the-ring-card-game/fire-and-swords/WarOfTheRingCardGame-FireAndSwords-HalfOrcsAndGoblinMen.jpg	Shadow Card	Character	1,2,3,5,6,7	1			176			Isengard			1			Fire and Swords	1	This card may be played or moved to any battleground.		
a17fbee8-bd40-44c4-8d1f-ac10a071e229	Amon Hen	war-of-the-ring-card-game/core/WarOfTheRingCardGame-Core-AmonHen.jpg	Path 6	Path					16							6		Core		The Mordor player draws 1 card and then cycles 1 card from hand.	2	
a2726153-ab9b-4e15-b35d-ea608eebff2f	Saruman	war-of-the-ring-card-game/against-the-shadow/WarOfTheRingCardGame-AgainstTheShadow-Saruman.jpg	Shadow Card	Character	5.6	1			67		1	Isengard	1	1	2		Isengard	Against the Shadow	2	While in reserve, draw 1 additional card each Draw step. If forsaken from the top of your draw deck, cycle this card instead of eliminating it.		
a2f84705-20a4-498d-b154-b2e720b9ea33	Rulebook 06	war-of-the-ring-card-game/core/WarOfTheRingCardGame-Core-Rulebook06.jpg	Rulebook	Rulebook					6									Core				
a2f892a8-59cb-4f1b-a8f3-936091fa5aa9	Phial of Galadriel	war-of-the-ring-card-game/core/WarOfTheRingCardGame-Core-PhialOfGaladriel.jpg	Free Peoples Card	Item					29			Elf					Aragorn	Core		If on a path, add [pathCombat] [pathCombat] to the path (not to the wielder).		Frodo, Sam
a307999a-5c68-4162-a890-e0c43b8fa0c4	Rulebook 10	war-of-the-ring-card-game/core/WarOfTheRingCardGame-Core-Rulebook10.jpg	Rulebook	Rulebook					10									Core				
a3104464-2b89-417f-b385-c0d4c2461108	Village Militia	war-of-the-ring-card-game/core/WarOfTheRingCardGame-Core-VillageMilitia.jpg	Free Peoples Card	Army		1			45		1	Rohan					Hobbit	Core				
a3186d0c-b37a-4769-9501-ebba863e875e	Lotho Sackville-Baggins	war-of-the-ring-card-game/ats-fire-and-swords/WarOfTheRingCardGame-AtSFireAndSwords-LothoSackvilleBaggins.jpg	Shadow Card	Character	1				172			Ruffian			1			AtS-Fire and Swords	1	+[LDattack] on The Shire. If in reserve, use an action, eliminate this card, and the Hobbit player must eliminate 1 random card from their cycle pile and then recycle their cycle pile.		
a35116a1-e6d1-4404-bdd1-9b4dd6b0a94d	Goblins of the Misty Mountains	war-of-the-ring-card-game/against-the-shadow/WarOfTheRingCardGame-AgainstTheShadow-GoblinsOfTheMistyMountains.jpg	Shadow Card	Army		1			73		1	Monstrous					Isengard	Against the Shadow		If this card is eliminated for any reason, cycle it instead.		
a3811422-fc47-476a-a245-f7af3b59d199	Spiders of Mirkwood	war-of-the-ring-card-game/ats-fire-and-swords/WarOfTheRingCardGame-AtSFireAndSwords-SpidersOfMirkwood.jpg	Shadow Card	Character	5	1			166			Monstrous			1			AtS-Fire and Swords	1	+ [attack] on Woodland Realm.		
a39266e0-77cc-47f1-854e-4f60cabbac68	Book of Mazarbul	war-of-the-ring-card-game/fire-and-swords/WarOfTheRingCardGame-FireAndSwords-BookOfMazarbul.jpg	Free Peoples Card	Item					100			Dwarf						Fire and Swords		If in play, you may use your action and eliminate this card so each Free Peoples player may take 1 random card from their cycle pile into hand.		Dwarf, Gandalf
a3b9caf3-0ec0-40a7-94aa-9dd5317b6c86	King Brand	war-of-the-ring-card-game/fire-and-swords/WarOfTheRingCardGame-FireAndSwords-KingBrand.jpg	Free Peoples Card	Character					46		1	Northmen	1					Fire and Swords		When played, you may take a Northmen Militia from your draw deck into hand.		
a4ce8902-2fe8-4697-99ec-f96f14deb9b8	Athelas	war-of-the-ring-card-game/fire-and-swords/WarOfTheRingCardGame-FireAndSwords-Athelas.jpg	Free Peoples Card	Item					122			Dúnedain					Aragorn	Fire and Swords		If in play, you may use your action and eliminate this card so the Free Peoples player of your choice may take 1 non-Wizard character from their cycle pile into hand.		Strider, Aragorn, Elrond
a5a33804-ae28-4642-aaa7-67308401cc84	AtS Rulebook 04	war-of-the-ring-card-game/against-the-shadow/WarOfTheRingCardGame-AgainstTheShadow-AtSRulebook04.jpg	AtS Rulebook	Rulebook					4									Against the Shadow				
a5df994d-75c4-4b68-9c87-1afea793d395	Rulebook 11	war-of-the-ring-card-game/core/WarOfTheRingCardGame-Core-Rulebook11.jpg	Rulebook	Rulebook					11									Core				
a6cdd8d3-cd6e-4d1a-908b-2f788fbb357e	Aragorn	war-of-the-ring-card-game/core/WarOfTheRingCardGame-Core-Aragorn.jpg	Free Peoples Card	Character		1			6		1	Dúnedain	1	1			Aragorn	Core		When played, remove Strider from the game. While in reserve, draw 1 additional card each Draw step. If forsaken from the top of your draw deck, cycle this card instead of eliminating it.		
a715a7d7-fa28-4e60-8481-ea3c1a9bade6	Fords Of Isen	war-of-the-ring-card-game/fire-and-swords/WarOfTheRingCardGame-FireAndSwords-FordsOfIsen.jpg	Free Peoples Battleground	Skirmish			Isengard, Ruffian		28	Rohan, Wizard								Fire and Swords		DEFENDER WINS The Rohan player draws 3 cards. ATTACKER WINS Add [attack] or add [defense] to an accompanying battleground.		
a73e2226-d69e-4a25-b68d-f5f4352bd3c1	Gandalf the Grey	war-of-the-ring-card-game/core/WarOfTheRingCardGame-Core-GandalfTheGrey.jpg	Free Peoples Card	Character	1,2,3,4,5,6,7,8,9	2		3	51		2	Wizard			3		Hobbit	Core		If on a path, you may use your action to activate a path of the next higher number. If Gandalf the White is played, eliminate this card.		
a82626dd-dab0-4cdf-a57a-6d3b8f7afe53	Mithril Coat	war-of-the-ring-card-game/core/WarOfTheRingCardGame-Core-MithrilCoat.jpg	Free Peoples Card	Item				2	40			Hobbit			2		Hobbit	Core				Frodo, Sam
a8ec1db9-fc5f-41ad-a2d1-84ecf157e1ee	FaS Rulebook 11	war-of-the-ring-card-game/fire-and-swords/WarOfTheRingCardGame-FireAndSwords-FaSRulebook11.jpg	FaS Rulebook	Rulebook					11									Fire and Swords				
a91b282a-c116-4ed8-be47-8abdbd97479f	Narya, the Ring of Fire	war-of-the-ring-card-game/core/WarOfTheRingCardGame-Core-NaryaTheRingOfFire.jpg	Free Peoples Card	Item		1		1	60		1	Wizard			1		Hobbit	Core		If in reserve, you may use your action and cycle this card so each Shadow player must cycle 1 card from hand.		Gandalf
a934eaab-676f-47e5-923e-6960907a1521	Mordor Orcs	war-of-the-ring-card-game/against-the-shadow/WarOfTheRingCardGame-AgainstTheShadow-MordorOrcs-2.jpg	Shadow Card	Army		1			93		1	Mordor					Sauron	Against the Shadow		If this card is eliminated for any reason, cycle it instead.		
aa645d74-5d7b-4f1a-bfab-f49f81863432	Threats and Promises	war-of-the-ring-card-game/against-the-shadow/WarOfTheRingCardGame-AgainstTheShadow-ThreatsAndPromises.jpg	Shadow Card	Event					72			Isengard					Isengard	Against the Shadow		Activate Helm’s Deep, or reactivate Helm’s Deep if it is in the Free Peoples scoring area; if not possible, cycle this card.		
ab365b51-9fcb-4fc3-9b37-8fc72f054e9c	Westemnet	war-of-the-ring-card-game/fire-and-swords/WarOfTheRingCardGame-FireAndSwords-Westemnet.jpg	Free Peoples Battleground	Skirmish			Isengard, Monstrous, Mordor		33	Rohan, Wizard								Fire and Swords		DEFENDER WINS Add [defense] to an accompanying battleground. ATTACKER WINS Add 1 corruption.		
ad23e2f1-219f-4b85-a109-03272dd66907	Army of the Blue Mountains	war-of-the-ring-card-game/fire-and-swords/WarOfTheRingCardGame-FireAndSwords-ArmyOfTheBlueMountains.jpg	Free Peoples Card	Army		1			122		1	Dwarf						Fire and Swords		This card may also be played or moved to The Shire or Grey Havens.		
ad32a5af-5af9-4609-a717-26353f19b8ba	Grimbeorn the Old	war-of-the-ring-card-game/fire-and-swords/WarOfTheRingCardGame-FireAndSwords-GrimbeornTheOld.jpg	Free Peoples Card	Character	5	1		1	45		2	Northmen						Fire and Swords		When played, each Shadow player must forsake 1 card. This card may also be played or moved to Dol Guldur or Lórien.		
aec28db5-1873-40de-a9e4-34a1b3e543a9	Mordor Orcs	war-of-the-ring-card-game/core/WarOfTheRingCardGame-Core-MordorOrcs-5.jpg	Shadow Card	Army		1			94		1	Mordor					Sauron	Core				
aeef7e79-ff81-4e52-a39e-494ecc08ce41	Easterling Garrison	war-of-the-ring-card-game/ats-fire-and-swords/WarOfTheRingCardGame-AtSFireAndSwords-EasterlingGarrison.jpg	Shadow Card	Army		1			153		1	Easterling						AtS-Fire and Swords		If in reserve, use an action and cycle this card to activate Rhûn if it is in the Shadow battleground deck.		
af190a32-cf67-4d1b-89aa-4223aa36e704	Rulebook 03	war-of-the-ring-card-game/core/WarOfTheRingCardGame-Core-Rulebook03.jpg	Rulebook	Rulebook					3									Core				
b1f20381-8487-4603-a2e6-f30dbfb5c1ba	Whip of Many Thongs	war-of-the-ring-card-game/against-the-shadow/WarOfTheRingCardGame-AgainstTheShadow-WhipOfManyThongs.jpg	Shadow Card	Item		1			993		1	Monstrous			1		Isengard	Against the Shadow	1	When played, draw 1 card; if unplayable, eliminate this card, and the Wizard player must forsake 1 card.		Balrog
b3e0db9f-7307-47bc-92bd-cec5259b985f	Woodmen of the Anduin	war-of-the-ring-card-game/fire-and-swords/WarOfTheRingCardGame-FireAndSwords-WoodmenOfTheAnduin.jpg	Free Peoples Card	Army		1			110		1	Northmen						Fire and Swords		If in reserve, you may use your action and eliminate this card to reactivate any Northmen battleground.		
b41cacfb-b685-4cc2-bbb6-bc933e021bf5	Spiders of Mirkwood	war-of-the-ring-card-game/fire-and-swords/WarOfTheRingCardGame-FireAndSwords-SpidersOfMirkwood.jpg	Shadow Card	Character	5	1			86			Monstrous			1			Fire and Swords	1	+ [attack] on Woodland Realm. If in reserve, you may use your action and eliminate this card so each Free Peoples player must forsake 1 card.		
b5445e50-99d3-4f32-9d65-50488dd4310d	Barliman Butterbur	war-of-the-ring-card-game/fire-and-swords/WarOfTheRingCardGame-FireAndSwords-BarlimanButterbur.jpg	Free Peoples Card	Character	2			1	44			Northmen			1			Fire and Swords		If in reserve, when resolved text precisely states “each Free Peoples player must forsake 1 card” you may eliminate this card instead.		
b5f909f2-8739-4e59-b104-c28529a443ae	Challenge of the King	war-of-the-ring-card-game/fire-and-swords/WarOfTheRingCardGame-FireAndSwords-ChallengeOfTheKing.jpg	Free Peoples Card	Event					125			Dúnedain					Aragorn	Fire and Swords		Each Shadow player must cycle 1 card from hand; then, if Strider or Aragorn is in reserve, each Free Peoples player draws 1 card.		
b88b45f2-d732-462d-b341-af0136e33fef	Easterling Garrison	war-of-the-ring-card-game/fire-and-swords/WarOfTheRingCardGame-FireAndSwords-EasterlingGarrison.jpg	Shadow Card	Army		1			993		1	Easterling						Fire and Swords		If in reserve, you may use your action and eliminate this card to activate Rhûn if it is in the Shadow battleground deck.		
b8e173e1-0ea4-48fc-80eb-67fe43aaef8d	Saruman's Staff	war-of-the-ring-card-game/core/WarOfTheRingCardGame-Core-SarumansStaff.jpg	Shadow Card	Item		1			70		1	Isengard			1		Isengard	Core	1	Weapon. While in play, increase your carryover limit by 1.		Saruman
b9539977-4ed1-44c6-aa09-5431a4a11967	Gothmog	war-of-the-ring-card-game/core/WarOfTheRingCardGame-Core-Gothmog.jpg	Shadow Card	Character					994			Mordor	1	1			Sauron	Core		When played, remove The Witch-king from the game. While in reserve, draw 1 additional card each Draw step.		
ba7b4c50-1bd3-4341-b3ae-f040ceef9ddc	Fell Beast	war-of-the-ring-card-game/core/WarOfTheRingCardGame-Core-FellBeast.jpg	Shadow Card	Item		1			115		1	Mordor					Sauron	Core		Mount. When played on a wielder in reserve, you may immediately move it to a battleground (even if it was played this round).		Nazgûl
bbe09bb6-ed7d-470e-a36a-d00b1dc38cdf	Squint-eyed Southerner	war-of-the-ring-card-game/ats-fire-and-swords/WarOfTheRingCardGame-AtSFireAndSwords-SquintEyedSoutherner.jpg	Shadow Card	Character	2				174			Ruffian	1		1			AtS-Fire and Swords	1	When played, draw up to 7 cards, one at a time: play the first Ruffian army or Ruffian character drawn and then stop; cycle the unplayed cards.		
bc0b3dac-e3e8-4e3c-ba57-0a2b54a6931b	Amon Hen	war-of-the-ring-card-game/against-the-shadow/WarOfTheRingCardGame-AgainstTheShadow-AmonHen.jpg	Path 6	Path					16							6		Against the Shadow		The Mordor player draws 1 card.	2	
bcd6726e-3808-42f5-a67e-1625dd3364c9	Musterings of Long-planned War	war-of-the-ring-card-game/ats-fire-and-swords/WarOfTheRingCardGame-AtSFireAndSwords-MusteringsOfLongPlannedWar.jpg	Shadow Card	Event					161			Easterling						AtS-Fire and Swords		Draw 3 cards.		
bcddae8e-3590-494a-b116-4ff5eb8ce015	Lost!	war-of-the-ring-card-game/ats-fire-and-swords/WarOfTheRingCardGame-AtSFireAndSwords-Lost.jpg	Shadow Card	Event					178			Ruffian						AtS-Fire and Swords		Choose: Add [pathCombat] to the active path; then, if no Free Peoples characters are on it, activate a different, random path with the same number; or forsake 1 card to add 1 corruption.		
bd04995f-d79b-4c1f-9e23-cca04d8aea94	Gríma Wormtongue	war-of-the-ring-card-game/core/WarOfTheRingCardGame-Core-GrMaWormtongue.jpg	Shadow Card	Character	1,2,5,6				66			Isengard			1		Isengard	Core	1	If in reserve, you may use your action and eliminate this card to either take Saruman from your draw deck into hand, or eliminate a Rohan character of your choice in play.		
bd6ee009-2734-467b-99a5-122022f404ae	The Last Homely House	war-of-the-ring-card-game/fire-and-swords/WarOfTheRingCardGame-FireAndSwords-TheLastHomelyHouse.jpg	Path 3	Path				2	30						2	3		Fire and Swords		Each Free Peoples player draws 1 card and then must cycle 1 card from hand.	1	
beb5251b-babc-4584-840c-f597e7ab8a81	Shelob	war-of-the-ring-card-game/core/WarOfTheRingCardGame-Core-Shelob.jpg	Shadow Card	Character	7,8,9				83			Monstrous			1		Isengard	Core	1	+[pathCombat] on Shelob's Lair. When played or moved to a path, each Free Peoples player must forsake 1 card.		
bfbb4446-a891-48f0-9b30-4f605cbfd501	Cirith Ungol	war-of-the-ring-card-game/core/WarOfTheRingCardGame-Core-CirithUngol.jpg	Path 8	Path					22							8		Core		The Mordor player draws 5 cards, and from these may play up to 1 army card, and then cycles the rest.	2	
bfc38dab-105a-4e8f-bf6b-98cbc471a30d	Harad	war-of-the-ring-card-game/core/WarOfTheRingCardGame-Core-Harad.jpg	Shadow Battleground	Battleground			Dúnedain, Wizard		9	Southron	1							Core		Each Shadow player draws 1 card.	1	
c087946f-3825-40de-b623-82f527aa8512	Nazgûl's Mantle	war-of-the-ring-card-game/core/WarOfTheRingCardGame-Core-NazgLsMantle.jpg	Shadow Card	Item					117			Mordor					Sauron	Core		If the wielder is eliminated in combat, cycle it instead, along with any wielded items.		Nazgûl
c0f6d9c5-854a-4feb-894f-96455a0fe921	The Great Stone-Bridge	war-of-the-ring-card-game/fire-and-swords/WarOfTheRingCardGame-FireAndSwords-TheGreatStoneBridge.jpg	Free Peoples Battleground	Skirmish			Easterling, Mordor, Southron		32	Dúnedain, Wizard								Fire and Swords		DEFENDER WINS The Dúnedain player draws 2 cards. ATTACKER WINS The Mordor player draws 3 cards.		
c19a4b05-9676-4fbe-bfac-fa56d3382bf2	Iron Hills	war-of-the-ring-card-game/fire-and-swords/WarOfTheRingCardGame-FireAndSwords-IronHills.jpg	Free Peoples Battleground	Skirmish			Monstrous, Easterling		29	Dwarf, Northmen, Wizard								Fire and Swords		DEFENDER WINS Each Free Peoples player may take 1 random card from their cycle pile into hand. ATTACKER WINS Add 1 corruption.		
c1b92ef0-88af-4e19-b914-52dc034b7326	Mirkwood Skirmishers	war-of-the-ring-card-game/ats-fire-and-swords/WarOfTheRingCardGame-AtSFireAndSwords-MirkwoodSkirmishers.jpg	Shadow Card	Army		1			154		1	Easterling						AtS-Fire and Swords		If in reserve, use an action to activate Woodland Realm if it is in the Free Peoples battleground deck, and then move this card to Woodland Realm.		
c3776b35-5d90-4071-8307-dd8430aab723	Haradrim Cavalry	war-of-the-ring-card-game/core/WarOfTheRingCardGame-Core-HaradrimCavalry.jpg	Shadow Card	Army		1			88		1	Southron					Isengard	Core		+[attack] on Minas Tirith. If in reserve, you may use your action and eliminate this card to activate Minas Tirith if it is in the Free Peoples battleground deck.		
c3bee8c9-aeab-49c7-a3d6-7536e3d99a40	Lembas	war-of-the-ring-card-game/core/WarOfTheRingCardGame-Core-Lembas.jpg	Free Peoples Card	Item					26			Elf					Aragorn	Core		If on a path, the Hobbit player may use an action and eliminate this card to remove 1 corruption for each Hobbit character on the path.		Hobbit
c46dc557-2281-499b-9194-c7dd0e4620ab	Bill Ferny	war-of-the-ring-card-game/fire-and-swords/WarOfTheRingCardGame-FireAndSwords-BillFerny.jpg	Shadow Card	Character	2				87			Ruffian	1		1			Fire and Swords	1	If in reserve, you may use your action and cycle this card so the Free Peoples player of your choice must cycle 1 card from hand.		
c4c1a5f2-8eeb-4dd7-b186-5c13e7edea9f	There is Another Way	war-of-the-ring-card-game/core/WarOfTheRingCardGame-Core-ThereIsAnotherWay.jpg	Free Peoples Card	Event					42			Hobbit					Hobbit	Core		Activate a different path with the same number as the active path: add [pathCombat] to the new path.		
c4db81b2-9848-495e-ba97-8807b3ee3103	Olog-hai	war-of-the-ring-card-game/against-the-shadow/WarOfTheRingCardGame-AgainstTheShadow-OlogHai.jpg	Shadow Card	Army		2			98		2	Mordor					Sauron	Against the Shadow				
c56cdab3-a331-40eb-aa6b-f75140eb67a9	Lotho Sackville-Baggins	war-of-the-ring-card-game/fire-and-swords/WarOfTheRingCardGame-FireAndSwords-LothoSackvilleBaggins.jpg	Shadow Card	Character	1				88			Ruffian			1			Fire and Swords	1	+[LDattack] on The Shire. If in reserve, you may use your action and cycle this card so the Hobbit player must eliminate 1 random card from their cycle pile and then recycle their cycle pile.		
c6e54ea4-9d7b-4642-9bae-7ae453210396	Carrock	war-of-the-ring-card-game/fire-and-swords/WarOfTheRingCardGame-FireAndSwords-Carrock.jpg	Free Peoples Battleground	Skirmish			Monstrous, Mordor		26	Northmen, Wizard								Fire and Swords		DEFENDER WINS Each Free Peoples player draws 1 card. ATTACKER WINS Add 1 corruption.		
c76c4513-2e6b-459f-90f2-3f0a44adafd4	AtS Rulebook 02	war-of-the-ring-card-game/against-the-shadow/WarOfTheRingCardGame-AgainstTheShadow-AtSRulebook02.jpg	AtS Rulebook	Rulebook					2									Against the Shadow				
c7cab42b-69a2-415d-8989-f6216a3508b3	The Witch-king	war-of-the-ring-card-game/core/WarOfTheRingCardGame-Core-TheWitchKing.jpg	Shadow Card	Character	1,2,3,5,6,7,8,9	2			112			Mordor			2		Sauron	Core	2	Nazgûl. While in reserve, draw 1 additional card each Draw step. If forsaken from the top of your draw deck, cycle this card instead of eliminating it.		
c8c7885a-3df0-4da5-8a01-3a0fbce00444	Helm's Deep	war-of-the-ring-card-game/core/WarOfTheRingCardGame-Core-HelmsDeep.jpg	Free Peoples Battleground	Battleground			Saruman		3	Rohan, Wizard	2							Core		The Rohan player draws 5 cards and from these may play 1 army or character on Helm's Deep and then cycles the rest.	2	
c8c8d0c0-044e-4b0b-9d56-8efe4a90dbfa	Caradhras the Cruel	war-of-the-ring-card-game/against-the-shadow/WarOfTheRingCardGame-AgainstTheShadow-CaradhrasTheCruel.jpg	Shadow Card	Character	4,5				78			Monstrous			1		Isengard	Against the Shadow	1	When played or moved to the Caradhras path, activate a different, random path 4. If in reserve and the active path is 6-9, use an action, eliminate this card, and draw 2 cards.		
ca265213-a92e-4fc1-ba72-cfb087363e1b	Dol Amroth	war-of-the-ring-card-game/core/WarOfTheRingCardGame-Core-DolAmroth.jpg	Free Peoples Battleground	Battleground			Southron		1	Dúnedain, Wizard	2							Core		The Dúnedain player may forsake 1 card to draw 1 card.	1	
ca49537c-ac33-4305-82e4-14452118635c	Cirith Ungol	war-of-the-ring-card-game/against-the-shadow/WarOfTheRingCardGame-AgainstTheShadow-CirithUngol.jpg	Path 8	Path					22							8		Against the Shadow		The Mordor player draws up to 5 cards, one at a time: play the first army drawn and then stop; cycle the unplayed cards.	2	
ca9e10cf-f644-4de8-bcbf-abbb17c13e64	Emyn Muil	war-of-the-ring-card-game/core/WarOfTheRingCardGame-Core-EmynMuil.jpg	Path 6	Path					18							6		Core		Each Free Peoples player must forsake 1 card.	2	
cb05f69e-6e0f-4523-83de-ae68474c4831	Rulebook 08	war-of-the-ring-card-game/core/WarOfTheRingCardGame-Core-Rulebook08.jpg	Rulebook	Rulebook					8									Core				
cc4c098b-c3d5-4b1f-98d3-db8f0f63b483	Legolas	war-of-the-ring-card-game/core/WarOfTheRingCardGame-Core-Legolas.jpg	Free Peoples Card	Character	3,4,5,6,7,8,9	1		1	23		1	Elf			1		Aragorn	Core		When played, you may take Bow of the Galadhrim from your draw deck into hand.		
cca2fd82-c925-4b01-ab10-c2ba85548f7e	The Reaver	war-of-the-ring-card-game/against-the-shadow/WarOfTheRingCardGame-AgainstTheShadow-TheReaver.jpg	Shadow Card	Character	1,2,3,5,6,7,8,9				110			Mordor	1		1		Sauron	Against the Shadow	1	Nazgûl. If in reserve, use an action, cycle this card, and each Free Peoples player must forsake 1 card.		
ccb6873f-9091-4d93-965e-22c002673e31	Rulebook 15	war-of-the-ring-card-game/core/WarOfTheRingCardGame-Core-Rulebook15.jpg	Rulebook	Rulebook					15									Core				
ccc8c139-dd70-4514-9b53-9176e5cd5142	Bree	war-of-the-ring-card-game/fire-and-swords/WarOfTheRingCardGame-FireAndSwords-Bree.jpg	Free Peoples Battleground	Skirmish			Isengard, Monstrous, Ruffian		24	Dwarf, Hobbit, Northmen, Wizard								Fire and Swords		DEFENDER WINS Remove 1 corruption. ATTACKER WINS Add 1 corruption.		
cd042b41-6ffa-445c-a073-c0d6b4af02d4	Ent-draught	war-of-the-ring-card-game/core/WarOfTheRingCardGame-Core-EntDraught.jpg	Free Peoples Card	Item					57			Wizard					Hobbit	Core		If in play, you may use your action and eliminate this card so the Hobbit player may take up to 2 Hobbit characters from its cycle pile into hand.		Ent
cd105c3b-e86b-4d1c-b194-e75819df3958	Khazad-dûm	war-of-the-ring-card-game/core/WarOfTheRingCardGame-Core-KhazadDM.jpg	Path 4	Path					11							4		Core		The Monstrous player draws 2 cards.	2	
cdb448b0-8340-4009-9595-b011f78fc11c	Wainriders	war-of-the-ring-card-game/ats-fire-and-swords/WarOfTheRingCardGame-AtSFireAndSwords-Wainriders.jpg	Shadow Card	Army		2			156		1	Easterling						AtS-Fire and Swords				
cdd76244-a1a4-4215-b4e5-69aa22e197b4	FaS Rulebook 04	war-of-the-ring-card-game/fire-and-swords/WarOfTheRingCardGame-FireAndSwords-FaSRulebook04.jpg	FaS Rulebook	Rulebook					4									Fire and Swords				
ce1bdfb6-faf8-43ea-b29e-13fd2f2d852c	Barrow-wights	war-of-the-ring-card-game/core/WarOfTheRingCardGame-Core-BarrowWights.jpg	Shadow Card	Character	1,2,3				76			Monstrous			1		Isengard	Core	1	If in reserve, you may use your action and eliminate this card so each Free Peoples player must forsake 1 card.		
cfb4d6b6-fbf7-4597-8bce-74d27410f85e	Goblins of the Misty Mountains	war-of-the-ring-card-game/core/WarOfTheRingCardGame-Core-GoblinsOfTheMistyMountains-2.jpg	Shadow Card	Army		1			73		1	Monstrous					Isengard	Core				
d0e32730-41ae-4cf5-9181-a77fd9c76853	Bow of the Galadhrim	war-of-the-ring-card-game/core/WarOfTheRingCardGame-Core-BowOfTheGaladhrim.jpg	Free Peoples Card	Item		1		1	24		1	Elf			1		Aragorn	Core		Weapon. The wielder of this card cannot wield another weapon.		Elf
d1231994-14eb-44fb-9191-e73c364404fd	Stout Staves	war-of-the-ring-card-game/fire-and-swords/WarOfTheRingCardGame-FireAndSwords-StoutStaves.jpg	Free Peoples Card	Item				1	124			Dúnedain			1		Aragorn	Fire and Swords		Weapon. If on a path 7 or 8, you may use your action to activate a random path 8; then, each Shadow player draws 2 cards and must cycle 1 card from hand.		Frodo, Sam
d1b41d7a-a59d-46ef-9989-ea132230f82e	The Shire	war-of-the-ring-card-game/fire-and-swords/WarOfTheRingCardGame-FireAndSwords-TheShire.jpg	Free Peoples Battleground	Battleground			Monstrous, Ruffian		18	Hobbit, Northmen, Wizard								Fire and Swords		The Hobbit player may either draw 1 card or take 1 random card from their cycle pile into hand.	1	
d2e8078c-c71c-4098-ae47-6d82ee9bc295	Gothmog	war-of-the-ring-card-game/against-the-shadow/WarOfTheRingCardGame-AgainstTheShadow-Gothmog.jpg	Shadow Card	Character					994			Mordor	1	1			Sauron	Against the Shadow		This card cannot be played unless the Witch-king is in the eliminated pile; if unplayable, cycle it instead. While in reserve, draw 1 additional card each Draw step.		
d2f25d00-22db-4142-b416-dfef388a57d7	The Destroyer	war-of-the-ring-card-game/core/WarOfTheRingCardGame-Core-TheDestroyer.jpg	Shadow Card	Character	1,2,3,5,6,7,8,9				106			Mordor	1		1		Sauron	Core	1	Nazgûl. If in reserve, you may use your action and cycle this card to add [attack] to an active battleground.		
d34bea1b-4442-4deb-957d-ce9d168247c5	Easterling Commander	war-of-the-ring-card-game/fire-and-swords/WarOfTheRingCardGame-FireAndSwords-EasterlingCommander.jpg	Shadow Card	Character	6,7				171			Easterling	1	1	1			Fire and Swords	1	When played, draw 7 cards: from these, take up to 1 Easterling card into hand, and cycle the rest.		
d34dd625-f725-4700-946e-9797d4b4d5e6	Mordor Orcs	war-of-the-ring-card-game/against-the-shadow/WarOfTheRingCardGame-AgainstTheShadow-MordorOrcs-3.jpg	Shadow Card	Army		1			94		1	Mordor					Sauron	Against the Shadow		If this card is eliminated for any reason, cycle it instead.		
d536e8ac-eb70-4802-8392-5c1061c317c1	Black Uruks	war-of-the-ring-card-game/core/WarOfTheRingCardGame-Core-BlackUruks.jpg	Shadow Card	Army		2			91		1	Mordor					Sauron	Core				
d5f7bca9-0588-4bc3-afd3-eef62243c742	Guards of the Citadel	war-of-the-ring-card-game/core/WarOfTheRingCardGame-Core-GuardsOfTheCitadel.jpg	Free Peoples Card	Army		1			3		1	Dúnedain					Aragorn	Core		+[defense] on Minas Tirith.		
d60b9a41-691c-4ea6-b660-e430dd77a9d3	Goldberry	war-of-the-ring-card-game/fire-and-swords/WarOfTheRingCardGame-FireAndSwords-Goldberry.jpg	Free Peoples Card	Character	1,2			1	995			Wizard			1			Fire and Swords		When played, you may take Tom Bombadil from your draw deck into hand. If in reserve, you may use your action and cycle this card so the Free Peoples player of your choice may draw 1 card.		
d66c85a9-8e87-41bd-a5c4-e57583f20d0c	The Three Hunters	war-of-the-ring-card-game/core/WarOfTheRingCardGame-Core-TheThreeHunters.jpg	Free Peoples Card	Event					17			Dúnedain					Aragorn	Core		This round, Legolas, Gimli and Strider (or Aragorn) can be played or moved to any battleground and may be supported by any Free Peoples army.		
d846ef67-0f2a-4701-a91f-38da9a7270da	Haradrim Mûmakil	war-of-the-ring-card-game/against-the-shadow/WarOfTheRingCardGame-AgainstTheShadow-HaradrimMMakil.jpg	Shadow Card	Army		2			86		1	Southron					Isengard	Against the Shadow				
d90443bb-6e7e-4c9d-a122-140d7a8895b6	Fell Beast	war-of-the-ring-card-game/against-the-shadow/WarOfTheRingCardGame-AgainstTheShadow-FellBeast.jpg	Shadow Card	Event		1			115		1	Mordor					Sauron	Against the Shadow		Choose: Add [attack] [attack] [defense] [defense] to a Nazgûl on a battleground; forsake 2 cards to add 1 corruption; or draw 2 cards.		
d915ed1e-9838-4ba9-86a3-ff7749df1f59	Wolves	war-of-the-ring-card-game/ats-fire-and-swords/WarOfTheRingCardGame-AtSFireAndSwords-Wolves.jpg	Shadow Card	Character	2,3,6,7,8	1			168			Monstrous			1			AtS-Fire and Swords	1			
d9929f8e-788d-4ec2-9493-ede4d725fab6	The Day Without Dawn	war-of-the-ring-card-game/core/WarOfTheRingCardGame-Core-TheDayWithoutDawn.jpg	Shadow Card	Event					119			Mordor					Sauron	Core		Draw 7 cards: from these, eliminate 1 card, play up to 2 armies, and cycle the rest.		
da78fce7-ae5b-4357-9bdf-d94f20dc53af	Dead Marshes	war-of-the-ring-card-game/core/WarOfTheRingCardGame-Core-DeadMarshes.jpg	Path 6	Path				1	17						1	6		Core		The Monstrous player draws 2 cards.	2	
da856837-ba5e-4ecc-8f05-05d7d5421b04	Círdan the Shipwright	war-of-the-ring-card-game/fire-and-swords/WarOfTheRingCardGame-FireAndSwords-CRdanTheShipwright.jpg	Free Peoples Card	Character					101		1	Elf	1					Fire and Swords		+ [LDdefense] on Grey Havens. When played, the Wizard player may take Narya, Ring of Fire from their draw deck into hand. This card may wield Narya, Ring of Fire.		
da861cb6-e930-4c4f-a643-05ecb8758073	A Little Mischief in a Mean Way	war-of-the-ring-card-game/fire-and-swords/WarOfTheRingCardGame-FireAndSwords-ALittleMischiefInAMeanWay.jpg	Shadow Card	Event					177			Isengard						Fire and Swords		Eliminate Saruman from reserve to add 2 corruption; then, the Hobbit player may cycle up to 2 Hobbit characters from play to remove 1 corruption for each one.		
dcadc125-6941-4595-af6f-4020531b4164	Farmer Maggot	war-of-the-ring-card-game/fire-and-swords/WarOfTheRingCardGame-FireAndSwords-FarmerMaggot.jpg	Free Peoples Card	Character	1			1	105			Hobbit			1			Fire and Swords		If in reserve, you may use your action and cycle this card to either add [defense] to The Shire or draw 1 card.		
dcc2b6cb-9c18-46c7-9bef-7de2a896a005	Mordor Orcs	war-of-the-ring-card-game/against-the-shadow/WarOfTheRingCardGame-AgainstTheShadow-MordorOrcs-4.jpg	Shadow Card	Army		1			95		1	Mordor					Sauron	Against the Shadow		If this card is eliminated for any reason, cycle it instead.		
dcf9c997-cea0-4dd6-ad27-b01d312f33d4	Half-orcs and Goblin-men	war-of-the-ring-card-game/ats-fire-and-swords/WarOfTheRingCardGame-AtSFireAndSwords-HalfOrcsAndGoblinMen.jpg	Shadow Card	Character	1,2,3,5,6,7	1			162			Isengard			1			AtS-Fire and Swords	1	This card can be played or moved to any battleground.		
dd15e85c-e441-42a1-bed4-c36b0d6880bc	Blue Rules 2	war-of-the-ring-card-game/core/WarOfTheRingCardGame-Core-BlueRules2.jpg	Free Peoples Battleground	Rules					1									Core				
de4e14b4-a535-4a72-904a-651184bf1995	Ted Sandyman	war-of-the-ring-card-game/fire-and-swords/WarOfTheRingCardGame-FireAndSwords-TedSandyman.jpg	Shadow Card	Character	1,2				91			Ruffian			1			Fire and Swords	1	+ [LDattack] on The Shire. If in reserve, you may use your action and cycle this card so the Hobbit player must forsake 1 card.		
e090c772-b82a-45df-ab84-8fa3640024ca	Variags of Khand	war-of-the-ring-card-game/ats-fire-and-swords/WarOfTheRingCardGame-AtSFireAndSwords-VariagsOfKhand.jpg	Shadow Card	Army		1			155		1	Easterling						AtS-Fire and Swords		This card can also be played or moved to a Southron or Mordor battleground.		
e09fd797-f372-4d38-99da-52b7282294d1	Rulebook 22	war-of-the-ring-card-game/core/WarOfTheRingCardGame-Core-Rulebook22.jpg	Rulebook	Rulebook					22									Core				
e229be1d-8580-48b8-894e-4485ef03cd61	Herbs and Stewed Rabbit	war-of-the-ring-card-game/core/WarOfTheRingCardGame-Core-HerbsAndStewedRabbit.jpg	Free Peoples Card	Item					39			Hobbit					Hobbit	Core		If in play, you may use your action and eliminate this card to take a Hobbit character from your cycle pile into hand, and then draw 1 card.		Frodo, Sam
e2335cc1-b542-4774-9b96-121e795d6c00	Goblins of the Misty Mountains	war-of-the-ring-card-game/against-the-shadow/WarOfTheRingCardGame-AgainstTheShadow-GoblinsOfTheMistyMountains-2.jpg	Shadow Card	Army		1			74		1	Monstrous					Isengard	Against the Shadow		If this card is eliminated for any reason, cycle it instead.		
e28ba9e2-1d23-46e9-8e3d-a96e88d38a55	Gathering to the Summons	war-of-the-ring-card-game/ats-fire-and-swords/WarOfTheRingCardGame-AtSFireAndSwords-GatheringToTheSummons.jpg	Shadow Card	Event					177			Ruffian						AtS-Fire and Swords		This round, Southron, Easterling, and Ruffian armies can be played or moved to any battleground.		
e2d34658-0774-420e-8756-7679bc5d72f3	Fighting Uruk-hai	war-of-the-ring-card-game/core/WarOfTheRingCardGame-Core-FightingUrukHai.jpg	Shadow Card	Army		1			62		2	Isengard					Isengard	Core				
e2e41bbb-d7e4-475a-8a2f-05de6e74a739	A Giant Among the Swertings	war-of-the-ring-card-game/fire-and-swords/WarOfTheRingCardGame-FireAndSwords-AGiantAmongTheSwertings.jpg	Shadow Card	Character	7				95			Southron	1	1	1			Fire and Swords	1	When played, draw 7 cards: from these, take up to 1 Southron card into hand, and cycle the rest.		
e466c7c6-334b-4f40-b194-c58af80e53af	The Black Easterling	war-of-the-ring-card-game/core/WarOfTheRingCardGame-Core-TheBlackEasterling.jpg	Shadow Card	Character	1,2,3,5,6,7,8,9				104			Mordor	1	1	1		Sauron	Core	1	Nazgûl. +[defense] on Dol Guldur. When played, draw 1 card.		
e481cb3d-0baa-4479-8712-34d7e5665619	Núrn	war-of-the-ring-card-game/fire-and-swords/WarOfTheRingCardGame-FireAndSwords-NRn.jpg	Shadow Battleground	Skirmish			Dúnedain, Wizard		36	Easterling, Mordor, Southron								Fire and Swords		DEFENDER WINS The Mordor player draws 1 card. ATTACKER WINS Remove 1 corruption.		
e562ceac-ea96-4f03-9547-e659ce4b4c8d	Tom Bombadil	war-of-the-ring-card-game/fire-and-swords/WarOfTheRingCardGame-FireAndSwords-TomBombadil.jpg	Free Peoples Card	Character	2			1	50			Wizard			1			Fire and Swords		+ [pathCombat] on The Barrow-downs or The Old Forest. If in reserve, when resolved text precisely states “each Free Peoples player must forsake 1 card” you may cycle this card instead.		
e584b875-86d7-4964-91ca-15537f10f4b8	4p F&S Playtest Rules 02	war-of-the-ring-card-game/online/WarOfTheRingCardGame-Online-4pFSPlaytestRules02.png	FaS Rulebook	Rulebook														Online				
e592eccb-7ed6-4850-b103-6ed8712f3c6d	Inn of the Prancing Pony	war-of-the-ring-card-game/core/WarOfTheRingCardGame-Core-InnOfThePrancingPony.jpg	Path 2	Path				1	4						1	2		Core		Each Shadow player draws 2 cards.	2	
e5b9ec8b-4416-4070-ae4b-4a5c344992f2	Gollum	war-of-the-ring-card-game/core/WarOfTheRingCardGame-Core-Gollum.jpg	Shadow Card	Character	6,7,8,9				81			Monstrous			1		Isengard	Core	1	If on a path, you may use your action to activate a different path of the same number. If this card is eliminated in path combat, cycle it instead.		
e604d6a3-b7e6-40ef-b88f-4c459567fffc	Flocks of Crebain	war-of-the-ring-card-game/against-the-shadow/WarOfTheRingCardGame-AgainstTheShadow-FlocksOfCrebain.jpg	Shadow Card	Character	1,2,3,4,5,6,7				80			Monstrous			1		Isengard	Against the Shadow	1	If in reserve, move this card to a path 2-6, even if the Shadow is winning. If on a path 2-6, use an action to activate a different random path of the same number.		
e7206c06-f2c3-4d87-a366-8d137c9fdcff	Sméagol	war-of-the-ring-card-game/core/WarOfTheRingCardGame-Core-SmAgol.jpg	Free Peoples Card	Character	6,7,8,9			1	55			Wizard			1		Hobbit	Core		If on a path, you may use your action and add 1 corruption to activate a path of the next higher number. If this card is eliminated in path combat, cycle it instead.		
e725315e-a893-4b68-9649-c28511340712	Osgiliath	war-of-the-ring-card-game/core/WarOfTheRingCardGame-Core-Osgiliath.jpg	Path 7	Path					20							7		Core		The Dúnedain player may forsake 1 card to draw 3 cards.	1	
e7a47d22-ae42-479c-a4a9-0c6c4a9a1b0f	Fatty Bolger	war-of-the-ring-card-game/core/WarOfTheRingCardGame-Core-FattyBolger.jpg	Free Peoples Card	Character	1,2			1	34			Hobbit			1		Hobbit	Core		If in reserve, you may use your action and eliminate this card to draw 3 cards. If in reserve when forsaken, cycle this card instead of eliminating it.		
e7cba70e-699a-4a7b-93c9-5a3abe7aeaaf	Death to the Straw-heads	war-of-the-ring-card-game/fire-and-swords/WarOfTheRingCardGame-FireAndSwords-DeathToTheStrawHeads.jpg	Shadow Card	Event					92			Ruffian						Fire and Swords		Add [attack] to a Ruffian army on a battleground, or add [attack][attack] to a Shadow army on Edoras or Helm’s Deep.		
e84ef486-4526-4e99-8059-85a1374d9f74	Wainriders	war-of-the-ring-card-game/fire-and-swords/WarOfTheRingCardGame-FireAndSwords-Wainriders.jpg	Shadow Card	Army		2			996		1	Easterling						Fire and Swords				
e9762403-b5d0-4ff8-97b6-347defc8b8e6	Ioreth	war-of-the-ring-card-game/core/WarOfTheRingCardGame-Core-Ioreth.jpg	Free Peoples Card	Character					991			Dúnedain		1			Aragorn	Core		After a battleground combat including this card, you may cycle it and one other non-Wizard Free Peoples character in that combat instead of eliminating them. Any wielded items are eliminated.		
e9cd4def-4922-4a6c-bc9b-27a52df7ac93	Northmen Militia	war-of-the-ring-card-game/fire-and-swords/WarOfTheRingCardGame-FireAndSwords-NorthmenMilitia-2.jpg	Free Peoples Card	Army		1			104		1	Northmen						Fire and Swords				
eae6991b-1750-4110-8fc2-91ccd5faabb9	Death to the Straw-heads	war-of-the-ring-card-game/ats-fire-and-swords/WarOfTheRingCardGame-AtSFireAndSwords-DeathToTheStrawHeads.jpg	Shadow Card	Event					176			Ruffian						AtS-Fire and Swords		Choose: Add [attack][attack] to a Ruffian or Isengard army on a battleground; forsake 1 card to add 1 corruption; or draw 2 cards.		
eb0148d1-ccec-42ee-9347-00c501e4fe0e	The Lidless Eye	war-of-the-ring-card-game/core/WarOfTheRingCardGame-Core-TheLidlessEye.jpg	Shadow Card	Character	9				108			Mordor			1		Sauron	Core	1	This card cannot be played or moved to a path if a Shadow battleground is active. When played, each Shadow player draws 1 card. While in reserve, increase your carryover limit by 1.		
ec4e5ee7-8d71-4ae8-9797-1cd85980b908	Haradrim Mûmakil	war-of-the-ring-card-game/core/WarOfTheRingCardGame-Core-HaradrimMMakil.jpg	Shadow Card	Army		2			86		1	Southron					Isengard	Core				
ed58a08e-5aed-459d-b0e8-d2a42e5a5bb3	Wild Men of Dunland	war-of-the-ring-card-game/fire-and-swords/WarOfTheRingCardGame-FireAndSwords-WildMenOfDunland.jpg	Shadow Card	Army		2			47		1	Ruffian						Fire and Swords		This card may also be played or moved to an Isengard battleground.		
ed6cca05-cc36-4e0c-a090-38ac12b0b467	Rulebook 01	war-of-the-ring-card-game/core/WarOfTheRingCardGame-Core-Rulebook01.jpg	Rulebook	Rulebook					1									Core				
eda0591d-d56a-45c7-b817-270eac2fd963	Éowyn	war-of-the-ring-card-game/core/WarOfTheRingCardGame-Core-Owyn.jpg	Free Peoples Card	Character					47			Rohan	1	1			Hobbit	Core		When played to a battleground, you may choose a Nazgûl character on that battleground and eliminate it. When played to reserve, you may take Merry or Pippin from your cycle pile into hand.		
edd30a05-cbde-4c84-8474-39177d418844	Grey Havens	war-of-the-ring-card-game/fire-and-swords/WarOfTheRingCardGame-FireAndSwords-GreyHavens.jpg	Free Peoples Battleground	Battleground			Monstrous, Ruffian		17	Elf, Wizard	1							Fire and Swords		The Elf player draws 1 card and then cycles 1 card from hand.	1	
ee8b95c8-308a-47a1-a19f-a5a19b9fb925	FaS Rulebook 07	war-of-the-ring-card-game/fire-and-swords/WarOfTheRingCardGame-FireAndSwords-FaSRulebook07.jpg	FaS Rulebook	Rulebook					7									Fire and Swords				
ef784cfe-7d53-4804-91b6-66291cf8089c	Additional Rulebook 01	war-of-the-ring-card-game/core/WarOfTheRingCardGame-Core-AdditionalRulebook01.jpg	Rulebook	Rulebook					1									Core				
f05579f0-6042-4381-ba18-fc1a5f841118	The Messenger	war-of-the-ring-card-game/core/WarOfTheRingCardGame-Core-TheMessenger.jpg	Shadow Card	Character	1,2,3,5,6,7,8,9				109			Mordor	1		1		Sauron	Core	1	Nazgûl. If in reserve, you may use your action and cycle this card to take a Nazgul character from your cycle pile into hand.		
f11d82c4-39c7-4203-bf84-ea0cc6669f3e	Morannon	war-of-the-ring-card-game/core/WarOfTheRingCardGame-Core-Morannon.jpg	Shadow Battleground	Battleground			Dúnedain, Rohan, Wizard		11	Mordor, Southron	2							Core		The Mordor player draws 5 cards, and from these may play up to 1 army, and then cycles the rest.	2	
f1522404-50ac-40f1-8fa9-51ab28102086	Saruman's Staff	war-of-the-ring-card-game/against-the-shadow/WarOfTheRingCardGame-AgainstTheShadow-SarumansStaff.jpg	Shadow Card	Item		1			70		1	Isengard			1		Isengard	Against the Shadow	1	Weapon. If unplayable, eliminate this card and choose: Take Saruman from the draw deck or cycle pile into hand; or add 1 corruption.		Saruman
f21c29a3-89ed-447e-b6e5-08a1fb333b92	Mordor Orcs	war-of-the-ring-card-game/against-the-shadow/WarOfTheRingCardGame-AgainstTheShadow-MordorOrcs-5.jpg	Shadow Card	Army		1			96		1	Mordor					Sauron	Against the Shadow		If this card is eliminated for any reason, cycle it instead.		
f2269412-ce1b-4d8c-a883-f053bda61604	Ered Luin	war-of-the-ring-card-game/fire-and-swords/WarOfTheRingCardGame-FireAndSwords-EredLuin.jpg	Free Peoples Battleground	Skirmish			Monstrous, Ruffian		27	Dwarf, Wizard								Fire and Swords		DEFENDER WINS Add [defense] to an accompanying battleground. ATTACKER WINS Add 1 corruption.		
f24888f1-4d31-4dca-9819-e8e7a9f3c94f	The Commander	war-of-the-ring-card-game/core/WarOfTheRingCardGame-Core-TheCommander.jpg	Shadow Card	Character	1,2,3,5,6,7,8,9				105			Mordor	1		1		Sauron	Core	1	Nazgûl. If in reserve, you may use your action and cycle this card so each Shadow player draws 1 card.		
f2f7dda0-2ea8-4f75-92a0-1f17d974ce8a	The Tower of Ecthelion	war-of-the-ring-card-game/fire-and-swords/WarOfTheRingCardGame-FireAndSwords-TheTowerOfEcthelion.jpg	Path 7	Path				2	34						2	7		Fire and Swords		Add 1 corruption, and then the Dúnedain player draws 1 card.	1	
f463d4c8-79a6-49ec-ad53-e184dec25ed8	The Black Easterling	war-of-the-ring-card-game/against-the-shadow/WarOfTheRingCardGame-AgainstTheShadow-TheBlackEasterling.jpg	Shadow Card	Character	1,2,3,5,6,7,8,9				104			Mordor	1	1	1		Sauron	Against the Shadow	1	Nazgûl. +[defense] on Dol Guldur. When played, draw 1 card.		
f4a7580f-b35e-4ce6-9035-189d0b59b2db	The Destroyer	war-of-the-ring-card-game/against-the-shadow/WarOfTheRingCardGame-AgainstTheShadow-TheDestroyer.jpg	Shadow Card	Character	1,2,3,5,6,7,8,9	1			106			Mordor			1		Sauron	Against the Shadow	1	Nazgûl. This card can be played or moved to any Free Peoples battleground.		
f4d439dd-723d-44f7-b023-67c72a8c5fc2	Saruman	war-of-the-ring-card-game/core/WarOfTheRingCardGame-Core-Saruman.jpg	Shadow Card	Character	5.6	1			67		1	Isengard	1	1	2		Isengard	Core	2	While in reserve, draw 1 additional card each Draw step. If forsaken from the top of your draw deck, cycle this card instead of eliminating it.		
f5497e6d-64d4-434a-bb86-1ae7bf584cc6	Caradhras the Cruel	war-of-the-ring-card-game/core/WarOfTheRingCardGame-Core-CaradhrasTheCruel.jpg	Shadow Card	Character	4,5				78			Monstrous			1		Isengard	Core	1	When played to the Caradhras path, activate a different Path 4. If in reserve, you may use your action and eliminate this card so each Free Peoples player must forsake 1 card.		
f6648372-e3fd-4d5a-b474-e19c5972ceb1	Red Rules 1	war-of-the-ring-card-game/core/WarOfTheRingCardGame-Core-RedRules1.jpg	Shadow Battleground	Rules					2									Core				
f73effd4-051a-486c-8ab7-0e9d0275fbfb	Angmar	war-of-the-ring-card-game/fire-and-swords/WarOfTheRingCardGame-FireAndSwords-Angmar.jpg	Shadow Battleground	Skirmish			Dwarf, Elf, Northmen, Wizard		34	Monstrous, Ruffian								Fire and Swords		DEFENDER WINS The Monstrous player draws 3 cards. ATTACKER WINS Remove 1 corruption.		
f73f39fa-e1fe-4788-980b-54b5ba5cd33c	Elven Cloak	war-of-the-ring-card-game/core/WarOfTheRingCardGame-Core-ElvenCloak.jpg	Free Peoples Card	Item				1	25			Elf			1		Aragorn	Core		If the wielder is eliminated during path combat, cycle it instead, along with any wielded items.		Hobbit, Elf
f7c4125e-cfbc-4037-b228-900865960d62	Rulebook 16	war-of-the-ring-card-game/core/WarOfTheRingCardGame-Core-Rulebook16.jpg	Rulebook	Rulebook					16									Core				
f805f51d-49bc-407d-9c15-c3dda808d1de	Goblins of the Misty Mountains	war-of-the-ring-card-game/ats-fire-and-swords/WarOfTheRingCardGame-AtSFireAndSwords-GoblinsOfTheMistyMountains.jpg	Shadow Card	Army		1			164		1	Monstrous						AtS-Fire and Swords		If this card is eliminated for any reason, cycle it instead.		
f88cd1e7-0e1e-40d9-91bc-990ba64c5bc3	Strider	war-of-the-ring-card-game/core/WarOfTheRingCardGame-Core-Strider.jpg	Free Peoples Card	Character	2,3,4,5,6	1		2	12		1	Dúnedain			2		Aragorn	Core		If on a path, you may use your action to activate a path of the next higher number. If Aragorn is played, eliminate this card.		
fa0c9dbb-6dd9-46cb-984a-9d1dbbad5cac	Rulebook 14	war-of-the-ring-card-game/core/WarOfTheRingCardGame-Core-Rulebook14.jpg	Rulebook	Rulebook					14									Core				
fa5f64ad-f381-4d42-a853-0a8adf3c44ab	AtS Rulebook 08	war-of-the-ring-card-game/against-the-shadow/WarOfTheRingCardGame-AgainstTheShadow-AtSRulebook08.jpg	AtS Rulebook	Rulebook					8									Against the Shadow				
fb421e4e-58db-404a-ad1d-0234478b0cd5	Dale	war-of-the-ring-card-game/fire-and-swords/WarOfTheRingCardGame-FireAndSwords-Dale.jpg	Free Peoples Battleground	Battleground			Easterling, Monstrous		15	Dwarf, Northmen, Wizard								Fire and Swords		Erebor must also be activated, if it is in the Free Peoples battleground deck.	1	
fb8585d5-0858-4177-91eb-4ddc54785cdc	Arwen	war-of-the-ring-card-game/core/WarOfTheRingCardGame-Core-Arwen.jpg	Free Peoples Card	Character					20			Elf		1			Aragorn	Core		When played, draw 1 card. While in reserve, add [defense] and [pathCombat] to Strider or Aragorn.		
fb8ca3cd-b8f5-4ef9-a4c8-adbf936c477c	The Red Bannerman	war-of-the-ring-card-game/ats-fire-and-swords/WarOfTheRingCardGame-AtSFireAndSwords-TheRedBannerman.jpg	Shadow Card	Character	6,7				158			Easterling	1	1	1			AtS-Fire and Swords	1	When played or moved to a battleground, each Free Peoples player must forsake 1 card.		
fc9aad5d-f396-45d3-b749-aae90e683908	Woven of all Colours	war-of-the-ring-card-game/against-the-shadow/WarOfTheRingCardGame-AgainstTheShadow-WovenOfAllColours.jpg	Shadow Card	Event					71			Isengard					Isengard	Against the Shadow		Choose: Take Saruman from the eliminated pile into hand; add 1 corruption; or forsake 2 cards and add 2 corruption.		
fc9f8efc-c10b-4f82-9d71-b24623495186	Shadowfax	war-of-the-ring-card-game/core/WarOfTheRingCardGame-Core-Shadowfax.jpg	Free Peoples Card	Item		1			49		1	Rohan					Hobbit	Core		Mount. If in reserve, you may use your action to activate or reactivate any battleground; then, you must move the wielder to that battleground (even if it was played this round).		Gandalf
fd86f3d9-9638-4b0d-b824-ca4dbaa7da37	Riders of Rohan	war-of-the-ring-card-game/core/WarOfTheRingCardGame-Core-RidersOfRohan-2.jpg	Free Peoples Card	Army		2			44		1	Rohan					Hobbit	Core				
fdc5e729-3f20-48a8-b18f-b4e0dc532ec0	Rulebook 09	war-of-the-ring-card-game/core/WarOfTheRingCardGame-Core-Rulebook09.jpg	Rulebook	Rulebook					9									Core				
fe77aaef-a595-47a8-bb0d-4d5796234fec	Knights of Dol Amroth	war-of-the-ring-card-game/core/WarOfTheRingCardGame-Core-KnightsOfDolAmroth.jpg	Free Peoples Card	Army		1			2		1	Dúnedain					Aragorn	Core		+[defense] on Dol Amroth.		
feac3510-109c-49b5-8cd8-8a613747188f	AtS Rulebook 07	war-of-the-ring-card-game/against-the-shadow/WarOfTheRingCardGame-AgainstTheShadow-AtSRulebook07.jpg	AtS Rulebook	Rulebook					7									Against the Shadow				
fee8ba0e-725e-4d47-9c65-e6fec76d3787	Fas Red Rules 3	https://dragncards-wotr.s3.amazonaws.com/rules/RedInstructions5.jpg	Shadow Battleground	Rules														Fire and Swords				
ff3a03bd-7c7e-49d8-89fe-254b5462576f	Additional Rulebook 02	war-of-the-ring-card-game/core/WarOfTheRingCardGame-Core-AdditionalRulebook02.jpg	Rulebook	Rulebook					2									Core				
ff453cb1-f997-4a2c-b513-3d93e59c0b27	Mouth of Sauron	war-of-the-ring-card-game/core/WarOfTheRingCardGame-Core-MouthOfSauron.jpg	Shadow Card	Character	7,8,9				102			Mordor	1	1	1		Sauron	Core	1	This card cannot be played or moved to a path if a Shadow battleground is active. While in reserve, draw 1 additional card each Draw step.		
ff92a7e3-e0c4-4a04-95bb-ae2fa6976e1a	4p F&S Playtest Rules 01	war-of-the-ring-card-game/online/WarOfTheRingCardGame-Online-4pFSPlaytestRules01.png	FaS Rulebook	Rulebook														Online				
ffa8235b-c293-44c0-b88e-7ebb5f909960	Gandalf the White	war-of-the-ring-card-game/core/WarOfTheRingCardGame-Core-GandalfTheWhite.jpg	Free Peoples Card	Character		2			52		3	Wizard					Hobbit	Core		When played, remove Gandalf the Grey from the game. While in reserve, draw 1 additional card each Draw step. If forsaken from the top of your draw deck, cycle this card instead of eliminating it.		
