databaseId	name	imageUrl	cardBack	type	packName	set	loadGroupId	klass	vp	flying	size	vitality	vitRed	ocb	babes	gold	beer	channeling	channeler	ranged	command	powerStones	basicDraw	ldl	mdl	luc	effect	bonus	script
RE_BabesBriberyCommon2.png	Babes	fpg-guardians/revised-edition/FpgGuardians-RevisedEdition-Babes.png	default	bribery	Revised Edition	RE	playerNDeck					13															Bribery		
RE_BeerBriberyCommon2.png	Beer	fpg-guardians/revised-edition/FpgGuardians-RevisedEdition-Beer.png	default	bribery	Revised Edition	RE	playerNDeck					10															Bribery		
RE_GoldBriberyCommon2.png	Gold	fpg-guardians/revised-edition/FpgGuardians-RevisedEdition-Gold.png	default	bribery	Revised Edition	RE	playerNDeck					7															Bribery		
DN_MinistryofTaxCollectionStrongholdDowngradeR1-horizontal.png	Ministry of Tax Collection	fpg-guardians/drifters-nexus/FpgGuardians-DriftersNexus-MinistryOfTaxCollection.png	default	downgrade	Drifter's Nexus	DN	playerNDeck					7															Stronghold's owner must burn one Power Stone if he has a Shield on this Stronghold Card at the end of the Draw and Organize Phase. You may play this Downgrade on an opponent's end Stronghold Card if there is not already an Upgrade there.		
DN_SewageBackupStrongholdDowngradeU1-horizontal.png	Sewage Backup	fpg-guardians/drifters-nexus/FpgGuardians-DriftersNexus-SewageBackup.png	default	downgrade	Drifter's Nexus	DN	playerNDeck					20															All defensive Vitality bonuses on this Stronghold Card are ignored. You may play this Downgrade on an opponent's end Stronghold Card if there is not already an Upgrade there.		
NP_SnakePitStrongholdDowngradeUncom2-horizontal.png	Snake Pit	fpg-guardians/necropolis-park/FpgGuardians-NecropolisPark-SnakePit.png	default	downgrade	Necropolis Park	NP	playerNDeck					22															If there is a Shield on this end Stronghold Card during the Terrain Settlement Phase, that Shield's owner must discard one Creature from beneath it.		
RE_AmberWellElementalWellCommon1.png	Amber Well	fpg-guardians/revised-edition/FpgGuardians-RevisedEdition-AmberWell.png	default	elemental	Revised Edition	RE	playerNDeck	Well			L	4		0													If beaten in combat, secondary attackers get a +8 Vitality instead of the normal +4.		
RE_AngelElementalAngelUncommon1.png	Angel	fpg-guardians/revised-edition/FpgGuardians-RevisedEdition-Angel.png	default	elemental	Revised Edition	RE	playerNDeck	Angel		F	M	7		0													+5 Vitality vs. Demons and Devils.		
RE_AnnihilatorCloudElementalForceUncommon2.png	Annihilator Cloud	fpg-guardians/revised-edition/FpgGuardians-RevisedEdition-AnnihilatorCloud.png	default	elemental	Revised Edition	RE	playerNDeck	Force		F	L	9		0						3							3 pt. ranged attack.		
RE_ArchangelMagnusElementalAngelRare1.png	Archangel Magnus	fpg-guardians/revised-edition/FpgGuardians-RevisedEdition-ArchangelMagnus.png	default	elemental	Revised Edition	RE	playerNDeck	Angel		F	M	11		0				C									+9 Vitality vs. Demons and Devils.		
RE_ArchangelOdessaElementalAngelRare1.png	Archangel Odessa	fpg-guardians/revised-edition/FpgGuardians-RevisedEdition-ArchangelOdessa.png	default	elemental	Revised Edition	RE	playerNDeck	Angel		F	M	9		0				C	3								+7 Vitality vs. Demons and Devils. Can only channel to Angels and Clerics.		
RE_BaalaGogElementalDevilUncommon1.png	Baal-a-Gog	fpg-guardians/revised-edition/FpgGuardians-RevisedEdition-BaalAGog.png	default	elemental	Revised Edition	RE	playerNDeck	Devil			L	12		4	L			C									Immune to fire.		
RE_BealzebubElementalDemonRare1.png	Baelzebub	fpg-guardians/revised-edition/FpgGuardians-RevisedEdition-Baelzebub.png	default	elemental	Revised Edition	RE	playerNDeck	Demon		F	L	16		0	L			C									Immune to fire.		
RE_BalefulEyeElementalDemonCommon1.png	Baleful Eye	fpg-guardians/revised-edition/FpgGuardians-RevisedEdition-BalefulEye.png	default	elemental	Revised Edition	RE	playerNDeck	Demon			S	5		1	L						Y						For the duration of combat, your opponent must declare the Size of Creatures in match-ups before you pick your Creatures.		
RE_CherubElementalAngelRare2.png	Cherub	fpg-guardians/revised-edition/FpgGuardians-RevisedEdition-Cherub.png	default	elemental	Revised Edition	RE	playerNDeck	Angel		F	S	3		0				C									+6 Vitality vs Demons and Devils. Immune to large Creatures.		
RE_CorruptionStreamElementalForceRare2.png	Corruption Stream	fpg-guardians/revised-edition/FpgGuardians-RevisedEdition-CorruptionStream.png	default	elemental	Revised Edition	RE	playerNDeck	Force			L	2	8	0													Beats opponent if the Corruption Stream is a secondary attacker.		
RE_DarknessElementalElementalElementRare2.png	Darkness Elemental	fpg-guardians/revised-edition/FpgGuardians-RevisedEdition-DarknessElemental.png	default	elemental	Revised Edition	RE	playerNDeck	Element			L	13		3							Y						Opponent must reveal his Combat Hand. You may choose to retreat before melee, but discard the Darkness Elemental to do so.		
RE_DeathElementalManifestationRare2.png	Death	fpg-guardians/revised-edition/FpgGuardians-RevisedEdition-Death.png	default	elemental	Revised Edition	RE	playerNDeck	Manifestation			M	7	13	0			B										Destroys any Mortal affected by fear.		
RE_DemonHordeofKabodElementalDemonUncommon1.png	Demon Horde of Kabod	fpg-guardians/revised-edition/FpgGuardians-RevisedEdition-DemonHordeOfKabod.png	default	elemental	Revised Edition	RE	playerNDeck	Demon			M	6		1	L												Can heal one Demon Horde of Kabod regardless of who controls the space.		
RE_DevilDogElementalDevilCommon1.png	Devil Dog	fpg-guardians/revised-edition/FpgGuardians-RevisedEdition-DevilDog.png	default	elemental	Revised Edition	RE	playerNDeck	Devil			M	6		0			B										Immune to fire. +3 Vitality when used as secondary attacker.		
RE_DevilHedgehogElementalDevilCommon1.png	Devil Hedgehog	fpg-guardians/revised-edition/FpgGuardians-RevisedEdition-DevilHedgehog.png	default	elemental	Revised Edition	RE	playerNDeck	Devil			S	4		2			B										Immune to fire.		
RE_DjinnElementalForceUncommon1.png	Djinn	fpg-guardians/revised-edition/FpgGuardians-RevisedEdition-Djinn.png	default	elemental	Revised Edition	RE	playerNDeck	Force		F	M	6		0		G											Ranged attack -- forces a push, no further modification allowed by either side.		
RE_DoomwingElementalDemonUncommon1.png	Doomwing	fpg-guardians/revised-edition/FpgGuardians-RevisedEdition-Doomwing.png	default	elemental	Revised Edition	RE	playerNDeck	Demon		F	L	14		0	L				6								6 pt. ranged attack.		
RE_DreadedDoomDogElementalDevilCommon1.png	Dreaded Doom Dog	fpg-guardians/revised-edition/FpgGuardians-RevisedEdition-DreadedDoomDog.png	default	elemental	Revised Edition	RE	playerNDeck	Devil			L	7		4			B										Immune to fire.		
RE_EarthElementalElementalElementCommon1.png	Earth Elemental	fpg-guardians/revised-edition/FpgGuardians-RevisedEdition-EarthElemental.png	default	elemental	Revised Edition	RE	playerNDeck	Element			L	18		9													+2 in Dry Heaps		
RE_EarthMotherElementalSpiritRare2.png	Earth Mother	fpg-guardians/revised-edition/FpgGuardians-RevisedEdition-EarthMother.png	default	elemental	Revised Edition	RE	playerNDeck	Spirit			M	6		0				C									When on a space with no Terrain card, no Creature need be lost if you show your opponent Earth Mother during Terrain Settlement Phase.		
RE_EnergyLeachElementalForceRare2.png	Energy Leech	fpg-guardians/revised-edition/FpgGuardians-RevisedEdition-EnergyLeech.png	default	elemental	Revised Edition	RE	playerNDeck	Force			S	2	5	0							Y						Dispels opponents command card. If played in a match-up, no channeling allowed after the Leach is played by either player.		
RE_EnergyToadElementalForceUncommon1.png	Energy Toad	fpg-guardians/revised-edition/FpgGuardians-RevisedEdition-EnergyToad.png	default	elemental	Revised Edition	RE	playerNDeck	Force			S	5		0						2							No channeling vs. Energy Toad.+2 in the swamp. 2 pt. ranged attack.		
RE_EnergyWellElementalWellRare2.png	Energy Well	fpg-guardians/revised-edition/FpgGuardians-RevisedEdition-EnergyWell.png	default	elemental	Revised Edition	RE	playerNDeck	Well			M	4	7	1				C	3								Can only channel to Elementals.		
RE_FireElementalElementalElementRare2.png	Fire Elemental	fpg-guardians/revised-edition/FpgGuardians-RevisedEdition-FireElemental.png	default	elemental	Revised Edition	RE	playerNDeck	Element		F	M	14		0													4 pt. AOE fireball, has fire-based attack.+2 in the woods		
RE_FireWalkerElementalForceCommon1.png	Fire Walker	fpg-guardians/revised-edition/FpgGuardians-RevisedEdition-FireWalker.png	default	elemental	Revised Edition	RE	playerNDeck	Force			S	9		4													Immune to fire. Has a fire-based attack.		
RE_GorgalSkagElementalDemonCommon1.png	Gorgal Skag	fpg-guardians/revised-edition/FpgGuardians-RevisedEdition-GorgalSkag.png	default	elemental	Revised Edition	RE	playerNDeck	Demon		F	S	4		1													From the fetid cracks of the world's end come the minions of evil incarnate.		
RE_GreaterAirElementalElementalElementUncommon1.png	Greater Air Elemental	fpg-guardians/revised-edition/FpgGuardians-RevisedEdition-GreaterAirElemental.png	default	elemental	Revised Edition	RE	playerNDeck	Element		F	L	16		0													+6 Vitality vs. Creatures with the ability to fly.		
RE_GreaterEnergyElementalElementalElementRare1.png	Greater Energy Elemental	fpg-guardians/revised-edition/FpgGuardians-RevisedEdition-GreaterEnergyElemental.png	default	elemental	Revised Edition	RE	playerNDeck	Element		F	L	12		0				C	2								Unlimited channeling		
RE_IceElementalElementalElementCommon1.png	Ice Elemental	fpg-guardians/revised-edition/FpgGuardians-RevisedEdition-IceElemental.png	default	elemental	Revised Edition	RE	playerNDeck	Element			M	15		6													+4 in the mountains		
RE_IceSpiritElementalSpiritCommon1.png	Ice Spirit	fpg-guardians/revised-edition/FpgGuardians-RevisedEdition-IceSpirit.png	default	elemental	Revised Edition	RE	playerNDeck	Spirit			L	5		2													Immune to Undead.+1 in the mountains		
RE_IronLordElementalElementalLordUncommon1.png	Iron Lord	fpg-guardians/revised-edition/FpgGuardians-RevisedEdition-IronLord.png	default	elemental	Revised Edition	RE	playerNDeck	Elemental Lord			M	10		1	L												3 pt. AOE fear attack. When played, +3 pts. to the AOE attack for each different type of Elemental Lord in play.		
RE_LawyerElementalDevilRare1.png	Lawyer	fpg-guardians/revised-edition/FpgGuardians-RevisedEdition-Lawyer.png	default	elemental	Revised Edition	RE	playerNDeck	Devil			M	7		0	L	G	B										Must play as first melee Creature. If it survives, Lawyer counts as 21 Vitality for control of the space. Only one Lawyer per space per player.		
RE_LightElementalElementalElementRare2.png	Light Elemental	fpg-guardians/revised-edition/FpgGuardians-RevisedEdition-LightElemental.png	default	elemental	Revised Edition	RE	playerNDeck	Element		F	L	13		2				C									Destroys Darkness Elemental.		
RE_LorgMoleElementalDemonUncommon1.png	Lorg Mole	fpg-guardians/revised-edition/FpgGuardians-RevisedEdition-LorgMole.png	default	elemental	Revised Edition	RE	playerNDeck	Demon		F	M	9		1	L												No channeling vs. Lorg Mole.  Immune to fire.		
RE_MagmaElementalElementalElementCommon1.png	Magma Elemental	fpg-guardians/revised-edition/FpgGuardians-RevisedEdition-MagmaElemental.png	default	elemental	Revised Edition	RE	playerNDeck	Element			L	9		0						4							4 pt. ranged attack		
RE_MistVeilerElementalForceRare2.png	Mist Veiler	fpg-guardians/revised-edition/FpgGuardians-RevisedEdition-MistVeiler.png	default	elemental	Revised Edition	RE	playerNDeck	Force			M	10		0			B										No secondary attacks against Mist Veiler.+1 in the swamp		
RE_MoonSpiritElementalSpiritUncommon1.png	Moon Spirit	fpg-guardians/revised-edition/FpgGuardians-RevisedEdition-MoonSpirit.png	default	elemental	Revised Edition	RE	playerNDeck	Spirit			L	8		0													No channeling vs. Moon Spirits. Immune to fear.		
RE_MudElementalElementalElementCommon1.png	Mud Elemental	fpg-guardians/revised-edition/FpgGuardians-RevisedEdition-MudElemental.png	default	elemental	Revised Edition	RE	playerNDeck	Element			M	8		2													+4 in the swamp		
RE_OldNickElementalDevilRare1.png	Old Nick	fpg-guardians/revised-edition/FpgGuardians-RevisedEdition-OldNick.png	default	elemental	Revised Edition	RE	playerNDeck	Devil		F	L	20		0	L			C	5								Can only channel to Demons and Devils. Can only accept channeling from your Guardian.		
RE_PrimordialGooElementalForceCommon1.png	Primordial Goo	fpg-guardians/revised-edition/FpgGuardians-RevisedEdition-PrimordialGoo.png	default	elemental	Revised Edition	RE	playerNDeck	Force			M	12		5													+3 in the swamp		
RE_RainSpiritElementalSpiritUncommon2.png	Rain Spirit	fpg-guardians/revised-edition/FpgGuardians-RevisedEdition-RainSpirit.png	default	elemental	Revised Edition	RE	playerNDeck	Spirit		F	L	6		0						2							2 pt. ranged attack		
RE_RockLordElementalElementalLordUncommon1.png	Rock Lord	fpg-guardians/revised-edition/FpgGuardians-RevisedEdition-RockLord.png	default	elemental	Revised Edition	RE	playerNDeck	Elemental Lord			M	12		1	L												3 pt. AOE fear attack. When played, +3 pts. to the AOE attack for each different type of Elemental Lord in play.		
RE_RockSpiritElementalSpiritCommon1.png	Rock Spirit	fpg-guardians/revised-edition/FpgGuardians-RevisedEdition-RockSpirit.png	default	elemental	Revised Edition	RE	playerNDeck	Spirit			S	5		1							Y						All your Creatures are +5 Vitality vs. Creatures defending in Strongholds.		
RE_RovingForceInfernoElementalForceRare1.png	Roving Force Inferno	fpg-guardians/revised-edition/FpgGuardians-RevisedEdition-RovingForceInferno.png	default	elemental	Revised Edition	RE	playerNDeck	Force			M	12		1													No secondary attacks vs. the Roving Force Inferno.		
RE_SandLordElementalElementalLordCommon1.png	Sand Lord	fpg-guardians/revised-edition/FpgGuardians-RevisedEdition-SandLord.png	default	elemental	Revised Edition	RE	playerNDeck	Elemental Lord			M	11		3	L												-6 Vitality in Woods +6 in Dry Heaps		
RE_SleepingSpiritElementalSpiritCommon1.png	Sleeping Spirit	fpg-guardians/revised-edition/FpgGuardians-RevisedEdition-SleepingSpirit.png	default	elemental	Revised Edition	RE	playerNDeck	Spirit		F	S	5		1													If the Sleeping Spirit wins a match-up, opponent is destroyed.		
RE_SmokeSpiritElementalSpiritUncommon1.png	Smoke Spirit	fpg-guardians/revised-edition/FpgGuardians-RevisedEdition-SmokeSpirit.png	default	elemental	Revised Edition	RE	playerNDeck	Spirit		F	M	7		1				C									Once played, no ranged attacks allowed by either player.		
RE_SnowDaughtersElementalSpiritCommon1.png	Snow Daughters	fpg-guardians/revised-edition/FpgGuardians-RevisedEdition-SnowDaughters.png	default	elemental	Revised Edition	RE	playerNDeck	Spirit			M	6		2													+3 in the mountains		
RE_SpiritoftheForgeElementalSpiritRare2.png	Spirit of the Forge	fpg-guardians/revised-edition/FpgGuardians-RevisedEdition-SpiritOfTheForge.png	default	elemental	Revised Edition	RE	playerNDeck	Spirit			M	6	8	0						5							5 pt. ranged attack		
RE_SpiritoftheHuntElementalSpiritRare1.png	Spirit of the Hunt	fpg-guardians/revised-edition/FpgGuardians-RevisedEdition-SpiritOfTheHunt.png	default	elemental	Revised Edition	RE	playerNDeck	Spirit			M	5		0													You may ignore your first opponent in melee and randomly pick a new one from opponent's combat hand. One per space per player.		
RE_StinkingSpiritElementalSpiritUncommon1.png	Stinking Spirit	fpg-guardians/revised-edition/FpgGuardians-RevisedEdition-StinkingSpirit.png	default	elemental	Revised Edition	RE	playerNDeck	Spirit			L	5		0			B				Y						Any Creatures with a Base Vitality less than 5 can't fight and don't count towards control of space (both sides). They can be attacked by secondary attackers.		
RE_SuccubusElementalDevilUncommon1.png	Succubus	fpg-guardians/revised-edition/FpgGuardians-RevisedEdition-Succubus.png	default	elemental	Revised Edition	RE	playerNDeck	Devil		F	M	9		0		G											Immune to fire; +7 vs bribable by Babes.		
RE_SunSpiritElementalSpiritCommon2.png	Sun Spirit	fpg-guardians/revised-edition/FpgGuardians-RevisedEdition-SunSpirit.png	default	elemental	Revised Edition	RE	playerNDeck	Spirit			S	12		6													Immune to fire.  Has a fire-based attack.		
RE_TangleWebElementalForceUncommon1.png	Tangle Web	fpg-guardians/revised-edition/FpgGuardians-RevisedEdition-TangleWeb.png	default	elemental	Revised Edition	RE	playerNDeck	Force			L	8		2													Creatures who beat the Tangle web are destroyed if they don't get to stay in the space.+4 in the Spires		
RE_ThunderHawkElementalSpiritRare2.png	Thunder Hawk	fpg-guardians/revised-edition/FpgGuardians-RevisedEdition-ThunderHawk.png	default	elemental	Revised Edition	RE	playerNDeck	Spirit		F	L	1	7	1	L					13							13 pt. ranged attack. When used as a ranged attack, Thunder Hawk is beaten as well.		
RE_TrumpeterElementalAngelUncommon1.png	Trumpeter	fpg-guardians/revised-edition/FpgGuardians-RevisedEdition-Trumpeter.png	default	elemental	Revised Edition	RE	playerNDeck	Angel		F	S	2		0				C			Y						Opponent must show you all Demons and Devils in their Combat Hand. Opponent must play these in match-ups before any others.		
RE_VaporElementalElementalElementUncommon1.png	Vapor Elemental	fpg-guardians/revised-edition/FpgGuardians-RevisedEdition-VaporElemental.png	default	elemental	Revised Edition	RE	playerNDeck	Element		F	L	11		0				C									When played in a match-up, opponent must discard items travelling as creatures on this space		
RE_WarriorSpiritElementalSpiritUncommon1.png	Warrior Spirit	fpg-guardians/revised-edition/FpgGuardians-RevisedEdition-WarriorSpirit.png	default	elemental	Revised Edition	RE	playerNDeck	Spirit		F	M	10		3													The cunnin beast is awakened. Pretenders and false prophets stand wary, your time is nigh.		
RE_WaterSpoutElementalForceCommon1.png	Water Spout	fpg-guardians/revised-edition/FpgGuardians-RevisedEdition-WaterSpout.png	default	elemental	Revised Edition	RE	playerNDeck	Force			S	4		1													+3 in rivers and lakes		
RE_WhisperingSpiritsElementalSpiritCommon1.png	Whispering Spirits	fpg-guardians/revised-edition/FpgGuardians-RevisedEdition-WhisperingSpirits.png	default	elemental	Revised Edition	RE	playerNDeck	Spirit		F	S	3		0													+2 in the swamp		
RE_WindSpiritElementalSpiritCommon1.png	Wind Spirit	fpg-guardians/revised-edition/FpgGuardians-RevisedEdition-WindSpirit.png	default	elemental	Revised Edition	RE	playerNDeck	Spirit		F	M	5		1													+4 Vitality vs. Creatures with the ability to fly.		
RE_WoodSpiritElementalSpiritCommon1.png	Wood Spirit	fpg-guardians/revised-edition/FpgGuardians-RevisedEdition-WoodSpirit.png	default	elemental	Revised Edition	RE	playerNDeck	Spirit			M	6		1													+4 in the woods		
RE_YandraxElementalDemonUncommon1.png	Yandrax	fpg-guardians/revised-edition/FpgGuardians-RevisedEdition-Yandrax.png	default	elemental	Revised Edition	RE	playerNDeck	Demon			S	1	2	0							Y						All Demons and Devils are +2 Vitality (both sides).		
DI_AngelofDeathElementalAngelCommon1.png	Angel of Death	fpg-guardians/dagger-isle/FpgGuardians-DaggerIsle-AngelOfDeath.png	default	elemental	Dagger Isle	DI	playerNDeck	Angel		F	M	13		0													You gain 1 Power Stone for each Creature you beat after the Angel of Death is in play, as long as it is unbeaten.		
DI_ArwyddynElementalSpiritCommon4.png	Arwyddyn	fpg-guardians/dagger-isle/FpgGuardians-DaggerIsle-Arwyddyn.png	default	elemental	Dagger Isle	DI	playerNDeck	Spirit		F	S	3		1		G											Can heal any one Spirit for 1 Power Stone.		
DI_CaptainRedNoseoidElementalEvilTwinCommon2.png	Captain Red Noseoid	fpg-guardians/dagger-isle/FpgGuardians-DaggerIsle-CaptainRedNoseoid.png	default	elemental	Dagger Isle	DI	playerNDeck	Evil Twin			M	15		7	L	G	B										Opponent gets no Vitality bonus for Creature Class when Captain Red Noseoid is in play.		
DI_CastellanKeirElementalMediumCommon1.png	Castellan Keir	fpg-guardians/dagger-isle/FpgGuardians-DaggerIsle-CastellanKeir.png	default	elemental	Dagger Isle	DI	playerNDeck	Medium			M	1		0			B										If Keir is on one of your rubble spaces during the Terrain Settlement Phase, you may restore it back into a working Stronghold. Discard Castellan Keir when used in this fashion.		
DI_ChephrosElementalDevilCommon3.png	Chephros	fpg-guardians/dagger-isle/FpgGuardians-DaggerIsle-Chephros.png	default	elemental	Dagger Isle	DI	playerNDeck	Devil			L	9		2	L												Chephros is +2 Vitality for each Demon or Devil that has been beaten so far in this combat.		
DI_DrukElementalDevilCommon3.png	Druk	fpg-guardians/dagger-isle/FpgGuardians-DaggerIsle-Druk.png	default	elemental	Dagger Isle	DI	playerNDeck	Devil		F	M	8		2	L												Immune to fire.		
DI_DustGeyserElementalGeyserCommon1.png	Dust Geyser	fpg-guardians/dagger-isle/FpgGuardians-DaggerIsle-DustGeyser.png	default	elemental	Dagger Isle	DI	playerNDeck	Geyser			S	1	7	0			B										When played as a primary attacker, the initial result is a push.  Either player may then modify the match-up.		
DI_FlameGeyserElementalGeyserCommon3.png	Flame Geyser	fpg-guardians/dagger-isle/FpgGuardians-DaggerIsle-FlameGeyser.png	default	elemental	Dagger Isle	DI	playerNDeck	Geyser		F	L	6		1													Fire-based attack. Immune to fire. +2 Vitality to all your Creatures with fire-based attacks when the Flame Geyser is in play.		
DI_HackthornStranglerElementalPlantCommon2.png	Hackthorn Strangler	fpg-guardians/dagger-isle/FpgGuardians-DaggerIsle-HackthornStrangler.png	default	elemental	Dagger Isle	DI	playerNDeck	Plant			L	11		0			B										When played as a primary attacker, the Strangler may ignore its match-up opponent and instead attack your opponent's Command Card if that card is a Creature.		
DI_HolyAvengerElementalAngelRare2.png	Holy Avenger	fpg-guardians/dagger-isle/FpgGuardians-DaggerIsle-HolyAvenger.png	default	elemental	Dagger Isle	DI	playerNDeck	Angel		F	M	5		0													+10 Vitality as a secondary attacker if your primary attacker in the match-up was a Paladin or an Angel other than a Holy Avenger.		
DI_KazarianSquawkerElementalDemonCommon4.png	Kazarian Squawker	fpg-guardians/dagger-isle/FpgGuardians-DaggerIsle-KazarianSquawker.png	default	elemental	Dagger Isle	DI	playerNDeck	Demon		F	S	5		1							Y						The Squawker attacks your opponent's Command Card, if that card is a Creature. If the Squawker wins the match-up, your opponent's Command Card ability doesn't take affect.		
DI_KosetoftheLightElementalSpiritCommon3.png	Koset of the Light	fpg-guardians/dagger-isle/FpgGuardians-DaggerIsle-KosetOfTheLight.png	default	elemental	Dagger Isle	DI	playerNDeck	Spirit		F	M	4		0			B										You gain 1 Power Stone every time an opponent channels while Koset is in play.		
DI_LizardSkinLynnElementalSaurianCommon4.png	Lizard Skin Lynn	fpg-guardians/dagger-isle/FpgGuardians-DaggerIsle-LizardSkinLynn.png	default	elemental	Dagger Isle	DI	playerNDeck	Saurian			M	8		1		G											+5 Vitality vs. Large Creatures.		
DI_MagnateJusticeElementalManifestationCommon4.png	Magnate Justice	fpg-guardians/dagger-isle/FpgGuardians-DaggerIsle-MagnateJustice.png	default	elemental	Dagger Isle	DI	playerNDeck	Manifestation			M	16		7													Destroys any Wanderer.		
DI_MonolithofChaosElementalMonolithCommon2.png	Monolith of Chaos	fpg-guardians/dagger-isle/FpgGuardians-DaggerIsle-MonolithOfChaos.png	default	elemental	Dagger Isle	DI	playerNDeck	Monolith			L	11		4													If the Monolith beats an External in the primary attack round, it may not be attacked by secondary attackers.		
DI_ReverendSmilinJackoidElementalEvilTwinCommon2.png	Reverend Smilin' Jackoid	fpg-guardians/dagger-isle/FpgGuardians-DaggerIsle-ReverendSmilinJackoid.png	default	elemental	Dagger Isle	DI	playerNDeck	Evil Twin			M	2		0	L	G	B				Y						When fighting over a space with an opponent's face-down Terrain or Shield/Terrain card, that card is discarded after combat.		
DI_RoamingSteamGeyserElementalGeyserRare3.png	Roaming Steam Geyser	fpg-guardians/dagger-isle/FpgGuardians-DaggerIsle-RoamingSteamGeyser.png	default	elemental	Dagger Isle	DI	playerNDeck	Geyser			M	6		0													No secondary attacks vs. the Geyser.		
DI_SpiritGuideElementalSpiritCommon3.png	Spirit Guide	fpg-guardians/dagger-isle/FpgGuardians-DaggerIsle-SpiritGuide.png	default	elemental	Dagger Isle	DI	playerNDeck	Spirit			M	3		0				C			Y						Opponent must tell you the total number of cards and total Vitality in his/her combat hand.  You may then discard the Spirit Guide and retreat before primary attacks begin.		
DI_SupermodeloidElementalEvilTwinCommon2.png	Supermodeloid	fpg-guardians/dagger-isle/FpgGuardians-DaggerIsle-Supermodeloid.png	default	elemental	Dagger Isle	DI	playerNDeck	Evil Twin			M	1	3	0		G											+3 Vitality to all your Creatures bribable by Babes when the Supermodeloid is in play.		
DI_VensuniInfernoSwarmElementalElementRare1.png	Vensuni Inferno Swarm	fpg-guardians/dagger-isle/FpgGuardians-DaggerIsle-VensuniInfernoSwarm.png	default	elemental	Dagger Isle	DI	playerNDeck	Element			L	6	14	4							Y						11-pt AOE fire attack. Discard your entire combat hand when the Swarm is used as a Command Card.		
DN_AngelofRighteousnessElementalCreatureC1.png	Angel of Righteousness	fpg-guardians/drifters-nexus/FpgGuardians-DriftersNexus-AngelOfRighteousness.png	default	elemental	Drifter's Nexus	DN	playerNDeck	Angel		F	M	8		1													+3 Vitality for each bribery icon on the Angel's match-up opponent.		
DN_BaezhuOverlordofTwistedWaysElementalCreatureC4.png	Baezhu, Overlord of Twisted Ways	fpg-guardians/drifters-nexus/FpgGuardians-DriftersNexus-BaezhuOverlordOfTwistedWays.png	default	elemental	Drifter's Nexus	DN	playerNDeck	Element			L	2		2			B				Y						For the remainder of combat, the disputed land space being fought upon is considered to be Spires.		
DN_BobSnappingGobElementalCreatureR4.png	Bob, Snapping Gob	fpg-guardians/drifters-nexus/FpgGuardians-DriftersNexus-BobSnappingGob.png	default	elemental	Drifter's Nexus	DN	playerNDeck	Gob			S	3		0	L												Destroys Mortals when used as a secondary attacker.		
DN_DemorgantheInciterElementalCreatureR2.png	Demorgan the Inciter	fpg-guardians/drifters-nexus/FpgGuardians-DriftersNexus-DemorganTheInciter.png	default	elemental	Drifter's Nexus	DN	playerNDeck	Disciple of Entropy		F	L	6	11	4			B										When played as a primary attacker, add 2d6 to the Inciter's Vitality.		
DN_GarudaKahnFirstDiscipleElementalCreatureR4.png	Garuda Kahn, First Disciple	fpg-guardians/drifters-nexus/FpgGuardians-DriftersNexus-GarudaKahnFirstDisciple.png	default	elemental	Drifter's Nexus	DN	playerNDeck	Disciple of Entropy		F	L	9	11	2			B										Garuda gains 1d6 Vitality for every other Disciple that is in play.		
DN_GnorgOverlordofSwampsElementalCreatureU2.png	Gnorg, Overlord of Swamps	fpg-guardians/drifters-nexus/FpgGuardians-DriftersNexus-GnorgOverlordOfSwamps.png	default	elemental	Drifter's Nexus	DN	playerNDeck	Element			L	6		1			B				Y						For the remainder of combat, the disputed land space being fought upon is considered to be Swamps.		
DN_InitiateofEntropyElementalCreatureU4.png	Initiate of Entropy	fpg-guardians/drifters-nexus/FpgGuardians-DriftersNexus-InitiateOfEntropy.png	default	elemental	Drifter's Nexus	DN	playerNDeck	Disciple of Entropy			M	2	5	1			B	C									When played as a primary attacker, add 1d6 to the Initiate's Vitality.		
DN_IxOverlordoftheWatersElementalCreatureC3.png	Ix, Overlord of the Waters	fpg-guardians/drifters-nexus/FpgGuardians-DriftersNexus-IxOverlordOfTheWaters.png	default	elemental	Drifter's Nexus	DN	playerNDeck	Element			L	5		1			B				Y						For the remainder of combat, the disputed land space being fought upon is considered to be Rivers and Lakes.		
DN_MedicineManElementalCreatureC3.png	Medicine Man	fpg-guardians/drifters-nexus/FpgGuardians-DriftersNexus-MedicineMan.png	default	elemental	Drifter's Nexus	DN	playerNDeck	Spirit			M	3		0				C			Y						All of your Spirits at +2 Vitality.		
DN_MenduSadatheHavocElementalCreatureR4.png	Mendu Sada, the Havoc	fpg-guardians/drifters-nexus/FpgGuardians-DriftersNexus-MenduSadaTheHavoc.png	default	elemental	Drifter's Nexus	DN	playerNDeck	Disciple of Entropy			L	11		0			B										1d6 AOE fear attack. On a roll of 6, there is no effect.		
DN_MuKirAgavatiSecondDiscipleElementalCreatureU3.png	Mu Kir' Agavati, Second Disciple	fpg-guardians/drifters-nexus/FpgGuardians-DriftersNexus-MuKirAgavatiSecondDisciple.png	default	elemental	Drifter's Nexus	DN	playerNDeck	Disciple of Entropy			S	4		1			B	C									While Mu Kir' is in play, you may reroll any 1d6 one time.		
DN_NobRapiciousGobElementalCreatureR4.png	Nob, Rapicious Gob	fpg-guardians/drifters-nexus/FpgGuardians-DriftersNexus-NobRapiciousGob.png	default	elemental	Drifter's Nexus	DN	playerNDeck	Gob			S	3		0			B										Destroys Elementals when used as a secondary attacker.		
DN_OrellaoftheMistElementalCreatureR2.png	Orella of the Mist	fpg-guardians/drifters-nexus/FpgGuardians-DriftersNexus-OrellaOfTheMist.png	default	elemental	Drifter's Nexus	DN	playerNDeck	Disciple of Entropy			M	4	7	1		G		C									Roll 1d6. Destroys (1-2 = Elementals, 3-4 = Externals, 5-6 = Mortals).  No modification to this match-up after the roll.		
DN_ReyOverlordofTreesElementalCreatureC1.png	Rey, Overlord of Trees	fpg-guardians/drifters-nexus/FpgGuardians-DriftersNexus-ReyOverlordOfTrees.png	default	elemental	Drifter's Nexus	DN	playerNDeck	Element			L	4		2			B				Y						For the remainder of combat, the disputed land space being fought upon is considered to be Woods. No ranged attacks allowed.		
DN_ShinChiosThirdDiscipleElementalCreatureR2.png	Shin Chios, Third Disciple	fpg-guardians/drifters-nexus/FpgGuardians-DriftersNexus-ShinChiosThirdDisciple.png	default	elemental	Drifter's Nexus	DN	playerNDeck	Disciple of Entropy		F	M	4		0		G		C									When Shin is your primary match-up Creature, you may play any card from your Combat Hand as an Unchallenged Card in melee. Shin gains that Creature's text box.		
DN_SlorOverlordoftheWastesElementalCreatureU4.png	Slor, Overlord of the Wastes	fpg-guardians/drifters-nexus/FpgGuardians-DriftersNexus-SlorOverlordOfTheWastes.png	default	elemental	Drifter's Nexus	DN	playerNDeck	Element			L	5		2			B				Y						For the remainder of combat, the disputed land space being fought upon is considered to be The Dry Heaps.		
DN_UrasOverlordofMountainsElementalCreatureC3.png	Uras, Overlord of Mountains	fpg-guardians/drifters-nexus/FpgGuardians-DriftersNexus-UrasOverlordOfMountains.png	default	elemental	Drifter's Nexus	DN	playerNDeck	Element			L	2		2			B	C			Y						For the remainder of combat, the disputed land space being fought upon is considered to be Mountains.		
DN_VikiaTsoShanLuElementalCreatureR3.png	Vikia Tso'Shan'Lu	fpg-guardians/drifters-nexus/FpgGuardians-DriftersNexus-VikiaTsoShanLu.png	default	elemental	Drifter's Nexus	DN	playerNDeck	Disciple of Entropy			M	4		0		G		C									If Vikia beats her primary match-up opponent, roll 1d6. On a 3+, you may immediately pull a random card from your opponent's Combat Hand. The card you picked in now an Unchallenged Card in melee.		
DN_XazThiefofTwilightElementalCreatureR4.png	Xaz, Thief of Twilight	fpg-guardians/drifters-nexus/FpgGuardians-DriftersNexus-XazThiefOfTwilight.png	default	elemental	Drifter's Nexus	DN	playerNDeck	Disciple of Entropy			M	6		0		G											When Xaz is used as a primary attacker, roll 1d6.  On a 3+, Xaz gains the text box of her match-up opponent and that Creature loses its text box power.		
DN_ZobGurglingGobElementalCreatureR4.png	Zob, Gurgling Gob	fpg-guardians/drifters-nexus/FpgGuardians-DriftersNexus-ZobGurglingGob.png	default	elemental	Drifter's Nexus	DN	playerNDeck	Gob			S	3		0		G											Destroys Externals when used as a secondary attacker.		
NP_BaChoombaElementalCreatureCommon2.png	Ba Choomba	fpg-guardians/necropolis-park/FpgGuardians-NecropolisPark-BaChoomba.png	default	elemental	Necropolis Park	NP	playerNDeck	Saurian/Blood Spear			L	22		11	L												If the Ba Choomba loses a primary match-up, your Command Card is destroyed, if it is a Creature.		
NP_BellaretThirdCalledElementalCreatureUncom1.png	Bellaret, Third Called	fpg-guardians/necropolis-park/FpgGuardians-NecropolisPark-BellaretThirdCalled.png	default	elemental	Necropolis Park	NP	playerNDeck	Traithe			M	4		1						2							2 pt. ranged attack. Add the sum of the unmodified point values of any other ranged attacks already played on this match-up to Bellaret's ranged attack.		
NP_DachasSupremeLeaderElementalCreatureUncom1.png	Dachas, Supreme Leader	fpg-guardians/necropolis-park/FpgGuardians-NecropolisPark-DachasSupremeLeader.png	default	elemental	Necropolis Park	NP	playerNDeck	Saurian/Law Speaker			M	5		0	L						Y						All Creatures in your Combat Hand gain immunity to AOE's, including AOE's from your opponent's Command Card.		
NP_DoogoptheGreedyElementalCreatureCommon2.png	Doogop, the Greedy	fpg-guardians/necropolis-park/FpgGuardians-NecropolisPark-DoogopTheGreedy.png	default	elemental	Necropolis Park	NP	playerNDeck	Devil		F	S	6		0	L	G											+1 Vitality to each of your other Creatures for each of their Bribery icons while Doogop is in play.		
NP_DrizzleBonetheHackElementalCreatureUncom1.png	Drizzle Bone the Hack	fpg-guardians/necropolis-park/FpgGuardians-NecropolisPark-DrizzleBoneTheHack.png	default	elemental	Necropolis Park	NP	playerNDeck	Demon			S	8		0	L												Ranged Attack - If your primary match-up Creature wins this match-up, your opponent's primary match up Creature is destroyed.		
NP_GehrundFieldMarshalElementalCreatureUncom1.png	Gehrund, Field Marshal	fpg-guardians/necropolis-park/FpgGuardians-NecropolisPark-GehrundFieldMarshal.png	default	elemental	Necropolis Park	NP	playerNDeck	Saurian/Blood Spear			M	3		1		G					Y						Spend 1 stone to force your opponent to take any Creatures from beneath his Stronghold cards or Upgrades and place them in his Creature Pen before primary attacks.+1 in the Jungle		
NP_GorcooElementalCreatureCommon2.png	Gorcoo	fpg-guardians/necropolis-park/FpgGuardians-NecropolisPark-Gorcoo.png	default	elemental	Necropolis Park	NP	playerNDeck	Saurian/Night Spear			M	2		0		G											Ranged attack - Causes your current Saurian match-up Creature to gain its Off-color bonus if it did not already get it.		
NP_GuardianAngelElementalCreatureUncom3.png	Guardian Angel	fpg-guardians/necropolis-park/FpgGuardians-NecropolisPark-GuardianAngel.png	default	elemental	Necropolis Park	NP	playerNDeck	Angel		F	M	5		0							Y						During primary match-ups, you may return any of your beaten Creatures to your Creature Pen before the next primary match-up begins for 1 Power Stone per creature.		
NP_JimanduElementalCreatureCommon2.png	Jimandu	fpg-guardians/necropolis-park/FpgGuardians-NecropolisPark-Jimandu.png	default	elemental	Necropolis Park	NP	playerNDeck	Saurian/Blood Spear			L	10		2			B										+1 Vitality for each primary match-up which has occurred in this combat so far.		
NP_JinshadeSecondCalledElementalCreatureUncom3.png	Jinshade, Second Called	fpg-guardians/necropolis-park/FpgGuardians-NecropolisPark-JinshadeSecondCalled.png	default	elemental	Necropolis Park	NP	playerNDeck	Traithe			M	6		2						3							3 pt. ranged attack. Add the sum of the unmodified point values of any other ranged attacks already played on this match-up to Jinshade's ranged attack.		
NP_JoomjabaElementalCreatureUncom3.png	Joomjaba	fpg-guardians/necropolis-park/FpgGuardians-NecropolisPark-Joomjaba.png	default	elemental	Necropolis Park	NP	playerNDeck	Saurina/Blood Spear			M	5		0			B										When used as a secondary attacker, the Joomjaba destroys Large Creatures.		
NP_MocodabiElementalCreatureCommon2.png	Mocodabi	fpg-guardians/necropolis-park/FpgGuardians-NecropolisPark-Mocodabi.png	default	elemental	Necropolis Park	NP	playerNDeck	Saurian/Night Spear			L	5		0							Y						Opponent must discard any 1 Medium-sized Creature of his choice from his Combat Hand before primary attacks.		
NP_NoknagaElementalCreatureCommon2.png	Noknaga	fpg-guardians/necropolis-park/FpgGuardians-NecropolisPark-Noknaga.png	default	elemental	Necropolis Park	NP	playerNDeck	Saurian/Blood Spear			S	4		1			B										Immune to fear. +3 in the Jungle		
NP_RachurFieldMarshalElementalCreatureUncom1.png	Rachur, Field Marshal	fpg-guardians/necropolis-park/FpgGuardians-NecropolisPark-RachurFieldMarshal.png	default	elemental	Necropolis Park	NP	playerNDeck	Saurian/Still Watcher			M	4		1			B										When Rachur is in play and unbeaten, all of your other Creatures gain their Terrain bonuses, regardless of which Terrain they're fighting in.		
NP_SecaurisElementalCreatureCommon2.png	Secauris	fpg-guardians/necropolis-park/FpgGuardians-NecropolisPark-Secauris.png	default	elemental	Necropolis Park	NP	playerNDeck	Saurian/Night Spear			S	4		1			B			1							1 pt. ranged attack which also forces opponent to discard 1 Creature Magic Item on the space.		
NP_ShackzuFieldMarshalElementalCreatureUncom1.png	Shackzu, Field Marshal	fpg-guardians/necropolis-park/FpgGuardians-NecropolisPark-ShackzuFieldMarshal.png	default	elemental	Necropolis Park	NP	playerNDeck	Saurian/Night Spear			M	6		1		G											+1 Vitality to all your other Saurians when Shackzu is in play.+2 in the Jungle		
NP_TavinmoorFirstCalledElementalCreatureCommon2.png	Tavinmoor, First Called	fpg-guardians/necropolis-park/FpgGuardians-NecropolisPark-TavinmoorFirstCalled.png	default	elemental	Necropolis Park	NP	playerNDeck	Traithe			M	8		1						5							5 pt. ranged attack. Add the sum of the unmodified point values of any other ranged attacks already played on this match-up to Tavinmoor's ranged attack.		
RE_ArmsoftheEarthExternalUndeadRare2.png	Arms of the Earth	fpg-guardians/revised-edition/FpgGuardians-RevisedEdition-ArmsOfTheEarth.png	default	external	Revised Edition	RE	playerNDeck	Undead			L	6		0							Y						Randomly pick a card from your opponent's Combat Hand. That card and Arms of the Earth can't attack or count toward victory. Secondary attackers and attack either Creature freely.		
RE_BantamDrakeExternalDragonUncommon1.png	Bantam Drake	fpg-guardians/revised-edition/FpgGuardians-RevisedEdition-BantamDrake.png	default	external	Revised Edition	RE	playerNDeck	Dragon		F	M	8		1		G											+7 vs flying creatures.		
RE_BlackLungExternalCommon1.png	Black Lung	fpg-guardians/revised-edition/FpgGuardians-RevisedEdition-BlackLung.png	default	external	Revised Edition	RE	playerNDeck				M	14		6	L												+4 in rivers and lakes		
RE_BlackUnicornExternalUndeadRare2.png	Black Unicorn	fpg-guardians/revised-edition/FpgGuardians-RevisedEdition-BlackUnicorn.png	default	external	Revised Edition	RE	playerNDeck	Undead			L	13		0				C	2								Can only accept channeling from Guardians and eternal witch lords.		
RE_BlackthwaiteJumperExternalFairyUncommon1.png	Blackthwaite Jumper	fpg-guardians/revised-edition/FpgGuardians-RevisedEdition-BlackthwaiteJumper.png	default	external	Revised Edition	RE	playerNDeck	Fairy			S	1		0			B										Immune to AOE attacks.+1 in the woods		
RE_BoldMoldExternalMoldUncommon1.png	Bold Mold	fpg-guardians/revised-edition/FpgGuardians-RevisedEdition-BoldMold.png	default	external	Revised Edition	RE	playerNDeck	Mold			L	12		4			B										If Bold Mold beats opponent by more than the Vitality of his/her Command Card, your opponent's Command Card is destroyed.		
RE_BoneShamblerExternalUndeadRare2.png	Bone Shambler	fpg-guardians/revised-edition/FpgGuardians-RevisedEdition-BoneShambler.png	default	external	Revised Edition	RE	playerNDeck	Undead			M	3		0				C									Can accept up to 6 pts. of channeling.		
RE_BurrowingBargExternalCommon2.png	Burrowing Barg	fpg-guardians/revised-edition/FpgGuardians-RevisedEdition-BurrowingBarg.png	default	external	Revised Edition	RE	playerNDeck				M	8		2													+7 Vitality vs. Creatures defending in Strongholds.		
RE_CrookEndSnootExternalFairyCommon1.png	Crook End Snoot	fpg-guardians/revised-edition/FpgGuardians-RevisedEdition-CrookEndSnoot.png	default	external	Revised Edition	RE	playerNDeck	Fairy			S	2		4			B										If beaten by External or Elementals, Snoot is destroyed.		
RE_CrookEndSnooterExternalFairyUncommon1.png	Crook End Snooter	fpg-guardians/revised-edition/FpgGuardians-RevisedEdition-CrookEndSnooter.png	default	external	Revised Edition	RE	playerNDeck	Fairy			S	4		8			B										If beaten by External or Elementals, Snooter is destroyed.		
RE_CrystalFlashExternalunnamedRare2.png	Crystal Flash	fpg-guardians/revised-edition/FpgGuardians-RevisedEdition-CrystalFlash.png	default	external	Revised Edition	RE	playerNDeck			F	S	7		0													Immune to large creature		
RE_CyclopsExternalCommon1.png	Cyclops	fpg-guardians/revised-edition/FpgGuardians-RevisedEdition-Cyclops.png	default	external	Revised Edition	RE	playerNDeck				L	12		6			B										+1 in the mountains		
RE_DragonWingLordExternalDragonRare1.png	Dragon Wing Lord	fpg-guardians/revised-edition/FpgGuardians-RevisedEdition-DragonWingLord.png	default	external	Revised Edition	RE	playerNDeck	Dragon		F	L	19		0	L		B	C	1								5 pt. AOE fire breath. May only accept channeling from Guardian.		
RE_EmbryonicWitchExternalUndeadUncommon2.png	Embryonic Witch	fpg-guardians/revised-edition/FpgGuardians-RevisedEdition-EmbryonicWitch.png	default	external	Revised Edition	RE	playerNDeck	Undead			M	1		0							Y						Win all pushes in match-ups.		
RE_EternalWitchLordExternalUndeadRare2.png	Eternal Witch Lord	fpg-guardians/revised-edition/FpgGuardians-RevisedEdition-EternalWitchLord.png	default	external	Revised Edition	RE	playerNDeck	Undead			M	17		0				C	2								Can only channel to Undead. Can heal one Undead for every creature your opponent lost in combat.		
RE_FemalePixieExternalPixieUncommon1.png	Female Pixie	fpg-guardians/revised-edition/FpgGuardians-RevisedEdition-FemalePixie.png	default	external	Revised Edition	RE	playerNDeck	Pixie			S	2		0		G											Immune to Externals.		
RE_FemaleTitanExternalTitanCommon1.png	Female Titan	fpg-guardians/revised-edition/FpgGuardians-RevisedEdition-FemaleTitan.png	default	external	Revised Edition	RE	playerNDeck	Titan			L	15		6		G											While face-up, the Titan can change size at will, even when Up-card. -2 Vitality when M sized; -4 when S sized.		
RE_GiantPenguinExternalCommon1.png	Giant Penguin	fpg-guardians/revised-edition/FpgGuardians-RevisedEdition-GiantPenguin.png	default	external	Revised Edition	RE	playerNDeck				L	16		8	L												+2 in rivers and lakes		
RE_GoldthwaiteJumperExternalFairyUncommon2.png	Goldthwaite Jumper	fpg-guardians/revised-edition/FpgGuardians-RevisedEdition-GoldthwaiteJumper.png	default	external	Revised Edition	RE	playerNDeck	Fairy			S	1		0			B										+1 Vitality when used as a secondary attacker.		
RE_GrandPhoobaSchneeExternalSchneeRare1.png	Grand Phooba Schnee	fpg-guardians/revised-edition/FpgGuardians-RevisedEdition-GrandPhoobaSchnee.png	default	external	Revised Edition	RE	playerNDeck	Schnee			S	5		0	L						Y						Your first match-up creature is +1, your second +2, etc.		
RE_GrimSkullExternalUndeadRare2.png	Grim Skull	fpg-guardians/revised-edition/FpgGuardians-RevisedEdition-GrimSkull.png	default	external	Revised Edition	RE	playerNDeck	Undead			S	2	4	0						3							3 pt. ranged attack. Can receive up to 3 pts. of channeling when used as a ranged attack.		
RE_GroupieExternalUncommon1.png	Groupie	fpg-guardians/revised-edition/FpgGuardians-RevisedEdition-Groupie.png	default	external	Revised Edition	RE	playerNDeck				M	2		0			B	C									Immune to Mortals.		
RE_HairdehobbinsExternalFairyCommon1.png	Hair-de-hobbins	fpg-guardians/revised-edition/FpgGuardians-RevisedEdition-HairDeHobbins.png	default	external	Revised Edition	RE	playerNDeck	Fairy			M	6		2		G											+3 in the woods		
RE_HumungusFungusExternalFungusRare1.png	Humungus Fungus	fpg-guardians/revised-edition/FpgGuardians-RevisedEdition-HumungusFungus.png	default	external	Revised Edition	RE	playerNDeck	Fungus			L	12		0													If Fungus wins a match-up, its opponent is destroyed. +2 in the Dry Heaps.		
RE_IronCragBagglerExternalFairyCommon1.png	Iron Crag Baggler	fpg-guardians/revised-edition/FpgGuardians-RevisedEdition-IronCragBaggler.png	default	external	Revised Edition	RE	playerNDeck	Fairy			S	4		0		G					Y						Dispel opponent's command card.+1 in the woods		
RE_IronCragBogglerExternalFairyCommon1.png	Iron Crag Boggler	fpg-guardians/revised-edition/FpgGuardians-RevisedEdition-IronCragBoggler.png	default	external	Revised Edition	RE	playerNDeck	Fairy			S	5		2		G											When played in a match-up, opponent must discard any Items travelling as Creatures on the space		
RE_IronCragBugglerExternalFairyCommon1.png	Iron Crag Buggler	fpg-guardians/revised-edition/FpgGuardians-RevisedEdition-IronCragBuggler.png	default	external	Revised Edition	RE	playerNDeck	Fairy			S	2		0		G					Y						Opponent can't use any ranged attacks in this combat.+1 in the woods		
RE_KikijubExternalunnamedUncommon1.png	Kikijub	fpg-guardians/revised-edition/FpgGuardians-RevisedEdition-Kikijub.png	default	external	Revised Edition	RE	playerNDeck				L	14		2													+9 in the mountains		
RE_KingofMystfallExternalFairyRare2.png	King of Mystfall	fpg-guardians/revised-edition/FpgGuardians-RevisedEdition-KingOfMystfall.png	default	external	Revised Edition	RE	playerNDeck	Fairy			S	8		0			B	C									+3 Vitality to all your Fairies played while the King is in play. +2 Vitality in Woods. Only one King per space per player.  (Errata: card says Brom.)		
RE_LakeSerpentExternalDragonRare2.png	Lake Serpent	fpg-guardians/revised-edition/FpgGuardians-RevisedEdition-LakeSerpent.png	default	external	Revised Edition	RE	playerNDeck	Dragon			L	17		0	L			C									4 pt. AOE fire breath.+3 in rivers and lakes		
RE_LeprechaunExternalCommon1.png	Leprechaun	fpg-guardians/revised-edition/FpgGuardians-RevisedEdition-Leprechaun.png	default	external	Revised Edition	RE	playerNDeck				S	3		0		G											If beaten by a large Creature, Leprechaun is returned to your Storage Hand at the end of Combat.		
RE_MalePixieExternalPixieCommon1.png	Male Pixie	fpg-guardians/revised-edition/FpgGuardians-RevisedEdition-MalePixie.png	default	external	Revised Edition	RE	playerNDeck	Pixie			S	2		0			B			2							2 pt. ranged attack that only works on Mortals.		
RE_MaleTitanExternalTitanUncommon2.png	Male Titan	fpg-guardians/revised-edition/FpgGuardians-RevisedEdition-MaleTitan.png	default	external	Revised Edition	RE	playerNDeck	Titan			L	17		7	L												While face-up, the Titan can change size at will, even when it's the Up-card; -2 Vitality when M sized; -4 Vitality when S sized.		
RE_MinataurExternalCommon1.png	Minataur	fpg-guardians/revised-edition/FpgGuardians-RevisedEdition-Minataur.png	default	external	Revised Edition	RE	playerNDeck				M	10		4		G											Both the Minataur and its opponent in melee don't count towards control of the space.+1 in Dry Heaps		
RE_OldMoldExternalMoldCommon1.png	Old Mold	fpg-guardians/revised-edition/FpgGuardians-RevisedEdition-OldMold.png	default	external	Revised Edition	RE	playerNDeck	Mold			L	3		1			B										Immune to fire and ranged attacks.+1 in the swamp		
RE_PhantomStalkerExternalUndeadRare2.png	Phantom Stalker	fpg-guardians/revised-edition/FpgGuardians-RevisedEdition-PhantomStalker.png	default	external	Revised Edition	RE	playerNDeck	Undead			M	14		2													When in your Combat Hand, the Stalker can switch places with any of your Undead creatures in a match up before the next match-up starts. First Creature returns to your Combat Hand. (Note: Combat Hand is errata.)		
RE_RikSookExternalWizardRare2.png	Rik'Sook	fpg-guardians/revised-edition/FpgGuardians-RevisedEdition-RikSook.png	default	external	Revised Edition	RE	playerNDeck	Wizard			M	5		0		G		C			Y						You can channel to any creature in match-up.		
RE_RockRatExternalRatRare1.png	Rock Rat	fpg-guardians/revised-edition/FpgGuardians-RevisedEdition-RockRat.png	default	external	Revised Edition	RE	playerNDeck	Rat			S	4		0		G				3							3 Pt. ranged attack that can only be used vs. non-flyers.		
RE_RotRatExternalRatCommon1.png	Rot Rat	fpg-guardians/revised-edition/FpgGuardians-RevisedEdition-RotRat.png	default	external	Revised Edition	RE	playerNDeck	Rat			S	2		0		G											+1 Vitality vs. all creatures affected by fear.		
RE_RogueSpecterExternalUndeadUncommon1.png	Rouge Spectre	fpg-guardians/revised-edition/FpgGuardians-RevisedEdition-RougeSpectre.png	default	external	Revised Edition	RE	playerNDeck	Undead			M	6		0													The Specter uses the off-color bonus of your previous match-up card (only applies vs. Mortals). The Specter also receives your previous card's terrain bonus.  One per Shield per player.		
RE_SchneebleExternalSchneeUncommon1.png	Schneeble	fpg-guardians/revised-edition/FpgGuardians-RevisedEdition-Schneeble.png	default	external	Revised Edition	RE	playerNDeck	Schnee			S	5		10	L												If Schneeble loses a match-up, it is destroyed.		
RE_ShadowofAshesExternalUndeadRare2.png	Shadow of Ashes	fpg-guardians/revised-edition/FpgGuardians-RevisedEdition-ShadowOfAshes.png	default	external	Revised Edition	RE	playerNDeck	Undead			M	12		1					3								Shadow of Ashes has a fire-based attack.		
RE_SkeletalMinionExternalUndeadCommon1.png	Skeletal Minion	fpg-guardians/revised-edition/FpgGuardians-RevisedEdition-SkeletalMinion.png	default	external	Revised Edition	RE	playerNDeck	Undead			M	5		1				C									If lost in combat, you can return the Skeletal Minion to your Storage Hand for one Power Stone.		
RE_SlipperySlimeExternalRare2.png	Slippery Slime	fpg-guardians/revised-edition/FpgGuardians-RevisedEdition-SlipperySlime.png	default	external	Revised Edition	RE	playerNDeck				L	4		0													When in the Combat Hand, the Slime can switch places with a Creature of yours that just lost a match-up.  Creature that lost returns to your Combat Hand.		
RE_SphinxExternalUncommon1.png	Sphinx	fpg-guardians/revised-edition/FpgGuardians-RevisedEdition-Sphinx.png	default	external	Revised Edition	RE	playerNDeck				M	5		0			B				Y						After both sides have picked (but not shown) match-up cards, opponent must guess the border color. If wrong, your creature gets +3 Vitality.		
RE_TinyFlyingFungusExternalFungusCommon1.png	Tiny Flying Fungus	fpg-guardians/revised-edition/FpgGuardians-RevisedEdition-TinyFlyingFungus.png	default	external	Revised Edition	RE	playerNDeck	Fungus		F	S	4	5	0						2							2 pt. ranged attack		
RE_ValkyrieSpiritExternalunnamedRare2.png	Valkyrie Spirit	fpg-guardians/revised-edition/FpgGuardians-RevisedEdition-ValkyrieSpirit.png	default	external	Revised Edition	RE	playerNDeck				M	7		0		G			3								Can channel to Knights only - even to Knights that normally cannot accept channeling.		
RE_VampireExternalUndeadCommon1.png	Vampire	fpg-guardians/revised-edition/FpgGuardians-RevisedEdition-Vampire.png	default	external	Revised Edition	RE	playerNDeck	Undead			M	9		3													If Vampire beats an oppoent who has accepted channeling in this combat, your opponent loses 2 Power Stones.		
RE_VampireLordExternalUndeadRare2.png	Vampire Lord	fpg-guardians/revised-edition/FpgGuardians-RevisedEdition-VampireLord.png	default	external	Revised Edition	RE	playerNDeck	Undead			M	12		3													If Vampire Lord beats an opponent who has accepted channeling in this combat, opponent loses 2 Power Stones. All your Vampires are +3 Vitality when Vampire Lord is in play.		
RE_WailingSpecterExternalUndeadUncommon1.png	Wailing Specter	fpg-guardians/revised-edition/FpgGuardians-RevisedEdition-WailingSpecter.png	default	external	Revised Edition	RE	playerNDeck	Undead			M	8		0							Y						4 pt. AOE fear attack.		
RE_WaterNymphExternalNymphCommon2.png	Water Nymph	fpg-guardians/revised-edition/FpgGuardians-RevisedEdition-WaterNymph.png	default	external	Revised Edition	RE	playerNDeck	Nymph			M	7		2		G											+3 in rivers and lakes		
RE_WhiteUnicornExternalUnicornRare1.png	White Unicorn	fpg-guardians/revised-edition/FpgGuardians-RevisedEdition-WhiteUnicorn.png	default	external	Revised Edition	RE	playerNDeck	Unicorn			M	7	10	0													Destroys Undead, Demons, Devils and Black Unicorns.		
RE_WildNymphExternalNymphCommon1.png	Wild Nymph	fpg-guardians/revised-edition/FpgGuardians-RevisedEdition-WildNymph.png	default	external	Revised Edition	RE	playerNDeck	Nymph			S	4		1		G		C									+1 in the woods		
RE_WillotheWispExternalFairyUncommon1.png	Will'o the Wisp	fpg-guardians/revised-edition/FpgGuardians-RevisedEdition-WilloTheWisp.png	default	external	Revised Edition	RE	playerNDeck	Fairy			S	4	7	0				C		4							4 pt. ranged attack		
RE_WinterseedsMaidenExternalFairyUncommon1.png	Winterseed's Maiden	fpg-guardians/revised-edition/FpgGuardians-RevisedEdition-WinterseedsMaiden.png	default	external	Revised Edition	RE	playerNDeck	Fairy			S	6	7	0		G			3								Can channel to Fairies only -- even to Fairies that normally cannot accept channeling.		
RE_WinterseedsMistressExternalFairyUncommon1.png	Winterseed's Mistress	fpg-guardians/revised-edition/FpgGuardians-RevisedEdition-WinterseedsMistress.png	default	external	Revised Edition	RE	playerNDeck	Fairy			S	5		0		G		C	2								Can channel to Fairies only -- even to Fairies that normally cannot accept channeling.		
RE_WoodNymphExternalNymphCommon1.png	Wood Nymph	fpg-guardians/revised-edition/FpgGuardians-RevisedEdition-WoodNymph.png	default	external	Revised Edition	RE	playerNDeck	Nymph			M	8		3													'+3 in the woods		
RE_WraithExternalUndeadRare2.png	Wraith	fpg-guardians/revised-edition/FpgGuardians-RevisedEdition-Wraith.png	default	external	Revised Edition	RE	playerNDeck	Undead			M	8		0				C									Can accept up to 16 pts. of channeling. +5 Vitality Vs. Creatures defending in Strongholds.		
RE_ZombieExternalUndeadUncommon1.png	Zombie	fpg-guardians/revised-edition/FpgGuardians-RevisedEdition-Zombie.png	default	external	Revised Edition	RE	playerNDeck	Undead			M	7		2				C									The arcane mutterings of the twisted, spawn the animated filth that walk the hidden ways.		
DI_BarrowWightExternalUndeadCommon3.png	Barrow Wight	fpg-guardians/dagger-isle/FpgGuardians-DaggerIsle-BarrowWight.png	default	external	Dagger Isle	DI	playerNDeck	Undead			M	8		2													The Barrow Wight is +4 Vitality when it is a secondary attacker.		
DI_BoneFrightExternalUndeadRare3.png	Bone Fright	fpg-guardians/dagger-isle/FpgGuardians-DaggerIsle-BoneFright.png	default	external	Dagger Isle	DI	playerNDeck	Undead			L	7		2													Opponent must use all ranged attacks possible against it		
DI_BusterScrimboExternalWandererCommon3.png	Buster Scrimbo	fpg-guardians/dagger-isle/FpgGuardians-DaggerIsle-BusterScrimbo.png	default	external	Dagger Isle	DI	playerNDeck	Wanderer			M	4		2			B										If Buster is your Up-card before cards are drawn in the Draw and Organize Phase, draw 1 additional card.		
DI_CactusMcFingersExternalWandererCommon2.png	Cactus McFingers	fpg-guardians/dagger-isle/FpgGuardians-DaggerIsle-CactusMcFingers.png	default	external	Dagger Isle	DI	playerNDeck	Wanderer			M	4		1	L						Y						If McFingers is alive after combat and you won control of the space, you may play a Terrain card under this Shield immediately, removing any Terrain card that your opponent may have had there first.		
DI_ElandarMightyWizardExternalWandererRare1.png	Elandar, Mighty Wizard	fpg-guardians/dagger-isle/FpgGuardians-DaggerIsle-ElandarMightyWizard.png	default	external	Dagger Isle	DI	playerNDeck	Wanderer			M	6		0		G					Y						Blanks out all Creature text boxes		
DI_GreatHornedTrollExternalTrollRare3.png	Great Horned Troll	fpg-guardians/dagger-isle/FpgGuardians-DaggerIsle-GreatHornedTroll.png	default	external	Dagger Isle	DI	playerNDeck	Troll			L	9		0		G					Y						When you are defending a space, your opponent must retreat, pay 1 Power Stone or discard two cards from his/her Storage Depot before primary attacks.		
DI_GreenMissyExternalFairyCommon4.png	Green Missy	fpg-guardians/dagger-isle/FpgGuardians-DaggerIsle-GreenMissy.png	default	external	Dagger Isle	DI	playerNDeck	Fairy			M	6		2		G											+3 in the swamp		
DI_GrottoTrollExternalTrollCommon3.png	Grotto Troll	fpg-guardians/dagger-isle/FpgGuardians-DaggerIsle-GrottoTroll.png	default	external	Dagger Isle	DI	playerNDeck	Troll			M	3		0			B				Y						All of your Creatures are +2 Vitality while fighting in Rivers and Lakes.		
DI_HalaToasisDragonExternalDragonRare2.png	Hal, a Tosis Dragon	fpg-guardians/dagger-isle/FpgGuardians-DaggerIsle-HalATosisDragon.png	default	external	Dagger Isle	DI	playerNDeck	Dragon		F	L	9		1	L		B	C			Y						During primary attacks, if an opponent's Creature wins a macth-up by less than 5 Vitality, both match-up cards are destroyed.		
DI_HowlingReaverExternalUndeadCommon2.png	Howling Reaver	fpg-guardians/dagger-isle/FpgGuardians-DaggerIsle-HowlingReaver.png	default	external	Dagger Isle	DI	playerNDeck	Undead			M	5		1													If the Howling Reaver beats an opponent as a primary attacker, your opponent must discard one random card from his/her Creature pen.		
DI_JamboSlickSmugglerExternalWandererCommon1.png	Jambo Slick, Smuggler	fpg-guardians/dagger-isle/FpgGuardians-DaggerIsle-JamboSlickSmuggler.png	default	external	Dagger Isle	DI	playerNDeck	Wanderer			M	4		1	L	G	B				Y						Immediately pull any one Bribery card from your Discard pile, reveal it, and add it to your Storage Depot.		
DI_JamchopstheTraderExternalWandererCommon3.png	Jamchops the Trader	fpg-guardians/dagger-isle/FpgGuardians-DaggerIsle-JamchopsTheTrader.png	default	external	Dagger Isle	DI	playerNDeck	Wanderer			M	4		0	L	G	B				Y						Any Bribery card you play works vs. any bribable Creature.		
DI_JonstollotheSeekerExternalWandererCommon4.png	Jonstollo the Seeker	fpg-guardians/dagger-isle/FpgGuardians-DaggerIsle-JonstolloTheSeeker.png	default	external	Dagger Isle	DI	playerNDeck	Wanderer			M	7		3			B										When the Seeker is your Up-Card, you may immediately look through your draw deck and pick any other card as your Up-Card. Discard the Seeker. Reshuffle your deck.		
DI_LandDrakeExternalDragonRare3.png	Land Drake	fpg-guardians/dagger-isle/FpgGuardians-DaggerIsle-LandDrake.png	default	external	Dagger Isle	DI	playerNDeck	Dragon			L	18		5	L												3 point AOE Fire breath.		
DI_LowlandTrollExternalTrollCommon2.png	Lowland Troll	fpg-guardians/dagger-isle/FpgGuardians-DaggerIsle-LowlandTroll.png	default	external	Dagger Isle	DI	playerNDeck	Troll			L	8		0	L												+3 Vitality when your Shield is attacking.		
DI_OldGumperExternalFairyCommon4.png	Old Gumper	fpg-guardians/dagger-isle/FpgGuardians-DaggerIsle-OldGumper.png	default	external	Dagger Isle	DI	playerNDeck	Fairy			S	3		1			B										Your opponent gets no off-color bonuses vs. your Externals while Gumper is in play.		
DI_RazorShiefaExternalSliphCommon4.png	Razor Shiefa	fpg-guardians/dagger-isle/FpgGuardians-DaggerIsle-RazorShiefa.png	default	external	Dagger Isle	DI	playerNDeck	Sliph			M	7		1		G											+4 in the Spires		
DI_RazorSliphExternalSliphRare3.png	Razor Sliph	fpg-guardians/dagger-isle/FpgGuardians-DaggerIsle-RazorSliph.png	default	external	Dagger Isle	DI	playerNDeck	Sliph			M	5		0			B										+3 in the Spires		
DI_SchneeboltExternalSchneeCommon2.png	Schneebolt	fpg-guardians/dagger-isle/FpgGuardians-DaggerIsle-Schneebolt.png	default	external	Dagger Isle	DI	playerNDeck	Schnee			S	3		0			B										Ranged attack - Cancels an opponent's ranged attack.		
DI_ShadruneExternalUndeadRare3.png	Shadrune	fpg-guardians/dagger-isle/FpgGuardians-DaggerIsle-Shadrune.png	default	external	Dagger Isle	DI	playerNDeck	Undead			M	9		0													If beaten by in a match-up by a Creature who can accept channeling, your opponent loses 1 Power Stone.		
DI_SlimwitManExternalWandererRare2.png	Slimwit Man	fpg-guardians/dagger-isle/FpgGuardians-DaggerIsle-SlimwitMan.png	default	external	Dagger Isle	DI	playerNDeck	Wanderer			M	3		0	L						Y						Opponent must chose to retreat now or fight.  If opponent stays, all opponent's Creatures are +2 Vitality. If you win the combat, all of your opponent's Creatures under that Shield are destroyed.		
DI_StarlingDoddBoysExternalFairyCommon3.png	Starling Dodd Boys	fpg-guardians/dagger-isle/FpgGuardians-DaggerIsle-StarlingDoddBoys.png	default	external	Dagger Isle	DI	playerNDeck	Fairy			S	4		2		G											All of your Fairies bypass your opponent's Stronghold Vitality bonus while the Dodd Boys are in play.		
DI_ValleyTrollExternalTrollCommon4.png	Valley Troll	fpg-guardians/dagger-isle/FpgGuardians-DaggerIsle-ValleyTroll.png	default	external	Dagger Isle	DI	playerNDeck	Troll			S	3		2		G											Immune to fear.		
DN_BarnacleBazuleeExternalCreatureR4.png	Barnacle Bazulee'	fpg-guardians/drifters-nexus/FpgGuardians-DriftersNexus-BarnacleBazulee.png	default	external	Drifter's Nexus	DN	playerNDeck	Wanderer			S	3		1		G											+2 Vitality to all your Creatures which have a Rivers and Lakes Terrain bonus, while Barnacle is in play.		
DN_CaptainSouthAmericaExternalCreatureR1.png	Captain South America	fpg-guardians/drifters-nexus/FpgGuardians-DriftersNexus-CaptainSouthAmerica.png	default	external	Drifter's Nexus	DN	playerNDeck	O-Men			M	1	10	1	L	G	B										When the Captain is played as a primary attacker, add your Shield's Up-card number to the Captain's Base Vitality.		
DN_CraturHobbsExternalCreatureU2.png	Cratur Hobbs	fpg-guardians/drifters-nexus/FpgGuardians-DriftersNexus-CraturHobbs.png	default	external	Drifter's Nexus	DN	playerNDeck	Wanderer			M	4		0	L	G	B				Y						You may bribe any 1 bribable Creature during combat by discarding one Item from your Storage Hand.		
DN_DelilahRangoonExternalCreatureC1.png	Delilah Rangoon	fpg-guardians/drifters-nexus/FpgGuardians-DriftersNexus-DelilahRangoon.png	default	external	Drifter's Nexus	DN	playerNDeck	Wanderer			M	6		2		G											When used as a primary attacker vs. a Mortal, the initial result is a push.		
DN_DisgruntledPostalWorkerExternalCreatureU2.png	Disgruntled Postal Worker	fpg-guardians/drifters-nexus/FpgGuardians-DriftersNexus-DisgruntledPostalWorker.png	default	external	Drifter's Nexus	DN	playerNDeck	Wanderer			M	6		0			B										If Postal Worker beats its primary match-up opponent, return Postal Worker to your Combat Hand. Opponent Creature remains as an Unchallenged Card in melee.		
DN_HandlesORourkeExternalCreatureR1.png	Handles O'Rourke	fpg-guardians/drifters-nexus/FpgGuardians-DriftersNexus-HandlesORourke.png	default	external	Drifter's Nexus	DN	playerNDeck	Wanderer			M	6		0	L						Y						Can fire 3 pt. Ranged attacks into any primary match-up for 1 power stone per shot.		
DN_KarnistheTransenderExternalCreatureU2.png	Karnis the Transcender	fpg-guardians/drifters-nexus/FpgGuardians-DriftersNexus-KarnisTheTranscender.png	default	external	Drifter's Nexus	DN	playerNDeck	Wanderer			M	8		2		G		C									While Karnis is in play and unbeaten, all d6 rolls are reduced to a 1.		
DN_LongshotLouieExternalCreatureU3.png	Longshot Louie	fpg-guardians/drifters-nexus/FpgGuardians-DriftersNexus-LongshotLouie.png	default	external	Drifter's Nexus	DN	playerNDeck	Wanderer			M	7		2	L	G	B	C									Ranged attack - destroys any non-Guardian Creature which has just channeled and cancels that channel.		
DN_RandyCreekRegularsExternalCreatureR1.png	Randy Creek Regulars	fpg-guardians/drifters-nexus/FpgGuardians-DriftersNexus-RandyCreekRegulars.png	default	external	Drifter's Nexus	DN	playerNDeck	Fairy		F	S	6		0			B				Y						All your Fairies are channel receivers this combat and can take up to Guardians CMP; one per space per player		
DN_SlatchWillerExternalCreatureC3.png	Slatch Willer	fpg-guardians/drifters-nexus/FpgGuardians-DriftersNexus-SlatchWiller.png	default	external	Drifter's Nexus	DN	playerNDeck	Wanderer			M	5		1			B										For each Beer Bribery Card discarded from your Combat Hand, Slatch gains +5 Vitality.		
DN_TheAmazingCiderManExternalCreatureU1.png	The Amazing Cider-Man	fpg-guardians/drifters-nexus/FpgGuardians-DriftersNexus-TheAmazingCiderMan.png	default	external	Drifter's Nexus	DN	playerNDeck	O-Men			M	6		2			B										While Cider-Man is in play, all of your Creatures bribable by Beer gain +2 Vitality.		
DN_TigerBalooExternalCreatureC4.png	Tiger Baloo	fpg-guardians/drifters-nexus/FpgGuardians-DriftersNexus-TigerBaloo.png	default	external	Drifter's Nexus	DN	playerNDeck	Wanderer			M	8		1													+3 Vitality on a Face-down Terrain Card.		
DN_VesuviousRexExternalCreatureR3.png	Vesuvious Rex	fpg-guardians/drifters-nexus/FpgGuardians-DriftersNexus-VesuviousRex.png	default	external	Drifter's Nexus	DN	playerNDeck	Dragon		F	L	13		0	L			C									Immune to secondary attackers with Base Vitality 5 or less.		
DN_WhaleboneRickExternalCreatureU4.png	Whalebone Rick	fpg-guardians/drifters-nexus/FpgGuardians-DriftersNexus-WhaleboneRick.png	default	external	Drifter's Nexus	DN	playerNDeck	Wanderer			M	4		0		G											+3 Vitality for each Creature Item used as a Command Card in this combat.		
DN_WoodlandTrollExternalCreatureC4.png	Woodland Troll	fpg-guardians/drifters-nexus/FpgGuardians-DriftersNexus-WoodlandTroll.png	default	external	Drifter's Nexus	DN	playerNDeck	Troll			S	4		1	L												+4 Vitality for each Nymph you have in play.		
DN_WoolverineExternalCreatureC4.png	Woolverine	fpg-guardians/drifters-nexus/FpgGuardians-DriftersNexus-Woolverine.png	default	external	Drifter's Nexus	DN	playerNDeck	O-Men			M	6		2	L		B										While Woolverine is in play, your opponent must tell you the class of his Creatures in match-ups before you pick yours.		
NP_ChiefLectorPriestofSethosExternalCreatureUncom3.png	Chief Lector Priest of Sethos	fpg-guardians/necropolis-park/FpgGuardians-NecropolisPark-ChiefLectorPriestOfSethos.png	default	external	Necropolis Park	NP	playerNDeck	Undead			M	2		1							Y						Change the Creature Class of any of your Undead Creatures to one of your choice until the end of primary match-ups.		
NP_DeadCatsExternalCreatureCommon2.png	Dead Cats	fpg-guardians/necropolis-park/FpgGuardians-NecropolisPark-DeadCats.png	default	external	Necropolis Park	NP	playerNDeck	Undeal/Animal			S	3	5	0													When Dead Cats are in play and beaten, all of your Creatures gain +2 Vitality.		
NP_EateroftheDeadExternalCreatureCommon2.png	Eater of the Dead	fpg-guardians/necropolis-park/FpgGuardians-NecropolisPark-EaterOfTheDead.png	default	external	Necropolis Park	NP	playerNDeck	Undead			M	5		0			B				Y						All Creatures on both sides beaten during primary attacks are destroyed.		
NP_EvilBaronStonerExternalCreatureCommon2.png	Evil Baron Stoner	fpg-guardians/necropolis-park/FpgGuardians-NecropolisPark-EvilBaronStoner.png	default	external	Necropolis Park	NP	playerNDeck	Wanderer			M	3		0			B										The Baron adds his match-up opponent's Off-Color bonus to his Vitality.		
NP_FanBearerExternalCreatureCommon2.png	Fan Bearer	fpg-guardians/necropolis-park/FpgGuardians-NecropolisPark-FanBearer.png	default	external	Necropolis Park	NP	playerNDeck	Undead			M	4		1													If the Fan Bearer's primary match-up opponent is a Creature capable of flying, that Creature immediately returns to the Creature Pen.		
NP_FatbackChakExternalCreatureCommon1.png	Fatback Chak	fpg-guardians/necropolis-park/FpgGuardians-NecropolisPark-FatbackChak.png	default	external	Necropolis Park	NP	playerNDeck	Chak			L	8	7	0													No secondary attackers may be played on this match-up by either player.		
NP_GeldsparCourtMagicianExternalCreatureCommon2.png	Geldspar, Court Magician	fpg-guardians/necropolis-park/FpgGuardians-NecropolisPark-GeldsparCourtMagician.png	default	external	Necropolis Park	NP	playerNDeck	Wizard			M	4		1				C									While Geldspar is in play, your opponent may not play any Hand Magic Items.		
NP_GreenbackChakExternalCreatureCommon2.png	Greenback Chak	fpg-guardians/necropolis-park/FpgGuardians-NecropolisPark-GreenbackChak.png	default	external	Necropolis Park	NP	playerNDeck	Chak			M	3		1													Destroys Small creatures.		
NP_HighPriestofSethosExternalCreatureUncom1.png	High Priest of Sethos	fpg-guardians/necropolis-park/FpgGuardians-NecropolisPark-HighPriestOfSethos.png	default	external	Necropolis Park	NP	playerNDeck	Undead			M	5		0	L						Y						Both players must immediately discard all double-bordered cards.		
NP_HighPriestessofIsisExternalCreatureUncom3.png	High Priestess of Isis	fpg-guardians/necropolis-park/FpgGuardians-NecropolisPark-HighPriestessOfIsis.png	default	external	Necropolis Park	NP	playerNDeck	Undead			M	4		0		G		C			Y						Change the Creature Class of any of your opponent' Mortals to that of your choice during primary match-ups.		
NP_ImhotepVisierofDjoserExternalCreatureUncom1.png	Imhotep, Visier of Djoser	fpg-guardians/necropolis-park/FpgGuardians-NecropolisPark-ImhotepVisierOfDjoser.png	default	external	Necropolis Park	NP	playerNDeck	Undead			M	4		1													If Imhotep wins a primary match-up, you can take any one Accessory and put it in play next to your Guardian. If the Accessory is removed from play for any reason, the Accessory goes to your opponent's discard pile.		
NP_MoheidraMistressofSoulsExternalCreatureCommon2.png	Moheidra, Mistress of Souls	fpg-guardians/necropolis-park/FpgGuardians-NecropolisPark-MoheidraMistressOfSouls.png	default	external	Necropolis Park	NP	playerNDeck	Undead			M	0	4	0													Add the Base Vitality of you opponent's previous match-up Creature to Moheidra's Vitality.		
NP_MummyExternalCreatureCommon2.png	Mummy	fpg-guardians/necropolis-park/FpgGuardians-NecropolisPark-Mummy.png	default	external	Necropolis Park	NP	playerNDeck	Undead			M	7		0													Fear-based attack. During primary match-ups, if the Mummy beats a Creature which is affected by fear, that Creature is destroyed.		
NP_NubianSlaveGirlExternalCreatureCommon2.png	Nubian Slave Girl	fpg-guardians/necropolis-park/FpgGuardians-NecropolisPark-NubianSlaveGirl.png	default	external	Necropolis Park	NP	playerNDeck	Undead			M	2		0		G											When played in a primary match-up you may choose to have the Slave Girl distroyed, ending the match-up, and leaving her opponent as an Unchallenged Card in mellee. You may then add a Gold Bribery Card from your discard pile to your storage Depot. One per space, per player		
NP_PharaohDjoserExternalCreatureCommon2.png	Pharaoh Djoser	fpg-guardians/necropolis-park/FpgGuardians-NecropolisPark-PharaohDjoser.png	default	external	Necropolis Park	NP	playerNDeck	Undead			M	2		1							Y						No Spells may be played during this combat. This ability cannot be disspelled.		
NP_PlagueWalkerExternalCreatureCommon2.png	Plague Walker	fpg-guardians/necropolis-park/FpgGuardians-NecropolisPark-PlagueWalker.png	default	external	Necropolis Park	NP	playerNDeck	Undead			M	5		1			B										Fear-based attack. +2 to all fear-based attacks when Plague Walker is in play.		
NP_PreistofHorusExternalCreatureUncom1.png	Priest of Horus	fpg-guardians/necropolis-park/FpgGuardians-NecropolisPark-PriestOfHorus.png	default	external	Necropolis Park	NP	playerNDeck	Undead			M	5		0		G		C			Y						During any primary match-up, you may spend 1 Power Stone to empty the text box of your opponent's Creature. Doesn't affect ranged attacks.		
NP_PriestofSethosExternalCreatureUncom1.png	Priest of Sethos	fpg-guardians/necropolis-park/FpgGuardians-NecropolisPark-PriestOfSethos.png	default	external	Necropolis Park	NP	playerNDeck	Undead			M	3		1				C			Y						No Power Stones may be spent for channeling during this combat.		
NP_PriestessofIsisExternalCreatureCommon2.png	Priestess of Isis	fpg-guardians/necropolis-park/FpgGuardians-NecropolisPark-PriestessOfIsis.png	default	external	Necropolis Park	NP	playerNDeck	Undead			M	12		3													+1 Vitality for each single-bordered card in your Combat Hand when the Priestess is played.		
NP_SebekQueenofMagiciansExternalCreatureUncom1.png	Sebek, Queen of Magicians	fpg-guardians/necropolis-park/FpgGuardians-NecropolisPark-SebekQueenOfMagicians.png	default	external	Necropolis Park	NP	playerNDeck	Undead			M	6		0		G		C			Y						Immediately discard any one Spell from your Storage Hand to add any one Spell from your draw deck to your Storage Hand. Reshuffle your draw deck.		
NP_SlackbackChakExternalCreatureCommon2.png	Slackback Chak	fpg-guardians/necropolis-park/FpgGuardians-NecropolisPark-SlackbackChak.png	default	external	Necropolis Park	NP	playerNDeck	Chak			M	10		0													The Slackback must be beaten by 3 or more points of the result is a push.		
NP_SlimJabExternalCreatureCommon2.png	Slim Jab	fpg-guardians/necropolis-park/FpgGuardians-NecropolisPark-SlimJab.png	default	external	Necropolis Park	NP	playerNDeck	Saurian/Undead			S	3		1			B			1							1 pt. ranged attack that is only usable when fighting an External. Opponent must discard 1 double-bordered card when Slim Jab is used as a ranged attack.		
NP_TheibMasterofScribesExternalCreatureCommon2.png	Theib, Master of Scribes	fpg-guardians/necropolis-park/FpgGuardians-NecropolisPark-TheibMasterOfScribes.png	default	external	Necropolis Park	NP	playerNDeck	Undead			M	4		0	L						Y						If your opponent's Command Card is a Spell or Item, Theib gains that command ability and opponent's command Spell or Item is dispelled.		
RE_FinnSwampKingGuardianRare2.png	Finn, Swamp King	fpg-guardians/revised-edition/FpgGuardians-RevisedEdition-FinnSwampKing.png	default	guardian	Revised Edition	RE	playerNStarting					27							8			6	2	-1	0	1	During the Draw and Organize Phase, draw 1 extra card for each Swamp you control.		/ccgreen=6
RE_GaarInfluenceroftheMassesGuardianRare1.png	Gaar, Influencer of the Masses	fpg-guardians/revised-edition/FpgGuardians-RevisedEdition-GaarInfluencerOfTheMasses.png	default	guardian	Revised Edition	RE	playerNStarting					28							5			8	3	-1	1	1	For 2 Power Stones, you can channel 5 pts. to a Creature which is not a Channeling Receiver.		/ccgreen=8
RE_HarkinSpreaderoftheWealthGuardianRare2.png	Harkin, Spreader of the Wealth	fpg-guardians/revised-edition/FpgGuardians-RevisedEdition-HarkinSpreaderOfTheWealth.png	default	guardian	Revised Edition	RE	playerNStarting					29							6			10	3	-1	1	1	You may not repeatedly channel to the same Creature in combat. (Max 6 pts. to any one Creature.)		/ccgreen=10
RE_RakNamLeaderoftheMightyGuardianStarter.png	Rak Nam, Leader of the Mighty	fpg-guardians/revised-edition/FpgGuardians-RevisedEdition-RakNamLeaderOfTheMighty.png	default	guardian	Revised Edition	RE	playerNStarting					30							9			7	3	-1	1	1			/ccgreen=7
RE_SiinStealerofthePowerGuardianStarter.png	Siin, Stealer of the Power	fpg-guardians/revised-edition/FpgGuardians-RevisedEdition-SiinStealerOfThePower.png	default	guardian	Revised Edition	RE	playerNStarting					28							6			8	3	-1	1	1	After an opponent channels, you may cancel it for 2 Power Stones. No further channeling is allowed this combat by either combat		/ccgreen=8
RE_TesLetLeaderwithForesightGuardianStarter.png	Tes let, Leader with Foresight	fpg-guardians/revised-edition/FpgGuardians-RevisedEdition-TesLetLeaderWithForesight.png	default	guardian	Revised Edition	RE	playerNStarting					29							7			6	3	-1	1	1	You can choose not to take your Up-card as your first draw and instead draw from the deck.		/ccgreen=6
RE_ThakSteadyHandGuardianRare2.png	Thak, Steady Hand	fpg-guardians/revised-edition/FpgGuardians-RevisedEdition-ThakSteadyHand.png	default	guardian	Revised Edition	RE	playerNStarting					27							5			6	3	0	1	1	Slipping down the slope can be fatal to the weak of heart.		/ccgreen=6
RE_TookleLeaderoftheManyGuardianRare2.png	Tookle, Leader of the Many	fpg-guardians/revised-edition/FpgGuardians-RevisedEdition-TookleLeaderOfTheMany.png	default	guardian	Revised Edition	RE	playerNStarting					27							5			7	3	-1	1	1	Draw one extra card during the Draw and Organize Phase if your Up-card was a small Creature.		/ccgreen=7
DI_GrahzueLoverofViceGuardianRare3.png	Grahzue: Lover of Vice	fpg-guardians/dagger-isle/FpgGuardians-DaggerIsle-GrahzueLoverOfVice.png	default	guardian	Dagger Isle	DI	playerNStarting					29							6			8	3	-1	1	1	+1 Power Stone every time one of your creatures is bribed		/ccgreen=8
DI_PTalKeeperoftheBalanceGuardianRare2.png	P'Tal: Keeper of the Balance	fpg-guardians/dagger-isle/FpgGuardians-DaggerIsle-PTalKeeperOfTheBalance.png	default	guardian	Dagger Isle	DI	playerNStarting					26							6			5	3	-1	0	1	For 2 Power Stones, you may ignore your draw number for the turn and draw as many cards as an opponent of your choice.		/ccgreen=5
DN_SikuraPreceptorofProphetsGuardianR2.png	Sikura, Preceptor of  Prophets	fpg-guardians/drifters-nexus/FpgGuardians-DriftersNexus-SikuraPreceptorOfProphets.png	default	guardian	Drifter's Nexus	DN	playerNStarting					28							5			8	3	-1	1	1	Burn 2 Power Stones to dispell any Spell.		/ccgreen=8
DN_VekNadraMasterofDisciplesGuardianR2.png	Vek-Nadra, Master of Disciples	fpg-guardians/drifters-nexus/FpgGuardians-DriftersNexus-VekNadraMasterOfDisciples.png	default	guardian	Drifter's Nexus	DN	playerNStarting					28							6			7	2	0	0	0	During the Draw and Organize Phase, draw an extra card for each Shield you have in the disputed lands.		/ccgreen=7
NP_EisnmirMasterofPosessionsGuardianCommon1.png	Eisnmir, Master of Posessions	fpg-guardians/necropolis-park/FpgGuardians-NecropolisPark-EisnmirMasterOfPosessions.png	default	guardian	Necropolis Park	NP	playerNStarting					26							7			5	3	-1	0	1	Draw 1 card anytime an opponent uses a Magic Item. (Errata: Hand item, draw top face-down card.)		/ccgreen=5
NP_KHutekProtectoroftheFallenGuardianUncom2.png	K'Hutek, Protector of the Fallen	fpg-guardians/necropolis-park/FpgGuardians-NecropolisPark-KHutekProtectorOfTheFallen.png	default	guardian	Necropolis Park	NP	playerNStarting					28							7			7	2	0	0	0	During the Draw and Organize Phase, draw an extra card for each Shield you have lost from play during this game.		/ccgreen=7
NP_AncientTomeofDispansationMagicItemAccessoryCommon1.png	Ancient Tome of Dispansation	fpg-guardians/necropolis-park/FpgGuardians-NecropolisPark-AncientTomeOfDispansation.png	default	item/accessory	Necropolis Park	NP	playerNDeck					9															Play next to your Guardian. At the beginning of the Terrain Settlement Phase, you may remove any one of your cards currently in use as a Terrain from play and add it to your Storage Hand. Usable once per turn.		
NP_AnkhMagicItemAccessoryCommon2.png	Ankh	fpg-guardians/necropolis-park/FpgGuardians-NecropolisPark-Ankh.png	default	item/accessory	Necropolis Park	NP	playerNDeck					21															Play next to your Guardian. During the Terrain Settlement Phase, you may discard one card from your Storage Hand to add 1 to the number of cards you draw next turn. Usable once per turn.		
NP_FootlockerofConflagrationMagicItemAccessoryUncom2.png	Footlocker of Conflagration	fpg-guardians/necropolis-park/FpgGuardians-NecropolisPark-FootlockerOfConflagration.png	default	item/accessory	Necropolis Park	NP	playerNDeck					2															Play next to your Guardian. During the Draw and Organize Phase, but before drawing cards, you may spend 1 Stone to go through your draw deck and remove one Shield, which counts as one of your card draws. Reshuffle the draw deck afterward. Up-card remains.		
NP_GiftofIsisMagicItemAccessoryCommon2.png	Gift of Isis	fpg-guardians/necropolis-park/FpgGuardians-NecropolisPark-GiftOfIsis.png	default	item/accessory	Necropolis Park	NP	playerNDeck					21															Play next to your Guaridan. Your Guardian's CMP is incresed by 2 for as long as the Gift of Isis is in play. If a Gift of Isis is in play, no others may be played.		
NP_GiftofOsirusMagicItemAccessoryCommon2.png	Gift of Osirus	fpg-guardians/necropolis-park/FpgGuardians-NecropolisPark-GiftOfOsirus.png	default	item/accessory	Necropolis Park	NP	playerNDeck					21															Play next to your Guardian. Your Guardian is +3 Vitality for as long as the Gift of Osirus is in play. If a Gift of Osirus is in play, no others may be played.		
NP_HeliopolosTempleofReMagicItemAccessoryCommon2.png	Heliopolos, Temple of Re	fpg-guardians/necropolis-park/FpgGuardians-NecropolisPark-HeliopolosTempleOfRe.png	default	item/accessory	Necropolis Park	NP	playerNDeck					21															Play next to your Guardian. Place one token on the Temple each time one of your Creatures beats an Undead opponent in combat. You may remove a token from the Temple during any match-up to add 2 Vitality to your current match-up Creature.		
NP_ScarabofBountyMagicItemAccessoryUncom2.png	Scarab of Bounty	fpg-guardians/necropolis-park/FpgGuardians-NecropolisPark-ScarabOfBounty.png	default	item/accessory	Necropolis Park	NP	playerNDeck					21															Play next to your Guardian. +1 to your Guardian's LUC for as long as the Scarab is in play. If a Scarab of Bounty is in play, no others may be played. Costs 1 Stone to play.		
RE_AmuletofFlyingMagicItemCreatureUncommon1.png	Amulet of Flying	fpg-guardians/revised-edition/FpgGuardians-RevisedEdition-AmuletOfFlying.png	default	item/creature	Revised Edition	RE	playerNDeck					16															Allows any Creature to fly. If the Creature is lost, the Amulet is lost.		
RE_HeelsofSpeedMagicItemCreatureUncommon2.png	Heels of Speed	fpg-guardians/revised-edition/FpgGuardians-RevisedEdition-HeelsOfSpeed.png	default	item/creature	Revised Edition	RE	playerNDeck					5															Play any Creature as a Command Creature. That Creature attacks your opponent's Command Creature before his/her command ability works. If your Creature is killed, you lose the Heels.		
DI_PetrifiedHeartMagicItemCreatureCommon3.png	Petrified Heart	fpg-guardians/dagger-isle/FpgGuardians-DaggerIsle-PetrifiedHeart.png	default	item/creature	Dagger Isle	DI	playerNDeck					14															Allows one of your Creatures to use its Base Vitality for space limitation instead of its red Shield penalty number.		
DI_TheBlackEyeMagicItemCreatureRare3.png	The Black Eye	fpg-guardians/dagger-isle/FpgGuardians-DaggerIsle-TheBlackEye.png	default	item/creature	Dagger Isle	DI	playerNDeck					17															Allows all Pirates on this space to fly.		
DN_AltarofTakuliItemCreatureC4.png	Altar of Takuli	fpg-guardians/drifters-nexus/FpgGuardians-DriftersNexus-AltarOfTakuli.png	default	item/creature	Drifter's Nexus	DN	playerNDeck					14															Heal one creature (after combat) for 1 Power Stone.		
DN_BagpipesofFearItemCreatureU3.png	Bagpipes of Fear	fpg-guardians/drifters-nexus/FpgGuardians-DriftersNexus-BagpipesOfFear.png	default	item/creature	Drifter's Nexus	DN	playerNDeck					9															Play along with ANY Creature as a Command Creature. That Creature gains a 3 pt. AOE fear attack, but loses any other command ability it may have had.		
DN_DiscofSiinItemCreatureC3.png	Disc of Siin	fpg-guardians/drifters-nexus/FpgGuardians-DriftersNexus-DiscOfSiin.png	default	item/creature	Drifter's Nexus	DN	playerNDeck					6															Play as a Command Card. Roll 1d6. Your opponent can't channel against your first (1=no effect, 2=1, 3=2, 4=2, 5=3, 6=all) primary attacker(s).		
DN_MightyTikiGodItemCreatureU4.png	Mighty Tiki God	fpg-guardians/drifters-nexus/FpgGuardians-DriftersNexus-MightyTikiGod.png	default	item/creature	Drifter's Nexus	DN	playerNDeck					19															Play as Command Card. Add 1d6 to your current primary match-up Creature's Vitality for each Bribery Card you discard.		
DN_WheelofLawItemCreatureU4.png	Wheel of Law	fpg-guardians/drifters-nexus/FpgGuardians-DriftersNexus-WheelOfLaw.png	default	item/creature	Drifter's Nexus	DN	playerNDeck					13															Play as a Command Card. Both players must play their lowest Vitality Creature first, followed by the second lowest, etc.... Ranged attacks are allowed as normal.		
NP_VestibuleofKabodMagicItemCreatureUncom1.png	Vestibule of Kabod	fpg-guardians/necropolis-park/FpgGuardians-NecropolisPark-VestibuleOfKabod.png	default	item/creature	Necropolis Park	NP	playerNDeck					17															The vestibule allows you to ignore one small demon or devil from counting towards the space's Vitality limit. Limit 1 per space, per player		
RE_AnvilofHeavinessMagicItemHandCommon1.png	Anvil of Heaviness	fpg-guardians/revised-edition/FpgGuardians-RevisedEdition-AnvilOfHeaviness.png	default	item/hand	Revised Edition	RE	playerNDeck					12															All attacks versus Creatures defending a Stronghold are +7 Vitality. Effect lasts for one combat. Play before combat starts.		
RE_EyeofMissileMayhemMagicItemHandRare2.png	Eye of Missile Mayhem	fpg-guardians/revised-edition/FpgGuardians-RevisedEdition-EyeOfMissileMayhem.png	default	item/hand	Revised Edition	RE	playerNDeck					15															Play after any primary attack has been resolved. All cards that you have played as ranged attacks in combat to this point return to your Combat Hand immediately.		
RE_HammerofDoomMagicItemHandRare2.png	Hammer of Doom	fpg-guardians/revised-edition/FpgGuardians-RevisedEdition-HammerOfDoom.png	default	item/hand	Revised Edition	RE	playerNDeck					11															Play at any time. Destroy a Terrain card of your choice.		
RE_HolyGrailMagicItemHandRare2.png	Holy Grail	fpg-guardians/revised-edition/FpgGuardians-RevisedEdition-HolyGrail.png	default	item/hand	Revised Edition	RE	playerNDeck					18															Play during the Draw and Organize Phase. All your Creatures lost that turn return to your Storage Hand. One Power Stone must be spent to use the Grail.		
RE_MonolithofPowerMagicItemHandUncommon1.png	Monolith of Power	fpg-guardians/revised-edition/FpgGuardians-RevisedEdition-MonolithOfPower.png	default	item/hand	Revised Edition	RE	playerNDeck					4															When played at the beginning of a turn on any space, no channeling is allowed within one space of Monolith for entire turn.		
RE_PotionofMovementEssenceMagicItemHandUncommon2.png	Potion of Movement Essence	fpg-guardians/revised-edition/FpgGuardians-RevisedEdition-PotionOfMovementEssence.png	default	item/hand	Revised Edition	RE	playerNDeck					7															+1 movement to any shield that can move. This spell does not allow a Shield to move past a space that would normally stop it (an empty space, an enemy's shield, etc.) Play any time.		
RE_RocksofSkullCrackingMagicItemHandCommon1.png	Rocks of Skull Cracking	fpg-guardians/revised-edition/FpgGuardians-RevisedEdition-RocksOfSkullCracking.png	default	item/hand	Revised Edition	RE	playerNDeck					9															Playable on any flying shield (while moving face-up). Kill as many flying Creatures as desired, but lose one Power Stone for each Creature destroyed.		
RE_RoosterMagicItemHandCommon2.png	Rooster	fpg-guardians/revised-edition/FpgGuardians-RevisedEdition-Rooster.png	default	item/hand	Revised Edition	RE	playerNDeck					7															Play at the beginning of a turn. Move first, even if you don't have the highest Up-card.		
DI_ChampstheWonderDogMagicItemHandRare1.png	Champs, the Wonder Dog	fpg-guardians/dagger-isle/FpgGuardians-DaggerIsle-ChampsTheWonderDog.png	default	item/hand	Dagger Isle	DI	playerNDeck					19															Return any item from discard to hand for 1 stone; Champs returns as well, play during D&O		
DI_OppressedSlavesMagicItemHandCommon2.png	Oppressed Slaves	fpg-guardians/dagger-isle/FpgGuardians-DaggerIsle-OppressedSlaves.png	default	item/hand	Dagger Isle	DI	playerNDeck					2															Play after you kill a Shield in combat. Collect two Power Stones. You may only play one Oppressed Slaves card per Movement and Combat Phase.		
DI_TheGreatBalderoonMagicItemHandCommon1.png	The Great Balderoon	fpg-guardians/dagger-isle/FpgGuardians-DaggerIsle-TheGreatBalderoon.png	default	item/hand	Dagger Isle	DI	playerNDeck					16															Play when using a Pirate's ranged attack. The ranged attack works as normal, AND there is an immediate AOE attack of the same strength. Costs 1 Power Stone to play.		
DN_10GallonVoodooHatItemHandU3.png	10 Gallon Voodoo Hat	fpg-guardians/drifters-nexus/FpgGuardians-DriftersNexus-10GallonVoodooHat.png	default	item/hand	Drifter's Nexus	DN	playerNDeck					4															Place face-up next to an opponent's Guardian during the Draw and Organize Phase. Each 10 Gallon Voodoo Hat next to a Guardian reduces the maximum size of that player's Storage Hand by 1 card. The Hat may only be removed or dispelled by burning 2 Power Stones.		
DN_HeadofGudeaItemHandR4.png	Head of Gudea	fpg-guardians/drifters-nexus/FpgGuardians-DriftersNexus-HeadOfGudea.png	default	item/hand	Drifter's Nexus	DN	playerNDeck					22															Play at the beginning of any Phase. Cancel any one Guardian's special ability for the remainder of this turn.		
DN_LittleVoodooHatItemHandR1.png	Little Voodoo Hat	fpg-guardians/drifters-nexus/FpgGuardians-DriftersNexus-LittleVoodooHat.png	default	item/hand	Drifter's Nexus	DN	playerNDeck					20															Play next to own Guardian, get 1 Power Stone for every Stone gained by opponent (except from Little Voodoo Hat); reduces maximum Storage Hand size by 1, only dispelled by burning 2 Power Stones		
DN_MedallionofSkyphosItemCreatureU2.png	Medallion of Skyphos	fpg-guardians/drifters-nexus/FpgGuardians-DriftersNexus-MedallionOfSkyphos.png	default	item/hand	Drifter's Nexus	DN	playerNDeck					10															Play as a Command Card.  If your Up-card is a Small Creature, add it to your Combat Hand and make the Medallion your Up-card.		
DN_OscartheWonderChimpItemHandR1.png	Oscar the Wonder Chimp	fpg-guardians/drifters-nexus/FpgGuardians-DriftersNexus-OscarTheWonderChimp.png	default	item/hand	Drifter's Nexus	DN	playerNDeck					2															Return any Spell just cast to your Storage Hand for 1 Power Stone.		
DN_RockofFarRollingItemHandC4.png	Rock of Far Rolling	fpg-guardians/drifters-nexus/FpgGuardians-DriftersNexus-RockOfFarRolling.png	default	item/hand	Drifter's Nexus	DN	playerNDeck					5															Play during a primary match-up if your match-up Creature is a Giant. If your opponents Command Card is a Creature, that Creature is destroyed.		
DN_RosettaStoneItemHandR1.png	Rosetta Stone	fpg-guardians/drifters-nexus/FpgGuardians-DriftersNexus-RosettaStone.png	default	item/hand	Drifter's Nexus	DN	playerNDeck					7															Play during the Terrain Settlement Phase. Take any 5 cards from your discard pile, add them to your draw deck, and reshuffle the draw deck. The Up-card remains the same. The Rosetta Stone may not be removed from your discard pile. Costs one Power Stone to play.		
DN_SarcophagusofHaidraItemHandC4.png	Sarcophagus of Haidra	fpg-guardians/drifters-nexus/FpgGuardians-DriftersNexus-SarcophagusOfHaidra.png	default	item/hand	Drifter's Nexus	DN	playerNDeck					10															Play immediately after Up-cards have been revealed.  Add your Up-Card to your Storage Hand, replacing it with the Sarcophogus.		
DN_ShroudofGrahzueItemHandR2.png	Shroud of Grahzue	fpg-guardians/drifters-nexus/FpgGuardians-DriftersNexus-ShroudOfGrahzue.png	default	item/hand	Drifter's Nexus	DN	playerNDeck					13															Play immediately after a primary match-up is revealed. Opponent's non-bribable Creature immediately returns to his Creature Pen. Your Creature is considered an Unchallenged Card in melee.		
DN_StandardoftheElementsItemHandU1.png	Standard of the Elements	fpg-guardians/drifters-nexus/FpgGuardians-DriftersNexus-StandardOfTheElements.png	default	item/hand	Drifter's Nexus	DN	playerNDeck					1															Play during a primary match-up. If you have an Element as a Command Card, you may immediately use this card as a ranged attack, with a strength equal to your Command Card's Base Vitality.		
DN_TabletofAncathusItemHandR1.png	Tablet of Ancathus	fpg-guardians/drifters-nexus/FpgGuardians-DriftersNexus-TabletOfAncathus.png	default	item/hand	Drifter's Nexus	DN	playerNDeck					24															Play as a Command Card. If your first primary attacker survies combat, all of your other Creatures gain that Creature's Terrain bonus, losing any Terrain bonus that they originally had.		
DN_VoodooHatItemCreatureR2.png	Voodoo Hat	fpg-guardians/drifters-nexus/FpgGuardians-DriftersNexus-VoodooHat.png	default	item/hand	Drifter's Nexus	DN	playerNDeck					5															Play on any Shield in the disputed lands during the Terrain Settlement Phase. This Shield may not enter a Stronghold Card. The Voodoo Hat may only be removed or dispelled by burning 2 Power Stones.		
NP_40000UselessWarhammersMagicItemHandUncom1.png	40,000 Useless Warhammers	fpg-guardians/necropolis-park/FpgGuardians-NecropolisPark-40000UselessWarhammers.png	default	item/hand	Necropolis Park	NP	playerNDeck					25															Play as a Command Card. All non-Guardian Creatures are considered to have a Base Vitality of 0 for this combat.		
NP_ObeliskofBablosMagicItemHandUncom3.png	Obelisk of Bablos	fpg-guardians/necropolis-park/FpgGuardians-NecropolisPark-ObeliskOfBablos.png	default	item/hand	Necropolis Park	NP	playerNDeck					4															Play as a Command Card. Both players reveal their total Combat Hand Vitality. If opponent's total is higher, he must immediately discard at least 5 Vitality points worth of creatures. Does not affect Guardians.		
NP_VoodooHatRackMagicItemHandCommon2.png	Voodoo Hat Rack	fpg-guardians/necropolis-park/FpgGuardians-NecropolisPark-VoodooHatRack.png	default	item/hand	Necropolis Park	NP	playerNDeck					29															Play during the Terrain Settlement Phase. For each Power Stone you burn, discard one Accessory or Voodoo Hat from play. The Hat Rack works versus any type of Voodoo Hat in play.		
RE_AgentofShadowMortalShadowBrotherhoodRare1.png	Agent of Shadow	fpg-guardians/revised-edition/FpgGuardians-RevisedEdition-AgentOfShadow.png	default	mortal	Revised Edition	RE	playerNDeck	Shadow Brotherhood			M	7		0							Y						May only be played as a command card when defending. When played, combat is shifted to the space your oppnt cam from.		
RE_AncientOgreMortalOgreRare2.png	Ancient Ogre	fpg-guardians/revised-edition/FpgGuardians-RevisedEdition-AncientOgre.png	default	mortal	Revised Edition	RE	playerNDeck	Ogre			L	13		2	L												No channeling vs. Ogre. Opponent cannot channel to any Creature in combat if Ancient Ogre is in play and unbeaten.		
RE_ArcherMortalKnightCommon1.png	Archer	fpg-guardians/revised-edition/FpgGuardians-RevisedEdition-Archer.png	default	mortal	Revised Edition	RE	playerNDeck	Knight			M	6		0		G				3							3  pt. ranged attack		
RE_AxemanMortalKnightUncommon2.png	Axeman	fpg-guardians/revised-edition/FpgGuardians-RevisedEdition-Axeman.png	default	mortal	Revised Edition	RE	playerNDeck	Knight			M	7		4		G											The roar of a heartbeat deafens the soul to the chaos that reigns in the mind. The Warriors Credo - St. Ballantine.		
RE_BabeHoundMortalAnimalCommon1.png	Babe Hound	fpg-guardians/revised-edition/FpgGuardians-RevisedEdition-BabeHound.png	default	mortal	Revised Edition	RE	playerNDeck	Animal			M	2		0							Y						Each of your Creatures fighting an opponent who can be bribed by Babes receives +4 Vitality.		
RE_BigGroaningCankerdMortalCankerdUncommon1.png	Big Groaning Cankerd	fpg-guardians/revised-edition/FpgGuardians-RevisedEdition-BigGroaningCankerd.png	default	mortal	Revised Edition	RE	playerNDeck	Cankerd			M	8		1		G											+3 vs. Creatures affected by fear.		
RE_BrapBackGoblinsMortalGoblinUncommon1.png	Brap Back Goblins	fpg-guardians/revised-edition/FpgGuardians-RevisedEdition-BrapBackGoblins.png	default	mortal	Revised Edition	RE	playerNDeck	Goblin			S	4		0		G											If opponent in match-up was a large creature, then the large creature's Vitality doesn't count toward control of the space.		
RE_BrownBacksMortalGoblinCommon1.png	Brown Backs	fpg-guardians/revised-edition/FpgGuardians-RevisedEdition-BrownBacks.png	default	mortal	Revised Edition	RE	playerNDeck	Goblin			S	3		0		G											+4 Vitality vs. large Creatures.		
RE_BrucetheGooseMortalAnimalRare1.png	Bruce the Goose	fpg-guardians/revised-edition/FpgGuardians-RevisedEdition-BruceTheGoose.png	default	mortal	Revised Edition	RE	playerNDeck	Animal		F	S	1	5	0			B				Y						In the first match-up, play your Creature before your opponent. Opponent must play the highest Base Vitality Creature that yours can beat. Both sides may then try to modify combat through ranged attacks, channeling, etc....		
RE_BulbousClamjackMortalClamjackCommon1.png	Bulbous Clamjack	fpg-guardians/revised-edition/FpgGuardians-RevisedEdition-BulbousClamjack.png	default	mortal	Revised Edition	RE	playerNDeck	Clamjack			M	5		1		G											When in Swamps, your enemy must beat you by at least 5 pts. or the match-up is a push.		
RE_BungeeBonyRidgedMortalGoblinUncommon1.png	Bungee Bony Ridged	fpg-guardians/revised-edition/FpgGuardians-RevisedEdition-BungeeBonyRidged.png	default	mortal	Revised Edition	RE	playerNDeck	Goblin			S	2		0		G											When played, opponent must discard all unplayed Goblins and Idiots in his/her Combat Hand.		
RE_CaptainMortalKnightCommon1.png	Captain	fpg-guardians/revised-edition/FpgGuardians-RevisedEdition-Captain.png	default	mortal	Revised Edition	RE	playerNDeck	Knight			M	10		5	L												Immune to fear		
RE_CaptainRedNoseMortalPirateRare2.png	Captain Red Nose	fpg-guardians/revised-edition/FpgGuardians-RevisedEdition-CaptainRedNose.png	default	mortal	Revised Edition	RE	playerNDeck	Pirate			M	15		5	L	G	B										+4 Vitality to all your Pirates when Captain Red Nose is in play. Only one Pirate Captain per space per player.		
RE_CaveGiantMortalGiantCommon1.png	Cave Giant	fpg-guardians/revised-edition/FpgGuardians-RevisedEdition-CaveGiant.png	default	mortal	Revised Edition	RE	playerNDeck	Giant			L	12		5			B										When attacking a Stronghold, the Cave Giant's match-up opponent loses its Stronghold bonus.		
RE_ClericMortalWizardUncommon1.png	Cleric	fpg-guardians/revised-edition/FpgGuardians-RevisedEdition-Cleric.png	default	mortal	Revised Edition	RE	playerNDeck	Wizard			M	4	6	0		G		C									Can heal one Mortal.		
RE_CorporalMortalKnightCommon1.png	Corporal	fpg-guardians/revised-edition/FpgGuardians-RevisedEdition-Corporal.png	default	mortal	Revised Edition	RE	playerNDeck	Knight			M	8		4	L												Immune to fear.		
RE_CowMortalBarnyardAnimalRare2.png	Cow	fpg-guardians/revised-edition/FpgGuardians-RevisedEdition-Cow.png	default	mortal	Revised Edition	RE	playerNDeck	Barnyard Animal			M	2		0													3 pt. AOE methane attack. All affected Creatures can't attack and don't count toward victory, but can be attacked by secondary attackers.		
RE_DesertGiantMortalGiantCommon1.png	Desert Giant	fpg-guardians/revised-edition/FpgGuardians-RevisedEdition-DesertGiant.png	default	mortal	Revised Edition	RE	playerNDeck	Giant			L	14		5			B										Immune to fire.+4 in Dry Heaps		
RE_DroolingClamjackMortalClamjackCommon1.png	Drooling Clamjack	fpg-guardians/revised-edition/FpgGuardians-RevisedEdition-DroolingClamjack.png	default	mortal	Revised Edition	RE	playerNDeck	Clamjack			S	2		0			B										If beaten in combat, secondary attackers get a +4 Vitality instead of the normal +2.		
RE_ElderCaveGiantMortalGiantUncommon2.png	Elder Cave Giant	fpg-guardians/revised-edition/FpgGuardians-RevisedEdition-ElderCaveGiant.png	default	mortal	Revised Edition	RE	playerNDeck	Giant			L	14		6			B										When attacking Stronghold, the Cave Giant's match-up opponent loses its Stronghold bonus.		
RE_FloydtheFlyingPigMortalBarnyardAnimalUncommon2.png	Floyd the Flying Pig	fpg-guardians/revised-edition/FpgGuardians-RevisedEdition-FloydTheFlyingPig.png	default	mortal	Revised Edition	RE	playerNDeck	Barnyard Animal		F	L	2		0							Y						All of your creatures are +2 Vitality. When played as a Command Card, Floyd is also destroyed.		
RE_GnObbyGnomeMortalGnomeUncommon1.png	Gn'Obby Gnomes	fpg-guardians/revised-edition/FpgGuardians-RevisedEdition-GnObbyGnomes.png	default	mortal	Revised Edition	RE	playerNDeck	Gnome			S	4		0		G											The fountain of wisdom flows freely. Any that sample it may get more than their cup can hold.		
RE_GnOlegableGnomesMortalGnomeRare2.png	Gn'Olegable Gnomes	fpg-guardians/revised-edition/FpgGuardians-RevisedEdition-GnOlegableGnomes.png	default	mortal	Revised Edition	RE	playerNDeck	Gnome			S	5		0		G					Y						All your small Creatures receive +2 Vitality.		
RE_GnOmishGnomesMortalGnomeCommon1.png	Gn'Omish Gnomes	fpg-guardians/revised-edition/FpgGuardians-RevisedEdition-GnOmishGnomes.png	default	mortal	Revised Edition	RE	playerNDeck	Gnome			S	4		1		G											+3 in the woods		
RE_GrandAvatarMortalWizardRare1.png	Grand Avatar	fpg-guardians/revised-edition/FpgGuardians-RevisedEdition-GrandAvatar.png	default	mortal	Revised Edition	RE	playerNDeck	Wizard			M	6	12	1		G		C	6								Can only accept channeling from the Guardian.		
RE_GreatFangedOgreMortalOgreUncommon1.png	Great Fanged Ogre	fpg-guardians/revised-edition/FpgGuardians-RevisedEdition-GreatFangedOgre.png	default	mortal	Revised Edition	RE	playerNDeck	Ogre			L	13		4	L												No Channeling vs. Great Fanged. All your Ogres are +3 Vitality for each Great Fanged in play.		
RE_GreedyFiendMortalFiendUncommon2.png	Greedy Fiend	fpg-guardians/revised-edition/FpgGuardians-RevisedEdition-GreedyFiend.png	default	mortal	Revised Edition	RE	playerNDeck	Fiend			M	1		0		G											No bribery by Gold allowed once the Greedy Fiend is in play unless Greedy Fiend is bribed first.		
RE_GrilbusMortalSlagBeastCommon1.png	Grilbus	fpg-guardians/revised-edition/FpgGuardians-RevisedEdition-Grilbus.png	default	mortal	Revised Edition	RE	playerNDeck	Slag Beast			M	6		2													'+2 in Dry Heaps		
RE_GringeCommanderMortalSlagBeastRare2.png	Gringe Commander	fpg-guardians/revised-edition/FpgGuardians-RevisedEdition-GringeCommander.png	default	mortal	Revised Edition	RE	playerNDeck	Slag Beast			M	5		1		G					Y						All your Slag Beasts are +3 Vitality; this ability can't be dispelled. Only one Gringe Commander per space per player.		
RE_GunnerMortalPirateCommon1.png	Gunner	fpg-guardians/revised-edition/FpgGuardians-RevisedEdition-Gunner.png	default	mortal	Revised Edition	RE	playerNDeck	Pirate			M	4	6	0	L	G	B			4							4 pt. ranged attack		
RE_HabaNabaDabaMortalGoblinRare2.png	Haba Naba Daba	fpg-guardians/revised-edition/FpgGuardians-RevisedEdition-HabaNabaDaba.png	default	mortal	Revised Edition	RE	playerNDeck	Goblin			S	5		2		G											Infernal racket confuses opponent.  Opponent in match-up loses any AOE atack.		
RE_HabaNabaKabaMortalGoblinCommon1.png	Haba Naba Kaba	fpg-guardians/revised-edition/FpgGuardians-RevisedEdition-HabaNabaKaba.png	default	mortal	Revised Edition	RE	playerNDeck	Goblin			S	4		2		G											When played, Infernal Racket stops opponent from using any ranged attacks.		
RE_HorseMortalBarnyardAnimalCommon1.png	Horse	fpg-guardians/revised-edition/FpgGuardians-RevisedEdition-Horse.png	default	mortal	Revised Edition	RE	playerNDeck	Barnyard Animal			L	3		0							Y						Your first Knight played receives +6 Vitality.		
RE_HugeRockGiantMortalGiantUncommon2.png	Huge Rock Giant	fpg-guardians/revised-edition/FpgGuardians-RevisedEdition-HugeRockGiant.png	default	mortal	Revised Edition	RE	playerNDeck	Giant			L	16		2			B			6							+2 in the mountains		
RE_IceOgreMortalOgreCommon1.png	Ice Ogre	fpg-guardians/revised-edition/FpgGuardians-RevisedEdition-IceOgre.png	default	mortal	Revised Edition	RE	playerNDeck	Ogre			L	9		2	L												No channeling vs. Ogre.+2 in the mountains		
RE_IdiotMortalMisc.HumanRare2.png	Idiot	fpg-guardians/revised-edition/FpgGuardians-RevisedEdition-Idiot.png	default	mortal	Revised Edition	RE	playerNDeck	Misc. Human			M	0		0	L	G	B										Dum Dee Dum, Dum Dee Dum, Dum Dee Dum, aahhh‚Äö√Ñ¬∂		
RE_IdiotFiendMortalFiendUncommon1.png	Idiot Fiend	fpg-guardians/revised-edition/FpgGuardians-RevisedEdition-IdiotFiend.png	default	mortal	Revised Edition	RE	playerNDeck	Fiend			M	6		0													8 pt. fear AOE attack that only affects Fairies. +4 Vitality vs. Fairies.		
RE_JibberMortalPirateCommon1.png	Jibber	fpg-guardians/revised-edition/FpgGuardians-RevisedEdition-Jibber.png	default	mortal	Revised Edition	RE	playerNDeck	Pirate			M	7		4	L	G	B										+1 in rivers and lakes		
RE_LancerMortalKnightUncommon1.png	Lancer	fpg-guardians/revised-edition/FpgGuardians-RevisedEdition-Lancer.png	default	mortal	Revised Edition	RE	playerNDeck	Knight			M	10		4			B										+10 vs. Large Creatures; -7 vs. Small Creatures.		
RE_MadFiendMortalFiendUncommon2.png	Mad Fiend	fpg-guardians/revised-edition/FpgGuardians-RevisedEdition-MadFiend.png	default	mortal	Revised Edition	RE	playerNDeck	Fiend			M	1		0			B										No bribery by Beer allowed once the Mad Fiend is in play unless the Mad Fiend is bribed first.		
RE_MajorPartyAnimalMortalAnimalUncommon1.png	Major Party Animal	fpg-guardians/revised-edition/FpgGuardians-RevisedEdition-MajorPartyAnimal.png	default	mortal	Revised Edition	RE	playerNDeck	Animal			L	4		0							Y						All creatures that can be bribed by beer can't fight and don't count towards control of the space (both sides). They can be attacked by secondary attackers		
RE_MarshalMortalKnightUncommon1.png	Marshal	fpg-guardians/revised-edition/FpgGuardians-RevisedEdition-Marshal.png	default	mortal	Revised Edition	RE	playerNDeck	Knight			M	11		4		G											+2 Vitality to all your Knights played while the Marshal is in play. Immune to fear.		
RE_MasterGunnerMortalPirateUncommon1.png	Master Gunner	fpg-guardians/revised-edition/FpgGuardians-RevisedEdition-MasterGunner.png	default	mortal	Revised Edition	RE	playerNDeck	Pirate			M	6	8	1	L	G	B			5							5 pt. ranged attack.		
RE_MerchantMortalMisc.HumanUncommon1.png	Merchant	fpg-guardians/revised-edition/FpgGuardians-RevisedEdition-Merchant.png	default	mortal	Revised Edition	RE	playerNDeck	Misc. Human			M	1	4	0	L												Destroys any Creature which can be bribed by Gold.		
RE_MuleMortalBarnyardAnimalCommon1.png	Mule	fpg-guardians/revised-edition/FpgGuardians-RevisedEdition-Mule.png	default	mortal	Revised Edition	RE	playerNDeck	Barnyard Animal			M	2		0													Counts as 4 Vitality for control of space.		
RE_NaBoobMortalSlagBeastRare1.png	Na'Boob	fpg-guardians/revised-edition/FpgGuardians-RevisedEdition-NaBoob.png	default	mortal	Revised Edition	RE	playerNDeck	Slag Beast			L	12		3													Immune to small creatures.+2 in Dry Heaps		
RE_PaladinMortalKnightRare2.png	Paladin	fpg-guardians/revised-edition/FpgGuardians-RevisedEdition-Paladin.png	default	mortal	Revised Edition	RE	playerNDeck	Knight			M	14		2				C									+4 Vitality to all your Knights played while Paladin is in play. All Mortals played after Paladin are immune to fear.		
RE_PartyAnimalMortalAnimalRare2.png	Party Animal	fpg-guardians/revised-edition/FpgGuardians-RevisedEdition-PartyAnimal.png	default	mortal	Revised Edition	RE	playerNDeck	Animal			M	1	4	0													Immune to any Creature that can be bribed.		
RE_PaulyOfficialParrotMortalPirateRare2.png	Pauly, Official Parrot	fpg-guardians/revised-edition/FpgGuardians-RevisedEdition-PaulyOfficialParrot.png	default	mortal	Revised Edition	RE	playerNDeck	Pirate		F	S	1		0							Y						Look at any one card in your opponent's Combat Hand.  If ANY of your Pirates survive, Pauly returns to your Shield. One per space per player.		
RE_PeskyVarmitMortalVarmitCommon1.png	Pesky Varmit	fpg-guardians/revised-edition/FpgGuardians-RevisedEdition-PeskyVarmit.png	default	mortal	Revised Edition	RE	playerNDeck	Varmit			S	3		0		G											+3 Vitality vs. medium-sized Creatures.		
RE_PigDogMortalAnimalUncommon1.png	Pig Dog	fpg-guardians/revised-edition/FpgGuardians-RevisedEdition-PigDog.png	default	mortal	Revised Edition	RE	playerNDeck	Animal			L	5		0		G											If you bribe with Babes while Pig Dog is in play, return Babes to your Storage Hand.		
RE_PinkFlamingosMortalAnimalRare1.png	Pink Flamingos	fpg-guardians/revised-edition/FpgGuardians-RevisedEdition-PinkFlamingos.png	default	mortal	Revised Edition	RE	playerNDeck	Animal			L	29		0			B										All Creatures are immune to Pink Flamingoes.		
RE_PloogaktheConquerorMortalSlagBeastRare2.png	Ploogak the Conqueror	fpg-guardians/revised-edition/FpgGuardians-RevisedEdition-PloogakTheConqueror.png	default	mortal	Revised Edition	RE	playerNDeck	Slag Beast			M	4		0													If Ploogak is alive after combat, add +2 Vitality to each living Slag Beast for control of the space. One per space per player.		
RE_PolarIceOgreMortalOgreUncommon1.png	Polar Ice Ogre	fpg-guardians/revised-edition/FpgGuardians-RevisedEdition-PolarIceOgre.png	default	mortal	Revised Edition	RE	playerNDeck	Ogre			L	10		0	L												No channeling vs. Polar Ice Ogre. +2 in the mountains		
RE_ReverendSmilinJackMortalMisc.HumanRare2.png	Reverend Smilin' Jack	fpg-guardians/revised-edition/FpgGuardians-RevisedEdition-ReverendSmilinJack.png	default	mortal	Revised Edition	RE	playerNDeck	Misc. Human			M	2		0	L	G	B				Y						If on a face down Terrain card that was once your Creature, you may use it in combat. After combat, any unbeaten Creature from your Shield may be used as Terrain.		
RE_RockGiantMortalGiantCommon1.png	Rock Giant	fpg-guardians/revised-edition/FpgGuardians-RevisedEdition-RockGiant.png	default	mortal	Revised Edition	RE	playerNDeck	Giant			L	14		3		B				4							6 pt. ranged attack. +2 in the mountains		
RE_SeerMortalWizardCommon2.png	Seer	fpg-guardians/revised-edition/FpgGuardians-RevisedEdition-Seer.png	default	mortal	Revised Edition	RE	playerNDeck	Wizard			M	5		0		G		C			Y						For the duration of combat, your opponent must declare the Size of Creatures in match-ups before you pick your Creatures.		
RE_ShadowSpyMortalShadowBrotherhoodUncommon1.png	Shadow Spy	fpg-guardians/revised-edition/FpgGuardians-RevisedEdition-ShadowSpy.png	default	mortal	Revised Edition	RE	playerNDeck	Shadow Brotherhood			M	3		0				C			Y						Randomly pick the order that your opponent plays his cards in combat. He may used ranged attacks and secondary attackers normally.		
RE_ShadowWarriorMortalShadowBrotherhoodRare2.png	Shadow Warrior	fpg-guardians/revised-edition/FpgGuardians-RevisedEdition-ShadowWarrior.png	default	mortal	Revised Edition	RE	playerNDeck	Shadow Brotherhood			M	9		0							Y						Shadow Warrior may attack with +2 Vitality opponent's Up-Card provided it is a Creature. Opponent draws one less card next turn if Up-card is beaten.		
RE_SlagBunnyMortalSlagBeastUncommon1.png	Slag Bunny	fpg-guardians/revised-edition/FpgGuardians-RevisedEdition-SlagBunny.png	default	mortal	Revised Edition	RE	playerNDeck	Slag Beast			M	6		0		G											Immune to creatures that can be bribed by Babes. Can heal one Slag Beast. One per Slag Bunny per space per player.		
RE_SloarchMortalSlagBeastUncommon1.png	Sloarch	fpg-guardians/revised-edition/FpgGuardians-RevisedEdition-Sloarch.png	default	mortal	Revised Edition	RE	playerNDeck	Slag Beast			M	14		3													+7 in Dry Heaps		
RE_SnibsBonyRidgedMortalGoblinUncommon1.png	Snibs Bony Ridged	fpg-guardians/revised-edition/FpgGuardians-RevisedEdition-SnibsBonyRidged.png	default	mortal	Revised Edition	RE	playerNDeck	Goblin			S	3		0		G			2								Can channel to Goblins only - even to Goblins that normally cannot accept channeling.		
RE_SnogwartMortalSlagBeastCommon1.png	Snogwart	fpg-guardians/revised-edition/FpgGuardians-RevisedEdition-Snogwart.png	default	mortal	Revised Edition	RE	playerNDeck	Slag Beast			M	8		2													+3 in Dry Heaps		
RE_SorcererMortalWizardRare2.png	Sorcerer	fpg-guardians/revised-edition/FpgGuardians-RevisedEdition-Sorcerer.png	default	mortal	Revised Edition	RE	playerNDeck	Wizard			M	8		0		G		C			Y						4 pt. AOE fireball.		
RE_SpeckledClamjackMortalClamjackCommon1.png	Speckled Clamjack	fpg-guardians/revised-edition/FpgGuardians-RevisedEdition-SpeckledClamjack.png	default	mortal	Revised Edition	RE	playerNDeck	Clamjack			S	6		1			B										+3 in the swamp		
RE_SuperModelMortalMisc.HumanUncommon1.png	Super Model	fpg-guardians/revised-edition/FpgGuardians-RevisedEdition-SuperModel.png	default	mortal	Revised Edition	RE	playerNDeck	Misc Human			M	1	4	0		G											Destroys any Creature bribable by Babes.		
RE_SwordsmanMortalKnightCommon2.png	Swordsman	fpg-guardians/revised-edition/FpgGuardians-RevisedEdition-Swordsman.png	default	mortal	Revised Edition	RE	playerNDeck	Knight			M	6		3		G											The deceptions os steel are short-lived and the finality of truth is mutable. Only honor is the rock of certainty.		
RE_ThackleMortalSlagBeastCommon1.png	Thackle	fpg-guardians/revised-edition/FpgGuardians-RevisedEdition-Thackle.png	default	mortal	Revised Edition	RE	playerNDeck	Slag Beast			L	12		4													+4 in Dry Heaps		
RE_UglyWartFiendMortalFiendUncommon2.png	Ugly Wart Fiend	fpg-guardians/revised-edition/FpgGuardians-RevisedEdition-UglyWartFiend.png	default	mortal	Revised Edition	RE	playerNDeck	Fiend			M	1		0	L												No bribery by Babes allowed once Ugly Wart Fiend is in play unless the Ugly Wart Fiend is bribed first.		
RE_VampireHuntersMortalMisc.HumanCommon1.png	Vampire Hunters	fpg-guardians/revised-edition/FpgGuardians-RevisedEdition-VampireHunters.png	default	mortal	Revised Edition	RE	playerNDeck	Misc. Human			M	8		1	L												+10 Vitality vs. Undead.		
RE_VarmitArcherMortalVarmitCommon1.png	Varmit Archer	fpg-guardians/revised-edition/FpgGuardians-RevisedEdition-VarmitArcher.png	default	mortal	Revised Edition	RE	playerNDeck	Varmit			S	2		0		G				1							1 pt. ranged attack		
RE_VisionaryMortalWizardCommon2.png	Visionary	fpg-guardians/revised-edition/FpgGuardians-RevisedEdition-Visionary.png	default	mortal	Revised Edition	RE	playerNDeck	Wizard			M	5		0		G		C			Y						For the duration of combat, your opponent must declare the Type (border color) of Creatures in match-ups before you pick your Creatures.		
RE_WatcherMortalUncommon1.png	Watcher	fpg-guardians/revised-edition/FpgGuardians-RevisedEdition-Watcher.png	default	mortal	Revised Edition	RE	playerNDeck				L	20		8													+4 in rivers and lakes		
RE_YardRatMortalPirateUncommon2.png	Yard Rat	fpg-guardians/revised-edition/FpgGuardians-RevisedEdition-YardRat.png	default	mortal	Revised Edition	RE	playerNDeck	Pirate			M	5		3	L	G	B										'+1 in rivers and lakes		
DI_BuzzardMortalBarnyardAnimalCommon4.png	Buzzard	fpg-guardians/dagger-isle/FpgGuardians-DaggerIsle-Buzzard.png	default	mortal	Dagger Isle	DI	playerNDeck	Barnyard Animal		F	S	3		0			B										+1 Vitality when used as a secondary attacker.		
DI_CabinBoyMortalPirateCommon4.png	Cabin Boy	fpg-guardians/dagger-isle/FpgGuardians-DaggerIsle-CabinBoy.png	default	mortal	Dagger Isle	DI	playerNDeck	Pirate			M	4		1	L	G	B										If an opponent tries to bribe one of your Pirates whie the Cabin Boy is in your combat hand, you can send the Cabin Boy to your Creature Pen instead.		
DI_CaptainHannibalHawksMortalPirateRare2.png	Captain Hannibal Hawks	fpg-guardians/dagger-isle/FpgGuardians-DaggerIsle-CaptainHannibalHawks.png	default	mortal	Dagger Isle	DI	playerNDeck	Pirate			M	11		1	L	G	B										If the Captain is in play and unbeaten after primary attacks, you may choose to retreat your Shield and all unbeaten Creatures with it. Only one Captain per space, per player.		
DI_CaringGuyMortalGuyCommon4.png	Caring Guy	fpg-guardians/dagger-isle/FpgGuardians-DaggerIsle-CaringGuy.png	default	mortal	Dagger Isle	DI	playerNDeck	Guy			M	4		1	L												Immune to fear. +1 Vitality to Mortals on both sides while the Caring Guy is in play.		
DI_EagleEyeMcFinnyMortalPirateRare3.png	Eagle-Eye McFinny	fpg-guardians/dagger-isle/FpgGuardians-DaggerIsle-EagleEyeMcFinny.png	default	mortal	Dagger Isle	DI	playerNDeck	Pirate			M	2		0	L	G	B				Y						+2 to all your ranged attacks.		
DI_FangistheHunterAnimalMortalAnimalCommon34.png	Fangis the Hunter	fpg-guardians/dagger-isle/FpgGuardians-DaggerIsle-FangisTheHunter.png	default	mortal	Dagger Isle	DI	playerNDeck	Animal			M	8		0													+6 Vitality vs. Externals. (Errata applies - Henchman type is misprint)		
DI_FangistheHunterHenchmanMortalHenchmanCommon14.png	Fangis the Hunter	fpg-guardians/dagger-isle/FpgGuardians-DaggerIsle-FangisTheHunter-2.png	default	mortal	Dagger Isle	DI	playerNDeck	Henchman			M	8		0													+6 Vitality vs. Externals. (Errata applies - Henchman type is misprint)		
DI_FarmerBrownMortalMisc.HumanRare1.png	Farmer Brown	fpg-guardians/dagger-isle/FpgGuardians-DaggerIsle-FarmerBrown.png	default	mortal	Dagger Isle	DI	playerNDeck	Misc Human			M	6	10	0		G					Y						Detonate any Barnyard Animal during primary attacks to destroy both match-up Creatures; doesn't work on Guardians		
DI_FirstMateMuldoonMortalPirateCommon2.png	First Mate Muldoon	fpg-guardians/dagger-isle/FpgGuardians-DaggerIsle-FirstMateMuldoon.png	default	mortal	Dagger Isle	DI	playerNDeck	Pirate			M	6		2	L	G	B										Allows any non-flying, all-Pirate Shield to move one extra space, obeying all normal movement rules. Must show your opponent the Shield's contents when moving the extra space.		
DI_GiantAuntsMortalGiantCommon2.png	Giant Aunts	fpg-guardians/dagger-isle/FpgGuardians-DaggerIsle-GiantAunts.png	default	mortal	Dagger Isle	DI	playerNDeck	Giant			L	8		3			B										If the Giants Aunts win a primary match-up over an enemy's Stronghold card, the card immediately turns to rubble.		
DI_GreatBateMortalBateCommon1.png	Great Ba'te	fpg-guardians/dagger-isle/FpgGuardians-DaggerIsle-GreatBate.png	default	mortal	Dagger Isle	DI	playerNDeck	Ba'te			L	24		6													Immune to secondary attacks from Elementals.		
DI_GreatBlackRisharMortalRisharRare3.png	Great Black Ri'shar	fpg-guardians/dagger-isle/FpgGuardians-DaggerIsle-GreatBlackRishar.png	default	mortal	Dagger Isle	DI	playerNDeck	Ri'shar		F	L	17		0													3 pt. AOE fear attack.		
DI_GroatieMortalSlagBeastRare4.png	Groatie	fpg-guardians/dagger-isle/FpgGuardians-DaggerIsle-Groatie.png	default	mortal	Dagger Isle	DI	playerNDeck	Slag Beast			S	3		1		G											+1 in Dry Heaps		
DI_GumboJakeMortalMisc.HumanCommon2.png	Gumbo Jake	fpg-guardians/dagger-isle/FpgGuardians-DaggerIsle-GumboJake.png	default	mortal	Dagger Isle	DI	playerNDeck	Misc. Human			M	6		1			B										If Jake wins a primary match-up over an opponent's terrain space, his/her terrain card is immediately discarded.		
DI_HookToedGnasherMortalGnasherCommon2.png	Hook Toed Gnasher	fpg-guardians/dagger-isle/FpgGuardians-DaggerIsle-HookToedGnasher.png	default	mortal	Dagger Isle	DI	playerNDeck	Gnasher			L	12		3	L												If the Hook Toed Gnasher beats a small Creature during primary attacks, the small Creatures is destroyed.		
DI_KnifeofShadowMortalShadowBrotherhoodCommon4.png	Knife of Shadow	fpg-guardians/dagger-isle/FpgGuardians-DaggerIsle-KnifeOfShadow.png	default	mortal	Dagger Isle	DI	playerNDeck	Shadow Brotherhood			M	5	7	3							Y						If opponent's Up-Card is Creature, pick a card from his/her combat hand.  Compare its Base Vitality to the Base Vitality of that opponent's Up-card.  If the Up-card is lower, the card you picked is destroyed.		
DI_LyingScumMortalPirateCommon4.png	Lying Scum	fpg-guardians/dagger-isle/FpgGuardians-DaggerIsle-LyingScum.png	default	mortal	Dagger Isle	DI	playerNDeck	Pirate			M	3		1	L	G	B										Counts as 4 Vitality for control of a space.		
DI_ManlyGuyMortalGuyCommon1.png	Manly Guy	fpg-guardians/dagger-isle/FpgGuardians-DaggerIsle-ManlyGuy.png	default	mortal	Dagger Isle	DI	playerNDeck	Guy			M	8		0		G											Treat the text box on the Manly Guy's primary match-up opponent as empty for the duration of the combat.		
DI_NecromancerMortalWizardRare2.png	Necromancer	fpg-guardians/dagger-isle/FpgGuardians-DaggerIsle-Necromancer.png	default	mortal	Dagger Isle	DI	playerNDeck	Wizard			M	5	8	0	L				5								Channels to Undead only.		
DI_RottenGuyMortalGuyCommon2.png	Rotten Guy	fpg-guardians/dagger-isle/FpgGuardians-DaggerIsle-RottenGuy.png	default	mortal	Dagger Isle	DI	playerNDeck	Guy			M	7	6	0		G											To wade the pools of malcontent is to acknowledge the loss of what could be.		
DI_ScurvyDogMortalPirateRare3.png	Scurvy Dog	fpg-guardians/dagger-isle/FpgGuardians-DaggerIsle-ScurvyDog.png	default	mortal	Dagger Isle	DI	playerNDeck	Pirate			S	4		0						3							3 pt. ranged attack which can only be used if your current primary attacker is a Pirate		
DI_VoodooWizardMortalWizardCommon4.png	Voodoo Wizard	fpg-guardians/dagger-isle/FpgGuardians-DaggerIsle-VoodooWizard.png	default	mortal	Dagger Isle	DI	playerNDeck	Wizard			M	3		0	L			C			Y						+4 Vitality to all of your secondary attackers.		
DI_WeaslyGuyMortalGuyCommon3.png	Weasly Guy	fpg-guardians/dagger-isle/FpgGuardians-DaggerIsle-WeaslyGuy.png	default	mortal	Dagger Isle	DI	playerNDeck	Guy			M	4		0	L	G	B										If the Weasly Guy loses a primary match-up by more than 4 Vitality, he immediately returns to your Creature Pen.		
DN_AlJabahMortalCreatureU1.png	Al' Jabah	fpg-guardians/drifters-nexus/FpgGuardians-DriftersNexus-AlJabah.png	default	mortal	Drifter's Nexus	DN	playerNDeck	Misc. Human			M	3		1		G					Y						If your opponent has more than one of the same Creature in his Combat Hand, they all immediately become Unchallenged Cars in melee. (Hey, you gotta dance.)		
DN_AnnoyingGnatsintheHoodMortalCreatureC4.png	Annoying Gnats in the Hood	fpg-guardians/drifters-nexus/FpgGuardians-DriftersNexus-AnnoyingGnatsInTheHood.png	default	mortal	Drifter's Nexus	DN	playerNDeck	Bug			S	3		0													Immune to fear and fire. 1 pt AOE fear attack, +1 pt. to the AOE for every other Bug you have in play.		
DN_ArnathLordoftheSkiesMortalCreatureU1.png	Arnath, Lord of the Skies	fpg-guardians/drifters-nexus/FpgGuardians-DriftersNexus-ArnathLordOfTheSkies.png	default	mortal	Drifter's Nexus	DN	playerNDeck	Knight		F	L	6		0		G											Destroys any Creature which has the ability to fly.		
DN_BlackLocustMortalCreatureR1.png	Black Locust	fpg-guardians/drifters-nexus/FpgGuardians-DriftersNexus-BlackLocust.png	default	mortal	Drifter's Nexus	DN	playerNDeck	Tragic/Bug			S	1		0							Y						Whichever player outbids the other in power stones wins control of this space.Locust's owner must start the biding at 1 power Stone.The winner must burn the number of stones he bids.Combat is cancelled and the Locust is discarded.Limit one per space per player		
DN_BrunoSmashmouthUnionBossMortalCreatureC1.png	Bruno Smashmouth, Union Boss	fpg-guardians/drifters-nexus/FpgGuardians-DriftersNexus-BrunoSmashmouthUnionBoss.png	default	mortal	Drifter's Nexus	DN	playerNDeck	Misc. Human			M	5		1	L	G	B										While Bruno is in play, if any of your primary attackers matches up against a Creature from the same class, your opponent's Creature returns to his Creature Pen.		
DN_BuzzVampireMosquitoMortalCreatureU3.png	Buzz, Vampire Mosquito	fpg-guardians/drifters-nexus/FpgGuardians-DriftersNexus-BuzzVampireMosquito.png	default	mortal	Drifter's Nexus	DN	playerNDeck	Bug/Undead		F	S	3		0				C									If Vampire beats an oppoent who has accepted channeling in this combat, your opponent loses 1 Power Stones.		
DN_CaddyMortalCreatureC1.png	Caddy	fpg-guardians/drifters-nexus/FpgGuardians-DriftersNexus-Caddy.png	default	mortal	Drifter's Nexus	DN	playerNDeck	Giant			L	18		9		G											Destroys Gopher.		
DN_CarragtheBlackMortalCreatureR2.png	Carrag the Black	fpg-guardians/drifters-nexus/FpgGuardians-DriftersNexus-CarragTheBlack.png	default	mortal	Drifter's Nexus	DN	playerNDeck	Wizard			M	5		0	L												+1 Vitality for each Undead in your discard pile.		
DN_ChickenheadMcCrackenMortalCreatureU1.png	Chickenhead McCracken	fpg-guardians/drifters-nexus/FpgGuardians-DriftersNexus-ChickenheadMcCracken.png	default	mortal	Drifter's Nexus	DN	playerNDeck	Outlaw			M	4		1		G											When Chickenhead is revealed as your Up-card, you may immediately remove up to 3 Gold Bribery Cards from your draw deck and add them to your Storage Hand. Reshuffle your draw deck afterwards.		
DN_ClamjackBomberMortalCreatureC3.png	Clamjack Bomber	fpg-guardians/drifters-nexus/FpgGuardians-DriftersNexus-ClamjackBomber.png	default	mortal	Drifter's Nexus	DN	playerNDeck	Clamjack			S	4		1			B			3							3 pt. ranged attack that only works in Swamps.		
DN_CrackhatchatLargeMortalCreatureU1.png	Crackhatch, at Large	fpg-guardians/drifters-nexus/FpgGuardians-DriftersNexus-CrackhatchAtLarge.png	default	mortal	Drifter's Nexus	DN	playerNDeck	Slag Beast			L	17		0													Immune to ranged attacks, +8 Vitality vs. Externals.		
DN_DeadeyeMcGrueMortalCreatureU3.png	Dead-eye McGrue	fpg-guardians/drifters-nexus/FpgGuardians-DriftersNexus-DeadEyeMcGrue.png	default	mortal	Drifter's Nexus	DN	playerNDeck	Outlaw			M	5		1													Destroys any Creature which has a ranged attack.		
DN_EatsCockroachKingMortalCreatureU2.png	Eats, Cockroach King	fpg-guardians/drifters-nexus/FpgGuardians-DriftersNexus-EatsCockroachKing.png	default	mortal	Drifter's Nexus	DN	playerNDeck	Bug			S	2	4	1	L												Immune to any Creature with an Off-Color Bonus of zero. Immune to fire.		
DN_GiantBabeMortalCreatureC1.png	Giant Babe	fpg-guardians/drifters-nexus/FpgGuardians-DriftersNexus-GiantBabe.png	default	mortal	Drifter's Nexus	DN	playerNDeck	Giant			L	10		0		G											+10 Vitality vs. Creatures bribable by Babes.		
DN_GiantShamanMortalCreatureR3.png	Giant Shaman	fpg-guardians/drifters-nexus/FpgGuardians-DriftersNexus-GiantShaman.png	default	mortal	Drifter's Nexus	DN	playerNDeck	Giant			L	4		0	L			C									While the Shaman is in play, all Giants can receive channeling, even if they normally cannot receive channeling.		
DN_GoatMortalCreatureU3.png	Goat	fpg-guardians/drifters-nexus/FpgGuardians-DriftersNexus-Goat.png	default	mortal	Drifter's Nexus	DN	playerNDeck	Barnyard Animal			S	4		0			B										If the Goat beats its primary match-up Creature, your opponent loses 1 Power Stone.		
DN_GoldenFleecerMortalCreatureU3.png	Golden Fleecer	fpg-guardians/drifters-nexus/FpgGuardians-DriftersNexus-GoldenFleecer.png	default	mortal	Drifter's Nexus	DN	playerNDeck	Misc. Human			M	5		1		G											Destroys any Creature with the ability to destroy another Creature.  Fleecer cannot be destroyed.		
DN_GolferMortalCreatureU2.png	Golfer	fpg-guardians/drifters-nexus/FpgGuardians-DriftersNexus-Golfer.png	default	mortal	Drifter's Nexus	DN	playerNDeck	Misc. Human			M	6		1	L		B			9							9 pt. ranged attack which can only be used against Large creatures.		
DN_GopherMortalCreatureU4.png	Gopher	fpg-guardians/drifters-nexus/FpgGuardians-DriftersNexus-Gopher.png	default	mortal	Drifter's Nexus	DN	playerNDeck	Animal			S	3		1	L												If Gopher survives combat over an opponent's Terrain Card, immediately flip the Terrain Card to make it a Face-down Terrain. Destroys Golfer.		
DN_IckyBugsMortalCreatureC3.png	Icky Bugs	fpg-guardians/drifters-nexus/FpgGuardians-DriftersNexus-IckyBugs.png	default	mortal	Drifter's Nexus	DN	playerNDeck	Bug			S	2		1		G											+4 Vitality vs. Creatures bribable by Gold.		
DN_JalupeeLoboMortalCreatureU4.png	Jalupee Lobo	fpg-guardians/drifters-nexus/FpgGuardians-DriftersNexus-JalupeeLobo.png	default	mortal	Drifter's Nexus	DN	playerNDeck	Animal			S	1		1		G	B				Y						After both sides have picked, but not shown, match-up cards, you must guess the size of your opponent's Creature (S, M, or L). If you guess correctly, add 2 Vitality to your Creature's Vitality.		
DN_LizardsoftheToastMortalCreatureR3.png	Lizards of the Toast	fpg-guardians/drifters-nexus/FpgGuardians-DriftersNexus-LizardsOfTheToast.png	default	mortal	Drifter's Nexus	DN	playerNDeck	Tragic			S	4		0	L												When the Lizards are played as a primary attacker, your opponent must show you all double-bordered cards in his Storage Hand and discard all Gold Bribery Cards.		
DN_PhilBarFlyMortalCreatureC2.png	Phil, Bar Fly	fpg-guardians/drifters-nexus/FpgGuardians-DriftersNexus-PhilBarFly.png	default	mortal	Drifter's Nexus	DN	playerNDeck	Bug		F	S	3		1			B										+1 Vitality for each other Creature bribable by Beer in play		
DN_PrinceoftheLostMortalCreatureC2.png	Prince of the Lost	fpg-guardians/drifters-nexus/FpgGuardians-DriftersNexus-PrinceOfTheLost.png	default	mortal	Drifter's Nexus	DN	playerNDeck	Knight			M	16		8		G											'+2 in Dry Heaps		
DN_ProfessorHeisenburgMortalCreatureR2.png	Professor Heisenburg	fpg-guardians/drifters-nexus/FpgGuardians-DriftersNexus-ProfessorHeisenburg.png	default	mortal	Drifter's Nexus	DN	playerNDeck	Misc. Human			M	1		1	L						Y						During primary match-ups, whenever you play a ranged attack, you may choose to roll 1d6. On a 5+, both your ranged attacker and its match-up opponent are destroyed.		
DN_RedMasterofShadowMortalCreatureC3.png	Red Master of Shadow	fpg-guardians/drifters-nexus/FpgGuardians-DriftersNexus-RedMasterOfShadow.png	default	mortal	Drifter's Nexus	DN	playerNDeck	Shadow Brotherhood			M	6		0													If the Red Master survives a combat over an opponent's non-rubbled Stronghold Card, that opponent loses two random cards from his Creature Pen.		
DN_RiverGiantMortal.png	River Giant	fpg-guardians/drifters-nexus/FpgGuardians-DriftersNexus-RiverGiant.png	default	mortal	Drifter's Nexus	DN	playerNDeck	Giant			L	12		3			B										When in Rivers and Lake, River Giant is immune to Elementals.		
DN_SoggybottomGertzMortalCreatureR3.png	Soggybottom Gertz	fpg-guardians/drifters-nexus/FpgGuardians-DriftersNexus-SoggybottomGertz.png	default	mortal	Drifter's Nexus	DN	playerNDeck	Outlaw			M	9		0			B										If Gertz is beaten in a match-up, you may immediately replace Gertz with any other Creature from your Combat Hand. The replacement Creature is considered beaten. Gertz returns to your Combat Hand.		
DN_TannikerSmithMortalCreatureC1.png	Tanniker Smith	fpg-guardians/drifters-nexus/FpgGuardians-DriftersNexus-TannikerSmith.png	default	mortal	Drifter's Nexus	DN	playerNDeck	Outlaw			M	7		0		G											+5 in Dry Heaps		
DN_ThiefofShadowMortalCreatureU4.png	Thief of Shadow	fpg-guardians/drifters-nexus/FpgGuardians-DriftersNexus-ThiefOfShadow.png	default	mortal	Drifter's Nexus	DN	playerNDeck	Shadow Brotherhood			M	5		0				C									If the Thief survives a combat over an opponent's non-rubbled Stronghold Card, your opponent loses 2 Power Stones.		
DN_TreeOgreMortalCreatureC2.png	Tree Ogre	fpg-guardians/drifters-nexus/FpgGuardians-DriftersNexus-TreeOgre.png	default	mortal	Drifter's Nexus	DN	playerNDeck	Ogre			L	13		2	L												No channeling vs. Ogre.+4 in the woods		
DN_UrufaQueenofGoblinsMortalCreatureR4.png	Urufa, Queen of Goblins	fpg-guardians/drifters-nexus/FpgGuardians-DriftersNexus-UrufaQueenOfGoblins.png	default	mortal	Drifter's Nexus	DN	playerNDeck	Goblin			S	3		0		G					Y						In primary match-ups, your Goblins must be beaten by at least 5 pts. or the result is a push.		
DN_ZeldaBagLadyBugMortalCreatureC2.png	Zelda, Bag Lady Bug	fpg-guardians/drifters-nexus/FpgGuardians-DriftersNexus-ZeldaBagLadyBug.png	default	mortal	Drifter's Nexus	DN	playerNDeck	Bug			S	2		0		G		C									+4 Vitality for each Item discarded from your Storage Hand.		
NP_BlueMountainLeechfootMortalCreatureUncom3.png	Blue Mountain Leechfoot	fpg-guardians/necropolis-park/FpgGuardians-NecropolisPark-BlueMountainLeechfoot.png	default	mortal	Necropolis Park	NP	playerNDeck	Leechfoot			S	8		1			B										If Leechfoot is beaten during primary match-ups, opponent must spend 1 Power Stone or Leechfoot returns to your Creature Pen at the end of combat.		
NP_BuffyEvilHornbagMortalCreatureUncom2.png	Buffy, Evil Hornbag	fpg-guardians/necropolis-park/FpgGuardians-NecropolisPark-BuffyEvilHornbag.png	default	mortal	Necropolis Park	NP	playerNDeck	Hornbag			M	5		1		G											If Buffy survives her primary match-up, your opponent must show you all double-bordered cards in his Storage Hand and discard all of his Beer Bribery cards.		
NP_FestusMortalCreatureCommon2.png	Festus	fpg-guardians/necropolis-park/FpgGuardians-NecropolisPark-Festus.png	default	mortal	Necropolis Park	NP	playerNDeck	Misc. Human			M	9		0			B										When fighting in Mountains, Festus destroys Externals.		
NP_HumahumaMortalCreatureCommon2.png	Humahuma	fpg-guardians/necropolis-park/FpgGuardians-NecropolisPark-Humahuma.png	default	mortal	Necropolis Park	NP	playerNDeck	Misc. Human			M	1		0		G											Destroys Saurians.		
NP_IshtarQueenoftheHeapMortalCreatureUncom1.png	Ishtar, Queen of the Heap	fpg-guardians/necropolis-park/FpgGuardians-NecropolisPark-IshtarQueenOfTheHeap.png	default	mortal	Necropolis Park	NP	playerNDeck	Slag Beast			M	3	9	0		G			5								channels to slag beasts only, even those that normally cannot accept channeling		
NP_JudgeDredgeMortalCreatureUncom3.png	Judge Dredge	fpg-guardians/necropolis-park/FpgGuardians-NecropolisPark-JudgeDredge.png	default	mortal	Necropolis Park	NP	playerNDeck	O-Men			M	6		2			B				Y						If this combat takes place on a Swamp, you gain 1 Power Stone.		
NP_KurganBlademasteroftheExiledMortalCreatureCommon2.png	Kurgan, Blademaster of the Exiled	fpg-guardians/necropolis-park/FpgGuardians-NecropolisPark-KurganBlademasterOfTheExiled.png	default	mortal	Necropolis Park	NP	playerNDeck	Knight			M	5		1		G	B										If this card is the only Knight in play, add +4 to Kurgan's Vitality. Immune to fear.		
NP_LucindaEvilHornbagMortalCreatureUncom2.png	Lucinda, Evil Hornbag	fpg-guardians/necropolis-park/FpgGuardians-NecropolisPark-LucindaEvilHornbag.png	default	mortal	Necropolis Park	NP	playerNDeck	Hornbag			L	5		1			B										If lucinda survives her primary match-up, your opponent must show you all double-bordered cards in his Storage Hand and discard all of his Gold Bribery Cards		
NP_MayorMcEvilMortalCreatureCommon2.png	Mayor McEvil	fpg-guardians/necropolis-park/FpgGuardians-NecropolisPark-MayorMcEvil.png	default	mortal	Necropolis Park	NP	playerNDeck	Mayor			L	5		1	L						Y						2 pt. AOE methane attack, +1 pt. for each Barnyard Animal immediately discarded from your Combat Hand.		
NP_MayorMcFoodMortalCreatureUncom1.png	Mayor McFood	fpg-guardians/necropolis-park/FpgGuardians-NecropolisPark-MayorMcFood.png	default	mortal	Necropolis Park	NP	playerNDeck	Mayor			L	4		0			B				Y						No Barnyard Animals may be used during this combat. Set them off to one side of the combat. They do not count toward control of the space, but CAN be attacked by secondary attackers.		
NP_MayorMcGreedMortalCreatureCommon2.png	Mayor McGreed	fpg-guardians/necropolis-park/FpgGuardians-NecropolisPark-MayorMcGreed.png	default	mortal	Necropolis Park	NP	playerNDeck	Mayor			L	3		1		G					Y						You can use any Gold Bribery Card in your Storage Hand as a ranged attack witha point value equal to its Up-number, but only if your primary match-up Creature is a Barnyard Animal.		
NP_OdiousClamjackMortalCreatureCommon2.png	Odious Clamjack	fpg-guardians/necropolis-park/FpgGuardians-NecropolisPark-OdiousClamjack.png	default	mortal	Necropolis Park	NP	playerNDeck	Clamjack			S	6		0			B										2 pt. AOE, +1 point to the AOE for every Swamp in play.		
NP_RyeBeanerMortalCreatureUncom2.png	Rye Beaner	fpg-guardians/necropolis-park/FpgGuardians-NecropolisPark-RyeBeaner.png	default	mortal	Necropolis Park	NP	playerNDeck	Local			M	-5		11	L	G	B	C			Y						Must be played as your Command Card. 3 pt. fire AOE that affects YOUR OWN Combat Hand. One local per space, per player.		
NP_SalesWeaselElementalCreatureUncom3.png	Sales Weasel	fpg-guardians/necropolis-park/FpgGuardians-NecropolisPark-SalesWeasel.png	default	mortal	Necropolis Park	NP	playerNDeck	Animal			S	4		0		G											When the Weasel is your primary attacker, your opponent must burn a Power Stone or the Weasel gains +6 Vitality.		
NP_ScampJonesMortalCreatureUncom2.png	Scamp Jones	fpg-guardians/necropolis-park/FpgGuardians-NecropolisPark-ScampJones.png	default	mortal	Necropolis Park	NP	playerNDeck	Local			M	-3		10	L	G	B	C			Y						Must be played as your Command Card. Does nothing. One Local per space, per player.		
NP_SilverServerMortalCreatureCommon2.png	Silver Server	fpg-guardians/necropolis-park/FpgGuardians-NecropolisPark-SilverServer.png	default	mortal	Necropolis Park	NP	playerNDeck	O-Men		F	M	7		0													+3 Vitality when fighting on a Terrainless disputed land space.		
NP_SneakyVarmitMortalCreatureCommon2.png	Sneaky Varmit	fpg-guardians/necropolis-park/FpgGuardians-NecropolisPark-SneakyVarmit.png	default	mortal	Necropolis Park	NP	playerNDeck	Varmit			S	3		0		G											If Sneaky Varmit survives its primary match-up, opponent must discard one random card from his Creature Pen, if possible.		
NP_SquibbyMortalCreatureUncom1.png	Squibby	fpg-guardians/necropolis-park/FpgGuardians-NecropolisPark-Squibby.png	default	mortal	Necropolis Park	NP	playerNDeck	Slag Beast			S	2		0													When Squibby is revealed as your Up-Card, you may immediately add Squibby to any of your Shields currently on The Dry Heaps Terrain and reveal a new Up-Card.		
NP_TheMinxMortalCreatureCommon2.png	The Minx	fpg-guardians/necropolis-park/FpgGuardians-NecropolisPark-TheMinx.png	default	mortal	Necropolis Park	NP	playerNDeck	Animal			M	4		1		G											If the Minx's primary match-up opponent is bribeable by Babes, the Minx immediately returns to your Combat Hand. Opponent's Creature remains as an Unchallenged Card in melee.		
NP_TinyWhiningCankerdMortalCreatureCommon2.png	Tiny Whining Cankerd	fpg-guardians/necropolis-park/FpgGuardians-NecropolisPark-TinyWhiningCankerd.png	default	mortal	Necropolis Park	NP	playerNDeck	Cankerd			S	5		2		G											+5 Vitality vs. Creatures which are immune to fear.		
NP_WandaEvilHornbagMortalCreatureUncom2.png	Wanda, Evil Hornbag	fpg-guardians/necropolis-park/FpgGuardians-NecropolisPark-WandaEvilHornbag.png	default	mortal	Necropolis Park	NP	playerNDeck	Hornbag			M	5		1		G											If Wanda survives her primary match-up, your opponent must show you all double-bordered cards in his Storage Hand and discard all of his Babes Bribery cards.		
RE_ShieldBromsAngelic083ShieldStarter.png	Shield Brom's Angelic 08	fpg-guardians/revised-edition/FpgGuardians-RevisedEdition-ShieldBromsAngelic08.png	default	shield	Revised Edition	RE	playerNDeck					8																	
RE_ShieldBromsAngelic09ShieldStarter.png	Shield Brom's Angelic 09	fpg-guardians/revised-edition/FpgGuardians-RevisedEdition-ShieldBromsAngelic09.png	default	shield	Revised Edition	RE	playerNDeck					9																	
RE_ShieldBromsAngelic10ShieldStarter.png	Shield Brom's Angelic 10	fpg-guardians/revised-edition/FpgGuardians-RevisedEdition-ShieldBromsAngelic10.png	default	shield	Revised Edition	RE	playerNDeck					10																	
RE_ShieldBromsAngelic11ShieldStarter.png	Shield Brom's Angelic 11	fpg-guardians/revised-edition/FpgGuardians-RevisedEdition-ShieldBromsAngelic11.png	default	shield	Revised Edition	RE	playerNDeck					11																	
RE_ShieldBromsAngelic123ShieldStarter.png	Shield Brom's Angelic 12	fpg-guardians/revised-edition/FpgGuardians-RevisedEdition-ShieldBromsAngelic12.png	default	shield	Revised Edition	RE	playerNDeck					12																	
RE_ShieldBromsDemonic04ShieldStarter.png	Shield Brom's Demonic 04	fpg-guardians/revised-edition/FpgGuardians-RevisedEdition-ShieldBromsDemonic04.png	default	shield	Revised Edition	RE	playerNDeck					4																	
RE_ShieldBromsDemonic082ShieldStarter.png	Shield Brom's Demonic 08	fpg-guardians/revised-edition/FpgGuardians-RevisedEdition-ShieldBromsDemonic08.png	default	shield	Revised Edition	RE	playerNDeck					8																	
RE_ShieldBromsDemonic103ShieldStarter.png	Shield Brom's Demonic 10	fpg-guardians/revised-edition/FpgGuardians-RevisedEdition-ShieldBromsDemonic10.png	default	shield	Revised Edition	RE	playerNDeck					10																	
RE_ShieldBromsDemonic12ShieldStarter.png	Shield Brom's Demonic 12	fpg-guardians/revised-edition/FpgGuardians-RevisedEdition-ShieldBromsDemonic12.png	default	shield	Revised Edition	RE	playerNDeck					12																	
RE_ShieldBromsDemonic142ShieldStarter.png	Shield Brom's Demonic 14	fpg-guardians/revised-edition/FpgGuardians-RevisedEdition-ShieldBromsDemonic14.png	default	shield	Revised Edition	RE	playerNDeck					14																	
RE_ShieldBromsDragon07ShieldStarter.png	Shield Brom's Dragon 07	fpg-guardians/revised-edition/FpgGuardians-RevisedEdition-ShieldBromsDragon07.png	default	shield	Revised Edition	RE	playerNDeck					7																	
RE_ShieldBromsDragon09ShieldStarter.png	Shield Brom's Dragon 09	fpg-guardians/revised-edition/FpgGuardians-RevisedEdition-ShieldBromsDragon09.png	default	shield	Revised Edition	RE	playerNDeck					9																	
RE_ShieldBromsDragon104ShieldStarter.png	Shield Brom's Dragon 10	fpg-guardians/revised-edition/FpgGuardians-RevisedEdition-ShieldBromsDragon10.png	default	shield	Revised Edition	RE	playerNDeck					10																	
RE_ShieldBromsDragon11ShieldStarter.png	Shield Brom's Dragon 11	fpg-guardians/revised-edition/FpgGuardians-RevisedEdition-ShieldBromsDragon11.png	default	shield	Revised Edition	RE	playerNDeck					11																	
RE_ShieldBromsDragon132ShieldStarter.png	Shield Brom's Dragon 13	fpg-guardians/revised-edition/FpgGuardians-RevisedEdition-ShieldBromsDragon13.png	default	shield	Revised Edition	RE	playerNDeck					13																	
RE_ShieldBromsSkull06ShieldStarter.png	Shield Brom's Skull 06	fpg-guardians/revised-edition/FpgGuardians-RevisedEdition-ShieldBromsSkull06.png	default	shield	Revised Edition	RE	playerNDeck					6																	
RE_ShieldBromsSkull07ShieldStarter.png	Shield Brom's Skull 07	fpg-guardians/revised-edition/FpgGuardians-RevisedEdition-ShieldBromsSkull07.png	default	shield	Revised Edition	RE	playerNDeck					7																	
RE_ShieldBromsSkull08ShieldStarter.png	Shield Brom's Skull 08	fpg-guardians/revised-edition/FpgGuardians-RevisedEdition-ShieldBromsSkull08.png	default	shield	Revised Edition	RE	playerNDeck					8																	
RE_ShieldBromsSkull09ShieldStarter.png	Shield Brom's Skull 09	fpg-guardians/revised-edition/FpgGuardians-RevisedEdition-ShieldBromsSkull09.png	default	shield	Revised Edition	RE	playerNDeck					9																	
RE_ShieldBromsSkull10ShieldStarter.png	Shield Brom's Skull 10	fpg-guardians/revised-edition/FpgGuardians-RevisedEdition-ShieldBromsSkull10.png	default	shield	Revised Edition	RE	playerNDeck					10																	
RE_ShieldBromsSkull11ShieldStarter.png	Shield Brom's Skull 11	fpg-guardians/revised-edition/FpgGuardians-RevisedEdition-ShieldBromsSkull11.png	default	shield	Revised Edition	RE	playerNDeck					11																	
RE_ShieldBromsSkull12ShieldStarter.png	Shield Brom's Skull 12	fpg-guardians/revised-edition/FpgGuardians-RevisedEdition-ShieldBromsSkull12.png	default	shield	Revised Edition	RE	playerNDeck					12																	
RE_ShieldBromsSkull13ShieldStarter.png	Shield Brom's Skull 13	fpg-guardians/revised-edition/FpgGuardians-RevisedEdition-ShieldBromsSkull13.png	default	shield	Revised Edition	RE	playerNDeck					13																	
RE_ShieldBromsSkull14ShieldStarter.png	Shield Brom's Skull 14	fpg-guardians/revised-edition/FpgGuardians-RevisedEdition-ShieldBromsSkull14.png	default	shield	Revised Edition	RE	playerNDeck					14																	
RE_ShieldMaitzsInsect06ShieldStarter.png	Shield Maitz's Insect 06	fpg-guardians/revised-edition/FpgGuardians-RevisedEdition-ShieldMaitzsInsect06.png	default	shield	Revised Edition	RE	playerNDeck					6																	
RE_ShieldMaitzsInsect07ShieldStarter.png	Shield Maitz's Insect 07	fpg-guardians/revised-edition/FpgGuardians-RevisedEdition-ShieldMaitzsInsect07.png	default	shield	Revised Edition	RE	playerNDeck					7																	
RE_ShieldMaitzsInsect08ShieldStarter.png	Shield Maitz's Insect 08	fpg-guardians/revised-edition/FpgGuardians-RevisedEdition-ShieldMaitzsInsect08.png	default	shield	Revised Edition	RE	playerNDeck					8																	
RE_ShieldMaitzsInsect102ShieldStarter.png	Shield Maitz's Insect 10	fpg-guardians/revised-edition/FpgGuardians-RevisedEdition-ShieldMaitzsInsect10.png	default	shield	Revised Edition	RE	playerNDeck					10																	
RE_ShieldMaitzsInsect11ShieldStarter.png	Shield Maitz's Insect 11	fpg-guardians/revised-edition/FpgGuardians-RevisedEdition-ShieldMaitzsInsect11.png	default	shield	Revised Edition	RE	playerNDeck					11																	
RE_ShieldMaitzsInsect12ShieldStarter.png	Shield Maitz's Insect 12	fpg-guardians/revised-edition/FpgGuardians-RevisedEdition-ShieldMaitzsInsect12.png	default	shield	Revised Edition	RE	playerNDeck					12																	
RE_ShieldMaitzsInsect13ShieldStarter.png	Shield Maitz's Insect 13	fpg-guardians/revised-edition/FpgGuardians-RevisedEdition-ShieldMaitzsInsect13.png	default	shield	Revised Edition	RE	playerNDeck					13																	
RE_ShieldMaitzsInsect143ShieldStarter.png	Shield Maitz's Insect 14	fpg-guardians/revised-edition/FpgGuardians-RevisedEdition-ShieldMaitzsInsect14.png	default	shield	Revised Edition	RE	playerNDeck					14																	
RE_ShieldMaitzsLightning02ShieldStarter.png	Shield Maitz's Lightning 02	fpg-guardians/revised-edition/FpgGuardians-RevisedEdition-ShieldMaitzsLightning02.png	default	shield	Revised Edition	RE	playerNDeck					2																	
RE_ShieldMaitzsLightning05ShieldStarter.png	Shield Maitz's Lightning 05	fpg-guardians/revised-edition/FpgGuardians-RevisedEdition-ShieldMaitzsLightning05.png	default	shield	Revised Edition	RE	playerNDeck					5																	
RE_ShieldMaitzsLightning09ShieldStarter.png	Shield Maitz's Lightning 09	fpg-guardians/revised-edition/FpgGuardians-RevisedEdition-ShieldMaitzsLightning09.png	default	shield	Revised Edition	RE	playerNDeck					9																	
RE_ShieldMaitzsLightning102ShieldStarter.png	Shield Maitz's Lightning 10	fpg-guardians/revised-edition/FpgGuardians-RevisedEdition-ShieldMaitzsLightning10.png	default	shield	Revised Edition	RE	playerNDeck					10																	
RE_ShieldMaitzsLightning12ShieldStarter.png	Shield Maitz's Lightning 12	fpg-guardians/revised-edition/FpgGuardians-RevisedEdition-ShieldMaitzsLightning12.png	default	shield	Revised Edition	RE	playerNDeck					12																	
RE_ShieldMaitzsLightning143ShieldStarter.png	Shield Maitz's Lightning 14	fpg-guardians/revised-edition/FpgGuardians-RevisedEdition-ShieldMaitzsLightning14.png	default	shield	Revised Edition	RE	playerNDeck					14																	
RE_ShieldPloogsChicken073ShieldStarter.png	Shield Ploog's Chicken 07	fpg-guardians/revised-edition/FpgGuardians-RevisedEdition-ShieldPloogsChicken07.png	default	shield	Revised Edition	RE	playerNDeck					7																	
RE_ShieldPloogsChicken08ShieldStarter.png	Shield Ploog's Chicken 08	fpg-guardians/revised-edition/FpgGuardians-RevisedEdition-ShieldPloogsChicken08.png	default	shield	Revised Edition	RE	playerNDeck					8																	
RE_ShieldPloogsChicken10ShieldStarter.png	Shield Ploog's Chicken 10	fpg-guardians/revised-edition/FpgGuardians-RevisedEdition-ShieldPloogsChicken10.png	default	shield	Revised Edition	RE	playerNDeck					10																	
RE_ShieldPloogsChicken11ShieldStarter.png	Shield Ploog's Chicken 11	fpg-guardians/revised-edition/FpgGuardians-RevisedEdition-ShieldPloogsChicken11.png	default	shield	Revised Edition	RE	playerNDeck					11																	
RE_ShieldPloogsChicken12ShieldStarter.png	Shield Ploog's Chicken 12	fpg-guardians/revised-edition/FpgGuardians-RevisedEdition-ShieldPloogsChicken12.png	default	shield	Revised Edition	RE	playerNDeck					12																	
RE_ShieldPloogsChicken142ShieldStarter.png	Shield Ploog's Chicken 14	fpg-guardians/revised-edition/FpgGuardians-RevisedEdition-ShieldPloogsChicken14.png	default	shield	Revised Edition	RE	playerNDeck					14																	
RE_ShieldPloogsOx07ShieldStarter.png	Shield Ploog's Ox 07	fpg-guardians/revised-edition/FpgGuardians-RevisedEdition-ShieldPloogsOx07.png	default	shield	Revised Edition	RE	playerNDeck					7																	
RE_ShieldPloogsOx08ShieldStarter.png	Shield Ploog's Ox 08	fpg-guardians/revised-edition/FpgGuardians-RevisedEdition-ShieldPloogsOx08.png	default	shield	Revised Edition	RE	playerNDeck					8																	
RE_ShieldPloogsOx09ShieldStarter.png	Shield Ploog's Ox 09	fpg-guardians/revised-edition/FpgGuardians-RevisedEdition-ShieldPloogsOx09.png	default	shield	Revised Edition	RE	playerNDeck					9																	
RE_ShieldPloogsOx103ShieldStarter.png	Shield Ploog's Ox 10	fpg-guardians/revised-edition/FpgGuardians-RevisedEdition-ShieldPloogsOx10.png	default	shield	Revised Edition	RE	playerNDeck					10																	
RE_ShieldPloogsOx11ShieldStarter.png	Shield Ploog's Ox 11	fpg-guardians/revised-edition/FpgGuardians-RevisedEdition-ShieldPloogsOx11.png	default	shield	Revised Edition	RE	playerNDeck					11																	
RE_ShieldPloogsOx12ShieldStarter.png	Shield Ploog's Ox 12	fpg-guardians/revised-edition/FpgGuardians-RevisedEdition-ShieldPloogsOx12.png	default	shield	Revised Edition	RE	playerNDeck					12																	
RE_ShieldPloogsOx13ShieldStarter.png	Shield Ploog's Ox 13	fpg-guardians/revised-edition/FpgGuardians-RevisedEdition-ShieldPloogsOx13.png	default	shield	Revised Edition	RE	playerNDeck					13																	
RE_ShieldWarholasSnakes093ShieldStarter.png	Shield Warhola's Snakes 09	fpg-guardians/revised-edition/FpgGuardians-RevisedEdition-ShieldWarholasSnakes09.png	default	shield	Revised Edition	RE	playerNDeck					9																	
RE_ShieldWarholasSnakes103ShieldStarter.png	Shield Warhola's Snakes 10	fpg-guardians/revised-edition/FpgGuardians-RevisedEdition-ShieldWarholasSnakes10.png	default	shield	Revised Edition	RE	playerNDeck					10																	
RE_ShieldWarholasSnakes113ShieldStarter.png	Shield Warhola's Snakes 11	fpg-guardians/revised-edition/FpgGuardians-RevisedEdition-ShieldWarholasSnakes11.png	default	shield	Revised Edition	RE	playerNDeck					11																	
DI_ShieldBromsGoblin4ShieldCommon14.png	Shield Brom's Goblin 04	fpg-guardians/dagger-isle/FpgGuardians-DaggerIsle-ShieldBromsGoblin04.png	default	shield	Dagger Isle	DI	playerNDeck					12																	
DI_ShieldBromsGoblin8ShieldCommon14.png	Shield Brom's Goblin 08	fpg-guardians/dagger-isle/FpgGuardians-DaggerIsle-ShieldBromsGoblin08.png	default	shield	Dagger Isle	DI	playerNDeck					16																	
DI_ShieldBromsGoblin12ShieldCommon14.png	Shield Brom's Goblin 12	fpg-guardians/dagger-isle/FpgGuardians-DaggerIsle-ShieldBromsGoblin12.png	default	shield	Dagger Isle	DI	playerNDeck					4																	
DI_ShieldBromsGoblin16ShieldCommon14.png	Shield Brom's Goblin 16	fpg-guardians/dagger-isle/FpgGuardians-DaggerIsle-ShieldBromsGoblin16.png	default	shield	Dagger Isle	DI	playerNDeck					8																	
DN_DemBones14C1.png	Shield Dem Bones 14	fpg-guardians/drifters-nexus/FpgGuardians-DriftersNexus-ShieldDemBones14.png	default	shield	Drifter's Nexus	DN	playerNDeck					14																	
DN_DemBones16C1.png	Shield Dem Bones 16	fpg-guardians/drifters-nexus/FpgGuardians-DriftersNexus-ShieldDemBones16.png	default	shield	Drifter's Nexus	DN	playerNDeck					16																	
DN_DemBones3C1.png	Shield Dem Bones 3	fpg-guardians/drifters-nexus/FpgGuardians-DriftersNexus-ShieldDemBones3.png	default	shield	Drifter's Nexus	DN	playerNDeck					3																	
DN_DemBones7C1.png	Shield Dem Bones 7	fpg-guardians/drifters-nexus/FpgGuardians-DriftersNexus-ShieldDemBones7.png	default	shield	Drifter's Nexus	DN	playerNDeck					7																	
NP_EgyptianmotifShield15Common2.png	Egyptian motif 15	fpg-guardians/necropolis-park/FpgGuardians-NecropolisPark-EgyptianMotif15.png	default	shield	Necropolis Park	NP	playerNDeck					15																	
NP_EgyptianmotifShield5Common2.png	Egyptian motif 5	fpg-guardians/necropolis-park/FpgGuardians-NecropolisPark-EgyptianMotif5.png	default	shield	Necropolis Park	NP	playerNDeck					5																	
DI_ShieldTerrainBromsAngelicShieldTerrainCommon1.png	Shield / Terrain Brom's Angelic	fpg-guardians/dagger-isle/FpgGuardians-DaggerIsle-ShieldTerrainBromsAngelic.png	default	shield/terrain	Dagger Isle	DI	playerNDeck					8															Shield/Terrain Use as either a Terrain Card or as a Shield Card. If used as a Shield Card, the space this Shield is on now has a 25-point Vitality limit.		
DI_ShieldTerrainBromsDemonicShieldTerrainCommon1.png	Shield / Terrain Brom's Demonic	fpg-guardians/dagger-isle/FpgGuardians-DaggerIsle-ShieldTerrainBromsDemonic.png	default	shield/terrain	Dagger Isle	DI	playerNDeck					8															Shield/Terrain Use as either a Terrain Card or as a Shield Card. If used as a Shield Card, the space this Shield is on now has a 25-point Vitality limit.		
DI_ShieldTerrainBromsDragonShieldTerrainCommon1.png	Shield / Terrain Brom's Dragon	fpg-guardians/dagger-isle/FpgGuardians-DaggerIsle-ShieldTerrainBromsDragon.png	default	shield/terrain	Dagger Isle	DI	playerNDeck					9															Shield/Terrain Use as either a Terrain Card or as a Shield Card. If used as a Shield Card, the space this Shield is on now has a 25-point Vitality limit.		
DI_ShieldTerrainBromsGoblinShieldTerrainCommon1.png	Shield / Terrain Brom's Goblin	fpg-guardians/dagger-isle/FpgGuardians-DaggerIsle-ShieldTerrainBromsGoblin.png	default	shield/terrain	Dagger Isle	DI	playerNDeck					12															Shield/Terrain Use as either a Terrain Card or as a Shield Card. If used as a Shield Card, the space this Shield is on now has a 25-point Vitality limit.		
DI_ShieldTerrainBromsSkullShieldTerrainCommon1.png	Shield / Terrain Brom's Skull	fpg-guardians/dagger-isle/FpgGuardians-DaggerIsle-ShieldTerrainBromsSkull.png	default	shield/terrain	Dagger Isle	DI	playerNDeck					8															Shield/Terrain Use as either a Terrain Card or as a Shield Card. If used as a Shield Card, the space this Shield is on now has a 25-point Vitality limit.		
DI_ShieldTerrainMaitzsInsectShieldTerrainCommon1.png	Shield / Terrain Maitz's Insect	fpg-guardians/dagger-isle/FpgGuardians-DaggerIsle-ShieldTerrainMaitzsInsect.png	default	shield/terrain	Dagger Isle	DI	playerNDeck					10															Shield/Terrain Use as either a Terrain Card or as a Shield Card. If used as a Shield Card, the space this Shield is on now has a 25-point Vitality limit.		
DI_ShieldTerrainMaitzsLightningShieldTerrainCommon1.png	Shield / Terrain Maitz's Lightning	fpg-guardians/dagger-isle/FpgGuardians-DaggerIsle-ShieldTerrainMaitzsLightning.png	default	shield/terrain	Dagger Isle	DI	playerNDeck					14															Shield/Terrain Use as either a Terrain Card or as a Shield Card. If used as a Shield Card, the space this Shield is on now has a 25-point Vitality limit.		
DI_ShieldTerrainPloogsOxShieldTerrainCommon1.png	Shield / Terrain Ploog's Chicken	fpg-guardians/dagger-isle/FpgGuardians-DaggerIsle-ShieldTerrainPloogsChicken.png	default	shield/terrain	Dagger Isle	DI	playerNDeck					6															Shield/Terrain Use as either a Terrain Card or as a Shield Card. If used as a Shield Card, the space this Shield is on now has a 25-point Vitality limit.		
DI_ShieldTerrainPloogsRoosterShieldTerrainCommon1.png	Shield / Terrain Ploog's Ox	fpg-guardians/dagger-isle/FpgGuardians-DaggerIsle-ShieldTerrainPloogsOx.png	default	shield/terrain	Dagger Isle	DI	playerNDeck					9															Shield/Terrain Use as either a Terrain Card or as a Shield Card. If used as a Shield Card, the space this Shield is on now has a 25-point Vitality limit.		
DI_ShieldTerrainWarholasSnakesShieldTerrainCommon1.png	Shield / Terrain Warhola's Snakes	fpg-guardians/dagger-isle/FpgGuardians-DaggerIsle-ShieldTerrainWarholasSnakes.png	default	shield/terrain	Dagger Isle	DI	playerNDeck					10															Shield/Terrain Use as either a Terrain Card or as a Shield Card. If used as a Shield Card, the space this Shield is on now has a 25-point Vitality limit.		
DN_DemBonesShieldTerrainU3.png	Shield / Terrain Dem Bones	fpg-guardians/drifters-nexus/FpgGuardians-DriftersNexus-ShieldTerrainDemBones.png	default	shield/terrain	Drifter's Nexus	DN	playerNDeck					15															Shield/Terrain Use as either a Terrain Card or as a Shield Card. If used as a Shield Card, the space this Shield is on now has a 25-point Vitality limit.		
NP_EgyptianmotifShieldTerrainUncom2.png	Shield / Terrain Egyptian motif	fpg-guardians/necropolis-park/FpgGuardians-NecropolisPark-ShieldTerrainEgyptianMotif.png	default	shield/terrain	Necropolis Park	NP	playerNDeck					7															Shield (25pt limit) / Terrain (No bonuses)		
RE_ControlDestinySpellUncommon1.png	Control Destiny	fpg-guardians/revised-edition/FpgGuardians-RevisedEdition-ControlDestiny.png	default	spell	Revised Edition	RE	playerNDeck					15															Look at top six face-down cards of from your deck. Place them back in any order you wish.  Place cards you don't want at the bottom of your deck. Play at the start of any turn after you pull your Up-card.		
RE_DetectLifeForceSpellCommon1.png	Detect Life Force	fpg-guardians/revised-edition/FpgGuardians-RevisedEdition-DetectLifeForce.png	default	spell	Revised Edition	RE	playerNDeck					16															Play on an enemy space. Opponent must tell you the total Vitality on the space. Play at any time		
RE_DispelMagicSpellCommon2.png	Dispel Magic	fpg-guardians/revised-edition/FpgGuardians-RevisedEdition-DispelMagic.png	default	spell	Revised Edition	RE	playerNDeck					3															Negates any Spell, Item, or Command Card effect (but not channeling).		
RE_EnergyEaterSpellCommon1.png	Energy Eater	fpg-guardians/revised-edition/FpgGuardians-RevisedEdition-EnergyEater.png	default	spell	Revised Edition	RE	playerNDeck					4															Play when your opponent's Guardian channels. Opponent must SUBTRACT the value of the channeling instead of adding it to his target Creature.		
RE_EyeofLongSpyingSpellCommon1.png	Eye of Long Spying	fpg-guardians/revised-edition/FpgGuardians-RevisedEdition-EyeOfLongSpying.png	default	spell	Revised Edition	RE	playerNDeck					6															View opponent's Storage Hand.		
RE_ForceBarrierSpellRare2.png	Force Barrier	fpg-guardians/revised-edition/FpgGuardians-RevisedEdition-ForceBarrier.png	default	spell	Revised Edition	RE	playerNDeck					16															Play on any space after turning your Up-card, but before moving your Shields. No movement into, out of or over the space until next turn. Costs one Power Stone. Only one Force Barrier per player may be in effect at a time.		
RE_HelmoftheBrotherhoodSpellRare2.png	Helm of the BrotherHood	fpg-guardians/revised-edition/FpgGuardians-RevisedEdition-HelmOfTheBrotherHood.png	default	spell	Revised Edition	RE	playerNDeck					18															Look at top five face down cards from opponent's deck. Place them back in any order. Any cards may be placed on the bottom of the deck. Play immediately after Up-cards have been played.		
RE_IceStormSpellCommon1.png	Ice Storm	fpg-guardians/revised-edition/FpgGuardians-RevisedEdition-IceStorm.png	default	spell	Revised Edition	RE	playerNDeck					5															Play instead of a Command Card. All flyers are hit by a 7 pt. AOE attack. Good for one combat only, spell effects flyers on BOTH sides.		
RE_MagicFeedbackSpellUncommon1.png	Magic Feedback	fpg-guardians/revised-edition/FpgGuardians-RevisedEdition-MagicFeedback.png	default	spell	Revised Edition	RE	playerNDeck					2															Destroy any creature who has just channeled (except guardians). Channeling is canceled.		
RE_MakeJuiceSpellCommon2.png	Make Juice	fpg-guardians/revised-edition/FpgGuardians-RevisedEdition-MakeJuice.png	default	spell	Revised Edition	RE	playerNDeck					4															Add one Power Stone. Play any time.		
RE_PepesSlowDownSpellUncommon2.png	Pepe's Slow Down	fpg-guardians/revised-edition/FpgGuardians-RevisedEdition-PepesSlowDown.png	default	spell	Revised Edition	RE	playerNDeck					13															Play before opponent moves any Shields at the beginning of a turn. All your opponent's Shields can only move 1 space this turn.		
RE_PowerLunchSpellCommon2.png	Power Lunch	fpg-guardians/revised-edition/FpgGuardians-RevisedEdition-PowerLunch.png	default	spell	Revised Edition	RE	playerNDeck					4															When played during combat, any one Creature may receive channeling for one match-up.		
RE_St.BallantinesEvocationSpellCommon1.png	St. Ballantine's Evocation	fpg-guardians/revised-edition/FpgGuardians-RevisedEdition-StBallantinesEvocation.png	default	spell	Revised Edition	RE	playerNDeck					11															When played on your Knight currently in a match-up, both the Knight and its opponent are destroyed.		
RE_SummonGravityWellSpellCommon1.png	Summon Gravity Well	fpg-guardians/revised-edition/FpgGuardians-RevisedEdition-SummonGravityWell.png	default	spell	Revised Edition	RE	playerNDeck					3															Play when opponent is flying a Shield. This spell stops the Shield from moving at all (still remains turned). Also, the targeted player may not fly any other Shields this turn.		
RE_SummonsGateSpellRare2.png	Summons Gate	fpg-guardians/revised-edition/FpgGuardians-RevisedEdition-SummonsGate.png	default	spell	Revised Edition	RE	playerNDeck					18															Play during your movement turn. You can move any Demons and Devils from your Creature Pen to any one of your turned Shields.		
RE_VitalesDarkCloudSpellUncommon1.png	Vitales Dark Cloud	fpg-guardians/revised-edition/FpgGuardians-RevisedEdition-VitalesDarkCloud.png	default	spell	Revised Edition	RE	playerNDeck					8															4 pt. AOE attack. Play instead of a Command Card.		
DI_ArcaneInfusionSpellCommon1.png	Arcane Infusion	fpg-guardians/dagger-isle/FpgGuardians-DaggerIsle-ArcaneInfusion.png	default	spell	Dagger Isle	DI	playerNDeck					17															Discard a Creature beneath one of your turned Shields not on an empty disputed land space. Unturn that Shield.		
DI_ArgammondsVisionSpellCommon3.png	Argammond's Vision	fpg-guardians/dagger-isle/FpgGuardians-DaggerIsle-ArgammondsVision.png	default	spell	Dagger Isle	DI	playerNDeck					5															Play immediately after Up-cards have been revealed. One opponent of your choice must discard his/her Up-card and reveal another.		
DI_AssassinofShadowSpellCommon2.png	Assassin of Shadow	fpg-guardians/dagger-isle/FpgGuardians-DaggerIsle-AssassinOfShadow.png	default	spell	Dagger Isle	DI	playerNDeck					16															Play during Draw and Organize Phase.  Look at any one opponent's draw deck for one minute and discard any one Creature from it.  Reshuffle the deck.		
DI_ChannelingFluxSpellCommon4.png	Channeling Flux	fpg-guardians/dagger-isle/FpgGuardians-DaggerIsle-ChannelingFlux.png	default	spell	Dagger Isle	DI	playerNDeck					9															Play during the Draw and Organize Phase. Your Guardian's CMP is raised to 20 for this turn.		
DI_CrashSpellCommon3.png	Crash	fpg-guardians/dagger-isle/FpgGuardians-DaggerIsle-Crash.png	default	spell	Dagger Isle	DI	playerNDeck					2															When you are the active player, you may pass once without turning a Shield.		
DI_CurseoftheBetrayedSpellCommon3.png	Curse of the Betrayed	fpg-guardians/dagger-isle/FpgGuardians-DaggerIsle-CurseOfTheBetrayed.png	default	spell	Dagger Isle	DI	playerNDeck					13															Play during Draw and Organize Phase. Choose an opponent, then select any Spell or non-Creature Magic Item. That opponent may not play the card you selected this turn. This Spell can NOT be dispelled.		
DI_CuthberttheResurrectorSpellRare4.png	Cuthbert the Resurrector	fpg-guardians/dagger-isle/FpgGuardians-DaggerIsle-CuthbertTheResurrector.png	default	spell	Dagger Isle	DI	playerNDeck					5															Play during the Draw and Organize Phase.  Pick any Creature from your discard pile as one of your draw cards. You must show your opponent the Creature you pick.		
DI_EssenceofBabeitudeSpellCommon2.png	Essence of Babeitude	fpg-guardians/dagger-isle/FpgGuardians-DaggerIsle-EssenceOfBabeitude.png	default	spell	Dagger Isle	DI	playerNDeck					9															Play as a Command Card. Opponent must show you all cards in his/her combat hand which can be bribed by Babes. Choose one and consider that card to be bribed.		
DI_FamineSpellRare2.png	Famine	fpg-guardians/dagger-isle/FpgGuardians-DaggerIsle-Famine.png	default	spell	Dagger Isle	DI	playerNDeck					15															Place Famine on any Shield on a disputed land space during the Draw and Organize Phase. That Shield loses one Creature every Terrain Phase until Famine is discarded. Discard Famine when the Shield enters one of its owner's Stronghold cards.		
DI_HeisenburgsMissilesSpellCommon3.png	Heisenburg's Missiles	fpg-guardians/dagger-isle/FpgGuardians-DaggerIsle-HeisenburgsMissiles.png	default	spell	Dagger Isle	DI	playerNDeck					14															Play when an opponent uses a ranged attack. The ranged attck acts as if you played it.		
DI_HowloftheDeadSpellCommon1.png	Howl of the Dead	fpg-guardians/dagger-isle/FpgGuardians-DaggerIsle-HowlOfTheDead.png	default	spell	Dagger Isle	DI	playerNDeck					16															Play as a Command Card.  All of your Undead lost in this combat are returned to your Creature Pen.		
DI_KasmirsBlitzSpellCommon3.png	Kasmir's Blitz	fpg-guardians/dagger-isle/FpgGuardians-DaggerIsle-KasmirsBlitz.png	default	spell	Dagger Isle	DI	playerNDeck					18															Play in combat after casualties have been removed, but before ownership of the space is finalized. All remaining Creatures must fight another full round of combat.		
DI_OngoAirTrafficControllerSpellRare3.png	Ongo, Air Traffic Controller	fpg-guardians/dagger-isle/FpgGuardians-DaggerIsle-OngoAirTrafficController.png	default	spell	Dagger Isle	DI	playerNDeck					18															Play during Movement and Combat Phase. This turn, you may fly two Shields which have the ability to fly.		
DI_PeaceSpellCommon1.png	Peace	fpg-guardians/dagger-isle/FpgGuardians-DaggerIsle-Peace.png	default	spell	Dagger Isle	DI	playerNDeck					19															Play after Up-Cards are revealed.  Go directly to the Terrain Settlement Phase. Costs 1 Power Stone to play.		
DI_PestilenceSpellRare1.png	Pestilence	fpg-guardians/dagger-isle/FpgGuardians-DaggerIsle-Pestilence.png	default	spell	Dagger Isle	DI	playerNDeck					16															Play during Terrain Settlement Phase.  All Players must discard one Creature from each of their Shields in the disputed lands. Costs 1 Power Stone per opponent to play. Only one Pestilence may be played per player per turn.		
DI_PhaseAssassinSpellRare3.png	Phase Assassin	fpg-guardians/dagger-isle/FpgGuardians-DaggerIsle-PhaseAssassin.png	default	spell	Dagger Isle	DI	playerNDeck					13															Play at the beginning of the Draw and Organize Phase. For each Power Stone you burn, one of your opponents draws one less card.		
DI_PirateDoubleCrossSpellCommon4.png	Pirate Double Cross	fpg-guardians/dagger-isle/FpgGuardians-DaggerIsle-PirateDoubleCross.png	default	spell	Dagger Isle	DI	playerNDeck					11															Play after one of your Pirates is bribed.  Instead of returning to your Creature Pen, the Pirate and its match-up opponent are turned into unchallenged cards in melee.		
DI_PirateRaidingPartySpellCommon3.png	Pirate Raiding Party	fpg-guardians/dagger-isle/FpgGuardians-DaggerIsle-PirateRaidingParty.png	default	spell	Dagger Isle	DI	playerNDeck					13															Play after you win a combat. If you have at least two surviving Pirates on the space, you gain 1 Power Stone while your opponent loses 1 Power Stone.		
DI_SantasBeerSledSpellCommon2.png	Santa's Beer Sled	fpg-guardians/dagger-isle/FpgGuardians-DaggerIsle-SantasBeerSled.png	default	spell	Dagger Isle	DI	playerNDeck					7															Play as a Command Card. Opponent must show you all cards in his/her combat hand which can be bribed by Beer. Choose one and consider that card to be bribed.		
DI_SeraphimSpellCommon3.png	Seraphim	fpg-guardians/dagger-isle/FpgGuardians-DaggerIsle-Seraphim.png	default	spell	Dagger Isle	DI	playerNDeck					18															Play immediately after an opponent uses a ranged attack. Cancel that ranged attack. No more ranged attacks are allowed during this combat by that opponent.		
DI_SoooooooulMirrorSpellRare2.png	Sooooooul Mirror	fpg-guardians/dagger-isle/FpgGuardians-DaggerIsle-SooooooulMirror.png	default	spell	Dagger Isle	DI	playerNDeck					12															Play as a Commmand Card. All of your primary attackers in this combat are considered the same Creature Class as your first match-up Creature.		
DI_SpectresWardSpellCommon3.png	Spectre's Ward	fpg-guardians/dagger-isle/FpgGuardians-DaggerIsle-SpectresWard.png	default	spell	Dagger Isle	DI	playerNDeck					13															All double-bordered cards cost 1 additional Power Stone to play for the remainder of this turn.		
DI_SummonDimensionalFireWellSpellRare2.png	Summon Dimensional Fire Well	fpg-guardians/dagger-isle/FpgGuardians-DaggerIsle-SummonDimensionalFireWell.png	default	spell	Dagger Isle	DI	playerNDeck					11															Play during the Draw and Organize Phase. Rubble one of your Stronghold cards. Discard any of your Creatures on or under the card. Make your Guardian's total number of Power Stones 5.		
DI_SummonLoghammersSapperSpellRare3.png	Summon Loghammer's Sapper	fpg-guardians/dagger-isle/FpgGuardians-DaggerIsle-SummonLoghammersSapper.png	default	spell	Dagger Isle	DI	playerNDeck					17															Play at any time. Destroy any one Stronghold Upgrade.		
DI_TheHandofChronosSpellRare2.png	The Hand of Chronos	fpg-guardians/dagger-isle/FpgGuardians-DaggerIsle-TheHandOfChronos.png	default	spell	Dagger Isle	DI	playerNDeck					6															Play after Terrain Settlement Phase. All players go directly to Movement and Combat Phase. Old Up-Cards are discarded. Costs 2 Power Stones to play.		
DI_WarSpellCommon4.png	War	fpg-guardians/dagger-isle/FpgGuardians-DaggerIsle-War.png	default	spell	Dagger Isle	DI	playerNDeck					6															Play after using a Shield's movement option. Immediately use another of your Shield's movement options.		
DI_WarwicksAuraSpellCommon2.png	Warwick's Aura	fpg-guardians/dagger-isle/FpgGuardians-DaggerIsle-WarwicksAura.png	default	spell	Dagger Isle	DI	playerNDeck					3															Play during D&O replace opponent's Standard Bearer with dead Shield		
DI_WorkCrewSpellRare3.png	Work Crew	fpg-guardians/dagger-isle/FpgGuardians-DaggerIsle-WorkCrew.png	default	spell	Dagger Isle	DI	playerNDeck					19															Play on an opponent's Stronghold space during the Terrain Phase.Your opponent may not add any cards from this space to his/her storage hand during the next turn and may not place any new cards on this space during the next D and O phase.Costs 1 Power Stone to play.		
DI_YapAttackSpellCommon2.png	Yap Attack	fpg-guardians/dagger-isle/FpgGuardians-DaggerIsle-YapAttack.png	default	spell	Dagger Isle	DI	playerNDeck					17															Play as a Command Card. Opponent must show you all cards in his/her combat hand which can be bribed by Gold. Choose one and consider it to be bribed.		
DN_EtherwaveMagnaLockSpellU1.png	Etherwave Magna Lock	fpg-guardians/drifters-nexus/FpgGuardians-DriftersNexus-EtherwaveMagnaLock.png	default	spell	Drifter's Nexus	DN	playerNDeck					30															Play on one of your Creatures which is in a match-up with a flying Creature.  Both Creatures are destroyed.		
DN_GatewayToMystfallSpellR1.png	Gateway To Mystfall	fpg-guardians/drifters-nexus/FpgGuardians-DriftersNexus-GatewayToMystfall.png	default	spell	Drifter's Nexus	DN	playerNDeck					8															Play during Draw and Organize Phase. Bring up to 10 Vitality of Faires from your discard pile into your Storage Hand. Costs 1 Stone to play.		
DN_GrunwaldTheUsurperSpellR4.png	Grunwald The Usurper	fpg-guardians/drifters-nexus/FpgGuardians-DriftersNexus-GrunwaldTheUsurper.png	default	spell	Drifter's Nexus	DN	playerNDeck					19															Play during the Draw and Organize Phase, prior to drawing cards. Treat all Terrain Cards without a Shield on them as under your control for determining number of cards drawn this turn.		
DN_HostageCrisisSpellU2.png	Hostage Crisis	fpg-guardians/drifters-nexus/FpgGuardians-DriftersNexus-HostageCrisis.png	default	spell	Drifter's Nexus	DN	playerNDeck					20															Play during the Terrain Settlement Phase. One opponent of your choice must show you the contents of his Creature Pen. Gain 1 Power Stone for every Creature in the Creature Pen.		
DN_MasterTacticianSpellC1.png	Master Tactician	fpg-guardians/drifters-nexus/FpgGuardians-DriftersNexus-MasterTactician.png	default	spell	Drifter's Nexus	DN	playerNDeck					6															Play when one of your Shields is forced to retreat. That Shield may retreat to ANY adjacent unoccupied disputed land space.		
DN_PlanesofEntropySpellC1.png	Planes of Entropy	fpg-guardians/drifters-nexus/FpgGuardians-DriftersNexus-PlanesOfEntropy.png	default	spell	Drifter's Nexus	DN	playerNDeck					4															Play during Draw and Organize Phase. Ignore the number of cards you are currently permitted to draw. Draw 1d6 cards instead.		
DN_PressLeakSpellU4.png	Press Leak	fpg-guardians/drifters-nexus/FpgGuardians-DriftersNexus-PressLeak.png	default	spell	Drifter's Nexus	DN	playerNDeck					5															Play as a Command Card. Your opponent must play the remainder of combat with his Combat Hand face-up. You must pick but not show your match-up cards first.		
DN_PulseWaveSpellC4.png	Pulse Wave	fpg-guardians/drifters-nexus/FpgGuardians-DriftersNexus-PulseWave.png	default	spell	Drifter's Nexus	DN	playerNDeck					4															Play as a Command Card. All of your channeling receivers are +2 Vitality.		
DN_RagmortsEngineersSpellU2.png	Ragmort's Engineers	fpg-guardians/drifters-nexus/FpgGuardians-DriftersNexus-RagmortsEngineers.png	default	spell	Drifter's Nexus	DN	playerNDeck					18															You may add one extra Stronghold Upgrade to either the left or right Stronghold space, as long as it is different than any Upgrade which is already there.		
DN_SaboteursSpellC3.png	Saboteurs	fpg-guardians/drifters-nexus/FpgGuardians-DriftersNexus-Saboteurs.png	default	spell	Drifter's Nexus	DN	playerNDeck					13															Detonate any Creature Magic Item your opponent reveals before combat. The Item is discarded, and your opponent loses 1 Power Stone.		
DN_ShadowStrikeSpellC2.png	Shadow Strike	fpg-guardians/drifters-nexus/FpgGuardians-DriftersNexus-ShadowStrike.png	default	spell	Drifter's Nexus	DN	playerNDeck					3															Play immediately after Up-cards revealed. All Up-cards are discarded and new ones are revealed.		
DN_SmallMoxSpellC1.png	Small Mox	fpg-guardians/drifters-nexus/FpgGuardians-DriftersNexus-SmallMox.png	default	spell	Drifter's Nexus	DN	playerNDeck					14															Remove one Power Stone from any opponent's Guardian and move it to your own. Costs one Stone to play.		
DN_SummonEntropyStormSpellR3.png	Summon Entropy Storm	fpg-guardians/drifters-nexus/FpgGuardians-DriftersNexus-SummonEntropyStorm.png	default	spell	Drifter's Nexus	DN	playerNDeck					11															Play on your Creature in a primary match up.  Roll 1d6. 1-4 = your Creature is destroyed, 5-6 your Creature wins the match-up. +1 to the roll if your Creature is small. No further modifications are allowed by either player. Does not affect Guardians.		
DN_WarwicksBanishmentSpellU1.png	Warwick's Banishment	fpg-guardians/drifters-nexus/FpgGuardians-DriftersNexus-WarwicksBanishment.png	default	spell	Drifter's Nexus	DN	playerNDeck					18															Play during the Terrain Settlement Phase, next to one opponent's discard pile. That opponent must pay 1 Stone each time a card is removed from the discard pile. May be dispelled at any time.		
DN_YouCantSeeMeImaVampireSpellU4.png	You Can't See Me, I'm a Vampire	fpg-guardians/drifters-nexus/FpgGuardians-DriftersNexus-YouCantSeeMeImAVampire.png	default	spell	Drifter's Nexus	DN	playerNDeck					7															Play on an Undead Creature currently in a primary match-up.  Both cards become Unchallenged Cards in melee.		
NP_ChantoftheOsiransSpellCommon2.png	Chant of the Osirans	fpg-guardians/necropolis-park/FpgGuardians-NecropolisPark-ChantOfTheOsirans.png	default	spell	Necropolis Park	NP	playerNDeck					11															Play immediately after Up-Cards are revealed, If your opponent's Up-card is an Undead. Opponent's Up-card goes to his discard pile, along with the next 4 cards in his draw deck. Opponent then draws another Up-Card. Limit one Chant per turn.		
NP_DorkAgeSpellUncom2.png	Dork Age	fpg-guardians/necropolis-park/FpgGuardians-NecropolisPark-DorkAge.png	default	spell	Necropolis Park	NP	playerNDeck					10															Play as a Command Card. You Creatures WIN any primary match-ups in which they are beaten by more than 10 Vitality, unless the match-up opponent is a Guardian.		
NP_IronForceofSethosSpellCommon2.png	Iron Force of Sethos	fpg-guardians/necropolis-park/FpgGuardians-NecropolisPark-IronForceOfSethos.png	default	spell	Necropolis Park	NP	playerNDeck					5															Play immediately after Up-Cards are revealed. No stones may be spent for Items or Spells until the next Movement and Combat Phase.		
NP_LimitedBigTimeRebateSpellCommon2.png	Limited Big Time Rebate	fpg-guardians/necropolis-park/FpgGuardians-NecropolisPark-LimitedBigTimeRebate.png	default	spell	Necropolis Park	NP	playerNDeck					16															Play immeidately after Up-Cards are revealed. You get 1/2 of the Power Stones you spend this turn, rounded up, back at the end of the Terrain Settlement Phase. This Spell may only be played once per player per turn.		
NP_McHootersDistractionSpellCommon2.png	McHooter s Distraction	fpg-guardians/necropolis-park/FpgGuardians-NecropolisPark-McHooterSDistraction.png	default	spell	Necropolis Park	NP	playerNDeck					15															Play as a Command Card. All Creatures on this space bribable by Babes can't fight and don't count for control of the space. Place them off to one side. They can still be attacked by secondary attackers. Costs 1 Stone to use.		
NP_MorbsRevengeSpellCommon2.png	Morb's Revenge	fpg-guardians/necropolis-park/FpgGuardians-NecropolisPark-MorbsRevenge.png	default	spell	Necropolis Park	NP	playerNDeck					3															Dispels any Spell or Magic Item that Brom painted. In addition, the caster of the spell must discard 2 double-bordered cards.		
NP_ShadowBankJobSpellCommon2.png	Shadow Bank Job	fpg-guardians/necropolis-park/FpgGuardians-NecropolisPark-ShadowBankJob.png	default	spell	Necropolis Park	NP	playerNDeck					3															Play when an opponent plays a Gold Bribery Card. The bribery is cancelled and YOU get the Bribery Card to use until the end of this combat. If you do not use the Bribery Card by the end of this combat, it is discarded to the owner's discard pile.		
NP_ShadowBeerHeistSpellUncom3.png	Shadow Beer Heist	fpg-guardians/necropolis-park/FpgGuardians-NecropolisPark-ShadowBeerHeist.png	default	spell	Necropolis Park	NP	playerNDeck					4															Play when an opponent plays a Beer Bribery Card. The bribery is cancelled and YOU get the Bribery Card to use until the end of this combat. If you do not use the Bribery Card by the end of this combat, it is discarded to the owner's discard pile.		
NP_ShadowPantyRaidSpellUncom3.png	Shadow Panty Raid	fpg-guardians/necropolis-park/FpgGuardians-NecropolisPark-ShadowPantyRaid.png	default	spell	Necropolis Park	NP	playerNDeck					6															Play when an opponent plays a Babes Bribery Card. The bribery is cancelled and YOU get the Bribery Card to use until the end of this combat. If you do not use the Bribery Card by the end of this combat, it is discarded to the owner's discard pile.		
NP_TheOlSwitcherooSpellCommon2.png	The Ol' Switcheroo	fpg-guardians/necropolis-park/FpgGuardians-NecropolisPark-TheOlSwitcheroo.png	default	spell	Necropolis Park	NP	playerNDeck					21															Play when one of your Shields is attacked. Before creating your Combat Hand, you may switch the Shield and its contents with one of your unturned Shields. Both Shields involved in the Switch end the combat turned. Costs 1 Power Stone to use.		
NP_TotalChaosSpellUncom1.png	Total Chaos	fpg-guardians/necropolis-park/FpgGuardians-NecropolisPark-TotalChaos.png	default	spell	Necropolis Park	NP	playerNDeck					6															Play before Command Cards are shown. Roll 1d6. On a 3+, your opponent plays your Combat Hand and you play his. Secondary attackers must be played gainst unbeaten Creatures, if possible. After combat, give the cards back before determining control of the space.		
NP_URFirstSpellCommon2.png	U. R. First	fpg-guardians/necropolis-park/FpgGuardians-NecropolisPark-URFirst.png	default	spell	Necropolis Park	NP	playerNDeck					12															Play during the Movement and Combat Phase. Pick an opponent's unturned Shield. Opponent must use that Shield during his next movement option.		
NP_WarwicksConversionSpellCommon2.png	Warwick's Conversion	fpg-guardians/necropolis-park/FpgGuardians-NecropolisPark-WarwicksConversion.png	default	spell	Necropolis Park	NP	playerNDeck					17															Play during a primary match-up. The Creature you just played switches to ANY one Creature Class of your choice for the remainder of combat.		
RE_StandardBearerBromsAngelic13ShieldRare2.png	Standard Bearer Brom's Angelic 13	fpg-guardians/revised-edition/FpgGuardians-RevisedEdition-StandardBearerBromsAngelic13.png	default	standard bearer	Revised Edition	RE	playerNDeck					13															All your Creatures are +3 Vitality vs. Flyers.		
RE_StandardBearerBromsAngelic19ShieldUncommon1.png	Standard Bearer Brom's Angelic 19	fpg-guardians/revised-edition/FpgGuardians-RevisedEdition-StandardBearerBromsAngelic19.png	default	standard bearer	Revised Edition	RE	playerNDeck					19															Any Creature lost in combat from this Shield may be returned to your Storage Hand for one Power Stone		
RE_StandardBearerBromsDemonic04ShieldUncommon1.png	Standard Bearer Brom's Demonic 04	fpg-guardians/revised-edition/FpgGuardians-RevisedEdition-StandardBearerBromsDemonic04.png	default	standard bearer	Revised Edition	RE	playerNDeck					4															+2 when attacking		
RE_StandardBearerBromsDemonic19ShieldRare2.png	Standard Bearer Brom's Demonic 19	fpg-guardians/revised-edition/FpgGuardians-RevisedEdition-StandardBearerBromsDemonic19.png	default	standard bearer	Revised Edition	RE	playerNDeck					19															Opponent must declare the Size of his/her first Creature in combat.		
RE_StandardBearerBromsDragon15ShieldUncommon1.png	Standard Bearer Brom's Dragon 15	fpg-guardians/revised-edition/FpgGuardians-RevisedEdition-StandardBearerBromsDragon15.png	default	standard bearer	Revised Edition	RE	playerNDeck					15															All ranged attacks in combat (both sides) are -1 strength.		
RE_StandardBearerBromsDragon19ShieldRare2.png	Standard Bearer Brom's Dragon 19	fpg-guardians/revised-edition/FpgGuardians-RevisedEdition-StandardBearerBromsDragon19.png	default	standard bearer	Revised Edition	RE	playerNDeck					19															For 1 Power Stone, you can change a Creature's border color in a match-up.		
RE_StandardBearerBromsSkull16ShieldUncommon1.png	Standard Bearer Brom's Skull 16	fpg-guardians/revised-edition/FpgGuardians-RevisedEdition-StandardBearerBromsSkull16.png	default	standard bearer	Revised Edition	RE	playerNDeck					16															+2 Vitality to your Creatures' off-color bonuses.		
RE_StandardBearerBromsSkull21ShieldRare2.png	Standard Bearer Brom's Skull 21	fpg-guardians/revised-edition/FpgGuardians-RevisedEdition-StandardBearerBromsSkull21.png	default	standard bearer	Revised Edition	RE	playerNDeck					21															-3 CMP to channeling (both sides)		
RE_StandardBearerMaitzsInsect14ShieldUncommon1.png	Standard Bearer Maitz's Insect 14	fpg-guardians/revised-edition/FpgGuardians-RevisedEdition-StandardBearerMaitzsInsect14.png	default	standard bearer	Revised Edition	RE	playerNDeck					14															When attacking with this Shield, add 3 to your Vitality total for control of the space.		
RE_StandardBearerMaitzsInsect16ShieldRare2.png	Standard Bearer Maitz's Insect 16	fpg-guardians/revised-edition/FpgGuardians-RevisedEdition-StandardBearerMaitzsInsect16.png	default	standard bearer	Revised Edition	RE	playerNDeck					16															No bribery vs. Creatures under this Shield.		
RE_StandardBearerMaitzsLightning04ShieldUncommon1.png	Standard Bearer Maitz's Lightning 04	fpg-guardians/revised-edition/FpgGuardians-RevisedEdition-StandardBearerMaitzsLightning04.png	default	standard bearer	Revised Edition	RE	playerNDeck					4															Opponent must declare the Type (border color) of his/her first Creature in combat.		
RE_StandardBearerMaitzsLightning14ShieldRare2.png	Standard Bearer Maitz's Lightning 14	fpg-guardians/revised-edition/FpgGuardians-RevisedEdition-StandardBearerMaitzsLightning14.png	default	standard bearer	Revised Edition	RE	playerNDeck					14															+2 when defending		
RE_StandardBearerPloogsChicken05ShieldUncommon1.png	Standard Bearer Ploog's Chicken 05	fpg-guardians/revised-edition/FpgGuardians-RevisedEdition-StandardBearerPloogsChicken05.png	default	standard bearer	Revised Edition	RE	playerNDeck					5															When defending, add 3 strength to all your ranged attacks during combat.		
RE_StandardBearerPloogsChicken12ShieldRare2.png	Standard Bearer Ploog's Chicken 12	fpg-guardians/revised-edition/FpgGuardians-RevisedEdition-StandardBearerPloogsChicken12.png	default	standard bearer	Revised Edition	RE	playerNDeck					12															Dispel opponent's Command Card for one Power Stone.		
RE_StandardBearerPloogsOx05ShieldUncommon1.png	Standard Bearer Ploog's Ox 05	fpg-guardians/revised-edition/FpgGuardians-RevisedEdition-StandardBearerPloogsOx05.png	default	standard bearer	Revised Edition	RE	playerNDeck					5															When defending, add 3 strength to all your ranged attacks.		
RE_StandardBearerPloogsOx19ShieldRare2.png	Standard Bearer Ploog's Ox 19	fpg-guardians/revised-edition/FpgGuardians-RevisedEdition-StandardBearerPloogsOx19.png	default	standard bearer	Revised Edition	RE	playerNDeck					19															+3 to ranged when attacking		
RE_StandardBearerWarholasSnakes06ShieldUncommon1.png	Standard Bearer Warhola's Snakes 06	fpg-guardians/revised-edition/FpgGuardians-RevisedEdition-StandardBearerWarholasSnakes06.png	default	standard bearer	Revised Edition	RE	playerNDeck					6															Creatures under this Shield win all pushes in match-ups.		
RE_StandardBearerWarholasSnakes17ShieldRare2.png	Standard Bearer Warhola's Snakes 17	fpg-guardians/revised-edition/FpgGuardians-RevisedEdition-StandardBearerWarholasSnakes17.png	default	standard bearer	Revised Edition	RE	playerNDeck					17															All channeling to your Creatures gain +2 CMP.		
DI_StandardBearerBromsGoblin11ShieldRare3.png	Standard Bearer Brom's Goblin 11	fpg-guardians/dagger-isle/FpgGuardians-DaggerIsle-StandardBearerBromsGoblin11.png	default	standard bearer	Dagger Isle	DI	playerNDeck					11															-3 Vitality to opposing Creatures' Terrain bonuses. No Terrain bonus may be reduced below		
DI_StandardBearerBromsGoblin16ShieldRare2.png	Standard Bearer Brom's Goblin 16	fpg-guardians/dagger-isle/FpgGuardians-DaggerIsle-StandardBearerBromsGoblin16.png	default	standard bearer	Dagger Isle	DI	playerNDeck					16															+1 Vitality to all creature terrain bonuses		
DN_DemBonesStandard15ShieldStandardBearerU1.png	Standard Bearer Dem Bones 15	fpg-guardians/drifters-nexus/FpgGuardians-DriftersNexus-StandardBearerDemBones15.png	default	standard bearer	Drifter's Nexus	DN	playerNDeck					15															Spend 1 Power Stone to change any bribery icon to any other bribery icon during combat.		
DN_DemBonesStandard19ShieldStandardBearerR2.png	Standard Bearer Dem Bones 19	fpg-guardians/drifters-nexus/FpgGuardians-DriftersNexus-StandardBearerDemBones19.png	default	standard bearer	Drifter's Nexus	DN	playerNDeck					19															+2 Vitality to all your Creatures with at least one bribery icon.		
NP_EgyptianmotifStandard11ShieldStandardBearerUncom3.png	Egyptian motif Standard 11	fpg-guardians/necropolis-park/FpgGuardians-NecropolisPark-EgyptianMotifStandard11.png	default	standard bearer	Necropolis Park	NP	playerNDeck					11															Gain 1 Power Stone every time this Shield wins a combat.		
NP_EgyptianmotifStandard25ShieldStandardBearerUncom3.png	Egyptian motif Standard 25	fpg-guardians/necropolis-park/FpgGuardians-NecropolisPark-EgyptianMotifStandard25.png	default	standard bearer	Necropolis Park	NP	playerNDeck					25															Spend 1 Power Stone to cancel any Creature's AOE attack.		
RE_CarregAmrothStrongholdCStrongholdStarter-horizontal.png	Carreg Amroth Center	fpg-guardians/revised-edition/FpgGuardians-RevisedEdition-CarregAmrothCenter.png	default	stronghold	Revised Edition	RE	playerNDeck																				+5 Vitality to defending Creatures.		
RE_CarregAmrothStrongholdLStrongholdStarter-horizontal.png	Carreg Amroth Left	fpg-guardians/revised-edition/FpgGuardians-RevisedEdition-CarregAmrothLeft.png	default	stronghold	Revised Edition	RE	playerNDeck																				+5 Vitality to defending Creatures.		
RE_CarregAmrothStrongholdRStrongholdStarter-horizontal.png	Carreg Amroth Right	fpg-guardians/revised-edition/FpgGuardians-RevisedEdition-CarregAmrothRight.png	default	stronghold	Revised Edition	RE	playerNDeck																				+5 Vitality to defending Creatures.		
RE_KhnumianStrongholdCStrongholdStarter-horizontal.png	Khnumian C	fpg-guardians/revised-edition/FpgGuardians-RevisedEdition-KhnumianC.png	default	stronghold	Revised Edition	RE	playerNDeck																				+3 Vitality to defending Creatures. No flying allowing to this space.		
RE_KhnumianStrongholdLStrongholdStarter-horizontal.png	Khnumian L	fpg-guardians/revised-edition/FpgGuardians-RevisedEdition-KhnumianL.png	default	stronghold	Revised Edition	RE	playerNDeck																				+3 Vitality to defending Creatures.		
RE_KhnumianStrongholdRStrongholdStarter-horizontal.png	Khnumian R	fpg-guardians/revised-edition/FpgGuardians-RevisedEdition-KhnumianR.png	default	stronghold	Revised Edition	RE	playerNDeck																				+3 Vitality to defending Creatures.		
RE_SabuAmantekCStrongholdStarter-horizontal.png	Sabu Amantek C	fpg-guardians/revised-edition/FpgGuardians-RevisedEdition-SabuAmantekC.png	default	stronghold	Revised Edition	RE	playerNDeck																				+4 Vitality to defending Creatures. +2 to your ranged attacks.		
RE_SabuAmantekLStrongholdStarter-horizontal.png	Sabu Amantek L	fpg-guardians/revised-edition/FpgGuardians-RevisedEdition-SabuAmantekL.png	default	stronghold	Revised Edition	RE	playerNDeck																				+3 Vitality to defending Creatures. +2 to your ranged attacks.		
RE_SabuAmantekRStrongholdStarter-horizontal.png	Sabu Amantek R	fpg-guardians/revised-edition/FpgGuardians-RevisedEdition-SabuAmantekR.png	default	stronghold	Revised Edition	RE	playerNDeck																				+3 Vitality to defending Creatures. +2 to your ranged attacks.		
DI_FreebooterStronghold2skullCenterStrongholdRare3-horizontal.png	Freebooter's Stronghold C	fpg-guardians/dagger-isle/FpgGuardians-DaggerIsle-FreebootersStrongholdC.png	default	stronghold	Dagger Isle	DI	playerNDeck																				+6 Vitality to defending Creatures.		
DI_FreebooterStronghold3cannonleftStrongholdRare3-horizontal.png	Freebooter's Stronghold L	fpg-guardians/dagger-isle/FpgGuardians-DaggerIsle-FreebootersStrongholdL.png	default	stronghold	Dagger Isle	DI	playerNDeck																				+4 Vitality to defending Creatures. Counts as River & Lakes.		
DI_FreebooterStronghold1cannonrightStrongholdRare3-horizontal.png	Freebooter's Stronghold R	fpg-guardians/dagger-isle/FpgGuardians-DaggerIsle-FreebootersStrongholdR.png	default	stronghold	Dagger Isle	DI	playerNDeck																				+4 Vitality to defending Creatures. Counts as River & Lakes.		
DN_DriftersNexusStrongholdcStrongholdR3-horizontal.png	Drifter's Nexus Stronghold C	fpg-guardians/drifters-nexus/FpgGuardians-DriftersNexus-DriftersNexusStrongholdC.png	default	stronghold	Drifter's Nexus	DN	playerNDeck																				1d6+1 Vitality to defending Creatures. Roll once before combat.		
DN_DriftersNexusStrongholdlStrongholdR3-horizontal.png	Drifter's Nexus Stronghold L	fpg-guardians/drifters-nexus/FpgGuardians-DriftersNexus-DriftersNexusStrongholdL.png	default	stronghold	Drifter's Nexus	DN	playerNDeck																				1d6+1 Vitality to defending Creatures. Roll once before combat.		
DN_DriftersNexusStrongholdrStrongholdR3-horizontal.png	Drifter's Nexus Stronghold R	fpg-guardians/drifters-nexus/FpgGuardians-DriftersNexus-DriftersNexusStrongholdR.png	default	stronghold	Drifter's Nexus	DN	playerNDeck																				1d6+1 Vitality to defending Creatures. Roll once before combat.		
NP_NecropolisParkCStrongholdUncom2-horizontal.png	Necropolis Park C	fpg-guardians/necropolis-park/FpgGuardians-NecropolisPark-NecropolisParkC.png	default	stronghold	Necropolis Park	NP	playerNDeck																				+3 Vitality to defenders. All Undead lost in combat on this card go to your Undead Creature Pen instead of the discard pile.		
NP_NecropolisParkLStrongholdUncom2-horizontal.png	Necropolis Park L	fpg-guardians/necropolis-park/FpgGuardians-NecropolisPark-NecropolisParkL.png	default	stronghold	Necropolis Park	NP	playerNDeck																				+3 Vitality to defenders. All Undead lost in combat on this card go to your Undead Creature Pen instead of the discard pile.		
NP_NecropolisParkRStrongholdUncom2-horizontal.png	Necropolis Park R	fpg-guardians/necropolis-park/FpgGuardians-NecropolisPark-NecropolisParkR.png	default	stronghold	Necropolis Park	NP	playerNDeck																				+3 Vitality to defenders. All Undead lost in combat on this card go to your Undead Creature Pen instead of the discard pile.		
RE_MountainsTerrainCommonSp-horizontal.png	Mountains	fpg-guardians/revised-edition/FpgGuardians-RevisedEdition-Mountains.png	default	terrain	Revised Edition	RE	playerNDeck					3																	
RE_RiversandLakesTerrainCommonSp-horizontal.png	Rivers and Lakes	fpg-guardians/revised-edition/FpgGuardians-RevisedEdition-RiversAndLakes.png	default	terrain	Revised Edition	RE	playerNDeck					6																	
RE_SpiresTerrainCommonSp-horizontal.png	Spires	fpg-guardians/revised-edition/FpgGuardians-RevisedEdition-Spires.png	default	terrain	Revised Edition	RE	playerNDeck					10															No flying into, out of or over.		
RE_SwampTerrainCommonSp-horizontal.png	Swamp	fpg-guardians/revised-edition/FpgGuardians-RevisedEdition-Swamp.png	default	terrain	Revised Edition	RE	playerNDeck					7																	
RE_TheDryHeapsTerrainCommonSp-horizontal.png	The Dry Heaps	fpg-guardians/revised-edition/FpgGuardians-RevisedEdition-TheDryHeaps.png	default	terrain	Revised Edition	RE	playerNDeck					4																	
RE_WoodsTerrainCommonSp-horizontal.png	Woods	fpg-guardians/revised-edition/FpgGuardians-RevisedEdition-Woods.png	default	terrain	Revised Edition	RE	playerNDeck					8															No ranged attack.		
DN_IronCragBrewMountainLocationTerrainC2-horizontal.png	Iron Crag Brew Mountain	fpg-guardians/drifters-nexus/FpgGuardians-DriftersNexus-IronCragBrewMountain.png	default	terrain	Drifter's Nexus	DN	playerNDeck					5															Counts as Mountain Terrain. No bribery by Beer is allowed on this space.		
DN_SpiritMountainLocationTerrainC2-horizontal.png	Spirit Mountain	fpg-guardians/drifters-nexus/FpgGuardians-DriftersNexus-SpiritMountain.png	default	terrain	Drifter's Nexus	DN	playerNDeck					1															Counts as Mountains Terrain. All Spirits may receive channeling on this space.		
DN_TheHollensGroveLocationTerrainC2-horizontal.png	The Hollens Grove	fpg-guardians/drifters-nexus/FpgGuardians-DriftersNexus-TheHollensGrove.png	default	terrain	Drifter's Nexus	DN	playerNDeck					9															Counts as Woods Terrain. Ranged attacks are allowed on this space.		
DN_MaitzMotelLocationTerrainC2-horizontal.png	The Maitz Hotel	fpg-guardians/drifters-nexus/FpgGuardians-DriftersNexus-TheMaitzHotel.png	default	terrain	Drifter's Nexus	DN	playerNDeck					22															Counts as The Dry Heaps Terrain. Dispel Magic may not be played during combat on this space.		
DN_S.S.HouseofBabesLocationTerrainC2-horizontal.png	The S.S. House of Babes	fpg-guardians/drifters-nexus/FpgGuardians-DriftersNexus-TheSSHouseOfBabes.png	default	terrain	Drifter's Nexus	DN	playerNDeck					17															Counts as River and Lakes Terrain. No bribery by Babes allowed on this space.		
NP_BarrowDownsLocationTerrainUncom3-horizontal.png	Barrow Downs	fpg-guardians/necropolis-park/FpgGuardians-NecropolisPark-BarrowDowns.png	default	terrain	Necropolis Park	NP	playerNDeck					16															Counts as both Mountains and Woods Terrain.		
NP_JungleTerrainUncom3-horizontal.png	Jungle	fpg-guardians/necropolis-park/FpgGuardians-NecropolisPark-Jungle.png	default	terrain	Necropolis Park	NP	playerNDeck					11															No Command Cards during combat.		
NP_RocksatRhuadanLocationTerrainUncom3-horizontal.png	Rocks at Rhuadan	fpg-guardians/necropolis-park/FpgGuardians-NecropolisPark-RocksAtRhuadan.png	default	terrain	Necropolis Park	NP	playerNDeck					13															Counts as both Mountains and The Dry Heaps Terrain. Only Guardians may channel into combat on this space, and at -3 CMP per stone.		
NP_TomboftheBulzuruLocationTerrainUncom3-horizontal.png	Tomb of the Bulzuru	fpg-guardians/necropolis-park/FpgGuardians-NecropolisPark-TombOfTheBulzuru.png	default	terrain	Necropolis Park	NP	playerNDeck					17															Counts as both Swamps and Woods Terrain.		
RE_FlameCannonStrongholdUpgradeRare1-horizontal.png	Flame Cannon	fpg-guardians/revised-edition/FpgGuardians-RevisedEdition-FlameCannon.png	default	upgrade	Revised Edition	RE	playerNDeck					15															Sacrifice any number of cards from your Storage Hand for an equal number of Power Stones at any time.		
RE_LargeIdolStrongholdUpgradeUncommon1-horizontal.png	Large Idol	fpg-guardians/revised-edition/FpgGuardians-RevisedEdition-LargeIdol.png	default	upgrade	Revised Edition	RE	playerNDeck					20															During any combat in the two spaces in front of the cannon, the cannon may be fired instead of playing a Command Card. (C) 3 pt. AOE fireball costs 1 Power Stone.  For each extra Stone, add 2 pts. to the AOE.		
RE_SacrificialAltarStrongholdUpgradeRare2-horizontal.png	Sacrificial Altar	fpg-guardians/revised-edition/FpgGuardians-RevisedEdition-SacrificialAltar.png	default	upgrade	Revised Edition	RE	playerNDeck					8															When determining control of the space after combat in either of the two spaces directly in front of the Idol, add 3 pts. to your Vitality total. Add an additional point of Vitality for each Power Stone spent.		
RE_TeleportTowerStrongholdUpgradeUncommon1-horizontal.png	Teleport Tower	fpg-guardians/revised-edition/FpgGuardians-RevisedEdition-TeleportTower.png	default	upgrade	Revised Edition	RE	playerNDeck					11															Place ANY one Creature in the Teleport Tower during the Draw and Organize Phase. This Creature may teleport to any turned Shield during one of your movement phases BEFORE you turn a Shield.		
DI_PirateLogPlatformStrongholdUpgradeRare3-horizontal.png	Pirate Log Platform	fpg-guardians/dagger-isle/FpgGuardians-DaggerIsle-PirateLogPlatform.png	default	upgrade	Dagger Isle	DI	playerNDeck					2															Opponent's Shield takes a 7 pt. AOE when attacking or entering this space.		
DI_RangedAttackPlatformStrongholdUpgradeRare3-horizontal.png	Ranged Attack Platform	fpg-guardians/dagger-isle/FpgGuardians-DaggerIsle-RangedAttackPlatform.png	default	upgrade	Dagger Isle	DI	playerNDeck					11															Place one ranged attack Creature face-down on the Platform during the Draw and Organize Phase. You may use that card's ranged attack in any one combat occuring on the two spaces in front of the platform.		
DI_SpikeyCrenalationsStrongholdUpgradeRare2-horizontal.png	Spikey Crenellations	fpg-guardians/dagger-isle/FpgGuardians-DaggerIsle-SpikeyCrenellations.png	default	upgrade	Dagger Isle	DI	playerNDeck					4															Crenalations stop flying to ALL of your Stronghold cards. Flying is still allowed FROM the Stronghold spaces.		
DN_AlarmBellsStrongholdUpgradeU3-horizontal.png	Alarm Bells	fpg-guardians/drifters-nexus/FpgGuardians-DriftersNexus-AlarmBells.png	default	upgrade	Drifter's Nexus	DN	playerNDeck					6															Creatures under stronghold can defend if stronghold attacked		
DN_SecretCatacombsStrongholdUpgradeR3-horizontal.png	Secret Catacombs	fpg-guardians/drifters-nexus/FpgGuardians-DriftersNexus-SecretCatacombs.png	default	upgrade	Drifter's Nexus	DN	playerNDeck					11															Place any one Creature i nthe Catacombs during Draw and Organize Phase. This Creature may defend any of your Stronghold Cards when the card is attacked. If it survives, the Creature must remain on the cards where combat took place and counts towards that card's Vitality limit.		
DN_WizardsTowerStrongholdUpgradeU2-horizontal.png	Wizard's Tower	fpg-guardians/drifters-nexus/FpgGuardians-DriftersNexus-WizardsTower.png	default	upgrade	Drifter's Nexus	DN	playerNDeck					4															All channeling by Creatures is +1 CMP from beneath this Stronghold Card.		
NP_DeathPitofDjoserStrongholdUpgradeUncom2-horizontal.png	Death Pit of Djoser	fpg-guardians/necropolis-park/FpgGuardians-NecropolisPark-DeathPitOfDjoser.png	default	upgrade	Necropolis Park	NP	playerNDeck					18															You may place one Undead creature face-up in the death pit during the draw and organize phase. ¬¨¬© Spend one power stone to add the undead from the pit tu your combat hand, but only if the combat takes on one of the two spaces directly in front of this upgr		
NP_LotusFlowerWaterGardenStrongholdUpgradeUncom2-horizontal.png	Lotus Flower Water Garden	fpg-guardians/necropolis-park/FpgGuardians-NecropolisPark-LotusFlowerWaterGarden.png	default	upgrade	Necropolis Park	NP	playerNDeck					11															Spend 1 Power Stone to cancel the effect of any Accessory as the Accessory is used.		
PR_PromoBarrowWight.png	Barrow Wight	fpg-guardians/promo/FpgGuardians-Promo-BarrowWight.png	default	external	Promo	PR	playerNDeck	Undead			M	8		2													The Barrow Wight is +4 Vitality when it is a secondary attacker.		
PR_PromoChaosSummoner.png	Chaos Summoner	fpg-guardians/promo/FpgGuardians-Promo-ChaosSummoner.png	default	spell	Promo	PR	playerNDeck					9															Take any undead creature from your discard pile and add it to your storage Hand. Play during the Draw and Organise phase. Cost 1 stone to play		
PR_PromoCheesyConSouvenir.png	Cheesy Con Souvenir Tweezle	fpg-guardians/promo/FpgGuardians-Promo-CheesyConSouvenirTweezle.png	default	item/creature	Promo	PR	playerNDeck					30															Show opponent Cheesy Con Souvenir when this Shield is arracked. Sultably impressed, your opponent must retreat. Discard the souvenir		
PR_PromoDruk.png	Druk	fpg-guardians/promo/FpgGuardians-Promo-Druk.png	default	elemental	Promo	PR	playerNDeck	Devil		F	M	8		2	L												Immune to fire.		
PR_PromoExplodingTweezle.png	Exploding Tweezle	fpg-guardians/promo/FpgGuardians-Promo-ExplodingTweezle.png	default	item/creature	Promo	PR	playerNDeck					20															Play as a command card when attacking. Twizzle and your opponent's Command card are both destroyed. Your opponent's command ability is dispelled. Or Mail this card to FPG for a free box of Guardian booster packs. Include 10$ for S&H		
PR_PromoLandDrake.png	Land Drake	fpg-guardians/promo/FpgGuardians-Promo-LandDrake.png	default	external	Promo	PR	playerNDeck	Dragon			L	18		6	L												3 point AOE Fire breath.		
PR_PromoTweezletheSneaky.png	Tweezle the Sneaky	fpg-guardians/promo/FpgGuardians-Promo-TweezleTheSneaky.png	default	item/creature	Promo	PR	playerNDeck																				Play as a command card. Opponent must show you all his double border cards or loses 1 power stone. Discard after use. Or Send it to FPG for a copy of the Guardians players guide. Include  $2.00 for S&H.		
Adventure_Felisha.png	Felisha	fpg-guardians/adventure/FpgGuardians-Adventure-Felisha.png	default	Mortal	Adventure	Adventure	playerNDeck	Misc. Human				5		0							If alive after combat, pick one of your opponent's creatures. That creature's Vitality doesn't count towards control of the space.  One per space per player.								
Adventure_TheCount.png	The Count	fpg-guardians/adventure/FpgGuardians-Adventure-TheCount.png	default	Mortal	Adventure	Adventure	playerNDeck	Knight				10		0				C									Opponents in match-ups get no off-color bonus vs. the Count.		
Adventure_CrystalNecklace.png	Crystal Necklace	fpg-guardians/adventure/FpgGuardians-Adventure-CrystalNecklace.png	default	Adventure	Adventure	Adventure	playerNAdventure		2																		No Special Rules	Draw 2 -12 card hands at the start of a game. Pick which one you want to start with. Put the other back and reshuffle.	
Adventure_BloodHounds.png	Blood Hounds	fpg-guardians/adventure/FpgGuardians-Adventure-BloodHounds.png	default	Adventure	Adventure	Adventure	playerNAdventure		1																		No Special Rules	Start with 1 extra stone	
Adventure_WindSteed.png	Wind Steed	fpg-guardians/adventure/FpgGuardians-Adventure-WindSteed.png	default	Adventure	Adventure	Adventure	playerNAdventure		2																		Each Player Draws 1 extra card every turn	You can go first for 1 stone if you want	
Adventure_KyillTheAdvisor.png	Kyill the Advisor	fpg-guardians/adventure/FpgGuardians-Adventure-KyillTheAdvisor.png	default	Adventure	Adventure	Adventure	playerNAdventure		2																		All Guardians have their Vitality reduced to 20	The minimum cards you can collect in a turn is 3	
Adventure_Spiritualist.png	Spiritualist	fpg-guardians/adventure/FpgGuardians-Adventure-Spiritualist.png	default	Adventure	Adventure	Adventure	playerNAdventure		1																		All Lands, whatever type, count as spires.	Add 2 to your Guardians CMP	
Adventure_AshFungus.png	Ash Fungus	fpg-guardians/adventure/FpgGuardians-Adventure-AshFungus.png	default	Adventure	Adventure	Adventure	playerNAdventure		2																		No Special Rules	Look at your opponents deck before the game starts. Shuffle.	
Adventure_CinderBag.png	Cinder Bag	fpg-guardians/adventure/FpgGuardians-Adventure-CinderBag.png	default	Adventure	Adventure	Adventure	playerNAdventure		3																		No Special Rules	Once per game you can retreat in combat before any cards are shown	
Adventure_Crock.png	Crock	fpg-guardians/adventure/FpgGuardians-Adventure-Crock.png	default	Adventure	Adventure	Adventure	playerNAdventure		1																		Game can be won by only 4 shield kills	2 times per game, you may pay a stone to force your opponent to discard their up-card and draw a new one.	
Adventure_FairyTriplets.png	Fairy Triplets	fpg-guardians/adventure/FpgGuardians-Adventure-FairyTriplets.png	default	Adventure	Adventure	Adventure	playerNAdventure		2																		No special rules	2 times per game, you may swap a terrain card for one of your face-down terrain cards during the Terrain Phase. Old card comes back into your hand.	
Adventure_SwampLights.png	Swamp Lights	fpg-guardians/adventure/FpgGuardians-Adventure-SwampLights.png	default	Adventure	Adventure	Adventure	playerNAdventure		1																		Up-cards are not drawn this game. Discard them, and draw from your deck incepted.	2 times in a game, you may draw 2 cards for your up-card. Pick which one you like and discard the other.	
Adventure_CrenellsBog.png	Crenell's Bog	fpg-guardians/adventure/FpgGuardians-Adventure-CrenellsBog.png	default	Terrain	Adventure	Adventure	playerNDeck					15															Counts as both a Wood and Rivers and Lakes Terrain (no ranged attack)		
Adventure_Frasser.png	Frasser	fpg-guardians/adventure/FpgGuardians-Adventure-Frasser.png	default	Adventure	Adventure	Adventure	playerNAdventure		1																		Low-up card moves first in this game	You get to look at your opponent's initial 12 card draw	
Adventure_Raven.png	Raven	fpg-guardians/adventure/FpgGuardians-Adventure-Raven.png	default	Adventure	Adventure	Adventure	playerNAdventure		2																		No Special Rules	1 time per game, after the Draw and Organize phase, but before Up-Cards are drawn. Pick an opponent's shield, your opponent must tell you where that shield will move that turn.	
Adventure_Avalanche.png	Avalanche	fpg-guardians/adventure/FpgGuardians-Adventure-Avalanche.png	default	Adventure	Adventure	Adventure	playerNAdventure		1																		Any Spells or Items that cost 1 Power Stone, now cost 2 Power Stones.	1 time per game, when it is your turn to move, you can turn one of your shields, not move it, and turn an opponent's shield.	
Adventure_DeathLook.png	Death Look	fpg-guardians/adventure/FpgGuardians-Adventure-DeathLook.png	default	Adventure	Adventure	Adventure	playerNAdventure		1																		Players draw an extra card if their Up-card was a shield	1 time per game, you can look at an opponents storage hand and discard any 1 card from it.	
Adventure_NightBearer.png	Night Bearer	fpg-guardians/adventure/FpgGuardians-Adventure-NightBearer.png	default	Adventure	Adventure	Adventure	playerNAdventure		1																		Players draw two extra cards if their Up-card was a terrain card	1 time per game, you may add 5 Vitality to any of your creatures in a Match-up	
Adventure_Squire.png	Squire	fpg-guardians/adventure/FpgGuardians-Adventure-Squire.png	default	Adventure	Adventure	Adventure	playerNAdventure		2																		All players get a stone if there is a tie for Up-card	1 time per game, you may put a card back into your storage hand instead of discarding it.	
Adventure_AmuletofZah.png	Amulet of Zah	fpg-guardians/adventure/FpgGuardians-Adventure-AmuletOfZah.png	default	Adventure	Adventure	Adventure	playerNAdventure		5																		The space limit is increased to 33 Vitality.	If you lose a game while holding the Amulet of Zah, your opponent can chose to take it from you instead of taking the new Adventure Deck Card.	
Events_CalmOverTheLand.png	Calm Over The Land	fpg-guardians/events/FpgGuardians-Events-CalmOverTheLand.png	default	Event	Events	Events	playerNDeck					28															For the rest of this turn, all Terrain restrictions are lifted, including those on movement, Ranged Attacks, Channeling and Bribery.		
Events_ChaliceOfHolyWater.png	Chalice Of Holy Water	fpg-guardians/events/FpgGuardians-Events-ChaliceOfHolyWater.png	default	Event	Events	Events	playerNDeck					22															For the rest of this turn, if a Demon, Devil, or Undead Creature is beaten in a match-up, it is destroyed.		
Events_Crusade.png	Crusade	fpg-guardians/events/FpgGuardians-Events-Crusade.png	default	Event	Events	Events	playerNDeck					13															For the rest of this turn, all Knights, Angels and Clerics are +3 Vitality.		
Events_Drought.png	Drought	fpg-guardians/events/FpgGuardians-Events-Drought.png	default	Event	Events	Events	playerNDeck					25															For the rest of this turn, all Creatures with Dry Heaps bonuses are +3 Vitality, all Creatures with Rivers and Lakes bonuses are -3 Vitality.		
Events_EveryoneForThemselves.png	Everyone For Themselves	fpg-guardians/events/FpgGuardians-Events-EveryoneForThemselves.png	default	Event	Events	Events	playerNDeck					20															For the rest of this turn, treat all Creatures as Unclassed.		
Events_CretaceousPark.png	Cretaceous Park	fpg-guardians/events/FpgGuardians-Events-CretaceousPark.png	default	Event	Events	Events	playerNDeck					7															For the rest of this turn, all Saurians get their Vitality bonus in Jungle even not on a Jungle terrain.		
Events_DayOfTheBeast.png	Day Of The Beast	fpg-guardians/events/FpgGuardians-Events-DayOfTheBeast.png	default	Event	Events	Events	playerNDeck					8															For the rest of this turn, Demons and Devils are +3 Vitality.		
Events_DragonFlight.png	Dragon Flight	fpg-guardians/events/FpgGuardians-Events-DragonFlight.png	default	Event	Events	Events	playerNDeck					23															For the rest of this turn, all Dragons are not bribable.		
Events_GetThePlunder.png	Get The Plunder	fpg-guardians/events/FpgGuardians-Events-GetThePlunder.png	default	Event	Events	Events	playerNDeck					6															For the rest of this turn, each time a Pirate wins a Primary attack match-up, that player receives one Power Stone.		
Events_Firestorm.png	Firestorm	fpg-guardians/events/FpgGuardians-Events-Firestorm.png	default	Event	Events	Events	playerNDeck					14															For the rest of this turn, all fire-based attacks are +3 Vitality.  All fire-based AOEs are +1 to the AOE.  Creatures immune to fire lose their immunity.		
Events_GreatForestFire.png	Great Forest Fire	fpg-guardians/events/FpgGuardians-Events-GreatForestFire.png	default	Event	Events	Events	playerNDeck					11															For the rest of this turn, all creatures with fire-based attacks double their base Vitality against creatures with Woods bonuses.		
Events_IceAge.png	Ice Age	fpg-guardians/events/FpgGuardians-Events-IceAge.png	default	Event	Events	Events	playerNDeck					24															For the rest of this turn, all creatures are -3 Vitality (never reduced below zero) unless they have Ice or Snow in their names.  Rivers and Lakes bonuses are reduced to zero. (Lakes are frozen over.)		
Events_MeteoriticRain.png	Meteoritic Rain	fpg-guardians/events/FpgGuardians-Events-MeteoriticRain.png	default	Event	Events	Events	playerNDeck					19															For the rest of this turn, all Mountains terrain is considered to be a face-down Terrain.		
Events_MysticShowdown.png	Mystic Showdown	fpg-guardians/events/FpgGuardians-Events-MysticShowdown.png	default	Event	Events	Events	playerNDeck					17															For the rest of this turn, all off-color bonuses are doubled.		
Events_PowerCorrupts.png	Power Corrupts	fpg-guardians/events/FpgGuardians-Events-PowerCorrupts.png	default	Event	Events	Events	playerNDeck					15															Whenever a Shield wins a battle on a face up Terrain card (not Shield/Terrain), that player receives Power Stones equal to HALF the Up Card number (rounded up) of the Terrain.  That player also discards the same number of face-down cards from the top of his draw deck.		
Events_PowerLeak.png	Power Leak	fpg-guardians/events/FpgGuardians-Events-PowerLeak.png	default	Event	Events	Events	playerNDeck					18															For the rest of this turn, every time a player spends a stone, that player must also discard the top face-down card from his draw deck.		
Events_ReversePolarity.png	Reverse Polarity	fpg-guardians/events/FpgGuardians-Events-ReversePolarity.png	default	Event	Events	Events	playerNDeck					23															For the rest of this turn, all channeling from Guardians SUBTRACTS Vitality from creatures.  However, you may channel to your opponent's Creatures that can accept channeling.  Only Guardians may channel.		
Events_Sandstorm.png	Sandstorm	fpg-guardians/events/FpgGuardians-Events-Sandstorm.png	default	Event	Events	Events	playerNDeck					26															For the rest of this turn, Shields may only move one space.		
Events_SpiritualAwakening.png	Spiritual Awakening	fpg-guardians/events/FpgGuardians-Events-SpiritualAwakening.png	default	Event	Events	Events	playerNDeck					16															For the rest of this turn, all Spirits are considered to be channeling receivers.		
Events_Strike.png	Strike	fpg-guardians/events/FpgGuardians-Events-Strike.png	default	Event	Events	Events	playerNDeck					27															For the rest of this turn, Shields in the disputed lands may not receive any re-inforcements.		
Events_TectonicShift.png	Tectonic Shift	fpg-guardians/events/FpgGuardians-Events-TectonicShift.png	default	Event	Events	Events	playerNDeck					29															For the rest of this turn, all Terrain bonuses remain in effect for the duration of combat but do not count for determining control of the space.		
Events_TheGreatFlood.png	The Great Flood	fpg-guardians/events/FpgGuardians-Events-TheGreatFlood.png	default	Event	Events	Events	playerNDeck					12															For the rest of this turn, treat all disputed land as Rivers and Lakes.  +2 Vitality to all Creatures with Rivers and Lakes bonuses.  -2 Vitality to all Creatures with fire-based attacks.  -1 to all fire-based AOE attacks.		
Events_United.png	United	fpg-guardians/events/FpgGuardians-Events-United.png	default	Event	Events	Events	playerNDeck					21															For the rest of this turn, all creatures are immune to Creatures with the same Creature Class during primary match-ups.		
