databaseId	name	imageUrl	cardBack	type	set	culture	element	traits	initiative	life	speed	experience	damage	setNumbers	text	loadGroupId
set1_01-091	Achilles	anachronism/set1/Anachronism-Set1-Achilles.jpg	default	Warrior	set1	greek	fire	warrior/male	0	8	3	9	1	91	Iroiki Taxitita - Action: Move one space diagonally.	playerNWarrior
set1_01-001	Alexander the Great	anachronism/set1/Anachronism-Set1-AlexanderTheGreat.jpg	default	Warrior	set1	greek	fire	warrior/male	0	8	3	4	1	1	Kataktas: Your attacks deal +1 damage against warriors with more life than you.	playerNWarrior
set1_01-028	Amaterasu	anachronism/set1/Anachronism-Set1-Amaterasu.jpg	default	Inspiration	set1	japanese	wind	inspiration/deity	7	0	0	0	0	28	Hikarimono - Reveal: At the beginning of this round, if you have less life than all other warriors, you gain +1 speed for this round.	playerNPool
set1_01-076	Amazonia	anachronism/set1/Anachronism-Set1-Amazonia.jpg	default	Warrior	set1	roman	water	warrior/female	0	6	3	9	1	76	Utriusque Manus Compos: You may use up to two weapons.	playerNWarrior
set1_01-082	Apollo	anachronism/set1/Anachronism-Set1-Apollo.jpg	default	Inspiration	set1	roman	fire	inspiration/deity	5	0	0	0	0	82	Cura Dei - Reveal: Your attack rolls gain +1 this round.	playerNPool
set1_01-094	Armor of Hephaestus	anachronism/set1/Anachronism-Set1-ArmorOfHephaestus.jpg	default	Armor	set1	greek		armor/torso	5	0	0	0	0	94	Eulogimeni Panoplia: Once per round, when you attack, you may make your enemy re-roll their defense roll. Discard this card if the result is lower than their original roll.	playerNPool
set1_01-067	Bear Sark	anachronism/set1/Anachronism-Set1-BearSark.jpg	default	Armor	set1	norse		armor/torso	5	0	0	0	0	67	Bjorn: Once per round, when you are attacked, force the attacker to re-roll their attack roll. Discard this card if the result is lower than their original roll.	playerNPool
set1_01-015	Belt of Hippolyte	anachronism/set1/Anachronism-Set1-BeltOfHippolyte.jpg	default	Special	set1	greek		special/item	4	0	0	0	0	15	Zoni Dexiotexnias: You gain +4 experience.	playerNPool
set1_01-052	Beowulf	anachronism/set1/Anachronism-Set1-Beowulf.jpg	default	Warrior	set1	norse		warrior/male	0	7	3	6	1	52	Tenacity: During their turns, opposing warriors must spend an additional action to move out of a space in any of your attack grids.	playerNWarrior
set1_01-068	Berserkergangr	anachronism/set1/Anachronism-Set1-Berserkergangr.jpg	default	Special	set1	norse		special/ability	7	0	0	0	0	68	Vrede: Your attacks deal +1 damage. You take 1 damage after each of your attacks.	playerNPool
set1_01-034	Bishamon-ten	anachronism/set1/Anachronism-Set1-BishamonTen.jpg	default	Inspiration	set1	japanese	fire	inspiration/deity	2	0	0	0	0	34	Hogosha: All warriors' attack rolls gain +1.	playerNPool
set1_01-097	Blossius of Cumae	anachronism/set1/Anachronism-Set1-BlossiusOfCumae.jpg	default	Inspiration	set1	roman	water	inspiration/philosophy	0	0	0	0	0	97	Primus ultimus erit, atque ultimus primus: If you are a metal warrior, resolve initiative from lowest to highest this challenge.	playerNPool
set1_01-027	Bokken	anachronism/set1/Anachronism-Set1-Bokken.jpg	default	Weapon	set1	japanese		weapon/sword(1 hand)	8	0	0	0	1	27	Precision: Once per turn, you may re-roll one die on an attack roll. Pair: You may use two "Bokken" cards in this game.	playerNPool
set1_01-005	Bucephalus	anachronism/set1/Anachronism-Set1-Bucephalus.jpg	default	Special	set1	greek		special/cavalry	6	0	0	0	0	5	Strategike Thesis: Once per round, after you make an attack, you may move one space.	playerNPool
set1_01-054	Byrnies	anachronism/set1/Anachronism-Set1-Byrnies.jpg	default	Armor	set1	norse		armor/torso	4	0	0	0	0	54	Stalwart - Reveal: Add +2 to your defensive rolls for this round.	playerNPool
set1_01-074	Caesar's Greaves	anachronism/set1/Anachronism-Set1-CaesarsGreaves.jpg	default	Armor	set1	roman		armor/legs	3	0	0	0	0	74	Tutela Crusibus: After you roll doubles on a defense roll, gain 1 life.	playerNPool
set1_01-046	Canute the Great	anachronism/set1/Anachronism-Set1-CanuteTheGreat.jpg	default	Warrior	set1	norse	wood aether earth fire metal water wind	warrior/male	0	9	3	6	1	46	En: This card counts as all elements.	playerNWarrior
set1_01-089	Cassis	anachronism/set1/Anachronism-Set1-Cassis.jpg	default	Armor	set1	roman		armor/head	5	0	0	0	0	89	Galeatus: Your defense rolls gain +1 if you are a metal or water warrior. You gain +1 experience if you are an earth or fire warrior.	playerNPool
set1_01-050	Crown of England	anachronism/set1/Anachronism-Set1-CrownOfEngland.jpg	default	Special	set1	norse		special/head	7	0	0	0	0	50	Konge: Your attack rolls gain +1 if you are a metal warrior. Your defense rolls get -1 and your attacks deal +1 damage if you are a fire warrior.	playerNPool
set1_01-066	Dane Axe	anachronism/set1/Anachronism-Set1-DaneAxe.jpg	default	Weapon	set1	norse		weapon/axe(2 hands)	3	0	0	0	0	66	Hogge: This weapon deals +1 damage for each of your other face-up support cards.	playerNPool
set1_01-075	De Bello Gallico	anachronism/set1/Anachronism-Set1-DeBelloGallico.jpg	default	Special	set1	roman		special/tome	5	0	0	0	0	75	Gallia est omnis divisa in partes tres: Your attack rolls gain +1 while the total initiative of all of your cards is greater than the total initiative of any other warrior's cards.	playerNPool
set1_01-085	Disciplina	anachronism/set1/Anachronism-Set1-Disciplina.jpg	default	Special	set1	roman		special/tome	6	0	0	0	0	85	Si vis pacem, para bellum: After you make an attack roll, you may increase the value of one of the dice by 1 if you won initiative this turn. If the dice are now doubles, the attack may result in a critical hit.	playerNPool
set1_01-024	Do	anachronism/set1/Anachronism-Set1-Do.jpg	default	Armor	set1	japanese		armor/torso	2	0	0	0	0	24	Yae: Once per turn, you may re-roll your defense roll.	playerNPool
set1_01-063	Elhaz Rune	anachronism/set1/Anachronism-Set1-ElhazRune.jpg	default	Special	set1	norse		special/mystic	5	0	0	0	0	63	Hellig - Action: Choose a warrior with more life than you. Move to any space in that warrior's attack grid.	playerNPool
set1_01-058	Freydis Eirksdottir	anachronism/set1/Anachronism-Set1-FreydisEirksdottir.jpg	default	Warrior	set1	norse	water	warrior/female	0	7	4	2	1	58		playerNWarrior
set1_01-071	Gladius	anachronism/set1/Anachronism-Set1-Gladius.jpg	default	Weapon	set1	roman		weapon/sword(1 hand)	6	0	0	0	1	71	Lamina Acuta: Attacks with this weapon deal +1 damage if you have a face-up shield card. Attacks with this weapon deal +1 damage if the defender has no face-up armor card.	playerNPool
set1_01-029	Gorin No Sho	anachronism/set1/Anachronism-Set1-GorinNoSho.jpg	default	Special	set1	japanese		special/item	6	0	0	0	0	29	Heiho: Once per turn, when you make an attack roll, you may reduce the value of one of your dice by 1. If the dice becomes doubles, this may result in a critical hit.	playerNPool
set1_01-014	Greaves	anachronism/set1/Anachronism-Set1-Greaves.jpg	default	Armor	set1	norse		armor/legs	5	0	0	0	0	14	Exostrakismos: Once per round, you may re-roll one die of one of your defense rolls.	playerNPool
set1_01-060	Grendel	anachronism/set1/Anachronism-Set1-Grendel.jpg	default	Inspiration	set1	greek		inspiration/quest	5	0	0	0	0	60	Intimidation - Reveal: Choose an opposing warrior and roll two dice. If the total is greater than that warrior's experience, that warrior must spend an additional action to attack this round.	playerNPool
set1_01-064	Gettir the Strong	anachronism/set1/Anachronism-Set1-GettirTheStrong.jpg	default	Warrior	set1	norse	metal	warrior/male	0	7	3	5	1	64	Sterk: Your attacks with axes deal +1 damage. Your attack rolls that are doubles do not count as critical hits.	playerNWarrior
set1_01-037	Haidate	anachronism/set1/Anachronism-Set1-Haidate.jpg	default	Armor	set1	japanese		armor/legs	1	0	0	0	0	37	Shinogeru: When you are attacked, your defense roll gains +1 if you have more experience than the attacker.	playerNPool
set1_01-051	Harald Hardrada	anachronism/set1/Anachronism-Set1-HaraldHardrada.jpg	default	Warrior	set1	norse	metal	warrior/male	0	7	3	8	1	51	Hardfor: Once per turn, when you take damage, you may roll two dice. If that total is less than 7, you take 1 less damage, to a minimum of 1.	playerNWarrior
set1_01-049	Healsbeorgs	anachronism/set1/Anachronism-Set1-Healsbeorgs.jpg	default	Armor	set1	norse		armor/head	3	0	0	0	0	49	Beskyttelse: After you are hit by a critical hit, reduce all damage from that attack to 0 and discard this card.	playerNPool
set1_01-011	Herakles	anachronism/set1/Anachronism-Set1-Herakles.jpg	default	Warrior	set1	greek	earth	warrior/male	0	6	3	4	1	11	Kairdoskopos: Once per round, after an enemy warrior moves into your basic attack grid, you may immediately make a basic attack against that warrior.	playerNWarrior
set1_01-056	Hjelm	anachronism/set1/Anachronism-Set1-Hjelm.jpg	default	Armor	set1	norse		armor/head	5	0	0	0	0	56	Beskyttelsebriller: When you roll two dice for anything other than attack or defense, you may choose to add or subtract 2 from the roll.	playerNPool
set1_01-010	Hoplon	anachronism/set1/Anachronism-Set1-Hoplon.jpg	default	Special	set1	greek		special/shield(1 hand)	2	0	0	0	0	10	I tan i epi tas: Your defense rolls gain +1 while you have a face-up weapon card.	playerNPool
set1_01-022	Izanagi	anachronism/set1/Anachronism-Set1-Izanagi.jpg	default	Inspiration	set1	japanese	earth	inspiration/deity	6	0	0	0	0	22	Zonrei - Reveal: Roll two dice. If that total is less than your experience, gain 2 life.	playerNPool
set1_01-042	Izanami	anachronism/set1/Anachronism-Set1-Izanami.jpg	default	Inspiration	set1	japanese	wind	inspiration/deity	4	0	0	0	0	42	Ma - Reveal: Roll 2 dice. If the total is greater than 7, (or greater than 5 if you are a wind warrior), then move to any empty space in the arena.	playerNPool
set1_01-069	Julius Caesar	anachronism/set1/Anachronism-Set1-JuliusCaesar.jpg	default	Warrior	set1	roman	earth	warrior/male	0	7	3	3	1	69	Alea Iacta Est: Once per turn, before you roll the dice, the roll is considered to be a 7.	playerNWarrior
set1_01-070	Jupiter	anachronism/set1/Anachronism-Set1-Jupiter.jpg	default	Inspiration	set1	roman	earth	inspiration/deity	5	0	0	0	0	70	Vis Iovis: Each round, if you win initiative, your attacks deal +1 damage that round.	playerNPool
set1_01-035	Katana	anachronism/set1/Anachronism-Set1-Katana.jpg	default	Weapon	set1	japanese		weapon/sword(2 hands)	2	0	0	0	2	35	Ki ken tai itchi: When you hit with this weapon, the attacker and defender each roll one die and add his or her warrior's experience. If your total is higher, you deal +1 damage this attack.	playerNPool
set1_01-032	Kemuri-Kona	anachronism/set1/Anachronism-Set1-KemuriKona.jpg	default	Special	set1	japanese		special/item	4	0	0	0	0	32	Enmaku - Reveal: You may move to any space in your starting row.	playerNPool
set1_01-036	Kimono	anachronism/set1/Anachronism-Set1-Kimono.jpg	default	Armor	set1	japanese		armor/torso	4	0	0	0	0	36	Unrestricted: Once per turn, after an opponent attacks you and misses, roll two dice. If that total is less than your experience, you may move one space.	playerNPool
set1_01-013	Kopis	anachronism/set1/Anachronism-Set1-Kopis.jpg	default	Weapon	set1	greek		weapon/sword(1 hand)	1	0	0	0	1	13	Epithesi!: Attacks with this weapon deal +1 damage if you have moved this turn.	playerNPool
set1_01-020	Kotynos	anachronism/set1/Anachronism-Set1-Kotynos.jpg	default	Special	set1	greek		special/item	0	0	0	0	0	20	O Draskelismos Tou Protathliti: Once per round, you may re-roll your attack roll.	playerNPool
set1_01-025	Kyudo	anachronism/set1/Anachronism-Set1-Kyudo.jpg	default	Special	set1	japanese		special/ability	9	0	0	0	0	25	Shuuchuu: Your attack rolls with ranged weapons gain +1.	playerNPool
set1_01-055	Langox	anachronism/set1/Anachronism-Set1-Langox.jpg	default	Weapon	set1	norse		weapon/axe(2 hands)	0	0	0	0	3	55	Tung: Your other cards get -2 initiative.	playerNPool
set1_01-048	Langseax	anachronism/set1/Anachronism-Set1-Langseax.jpg	default	Weapon	set1	norse		weapon/knife(1 hand)	3	0	0	0	2	48	Hurtig: Your attack rolls with this weapon get +1 for each of your other face-up support cards.	playerNPool
set1_01-062	Leiter	anachronism/set1/Anachronism-Set1-Leiter.jpg	default	Armor	set1	norse		armor/torso	3	0	0	0	0	62	Naturlig: Your defense rolls gain +1 if you are a water warrior.	playerNPool
set1_01-006	Leonidas	anachronism/set1/Anachronism-Set1-Leonidas.jpg	default	Warrior	set1	greek	wood	warrior/male	0	8	3	3	1	6	Molon Lave: Once per round, after you deal damage to an enemy warrior, gain 1 life.	playerNWarrior
set1_01-004	Linen Cuirass	anachronism/set1/Anachronism-Set1-LinenCuirass.jpg	default	Armor	set1	greek		armor/torso	2	0	0	0	0	4	Linothorax: Your defense rolls gain +1 while you have lower life than the attacking warrior.	playerNPool
set1_01-019	Liontari	anachronism/set1/Anachronism-Set1-Liontari.jpg	default	Armor	set1	greek		armor/torso	6	0	0	0	0	19	Apotropi: When you roll doubles on a defense roll, the attack misses.	playerNPool
set1_01-065	Loki	anachronism/set1/Anachronism-Set1-Loki.jpg	default	Inspiration	set1	norse	wind	inspiration/deity	6	0	0	0	0	65	Kneb - Reveal: Choose an opposing warrior's face-up weapon. If you have a face-up weapon, exchange that card for your opponent's weapon until the end of the round.	playerNPool
set1_01-084	Loricae Segmentata	anachronism/set1/Anachronism-Set1-LoricaeSegmentata.jpg	default	Armor	set1	roman		armor/torso	4	0	0	0	0	84	Mobilis: When you take more than 2 damage, reduce that damage to 2.	playerNPool
set1_01-081	Marcus Claudius Marcellus	anachronism/set1/Anachronism-Set1-MarcusClaudiusMarcellus.jpg	default	Warrior	set1	roman	earth	warrior/male	0	8	3	1	1	81	Gladius Romae - Action: If you are in another warrior's attack grid, make a basic attack on that warrior. Your attack roll gains +1 and this attack deals no more than 1 damage.	playerNWarrior
set1_01-086	Maximinus	anachronism/set1/Anachronism-Set1-Maximinus.jpg	default	Warrior	set1	roman	earth	warrior/male	0	8	3	3	1	86	Ardor Deorum: Your attack rolls gain +1 while you have an inspiration in play.	playerNWarrior
set1_01-031	Mempo	anachronism/set1/Anachronism-Set1-Mempo.jpg	default	Armor	set1	japanese		armor/head	7	0	0	0	0	31	Ojikedzuku - Action: Once per turn, choose an opposing warrior and roll two dice. If that total is greater than or equal to their experience, you may move that warrior up to 2 spaces and change their facing.	playerNPool
set1_01-077	Mercury	anachronism/set1/Anachronism-Set1-Mercury.jpg	default	Inspiration	set1	roman	fire	inspiration/deity	9	0	0	0	0	77	Nuntius - Reveal: All warriors gain +2 speed this round.	playerNPool
set1_01-016	Milo of Croton	anachronism/set1/Anachronism-Set1-MiloOfCroton.jpg	default	Warrior	set1	greek	wood	warrior/male	0	8	3	8	1	16	Xoris Fragmo: Your base attacks deal +1 damage while you have no face-up weapon cards.	playerNWarrior
set1_01-039	Miyamoto Musashi	anachronism/set1/Anachronism-Set1-MiyamotoMusashi.jpg	default	Warrior	set1	japanese		warrior/male	0	9	3	3	1	39	Niten Ichi Ryu - Action: Your next attack this turn deals +1 damage.	playerNWarrior
set1_01-057	Mjollnir	anachronism/set1/Anachronism-Set1-Mjollnir.jpg	default	Special	set1	norse		special/item	4	0	0	0	0	57	Slegge: After you are hit by a basic attack, roll two dice. If that total is greater than the attacker's experience, deal 1 damage to that warrior.	playerNPool
set1_01-009	Muscle Cuirass	anachronism/set1/Anachronism-Set1-MuscleCuirass.jpg	default	Armor	set1	greek		armor/torso	4	0	0	0	0	9	Tutlela: After you make a roll that is not an attack roll, the result is considered doubles. Discard this card after use.	playerNPool
set1_01-040	Musha-Shugyo	anachronism/set1/Anachronism-Set1-MushaShugyo.jpg	default	Inspiration	set1	japanese	aether	inspiration/quest	5	0	0	0	0	40	Sho Shin - Reveal: For this round, all hits for all players are critical hits.	playerNPool
set1_01-030	Naginata	anachronism/set1/Anachronism-Set1-Naginata.jpg	default	Weapon	set1	japanese		weapon/polearm(2 hands)	3	0	0	0	2	30	Sune-Uchi - Reveal: Choose an opposing warrior and roll two dice. If the total is more than your opponent's experience, the opposing warrior gets -2 initiative for the next round.	playerNPool
set1_01-026	Nakano Takeko	anachronism/set1/Anachronism-Set1-NakanoTakeko.jpg	default	Warrior	set1	japanese	fire	warrior/female	0	7	3	6	1	26	Roshui-gun: After you hit a warrior with a weapon attack, you may move one space.	playerNWarrior
set1_01-007	Nemesis	anachronism/set1/Anachronism-Set1-Nemesis.jpg	default	Inspiration	set1	greek	wind	inspiration/deity	1	0	0	0	0	7	Ekdikisi: The next card you reveal gains +10 initiative.	playerNPool
set1_01-041	Ninja	anachronism/set1/Anachronism-Set1-Ninja.jpg	default	Warrior	set1	japanese	wind	warrior/male	0	7	3	2	1	41	Ninjutsu: Your attacks deal +1 damage while you are not in the defending opponent's basic attack grid. Shinobi: This warrior may not use two-handed weapons.	playerNWarrior
set1_01-043	Ninja-to	anachronism/set1/Anachronism-Set1-NinjaTo.jpg	default	Weapon	set1	japanese		weapon/sword(1 hand)	5	0	0	0	1	43	Tamokuteki: When making attack rolls with this weapon, roll three dice and choose which two to use.	playerNPool
set1_01-099	Ocrea	anachronism/set1/Anachronism-Set1-Ocrea.jpg	default	Armor	set1	roman		armor/legs	1	0	0	0	0	99	Armatura: Your defense rolls gain +1 if you are a metal warrior.	playerNPool
set1_01-021	Oda Nobunaga	anachronism/set1/Anachronism-Set1-OdaNobunaga.jpg	default	Warrior	set1	japanese	fire	warrior/male	0	8	3	1	1	21	Roukou: You win ties with warriors that do not have the Roukou ability, regardless of experience.	playerNWarrior
set1_01-047	Odin	anachronism/set1/Anachronism-Set1-Odin.jpg	default	Inspiration	set1	norse	earth	inspiration/deity	3	0	0	0	0	47	Innsikt: When making attack or defense rolls, only roll one die. Your roll is equal to the die roll plus the attacking or defending opponent's initiative for this round.	playerNPool
set1_01-002	Oracle of Delphi	anachronism/set1/Anachronism-Set1-OracleOfDelphi.jpg	default	Inspiration	set1	greek	water	inspiration/deity	2	0	0	0	0	2	Propheteia - Reveal: Look at all face-down cards. You may trade the placement of two of your face-down cards.	playerNPool
set1_01-100	Parma	anachronism/set1/Anachronism-Set1-Parma.jpg	default	Special	set1	roman		special/shield(1 hand)	4	0	0	0	0	100	In Vicem Oppugnare: Your attack rolls gain +1 while you are not in an opponent's basic attack grid.	playerNPool
set1_01-083	Pilum	anachronism/set1/Anachronism-Set1-Pilum.jpg	default	Weapon	set1	roman		weapon/polearm(2 hands)	7	0	0	0	1	83	Perutilis - Action: Discard this card to deal 1 damage to another warrior and discard that warrior's face-up shield card, if any.	playerNPool
set1_01-087	Pluto	anachronism/set1/Anachronism-Set1-Pluto.jpg	default	Inspiration	set1	roman	metal	inspiration/deity	7	0	0	0	0	87	Mors Venit: At the end of each player's turn, that player's warrior takes 1 damage if they did not hit another warrior that turn.	playerNPool
set1_01-079	Pteryges	anachronism/set1/Anachronism-Set1-Pteryges.jpg	default	Armor	set1	roman		armor/legs	6	0	0	0	0	79	Servata Tergi: Your defense rolls gain +1 if the attacker is in any of your attack grids.	playerNPool
set1_01-078	Pugio	anachronism/set1/Anachronism-Set1-Pugio.jpg	default	Weapon	set1	roman		weapon/knife(1 hand)	6	0	0	0	1	78	Turbare - Action: Attack with this weapon.	playerNPool
set1_01-017	Pythagoras	anachronism/set1/Anachronism-Set1-Pythagoras.jpg	default	Inspiration	set1	greek	wind	inspiration/philosophy	6	0	0	0	0	17	Sintomotera Odos - Action: Move one space diagonally.	playerNPool
set1_01-018	Ropalo	anachronism/set1/Anachronism-Set1-Ropalo.jpg	default	Weapon	set1	greek		weapon/bludgeon(1 hand)	5	0	0	0	1	18	Dinato Xtipima - Reveal: Turn your warrior to face any direction. You may immediately make an attack with this weapon against each warrior in this weapon's attack grid.	playerNPool
set1_01-033	Saito Musashibo Benkei	anachronism/set1/Anachronism-Set1-SaitoMusashiboBenkei.jpg	default	Warrior	set1	japanese	fire	warrior/male	0	8	3	6	1	33	Toushimanman: After you hit an opponent with a basic attack, they cannot attack you with a weapon this round.	playerNWarrior
set1_01-093	Sarissa	anachronism/set1/Anachronism-Set1-Sarissa.jpg	default	Weapon	set1	greek		weapon/polearm(1 hand)	8	0	0	0	1	93	Katastrofi panoplias: Opponents' armor cards produce no effects during the round they are revealed.	playerNPool
set1_01-003	Sarissae	anachronism/set1/Anachronism-Set1-Sarissae.jpg	default	Weapon	set1	greek		weapon/polearm(2 hands)	7	0	0	0	2	3	Phalanx: When a warrior moves into a space on this weapon's attack grid, deal 1 damage to that warrior.	playerNPool
set1_01-080	Scutulum	anachronism/set1/Anachronism-Set1-Scutulum.jpg	default	Special	set1	roman		special/shield(1 hand)	3	0	0	0	0	80	Clipeus: Your attack and defense rolls gain +1 while you have another face-up support card that adds a bonus to your defense rolls.	playerNPool
set1_01-090	Scutum	anachronism/set1/Anachronism-Set1-Scutum.jpg	default	Special	set1	roman		special/shield(1 hand)	2	0	0	0	0	90	Scutatus: Once per round, after you make a successful attack, roll two dice. If that total is less than or equal to your experience, move the defending warrior one space.	playerNPool
set1_01-095	Shield of hephaestus	anachronism/set1/Anachronism-Set1-ShieldOfHephaestus.jpg	default	Special	set1	greek		special/shield(1 hand)	1	0	0	0	0	95	Dia Tis Pistis Aminomenos: Your defense rolls gain +1 while you have a face-up inspiration card.	playerNPool
set1_01-044	Shinobo Shozoku	anachronism/set1/Anachronism-Set1-ShinoboShozoku.jpg	default	Armor	set1	japanese		armor/torso	2	0	0	0	0	44	Kosokoso: Attack rolls against you that are doubles do not count as critical hits.	playerNPool
set1_01-045	Shuriken	anachronism/set1/Anachronism-Set1-Shuriken.jpg	default	Special	set1	japanese		special/item	8	0	0	0	0	45	Ningu - Action: Make a basic attack at +0 against any warrior that is not adjacent to your warrior.	playerNPool
set1_01-098	Sica	anachronism/set1/Anachronism-Set1-Sica.jpg	default	Weapon	set1	roman		weapon/sword(1 hand)	4	0	0	0	2	98	Lamina Incurvata: Attacks with this weapon deal +1 damage if the defending warrior has a face-up shield card.	playerNPool
set1_01-061	Skegox Francisca	anachronism/set1/Anachronism-Set1-SkegoxFrancisca.jpg	default	Weapon	set1	norse		weapon/axe/ranged(1 hand)	5	0	0	0	1	61	Kaste - Reveal: Deal 1 damage to all warriors not adjacent to your warrior. Liten: You may use another weapon in this game.	playerNPool
set1_01-072	Skjold	anachronism/set1/Anachronism-Set1-Skjold.jpg	default	Special	set1	norse		special/shield(1 hand)	6	0	0	0	0	72	Ward - Reveal: Once this round, before an opposing warrior attacks you, you may reduce all of their attack bonuses to zero.	playerNPool
set1_01-096	Spartacus	anachronism/set1/Anachronism-Set1-Spartacus.jpg	default	Warrior	set1	roman	metal	warrior/male	0	8	3	6	1	96	Ars Gladiatoria - 2 Actions: If you have an inspiration in play, make an extra attack with one of your weapons.	playerNWarrior
set1_01-008	Spartan Lakonian	anachronism/set1/Anachronism-Set1-SpartanLakonian.jpg	default	Weapon	set1	greek		weapon/sword(1 hand)	4	0	0	0	2	8	Epithetiko Pleonektima: Your attack rolls gain +1 and your attacks with this weapon deal +1 damage while your opponent has no weapon.	playerNPool
set1_01-088	Spatha	anachronism/set1/Anachronism-Set1-Spatha.jpg	default	Weapon	set1	roman		weapon/sword(1 hand)	5	0	0	0	1	88	Caedo: After you hit a warrior with this weapon, your basic attacks against that warrior deal +1 damage this round.	playerNPool
set1_01-073	Sverd	anachronism/set1/Anachronism-Set1-Sverd.jpg	default	Weapon	set1	norse		weapon/sword(1 hand)	8	0	0	0	2	73	Decisive Blow: Once per turn, after one of your attacks with this weapon is a critical hit, you may attack again with this weapon without spending an additional action.	playerNPool
set1_01-092	Thetis	anachronism/set1/Anachronism-Set1-Thetis.jpg	default	Inspiration	set1	greek	water	inspiration/deity	3	0	0	0	0	92	Mitriki Agapi: Once per game, re-roll any one die or make an opponent re-roll any one die.	playerNPool
set1_01-053	Thor	anachronism/set1/Anachronism-Set1-Thor.jpg	default	Inspiration	set1	norse	earth	inspiration/deity	4	0	0	0	0	58	Torden: After you roll doubles on a defense roll, deal 1 damage to the attacking warrior.	playerNPool
set1_01-059	Tyr	anachronism/set1/Anachronism-Set1-Tyr.jpg	default	Inspiration	set1	norse	metal	inspiration/deity	8	0	0	0	0	59	Mot: After you make a roll, if any of your dice is a 1, the roll is considered doubles, even if the dice are different.	playerNPool
set1_01-038	Uma	anachronism/set1/Anachronism-Set1-Uma.jpg	default	Special	set1	japanese		special/cavalry	7	0	0	0	0	38	Subayai - Action: Once per round, move two spaces.	playerNPool
set1_01-023	Yumi	anachronism/set1/Anachronism-Set1-Yumi.jpg	default	Weapon	set1	japanese		weapon/ranged(2 hands)	9	0	0	0	1	23	Zanshin - Reveal: Attacks with this weapon deal +1 damage this round.	playerNPool
set1_01-012	Zeus	anachronism/set1/Anachronism-Set1-Zeus.jpg	default	Inspiration	set1	greek	earth	inspiration/deity	4	0	0	0	0	12	Diatagma tou Olimpou: At the beginning of any round, you may name an ability. That ability has no effect that round. After you name an ability, discard this card.	playerNPool
set2_02-090	100 Aduu Bootsoo	anachronism/set2/Anachronism-Set2-100AduuBootsoo.jpg	default	Special	set2	mongol		special/item	6	0	0	0	0	90	Uridcilan medegsen teguskel:  If you are the first player to deal damage after this card is revealed, your basic attacks deal +1 damage for the rest of the game.	playerNPool
set2_02-001	Alfred the Great	anachronism/set2/Anachronism-Set2-AlfredTheGreat.jpg	default	Warrior	set2	briton	earth	warrior/male	0	8	3	4	1	1	Scelden Feohte:  At the start of each round, name an ability that gives you a bonus to an attack roll.  For that round, that ability gives all of  your defense rolls a +1 bonus instead of the attack roll bonus.	playerNWarrior
set2_02-083	Alman Sukh	anachronism/set2/Anachronism-Set2-AlmanSukh.jpg	default	Weapon	set2	mongol		weapon/axe(2 hands)	3	0	0	0	2	83	Cabciqu:  Attacks with this weapon deal +1 damage when attacking an opponent without a face-up cavalry card.	playerNPool
set2_02-052	Ast	anachronism/set2/Anachronism-Set2-Ast.jpg	default	Inspiration	set2	egyptian	aether	inspiration/deity	4	0	0	0	0	52	Nfr:  opposing cards cannot discard your support cards.  Xwi:  After you hit an opponent, you may discard this card to gain 1 life and deal 1 damage to the defending warrior.	playerNPool
set2_02-076	Atitila the Hun	anachronism/set2/Anachronism-Set2-AtitilaTheHun.jpg	default	Warrior	set2	mongol	metal	warrior/male	0	7	3	5	1	76	Noyarqal:  After any player attacks, your attack rolls this round gain +1, to a max of +6.	playerNWarrior
set2_02-053	B'gsw	anachronism/set2/Anachronism-Set2-Bgsw.jpg	default	Weapon	set2	egyptian		weapon/knife(1 hand)	3	0	0	0	1	53	Sft m s':  Tis weapon deals +2 damage while you are in a space directly or diagonally behind your opponent.  You may have another weapon.	playerNPool
set2_02-050	Ba Duan Jin	anachronism/set2/Anachronism-Set2-BaDuanJin.jpg	default	Special	set2	chinese		special/ability	0	0	0	0	0	50	Jun shi xun lian:  If your inspiration and warrior are the same element, you can attack with your weapon a second time during each round.	playerNPool
set2_02-025	Band of Merrie Men	anachronism/set2/Anachronism-Set2-BandOfMerrieMen.jpg	default	Special	set2	briton		special/ally	3	0	0	0	0	25	Freonden oder:  Before initiative is determined each round, roll one die.  If the result is less that 4, add that amount to your first attack roll of the round.  If the result is 4 or greater, add that amount to your initiative for the round.	playerNPool
set2_02-017	Berengaria	anachronism/set2/Anachronism-Set2-Berengaria.jpg	default	Inspiration	set2	briton	water	inspiration/female	9	0	0	0	0	17	Latost Freondlufu ~Reveal:  At the end of this round, gain an amount of life equal to the number of times you hit another warrior this round.	playerNPool
set2_02-045	Bing Fa	anachronism/set2/Anachronism-Set2-BingFa.jpg	default	Special	set2	chinese		special/tome	7	0	0	0	0	45	Gong qi suo bu shou ye:  Once per attack, before  your attack roll, you may choose to reduce that roll by 3.  If you do, that attack deals +1 damage.	playerNPool
set2_02-039	Bo Xiong Jia	anachronism/set2/Anachronism-Set2-BoXiongJia.jpg	default	Armor	set2	chinese		armor/torso	3	0	0	0	0	39	Zu dang:  If you are attacked and missed, the attacking opponent cannot attack you with there next action this turn.	playerNPool
set2_02-006	Boudicca	anachronism/set2/Anachronism-Set2-Boudicca.jpg	default	Warrior	set2	briton	fire	warrior/female	0	8	3	4	1	6	Swift Swidnes:  While you have a face-up cavalry card, your attack rolls gain +1 and your support cards gain +2 initiative.	playerNWarrior
set2_02-009	Bratt	anachronism/set2/Anachronism-Set2-Bratt.jpg	default	Armor	set2	briton		armor/torso	5	0	0	0	0	9	Tangilen:  Your defense rolls gain +2 against polearm and ranged weapons.	playerNPool
set2_02-087	Burqan-Qaldun	anachronism/set2/Anachronism-Set2-BurqanQaldun.jpg	default	Inspiration	set2	mongol	earth	inspiration/deity	1	0	0	0	0	87	Tuil-un qurduca:  At the start of each round, all warriors whose initiative values for the round are odd gain +1 speed for the round.	playerNPool
set2_02-010	Carpat	anachronism/set2/Anachronism-Set2-Carpat.jpg	default	Special	set2	briton		special/cavalry	4	0	0	0	0	10	Sipe ~ 2 Actions:  Once per round, if you are adjacent to an opposing warrior and there is an empty space on the opposite side of them move to that space and deal 2 damage to them.	playerNPool
set2_02-014	Chainmail Shirt	anachronism/set2/Anachronism-Set2-ChainmailShirt.jpg	default	Armor	set2	briton		armor/torso	5	0	0	0	0	14	Weardian de Ende:  Your defense rolls gain +2 against sword and ranged weapons.	playerNPool
set2_02-020	Chivalry	anachronism/set2/Anachronism-Set2-Chivalry.jpg	default	Special	set2	briton		special/ideal	8	0	0	0	0	20	A Cnihte Honur:  Each round, if you win initiative, you may choose to go second.  If you do, your attack and defense rolls this round gain +1.	playerNPool
set2_02-051	Cleoparta VII	anachronism/set2/Anachronism-Set2-CleopartaVII.jpg	default	Warrior	set2	egyptian	aether	warrior/female	0	6	3	8	1	51	fd:  At the start of each round, if there is an opposing male warrior, you may move one space.	playerNWarrior
set2_02-048	Dao	anachronism/set2/Anachronism-Set2-Dao.jpg	default	Weapon	set2	chinese		weapon/sword(1 hand)	6	0	0	0	2	48	Tan xing ren:  This weapon can attack any space in your basic attack grid at +0.	playerNPool
set2_02-079	Duulga	anachronism/set2/Anachronism-Set2-Duulga.jpg	default	Armor	set2	mongol		armor/head	5	0	0	0	0	79	Mon cinar-un tusqal:  Once per round, after making a defense roll, you may set the roll equal to the attacking warrior's initiative for this round.	playerNPool
set2_02-002	Ealhswith	anachronism/set2/Anachronism-Set2-Ealhswith.jpg	default	Inspiration	set2	briton	water	inspiration/female	8	0	0	0	0	2	For de Cwen:  Your attack rolls gain +1 for each point of damage dealt to you during the last round.	playerNPool
set2_02-013	Excalibur	anachronism/set2/Anachronism-Set2-Excalibur.jpg	default	Weapon	set2	briton		weapon/sword(1 hand)	7	0	0	0	2	13	Mirouren Blaed ~ Reveal:  For this round, this weapon deals additional damage equal to the base damage of an opponent's weapon.	playerNPool
set2_02-019	Full Mail Hauberk	anachronism/set2/Anachronism-Set2-FullMailHauberk.jpg	default	Armor	set2	briton		armor/torso/head/legs/arms	2	0	0	0	0	19	Mast Laestan:  You take one less damage, to a minimum of one, from all attacks except those from ranged weapons.	playerNPool
set2_02-080	Gaitay Geprech	anachronism/set2/Anachronism-Set2-GaitayGeprech.jpg	default	Special	set2	mongol		special/ability	4	0	0	0	0	80	Emiyel:  When an opponent attacks you and misses, they take 1 damage if their experience is less than 2.  Otherwise, they get -2 experience for the rest of the game.	playerNPool
set2_02-004	Gambeson	anachronism/set2/Anachronism-Set2-Gambeson.jpg	default	Armor	set2	briton		armor/torso	5	0	0	0	0	4	Strican Helpe:  Your defense rolls gain +2 against bludgeon weapons and basic attacks.	playerNPool
set2_02-081	Genghis Khan	anachronism/set2/Anachronism-Set2-GenghisKhan.jpg	default	Warrior	set2	mongol	metal	warrior/male/cavalry	0	7	3	6	1	81	Erkesiyeku ary-a:  Your attack rolls gain +1 when attacking an opponent without a face-up cavalry card.	playerNWarrior
set2_02-008	Goaf	anachronism/set2/Anachronism-Set2-Goaf.jpg	default	Weapon	set2	briton		weapon/polearm(2 hands)	4	0	0	0	2	8	Haeft Strican:  After you make a basic attack, you may move one space.	playerNPool
set2_02-054	Golden Corselt	anachronism/set2/Anachronism-Set2-GoldenCorselt.jpg	default	Armor	set2	egyptian		armor/torso	7	0	0	0	0	54	Nw:  Your defense rolls gain +3.  If you are hit, discard this card.	playerNPool
set2_02-018	Greatsword	anachronism/set2/Anachronism-Set2-Greatsword.jpg	default	Weapon	set2	briton		weapon/sword(2 hands)	5	0	0	0	2	18	Ridon dem Dune:  This weapon deals +1 damage while you have a face-up cavalry card.	playerNPool
set2_02-027	Guan Di	anachronism/set2/Anachronism-Set2-GuanDi.jpg	default	Inspiration	set2	chinese	aether	inspiration/deity	7	0	0	0	0	27	Zhan shi zhi guang ~ Reveal:  Choose either attack or defense.  For this round, your rolls of that type gain +2 and your opponent's rolls of that type gain +1.	playerNPool
set2_02-026	Guan Yu	anachronism/set2/Anachronism-Set2-GuanYu.jpg	default	Warrior	set2	chinese	wood	warrior/male	0	7	3	6	1	26	Shen su:  If you hit with two basic attacks in a single turn, you immediately gain +1 speed for the rest of the game.	playerNWarrior
set2_02-089	Gutal	anachronism/set2/Anachronism-Set2-Gutal.jpg	default	Armor	set2	mongol		armor/legs	2	0	0	0	0	89	Kodelgegentu cinar:  After you gain life from another card, you may move one space.	playerNPool
set2_02-055	Heqa and Was Scepters	anachronism/set2/Anachronism-Set2-HeqaAndWasScepters.jpg	default	Special	set2	egyptian		special/item(1 hand)	5	0	0	0	0	55	Xq't inqt:  Before you make an attack roll, you may discard this card.  If you do, and the attack hits, that attack is a critical hit.	playerNPool
set2_02-056	Horemheb the Restorer	anachronism/set2/Anachronism-Set2-HoremhebTheRestorer.jpg	default	Warrior	set2	egyptian	metal	warrior/male	0	7	3	6	1	56	Pr":  For each Aether card in play, your attack and defense rolls gain +1 and your weapon attacks deal +1 damage.	playerNWarrior
set2_02-068	Horn Bow	anachronism/set2/Anachronism-Set2-HornBow.jpg	default	Weapon	set2	egyptian		weapon/ranged(2 hands)	8	0	0	0	1	68	Nis:  You may discard a face-up non-ranged weapon you own to put this card into play from your discard pile.  Shw:  This weapon deals +1 damage if you have not moved this turn.	playerNPool
set2_02-057	Horus	anachronism/set2/Anachronism-Set2-Horus.jpg	default	Inspiration	set2	egyptian	aether	inspiration/deity	7	0	0	0	0	57	Ib'nch:  Once per roll, after dice are rolled, you may deal one damage to your warrior, if you do, force any one die to be re-rolled.	playerNPool
set2_02-049	Hu Xion Jia	anachronism/set2/Anachronism-Set2-HuXionJia.jpg	default	Armor	set2	chinese		armor/torso	8	0	0	0	0	49	Gang tie zhi fu ~ action: your defense rolls gain +2 until the next time you attack or use this action.	playerNPool
set2_02-031	Hua Mulan	anachronism/set2/Anachronism-Set2-HuaMulan.jpg	default	Warrior	set2	chinese	water	warrior/female/male	0	7	3	4	1	31	Jing tong qiang:  While you have a polearm, your attack rolls gain +1.  Su di:  At the start of the game, if there is an opposing Mongol warrior, gain 2 life and +6 exp.	playerNWarrior
set2_02-064	Ikm "t	anachronism/set2/Anachronism-Set2-IkmT.jpg	default	Armor	set2	egyptian		armor/torso	1	0	0	0	0	64	r hnn:  When you are hit, the next support card you reveal gains +3 initiative.  Mn:  At the start of each round, if  you won initiative your defense rolls this round gain +2.	playerNPool
set2_02-074	Ikm Mskw	anachronism/set2/Anachronism-Set2-IkmMskw.jpg	default	Armor	set2	egyptian		armor/torso	1	0	0	0	0	74	Ysh':  Your defense rolls gain +1 while you have more life than the attacking warrior.  Dnd:  At the start of any round, you may discard this card and deal 1 damage to your warrior.  If you do, your attacks this round deal +1 damage.	playerNPool
set2_02-029	Jiang Jun Zhil Kai	anachronism/set2/Anachronism-Set2-JiangJunZhilKai.jpg	default	Armor	set2	chinese		armor/torso	7	0	0	0	0	29	Chuan qi zhi kai:  At the start of each round, roll two dice.  If that total is even, your defense rolls this round gain +2.  If you roll doubles, your attack rolls this round gain +1.	playerNPool
set2_02-036	Jie the Tyrant	anachronism/set2/Anachronism-Set2-JieTheTyrant.jpg	default	Warrior	set2	chinese	fire	warrior/male	0	6	3	4	2	36	Ba nue zhi li:  After you hit a warrior with a critical basic attack, take 1 damage.	playerNWarrior
set2_02-047	Jin Cheng Bao Guo	anachronism/set2/Anachronism-Set2-JinChengBaoGuo.jpg	default	Inspiration	set2	chinese	water	inspiration/tattoo	1	0	0	0	0	47	Zuo yue zhi xin:  At the start of each round, you gain +1 speed this round for each player's initiative for this round that matches your experience.	playerNPool
set2_02-099	Khatangu	anachronism/set2/Anachronism-Set2-Khatangu.jpg	default	Armor	set2	mongol		armor/torso	4	0	0	0	0	99	Caexu:  Your defense rolls gain +1 if  your experience is odd.  Tailqu:  When you take damage from something other than an attack, you may discard this card to prevent the damage.	playerNPool
set2_02-069	Khepresh	anachronism/set2/Anachronism-Set2-Khepresh.jpg	default	Armor	set2	egyptian		armor/head	4	0	0	0	0	69	Xq't m"t:  Opposing warriors cannot use abilities on inspiration cards.  An opposing warrior may spend an action on their turn to discard this card.  Your cards cannot prevent this card from being discarded.	playerNPool
set2_02-072	Khnum	anachronism/set2/Anachronism-Set2-Khnum.jpg	default	Inspiration	set2	egyptian	aether	inspiration/deity	5	0	0	0	0	72	M' 'n ~ Reveal:  Your next attack deals +1 damage.  ' r hnn:  Your attack rolls gain +2 against warriors without a face-up inspiration.	playerNPool
set2_02-058	Khopesh	anachronism/set2/Anachronism-Set2-Khopesh.jpg	default	Weapon	set2	egyptian		weapon/sword(1 hand)	3	0	0	0	2	58	Hd 's:  If the defender has a polearm, your attack rolls with this weapon gain +2 and this weapon deals +1 damage.	playerNPool
set2_02-084	Khurim	anachronism/set2/Anachronism-Set2-Khurim.jpg	default	Armor	set2	mongol		armor/torso	4	0	0	0	0	84	Kuiten-I sergeileku ~ Reveal:  For this round, opponent's attacks cannot deal more than the attack's base damage.	playerNPool
set2_02-088	Khutga	anachronism/set2/Anachronism-Set2-Khutga.jpg	default	Weapon	set2	mongol		weapon/knife(1 hand)	5	0	0	0	1	88	Konggen boloqu:  You may use another weapon in this game.  Amua ezex ~ Action:  Discard this card and gain 2 life.	playerNPool
set2_02-086	Khutulun	anachronism/set2/Anachronism-Set2-Khutulun.jpg	default	Warrior	set2	mongol	fire	warrior/female	0	6	3	8	1	86	Itegel:  After you are missed by a basic attack, gain 1 life.	playerNWarrior
set2_02-011	King Arthur	anachronism/set2/Anachronism-Set2-KingArthur.jpg	default	Warrior	set2	briton	metal	warrior/male	0	8	3	3	1	11	Poer of de Stan:  During the first round of the game, your attack rolls gain +3.	playerNWarrior
set2_02-082	Koeke Moengke Tengri	anachronism/set2/Anachronism-Set2-KoekeMoengkeTengri.jpg	default	Inspiration	set2	mongol	wind	inspiration/deity	6	0	0	0	0	82	Eguride-yin koke tngri:  After you make an attack roll, you may discard this card to set the attack roll equal to your exp.	playerNPool
set2_02-091	Kublai Khan	anachronism/set2/Anachronism-Set2-KublaiKhan.jpg	default	Warrior	set2	mongol	wood	warrior/male	0	8	3	7	1	91	Jabsartabal labtai ilaydan-a:  Your attack rolls gain +1 for each of the defender's support cards that are a different culture than the defender.	playerNWarrior
set2_02-012	Lady of the Lake	anachronism/set2/Anachronism-Set2-LadyOfTheLake.jpg	default	Inspiration	set2	briton	water	inspiration/female	3	0	0	0	0	12	Epiphanes ~ Reveal:  Name a reveal ability on any other face-up card.  Use that ability as if you had just revealed that card.	playerNPool
set2_02-024	Leather jerkin	anachronism/set2/Anachronism-Set2-LeatherJerkin.jpg	default	Armor	set2	briton		armor/torso	6	0	0	0	0	24	Tohte Hyd:  Your defense roll against the first attack against you each round gains +1.  Before you make a defense roll, you may discard this card.  If you do, your defense roll gains +4.	playerNPool
set2_02-023	Longbow	anachronism/set2/Anachronism-Set2-Longbow.jpg	default	Weapon	set2	briton		weapon/ranged(2 hands)	8	0	0	0	1	23	Percen Feohte:  If there are two empty ranks or columns between you and the defending warrior, this weapon deals +1 damage.	playerNPool
set2_02-003	Longsword	anachronism/set2/Anachronism-Set2-Longsword.jpg	default	Weapon	set2	briton		weapon/sword(1 hand)	5	0	0	0	2	3	Angra Feohte:  If you hit an opposing warrior with this weapon, that warrior gets -2 experience for the rest of the game.	playerNPool
set2_02-075	Mace of the Scorpion King	anachronism/set2/Anachronism-Set2-MaceOfTheScorpionKing.jpg	default	Special	set2	egyptian		special/item(1 hand)	6	0	0	0	0	75	Sncht nbt:  When you make an attack roll, if any of the dice are a six, the attack deals +1 damage.	playerNPool
set2_02-022	Maid Marion	anachronism/set2/Anachronism-Set2-MaidMarion.jpg	default	Inspiration	set2	briton	water	inspiration/female	8	0	0	0	0	22	Kidnapen ~ Reveal:  Place this card in any space in the arena.  Rescue ~ Action:  Move to this card's space.	playerNPool
set2_02-059	Man-High Shield	anachronism/set2/Anachronism-Set2-ManHighShield.jpg	default	Armor	set2	egyptian		armor/shield(1 hand)	3	0	0	0	0	59	Wch':  Your defense rolls gain +1 against 1-handed weapons.  Ikr:  At the start of any round, you may discard this card.  If you do, your defense rolls get -1 and you gain +1 speed for the round. ERRATA: one-handed	playerNPool
set2_02-100	Mangudai Steed	anachronism/set2/Anachronism-Set2-MangudaiSteed.jpg	default	Special	set2	mongol		special/cavalry	5	0	0	0	0	100	Qayurmay-iyar bayuju ogku:  Once per turn, after you move out of a space in an opposing warrior's attack grid, you may immediately attack that opponent with one of your ranged weapons at +0.	playerNPool
set2_02-015	Merlin the Wise	anachronism/set2/Anachronism-Set2-MerlinTheWise.jpg	default	Special	set2	briton		special/male	1	0	0	0	0	15	Aecter of de Drakon:  Before rolling, discard this card and another of your face-up, non-weapon support cards.  If you do, that roll gains +3.	playerNPool
set2_02-063	Minb	anachronism/set2/Anachronism-Set2-Minb.jpg	default	Weapon	set2	egyptian		weapon/axe(2 hands)	5	0	0	0	2	63	Mnmn:  If you miss an attack with this weapon, the next hit you make with this weapon deals +1 damage.	playerNPool
set2_02-077	Nemere	anachronism/set2/Anachronism-Set2-Nemere.jpg	default	Inspiration	set2	mongol	wind	inspiration/deity	5	0	0	0	0	77	Qaugiqu salkin:  At the start of each round, choose a direction.   At the start of each player's turn, move their warrior one space in the chosen direction if possible.	playerNPool
set2_02-073	Nsywt	anachronism/set2/Anachronism-Set2-Nsywt.jpg	default	Weapon	set2	egyptian		weapon/polearm/ranged(1 hand)	1	0	0	0	1	73	Qm':  When you are hit by a non-adjacent opponent, deal 1 damage to the attacker.  You may use another weapon.	playerNPool
set2_02-043	Nu Gong	anachronism/set2/Anachronism-Set2-NuGong.jpg	default	Weapon	set2	chinese		weapon/ranged(2 hands)	9	0	0	0	1	43	Zhong chung shang kou:  If you hit an opponent with this weapon, deal 1 damage to that opponent at the start of the next round.	playerNPool
set2_02-098	Num Mor	anachronism/set2/Anachronism-Set2-NumMor.jpg	default	Weapon	set2	mongol		weapon/ranged(2 hands)	7	0	0	0	2	98	Qaralta-ban todolaqu:  After an opponent moves for the  second time in a turn, you may immediately make a basic attack against that warrior at +0.	playerNPool
set2_02-095	Num Tom	anachronism/set2/Anachronism-Set2-NumTom.jpg	default	Special	set2	mongol		special/ranged(2 hands)	9	0	0	0	0	95	Morgoldugen ~ Reveal:  You and a non-adjacent warrior each roll two dice.  If your total is greater than their experience, deal 1 damage to their warrior.  If their total is less than your experience, deal 1 damage to their warrior.	playerNPool
set2_02-067	Osiris	anachronism/set2/Anachronism-Set2-Osiris.jpg	default	Inspiration	set2	egyptian	earth	inspiration/deity	0	0	0	0	0	67	S'nch:  When you are reduced to less than 1 life, instead of defeating your warrior, discard this card to set your life to 1.	playerNPool
set2_02-033	Qiang	anachronism/set2/Anachronism-Set2-Qiang.jpg	default	Weapon	set2	chinese		weapon/polearm(2 hands)	4	0	0	0	1	33	Xuan feng:  When you are attacked by an adjacent warrior, your defense roll gains +2.	playerNPool
set2_02-040	Qing Gong Palace	anachronism/set2/Anachronism-Set2-QingGongPalace.jpg	default	Special	set2	chinese		special/item	3	0	0	0	0	40	Dao ta de huang gong ~ Reveal:  Discard this card to play a card from any discard pile in its place.  If that card has a reveal ability, use it immediately.  Discard that card at the end of this round to its original discard pile.	playerNPool
set2_02-028	Qing Long Yan Yue Dao	anachronism/set2/Anachronism-Set2-QingLongYanYueDao.jpg	default	Weapon	set2	chinese		weapon/polarm(2 hands)	6	0	0	0	2	28	Puo sui gong ji:  After you hit with this weapon, roll two dice.  If that total is greater than the defender's experience, discard one of the defender's cavalry or armor support cards.	playerNPool
set2_02-062	Ra	anachronism/set2/Anachronism-Set2-Ra.jpg	default	Inspiration	set2	egyptian	fire	inspiration/deity	2	0	0	0	0	62	Ri':  At the start of each round, if you have less life than all opponents and a special card in play, gain 1 life and deal 1 damage to an opposing warrior.  You may use another inspiration this game.	playerNPool
set2_02-061	Ramses II	anachronism/set2/Anachronism-Set2-RamsesII.jpg	default	Warrior	set2	egyptian	fire	warrior/male	0	7	3	7	1	61	Xdb ~ Action:  If you have not made an attack this turn, make an attack with double the bonus from the appropriate attack grid.  Your other attack rolls this round may not be increased by abilities or attack grids.	playerNWarrior
set2_02-070	Reu Nu Pert Em Hru	anachronism/set2/Anachronism-Set2-ReuNuPertEmHru.jpg	default	Special	set2	egyptian		special/tome	5	0	0	0	0	70	Bswt:  Warriors cannot gain life.  Snb ~ Reveal:  All other warriors with more than their printed life are reduced to their printed life.	playerNPool
set2_02-007	Rhiannon	anachronism/set2/Anachronism-Set2-Rhiannon.jpg	default	Inspiration	set2	briton	wind	inspiration/deity/cavalry	4	0	0	0	0	7	Wintsang:  Each time a cavalry card is revealed, including this card, gain 1 life.	playerNPool
set2_02-016	Richard the Lionheart	anachronism/set2/Anachronism-Set2-RichardTheLionheart.jpg	default	Warrior	set2	briton	earth	warrior/male/cavalry	0	8	3	5	1	16	Fixe Strican:  After you miss an attack, your next attack roll gains +2.	playerNWarrior
set2_02-021	Robin Hood	anachronism/set2/Anachronism-Set2-RobinHood.jpg	default	Warrior	set2	briton	wind	warrior/male	0	7	3	4	1	21	Treowe Ame:  You gain +3 experience and  your attack rolls gain +1 if you have a ranged weapon.	playerNWarrior
set2_02-066	Seti I	anachronism/set2/Anachronism-Set2-SetiI.jpg	default	Warrior	set2	egyptian	aether	warrior/male	0	7	3	6	1	66	Mnch n:  You may have two inspirations in play.  While you do, your basic attacks deal +1 damage.	playerNWarrior
set2_02-044	Shan Wen Jia	anachronism/set2/Anachronism-Set2-ShanWenJia.jpg	default	Armor	set2	chinese		armor/torso	2	0	0	0	0	44	Wan qiang di kang:  When you roll a 1 on a die in a defense roll, that defense roll gains +3 for each 1 rolled.	playerNPool
set2_02-035	Sheng Kai De Mu Lan Hua	anachronism/set2/Anachronism-Set2-ShengKaiDeMuLanHua.jpg	default	Special	set2	chinese		special/item	4	0	0	0	0	35	Nu xing zhi mei:  Before a tied roll is broken by experience, you may discard this card.  If you do, your roll gains +1 and you gain 2 life.	playerNPool
set2_02-071	Srqt, the Scorpion King	anachronism/set2/Anachronism-Set2-SrqtTheScorpionKing.jpg	default	Warrior	set2	egyptian	earth	warrior/male	0	7	3	7	1	71	Sh'w r wrt:  Once per game, after you make a roll, you may change one of the dice to a six.	playerNWarrior
set2_02-096	Subedei	anachronism/set2/Anachronism-Set2-Subedei.jpg	default	Warrior	set2	mongol	fire	warrior/male	0	7	3	7	1	96	Sain-tai tal-a-yi eriku:  Once per round when making an attack roll, you may re-roll one die of the attack roll.  If you new result of the die is that same as the old result, deal one damage to the defending warrior.	playerNWarrior
set2_02-041	Sun Tzu	anachronism/set2/Anachronism-Set2-SunTzu.jpg	default	Warrior	set2	chinese	wind	warrior/male	0	8	3	7	1	41	Wu xing de si lue ~ Action:  Gain +1 speed on your next turn.	playerNWarrior
set2_02-078	Sword of Mars	anachronism/set2/Anachronism-Set2-SwordOfMars.jpg	default	Weapon	set2	mongol		weapon/sword(1 hand)	0	0	0	0	2	78	Amin-tu kurku qoorlal:  If you have less than 3 life and hit your opponent with this weapon, that opponent is reduced to one life after the attack.	playerNPool
set2_02-030	Tao Yuan San Jie Yi	anachronism/set2/Anachronism-Set2-TaoYuanSanJieYi.jpg	default	Special	set2	chinese		special/allies	7	0	0	0	0	30	Bai ba xiong di ~ Reveal:  Choose attack roll, defense roll, or speed.  Your opponent loses all bonuses of the chosen type from card abilities for this round.	playerNPool
set2_02-005	Targe	anachronism/set2/Anachronism-Set2-Targe.jpg	default	Special	set2	briton		special/shield(1 hand)	2	0	0	0	0	5	Agaenes-feohte:  When you are attacked and missed, your next attack roll gains +2.	playerNPool
set2_02-093	Tomor Scimitar	anachronism/set2/Anachronism-Set2-TomorScimitar.jpg	default	Weapon	set2	mongol		weapon/sword(1 hand)	4	0	0	0	2	93	Dutaydal-I ni baicayaqu:  Once per game, before you make an attack roll, gain a damage bonus equal to your opponent's largest defense bonus +1.	playerNPool
set2_02-094	Tsamts Torgo	anachronism/set2/Anachronism-Set2-TsamtsTorgo.jpg	default	Armor	set2	mongol		armor/torso	6	0	0	0	0	94	Oncoyai qamayalalta:  You may discard this card before an attack roll is made.  If you do, the attack deals one less damage and the attacker may not use any card abilities for this attack.	playerNPool
set2_02-060	Udjat Eye	anachronism/set2/Anachronism-Set2-UdjatEye.jpg	default	Special	set2	egyptian		special/item	2	0	0	0	0	60	Xk':  Each time you roll a 1 on any die, gain 1 life.	playerNPool
set2_02-065	Werryet	anachronism/set2/Anachronism-Set2-Werryet.jpg	default	Special	set2	egyptian		special/cavalry	6	0	0	0	0	65	Hdhd chbn:  At the start of the round, if you won initiative, you may move one space.	playerNPool
set2_02-092	Xanadu	anachronism/set2/Anachronism-Set2-Xanadu.jpg	default	Inspiration	set2	mongol	wood	inspiration/item	4	0	0	0	0	92	Debajan:  At the end of each round, if  you dealt damage to another warrior, gain 1 life.	playerNPool
set2_02-097	Yeke Mongghul Ulus	anachronism/set2/Anachronism-Set2-YekeMongghulUlus.jpg	default	Inspiration	set2	mongol	wood	inspiration/dynasty	6	0	0	0	0	97	Kucurkeg turimekel ulus ~ Action:   If  you have a face-up ranged card and you won initiative this turn, move and opposing warrior one space.	playerNPool
set2_02-037	Yeng Wang ye	anachronism/set2/Anachronism-Set2-YengWangYe.jpg	default	Inspiration	set2	chinese	aether	inspiration/deity	3	0	0	0	0	37	Si shen zhi hu:  After any other card is discarded, discard this card to deal 2 damage to an opponent.	playerNPool
set2_02-042	Yu Huang Shang Di	anachronism/set2/Anachronism-Set2-YuHuangShangDi.jpg	default	Inspiration	set2	chinese	aether	inspiration/deity	5	0	0	0	0	42	Ming si:  At the start of the round, if you did not make any attacks last round, your attack rolls gain +2 and you gain +4 experience for this round.	playerNPool
set2_02-038	Yue	anachronism/set2/Anachronism-Set2-Yue.jpg	default	Weapon	set2	chinese		weapon/axe(1 hand)	2	0	0	0	2	38	Si lie jing shu:  If you hit with this weapon as your first attack of your turn, discard one of the defender's non-weapon support cards.	playerNPool
set2_02-046	Yue Fei	anachronism/set2/Anachronism-Set2-YueFei.jpg	default	Warrior	set2	chinese	water	warrior/male	0	8	1	3	1	46	Han dong shan feng:  You gain +1 speed for each of your face-up support cards.	playerNWarrior
set2_02-085	Zhad	anachronism/set2/Anachronism-Set2-Zhad.jpg	default	Special	set2	mongol		special/polearm(2 hands)	4	0	0	0	0	85	Am onggereku ~ Action:  Once per round, roll two dice.  If the total is greater than an adjacent warrior's initiative for this round, deal 2 damage to that warrior or 3 damage if  you have a face-up cavalry card.  You may use another special card in this game.	playerNPool
set2_02-034	Zhou	anachronism/set2/Anachronism-Set2-Zhou.jpg	default	Armor	set2	chinese		armor/head	3	0	0	0	0	34	Xue xin:  Your defense rolls gain +1 against non-Chinese warriors.  Opposing cards cannot move you or change your facing.	playerNPool
set2_02-032	Zhu Rong	anachronism/set2/Anachronism-Set2-ZhuRong.jpg	default	Inspiration	set2	chinese	fire	inspiration/deity	3	0	0	0	0	32	Zheng yi de tu xi ~ Reveal:  Deal 3 damage to all warriors with face-up cavalry cards, deal 1 damage to all other warriors.	playerNPool
set3_03-001	Charlemagne	anachronism/set3/Anachronism-Set3-Charlemagne.jpg	default	Warrior	set3	french	fire	warrior/male	0	8	3	6	1	1	Ferocite inlassable:  While you have at least three face-up support cards, your attack rolls gain +2.	playerNWarrior
set3_03-002	Pape hadrien Ier	anachronism/set3/Anachronism-Set3-PapeHadrienIer.jpg	default	Inspiration	set3	french	earth	inspiration/male	5	0	0	0	0	2	Inspiration Divine:  When you make a basic attack against a warrior with less experience, the attack roll gains +1.  If the attack is a critical hit, it deals +1 damage.	playerNPool
set3_03-003	Epee Carolingienne	anachronism/set3/Anachronism-Set3-EpeeCarolingienne.jpg	default	Weapon	set3	french		weapon/sword(1 hand)	5	0	0	0	2	3	Lame Preste:  While the defender has a two-handed weapon, attack rolls with this weapon gain +3.	playerNPool
set3_03-004	Bouclier Carolingien	anachronism/set3/Anachronism-Set3-BouclierCarolingien.jpg	default	Armor	set3	french		armor/shield(1 hand)	9	0	0	0	0	4	Pret a Servir:  While an opponent is in your basic attack grid, your defense and basic attack rolls gain +1.  You may use another Armor.	playerNPool
set3_03-005	Couronne Imperiale	anachronism/set3/Anachronism-Set3-CouronneImperiale.jpg	default	Special	set3	french		special/head	3	0	0	0	0	5	Affirmation d' Autorite ~ Action:  Once per round, roll tow dice.  If the total is greater than your initiative for the round, gain 1 life.  If the total is less than your experience, turn one of your support cards face up.  At the end of the round, turn that card face down.  If that card is discarded, use its initiative value as normal.	playerNPool
set3_03-006	Charles Martel	anachronism/set3/Anachronism-Set3-CharlesMartel.jpg	default	Warrior	set3	french	fire	warrior/male	0	7	3	6	1	6	Inebranlable: After a roll has been made, you may discard a face-up support card you own to force any roll to be re-rolled. You may choose to give the re-roll +2 or -2.	playerNWarrior
set3_03-007	Saint Boniface	anachronism/set3/Anachronism-Set3-SaintBoniface.jpg	default	Inspiration	set3	french	wood	inspiration/deity	7	0	0	0	0	7	Conseil Avise: If you win a tie or your opponent rolls doubles, your next attack deals +1 damage.	playerNPool
set3_03-008	L'epee Aux Cinq Croix	anachronism/set3/Anachronism-Set3-LepeeAuxCinqCroix.jpg	default	Weapon	set3	french		weapon/sword(1 hand)	6	0	0	0	1	8	Acier Sanctifie: Your defense rolls gain +1 for each inspiration the attacker and defender have in play.	playerNPool
set3_03-009	Broigne D'ecailles	anachronism/set3/Anachronism-Set3-BroigneDecailles.jpg	default	Armor	set3	french		armor/torso/legs/arms	5	0	0	0	0	9	Posture Defensive: Once per turn, after you make a defense roll, you may have the roll gain +3. If you do, you get -1 speed for your next turn.	playerNPool
set3_03-010	Marteau De Cavalerie	anachronism/set3/Anachronism-Set3-MarteauDeCavalerie.jpg	default	Special	set3	french		special/item/bludgeon(1 hand)	1	0	0	0	0	10	Coup Fracassant: At the start of each round, roll two dice. If the total is less than an adjacent opponent's experience, deal 1 damage to that warrior and their defense rolls get -1 this round.	playerNPool
set3_03-011	Roland Le Paladin	anachronism/set3/Anachronism-Set3-RolandLePaladin.jpg	default	Warrior	set3	french	aether	warrior/male	0	6	3	3	1	11	Foi juree: At the start of each round, for each French card revealed that round, your attack rolls for that round gain +1 and you gain 1 life.	playerNWarrior
set3_03-012	Code Du Paladin	anachronism/set3/Anachronism-Set3-CodeDuPaladin.jpg	default	Inspiration	set3	french	earth	inspiration/code	7	0	0	0	0	12	Misericorde: Your critical hits deal normal damage. Once per round, when you roll doubles on an attack roll, gain 1 life and immediately make an additional attack with your weapon if possible.	playerNPool
set3_03-013	Durendal	anachronism/set3/Anachronism-Set3-Durendal.jpg	default	Weapon	set3	french		weapon/sword(1 hand)	7	0	0	0	2	13	Regain de Courage: After you hit with this weapon, the next time you are dealt damage, reduce that damage by 1 to a minimum of 0	playerNPool
set3_03-014	Cotte De Mailles Du Paladin	anachronism/set3/Anachronism-Set3-CotteDeMaillesDuPaladin.jpg	default	Armor	set3	french		armor/torso	5	0	0	0	0	14	Protection Renforcee: Before you are damaged by a critical hit, gain 3 life	playerNPool
set3_03-015	Olifant	anachronism/set3/Anachronism-Set3-Olifant.jpg	default	Special	set3	french		special/item(1 hand)	6	0	0	0	0	15	Appel a l'Aide - Action: If you have less life than an adjacent opponent, discard this card to make three consecutive basic attacks against that opponent at +0	playerNPool
set3_03-016	Sainte Jeanne D'arc	anachronism/set3/Anachronism-Set3-SainteJeanneDarc.jpg	default	Warrior	set3	french	fire	warrior/female	0	8	3	3	1	16	Sainte Colere: Your attack rolls gain +1 for each of your Armor cards in play. You may use up to three Armor cards this game. Your defense rolls can gain a bonus from only one of your cards	playerNWarrior
set3_03-017	Archange Michel	anachronism/set3/Anachronism-Set3-ArchangeMichel.jpg	default	Inspiration	set3	french	aether	inspiration/ally	5	0	0	0	0	17	Presence Imposante - Reveal: This round, if you are not an Earth or Water warrior, your basic attacks against warriors without an Armor card in play deal +1 damage	playerNPool
set3_03-018	Epee De Martel	anachronism/set3/Anachronism-Set3-EpeeDeMartel.jpg	default	Weapon	set3	french		weapon/sword(1 hand)	3	0	0	0	1	18	Ardente Vengeance: After you are hit by an adjacent opponent's weapon, if you are a Fire warrior, you may immediately make an attack with this weapon at +0. This attack deals +1 damage	playerNPool
set3_03-019	Blanc Harnois	anachronism/set3/Anachronism-Set3-BlancHarnois.jpg	default	Armor	set3	french		armor/torso/legs/arms	1	0	0	0	0	19	Eclat Immacule: Your attacks deal +1 damage to a player who has used a Reveal ability this game	playerNPool
set3_03-020	Sainte Banniere	anachronism/set3/Anachronism-Set3-SainteBanniere.jpg	default	Special	set3	french		special/item(1 hand)	7	0	0	0	0	20	Bon Droit: After you are missed by an attack, your next successful attack deals +1 damage	playerNPool
set3_03-021	Vercingetorix	anachronism/set3/Anachronism-Set3-Vercingetorix.jpg	default	Warrior	set3	french	wood	warrior/male	0	8	3	6	1	21	Vigueur Inepuisable: Defense rolls cannot be modified. Once per round when you hit, if the defender has no shield or Armor cards in play, your attack deals +1 damage	playerNWarrior
set3_03-022	Camulos	anachronism/set3/Anachronism-Set3-Camulos.jpg	default	Inspiration	set3	french	wind	inspiration/deity	4	0	0	0	0	22	Rafale: This card's initiative value cannot be changed.  Attaque Soudaine - Reveal: Make an immediate basic attack against an adjacent warrior at +0. Turn this card face down and swap it with another of your face-down cards. Turn the other card face up	playerNPool
set3_03-023	Epee Celtique	anachronism/set3/Anachronism-Set3-EpeeCeltique.jpg	default	Weapon	set3	french		weapon/sword(1 hand)	3	0	0	0	1	23	Ravage: Your attack rolls with swords gain +1. You may use another sword. If you hit with two sword attacks in a single turn, gain +1 speed for that turn	playerNPool
set3_03-024	Bouclier Celtique	anachronism/set3/Anachronism-Set3-BouclierCeltique.jpg	default	Armor	set3	french		armor/shield(1 hand)	6	0	0	0	0	24	Coup de Bouclier: Once per round, when you hit an opponent, if the highest die of the attack roll is greater than the highest die roll of the defense roll, the attack deals +1 damage and you may move the defender one space or rotate them	playerNPool
set3_03-025	Harnachement	anachronism/set3/Anachronism-Set3-Harnachement.jpg	default	Special	set3	french		special/item	0	0	0	0	0	25	Degainer - Reveal: Turn one of your face-down, one-handed weapon cards face up. At the end of the round, turn that card face down. If that card is discarded, use its initiative value as normal. You may use up to two weapons	playerNPool
set3_03-026	Alarich	anachronism/set3/Anachronism-Set3-Alarich.jpg	default	Warrior	set3	germanic	wind	warrior/male	0	8	3	8	1	26	Zerstorer von Rom: After an ability on a Roman card is used, deal 1 damage to the warrior using the ability	playerNWarrior
set3_03-027	Heimdal	anachronism/set3/Anachronism-Set3-Heimdal.jpg	default	Inspiration	set3	germanic	aether	inspiration/deity	4	0	0	0	0	27	Wachsamkeit: You cannot be damaged by any opponent outside of that opponent's turn	playerNPool
set3_03-028	Ger	anachronism/set3/Anachronism-Set3-Ger.jpg	default	Weapon	set3	germanic		weapon/polearm(2 hands)	5	0	0	0	2	28	Aufgestaute Wut: After you hit with this weapon, if the attack roll was greater than the defender's experience, this weapon deals +1 damage for the rest of the game	playerNPool
set3_03-029	Wolfsfell	anachronism/set3/Anachronism-Set3-Wolfsfell.jpg	default	Armor	set3	germanic		armor/torso	6	0	0	0	0	29	Wolfsschlaue: At the start of each round, if your experience is less than each opponents' initiative for this round, you may move up to one space and your defense rolls this round gain +1	playerNPool
set3_03-030	Salarische Tor	anachronism/set3/Anachronism-Set3-SalarischeTor.jpg	default	Special	set3	germanic		special/location	5	0	0	0	0	30	Grober Einmarsch: At the start of each round, if an opponent used a Reveal ability this round, your attack rolls gain +2 this round	playerNPool
set3_03-031	Arminius	anachronism/set3/Anachronism-Set3-Arminius.jpg	default	Warrior	set3	germanic	wind	warrior/male	0	8	3	5	1	31	Waldscharmutzel: After you take an action to move, your next attack and defense rolls gain +1	playerNWarrior
set3_03-032	Tiwaz	anachronism/set3/Anachronism-Set3-Tiwaz.jpg	default	Inspiration	set3	germanic	earth	inspiration/deity	9	0	0	0	0	32	Freier Himmel: After any player makes a critical hit, you may discard this card. If you do, the hit damages the attacker instead of the defender	playerNPool
set3_03-033	Arminius Standarte	anachronism/set3/Anachronism-Set3-ArminiusStandarte.jpg	default	Weapon	set3	germanic		weapon/bludgeon(2 hands)	2	0	0	0	2	33	Durchschlagende Massenandrang: Attacks with this weapon deal +2 damage if the defense roll is less than the defender's initiative	playerNPool
set3_03-034	Rustung Der Romisches Hilfstruppen	anachronism/set3/Anachronism-Set3-RustungDerRomischesHilfstruppen.jpg	default	Armor	set3	germanic		Armor/torso	4	0	0	0	0	34	Leichtgewichtig: Your defense rolls gain +1. If you are missed by an attack and your defense roll is less than the attacker's experience, gain +1 speed on your next turn	playerNPool
set3_03-035	Varusschlacht	anachronism/set3/Anachronism-Set3-Varusschlacht.jpg	default	Special	set3	germanic		special/location	2	0	0	0	0	35	Waldlande: After your opponent uses a card ability to move their warrior, gain +1 speed on your next turn	playerNPool
set3_03-036	Fredegunde	anachronism/set3/Anachronism-Set3-Fredegunde.jpg	default	Warrior	set3	germanic	metal	warrior/female	0	8	3	6	1	36	Betrugerischer Plan: You may make two attacks each turn with each of your knives. Your attack rolls gain +1 while you are directly or diagonally behind the defender	playerNWarrior
set3_03-037	Freya	anachronism/set3/Anachronism-Set3-Freya.jpg	default	Inspiration	set3	germanic	wind	inspiration/deity	4	0	0	0	0	37	Folkvang: After you make a roll, you may discard this card to set your roll equal to any player's initiative for that round	playerNPool
set3_03-038	Vergifteter Dolch	anachronism/set3/Anachronism-Set3-VergifteterDolch.jpg	default	Weapon	set3	germanic	metal	weapon/knife(1 hand)	4	0	0	0	1	38	Schleichendes Gift: At the start of each round, deal 1 damage to each warrior for each time they have been hit by this weapon this game	playerNPool
set3_03-039	Steppumhang	anachronism/set3/Anachronism-Set3-Steppumhang.jpg	default	Armor	set3	germanic	fire	armor/torso	7	0	0	0	0	39	Behagliche Warme: After you take damage, you may discard this card or get -1 speed on your next turn. If you do either, immediately move up to one space	playerNPool
set3_03-040	Schutzherrin Der Meuchelmorder	anachronism/set3/Anachronism-Set3-SchutzherrinDerMeuchelmorder.jpg	default	Special	set3	germanic		special/allies	4	0	0	0	0	40	Sicherer Schlag: All modifiers in any of your attack grids that are less than +0 are increased to +2	playerNPool
set3_03-041	Siegfried	anachronism/set3/Anachronism-Set3-Siegfried.jpg	default	Warrior	set3	germanic		warrior/male	0	7	3	7	1	41	Solides Fundament: Your defense rolls that are less than 8 are increased to 8	playerNWarrior
set3_03-042	Krimhild	anachronism/set3/Anachronism-Set3-Krimhild.jpg	default	Inspiration	set3	germanic		inspiration/female	5	0	0	0	0	42	Schildmaid: At the start of any round, you may give all of your attack rolls for that round -1. If you do, gain +2 experience and your defense rolls for that round gain +1	playerNPool
set3_03-043	Balmung	anachronism/set3/Anachronism-Set3-Balmung.jpg	default	Weapon	set3	germanic		weapon/sword(1 hand)	3	0	0	0	1	43	Wild um sich schlagen - Action: Once per round, your next attack this round with this weapon deals +2 damage	playerNPool
set3_03-044	Tarnkappe	anachronism/set3/Anachronism-Set3-Tarnkappe.jpg	default	Armor	set3	germanic		armor/torso	0	0	0	0	0	44	Sich einfugen: Your defense rolls gain +2. If you move more than once in a turn or are hit, you lose this bonus until the start of the next round	playerNPool
set3_03-045	Bad Im Drachenblut	anachronism/set3/Anachronism-Set3-BadImDrachenblut.jpg	default	Special	set3	germanic		special/item	6	0	0	0	0	45	Unverwundbar: Attacks against you deal -1 damage, to a minimum of 0, for each die in the attack roll that is a 6	playerNPool
set3_03-046	Theoderich Der Grosse	anachronism/set3/Anachronism-Set3-TheoderichDerGrosse.jpg	default	Warrior	set3	germanic	earth	warrior/male	0	7	3	6	1	46	Nachtlicher Angriff: Once per round, after an attack misses you, you may immediately make an attack, if possible. If you do, you get -1 speed on your next turn. This attack deals +1 damage	playerNWarrior
set3_03-047	Boethius	anachronism/set3/Anachronism-Set3-Boethius.jpg	default	Inspiration	set3	germanic	aether	inspiration/male	6	0	0	0	0	47	Schutzbefohlene: At the start of each round, if no opponent reveals a card with greater initiative than this card, gain +1 speed for this round	playerNPool
set3_03-048	Kriegsaxt	anachronism/set3/Anachronism-Set3-Kriegsaxt.jpg	default	Weapon	set3	germanic		weapon/axe(1 hand)	4	0	0	0	1	48	Schwertbrecher: If the defender has a sword, you may attack them with this weapon twice each turn, and these attacks deal +2 damage	playerNPool
set3_03-049	Lorica hamata	anachronism/set3/Anachronism-Set3-LoricaHamata.jpg	default	Armor	set3	germanic		armor/torso	3	0	0	0	0	49	Anpassungsfahig: Opponents' attack rolls against you cannot gain bonuses larger than +3	playerNPool
set3_03-050	Magister Militum	anachronism/set3/Anachronism-Set3-MagisterMilitum.jpg	default	Special	set3	germanic		special/title	2	0	0	0	0	50	Heldenanerkennung - Reveal: If any player has made a critical hit this game, all of your rolls gain +1 for the rest of the game	playerNPool
set3_03-051	Makataimeshekiakiak	anachronism/set3/Anachronism-Set3-Makataimeshekiakiak.jpg	default	Warrior	set3	native american	wood	warrior/male	0	7	3	5	1	51	Wakhanya? Naiczin: Critical hits against you deal normal damage. Your weapon attacks against warriors with one-handed weapons deal +1 damage	playerNWarrior
set3_03-052	Inyan	anachronism/set3/Anachronism-Set3-Inyan.jpg	default	Inspiration	set3	native american	fire	inspiration/deity	6	0	0	0	0	52	Inyan Ihangyephicasni: If you are an Earth, Metal, or Wood warrior, and you are hit by a critical hit, the attack does not deal damage until the end of your next turn. You gain +2 speed on that turn	playerNPool
set3_03-053	Inyan Wahukheza	anachronism/set3/Anachronism-Set3-InyanWahukheza.jpg	default	Weapon	set3	native american		weapon/polearm(2 hands)	1	0	0	0	2	53	Pahlogya Chapha: After an opponent uses an Action ability, you may immediately make an attack with this weapon, if possible	playerNPool
set3_03-054	Wakte Wahachanka	anachronism/set3/Anachronism-Set3-WakteWahachanka.jpg	default	Armor	set3	native american		armor/shield(1 hand)	7	0	0	0	0	54	Blihiciya: Once per round, when you hit with a basic attack, you may have it deal 0 damage. If you do, all of your rolls this game gain +1	playerNPool
set3_03-055	Okichize Channunpa	anachronism/set3/Anachronism-Set3-OkichizeChannunpa.jpg	default	Special	set3	native american		special/item	4	0	0	0	0	55	Okichize un Yuwinyeyapi: Your support cards gain +4 initiative. At the start of each round, if you won initiative, your attack rolls this round gain +1	playerNPool
set3_03-056	Mahpiya Luta	anachronism/set3/Anachronism-Set3-MahpiyaLuta.jpg	default	Warrior	set3	native american	wood	warrior/male	0	9	3	3	1	56	Okhithanin: After you are hit by a weapon, your first attack of your next turn gains a damage bonus equal to the attacker's weapon's base damage	playerNWarrior
set3_03-057	Wi	anachronism/set3/Anachronism-Set3-Wi.jpg	default	Inspiration	set3	native american	aether	inspiration/deity	7	0	0	0	0	57	Wanikiya - Reveal: If this is the first card you reveal this game, the initiative of your support cards and all your rolls gain +2. After an opponent rolls doubles, discard this card	playerNPool
set3_03-058	Chehupahu Chanksa	anachronism/set3/Anachronism-Set3-ChehupahuChanksa.jpg	default	Weapon	set3	native american		weapon/bludgeon(1 hand)	3	0	0	0	0	58	Weeyala s'e Yahtake: Your basic attack rolls gain +2	playerNPool
set3_03-059	Nape Luta Wahachanka	anachronism/set3/Anachronism-Set3-NapeLutaWahachanka.jpg	default	Armor	set3	native american		armor/shield(1 hand)	2	0	0	0	0	59	Blihelya Naicizin: If you have less experience than the attacker's initiative for this round, your defense rolls gain +2	playerNPool
set3_03-060	Ithanchan Thawaphaha	anachronism/set3/Anachronism-Set3-IthanchanThawaphaha.jpg	default	Special	set3	native american		special/head	5	0	0	0	0	60	Woohitike: Once per turn, when you make an attack or defense roll, you may deal 1 damage to your warrior to re-roll one or both dice. The re-roll gains +2	playerNPool
set3_03-061	Thasunka Witko	anachronism/set3/Anachronism-Set3-ThasunkaWitko.jpg	default	Warrior	set3	native american	fire	warrior/male	0	7	3	4	1	61	Tokhel H'anphica Sni: While you have 3 or less life, all of your rolls gain +2	playerNWarrior
set3_03-062	Wakinyan Sunkawakhan	anachronism/set3/Anachronism-Set3-WakinyanSunkawakhan.jpg	default	Inspiration	set3	native american	wind	inspiration/deity	8	0	0	0	0	62	Thehiya Okhicamna: When you make a roll, it gains +2 if the dice are consecutive numbers and you are a Fire, Water, or Wind warrior	playerNPool
set3_03-063	Itazipa Blaska	anachronism/set3/Anachronism-Set3-ItazipaBlaska.jpg	default	Weapon	set3	native american		weapon/ranged(2 hands)	8	0	0	0	2	63	- Reveal: If the next card you reveal is an Inspiration, you gain +1 speed for that round	playerNPool
set3_03-064	Wakinyan Wahachanka	anachronism/set3/Anachronism-Set3-WakinyanWahachanka.jpg	default	Armor	set3	native american		armor/shield(1 hand)	4	0	0	0	0	64	If you are hit, you may reduce the damage to 1. If you do, you get -1 speed on your next turn	playerNPool
set3_03-065	Heyokha	anachronism/set3/Anachronism-Set3-Heyokha.jpg	default	Special	set3	native american		special/allies	4	0	0	0	0	65	Once each round, after an opponent rolls consecutive numbers, deal 1 damage to that warrior	playerNPool
set3_03-066	Thathanka Iyotake	anachronism/set3/Anachronism-Set3-ThathankaIyotake.jpg	default	Warrior	set3	native american	earth	warrior/male/cavalry	0	7	3	9	1	66	Your attack rolls made during the last action of your turn gain +2	playerNWarrior
set3_03-067	Wakhan Thanka	anachronism/set3/Anachronism-Set3-WakhanThanka.jpg	default	Inspiration	set3	native american	wood	inspiration/deity	6	0	0	0	0	67	This card's initiative value cannot be changed.   - Reveal: Move your warrior up to one space. Turn this card face down and swap it with another of your face-down cards. Turn the other card face up	playerNPool
set3_03-068	Wanhi Chanhpi	anachronism/set3/Anachronism-Set3-WanhiChanhpi.jpg	default	Weapon	set3	native american		weapon/axe(1 hand)	2	0	0	0	1	68	After you hit with this weapon, if you do not have an Armor in play, the defender's attack rolls on their next turn cannot be increased	playerNPool
set3_03-069	Wanagi Wachipi Wahachanka	anachronism/set3/Anachronism-Set3-WanagiWachipiWahachanka.jpg	default	Armor	set3	native american		armor/shield(1 hand)	6	0	0	0	0	69	Your defense rolls gain +3 against attacks that deal more than their base damage	playerNPool
set3_03-070	Wanagi Wachipi	anachronism/set3/Anachronism-Set3-WanagiWachipi.jpg	default	Special	set3	native american		special/ability	5	0	0	0	0	70	- Action: If you are adjacent to a warrior, move to another space adjacent to that warrior. Your next attack roll this turn gains +2	playerNPool
set3_03-071	Tecumtha	anachronism/set3/Anachronism-Set3-Tecumtha.jpg	default	Warrior	set3	native american	water	warrior/male	0	8	3	5	1	71	Once per round, before you make a defense roll, you may choose to reduce the roll by 2. If you do and the attack misses, gain 2 life	playerNWarrior
set3_03-072	Hanblecheyapi	anachronism/set3/Anachronism-Set3-Hanblecheyapi.jpg	default	Inspiration	set3	native american	aether	inspiration/quest	9	0	0	0	0	72	After any player rolls doubles, gain +1 speed on your next turn	playerNPool
set3_03-073	Inyanmila	anachronism/set3/Anachronism-Set3-Inyanmila.jpg	default	Weapon	set3	native american		weapon/knife(1 hand)	2	0	0	0	1	73	Immediately before you attack with this weapon, you may move up to one space	playerNPool
set3_03-074	Magazu Thokaheya Wahachanka	anachronism/set3/Anachronism-Set3-MagazuThokaheyaWahachanka.jpg	default	Armor	set3	native american		armor/shield(1 hand)	8	0	0	0	0	74	At the end of the round, if you are a Water warrior and in an opponent's attack grid, move up to two spaces	playerNPool
set3_03-075	Wophiye Wakhan	anachronism/set3/Anachronism-Set3-WophiyeWakhan.jpg	default	Special	set3	native american		special/item	4	0	0	0	0	75	- Reveal: Roll one die and place it on this card. Once each turn, you may swap one of the dice in one of your rolls with the die on this card. At the end of the round, increase the die on this card by 1 if possible	playerNPool
set3_03-076	Calum III	anachronism/set3/Anachronism-Set3-CalumIII.jpg	default	Warrior	set3	scottish	water	warrior/male	0	7	3	8	1	76	Diongbhaltas - Action: Move to any space in any of your attack grids	playerNWarrior
set3_03-077	Naomh Maireid	anachronism/set3/Anachronism-Set3-NaomhMaireid.jpg	default	Inspiration	set3	scottish	aether	inspiration/female	2	0	0	0	0	77	F�or-Choisrigte: After you roll doubles on a non-attack roll, your next attack roll is considered to be doubles	playerNPool
set3_03-078	Claidmeamh-Catha Da-Laimhe	anachronism/set3/Anachronism-Set3-ClaidmeamhCathaDaLaimhe.jpg	default	Weapon	set3	scottish		weapon/sword(2 hands)	4	0	0	0	2	78	Ionnsaigh-Sparraidh: After you hit with this weapon, roll two dice. If the total is less than your experience, move the defender to any space in this weapon's attack grid	playerNPool
set3_03-079	Ceannasg Mailleach	anachronism/set3/Anachronism-Set3-CeannasgMailleach.jpg	default	Armor	set3	scottish		armor/head	3	0	0	0	0	79	Air Fhaiceall ro Chunnart: After you are hit, if the defense roll plus two is greater than the attack roll, the attack deals -1 damage, to a minimum of 0	playerNPool
set3_03-080	Cumhnant Briste	anachronism/set3/Anachronism-Set3-CumhnantBriste.jpg	default	Special	set3	scottish		special/item	0	0	0	0	0	80	Brathadh: At the start of any round, you may discard this card. If you do, all opponents' rolls this round get -1 and you may discard an opponent's item	playerNPool
set3_03-081	Rob Ruadh Macgriogair	anachronism/set3/Anachronism-Set3-RobRuadhMacgriogair.jpg	default	Warrior	set3	scottish	earth	warrior/male	0	7	3	8	1	81	Fear-Claidheimh: Your attack rolls with swords gain +1. Your attack and defense rolls gain +1 against an opponent with a sword	playerNWarrior
set3_03-082	Ar-A-Mach Crabhach	anachronism/set3/Anachronism-Set3-ArAMachCrabhach.jpg	default	Inspiration	set3	scottish	fire	inspiration/quest	5	0	0	0	0	82	Aon Fhior-Chreideamh: Warriors without Inspirations in play cannot gain bonuses to their defense rolls	playerNPool
set3_03-083	Claidheamh Leathann	anachronism/set3/Anachronism-Set3-ClaidheamhLeathann.jpg	default	Weapon	set3	scottish		weapon/sword(1 hand)	5	0	0	0	2	83	Marbhaiche Each: While the defender has a cavalry card, this weapon deals +1 damage	playerNPool
set3_03-084	Targaid Ghaidhealach	anachronism/set3/Anachronism-Set3-TargaidGhaidhealach.jpg	default	Armor	set3	scottish		armor/shield(1 hand)	5	0	0	0	0	84	Crub Fodha: Your defense rolls gain +2 against two-handed weapon attacks	playerNPool
set3_03-085	Bonaid Tri-Iteagan	anachronism/set3/Anachronism-Set3-BonaidTriIteagan.jpg	default	Special	set3	scottish		special/head	3	0	0	0	0	85	Moit na Reisimeid - Reveal: Whenever you would roll two dice this round, roll three dice instead and choose which two to use	playerNPool
set3_03-086	Raibeart Brus	anachronism/set3/Anachronism-Set3-RaibeartBrus.jpg	default	Warrior	set3	scottish	metal	warrior/male	0	7	3	7	1	86	A' Feitheamh Ri Fath - Action: Once per round, your attack rolls with axes this round gain +1 for each of your face-up support cards. Your next axe attack this turn deals +1 damage	playerNWarrior
set3_03-087	Damhan-Allaidh Leantalach	anachronism/set3/Anachronism-Set3-DamhanAllaidhLeantalach.jpg	default	Inspiration	set3	scottish	wood	Inspiration/item	8	0	0	0	0	87	Meanbh-Charaid: If you are a Metal, Wind, or Wood warrior, your first attack roll of each round gains +2	playerNPool
set3_03-088	Tuagh-Chatha Albannach	anachronism/set3/Anachronism-Set3-TuaghChathaAlbannach.jpg	default	Weapon	set3	scottish		weapon/axe(1 hand)	6	0	0	0	2	88	Innleachd Chunnartach: After an opponent re-rolls, swaps, increases or decreases the value of any number of dice, your next attack with this weapon deals +1 damage	playerNPool
set3_03-089	Clogaid Phembridge	anachronism/set3/Anachronism-Set3-ClogaidPhembridge.jpg	default	Armor	set3	scottish		armor/head	4	0	0	0	0	89	Do-chrathte: Once per round, when you are attacked, replace your opponent's modifier from their attack grid with any modifier from any of their attack grids	playerNPool
set3_03-090	Crun na H-Alba	anachronism/set3/Anachronism-Set3-CrunNaHAlba.jpg	default	Special	set3	scottish		special/head	3	0	0	0	0	90	Tagair Ughdaras - Action: If you have no Armor in play, reduce all bonuses to your opponent's rolls this round to 0. You may use another head card	playerNPool
set3_03-091	Sgathach An Eilein Sgiathanaich	anachronism/set3/Anachronism-Set3-SgathachAnEileinSgiathanaich.jpg	default	Warrior	set3	scottish	water	warrior/female	0	8	3	4	1	91	Ban-Fhaidh: If your attack roll matches any players' initiative for any round, that attack deals +1 damage	playerNWarrior
set3_03-092	Iombhas Forasna	anachronism/set3/Anachronism-Set3-IombhasForasna.jpg	default	Inspiration	set3	scottish	aether	inspiration/ability	4	0	0	0	0	92	Na Bhios Ann: Once per round, after an attack or defense roll, you may increase one of the dice you rolled by 1 and decrease one of the dice your opponent rolled by 1	playerNPool
set3_03-093	Tuisg Na Greige	anachronism/set3/Anachronism-Set3-TuisgNaGreige.jpg	default	Weapon	set3	scottish		weapon/sword(2 hands)	7	0	0	0	2	93	Lannan 'nan Cuairteagan: If you are allowed to have more than one weapon this game and are an Aether, Water, or Wind warrior, you may attack with this weapon twice each turn. The second attack roll with this weapon each turn gains +2	playerNPool
set3_03-094	Caithbheart-Chuim Leathrach	anachronism/set3/Anachronism-Set3-CaithbheartChuimLeathrach.jpg	default	Armor	set3	scottish		armor/torso	2	0	0	0	0	94	Gluasadachd: At the start of each round, if you did not win initiative, you may immediately take one action. If you do, you get -1 speed this round	playerNPool
set3_03-095	Craobh Nan Clach	anachronism/set3/Anachronism-Set3-CraobhNanClach.jpg	default	Special	set3	scottish		special/item	8	0	0	0	0	95	Binn Ciontaich: At the start of each round, if you win initiative, you may rotate an Aether, Fire, or Metal warrior	playerNPool
set3_03-096	Uilleam Uallas	anachronism/set3/Anachronism-Set3-UilleamUallas.jpg	default	Warrior	set3	scottish	wood	warrior/male	0	7	3	1	1	96	Cridhe na Gaisgeachd: Your first attack each round with a two-handed non-ranged weapon deals +1 damage. You take +1 damage from critical hits	playerNWarrior
set3_03-097	Cluaran Na H-Alba	anachronism/set3/Anachronism-Set3-CluaranNaHAlba.jpg	default	Inspiration	set3	scottish	wood	inspiration/emblem	3	0	0	0	0	97	Cha Togar M' Fhearg Gun Dioladh: Once per round, after you are hit by an opponent without an Armor in play, your next attack deals +2 damage	playerNPool
set3_03-098	Claidheamh-Mor Gaidhealach	anachronism/set3/Anachronism-Set3-ClaidheamhMorGaidhealach.jpg	default	Weapon	set3	scottish		weapon/sword(2 hands)	1	0	0	0	2	98	Gearradh Bacaidh: Whenever you hit an opponent with this weapon, their defense rolls get -1 for the rest of the game	playerNPool
set3_03-099	Caithbheart-Ruighe Leathrach	anachronism/set3/Anachronism-Set3-CaithbheartRuigheLeathrach.jpg	default	Armor	set3	scottish		armor/arms	5	0	0	0	0	99	Basbaireadh Tuiteamach: Once per turn, after you are missed by an attack, you may immediately make a basic attack against an adjacent opponent at +0. You may use another Armor	playerNPool
set3_03-100	Sporan	anachronism/set3/Anachronism-Set3-Sporan.jpg	default	Special	set3	scottish		special/item	1	0	0	0	0	100	Brigh a Bharrachd: After you roll a 1 on any of your dice, you may re-roll that die	playerNPool
set4_04-001	Benrig Medb	anachronism/set4/Anachronism-Set4-BenrigMedb.jpg	default	Warrior	set4	irish	water	warrior/female	0	7	3	7	1	1	Slaintiuil: twice each round, when an opposing player would gain life, you gain the life instead	playerNWarrior
set4_04-002	Anu	anachronism/set4/Anachronism-Set4-Anu.jpg	default	Inspiration	set4	irish	fire	inspiration/deity	5	0	0	0	0	2	an mhathair uachtaran reveal: gain 2 life.  All of your rolls during your turn this round gain +1.	playerNPool
set4_04-003	Slea Bladhmadh	anachronism/set4/Anachronism-Set4-SleaBladhmadh.jpg	default	Weapon	set4	irish		weapon/polearm(2 hands)	7	0	0	0	2	3	glechlaiomh: Attacks with this weapon deal +1 damage while you have a fire inpiration in play	playerNPool
set4_04-004	Brat Derg	anachronism/set4/Anachronism-Set4-BratDerg.jpg	default	Armor	set4	irish		armor/torso	3	0	0	0	0	4	Seasmh Uasal: Attacks against you cannot gain damage bonuses if the attacker has fewer cards that match their warrior's culture than you have that match yours.	playerNPool
set4_04-005	Donn Cuailnge	anachronism/set4/Anachronism-Set4-DonnCuailnge.jpg	default	Special	set4	irish		special/ally	8	0	0	0	0	5	Sa: If you hit twice in the same turn, you may immediately make a basic attack, if possible.  This attack deals +1 damage.	playerNPool
set4_04-006	Brian Boru	anachronism/set4/Anachronism-Set4-BrianBoru.jpg	default	Warrior	set4	irish	fire	warrior/male	0	7	3	8	1	6	Dioltas: You gain +1 speed during the first round of the game if you are opposing a Norse warrior.  Andara Buille - Action: Once each game, make an attack with one of your weapons, if possible.  After the attack, set your experience to 0.	playerNWarrior
set4_04-007	Ard Ri	anachronism/set4/Anachronism-Set4-ArdRi.jpg	default	Inspiration	set4	irish	earth	inspiration/quest	4	0	0	0	0	7	Muinteartha le Cath:  Your attack and defense rolls gain +1 against a warrior who has equal or fewer support cards that match their warrior's culture than you have that match yours.	playerNPool
set4_04-008	Cliabh Mor	anachronism/set4/Anachronism-Set4-CliabhMor.jpg	default	Weapon	set4	irish		weapon/sword(2 hands)	5	0	0	0	2	8	Luascadh Trom: If you hit with this weapon, the defender's next support card gets -5 initiative.	playerNPool
set4_04-009	Maille Na Lub	anachronism/set4/Anachronism-Set4-MailleNaLub.jpg	default	Armor	set4	irish		armor/torso	3	0	0	0	0	9	Saraonadh: When you are attacked by a sword, axe, or knife, the attacker may choose to reduce their attack roll bonuses to 0. If they do not, the attack deals -1 damage to a minimum of 1.	playerNPool
set4_04-010	Cluain Tairbh	anachronism/set4/Anachronism-Set4-CluainTairbh.jpg	default	Special	set4	irish		special/location	2	0	0	0	0	10	An Staitse a Reiteach - Reveal: Place this card in any space in the arena.  Buntaiste Bhaile: The first defense roll made each turn by opposing warriors in or adjacent to this card's space get -2.	playerNPool
set4_04-011	Cu Chulainn	anachronism/set4/Anachronism-Set4-CuChulainn.jpg	default	Warrior	set4	irish	fire	warrior/male	0	7	3	7	1	11	Fioch Fola: At the start of each of your turns, if any opponent revealed a support card that round with initiative equal to or higher than your life, you may move them to any space in your basic attack grid.  If you do, you cannot move more than once during that turn.	playerNWarrior
set4_04-012	Mor Rioghain	anachronism/set4/Anachronism-Set4-MorRioghain.jpg	default	Inspiration	set4	irish	fire	inspiration/deity	1	0	0	0	0	12	Plean Cliste: Once each round, after an opposing warrior gains life, gain +1 speed for the rest of the game.	playerNPool
set4_04-013	Gae Bolg	anachronism/set4/Anachronism-Set4-GaeBolg.jpg	default	Weapon	set4	irish		weapon/polearm(2 hands)	6	0	0	0	2	13	Ionsai: After you hit with this weapon, your opponent may choose to get -3 on their next roll.  If they do not, deal 1 damage to that warrior.	playerNPool
set4_04-014	Duban	anachronism/set4/Anachronism-Set4-Duban.jpg	default	Armor	set4	irish		armor/shield(1 hand)	0	0	0	0	0	14	Seasamh Ildanach: If you lost initiative this round, you may re-roll one die of one of your attack rolls and one die of one of your defense rolls this round.	playerNPool
set4_04-015	Bas Sheasamhach	anachronism/set4/Anachronism-Set4-BasSheasamhach.jpg	default	Special	set4	irish		special/code	8	0	0	0	0	15	Comhartha Misneach - Reveal: If you lost the previous game, gain 2 life and +3 experience. Otherwise, gain 1 life and +1 experience.	playerNPool
set4_04-016	Donal McCarthaigh Mor	anachronism/set4/Anachronism-Set4-DonalMcCarthaighMor.jpg	default	Warrior	set4	irish	metal	warrior/male	0	8	3	5	1	16	Iomaiocht: At the start of this game, choose an opposing warrior.  At the end of this game, for the rest of the match, your warrior gains +1 speed against warriors of the chosen warrior's culture.  Aisghairm:  Whenever an opponent reveals a card from a different culture than their warrior, the get -2 experience.	playerNWarrior
set4_04-017	Dli Breithim	anachronism/set4/Anachronism-Set4-DliBreithim.jpg	default	Inspiration	set4	irish	wood	inspiration/code	5	0	0	0	0	17	Breithiunas: After an opponent gains a speed bonus from one of their own card abilities or reveals a support card with an initiative greater than 7, deal 1 damage to that warrior.	playerNPool
set4_04-018	Slea Le Scian Le Cuma Duilleog	anachronism/set4/Anachronism-Set4-SleaLeScianLeCumaDuilleog.jpg	default	Weapon	set4	irish		weapon/polearm(2 hands)	9	0	0	0	2	18	Creacht a Thaoscadh: After an opposing warrior gains life from one of their card abilities, you may immediately attack that warrior with this weapon, if possible.	playerNPool
set4_04-019	Torc Orga	anachronism/set4/Anachronism-Set4-TorcOrga.jpg	default	Armor	set4	irish		armor/item	3	0	0	0	0	19	Or Soilseach: You gain +1 speed during the fourth and fifth rounds.  Opposing cards cannot reduce your attack rolls, defense rolls, speed, or experience.	playerNPool
set4_04-020	Siuloir Na Cosach Croise	anachronism/set4/Anachronism-Set4-SiuloirNaCosachCroise.jpg	default	Special	set4	irish		special/item	1	0	0	0	0	20	Ag Siuil ar Chos Chroise: Your warrior is not affected by opposing support cards in spaces in the arena.  Abhog Mor: Once each round, after you roll doubles, you may move one space.	playerNPool
set4_04-021	Finn MacCumhaill	anachronism/set4/Anachronism-Set4-FinnMacCumhaill.jpg	default	Warrior	set4	irish	water	warrior/male	0	7	3	5	1	21	Caide agus Comhghuaillith: At the start of each round, you may discard one of your face-up support cards.  If you do, put an ally card in your discard pile into play face-up.  If that card has a Reveal ability, use it immediately.  This ability cannot return any one ally to play more than once each game.	playerNWarrior
set4_04-022	An Bradain Fease	anachronism/set4/Anachronism-Set4-AnBradainFease.jpg	default	Inspiration	set4	irish	water	inspiration/mystic	6	0	0	0	0	22	Eagnaiocht: At the star of each round, each opponent who reveals a card with higher initiative than this card gets -1 to all their rolls that round.	playerNPool
set4_04-023	Mac An Luin	anachronism/set4/Anachronism-Set4-MacAnLuin.jpg	default	Weapon	set4	irish		weapon/sword(1 hand)	4	0	0	0	2	23	Tonn: If you have a Water inspiration in play, you may use this weapon to attack any adjacent warrior at +2.  Much: when you attack, if the attack and defense rolls tie, deal 1 damage to the defender.	playerNPool
set4_04-024	Sgiath Gailbhinn	anachronism/set4/Anachronism-Set4-SgiathGailbhinn.jpg	default	Armor	set4	irish		armor/shield(1 hand)	0	0	0	0	0	24	Cur I dTaca: Once each round, before you make a defense roll, your roll gains +2.  Clifeal: Once each match, before you make an attack roll, if this card is in your discard pile, that attack roll gains +2.	playerNPool
set4_04-025	Bran Agus Sceolang	anachronism/set4/Anachronism-Set4-BranAgusSceolang.jpg	default	Special	set4	irish		special/allies	5	0	0	0	0	25	Canairt Cogaidh - Reveal: Place this card in any space in the arena.  Ciap: At the end of each round, you may make one basic attack at +2 against each opposing warrior In the same square as, or adjacent to this card. This attack deals no mor than 1 damage.	playerNPool
set4_04-026	Ariki Te Wherowhero	anachronism/set4/Anachronism-Set4-ArikiTeWherowhero.jpg	default	Warrior	set4	maori	earth	warrior/male	0	8	3	5	1	26	Rehu: Once each round, when you hit with a bludgeon and the defender has no armor in play, the defender's next roll gets -2.  Tika: your attack rolls with bludgeons gain +1.	playerNWarrior
set4_04-027	Treaty of Waitangi	anachronism/set4/Anachronism-Set4-TreatyOfWaitangi.jpg	default	Inspiration	set4	maori	earth	inspiration/item	1	0	0	0	0	27	Whakawirli Teka - Reveal: Choose another warrior.  Exchange the experience values of your warrior and the chosen warrior.	playerNPool
set4_04-028	Taiaha	anachronism/set4/Anachronism-Set4-Taiaha.jpg	default	Weapon	set4	maori		weapon/polearm/bludgeon(2 hands)	2	0	0	0	2	28	Kurute: Attacks made with this weapon against adjacent opponents deal -1 damage.	playerNPool
set4_04-029	Pa	anachronism/set4/Anachronism-Set4-Pa.jpg	default	Armor	set4	maori		armor/location	5	0	0	0	0	29	Whakakaha - Reveal: Place this card in any unoccupied space in the arena.  Whita: If an opposing warrior ends their turn in this card's space, deal 1 damage to them.  While you are in or adjacent to this card's space, attack against you cannot gain damage bonuses.	playerNPool
set4_04-030	Hei-Tiki	anachronism/set4/Anachronism-Set4-HeiTiki.jpg	default	Special	set4	maori		special/mystic/item	3	0	0	0	0	30	Te Tuatahi Tangata: At the start of each round, the player who won initiative that round may choose to go last.  If they do not, you may turn one of that player's support cards face-down.  Turn that card face-up at the end of the round.	playerNPool
set4_04-031	Hatupatu	anachronism/set4/Anachronism-Set4-Hatupatu.jpg	default	Warrior	set4	maori	wood	warrior/male	0	5	4	3	1	31	Whakahaere: The first time you make a critical  hit, that hit deals normal damage and gain 4 life and +6 experience.	playerNWarrior
set4_04-032	Tane Mahuta	anachronism/set4/Anachronism-Set4-TaneMahuta.jpg	default	Inspiration	set4	maori	wood	inspiration/deity	7	0	0	0	0	32	Kaiwhakangaio: Once each round, after you and an opponent each roll two dice, if you are a water, wind, or wood warrior, you may deal 1 damage to your warrior.  If you do, swap your highest die with the opponent's highest die.	playerNPool
set4_04-033	Mere	anachronism/set4/Anachronism-Set4-Mere.jpg	default	Weapon	set4	maori		weapon/bludgeon(1 hand)	4	0	0	0	1	33	Hunga Ora: After you attack with this weapon, gain +1 speed this round.  Mama: You may use another weapon.	playerNPool
set4_04-034	Te Kohatu-o-Hatupatu	anachronism/set4/Anachronism-Set4-TeKohatuOHatupatu.jpg	default	Armor	set4	maori		armor/location	8	0	0	0	0	34	Haere Ninihi - Reveal: Place this card in any space in the arena.  Whakapeke: Once each round, when a warrior in this card's space in dealt damage they may reduce that damage by 2 to a min of 1.  After a warrior in this space in critically hit, discard this card.	playerNPool
set4_04-035	Karakia	anachronism/set4/Anachronism-Set4-Karakia.jpg	default	Special	set4	maori		special/ability	3	0	0	0	0	35	Whakatara: At the start of each round, roll two dice.  If this value is odd, your first defense roll this round gains +2.  If you roll doubles each attack against  you this round deals 1 less damage, to a minimum of 1.	playerNPool
set4_04-036	Kupe	anachronism/set4/Anachronism-Set4-Kupe.jpg	default	Warrior	set4	maori	water	warrior/male	0	7	3	4	1	36	Whakahura: At the start of each round, choose an opponent.  You may use abilities on that player's warrior or support cards that give damage, attack roll or defense roll bonuses.  Your support cards cannot give bonuses to your defense rolls.	playerNWarrior
set4_04-037	Tangaroa	anachronism/set4/Anachronism-Set4-Tangaroa.jpg	default	Inspiration	set4	maori	water	inspiration/deity	6	0	0	0	0	37	Miti: The round this card is revealed, initiative is determined by experience and resolved from the lowest to highest.  Nga Tai Puhoro - Reveal: Your attack rolls this round get +1 against warriors with more experience than this card's initiative.	playerNPool
set4_04-038	Hauhau-Te-Rangi	anachronism/set4/Anachronism-Set4-HauhauTeRangi.jpg	default	Weapon	set4	maori		weapon/axe(2 hands)	2	0	0	0	2	38	Pounamu: If you have a mystic card, increase the modifier of all of the spaces in this card's attack grid to +2, and when you attack with this weapon, you may re-roll one die of the attack roll.	playerNPool
set4_04-039	Moko	anachronism/set4/Anachronism-Set4-Moko.jpg	default	Armor	set4	maori		armor/ability/mystic	7	0	0	0	0	39	Taitoatanga: Reduce the damage dealt by each basic attack to 1.	playerNPool
set4_04-040	Waka	anachronism/set4/Anachronism-Set4-Waka.jpg	default	Special	set4	maori		special/cavalry	4	0	0	0	0	40	Amatiatia - Action: Once each round, if there is a water card in play, move to any space in your warrior's column or row.	playerNPool
set4_04-041	Maui-Tikitiki	anachronism/set4/Anachronism-Set4-MauiTikitiki.jpg	default	Warrior	set4	maori	water	warrior/male	0	9	4	5	1	41	Mura: Your attack rolls gain +1 against fire warriors.  Hikaikai: Your defense rolls get -2.	playerNWarrior
set4_04-042	Tu-Matauenga	anachronism/set4/Anachronism-Set4-TuMatauenga.jpg	default	Inspiration	set4	maori	fire	inspiration/deity	7	0	0	0	0	42	Maia - Reveal: Place this card in any space in the arena.  Whakaekenga: When you attack, you may attack as though your warrior were in this space and facing any direction.	playerNPool
set4_04-043	Manai Ikalanai	anachronism/set4/Anachronism-Set4-ManaiIkalanai.jpg	default	Weapon	set4	maori		weapon/bludgeon(1 hand)	6	0	0	0	1	43	Matau: After you make a critical hit with this weapon, deal 2 damage to the defender and place this card in any space in the arena.  Kakari: While you are in or adjacent to this card's space, your attack rolls gain +2.	playerNPool
set4_04-044	Kahu Kiwi	anachronism/set4/Anachronism-Set4-KahuKiwi.jpg	default	Armor	set4	maori		armor/torso	5	0	0	0	0	44	Whakahi: Once each turn, after you are hit by a warrior with a higher initiative for this round than your warrior's experience, you may immediately make a basic attack against the attacker, if possible.	playerNPool
set4_04-045	Mana	anachronism/set4/Anachronism-Set4-Mana.jpg	default	Special	set4	maori		special/mystic	7	0	0	0	0	45	Mana - Reveal: For this round, if you have a deity in play, change each die that you roll that is a 1 to a 6.  Change each die roll that an opponent without a deity in play rolls that is a 5 to a 2.	playerNPool
set4_04-046	Te Raupraha	anachronism/set4/Anachronism-Set4-TeRaupraha.jpg	default	Warrior	set4	maori	water	warrior/male	0	7	3	6	1	46	Whakawhiunga: At the start of each round, make a basic attack at +2 against each warrior with higher initiative than your initiative for that round.	playerNWarrior
set4_04-047	Ranga-Nui Me Papa-Tu-A-Nuku	anachronism/set4/Anachronism-Set4-RangaNuiMePapaTuANuku.jpg	default	Inspiration	set4	maori	aether earth wind	inspiration/deity	4	0	0	0	0	47	Kite: This card also counts as a wind and an earth card.  Koraha: All of your non-defense rolls gain +2 for each element your cards share with any one opponent's cards.	playerNPool
set4_04-048	Kotiate	anachronism/set4/Anachronism-Set4-Kotiate.jpg	default	Weapon	set4	maori		weapon/bludgeon/knife(1 hand)	2	0	0	0	1	48	Apuru: When attacking with this weapon, if the attack roll is odd and the attack hits, the attack is a critical hit.	playerNPool
set4_04-049	Haka	anachronism/set4/Anachronism-Set4-Haka.jpg	default	Armor	set4	maori		armor/ability	1	0	0	0	0	49	Kaitaua: If no other card ability gives you a bonus to your defense rolls, your defense rolls against attacks that would deal more damage than your weapon's base damage gain +2.	playerNPool
set4_04-050	Tapu	anachronism/set4/Anachronism-Set4-Tapu.jpg	default	Special	set4	maori		special/code	5	0	0	0	0	50	Whakakore - Reveal: The next time this game that an opponent hits you with an attack that deals more than its base damage, you may discard this card and one of that opponent's non-weapon support cards.	playerNPool
set4_04-051	Apranik	anachronism/set4/Anachronism-Set4-Apranik.jpg	default	Warrior	set4	persian	wind	warrior/female	0	6	3	7	1	51	Jang Joy-e Azadi: At the start of each round, roll two dice, if this roll is odd, gain 1 life.  If the roll is doubles, your next attack is a critical hit if it hits.	playerNWarrior
set4_04-052	Anahita	anachronism/set4/Anachronism-Set4-Anahita.jpg	default	Inspiration	set4	persian	earth	inspiration/deity	6	0	0	0	0	52	Bar-e Esbat - Reveal: If you lost the previous game or if an opponent discarded one of your cards this game, you may deal 1 damage to your warrior.  If you do, for the rest of the game, your first weapon attack of each round deals +1 damage.	playerNPool
set4_04-053	Akinaka	anachronism/set4/Anachronism-Set4-Akinaka.jpg	default	Weapon	set4	persian		weapon/knife(1 hand)	3	0	0	0	2	53	Du Gardeshl: You may use another weapon this game.	playerNPool
set4_04-054	Tiara	anachronism/set4/Anachronism-Set4-Tiara.jpg	default	Armor	set4	persian		armor/head	4	0	0	0	0	54	Bargasht - Action: Make a basic attack at +1 into any space in any of your non-ranged weapon attack grids.	playerNPool
set4_04-055	Jang O Goriz	anachronism/set4/Anachronism-Set4-JangOGoriz.jpg	default	Special	set4	persian		special/ability	4	0	0	0	0	55	Hamle-ye Jaheshi - Reveal: choose an opponent.  At the start of your turn and this end of the chosen opponent's turn, make a basic or weapon attack against each opposing warrior at the largest bonus in that attack's grid.  These attacks cannot gain damage bonuses.  You can take no other actions this round.	playerNPool
set4_04-056	Cyrus The Great	anachronism/set4/Anachronism-Set4-CyrusTheGreat.jpg	default	Warrior	set4	persian	metal	warrior/male	0	7	3	5	1	56	Savarkar-e Chabok: While you have a cavalry card, you gain +1 speed.	playerNWarrior
set4_04-057	Mardukh	anachronism/set4/Anachronism-Set4-Mardukh.jpg	default	Inspiration	set4	persian	fire	inspiration/deity	2	0	0	0	0	57	Yaghi-e Batel: When you roll, you may roll another die and add the value of that die to this roll.  If you do, the roll cannot count at doubles.	playerNPool
set4_04-058	Kaman-E Helal-E Irani	anachronism/set4/Anachronism-Set4-KamanEHelalEIrani.jpg	default	Weapon	set4	persian		weapon/ranged(2 hands)	9	0	0	0	2	58	Ba Zoor: Your basic attack rolls gain +1.	playerNPool
set4_04-059	Spara	anachronism/set4/Anachronism-Set4-Spara.jpg	default	Armor	set4	persian		armor/shield(1 hand)	5	0	0	0	0	59	Moha'jar: While you have a ranged weapon, this card requires 0 hands to use.  Jeld: When you are attacked, if the attacker has moved this turn, your defense roll gains +2.	playerNPool
set4_04-060	Arabe Haye Darrande	anachronism/set4/Anachronism-Set4-ArabeHayeDarrande.jpg	default	Special	set4	persian		special/cavalry	4	0	0	0	0	60	Barkhord: Once each round, after moving into a space adjacent to an opposing warrior, you may immediately make a basic attack against that warrior, if possible.	playerNPool
set4_04-061	Darius The Great	anachronism/set4/Anachronism-Set4-DariusTheGreat.jpg	default	Warrior	set4	persian	earth	warrior/male	0	7	2	8	1	61	Ghahremani: At the beginning of each round, roll two dice.  If this total is even, your attack rolls gain +1 for the rest of the game.  If this total is odd, your defense rolls gain +1 this round.  If you roll doubles, your next attack deals +1 damage.	playerNWarrior
set4_04-062	Ahuramazda	anachronism/set4/Anachronism-Set4-Ahuramazda.jpg	default	Inspiration	set4	persian	aether	inspiration/deity	6	0	0	0	0	62	Mojazat: When you are hit by an attack with a damage bonus, gain +9 initiative next round and +1 speed on your next turn.	playerNPool
set4_04-063	Neyze-Ye Darrande	anachronism/set4/Anachronism-Set4-NeyzeYeDarrande.jpg	default	Weapon	set4	persian		weapon/polearm(2 hands)	4	0	0	0	2	63	Nagahani: When attacking with this weapon, you may attack each opponent in this weapon's attack grid.  If there is only one opponent in this weapon's attack grid, your attack roll gains +2.	playerNPool
set4_04-064	Gerron	anachronism/set4/Anachronism-Set4-Gerron.jpg	default	Armor	set4	persian		armor/shield(1 hand)	6	0	0	0	0	64	Bazdrande: you may use another armor card this game.  Mogheiyat Gereftan: Once each round, re-roll one die of one of your defense rolls.  After you are attacked, if you rolled doubles on the defense roll, you may move up to one space.	playerNPool
set4_04-065	Amrtaka	anachronism/set4/Anachronism-Set4-Amrtaka.jpg	default	Special	set4	persian		special/ally	3	0	0	0	0	65	Arayesh Gereftan - Reveal: Place this card in any space in the arena.  Amozesh-e Razmi: When you attack an opponent who is in or in non-diagonally adjacent to this card's space, your attack roll gains +2.	playerNPool
set4_04-066	Mithradates VI The Great	anachronism/set4/Anachronism-Set4-MithradatesVITheGreat.jpg	default	Warrior	set4	persian	wind	warrior/male	0	7	3	8	1	66	Jang Salar: At the start of each round, roll two dice.  If you roll consecutive numbers, move your warrior to any unoccupied space in the arena.  If you roll doubles, you may attack twice with one weapon this round.	playerNWarrior
set4_04-067	Dionysus	anachronism/set4/Anachronism-Set4-Dionysus.jpg	default	Inspiration	set4	persian	water	inspiration/deity	7	0	0	0	0	67	Efrat Kardan - Reveal: If the sum of the initiative of all cards revealed this round is even, gain 1 life.  Harzegi: Once each round, after you gain life, your next attack roll gains +2.	playerNPool
set4_04-068	Palta	anachronism/set4/Anachronism-Set4-Palta.jpg	default	Weapon	set4	persian		weapon/polearm/cavalry(1 hand)	2	0	0	0	2	68	Etteham-e Sahmgin: Each time you take an action to move, you may choose for your next attack with this weapon this turn to made at +0 and deal +1 damage.	playerNPool
set4_04-069	Griwban	anachronism/set4/Anachronism-Set4-Griwban.jpg	default	Armor	set4	persian		armor/torso	5	0	0	0	0	69	Shir: your defense rolls gain +1.  After you are hit, your next defense roll this round gains an additional +2.  Tanumand: Once each match, at the start of any round, you may discard a face-up armor card from play to put this card in its place from your discard pile.	playerNPool
set4_04-070	Mitray-I	anachronism/set4/Anachronism-Set4-MitrayI.jpg	default	Special	set4	persian		special/ability	4	0	0	0	0	70	Ijad Moghavemat: After you take damage, roll two dice.  If this total is less than your experience, the next attack against you deals -1 damage to a minimum of 0.	playerNPool
set4_04-071	Shapur I	anachronism/set4/Anachronism-Set4-ShapurI.jpg	default	Warrior	set4	persian	wind	warrior/male/cavalry	0	7	3	6	1	71	Abdide-ye Jang: At the start of each round, roll two dice.  If this total is greater than your life, you may immediately move your warrior one space or use an action ability on one of your support cards.	playerNWarrior
set4_04-072	Zartosht	anachronism/set4/Anachronism-Set4-Zartosht.jpg	default	Inspiration	set4	persian	aether	inspiration/ally/male	9	0	0	0	0	72	Aramesh-e Darouni: At the start of each round, if you did not make an attack last round, your first attack of this round deal +1 damage, and you gain +1 speed this round.	playerNPool
set4_04-073	Kontos	anachronism/set4/Anachronism-Set4-Kontos.jpg	default	Weapon	set4	persian		weapon/polearm(2 hands)	4	0	0	0	2	73	Oqab - Action: If you have hit an opponent with this weapon this turn, make a basic attack at +2 against that warrior.	playerNPool
set4_04-074	Kolah Khod-E Sasani	anachronism/set4/Anachronism-Set4-KolahKhodESasani.jpg	default	Armor	set4	persian		armor/head	0	0	0	0	0	74	Zehn-e Baz: Once each turn, if you have a cavalry card, and one die of one of your rolls matches your experience, you may give the roll +2.	playerNPool
set4_04-075	Rhyton	anachronism/set4/Anachronism-Set4-Rhyton.jpg	default	Special	set4	persian		special/item	3	0	0	0	0	75	Meygosari: Once each round, before you are attacked, you may give the attacker the choice to make the attack roll at +0.  If they do not, gain 1 life.	playerNPool
set4_04-076	Catherine the Great	anachronism/set4/Anachronism-Set4-CatherineTheGreat.jpg	default	Warrior	set4	russian	earth	warrior/female	0	8	3	5	1	76	Diplomaticheskoye Vmeshatelstvo: At the start of each round, choose an attack grid.  Swap that attack grid with this card's attack grid until the end of the round.	playerNWarrior
set4_04-077	Voltaire	anachronism/set4/Anachronism-Set4-Voltaire.jpg	default	Inspiration	set4	russian	wood	inspiration/ally/male	5	0	0	0	0	77	Pontificat: After you lose a tie, gain +1 speed on your next turn, and gain 3 experience.	playerNPool
set4_04-078	Polusablya	anachronism/set4/Anachronism-Set4-Polusablya.jpg	default	Weapon	set4	russian		weapon/sword(1 hand)	7	0	0	0	2	78	Boyevoy Krik - Action: you may attack with this weapon twice during this and your next turns.	playerNPool
set4_04-079	Kirasa	anachronism/set4/Anachronism-Set4-Kirasa.jpg	default	Armor	set4	russian		armor/torso	6	0	0	0	0	79	Ustoichevo Derzhat: Once each round, when you make a non-attack roll, you may choose for the roll to count as doubles.  If you do your next support card gets -3 initiative.	playerNPool
set4_04-080	Prosveschenniy Absolutism	anachronism/set4/Anachronism-Set4-ProsveschenniyAbsolutism.jpg	default	Special	set4	russian		special/code	4	0	0	0	0	80	Deistvitelnost: Dice and rolls are not affected by card abilities other than attack roll or defense roll bonuses.  Naslediye: Once each match, before dice are rolled, if this card is in your discard pile, prevent the dice  or roll from being affected by card abilities other than attack roll or defense roll bonuses.	playerNPool
set4_04-081	Ivan The Terrible	anachronism/set4/Anachronism-Set4-IvanTheTerrible.jpg	default	Warrior	set4	russian	fire	warrior/male	0	7	3	7	1	81	Perviy Tzar: After any player rolls dice, if you have more than 2 experience, you may give your warrior -3 experience.  If you do, you may increase or decrease one of the dice by 1.  Poslednyaya Slava - Action: If you are at 1 life, your next roll is a 12.	playerNWarrior
set4_04-082	Anastasia Romanovna Zakharyina	anachronism/set4/Anachronism-Set4-AnastasiaRomanovnaZakharyina.jpg	default	Inspiration	set4	russian	water	inspiration/ally/female	8	0	0	0	0	82	Dragotzennaya I Hrupkaya: You gain +1 speed and your first weapon attack each deals +1 damage.  After an opponent rolls doubles on an attack roll, discard this card and you get -1 speed on your next turn.	playerNPool
set4_04-083	Shestoper	anachronism/set4/Anachronism-Set4-Shestoper.jpg	default	Weapon	set4	russian		weapon/bludgeon(1 hand)	2	0	0	0	1	83	Visshaya Vlast: When attacking with this weapon, make three attack rolls and compare each against the defender's defense roll. Deal this weapon's damage for each attack roll that hits.  Smertnost: Warriors cannot gain life. You cannot use another weapon this game.	playerNPool
set4_04-084	Tyegilyai	anachronism/set4/Anachronism-Set4-Tyegilyai.jpg	default	Armor	set4	russian		armor/torso	5	0	0	0	0	84	Ustanovlennaya Zaschita: Once each turn, when you are attacked you may choose to give the attack roll -3.  If you do, your next attack roll gets -1.	playerNPool
set4_04-085	Oprichniki	anachronism/set4/Anachronism-Set4-Oprichniki.jpg	default	Special	set4	russian		special/ally	3	0	0	0	0	85	Pihl - Reveal: Place this card in any unoccupied space in your starting row.  Presledovaniye: Whenever you move your warrior, you may move this card one space (not diagonally).  If this card moves into a space occupied by an opposing warrior.  You may discard this card to deal 2 damage to that warrior.	playerNPool
set4_04-086	Peter I The Great	anachronism/set4/Anachronism-Set4-PeterITheGreat.jpg	default	Warrior	set4	russian	metal	warrior/male	0	7	3	7	1	86	Provosglasheniye: At the start of each round choose a row or column in the arena.  While opposing warriors are in the chosen space, they cannot use abilities on armor or special cards.	playerNWarrior
set4_04-087	Vozveshenniye Posolstvo	anachronism/set4/Anachronism-Set4-VozveshenniyePosolstvo.jpg	default	Inspiration	set4	russian	earth	inspiration/quest	6	0	0	0	0	87	Velikoye Posolstvo: Once each game, at the start of any round, if this card is in play or in your discard pile, you may gain +3 experience and move your warrior up to one space.  If this card was in your discard pile, this ability cannot be used again this match.	playerNPool
set4_04-088	Shpaga	anachronism/set4/Anachronism-Set4-Shpaga.jpg	default	Weapon	set4	russian		weapon/sword(1 hand)	1	0	0	0	2	88	Izyaschestvo: After an opposing warrior gains life or a speed bonus, the next attack roll with this weapon gains +1 and that attack deals +1 damage.	playerNPool
set4_04-089	Kolonstar	anachronism/set4/Anachronism-Set4-Kolonstar.jpg	default	Armor	set4	russian		armor/torso	5	0	0	0	0	89	Neudivlenniy: Once each turn, when you are attacked, if you did not win initiative this round, make two defense rolls and choose which one to use.	playerNPool
set4_04-090	Rindi	anachronism/set4/Anachronism-Set4-Rindi.jpg	default	Special	set4	russian		special/ally	6	0	0	0	0	90	Prevsoiti Chislonnostyu: At the star of each round, choose an opposing warrior and roll two dice, if this total is less than the chosen warrior's experience, that warrior's attacks cannot deal more than base damage this round.  Otherwise, your attack rolls against them gain +1 this round.	playerNPool
set4_04-091	Prinz Mikhail Skopin-Shuisky	anachronism/set4/Anachronism-Set4-PrinzMikhailSkopinShuisky.jpg	default	Warrior	set4	russian	wind	warrior/male	0	8	3	6	1	91	Hitrost: When you reveal a support card, you may choose to give its initiative value +4 or -4.  If you do, choose an opponent.  Modify that warrior's first roll of the round by half of the chosen amount.	playerNWarrior
set4_04-092	Samozvanetz Dmitriy I	anachronism/set4/Anachronism-Set4-SamozvanetzDmitriyI.jpg	default	Inspiration	set4	russian	fire	inspiration/ally/male	3	0	0	0	0	92	Tzar Samozvanetz: After you roll dice, if you have more than 2 experience, you may give your warrior -3 experience.  If you do, you may increase one die of the roll by 1.	playerNPool
set4_04-093	Palash	anachronism/set4/Anachronism-Set4-Palash.jpg	default	Weapon	set4	russian		weapon/sword(1 hand)	7	0	0	0	1	93	Presledovat: When you hit with this weapon, you may discard one of your cavalry support cards from play.  If you do, the hit is a critical hit and deals an additional +1 damage.  Glavnaya Tzel: If the defender has no torso card, your attack rolls with this weapon gain +1.	playerNPool
set4_04-094	Bakhterets	anachronism/set4/Anachronism-Set4-Bakhterets.jpg	default	Armor	set4	russian		armor/torso	8	0	0	0	0	94	Perecompensirovat: Once each round, when  you make a defense roll, roll three dice and use the sum of all three.  This roll may not be doubles.  The next attack made against you this game gains +2.	playerNPool
set4_04-095	Mechnik	anachronism/set4/Anachronism-Set4-Mechnik.jpg	default	Special	set4	russian		special/title	5	0	0	0	0	95	Oruzhenosetz - Action: Discard this card to give your next attack roll +2 or to put a weapon card from your discard pile in this cards place.	playerNPool
set4_04-096	Saint Alexander Nevsky	anachronism/set4/Anachronism-Set4-SaintAlexanderNevsky.jpg	default	Warrior	set4	russian	wood	warrior/male	0	8	3	5	1	96	Dukh Tovarischestva: At the start of each round, if an ally card was revealed that round, you may move one space.  Your attack rolls gain +1 for each ally in play.	playerNWarrior
set4_04-097	Metropolitan Kyrillus	anachronism/set4/Anachronism-Set4-MetropolitanKyrillus.jpg	default	Inspiration	set4	russian	aether	inspiration/ally/male	5	0	0	0	0	97	Sankziya: At the star of each round, if your initiative for that round matches your initiative from a previous round, your attack rolls and defense rolls that round gain +1.	playerNPool
set4_04-098	Chekan	anachronism/set4/Anachronism-Set4-Chekan.jpg	default	Weapon	set4	russian		weapon/bludgeon(1 hand)	4	0	0	0	2	98	Protknut: When you attack with the weapon, you may choose to spend an additional action.  If you do, set the defender's defense roll bonuses to 0.	playerNPool
set4_04-099	Kol'Chuga	anachronism/set4/Anachronism-Set4-KolChuga.jpg	default	Armor	set4	russian		armor/torso	4	0	0	0	0	99	Masterstvo: hen you are attacked, if any single die of your defense roll is great than your life, the roll gains +2.	playerNPool
set4_04-100	Shlem	anachronism/set4/Anachronism-Set4-Shlem.jpg	default	Special	set4	russian		special/head	2	0	0	0	0	100	Uklonitsya: When you are attacked by an attack with a damage bonus or an attack roll bonus greater than +2, you may discard this card.  If you do, the attack misses.	playerNPool
set5_05-001	Auitzotl	anachronism/set5/Anachronism-Set5-Auitzotl.jpg	default	Warrior	set5	aztec	wood	warrior/male	0	8	3	6	0	1	Cocoxcamanilia: After you hit with a basic attack, when you make your next attack and defense rolls, roll one additional die and choose one die to exclude from the roll.	playerNWarrior
set5_05-002	Tlaloc	anachronism/set5/Anachronism-Set5-Tlaloc.jpg	default	Inspiration	set5	aztec	water	inspiration/deity	7	0	0	0	0	2	Tlacelmilhuiliztli - Reveal: At the end of this round, if you took more damage from opponents than you dealt, your attacks deal +1 damage for the rest of the game.	playerNPool
set5_05-003	Atlatl	anachronism/set5/Anachronism-Set5-Atlatl.jpg	default	Weapon	set5	aztec		weapon/ranged(1 hand)	4	0	0	0	1	3	Iciuhcac: You may use another weapon.  Tlacahuatiliztli: When you hit an opponent with this weapon, the defender's support cards get -3 initiative for the rest of the game.	playerNPool
set5_05-004	Chimalli	anachronism/set5/Anachronism-Set5-Chimalli.jpg	default	Armor	set5	aztec		armor/shield(1 hand)	4	0	0	0	0	4	Machtitenahuatiliztli: When you are attacked, if you are in the attacker's basic attack grid, add the modifier from your space in the attacker's basic attack grid to your defense roll.	playerNPool
set5_05-005	Mectal	anachronism/set5/Anachronism-Set5-Mectal.jpg	default	Special	set5	aztec		special/item	5	0	0	0	0	5	Tlatzoyotiliztli: If an opponent has more than one card that requires hands to use, that player mush discard one of those cards.  Tetzicoliztli: When any opponent attacks with a two-handed weapon, their attack roll gets -2.	playerNPool
set5_05-006	Cuitlahuac	anachronism/set5/Anachronism-Set5-Cuitlahuac.jpg	default	Warrior	set5	aztec	fire	warrior/male	0	8	3	3	0	6	Amana: Once each round, after you hit with a basic attack, you may immediately make an attack with one of your weapons, if possible.  This attack cannot deal more than the weapon's base damage.	playerNWarrior
set5_05-007	Tezcatlipoca	anachronism/set5/Anachronism-Set5-Tezcatlipoca.jpg	default	Inspiration	set5	aztec	aether	inspiration/deity	0	0	0	0	0	7	Teochilhua: Your first attack roll each round gains +1.  Telchihua: After an opponent makes a roll, if the roll is less than that player's initiative for this round, you may discard this card.  If you do, that player must discard one of their non-weapon support cards.	playerNPool
set5_05-008	Tlacochtli	anachronism/set5/Anachronism-Set5-Tlacochtli.jpg	default	Weapon	set5	aztec		weapon/polearm(1 hand)	5	0	0	0	2	8	Mina: Before you make an attack roll with this weapon, you may discard this card.  If you do, your attack roll gains +3, or the roll counts as doubles.	playerNPool
set5_05-009	Ocelocolohtic	anachronism/set5/Anachronism-Set5-Ocelocolohtic.jpg	default	Armor	set5	aztec		armor/torso/head/mystic	5	0	0	0	0	9	Tlamatiliztli - Reveal: You gain +2 experience.  Oceloaacqui: After you are dealt damage, if you have been dealt more than 3 damage from any one opponent in that round, your next successful attack is a critical hit.	playerNPool
set5_05-010	Ocelomeh	anachronism/set5/Anachronism-Set5-Ocelomeh.jpg	default	Special	set5	aztec		special/ally/male	3	0	0	0	0	10	Necalilizicniuhtli - Action: Once each turn, your next basic attack deals +2 damage.  Altepecaconeteysotlani: If you are an Aztec warrior, your first attack roll each round gains +1.	playerNPool
set5_05-011	Itzcoatl	anachronism/set5/Anachronism-Set5-Itzcoatl.jpg	default	Warrior	set5	aztec	aether	warrior/male	0	9	4	5	0	11	Ixhuacayotlani: After you hit with a basic attack, gain +2 experience.	playerNWarrior
set5_05-012	Teyaotenyiliztli	anachronism/set5/Anachronism-Set5-Teyaotenyiliztli.jpg	default	Inspiration	set5	aztec	fire	inspiration/quest	3	0	0	0	0	12	Patiyotl: Twice each round, if you are an earth or aether warrior, when you hit an adjacent opponent who is not in your basic attack grid with a basic attack, deal 1 damage to the defender.	playerNPool
set5_05-013	Macuahuitl	anachronism/set5/Anachronism-Set5-Macuahuitl.jpg	default	Weapon	set5	aztec		weapon/bludgeon/sword(1 hand)	3	0	0	0	2	13	Atlacapetlachi: After you miss with this weapon, you may immediately make a basic attack against the same opponent at +1.	playerNPool
set5_05-014	Cuauhcuachimalli	anachronism/set5/Anachronism-Set5-Cuauhcuachimalli.jpg	default	Armor	set5	aztec		armor/torso/head/mystic	1	0	0	0	0	14	Tlamatiliztli - Reveal: you gain +2 experience.  Cuauhchicauhtilizli: If you are dealt more than 2 damage from any one opponent in a round, you may attack twice with one of your weapons on your next turn.	playerNPool
set5_05-015	Teponaztli	anachronism/set5/Anachronism-Set5-Teponaztli.jpg	default	Special	set5	aztec		special/item(1 hand)	8	0	0	0	0	15	Amoixnahuamiquitlalhacuicatl: If you are not a fire or metal warrior damage from attacks cannot be reduced.  Teoyohtica: You may use another special card in this game.	playerNPool
set5_05-016	Moctezuma II	anachronism/set5/Anachronism-Set5-MoctezumaII.jpg	default	Warrior	set5	aztec	aether	warrior/male	0	8	3	2	1	16	Tezcatiliztli: At the start of each round, if you did not win initiative gain +1 speed for that round.	playerNWarrior
set5_05-017	Quetzalcoatl	anachronism/set5/Anachronism-Set5-Quetzalcoatl.jpg	default	Inspiration	set5	aztec	wood	inspiration/deity	3	0	0	0	0	17	Ixnamicealiztli: Ties are won by the warrior with less life instead of by the warrior with the higher experience.	playerNPool
set5_05-018	Tecpatl	anachronism/set5/Anachronism-Set5-Tecpatl.jpg	default	Weapon	set5	aztec		weapon/knife(1 hand)	4	0	0	0	1	18	Mictilia: When you hit with this weapon, if the defender has more life than your warrior, this attack deals +2 damage.	playerNPool
set5_05-019	Copilli	anachronism/set5/Anachronism-Set5-Copilli.jpg	default	Armor	set5	aztec		armor/head	2	0	0	0	0	19	Ixcuepa: Twice each turn, if you have previously been hit this turn, you may re-roll your defense roll.	playerNPool
set5_05-020	Tlimatli	anachronism/set5/Anachronism-Set5-Tlimatli.jpg	default	Special	set5	aztec		special/item	7	0	0	0	0	20	Cempacca: Once each turn, after one or more of your dice are re-rolled, the roll gains +2.	playerNPool
set5_05-021	Tlacaelel	anachronism/set5/Anachronism-Set5-Tlacaelel.jpg	default	Warrior	set5	aztec	metal	warrior/male	0	7	3	7	0	21	Ohuipetlachiuh: When you hit with a basic attack, the defender chooses to either get -1 to all of their rolls on their next turn or for you to gain 1 life.  If the attack was a critical hit, apply both options.	playerNWarrior
set5_05-022	Huitzilopochtli	anachronism/set5/Anachronism-Set5-Huitzilopochtli.jpg	default	Inspiration	set5	aztec	fire	inspiration/deity	6	0	0	0	0	22	Axittomoctli: At the end of each round, deal 1 damage to all adjacent non-fire warriors.	playerNPool
set5_05-023	Tematlatl	anachronism/set5/Anachronism-Set5-Tematlatl.jpg	default	Weapon	set5	aztec		weapon/ranged/bludgeon(1 hand)	9	0	0	0	1	23	Quilitli: You may use another weapon.  Zotlahuaxoxoliztli: If you hit with this weapon, the defender's next defense roll gets -2.	playerNPool
set5_05-024	Ichcahuipilli	anachronism/set5/Anachronism-Set5-Ichcahuipilli.jpg	default	Armor	set5	aztec		armor/torso	6	0	0	0	0	24	Cuachicpalli: Once each round, after you hit a warrior with a basic attack, your defense rolls against that warrior gain +2 until the start of your next turn.	playerNPool
set5_05-025	Xochivaovotl	anachronism/set5/Anachronism-Set5-Xochivaovotl.jpg	default	Special	set5	aztec		special/quest	6	0	0	0	0	25	Aacquicualnezcayotl - Action: Once each round, make a basic attack against an adjacent opponent at +1. If the attack hits, gain 1 life.  Otherwise, your attack rolls this round gain +1.	playerNPool
set5_05-026	Hijikata Toshizo	anachronism/set5/Anachronism-Set5-HijikataToshizo.jpg	default	Warrior	set5	japanese	fire	warrior/male	0	7	3	6	1	26	Taikyuuryoku: At the start of each round, if you won initiative attacks against you that round cannot be critical hits or deal more than their base damage.	playerNWarrior
set5_05-027	Kyokuchu-Hatto	anachronism/set5/Anachronism-Set5-KyokuchuHatto.jpg	default	Inspiration	set5	japanese	metal	inspiration/code	1	0	0	0	0	27	Chuusei: Warriors cannot gain speed. Each time an opposing warrior reveals a support card of a type that they already have in play, they get -1 speed that round.	playerNPool
set5_05-028	Izuminokami-Kanesada	anachronism/set5/Anachronism-Set5-IzuminokamiKanesada.jpg	default	Weapon	set5	japanese		weapon/sword(2 hands)	4	0	0	0	1	28	Ryuudouteki na Kougeki: After you miss with this weapon, you may move one space.  Hayauchi: The next cad you reveal gains +5 initiative.	playerNPool
set5_05-029	Haori	anachronism/set5/Anachronism-Set5-Haori.jpg	default	Armor	set5	japanese		armor/torso	4	0	0	0	0	29	Gishiki - Reveal: You gain +3 experience.  Dentou: Your other support cards gain +2 initiative.  Opponents cannot reduce damage from your basic attacks.	playerNPool
set5_05-030	Ishida-Sanyaku	anachronism/set5/Anachronism-Set5-IshidaSanyaku.jpg	default	Special	set5	japanese		special/ability	5	0	0	0	0	30	Doutei: If your first action on any of your turns is to move, your attack rolls that turn gain +2.	playerNPool
set5_05-031	Minamoto No Yoshitsune	anachronism/set5/Anachronism-Set5-MinamotoNoYoshitsune.jpg	default	Warrior	set5	japanese	earth	warrior/male	0	6	3	6	1	31	Mukouryokuka: At the start of each round, if you won initiative, opponents cannot attack you with weapons that round.	playerNWarrior
set5_05-032	Genji	anachronism/set5/Anachronism-Set5-Genji.jpg	default	Inspiration	set5	japanese	metal	inspiration/ally	5	0	0	0	0	32	Hangeki: If you are hit twice in one round, during the next round, you gain +1 speed and your attack rolls gain +1.	playerNPool
set5_05-033	Usumidori	anachronism/set5/Anachronism-Set5-Usumidori.jpg	default	Weapon	set5	japanese		weapon/sword(2 hands)	6	0	0	0	2	33	Subayai Kougeki: When you hit with this weapon, the attacker and defender each roll one die and add his or her warrior's experience.  If you total is higher, you gain +1 speed on your next turn.	playerNPool
set5_05-034	Akaitoodoshi-yori	anachronism/set5/Anachronism-Set5-AkaitoodoshiYori.jpg	default	Armor	set5	japanese		armor/torso/legs/arms	2	0	0	0	0	34	Seikaku na Soubi: If you have a sword in play, your attack and defense rolls gain +1.	playerNPool
set5_05-035	Rikutosanryaku	anachronism/set5/Anachronism-Set5-Rikutosanryaku.jpg	default	Special	set5	japanese		special/tome	5	0	0	0	0	35	Mittsu no Himtsu: After an attack or defense roll is made, you may discard this card.  If you do, that player's next roll of the same type is set to the value of the current roll -1.	playerNPool
set5_05-036	Sanada Nobushige	anachronism/set5/Anachronism-Set5-SanadaNobushige.jpg	default	Warrior	set5	japanese	wood	warrior/male	0	7	3	8	1	36	Kandai na Bougyo: When you hit an opponent, you may choose for the attack to deal -1 damage to a minimum of 0.  If you do , reduce the damage of the next attack that hits you by 2, to a min of 0.	playerNWarrior
set5_05-037	Rokumonsenmon	anachronism/set5/Anachronism-Set5-Rokumonsenmon.jpg	default	Inspiration	set5	japanese	metal	inspiration/code	4	0	0	0	0	37	Rokumonsen: You cannot discard this card.  Kesshi no Kakugo: your attack rolls gain +1 and your attacks deal +1 damage.  After you make an attack, add a counter to this card.  When you place the sixth counter on this card you lose that game.	playerNPool
set5_05-038	muramasa	anachronism/set5/Anachronism-Set5-Muramasa.jpg	default	Weapon	set5	japanese		weapon/sword(2 hands)	6	0	0	0	3	38	Densetsuteki: This weapon's damage cannot be increased or reduced by card abilities.	playerNPool
set5_05-039	Akazonae	anachronism/set5/Anachronism-Set5-Akazonae.jpg	default	Armor	set5	japanese		armor/torso/legs/arms	2	0	0	0	0	39	Azayaka na Aka: At the start of each round, roll one die.  If the number is odd, your defense rolls gain +1 this round.  Otherwise, your attack rolls gain +1 this round.  If you have a Japanese inspiration and the roll is greater than 3, you gain +1 speed this round.	playerNPool
set5_05-040	Sanadamaru	anachronism/set5/Anachronism-Set5-Sanadamaru.jpg	default	Special	set5	japanese		special/location	0	0	0	0	0	40	Toride: Once each game after you are hit, if this card is in play or in your discard pile, you may have the tit deal -1 damage, to a minimum of 0.  If this card is in your discard pile, you may not use this ability again this match.	playerNPool
set5_05-041	Takeda Shingen	anachronism/set5/Anachronism-Set5-TakedaShingen.jpg	default	Warrior	set5	japanese	fire	warrior/male	0	7	3	9	1	41	Saisho no Ichigeki: If you make the first attack of the game and that attack hits, you gain 2 life and your attack rolls gain +1 for the rest of the game.	playerNWarrior
set5_05-042	Furinkazan	anachronism/set5/Anachronism-Set5-Furinkazan.jpg	default	Inspiration	set5	japanese	aether	inspiration/mystic	5	0	0	0	0	42	Roukou: You win ties with warriors that do not have the Roukou ability, regardless of experience.	playerNPool
set5_05-043	Jin-Dachi	anachronism/set5/Anachronism-Set5-JinDachi.jpg	default	Weapon	set5	japanese		weapon/sword(2 hands)	8	0	0	0	2	43	Sinchou na Kougeki: When you hit with this weapon, the attacker add defender each roll one die and add his or her warrior's experience.  If your total is higher, your attack rolls gain +1 for the rest of the game.	playerNPool
set5_05-044	Touseigusoku	anachronism/set5/Anachronism-Set5-Touseigusoku.jpg	default	Armor	set5	japanese		armor/torso/legs/arms	2	0	0	0	0	44	Danryokusei: After you are hit, your defense rolls gain +1 to a max of a +3 bonus from this card.	playerNPool
set5_05-045	Gunpai	anachronism/set5/Anachronism-Set5-Gunpai.jpg	default	Special	set5	japanese		special/item	5	0	0	0	0	45	Senjutsu: If you have an armor card in play, your rolls that are doubles gain +2, and your opponent's rolls that are doubles get -2.	playerNPool
set5_05-046	Uesugi Kenshin	anachronism/set5/Anachronism-Set5-UesugiKenshin.jpg	default	Warrior	set5	japanese	wind	warrior/male	0	7	3	4	1	46	Ikusa-Gami: If the fist attack against you this game hits, you gain +4 experience and the +1 speed for the rest of the game.	playerNWarrior
set5_05-047	Kawanakajima	anachronism/set5/Anachronism-Set5-Kawanakajima.jpg	default	Inspiration	set5	japanese	earth	inspiration/location	3	0	0	0	0	47	Ittei no Shouri: If you did not win initiative for the current round, your attack rolls gain +2.  Tatakai ni Fukki: Once each match, after one of your other cards is discarded, you may put this card into play from your discard pile.	playerNPool
set5_05-048	Azukinagamitsu	anachronism/set5/Anachronism-Set5-Azukinagamitsu.jpg	default	Weapon	set5	japanese		weapon/sword(2 hands)	3	0	0	0	2	48	Kyouiteki na Surudose: When you attack with this weapon, if the attack roll is greater than the higher of the defender's experience or the defense roll without bonuses, deal 1 damage to the defender.	playerNPool
set5_05-049	Kusubekawasugakeodoshi	anachronism/set5/Anachronism-Set5-Kusubekawasugakeodoshi.jpg	default	Armor	set5	japanese		armor/torso/legs/arms	4	0	0	0	0	49	Juusoubi: Reduce the damage you take from opposing card abilities by 1, to a minimum of 0.  Fukushuu: After you are damaged by an opponent's non-weapon support card, you may discard this card to discard the opposing card.	playerNPool
set5_05-050	Hata Bi	anachronism/set5/Anachronism-Set5-HataBi.jpg	default	Special	set5	japanese		special/item	9	0	0	0	0	50	Senshi no Inori - Reveal: If you took the last turn of the previous round and won initiative this round, your attack rolls this round that are less than 9 are set to 9.  Netsujou: You may use another special card in this game.	playerNPool
set5_05-051	Amr Ibn Al-A'as	anachronism/set5/Anachronism-Set5-AmrIbnAlAas.jpg	default	Warrior	set5	saracen	aether	warrior/male	0	7	3	6	1	51	Musaada: At the start of each round, you may choose another warrior.  That warrior's defense rolls gain +1 that round.  Motatarref: Once each round, if you have an inspiration in play, you may re-roll one of your defense rolls.	playerNWarrior
set5_05-052	Masjid Ahl Ar-Rayah	anachronism/set5/Anachronism-Set5-MasjidAhlArRayah.jpg	default	Inspiration	set5	saracen	earth	inspiration/location	2	0	0	0	0	52	Taabbud - Reveal: Gain 1 life.  Adfaa Ehtramat: Once each match, at the start of a round, if this card is in your discard pile and you have less life than any opponent, gain 1 life.	playerNPool
set5_05-053	Ras Al Asad	anachronism/set5/Anachronism-Set5-RasAlAsad.jpg	default	Weapon	set5	saracen		weapon/bludgeon(1 hand)	5	0	0	0	2	53	Mukhief: Attack rolls with this weapon that are less than the defender's initiative are set to the defender's initiative.	playerNPool
set5_05-054	Al Derra	anachronism/set5/Anachronism-Set5-AlDerra.jpg	default	Armor	set5	saracen		armor/shield(1 hand)	5	0	0	0	0	54	Darb: When you are hit, if the defense roll plus three is greater than the attack roll, deal 1 damage to the attacker.	playerNPool
set5_05-055	Reaaia Elahiia	anachronism/set5/Anachronism-Set5-ReaaiaElahiia.jpg	default	Special	set5	saracen		special/ability	7	0	0	0	0	55	Saleh: After you make a defense roll, you may discard this card or one of your inspiration cards.  If you do, set one die of the defense roll to any number.	playerNPool
set5_05-056	Harun Al-Rashid	anachronism/set5/Anachronism-Set5-HarunAlRashid.jpg	default	Warrior	set5	saracen	wind	warrior/male	0	7	3	8	1	56	Ghazu: At the end of each round choose an opponent.  That opponent may choose to get -6 initiative on the next round.  If they do not, you gain +1 speed for the next round.	playerNWarrior
set5_05-057	Al-Khayzuran	anachronism/set5/Anachronism-Set5-AlKhayzuran.jpg	default	Inspiration	set5	saracen	wind	inspiration/female	3	0	0	0	0	57	Reaaia: Once this game, before initiative is determined for a round, if you revealed a support card that round set your opponent's initiative for the round to your life.  Thanaa: If you are a wind warrior, your first roll of each turn gains +1.	playerNPool
set5_05-058	Kaws	anachronism/set5/Anachronism-Set5-Kaws.jpg	default	Weapon	set5	saracen		weapon/ranged(2 hands)	9	0	0	0	1	58	Galied - Action: Once each round, if you have a cavalry card in play, make an attack with this weapon at +2.  Pasche: Critical hits with this weapon deal +1 damage.	playerNPool
set5_05-059	Ran	anachronism/set5/Anachronism-Set5-Ran.jpg	default	Armor	set5	saracen		armor/legs	3	0	0	0	0	59	Talik: You may use an another armor card in this game.  While you have two armor cards your attack rolls gain +1.  Anied: If you have less speed than the attacker attacks against you deal -1 damage, to a minimum of 1.	playerNPool
set5_05-060	Alf Layla Wa-Layla	anachronism/set5/Anachronism-Set5-AlfLaylaWaLayla.jpg	default	Special	set5	saracen		special/tome	2	0	0	0	0	60	Hekaiat Kabl Elnaum: At the end of each round name a card type.  After initiative is determined next round any opponent who revealed a card of the named type chooses to either discard the card or get -2 to all rolls that round.	playerNPool
set5_05-061	Maowvia	anachronism/set5/Anachronism-Set5-Maowvia.jpg	default	Warrior	set5	saracen	water	warrior/female/cavalry	0	6	3	6	1	61	Mutauag: When you are attacked, you may reduce the value of a die in the attack roll by 1.	playerNWarrior
set5_05-062	Alnabi Mosa	anachronism/set5/Anachronism-Set5-AlnabiMosa.jpg	default	Inspiration	set5	saracen	earth	inspiration/ally/male	6	0	0	0	0	62	Nasiha: Each roll, change each die that is a 1 to a 3, and each die that is a 6 to a 4.	playerNPool
set5_05-063	Sahm	anachronism/set5/Anachronism-Set5-Sahm.jpg	default	Weapon	set5	saracen		weapon/polearm/ranged(1 hand)	5	0	0	0	2	63	Taan: When you attack with this weapon, you may choose to roll one less die.  If you do, add your initiative to the attack roll.	playerNPool
set5_05-064	Gabal El Taur	anachronism/set5/Anachronism-Set5-GabalElTaur.jpg	default	Armor	set5	saracen		armor/cavalry	4	0	0	0	0	64	Lammah: Once each turn, you may re-roll one die of one of your defense rolls.  If you have another cavalry card in play, once each round you may re-roll an opponent's defense roll.  If you have two cards of the same type in play, discard this card.	playerNPool
set5_05-065	Mesbah	anachronism/set5/Anachronism-Set5-Mesbah.jpg	default	Special	set5	saracen		special/ally/cavalry	6	0	0	0	0	65	Tassannut: When you attack, the total defense roll bonus cannot be greater than +1.  Sharr: When you roll doubles on any roll, your next roll gains +2.	playerNPool
set5_05-066	Salah Ad-Din	anachronism/set5/Anachronism-Set5-SalahAdDin.jpg	default	Warrior	set5	saracen	wind	warrior/male	0	9	3	5	1	66	Saria - Action: one each round, move two spaces.	playerNWarrior
set5_05-067	Al Madina Al Mokadassa	anachronism/set5/Anachronism-Set5-AlMadinaAlMokadassa.jpg	default	Inspiration	set5	saracen	earth	inspiration/location	1	0	0	0	0	67	Bait El Arwah: All players' attacks deal +1 damage.  All players' defense rolls gain +2 and may gain no other bonuses.	playerNPool
set5_05-068	Saif Damashki	anachronism/set5/Anachronism-Set5-SaifDamashki.jpg	default	Weapon	set5	saracen		weapon/sword(1 hand)	5	0	0	0	2	68	Hadid Malfuf: When you attack with this weapon, the defender rolls one extra die.  You choose one die to exclude from the defense roll.	playerNPool
set5_05-069	Bargustuwan	anachronism/set5/Anachronism-Set5-Bargustuwan.jpg	default	Armor	set5	saracen		armor/cavalry	4	0	0	0	0	69	Derra Elhosan: Your cavalry cards cannot be discarded by an opponent's card abilities.  Amr Belmotarada: Once each round, after an opponent uses an action ability, or moves out of a space in your warrior's basic attack grid, you may move one space.	playerNPool
set5_05-070	Khaimat Hemaya Men Alraml	anachronism/set5/Anachronism-Set5-KhaimatHemayaMenAlraml.jpg	default	Special	set5	saracen		special/shield(1 hand)	7	0	0	0	0	70	Ghadab: Your attack rolls gain +2.  When you attack, if the defense roll is doubles, discard this card after the attack.	playerNPool
set5_05-071	Tariq Ibn Ziyad	anachronism/set5/Anachronism-Set5-TariqIbnZiyad.jpg	default	Warrior	set5	saracen	earth	warrior/male	0	6	3	7	1	71	Takawa: All of your rolls get -1.  Reduce all damage you take by 1, to a minimum of 1.	playerNWarrior
set5_05-072	Hadis Kaiim	anachronism/set5/Anachronism-Set5-HadisKaiim.jpg	default	Inspiration	set5	saracen	metal	inspiration/ability	8	0	0	0	0	72	Khauf Aledrab: Before initiative is determined each round, roll two dice.  If this value is greater than any opponent's experience, that opponent gets -2 initiative each round while this card is in play.  Otherwise, you gain +3 experience.	playerNPool
set5_05-073	Balltat Harb	anachronism/set5/Anachronism-Set5-BalltatHarb.jpg	default	Weapon	set5	saracen		weapon/axe(2 hands)	4	0	0	0	2	73	La Mubalie: You may attack twice each round with this weapon if the defender has no support cards that require hands to use.  Kataa: The second attack made with this weapon each round deals +1 damage.	playerNPool
set5_05-074	Khauza	anachronism/set5/Anachronism-Set5-Khauza.jpg	default	Armor	set5	saracen		armor/head	5	0	0	0	0	74	Harab: When you would take damage from an opponent's card ability, if you have that amount or more experience, you may lose that experience.  If you do, reduce the damage to 0.	playerNPool
set5_05-075	Jabal Tariq	anachronism/set5/Anachronism-Set5-JabalTariq.jpg	default	Special	set5	saracen		special/location	5	0	0	0	0	75	Mohattem Elamwag - Reveal: Place this card in your warrior's space.  Maazul: Attack rolls made against a warrior in this space cannot gain a larger bonus than the defender's bonus to the defense roll.	playerNPool
set5_05-076	Carlos V	anachronism/set5/Anachronism-Set5-CarlosV.jpg	default	Warrior	set5	spanish	wood	warrior/male	0	6	3	4	1	76	Posicion Legitima: At the start of each round, if you lose initiative, gain 1 life.	playerNWarrior
set5_05-077	Mercurino Gattinara	anachronism/set5/Anachronism-Set5-MercurinoGattinara.jpg	default	Inspiration	set5	spanish	fire	inspiration/ally/male	1	0	0	0	0	77	Incitar Asalto - Reveal: Your defense rolls this round get -1.  your attack rolls this round gain +3.	playerNPool
set5_05-078	Alabarda Espanola	anachronism/set5/Anachronism-Set5-AlabardaEspanola.jpg	default	Weapon	set5	spanish		weapon/polearm(2 hands)	7	0	0	0	2	78	Perimetro Impenetrable: Once each round, when an opponent moves into a space in this weapon's attack grid, you may make an attack with this weapon.	playerNPool
set5_05-079	Escudo De Carlos V	anachronism/set5/Anachronism-Set5-EscudoDeCarlosV.jpg	default	Armor	set5	spanish		armor/shield(1 hand)	6	0	0	0	0	79	Mantener Terreno: When you are attacked, the attacker cannot re-roll any die. Reduce the damage of all critical hits made against you to 1.	playerNPool
set5_05-080	Ballestero Vasco	anachronism/set5/Anachronism-Set5-BallesteroVasco.jpg	default	Special	set5	spanish		special/ally	7	0	0	0	0	80	Desplegar - Reveal: Place this card in any space in the arena.  If an opposing warrior ever move into this cards space, discard this card.  Disparar - Action: Once each round, make a basic attack at +2 against any opposing warrior not adjacent to this card's space.	playerNPool
set5_05-081	El Cid	anachronism/set5/Anachronism-Set5-ElCid.jpg	default	Warrior	set5	spanish	wind	warrior/male	0	7	3	8	1	81	Maniobra Estrategica: Once each round, before you make an attack or use an action ability, you may move one space.	playerNWarrior
set5_05-082	Santiago Matamoros	anachronism/set5/Anachronism-Set5-SantiagoMatamoros.jpg	default	Inspiration	set5	spanish	wood	inspiration/ally/male	1	0	0	0	0	82	Confesion: Once each round, when you are attacked and the attacker rolls doubles, the attack deals -1 damage, to a minimum of 1, and you gain 1 life.	playerNPool
set5_05-083	Tizona Y Colada	anachronism/set5/Anachronism-Set5-TizonaYColada.jpg	default	Weapon	set5	spanish		weapon/sword(2 hands)	6	0	0	0	2	83	Ataque en Pareja - Action: once each round, if you have attacked with this weapon and moved this turn, make an attack with this weapon against an adjacent opponent at +2.	playerNPool
set5_05-084	Cota Corta	anachronism/set5/Anachronism-Set5-CotaCorta.jpg	default	Armor	set5	spanish		armor/torso	0	0	0	0	0	84	Afortunado: When you are attacked with a weapon, if you have less experience than the attacker, your defense roll gains +1.  Malla Resistente: While you are in an opponent's basic attack grid and he or she is not in your basic attack grid, your defense rolls gain +2.	playerNPool
set5_05-085	Babieca	anachronism/set5/Anachronism-Set5-Babieca.jpg	default	Special	set5	spanish		special/cavalry	2	0	0	0	0	85	Galope: Once each round, if you are a wind warrior, after you are hit with an attack, you may move to any unoccupied space adjacent to the attacker.	playerNPool
set5_05-086	El Gran Capitan	anachronism/set5/Anachronism-Set5-ElGranCapitan.jpg	default	Warrior	set5	spanish	metal	warrior/male	0	7	3	5	1	86	Maestro de Armas: Your attack and defense rolls gain +2 against an opponent with a weapon of the same type as your weapon.	playerNWarrior
set5_05-087	Vasallo De La Reina	anachronism/set5/Anachronism-Set5-VasalloDeLaReina.jpg	default	Inspiration	set5	spanish	wind	inspiration/title	3	0	0	0	0	87	Decreto Imperial - Reveal: Roll one die.  If it is equal or greater than your life, move an opposing warrior one space.  If this moves them into a space in any of your attack grids, you may immediately make an attack against them.	playerNPool
set5_05-088	Pica De Infante	anachronism/set5/Anachronism-Set5-PicaDeInfante.jpg	default	Weapon	set5	spanish		weapon/polearm(2 hands)	4	0	0	0	2	88	Desgarrar: Once each round, after an opponent uses an action to move into a space in this weapon's attack grid, roll two dice.  If the total is less than the opponent's experience, they must discard one of their non-weapon support cards.	playerNPool
set5_05-089	Armadura Completa	anachronism/set5/Anachronism-Set5-ArmaduraCompleta.jpg	default	Armor	set5	spanish		armor/torso	2	0	0	0	0	89	Irrompible - Reveal: for this round, weapon attacks made against you deal -2 damage, to a minimum of 0.	playerNPool
set5_05-090	Formacion De Piqueros	anachronism/set5/Anachronism-Set5-FormacionDePiqueros.jpg	default	Special	set5	spanish		special/ability	4	0	0	0	0	90	Piquero: Your attack rolls with polearms gain +2.  Trabajo en Equipo - Reveal: You may choose another warrior.  That warrior's attacks with polearms deal +1 damage.	playerNPool
set5_05-091	Hernan Cortes	anachronism/set5/Anachronism-Set5-HernanCortes.jpg	default	Warrior	set5	spanish	earth	warrior/male	0	8	3	5	1	91	Reflejos Rapidos: Your attack and defense rolls gain +1 against warriors with more speed than your warrior.	playerNWarrior
set5_05-092	La Malinche	anachronism/set5/Anachronism-Set5-LaMalinche.jpg	default	Inspiration	set5	spanish	water	inspiration/female	6	0	0	0	0	92	Negociar: Once each round, when you make a roll, if no opponent has a card that matches your warrior's culture, you may re-roll one die of any player's attack or defense roll.  If you are an earth or metal warrior, you may give the re-roll +1 or -1.	playerNPool
set5_05-093	Arcabuz	anachronism/set5/Anachronism-Set5-Arcabuz.jpg	default	Weapon	set5	spanish		weapon/ranged(2 hands)	8	0	0	0	2	93	Abrir Fuego: Attacking with this weapon requires an additional action.  Diana: When you attack with this weapon, if the attack roll is even and the attack hits, it deals +2 damage.	playerNPool
set5_05-094	Hombreras	anachronism/set5/Anachronism-Set5-Hombreras.jpg	default	Armor	set5	spanish		armor/arms	4	0	0	0	0	94	Desviar: When you make an attack roll, if any die is a 1, your defense rolls on the defender's next turn gain +1.	playerNPool
set5_05-095	Oro Azteca	anachronism/set5/Anachronism-Set5-OroAzteca.jpg	default	Special	set5	spanish		special/quest	4	0	0	0	0	95	Tentar: At the start of each round, roll one die.  If the result is greater than the number of your face-down support cards, your attacks deal +1 damage that round.	playerNPool
set5_05-096	Isabella I of Castile	anachronism/set5/Anachronism-Set5-IsabellaIOfCastile.jpg	default	Warrior	set5	spanish	aether	warrior/female	0	6	4	3	1	96	Sancion: Players cannot use abilities on weapon cards.  At the start of each round, if you did not win initiative and have less life than all opponent, this ability affects only your opponents that round.	playerNWarrior
set5_05-097	Fernando II De Aragon	anachronism/set5/Anachronism-Set5-FernandoIIDeAragon.jpg	default	Inspiration	set5	spanish	water	inspiration/ally/male	7	0	0	0	0	97	Pasion: If you have a female card in play, your attack rolls gain +2 and critical hits against you deal +1 damage.  Piedad: You may play another inspiration card in this game.	playerNPool
set5_05-098	Ropera Toledana	anachronism/set5/Anachronism-Set5-RoperaToledana.jpg	default	Weapon	set5	spanish		weapon/sword(1 hand)	3	0	0	0	1	98	Impulso - Action: Make an attack with this weapon, if possible.	playerNPool
set5_05-099	Fervor Religioso	anachronism/set5/Anachronism-Set5-FervorReligioso.jpg	default	Armor	set5	spanish		armor/ability	8	0	0	0	0	99	Impulso Vital: Opponents may not use abilities on items or mystic cards.	playerNPool
set5_05-100	La Inquisicion Espanola	anachronism/set5/Anachronism-Set5-LaInquisicionEspanola.jpg	default	Special	set5	spanish		special/quest	7	0	0	0	0	100	Confiscar - Reveal: You may discard a tome.  Perseguir: Once each turn, after an opposing warrior uses an ability on a deity card, you may make a basic attack on that warrior at +2.	playerNPool
set6_06-001	Cao Cao	anachronism/set6/Anachronism-Set6-CaoCao.jpg	default	Warrior	set6	chinese	wind	warrior/male	0	7	3	4	1	1	Bu ke gong puo: When you are  hit, you may give your next roll -2.  If you do, reduce the damage of the attack to 2.	playerNWarrior
set6_06-002	Wei Guo	anachronism/set6/Anachronism-Set6-WeiGuo.jpg	default	Inspiration	set6	chinese	earth	inspiration/quest	1	0	0	0	0	2	Zhi zun - Reveal: If your warrior in the previous game this match was chinese, gain 1 life and +3 experience.  Yao qou zun jing: Once each game, before a player makes a roll, if this card is in play or in your discard pile, that roll can not be re-rolled or modified.	playerNPool
set6_06-003	Yi Tian Dao	anachronism/set6/Anachronism-Set6-YiTianDao.jpg	default	Weapon	set6	chinese		weapon/sword(1 hand)	5	0	0	0	2	3	Er Lun da ji: After you miss with this weapon, if the difference between the dice in the attack roll was greater than 2, you may immediately make an attack with this weapon, if possible.  That attack deals +1 damage.	playerNPool
set6_06-004	Guandu Hu Cheng He	anachronism/set6/Anachronism-Set6-GuanduHuChengHe.jpg	default	Armor	set6	chinese		armor/location	5	0	0	0	0	4	Fang yu zhen di: Your defense rolls gain +1.  While you have less than 4 life, your defense rolls gain an additional +2 and attacks against you can not deal more than their base damage.  Your defense rolls can not gain bonuses from abilities on your other cards.	playerNPool
set6_06-005	Jue Ying	anachronism/set6/Anachronism-Set6-JueYing.jpg	default	Special	set6	chinese		special/cavalry	9	0	0	0	0	5	Wu zhe bi - Reveal: You may move one space diagonally.  Kuai shu jue duan: Once each turn, after you roll a 1, you may move one space.	playerNPool
set6_06-006	Lu Bu	anachronism/set6/Anachronism-Set6-LuBu.jpg	default	Warrior	set6	chinese	metal	warrior/male	0	7	3	6	1	6	Fei jiang: While you have a ranged weapon, you may use another one-handed weapon.  You may ignore hand requirements for this extra weapon.  Jun xie ku: Wen you attack with a ranged weapon, you may use your basic attack grid for that attack.	playerNWarrior
set6_06-007	Diao Chan	anachronism/set6/Anachronism-Set6-DiaoChan.jpg	default	Inspiration	set6	chinese	wood	inspiration/ally/female	1	0	0	0	0	7	Nu yi - Reveal: Deal 2 damage to your warrior.  While this card is in play, your attacks deal +1 damage.	playerNPool
set6_06-008	Ji	anachronism/set6/Anachronism-Set6-Ji.jpg	default	Weapon	set6	chinese		weapon/polearm(2 hands)	5	0	0	0	2	8	Zhi ming yi ji: At the end of each opponent's turn, if that player did not move that turn, make an immediate attack against them with this weapon at +2.	playerNPool
set6_06-009	Shi Tou Kou	anachronism/set6/Anachronism-Set6-ShiTouKou.jpg	default	Armor	set6	chinese		armor/torso	5	0	0	0	0	9	Zhen zhuo jing shen - Reveal: Roll a die.  Place that number of counters on this card.  Ke fang yu de: When you are dealt damage, you may remove one or more counter form this card to reduce the damage by 1 for each counter removed, to a minimum of 1.	playerNPool
set6_06-010	Chi Tu Ma	anachronism/set6/Anachronism-Set6-ChiTuMa.jpg	default	Special	set6	chinese		special/cavalry	8	0	0	0	0	10	Chun zhui zhi zhi zhua huo: At the end of each round, if you have a rival, or if your initiative for this round is even, you may move one space.  Then you may immediately attack a rival, if possible.  For this attack, the defense roll can not be modified.	playerNPool
set6_06-011	Ma Chao	anachronism/set6/Anachronism-Set6-MaChao.jpg	default	Warrior	set6	chinese	wood	warrior/male	0	7	3	3	1	11	Chu si: When you hit, if any of the dice in the attack roll is a 6, you may discard one of the defender's allies.  He Zuo: While there is an ally in play, your attacks deal +1 damage.	playerNWarrior
set6_06-012	Wu Hu	anachronism/set6/Anachronism-Set6-WuHu.jpg	default	Inspiration	set6	chinese	wood	inspiration/ally	3	0	0	0	0	12	Zu ai: Once each turn, after an opposing warrior with an earth card moves, they get -2 the their next roll.  Chuan you: When you make a basic attack, if you are a wood warrior and if any die of the defense roll is a 1, the attack deals +1 damage.	playerNPool
set6_06-013	Shan Dian Mao	anachronism/set6/Anachronism-Set6-ShanDianMao.jpg	default	Weapon	set6	chinese		weapon/polearm(2 hands)	1	0	0	0	2	13	Zhou yun: When you attack a rival with this weapon, you may re-roll the attack roll, and the attack deals +1 damage.	playerNPool
set6_06-014	Yin Tou Hui	anachronism/set6/Anachronism-Set6-YinTouHui.jpg	default	Armor	set6	chinese		armor/head	2	0	0	0	0	14	Jing ti: When an opponent rolls a 6 on an attack roll, they become your rival until the end of the next round.  Fang fan: When you are attacked, if your defense roll is less than the attacker's experience, the attack deals -1 damage, to a minimum of 1.	playerNPool
set6_06-015	Biao Qi Jiangjun	anachronism/set6/Anachronism-Set6-BiaoQiJiangjun.jpg	default	Special	set6	chinese		special/ally/cavalry	5	0	0	0	0	15	Tong da: If you take more than one damage from basic attacks from the same warrior in a single turn, that warrior is your rival.  Zhong ji - Action: Once each round, make a basic attack if possible.  For each cavalry card you have in play, the attack roll gets -1 and deals +1 damage.	playerNPool
set6_06-016	Zhang Fei	anachronism/set6/Anachronism-Set6-ZhangFei.jpg	default	Warrior	set6	chinese	wind	warrior/male	0	8	3	6	1	16	Kuai shu: Your support cards gain +2 initiative.  Kuai shu fan ying: After an opponent damages you, if you have less than 3 life, your next attack roll is considered doubles.	playerNWarrior
set6_06-017	Chang Ban Po	anachronism/set6/Anachronism-Set6-ChangBanPo.jpg	default	Inspiration	set6	chinese	earth	inspiration/location	3	0	0	0	0	17	Chao nong: If you lost initiative for the current round, warriors that are not adjacent to your warrior are your rivals.  Bei zhan: When an opponent moves into a space adjacent to you, you may immediately make a basic attack against them at +0.	playerNPool
set6_06-018	Ba Bian She Mao	anachronism/set6/Anachronism-Set6-BaBianSheMao.jpg	default	Weapon	set6	chinese		weapon/polearm(2 hands)	6	0	0	0	2	18	Ju Shang: If you have 4 or less life, attack rolls with this weapon gain +2. Hou zhuo li: After you take damage, if you have 4 or less life, you may move one space.	playerNPool
set6_06-019	Tie Xia Bi Hu Jia	anachronism/set6/Anachronism-Set6-TieXiaBiHuJia.jpg	default	Armor	set6	chinese		armor/arms	6	0	0	0	0	19	Wan qiang de ren: Opponents can not re-roll your dice or modify your experience.  Jiao liu da: After  you are hit by a rival's weapon attack, deal 2 damage to the attacker.  You take no damage from your rivals' critical hits.	playerNPool
set6_06-020	Lu Wei	anachronism/set6/Anachronism-Set6-LuWei.jpg	default	Special	set6	chinese		special/location	8	0	0	0	0	20	Mai fu: Opponents with wood or earth cards get -1 to all of their rolls.  Chong zheng: Once each round, when you make a roll, if you are a wind warrior, you may re-roll up to two dice of that roll.	playerNPool
set6_06-021	Zhang Jiao	anachronism/set6/Anachronism-Set6-ZhangJiao.jpg	default	Warrior	set6	chinese	fire	warrior/male/mystic	0	7	3	3	1	21	Xin lin de: You may have 2 inspirations in play.  You dong ji de: At the start of each round, if an inspiration was revealed that round, you may move one space and then immediately make a basic attack, if possible.	playerNWarrior
set6_06-022	Huang Lao Jun	anachronism/set6/Anachronism-Set6-HuangLaoJun.jpg	default	Inspiration	set6	chinese	aether	inspiration/deity	2	0	0	0	0	22	Tai Ping Yao Shu: After you make a roll, if the difference between any two of the dice was greater than 3, your next successful attack deals +1 damage.	playerNPool
set6_06-023	Tai Chi Gun	anachronism/set6/Anachronism-Set6-TaiChiGun.jpg	default	Weapon	set6	chinese		weapon/polearm/bludgeon(2 hands)	0	0	0	0	2	23	Nei bu de he ping: At the start of each round, roll two dice.  Once each turn this round, after you make an attack or defense roll, you may set the roll to the value of this roll.	playerNPool
set6_06-024	Tie Chen Shan Qi Gong	anachronism/set6/Anachronism-Set6-TieChenShanQiGong.jpg	default	Armor	set6	chinese		armor/ability	7	0	0	0	0	24	Min xiang: Players may not make attacks outside of their turn.  Gang de pi fu: After you hit an opponent, your next defense roll gains +2.	playerNPool
set6_06-025	Huang Jin Zhi Luan	anachronism/set6/Anachronism-Set6-HuangJinZhiLuan.jpg	default	Special	set6	chinese		special/quest	8	0	0	0	0	25	Gu dong: Abilities on armor cards played by warriors with a metal card in play have no effect.  Chong zhu: Once this game, after you are attacked by a weapon, if you are a fire warrior, gain +1 speed for the rest of the game.	playerNPool
set6_06-026	Anne Bonny	anachronism/set6/Anachronism-Set6-AnneBonny.jpg	default	Warrior	set6	pirate/irish	wind	warrior/female/male	0	8	3	6	1	26	Straiteis Glic: At the start of each round, if you revealed a special, choose a warrior.  The chosen warrior's next roll is set to the initiative of the special card you revealed that round.	playerNWarrior
set6_06-027	Calico Jack Rackham	anachronism/set6/Anachronism-Set6-CalicoJackRackham.jpg	default	Inspiration	set6	pirate/irish	water	inspiration/ally/male	7	0	0	0	0	27	Fealltach: When you hit, if any die of the attack roll was less than the defender's life and the defender has less than 2 experience, deal 1 damage to them.  Otherwise, the defender gets -2 experience.	playerNPool
set6_06-028	Flintlock Pistol	anachronism/set6/Anachronism-Set6-FlintlockPistol.jpg	default	Weapon	set6	pirate/irish		weapon/ranged(1 hand)	9	0	0	0	0	28	Urchar Maith - Reveal: Choose an opponent.  You and the chosen opponent each roll two dice and add the total initiative of your respective cards to your rolls.  If your total is higher, discard this card and deal 2 damage to the opponent.	playerNPool
set6_06-029	Pleading The Belly	anachronism/set6/Anachronism-Set6-PleadingTheBelly.jpg	default	Armor	set6	pirate/irish		armor/ability	4	0	0	0	0	29	Tearmann: Before an opponent uses a card ability, if you have a female warrior, you may discard this card and allow that opponent to examine your face-down support cards.  If you do, that use of the card ability has no effect.	playerNPool
set6_06-030	Ye Dirty Swabs!	anachronism/set6/Anachronism-Set6-YeDirtySwabs.jpg	default	Special	set6	pirate/irish		special/quest	7	0	0	0	0	30	Misneach: At the start of each of your turns, if you have less life than each opponent, you gain +1 speed and your attack rolls gain +1 that turn.  Calmacht: You may use another special card.	playerNPool
set6_06-031	Black Bart	anachronism/set6/Anachronism-Set6-BlackBart.jpg	default	Warrior	set6	pirate/welsh	fire	warrior/male	0	7	3	6	1	31	Gwedduster: Dice in attack or defense rolls can not be modified.  Dspar: At the start of each round, if you revealed an Armor card that round, your defense roll gain +1 that round.	playerNWarrior
set6_06-032	Davy Jones' Locker	anachronism/set6/Anachronism-Set6-DavyJonesLocker.jpg	default	Inspiration	set6	pirate/welsh	water	inspiration/quest	7	0	0	0	0	32	yfndra: Players can not use abilities on cards in discard piles. Cards in discard piles can not come into play.  Ebwch: At the star of each of your turns, if you have less than 4 life, gain +1 speed that turn.	playerNPool
set6_06-033	Small Sword	anachronism/set6/Anachronism-Set6-SmallSword.jpg	default	Weapon	set6	pirate/welsh		weapon/sword(1 hand)	5	0	0	0	1	33	Diball: Twice each round, after you roll doubles on an attack roll, gain +1 speed for the rest of the game.  Ebrwydd: You may use another weapon.	playerNPool
set6_06-034	Plumed Hat	anachronism/set6/Anachronism-Set6-PlumedHat.jpg	default	Armor	set6	pirate/welsh		armor/head	6	0	0	0	0	34	Ymafael: Your rivals' attacks can not gain bonuses larger than +0 from their attack grids.  Coegjalch: If you are a Pirate, your rolls gain +1. You may use another armor card.	playerNPool
set6_06-035	A Straight Ship	anachronism/set6/Anachronism-Set6-AStraightShip.jpg	default	Special	set6	pirate/welsh		special/code	3	0	0	0	0	35	Herian - Reveal: Choose an opponent.  They may choose to set their experience to 0.  If they do not, they are your rival.  Sicrwydd - Reveal: You may move your warrior up to two spaces.	playerNPool
set6_06-036	Blackbeard	anachronism/set6/Anachronism-Set6-Blackbeard.jpg	default	Warrior	set6	pirate/briton	water	warrior/male	0	6	3	8	1	36	Opportunist: At the end of each round, if you revealed a weapon that round and it is still in play, you may immediately make and attack with that weapon at +0.	playerNWarrior
set6_06-037	Blackbeard's Jolly Roger	anachronism/set6/Anachronism-Set6-BlackbeardsJollyRoger.jpg	default	Inspiration	set6	pirate/briton	water	inspiration/item	4	0	0	0	0	37	Douse - Reveal: set the experience of all opponents with a fire card to 0.  Replenish: At the end of each round, if you are a water warrior, gain 1 life.  You can not gain life from other card abilities.	playerNPool
set6_06-038	Pair O' Cutlasses	anachronism/set6/Anachronism-Set6-PairOCutlasses.jpg	default	Weapon	set6	pirate/briton		weapon/sword(2 hands)	5	0	0	0	2	38	Beratile Stance: At the start of each round, you may choose to have your attack rolls with this weapon gain +2.  Otherwise, your fefense rolls this round gain +1. Barrage - Action: Attack a rival with this weapon, if possible.	playerNPool
set6_06-039	Fearsome Reputation	anachronism/set6/Anachronism-Set6-FearsomeReputation.jpg	default	Armor	set6	pirate/briton		armor/ability	6	0	0	0	0	39	Strike Fear: At the start of each round, each of your opponents rolls two dice.  If the result is less than their life or if they are your rival, their rolls this round get -2.	playerNPool
set6_06-040	Pieces of Eight	anachronism/set6/Anachronism-Set6-PiecesOfEight.jpg	default	Special	set6	pirate/briton		special/item/quest	1	0	0	0	0	40	Treasure Hunt: Each time you tie a roll with an opponent, place a counter on this card.  While this card has any counter, y our attack rolls gain +1.  Greed: At the star of any round, you may remove a counter from this card.  If you do an opponent of your choice is your rival for that round.	playerNPool
set6_06-041	Grainne Ni Mhaille	anachronism/set6/Anachronism-Set6-GrainneNiMhaille.jpg	default	Warrior	set6	pirate/irish	metal	warrior/female	0	8	3	4	1	41	Rud a Fhail: After an opposing card is discarded, you may discard one of your face-up support cards and put the opposing card into play in its place.	playerNWarrior
set6_06-042	Pirate Legacy	anachronism/set6/Anachronism-Set6-PirateLegacy.jpg	default	Inspiration	set6	pirate/irish	wind	inspiration/ability	6	0	0	0	0	42	Stoirm: If an opponent with a fire or water card rolls doubles, your next attack roll is considered doubles.	playerNPool
set6_06-043	Boarding Axe	anachronism/set6/Anachronism-Set6-BoardingAxe.jpg	default	Weapon	set6	pirate/irish		weapon/axe(1 hand)	3	0	0	0	2	43	Mionghearr: Attacks with this weapon deal +1 damage against warriors with a wood card.  Stop: When you are attacked with a weapon, if you are a metal warrior, you may re-roll your defense roll.	playerNPool
set6_06-044	Articles of Interrogatory	anachronism/set6/Anachronism-Set6-ArticlesOfInterrogatory.jpg	default	Armor	set6	pirate/irish		armor/code	9	0	0	0	0	44	Taispeain Meon: If the total initiative of your cards is less than 18, your rolls gain +1.  At the star of any round, if the total initiative of your cards is 18 discard this card and gain +2 speed that round.	playerNPool
set6_06-045	Pirate Stronghold	anachronism/set6/Anachronism-Set6-PirateStronghold.jpg	default	Special	set6	pirate/irish		special/location	6	0	0	0	0	45	Farraige Fiain: After an opponent re-rolls one or more dice of one of their rolls, that roll get -2.  Baile - Reveal: Gain 2 life.  If this card leaves play, deal 3 damage to your warrior.	playerNPool
set6_06-046	Sir Francis Drake	anachronism/set6/Anachronism-Set6-SirFrancisDrake.jpg	default	Warrior	set6	pirate/briton	earth	warrior/male	0	7	3	5	1	46	Ocean Hunter - Action: Choose an opponent and roll two dice.  If your total is less than the opponent's life, you may move to any unoccupied space adjacent to them.  Otherwise, you may immediately make an attack against them, if possible.	playerNWarrior
set6_06-047	Good Queen Bess	anachronism/set6/Anachronism-Set6-GoodQueenBess.jpg	default	Inspiration	set6	pirate/briton	wind	inspiration/ally/female	5	0	0	0	0	47	Royal Favor - Reveal: All of your rolls this round gain +1.  Dire Need: if you have less than 4 life, all of your non-defense rolls gain +2.	playerNPool
set6_06-048	Swept-Hilt Rapier	anachronism/set6/Anachronism-Set6-SweptHiltRapier.jpg	default	Weapon	set6	pirate/briton		weapon/sword(1 hand)	4	0	0	0	0	48	Parry: When you are attacked, if you have another weapon and your defense roll is greater than the attacker's experience, the attack can not deal more than base damage.	playerNPool
set6_06-049	El Draco	anachronism/set6/Anachronism-Set6-ElDraco.jpg	default	Armor	set6	pirate/briton		armor/title	0	0	0	0	0	49	Imposing Visage: You do not take damage from opponents with a water card until the end of the round that the damage was dealt.  Incur Wrath: After you lose an initiative tie or a tied roll, if you are an earth warrior, you may immediately make and attack with one of your weapons, if possible.	playerNPool
set6_06-050	Letter of Marque	anachronism/set6/Anachronism-Set6-LetterOfMarque.jpg	default	Special	set6	pirate/briton		special/item	5	0	0	0	0	50	Encouraged Assault - Reveal: Choose an opponent.  While your total initiative is less than the chosen opponent's, they are your rival.  Conquest: While you have a rival, your defense rolls gain +1.	playerNPool
set6_06-051	Burebista	anachronism/set6/Anachronism-Set6-Burebista.jpg	default	Warrior	set6	romanian	earth	warrior/male	0	8	3	2	1	51	Pe spapiu restrins: At the star of the game, you may move to any space in the arena.  Retragere strategica: After you take damage from an opponent, if you have less than 3 life, move to any space in the arena.	playerNWarrior
set6_06-052	Zamolxis	anachronism/set6/Anachronism-Set6-Zamolxis.jpg	default	Inspiration	set6	romanian	earth	inspiration/ally/male	5	0	0	0	0	52	Ocarat: Once each turn, after an opponent makes a roll, you may decrease the value of one die in the roll by one.  Acuzare: At the start of each round, if an opponent revealed an Inspiration, discard this card.  For the rest of the game, that warrior is your rival.	playerNPool
set6_06-053	Falx	anachronism/set6/Anachronism-Set6-Falx.jpg	default	Weapon	set6	romanian		weapon/sword(2 hands)	3	0	0	0	2	53	Despardire: Once each round, when you attack with this weapon, if the difference between the dice is the attack roll is greater than 2, you may discard one of the defender's non-weapon support cards.	playerNPool
set6_06-054	Casca Dacica	anachronism/set6/Anachronism-Set6-CascaDacica.jpg	default	Armor	set6	romanian		armor/head	7	0	0	0	0	54	Imbracare - Reveal: Roll one die and place it on this card.  Fenta: Once each turn, you may swap one of the dice in an attack roll against you with the die on this card. At the end of the round, decrease the value of the die on this card by 1 if possible.	playerNPool
set6_06-055	Kogaion	anachronism/set6/Anachronism-Set6-Kogaion.jpg	default	Special	set6	romanian		special/location	3	0	0	0	0	55	Puterea pietrei - Reveal: Your next attack deals +1 damage for each earth card and special card in play.	playerNPool
set6_06-056	Michael the Brave	anachronism/set6/Anachronism-Set6-MichaelTheBrave.jpg	default	Warrior	set6	romanian	metal	warrior/male	0	7	3	4	1	56	Restricpionare: When you reveal this warrior, choose a card type.  Abilities on cards of the chosen type played by warriors with  more experience than your warrior have no effect.	playerNWarrior
set6_06-057	Liga Sfinta	anachronism/set6/Anachronism-Set6-LigaSfinta.jpg	default	Inspiration	set6	romanian	aether	inspiration/ally	3	0	0	0	0	57	Dumezeu cu tine: After an aether, earth, or wood card is revealed, you gain +6 initiative for that round.  Intinerire: At the end of any round, if you have less than 3 life you may discard this card to set your life to 4.	playerNPool
set6_06-058	Buzdugan	anachronism/set6/Anachronism-Set6-Buzdugan.jpg	default	Weapon	set6	romanian		weapon/bludgeon(1 hand)	5	0	0	0	2	58	Lovitura devastatoare: After you attack with this weapon, if the high die of your attack roll was great than the high die of the defense roll, deal 1 damage to the defender unless they discard one of their face-up armor cards.	playerNPool
set6_06-059	Buzunare La Armura	anachronism/set6/Anachronism-Set6-BuzunareLaArmura.jpg	default	Armor	set6	romanian		armor/legs	6	0	0	0	0	59	Placat: Your defense rolls gain +1.  Aparre Glisanta: When you are attacked by a rival, you may decrease the value of one die in the attack roll by1.  Your next attack roll against that rival gains +1.	playerNPool
set6_06-060	Slujba Valaha	anachronism/set6/Anachronism-Set6-SlujbaValaha.jpg	default	Special	set6	romanian		special/quest	7	0	0	0	0	60	Confiscare - Reveal: Discard this card to turn an opposing support card face-down.  At the end of the round, turn that card face-up.	playerNPool
set6_06-061	Mircea the Old	anachronism/set6/Anachronism-Set6-MirceaTheOld.jpg	default	Warrior	set6	romanian	water	warrior/male	0	8	3	7	1	61	Indelepciune: At the start of the game, look at all opponent's face-down support cards.  You may change the position of two of your face-down support cards.  A se ridica intru aparare: If you have a location card, your attack rolls gain +2.	playerNWarrior
set6_06-062	Manastirea Cozia	anachronism/set6/Anachronism-Set6-ManastireaCozia.jpg	default	Inspiration	set6	romanian	wood	inspiration/location	4	0	0	0	0	62	A datora respect: Opponents with an inspiration can not attack you with their fist action of each of their turns.	playerNPool
set6_06-063	Buzdugan Cu Crampoane	anachronism/set6/Anachronism-Set6-BuzduganCuCrampoane.jpg	default	Weapon	set6	romanian		weapon/bludgeon(1 hand)	2	0	0	0	2	63	A strivi: Once each round, after you hit with this weapon, the defender's attack rolls get -1 for the rest of the game.  Acrete furia - Action: If you have a rival you may move one space.   Your next attack with this weapon this turn deals +1 damage.	playerNPool
set6_06-064	Placa Armura Spate	anachronism/set6/Anachronism-Set6-PlacaArmuraSpate.jpg	default	Armor	set6	romanian		armor/torso	4	0	0	0	0	64	Ariergarda: Your defense rolls gain +1.  When you are attacked by an opponent who is directly or diagonally behind you, you may reduce the value of up to tow of the dice in that attack or defense rolls by 1 each.	playerNPool
set6_06-065	Tratatul De La Nicopole	anachronism/set6/Anachronism-Set6-TratatulDeLaNicopole.jpg	default	Special	set6	romanian		special/item	4	0	0	0	0	65	Convendie pe bazii de reciprocitate: If you have less than 4 life, opponents can not attack you with weapons.  Executare: Opponents with more than one card with hand requirements, a card that requires two hands, or a location card, are your rivals.	playerNPool
set6_06-066	Stephen the Great	anachronism/set6/Anachronism-Set6-StephenTheGreat.jpg	default	Warrior	set6	romanian	fire	warrior/male	0	7	3	8	1	66	Razbunare: After you are hit by a weapon, you my immediately make a basic attack at +2.	playerNWarrior
set6_06-067	Papa Sixtus Al IV-Lea	anachronism/set6/Anachronism-Set6-PapaSixtusAlIVLea.jpg	default	Inspiration	set6	romanian	aether	inspiration/ally/male	5	0	0	0	0	67	Blestem: Any opponent without an inspiration is your rival.  Furie sfanta: Your fist attack roll each turn against a rival gains +3.	playerNPool
set6_06-068	Sabie Pentru O Mana I Jumatate	anachronism/set6/Anachronism-Set6-SabiePentruOManaIJumatate.jpg	default	Weapon	set6	romanian		weapon/sword(1 hand)	2	0	0	0	2	68	Multilateralitate: If you have no other cards with hand requirements, attack with this weapon deal +1 damage.	playerNPool
set6_06-069	Manu'I De Armura	anachronism/set6/Anachronism-Set6-ManuIDeArmura.jpg	default	Armor	set6	romanian		armor/arms	3	0	0	0	0	69	De incredere: If the last attack you made hit, your rolls gain +1.  Lovitura capitala: Your basic attack rolls against rivals or opponents with no weapon gain +1.  These attacks deal +1 damage.	playerNPool
set6_06-070	Athleta Christi	anachronism/set6/Anachronism-Set6-AthletaChristi.jpg	default	Special	set6	romanian		special/title	2	0	0	0	0	70	Inaldarea: At the start of each round, you may immediately make a basic attack at +0 against each opponent who revealed a card with great initiative than your warrior's experience.	playerNPool
set6_06-071	Vlad Tepes	anachronism/set6/Anachronism-Set6-VladTepes.jpg	default	Warrior	set6	romanian	wood	warrior/male	0	7	3	9	1	71	Tragere in deapa: At the start of the game, deal 1 damage to all opposing warriors.	playerNWarrior
set6_06-072	Cupa De Aur	anachronism/set6/Anachronism-Set6-CupaDeAur.jpg	default	Inspiration	set6	romanian	metal	inspiration/item	1	0	0	0	0	72	Puterea Legii: Your attack rolls gain +2.  At the star of each of your opponent's turns, if this card is in play, that player may discard one of their support cards and become your rival to put this card into play in the discarded card's place.	playerNPool
set6_06-073	Sabie Puternica	anachronism/set6/Anachronism-Set6-SabiePuternica.jpg	default	Weapon	set6	romanian		weapon/sword(2 hands)	2	0	0	0	2	73	Rpboj: After any player attacks, your attack rolls with this weapon this round gain +1, to a max of +4.  At the star of any round, if an opponent revealed a card with an initiative great than 6, gain +1 speed that round.	playerNPool
set6_06-074	Pieptarul Lui Blad Dracul	anachronism/set6/Anachronism-Set6-PieptarulLuiBladDracul.jpg	default	Armor	set6	romanian		armor/torso	5	0	0	0	0	74	Pazit: Your defense rolls gain +1.  Handicapt: When you are attacked, card abilities on the opposing weapons have no effect.	playerNPool
set6_06-075	Cetatea Poenari	anachronism/set6/Anachronism-Set6-CetateaPoenari.jpg	default	Special	set6	romanian		special/location	6	0	0	0	0	75	Patria stramoi'ilor: All of your rolls gain +1.  Asediat: At the start of each round, any opponent may deal 2 damage to their warrior.  If they do, discard this card.	playerNPool
set6_06-076	Beyazid I, the Thunderbolt	anachronism/set6/Anachronism-Set6-BeyazidITheThunderbolt.jpg	default	Warrior	set6	turkish	water	warrior/male	0	8	3	6	1	76	Cezbetmek: Your opponents' attack rolls gain +1.  Azili: If you have less than 5 life, your attack rolls gain +3.	playerNWarrior
set6_06-077	Konstantinya	anachronism/set6/Anachronism-Set6-Konstantinya.jpg	default	Inspiration	set6	turkish	earth	inspiration/location	4	0	0	0	0	77	Trazet - Action: Once each game, if this card is in play or in your discard pile, and if your warrior is Turkish, Roman, or Holy Roman, make an attack with one of your weapons at +0.	playerNPool
set6_06-078	Mech	anachronism/set6/Anachronism-Set6-Mech.jpg	default	Weapon	set6	turkish		weapon/sword(1 hand)	4	0	0	0	1	78	Kesim - 2 actions: Make three consecutive attacks wit this weapon, if possible.	playerNPool
set6_06-079	Tura	anachronism/set6/Anachronism-Set6-Tura.jpg	default	Armor	set6	turkish		armor/shield(1 hand)	7	0	0	0	0	79	Barikat: After you make a defense roll, discard this card to set the roll to 12.	playerNPool
set6_06-080	Savasi Nicopolis	anachronism/set6/Anachronism-Set6-SavasiNicopolis.jpg	default	Special	set6	turkish		special/quest	9	0	0	0	0	80	Kaos - Reveal: For this round, defense rolls get -2.	playerNPool
set6_06-081	Mehmed II, the Conqueror	anachronism/set6/Anachronism-Set6-MehmedIITheConqueror.jpg	default	Warrior	set6	turkish	wind	warrior/male	0	9	3	2	1	81	Fethetmek: When you attack, if you have a location card, the defender's card abilities have no effect for this attack.  If the defender is your rival, the attack roll gains +2.	playerNWarrior
set6_06-082	Hagia Sophia	anachronism/set6/Anachronism-Set6-HagiaSophia.jpg	default	Inspiration	set6	turkish	earth	inspiration/location	4	0	0	0	0	82	Erisilmez: Opposing warriors who are not adjacent to you can not deal damage to your warrior.	playerNPool
set6_06-083	Buzdovan	anachronism/set6/Anachronism-Set6-Buzdovan.jpg	default	Weapon	set6	turkish		weapon/bludgeon(1 hand)	6	0	0	0	2	83	Zalim salidirma: When you attack a rival, you may re-roll one die of the attack roll.  Serit vzakta: When you hit a rival with this weapon, you may discard one of that warrior's non-weapon support cards/	playerNPool
set6_06-084	Rumeli Hisari	anachronism/set6/Anachronism-Set6-RumeliHisari.jpg	default	Armor	set6	turkish		armor/location	0	0	0	0	0	84	Ara: When you hit with a basic attack, if the total of your life and experience is less than the defender's initiative for the current round, gain 1 life.	playerNPool
set6_06-085	Mektup In Komutan	anachronism/set6/Anachronism-Set6-MektupInKomutan.jpg	default	Special	set6	turkish		special/item	8	0	0	0	0	85	Aramak - Reveal: Move your warrior to any unoccupied space adjacent to another warrior.  Hedef - Action: Chose an opponent and roll two dice.  If the result is less than the chosen warrior's experience, that warrior is your rival until the start of your next your next turn.	playerNPool
set6_06-086	Murad IV, the Cruel	anachronism/set6/Anachronism-Set6-MuradIVTheCruel.jpg	default	Warrior	set6	turkish	fire	warrior/male	0	7	3	7	1	86	Cezalandirmak: After an opponent uses an action or reveal ability, deal 1 damage to that player's warrior.	playerNWarrior
set6_06-087	Kosem Sultan	anachronism/set6/Anachronism-Set6-KosemSultan.jpg	default	Inspiration	set6	turkish	wood	inspiration/ally/female	3	0	0	0	0	87	Stratejik - Reveal: If this is the first card you reveal this game, place three counter on this card.  Hukumet surmek: After you make a roll, you may remove one counter from this card to give the roll +1 or +2.  If you do, your next roll gets -2.	playerNPool
set6_06-088	Topuz	anachronism/set6/Anachronism-Set6-Topuz.jpg	default	Weapon	set6	turkish		weapon/bludgeon(1 hand)	7	0	0	0	2	88	Oldurmek - Reveal: You may discard an ally.  Kati duru: If you have a shield, your rolls gain +1.	playerNPool
set6_06-089	Yasuk	anachronism/set6/Anachronism-Set6-Yasuk.jpg	default	Armor	set6	turkish		armor/head	6	0	0	0	0	89	Dik kafali - reveal: You may move one space.  Yanit: After you use an action or Reveal ability, your next attack roll gains +1.	playerNPool
set6_06-090	Soczugwun	anachronism/set6/Anachronism-Set6-Soczugwun.jpg	default	Special	set6	turkish		special/ally	4	0	0	0	0	90	Guvence: After you make an attack roll, you may reduce one of the dice by 1 to put a counter on this card.  Sfilgun savunma: Before you make a defense roll, you may remove a counter from this card.  If you do, the attacker must re-roll all dice in the attack roll that are a 6.	playerNPool
set6_06-091	Selim I, the Brave	anachronism/set6/Anachronism-Set6-SelimITheBrave.jpg	default	Warrior	set6	turkish	earth	warrior/male	0	9	3	6	1	91	Ithaf olunguq: While you have no rivals, you can not win initiative.  Kizgin: Your attack rolls gain +2 against opponents whose initiative for the current round is greater than 6.	playerNWarrior
set6_06-092	Qubbat Al-Nabi	anachronism/set6/Anachronism-Set6-QubbatAlNabi.jpg	default	Inspiration	set6	turkish	aether	inspiration/mystic/location	4	0	0	0	0	92	Saygili - Reveal: Gain 1 life for each mystic card in play.	playerNPool
set6_06-093	Kargi	anachronism/set6/Anachronism-Set6-Kargi.jpg	default	Weapon	set6	turkish		weapon/polearm(2 hands)	5	0	0	0	3	93	Umitziz hizyap: If you have more than 4 life, attacking with this weapon costs an additional action.	playerNPool
set6_06-094	Silah Iman	anachronism/set6/Anachronism-Set6-SilahIman.jpg	default	Armor	set6	turkish		armor/torso	2	0	0	0	0	94	Kutsallik: Your re-rolls gain +1.  Gaipten haber ferme: At the end of each round, if you have a mystic card, you may increase or decrease the initiative of your next support card by 5.	playerNPool
set6_06-095	Khadim Ul Haremeyn	anachronism/set6/Anachronism-Set6-KhadimUlHaremeyn.jpg	default	Special	set6	turkish		special/title	2	0	0	0	0	95	Hix: Once each round, after an opponent becomes your rival, gain +1 speed on your next turn.  Madene: At the start of each round, if you revealed a location card, gain +1 speed that round.	playerNPool
set6_06-096	Suleiman I, the Magnificent	anachronism/set6/Anachronism-Set6-SuleimanITheMagnificent.jpg	default	Warrior	set6	turkish	wood	warrior/male	0	10	3	10	1	96	Yilmaz: Each time you are hit, reduce the damage to 0.  Deal 2 damage to your warrior that can not be modified	playerNWarrior
set6_06-097	Roxelana	anachronism/set6/Anachronism-Set6-Roxelana.jpg	default	Inspiration	set6	turkish	wood	inspiration/ally/female	3	0	0	0	0	97	Komplocu: Your attack rolls against rivals gain +2.  At the start of each round, if you lost initiative, deal 2 damage to each of your rivals.	playerNPool
set6_06-098	Yataghan	anachronism/set6/Anachronism-Set6-Yataghan.jpg	default	Weapon	set6	turkish		weapon/sword(2 hands)	4	0	0	0	2	98	Tam grev kirma: After you make an attack roll with this weapon, if the defender has more than 4 life, you may set one die of the attack roll to 6.	playerNPool
set6_06-099	Yarik	anachronism/set6/Anachronism-Set6-Yarik.jpg	default	Armor	set6	turkish		armor/torso	4	0	0	0	0	99	Gurur: Any opponent who rolls doubles is your rival.  Zhatta fit: Your defense rolls gain +1.  Once each turn, when you are attacked, each time a die of the attack roll is re-rolled, you may re-roll one die of your defense roll.	playerNPool
set6_06-100	Balyemez	anachronism/set6/Anachronism-Set6-Balyemez.jpg	default	Special	set6	turkish		special/ranged	4	0	0	0	0	100	Atma - Reveal: You may discard a location card or support card in a space in the arena.  If you have a rival, you may also discard any one of that player's support cards.	playerNPool
set7_07-001	Daniel Boone	anachronism/set7/Anachronism-Set7-DanielBoone.jpg	default	Warrior	set7	american f.	earth	warrior/male	0	8	3	3	1	1	Improvise: When you make a basic attack, you may choose to have it count as a polearm weapon attack instead.  Wily: Once each round, you may re-roll one die of one of your defense rolls.  If the new result matches the old result, gain 1 life.	playerNWarrior
set7_07-002	Hunter's Paradise	anachronism/set7/Anachronism-Set7-HuntersParadise.jpg	default	Inspiration	set7	american f.	wood	inspiration/location	4	0	0	0	0	2	One-upmanship: After you hit, your next attack deals +1 damage.  After you are hit, your next attack and defense rolls gain +1.	playerNPool
set7_07-003	Crude Whittled Spear	anachronism/set7/Anachronism-Set7-CrudeWhittledSpear.jpg	default	Weapon	set7	american f.		weapon/polearm(2 hands)	5	0	0	0	2	3	Hand-crafted: Once each round, after a wood or earth card is revealed, you may make an attack with this weapon at +2.	playerNPool
set7_07-004	Boonesborough	anachronism/set7/Anachronism-Set7-Boonesborough.jpg	default	Armor	set7	american f.		armor/location	2	0	0	0	0	4	Sharpened Pikes: When you attack with a polearm, you may re-roll one die of the attack or defense roll.  Secluded: After an opposing warrior moves into a space adjacent to you, your next defense roll gains +2.	playerNPool
set7_07-005	Wilderness Road	anachronism/set7/Anachronism-Set7-WildernessRoad.jpg	default	Special	set7	american f.		special/ability	6	0	0	0	0	5	Exploration: The first time this game that this card comes into play, choose a direction.  Unknown Territory: At the start of each round, each warrior moves one space in the chosen direction in initiative order. If a warrior des not, deal 1 damage to that warrior.	playerNPool
set7_07-006	Hugh Glass	anachronism/set7/Anachronism-Set7-HughGlass.jpg	default	Warrior	set7	american f.	metal	warrior/male	0	7	3	7	1	6	Unstoppable: Once each turn, after you make a defense roll, if the roll without bonuses was greater than your life, you may make an attack against the attacker, if possible.	playerNWarrior
set7_07-007	Fort Kiowa	anachronism/set7/Anachronism-Set7-FortKiowa.jpg	default	Inspiration	set7	american f.	water	inspiration/location	9	0	0	0	0	7	Fort Lookout: If you have a metal card, weapon attacks against you deal -2 damage, to a minimum of 1.	playerNPool
set7_07-008	Trapper's Knife	anachronism/set7/Anachronism-Set7-TrappersKnife.jpg	default	Weapon	set7	american f.		weapon/knife(1 hand)	7	0	0	0	1	8	Set Traps: When an opponent attacks you without spending an action, that attack deals -2 damage, to a minimum of 0, and your next attack with this weapon deals +1 damage.  Concealed: You may use another weapon card.	playerNPool
set7_07-009	Bear Hide	anachronism/set7/Anachronism-Set7-BearHide.jpg	default	Armor	set7	american f.		armor/torso	3	0	0	0	0	9	Hard-fought - Reveal: After the next time you are hit, your defense rolls gain +2 until this card leaves play or this ability is used again.	playerNPool
set7_07-010	Ashley's Hundred	anachronism/set7/Anachronism-Set7-AshleysHundred.jpg	default	Special	set7	american f.		special/ally	4	0	0	0	0	10	Savvy Expeditioners: Once each game, if this card is in play or in your discard pile, at the start of any round, you may choose an opponent.  That warrior cannot use abilities on cards in their discard pile that round.	playerNPool
set7_07-011	James Beckwourth	anachronism/set7/Anachronism-Set7-JamesBeckwourth.jpg	default	Warrior	set7	american f.	fire	warrior/male	0	7	3	6	1	11	Wild Tactics: Once each round, before you make a weapon attack roll, you may choose for that attack roll to get -2.  If you do, and that attack hits, you may immediately make another weapon attack, if possible.  The attack roll for the immediate attack gets -2.	playerNWarrior
set7_07-012	Pine Leaf	anachronism/set7/Anachronism-Set7-PineLeaf.jpg	default	Inspiration	set7	american f.	water	inspiration/female	2	0	0	0	0	12	Warrior Woman: You may use two weapon cards.  Coordinated Attack: Once each round, after  you use an action to move out of a space in an opponent's basic attack grid, you may immediately make a weapon attack at +0 against that warrior.	playerNPool
set7_07-013	Tomahawk	anachronism/set7/Anachronism-Set7-Tomahawk.jpg	default	Weapon	set7	american f.		weapon/axe(1 hand)	7	0	0	0	2	13	Retribution: After an opponent uses a card ability to attack you, you may immediately make an attack wit this weapon at +2 against that opponent.  Hidden: At the start of any of your turns, you may discard one of your face-up support cards that you own to put this card into play from your discard pile.	playerNPool
set7_07-014	Deed of Emancipation	anachronism/set7/Anachronism-Set7-DeedOfEmancipation.jpg	default	Armor	set7	american f.		armor/tome	1	0	0	0	0	14	Seek Independence: Opponents cannot use abilities on cards in discard piles.  Retrail: Once each match, at the end of any round, if this card is in your discard pile, you may discard one of your face-up support cards to put this card into the support cards space.	playerNPool
set7_07-015	Wanderlust	anachronism/set7/Anachronism-Set7-Wanderlust.jpg	default	Special	set7	american f.		special/ability	4	0	0	0	0	15	Survey: After each time you spend an action to move, you may re-roll one die of your next roll.	playerNPool
set7_07-016	Jim Bowie	anachronism/set7/Anachronism-Set7-JimBowie.jpg	default	Warrior	set7	american f.	wood	warrior/male	0	8	3	5	1	16	Finish Off - Action: Once each round, deal 2 damage to an opponent you have hit with a knife this round.  Keen Eye: Your attack rolls with knives gain +1.	playerNWarrior
set7_07-017	Texas Revolution	anachronism/set7/Anachronism-Set7-TexasRevolution.jpg	default	Inspiration	set7	american f.	earth	inspiration/quest	1	0	0	0	0	17	The Texan Question: At the start of each round, if you are adjacent to an opponent, your attack and defense rolls against that opponent gain +1 that round.	playerNPool
set7_07-018	Bowie Knife	anachronism/set7/Anachronism-Set7-BowieKnife.jpg	default	Weapon	set7	american f.		weapon/knife(1 hand)	7	0	0	0	2	18	Sharpen: Once each round, after you are hit by a basic attack, attacks with this weapon deal +1 damage for the rest of the game.	playerNPool
set7_07-019	The Alamo	anachronism/set7/Anachronism-Set7-TheAlamo.jpg	default	Armor	set7	american f.		armor/location	3	0	0	0	0	19	Fortify: Once this game, at the start of any round, if you have a wood card and an earth card in play, gain 2 life and +4 experience.  Command Position: Opposing warriors cannot over outside of their turns.	playerNPool
set7_07-020	The Sandbar Fight	anachronism/set7/Anachronism-Set7-TheSandbarFight.jpg	default	Special	set7	american f.		special/ability	5	0	0	0	0	20	Ruckus: After each time a critical hit is made or an opponent is defeated, your attacks deal +1 damage for the rest of the game.	playerNPool
set7_07-021	Jim Bridger	anachronism/set7/Anachronism-Set7-JimBridger.jpg	default	Warrior	set7	american f.	metal	warrior/male	0	7	3	2	1	21	Old Gabe: Once this game, before initiative is determined for a round, you may choose to swap your initiative with an opponent's.  Tight Scrape: Once each round, if you did not win initiative for that round, you may swap both dice of one of your attack or defense rolls with the dice from the opposing roll.	playerNWarrior
set7_07-022	Rocky Mountain Fur Company	anachronism/set7/Anachronism-Set7-RockyMountainFurCompany.jpg	default	Inspiration	set7	american f.	earth	inspiration/item	2	0	0	0	0	22	Forage: At the start of each round, if you did not win initiative, you may make an attack, if possible.  If you do, your defense rolls get -1 that round.	playerNPool
set7_07-023	Johnson's Army	anachronism/set7/Anachronism-Set7-JohnsonsArmy.jpg	default	Weapon	set7	american f.		weapon/ally	6	0	0	0	0	23	Organized Assault: Once each round, when you make a basic attack, make two attack rolls and compare each against the defender's defense roll.  Deal your warrior's damage for each attack roll that hits.  Well-equipped: You may use another weapon card.	playerNPool
set7_07-024	Fort Bridger	anachronism/set7/Anachronism-Set7-FortBridger.jpg	default	Armor	set7	american f.		armor/location	4	0	0	0	0	24	Barter: Each time you are attacked, before rolls are made, the attacker may choose to give their roll -2.  If they do not, the attack deals -1 damage, to a minimum of 0.	playerNPool
set7_07-025	Tall Tales	anachronism/set7/Anachronism-Set7-TallTales.jpg	default	Special	set7	american f.		special/ability	2	0	0	0	0	25	Embellish: Your first attack roll of each round gains +1.  If that attack misses, your next attack roll gains +2.  If that attack misses, your next attack roll gains +4.	playerNPool
set7_07-026	Agamemnon	anachronism/set7/Anachronism-Set7-Agamemnon.jpg	default	Warrior	set7	greek	wood	warrior/male	0	8	3	5	1	26	Dipsa gia Eksousia: While you have a rival, gain +1 speed and +5 experience.	playerNWarrior
set7_07-027	Ifigenia	anachronism/set7/Anachronism-Set7-Ifigenia.jpg	default	Inspiration	set7	greek	fire	inspiration/female	5	0	0	0	0	27	Alathiti Pisti: When you attack, deal 1 damage to the defender for each die that is a 6 in the defense roll.	playerNPool
set7_07-028	Hilia Plia	anachronism/set7/Anachronism-Set7-HiliaPlia.jpg	default	Weapon	set7	greek		weapon/item	6	0	0	0	0	28	Terastios Stolos: This card's initiative cannot be changed.  Epikimeni Isvoli - reveal: Roll one die.  If the roll is equal to or less than the number of times you have revealed this card this game, deal 2 damage to an opposing warrior.  Turn this card face down and swap it with another of your face-down cards. Turn the other card face up.	playerNPool
set7_07-029	Mikinaikos Thorakas	anachronism/set7/Anachronism-Set7-MikinaikosThorakas.jpg	default	Armor	set7	greek		armor/torso	4	0	0	0	0	29	Dipsa gia Ekdikisi: After you are hit by an attack with a damage bonus, the attacker becomes your rival until the end of your next turn.  Stirixi: Before you are dealt damage from an attack, you may discard this card.  If you do, that attack and the next attack against you deal -1 damage, to a minimum of 1.	playerNPool
set7_07-030	Ikos Ton Atridon	anachronism/set7/Anachronism-Set7-IkosTonAtridon.jpg	default	Special	set7	greek		special/ally	3	0	0	0	0	30	Apogoiteftiki Epilogi - Reveal: Choose an opponent, who chooses whether you gain 3 life, 10 experience, or +1 speed for the rest of the game.	playerNPool
set7_07-031	Menelaos	anachronism/set7/Anachronism-Set7-Menelaos.jpg	default	Warrior	set7	greek	water	warrior/male	0	8	3	3	1	31	Kalos tou Axize: Once each round, if you have a rival, set one die of one of your non-defense rolls to 6.	playerNWarrior
set7_07-032	Thigmeni Timi	anachronism/set7/Anachronism-Set7-ThigmeniTimi.jpg	default	Inspiration	set7	greek	water	inspiration/code	5	0	0	0	0	32	Prodomenos: At the start of each round, choose an opponent that revealed a card from a culture different than that of their warrior.  That warrior is your rival for this round.  Pairno Ekdikisi: After one of your rivals rolls doubles, discard this card.	playerNPool
set7_07-033	Xifos	anachronism/set7/Anachronism-Set7-Xifos.jpg	default	Weapon	set7	greek		weapon/sword(1 hand)	3	0	0	0	2	33	Epikindinos Eligmos: When you attack with this weapon, if you are in the defender's attack grid, the attack deals +1 damage.	playerNPool
set7_07-034	Spartiatiko Polemiko Kranos	anachronism/set7/Anachronism-Set7-SpartiatikoPolemikoKranos.jpg	default	Armor	set7	greek		armor/head	2	0	0	0	0	34	Exagriomenos: Once each round, after you are hit by an attack that deals more than its base damage, the attacker gets -1 speed on their next turn.  Gialismeno - Reveal: Gain +2 experience.	playerNPool
set7_07-035	Orgi Tou Posidona	anachronism/set7/Anachronism-Set7-OrgiTouPosidona.jpg	default	Special	set7	greek		special/ability/mystic	8	0	0	0	0	35	Thalassia Erpeta - Reveal: Your first attack this round deals +1 damage for each water card in play.  Your attack rolls this round cannot be modified by card abilities.	playerNPool
set7_07-036	Odysseus	anachronism/set7/Anachronism-Set7-Odysseus.jpg	default	Warrior	set7	greek	wood	warrior/male	0	7	3	9	1	36	Dissimos Toxotis - 2 Actions: Make an attack with a ranged weapon, if possible.  Efstoxia: When you attack with a ranged weapon you may roll three dice and choose which two to use.  If you do, the attack cannot deal more than its base damage.	playerNWarrior
set7_07-037	Athina	anachronism/set7/Anachronism-Set7-Athina.jpg	default	Inspiration	set7	greek	metal	inspiration/deity/female	3	0	0	0	0	37	Evlogimeni Stratigiki: At the end of each opponent's turn, if you won initiative that round, you may take one action.  If you attack with this action, the attack deals +1 damage.	playerNPool
set7_07-038	Toxo Tou Odissea	anachronism/set7/Anachronism-Set7-ToxoTouOdissea.jpg	default	Weapon	set7	greek		weapon/ranged(2 hands)	7	0	0	0	2	38	Kathodigoumenos apo tin Athina: After you miss an attack with this weapon, your attack rolls gain +1 for the rest of the game.	playerNPool
set7_07-039	Magiko Votani	anachronism/set7/Anachronism-Set7-MagikoVotani.jpg	default	Armor	set7	greek		armor/item	7	0	0	0	0	39	Ieri Prostasia: Attack rolls against you cannot gain bonuses from non-weapon cards.  Attacks against you cannot gain damage bonuses from support cards.	playerNPool
set7_07-040	Dourios Ippos	anachronism/set7/Anachronism-Set7-DouriosIppos.jpg	default	Special	set7	greek		special/item	2	0	0	0	0	40	Pseftiko Doro: At the end of each round, if you hit an opponent with a basic attack that round, your basic attacks deal +1 damage for the rest of the game.	playerNPool
set7_07-041	Ajax	anachronism/set7/Anachronism-Set7-Ajax.jpg	default	Warrior	set7	greek	earth	warrior/male	0	10	3	3	1	41	Avoithitos: you cannot gain life from your card abilities.  You cannot use abilities on deity cards.  Sinthlipsi: When you hit, if any of the dice of the attack roll are a 1, deal 1 damage to the attacker or defender.	playerNWarrior
set7_07-042	Chiron	anachronism/set7/Anachronism-Set7-Chiron.jpg	default	Inspiration	set7	greek	earth	inspiration/male/cavalry	4	0	0	0	0	42	Didaskalia - Reveal: For this round your attack and defense rolls against each opponent this round gain +1 for each of that opponent's support cards with higher initiative than your experience.  This round, your defense rolls cannot gain bonuses from other card abilities.	playerNPool
set7_07-043	Petrini Maza	anachronism/set7/Anachronism-Set7-PetriniMaza.jpg	default	Weapon	set7	greek		weapon/bludgeon	5	0	0	0	0	43	Terastia Plaka - Reveal: Place this card in an unoccupied space in the arena.  Ektoksefsi - Action: Once each round if you are adjacent to his card, make an attack with this weapon at +0 against any opponent.  This attack has a base damage of 4 and cannot deal more than 4 damage.  The defender then moves this card to a space adjacent to them.	playerNPool
set7_07-044	Megali Aspida	anachronism/set7/Anachronism-Set7-MegaliAspida.jpg	default	Armor	set7	greek		armor/shield(1 hand)	1	0	0	0	0	44	Adiatritos: When you are attacked by an opposing warrior who is in a space in any of your attack grids, you may choose for the attack to be made at the corresponding modifier in your attack grid.	playerNPool
set7_07-045	Propirgio Ton Axeon	anachronism/set7/Anachronism-Set7-PropirgioTonAxeon.jpg	default	Special	set7	greek		special/ability	4	0	0	0	0	45	Autosintiroumenos: While you do not have an inspiration card in play, you take normal damage from critical hits.  Telis Iroas: When you make a basic attack, if the attack hits and the defense roll is doubles, the attack is a critical hit.	playerNPool
set7_07-046	Theseus	anachronism/set7/Anachronism-Set7-Theseus.jpg	default	Warrior	set7	greek	earth	warrior/male	0	7	3	8	1	46	Prosarmogi: At the star of each round, choose one of your card abilities that gives you a defense roll bonus.  Your fist attack roll of that round gains a bonus equal to the chosen defense roll bonus.	playerNWarrior
set7_07-047	Asterionas	anachronism/set7/Anachronism-Set7-Asterionas.jpg	default	Inspiration	set7	greek	wind	inspiration/male	8	0	0	0	0	47	Axios Antipalos: After you are hit or you miss an attack, place a counter on this card.  Ipsisti Dinatotita: Twice each turn, you may remove a counter from this card to re-roll one of your rolls.	playerNPool
set7_07-048	Klironomimena Opla	anachronism/set7/Anachronism-Set7-KlironomimenaOpla.jpg	default	Weapon	set7	greek		weapon/sword/shield(2 hands)	7	0	0	0	2	48	Teleti tis Analipsis: Your defense rolls gain +1.	playerNPool
set7_07-049	Kaliva Tis Ekalis	anachronism/set7/Anachronism-Set7-KalivaTisEkalis.jpg	default	Armor	set7	greek		armor/item	6	0	0	0	0	49	Kalosini - Reveal: your next defense roll against a weapon attack gains +3.  Afosiasi: Your non-attack, non-defense rolls gain +3.	playerNPool
set7_07-050	Doro Tis Ariadnis	anachronism/set7/Anachronism-Set7-DoroTisAriadnis.jpg	default	Special	set7	greek		special/item	3	0	0	0	0	50	Polemika Ergalia - Action: You and an opponent each roll two dice.  If your total is equal to or greater than your opponent's, deal 1 damage to that opponent and you cannot use this action again this round.	playerNPool
set7_07-051	Barak	anachronism/set7/Anachronism-Set7-Barak.jpg	default	Warrior	set7	tribes of isreal	wind	warrior/male	0	7	3	3	1	51	Qera' 'et-Revava: At the start of each round, if you have less life than each opponent, your attacks that round deal +1 damage.	playerNWarrior
set7_07-052	Devora	anachronism/set7/Anachronism-Set7-Devora.jpg	default	Inspiration	set7	tribes of isreal	wind	inspiration/female	6	0	0	0	0	52	Nevi'a: When a card is revealed with more than + initiative, set that card's initiative to 6 and your next attack roll gains +2.	playerNPool
set7_07-053	Herev Pifiyot	anachronism/set7/Anachronism-Set7-HerevPifiyot.jpg	default	Weapon	set7	tribes of isreal		weapon/sword(1 hand)	4	0	0	0	1	53	Niltais: When you make a critical hit with this weapon, gain 2 life an d+1 speed for the rest of the game.	playerNPool
set7_07-054	Tahra	anachronism/set7/Anachronism-Set7-Tahra.jpg	default	Armor	set7	tribes of isreal		armor/torso	8	0	0	0	0	54	Hazaq: When you are attacked by a polearm, knife, or bludgeon, you may re-roll one or both dice of your defense rolls.	playerNPool
set7_07-055	Kidon	anachronism/set7/Anachronism-Set7-Kidon.jpg	default	Special	set7	tribes of isreal		special/polearm(1 hand)	1	0	0	0	0	55	Hoqu': When you make an attack roll, if any of the dice in the attack roll match any of the dice in the defense roll, the attack roll is considered doubles.  If this attack misses, your next roll gains +2.	playerNPool
set7_07-056	David	anachronism/set7/Anachronism-Set7-David.jpg	default	Warrior	set7	tribes of isreal	aether	warrior/male	0	6	3	4	1	56	Haspel: Once each turn, after you damage an opponent with an attack, if their life is both greater than 4 and greater than your life, set the defender's life to 4.	playerNWarrior
set7_07-057	Golyath	anachronism/set7/Anachronism-Set7-Golyath.jpg	default	Inspiration	set7	tribes of isreal	fire	inspiration/male	6	0	0	0	0	57	Heref: At the start of each round, roll two dice.  If the total is less than 9, your next attack roll gains +2 and that attack deals +1 damage.	playerNPool
set7_07-058	Qela	anachronism/set7/Anachronism-Set7-Qela.jpg	default	Weapon	set7	tribes of isreal		weapon/ranged(1 hand)	8	0	0	0	1	58	Haslek: When you attack with this weapon, if the defender has more experience than your warrior, the attack roll is considered doubles.	playerNPool
set7_07-059	Maddai Sa'ul Hammelek	anachronism/set7/Anachronism-Set7-MaddaiSaulHammelek.jpg	default	Armor	set7	tribes of isreal		armor/head/arm/torso	3	0	0	0	0	59	Sel 'adam: When you are attacked, if a card ability give a bonus to the attack roll, your defense roll gains +2.  Bitha: When you are attacked, before rolls are made, you may choose to discard this card.  If you do, the attack deals -2 damage, to a minimum of 0.	playerNPool
set7_07-060	Aron Ha'eduth	anachronism/set7/Anachronism-Set7-AronHaeduth.jpg	default	Special	set7	tribes of isreal		special/item	4	0	0	0	0	60	Quma - Reveal: Place this card in any space in the arena.  Beraka: If you are adjacent to this card, your attack rolls gain +2.  Each opponent's support cards get -4 initiative while their warrior is in or adjacent to this card's space.	playerNPool
set7_07-061	Joshua	anachronism/set7/Anachronism-Set7-Joshua.jpg	default	Warrior	set7	tribes of isreal	fire	warrior/male	0	7	4	4	1	61	Asath 'Hohim: At the start of each round, choose an opponent.  They must tell you the printed initiative of their face-down support card for the next round.  Asat Qedos: If any of your support cards have been discarded this game, you get -1 speed.	playerNWarrior
set7_07-062	Yereho	anachronism/set7/Anachronism-Set7-Yereho.jpg	default	Inspiration	set7	tribes of isreal	aether	inspiration/location	0	0	0	0	0	62	Sarta - Action: If you have a fire card and an earth card in play, make a basic attack that has a base damage of 2 against an adjacent opponent.  This attack cannot gain damage bonuses, and the attack roll gains +1.	playerNPool
set7_07-063	Herev	anachronism/set7/Anachronism-Set7-Herev.jpg	default	Weapon	set7	tribes of isreal		weapon/sword(1 hand)	3	0	0	0	3	63	Bitta'ar: If you have not attacked with this weapon this game, your opponents' rolls get -1.	playerNPool
set7_07-064	Magen	anachronism/set7/Anachronism-Set7-Magen.jpg	default	Armor	set7	tribes of isreal		armor/shield(1 hand)	2	0	0	0	0	64	Mahasi-oz: Your attack rolls gain +1 for each of your support cards that share a culture with your warrior. If your warrior is from the Tribes of Israel, your defense rolls gain +1.	playerNPool
set7_07-065	Miswat Yehosua	anachronism/set7/Anachronism-Set7-MiswatYehosua.jpg	default	Special	set7	tribes of isreal	earth	special/item	6	0	0	0	0	65	Hokmat 'adam: This card counts as an earth card.  Nesa Ha'aron: If you have a fire card in play, your first attack roll of each round is considered doubles.	playerNPool
set7_07-066	Judah Maccabee	anachronism/set7/Anachronism-Set7-JudahMaccabee.jpg	default	Warrior	set7	tribes of isreal	aether	warrior/male	0	8	3	6	1	66	Hazzeq Bedeq: At the star of any round, if you revealed an inspiration card that round, you may discard an opposing inspiration card.	playerNWarrior
set7_07-067	Qin'at Beteka	anachronism/set7/Anachronism-Set7-QinatBeteka.jpg	default	Inspiration	set7	tribes of isreal	fire	inspiration/quest	6	0	0	0	0	67	or Gadol: Once each round, after you hit an opponent, if you have less life than each opponent, your rolls next round gain +2.	playerNPool
set7_07-068	Herev Appolonius	anachronism/set7/Anachronism-Set7-HerevAppolonius.jpg	default	Weapon	set7	tribes of isreal		weapon/sword(1 hand)	5	0	0	0	2	68	Saddiq: Attacks with this weapon deal +1 damage if the defender does not have an inspiration card in play.  Qodes: You may use two inspiration cards.	playerNPool
set7_07-069	Siryon	anachronism/set7/Anachronism-Set7-Siryon.jpg	default	Armor	set7	tribes of isreal		armor/torso	4	0	0	0	0	69	Milhamat Doroth: Once each game, if this card is in play or in your discard pile, when another player makes a critical hit, you may choose for that attack to count as a normal hit instead.  If this card was in your discard pile, you cannot use this ability again this match.	playerNPool
set7_07-070	Hannuka	anachronism/set7/Anachronism-Set7-Hannuka.jpg	default	Special	set7	tribes of isreal		special/quest	4	0	0	0	0	70	Hofe Hannehara: Your support cards gain +2 initiative.  Hag: Once each game, if this card is in play or in your discard pile, prevent one of your support cards from being discarded by an opposing card ability.  If this card is in your discard pile, you cannot use this ability again this match.	playerNPool
set7_07-071	Samson	anachronism/set7/Anachronism-Set7-Samson.jpg	default	Warrior	set7	tribes of isreal	fire	warrior/male	0	7	3	8	1	71	Seqe Me'en-Haqqore - Action: Once each round, gain 1 life.  If an opponent's card ability prevents this life gain, deal 2 damage to that opponent instead.	playerNWarrior
set7_07-072	Delila	anachronism/set7/Anachronism-Set7-Delila.jpg	default	Inspiration	set7	tribes of isreal	water	inspiration/female	4	0	0	0	0	72	Qeser - Reveal: Name a card type.  For the rest of the game, a player cannot make attacks with weapons on the round that they reveal a card of the named type.	playerNPool
set7_07-073	Lehi-Hamor	anachronism/set7/Anachronism-Set7-LehiHamor.jpg	default	Weapon	set7	tribes of isreal		weapon/bludgeon(1 hand)	9	0	0	0	1	73	Hithgannen: After an opponent makes a critical hit, you may attack that player with this weapon at +3.  This attack deals +2 damage.  Ma'aseh Roge': You may use another weapon card.	playerNPool
set7_07-074	Ketoneth	anachronism/set7/Anachronism-Set7-Ketoneth.jpg	default	Armor	set7	tribes of isreal		armor/torso	3	0	0	0	0	74	orath So'n: Reveal: This round, attacks against you deal -1 damage, to a minimum of 0.	playerNPool
set7_07-075	Se'ar-Ro's Simson	anachronism/set7/Anachronism-Set7-SearRosSimson.jpg	default	Special	set7	tribes of isreal		special/item	5	0	0	0	0	75	Koh Baruk: Once each game, if this card is in play or in your discard pile, after you make a defense roll, you may choose for that roll to gain +2.  If this card is in your discard pile, this ability cannot be used again this match.	playerNPool
set7_07-076	Aeneas	anachronism/set7/Anachronism-Set7-Aeneas.jpg	default	Warrior	set7	trojan	fire	warrior/male	0	8	3	3	1	76	Gorgi Epithesi - Action: Once each round, if you are adjacent to an opposing warrior, move one space.  After the move, if you are no longer adjacent to that warrior, deal 1 damage to them.	playerNWarrior
set7_07-077	Afroditi	anachronism/set7/Anachronism-Set7-Afroditi.jpg	default	Inspiration	set7	trojan	fire	inspiration/deity/female	6	0	0	0	0	77	Teleia Omorfia: If you are male warrior, gain +1 speed and get -3 experience.	playerNPool
set7_07-078	Dorata Me Mproutzini Ehmi	anachronism/set7/Anachronism-Set7-DorataMeMproutziniEhmi.jpg	default	Weapon	set7	trojan		weapon/polearm(2 hands)	0	0	0	0	2	78	Ekdikisi: Once each round, after you hit an opponent with this weapon, name an ability on one of the defender's cards.  That ability has no effect until the star of your next turn.	playerNPool
set7_07-079	Aristourgima Tou Ifestou	anachronism/set7/Anachronism-Set7-AristourgimaTouIfestou.jpg	default	Armor	set7	trojan		armor/head/torso/leg/arm/shield	5	0	0	0	0	79	Endoksi Panoplia - Reveal: The next time you take damage this game, reduce the damage to 0.  Prokathorismeno: Once each round, before you are damaged by a rival's attack, make an attack against the attacker at +1.	playerNPool
set7_07-080	Palladio	anachronism/set7/Anachronism-Set7-Palladio.jpg	default	Special	set7	trojan		special/item	1	0	0	0	0	80	Anegiromeno apo tin Athina - Reveal: The next two times you are hit by a weapon, reduce the damage dealt by the attack by 1 to a minimum of 0.  After the second time this card reduces damage, discard it.  Ikona tis Palladas: Attacks against you cannot be critical hits.	playerNPool
set7_07-081	Brutus	anachronism/set7/Anachronism-Set7-Brutus.jpg	default	Warrior	set7	trojan	metal	warrior/male	0	7	3	7	1	81	Enisxisi: While you have a support card in a space in your basic attack grid, your attacks deal +1 damage.  Raze - Action: Discard a support card in a space in your basic attack grid.	playerNWarrior
set7_07-082	Artemis	anachronism/set7/Anachronism-Set7-Artemis.jpg	default	Inspiration	set7	trojan	wood	inspiration/deity/female	5	0	0	0	0	82	Thea tou Fegariou: At the start of each round, if the total initiative of all players for this round is 12 or less, you may move one space and then make a basic attack, if possible.	playerNPool
set7_07-083	Mahera	anachronism/set7/Anachronism-Set7-Mahera.jpg	default	Weapon	set7	trojan		weapon/sword(1 hand)	2	0	0	0	2	83	Kofteri Lepida: Attacks with this weapon deal +1 damage for each space adjacent to you that contains a support card.	playerNPool
set7_07-084	Kranos Me Lofio	anachronism/set7/Anachronism-Set7-KranosMeLofio.jpg	default	Armor	set7	trojan		armor/head	7	0	0	0	0	84	Ksethoriasmeno Apominari: You may discard this card at the start of any turn.  If you do, you may re-roll each of your attack and defense rolls made that turn.	playerNPool
set7_07-085	Petra Tou Landinou	anachronism/set7/Anachronism-Set7-PetraTouLandinou.jpg	default	Special	set7	trojan		special/item	7	0	0	0	0	85	Kentro tis Autokratorias - Reveal: Place this card in any space in the arena.  Isxiro Simvolo: If this card is in the arena, your attacks against opponents not adjacent to this card's space deal +1 damage.  Reduce the damage of each opponent's attack against you by 1 to a minimum of 1 if they are adjacent to this card's space.	playerNPool
set7_07-086	Hector	anachronism/set7/Anachronism-Set7-Hector.jpg	default	Warrior	set7	trojan	fire	warrior/male	0	8	3	8	1	86	Dipli Epithesi: Once each round, after you make an attack, if your attack roll was doubles and you missed, or if the defense roll was doubles, make another attack of the same type against the same opponent.	playerNWarrior
set7_07-087	Stili Tis Trias	anachronism/set7/Anachronism-Set7-StiliTisTrias.jpg	default	Inspiration	set7	trojan	earth	inspiration/code	6	0	0	0	0	87	Epiklisi Dinamis: If you are the first player to take damage after this card is revealed or if you have a rival, you may make two attacks with one of your weapons on each of your turns.	playerNPool
set7_07-088	Spathi Me Asimenia Lavi	anachronism/set7/Anachronism-Set7-SpathiMeAsimeniaLavi.jpg	default	Weapon	set7	trojan		weapon/sword(1 hand)	4	0	0	0	2	88	Polemikoi Exoplismoi: When you attack with this weapon, if you have an armor card or shield in play, roll three dice and choose which two to use.	playerNPool
set7_07-089	Zoni Tou Eanta	anachronism/set7/Anachronism-Set7-ZoniTouEanta.jpg	default	Armor	set7	trojan		armor/item	5	0	0	0	0	89	Prepoumenos - Reveal: Choose an opponent.  That opponent gains 4 life; this life gain cannot be affected by another card ability.  That opponent is your rival for the rest of the game.  Zoni: you may use another armor card.	playerNPool
set7_07-090	Theiki Paremvasi	anachronism/set7/Anachronism-Set7-TheikiParemvasi.jpg	default	Special	set7	trojan		special/deity	0	0	0	0	0	90	To Doro tou Apollona: After a roll has been made, you may discard a face-up support card you own to force any roll to be re-rolled.  You may choose to give the re-roll +2 or -2.	playerNPool
set7_07-091	Paris	anachronism/set7/Anachronism-Set7-Paris.jpg	default	Warrior	set7	trojan	wind	warrior/male	0	7	3	3	1	91	Estiasmeni Skopeusi - Action: Once each round, your next attack with a ranged weapon this round deals +1 damage and that attack roll gains +2.	playerNWarrior
set7_07-092	Eleni Tis Spartis	anachronism/set7/Anachronism-Set7-EleniTisSpartis.jpg	default	Inspiration	set7	trojan	wood	inspiration/female	8	0	0	0	0	92	Aparamilli Omorfia - Reveal: Place this card in any space in the arena.  Anefikto: While this card is in an unoccupied space in any opponent's attack grid, that warrior is your rival.  After you roll a 1, you may move this card one space (not diagonally).	playerNPool
set7_07-093	Dilitiriasmeno Velos	anachronism/set7/Anachronism-Set7-DilitiriasmenoVelos.jpg	default	Weapon	set7	trojan		weapon/ranged(2 hands)	9	0	0	0	1	93	Molinsi: After the fist time you hit each opponent with this weapon each round, deal 1 damage to that warrior at the start of each round for the rest of the game.  Ektoksefsi - Action: Once each round, make an attack with this weapon at +0 against a rival.	playerNPool
set7_07-094	Xtipimeno Mproutzino Thorakio	anachronism/set7/Anachronism-Set7-XtipimenoMproutzinoThorakio.jpg	default	Armor	set7	trojan		armor/torso	4	0	0	0	0	94	Dino: At the start of each round, roll one die.  If the roll is even, your defense rolls for the round gain +3.	playerNPool
set7_07-095	Krisi Tou Pari	anachronism/set7/Anachronism-Set7-KrisiTouPari.jpg	default	Special	set7	trojan		special/ability	5	0	0	0	0	95	Anapofasistos: After you roll two dice, if the roll is less than 6, you may re-roll the roll.  Iposxesi Omorfias: If the next card you reveal is an inspiration, you may attack with a weapon twice on your tern that round.	playerNPool
set7_07-096	Priam	anachronism/set7/Anachronism-Set7-Priam.jpg	default	Warrior	set7	trojan	water	warrior/male	0	8	3	6	1	96	Pneumatikos: If you have a mystic card in play, all of your rolls gain +1.  Agios: If you have a deity card in play, all of your attack rolls gain +1.	playerNWarrior
set7_07-097	Ekavi	anachronism/set7/Anachronism-Set7-Ekavi.jpg	default	Inspiration	set7	trojan	fire	inspiration/female	5	0	0	0	0	97	Kali Simnouli: Once each turn, after you and an opponent each make a roll, if any die in either roll is a +, you may set one die of your roll to 5.	playerNPool
set7_07-098	Spathi Tis Trias	anachronism/set7/Anachronism-Set7-SpathiTisTrias.jpg	default	Weapon	set7	trojan		weapon/sword(1 hand)	5	0	0	0	1	98	Epitaxinete: You gain +1 speed.	playerNPool
set7_07-099	Tihi Tis Trias	anachronism/set7/Anachronism-Set7-TihiTisTrias.jpg	default	Armor	set7	trojan		armor/location	3	0	0	0	0	99	Oxirono - Reveal: Place this card in any unoccupied space in the arena.  Katareusi: While you are in this card's row or column, set each of your defense rolls that are less than 8 to 8.	playerNPool
set7_07-100	Cassandra	anachronism/set7/Anachronism-Set7-Cassandra.jpg	default	Special	set7	trojan		special/female/mystic	5	0	0	0	0	100	Katara tis Dispistias: Before you are attacked, the attacker may choose to reduce all bonuses to their attack roll to 0.  If they do not, and the attack hits, deal 1 damage to that opponent.	playerNPool
pro_1_P01	Alexander III of Macedon	anachronism/pro/Anachronism-Pro-AlexanderIIIOfMacedon.jpg	default	Warrior	pro	greek	water	warrior/male	0	8	3	5	1	p01	Kalutera einai na kaeis para na argosviseis: If you do not win initiative, take 1 damage.  You always take the first turn each round.	playerNWarrior
pro_1_P02	Leonidas I of Sparta	anachronism/pro/Anachronism-Pro-LeonidasIOfSparta.jpg	default	Warrior	pro	greek	wood	warrior/male	0	7	3	6	1	p02	Romaleos: Once per round, one of your attack or defense rolls gains a bonus equal to the number of opposing warriors.  Improving Odds: When an opposing warrior is defeated, gain 2 life.	playerNWarrior
pro_1_P03	Bushido	anachronism/pro/Anachronism-Pro-Bushido.jpg	default	Inspiration	pro	japanese	fire	inspiration/code	7	0	0	0	0	p03	Soujoukouka: If all of your face-up cards are Japanese, all of your rolls gain +1.	playerNPool
pro_1_P04	Nobunaga	anachronism/pro/Anachronism-Pro-Nobunaga.jpg	default	Warrior	pro	japanese	water	warrior/male	0	8	3	5	1	p04	Houtan: Every time a reveal ability is used, gain 1 life.	playerNWarrior
pro_1_P05	Shinmen Takezo	anachronism/pro/Anachronism-Pro-ShinmenTakezo.jpg	default	Warrior	pro	japanese	wind	warrior/male	0	7	2	7	1	p05	Kyougou: Your attack rolls gain +2.  Your attacks with swords deal +1 damage.	playerNWarrior
pro_1_P06	Canute I of Denmark	anachronism/pro/Anachronism-Pro-CanuteIOfDenmark.jpg	default	Warrior	pro	norse	water	warrior/male	0	7	3	4	1	p06	Ydmyk: Once per challenge, at the beginning of a round, replace all modifiers on all attack grids with "+0" modifiers for that round.	playerNWarrior
pro_1_P07	Geat King Beowulf	anachronism/pro/Anachronism-Pro-GeatKingBeowulf.jpg	default	Warrior	pro	norse	earth	warrior/male	0	7	3	4	1	p07	Erfaren: Each round, if you win initiative, your attacks rolls gain +1 for that round.  If you do not win initiative, your defense rolls gain +1 for that round.	playerNWarrior
pro_1_P08	Gaius Julius	anachronism/pro/Anachronism-Pro-GaiusJulius.jpg	default	Warrior	pro	roman	fire	warrior/male	0	6	3	10	1	p08	Veni, Vidi, Vici: Once per turn, when you hit a warrior with a basic attack, turn that warrior to face any direction.	playerNWarrior
pro_1_P09	Mars	anachronism/pro/Anachronism-Pro-Mars.jpg	default	Inspiration	pro	roman	earth	inspiration/diety	4	0	0	0	0	p09	Concors: If all of your face-up cards are Roman, all of your rolls gain +1.	playerNPool
pro_1_P10	Spartacus of Thrace	anachronism/pro/Anachronism-Pro-SpartacusOfThrace.jpg	default	Warrior	pro	roman	earth	warrior/male	0	7	3	3	1	p10	Rebellis: Your critical hits deal +2 damage instead of doubling base damage.	playerNWarrior
pro_3_P11	Hattori Hanzo	anachronism/pro/Anachronism-Pro-HattoriHanzo.jpg	default	Warrior	pro	japanese	wind	warrior/male	0	7	3	7	1	p11	Kagekakushi: Once per round, before you make an attack with a one-handed weapon, move to the space directly behind an opposing warrior, if possible.  If you do, the attack roll gains +1 and the attack deals +1 damage.	playerNWarrior
pro_3_P12	Herakles of Thebes	anachronism/pro/Anachronism-Pro-HeraklesOfThebes.jpg	default	Warrior	pro	greek	earth	warrior/male	0	6	3	6	1	p12	Ellenike: When you make a basic attack roll, if you have no item in play, roll three dice and use the sum of all three.  If all three of the dice are the same number, the attack deals triple damage.  The attack cannot be a critical hit.	playerNWarrior
pro_3_P13	Naegling	anachronism/pro/Anachronism-Pro-Naegling.jpg	default	Weapon	pro	norse		weapon/sword(1 hand)	6	0	0	0	3	p13	Feigr: After each time you hit with this weapon, reduce its base damage by 1 for the rest of the game to a minimum of 1.	playerNPool
pro_3_P14	Clotho	anachronism/pro/Anachronism-Pro-Clotho.jpg	default	Inspiration	pro	greek	water	inspiration/fate	8	0	0	0	0	p14	Neoterikos: At the start of each round, if you revealed a Fate this round, gain +1 speed this round.	playerNPool
pro_3_P15	Lachesis	anachronism/pro/Anachronism-Pro-Lachesis.jpg	default	Inspiration	pro	greek	wood	inspiration/fate	12	0	0	0	0	p15	Horizo: You may have up to three fate inspirations in play.  Krino: Your attack rolls gain +1 for each fate you have in play.	playerNPool
pro_3_P16	Atropos	anachronism/pro/Anachronism-Pro-Atropos.jpg	default	Inspiration	pro	greek	aether	inspiration/fate	6	0	0	0	0	p16	Diaphthora - Reveal: If you have three Fates in play, deal 3 damage to an opponent.  This ability cannot reduce a warrior below 1 life.	playerNPool
pro_3_P17	Seth	anachronism/pro/Anachronism-Pro-Seth.jpg	default	Inspiration	pro	egyptian	water	inspiration/deity	5	0	0	0	0	p17	Isft: Each player reveal their support cards in reverse order (from right to left)	playerNPool
pro_3_P18	Stone of Destiny	anachronism/pro/Anachronism-Pro-StoneOfDestiny.jpg	default	Special	pro	briton scottish		special/item	3	0	0	0	0	p18	This card is also considered a Scottish card.  Coronacioun: Before you make a roll, if you do not have a Fire card, pick a number no greater than your experience.  You permanently lose that much experience and add that amount to this roll.	playerNPool
pro_3_P19	Chan Zhang	anachronism/pro/Anachronism-Pro-ChanZhang.jpg	default	Weapon	pro	chinese		weapon/bludgeon/polearm(2 hands)	7	0	0	0	1	p19	Feng Mo Zhang Fa: Twice each turn, after an attack misses you, you may immediately make an attack against the attacker, if possible.	playerNPool
pro_3_P20	Batu Khan	anachronism/pro/Anachronism-Pro-BatuKhan.jpg	default	Warrior	pro	mongol	wood	warrior/male	0	7	3	9	1	p20	Altan Ordon Ulus: Once per round, after you make a critical hit, you may immediately make another attack of the same type against the same opponent.	playerNWarrior
pro_4_P21	A'phiob Mhor	anachronism/pro/Anachronism-Pro-AphiobMhor.jpg	default	Special	pro	scottish		special/item	10	0	0	0	0	p21	Dualchas Priseil: At the end of each opponent's turn, if they are in the same space they were at the start of their turn, deal 1 damage to that warrior.	playerNPool
pro_4_P22	D'artagnan	anachronism/pro/Anachronism-Pro-Dartagnan.jpg	default	Warrior	pro	french	water	warrior/male	0	8	3	4	1	p22	Riposte: Once each turn, after you make an attack or defense roll, if the attack misses, you may move one space.  Your next attack roll with a French sword gains +1.	playerNWarrior
pro_4_P23	Allt A'bhonnaich	anachronism/pro/Anachronism-Pro-AlltAbhonnaich.jpg	default	Special	pro	scottish		special/location	9	0	0	0	0	p23	Dilse: Opposing cards cannot prevent you from using abilities on your support cards.  Cabhag: At the star of each round, if you have two or more support cards that match your warrior's element and/or culture, gain +1 speed for that round.	playerNPool
pro_4_P24	SSPW	anachronism/pro/Anachronism-Pro-SSPW.jpg	default	Special	pro	egyptian		special/location	5	0	0	0	0	p24	Tet: Before you make an attack roll, choose "odd" or "even."  If your attack roll matches your choice and the defense roll does not, this and your next attack deal +1 damage.  You cannot use this ability again this round.	playerNPool
pro_4_P25	Donar-Eiche	anachronism/pro/Anachronism-Pro-DonarEiche.jpg	default	Special	pro	german		special/location	6	0	0	0	0	p25	Standfestigkeit: At the start of each round, if you won initiative, your fist attack roll that round gains +2 if the defender has more experience than your warrior.  If you lost initiative, you may move one space.	playerNPool
pro_4_P26	Rapiere	anachronism/pro/Anachronism-Pro-Rapiere.jpg	default	Weapon	pro	french		weapon/sword(1 hand)	6	0	0	0	1	p26	Botte: Once each round, after you move outside of your turn, you may make an attack with this weapon, if possible.  This attack deals +1 damage.	playerNPool
pro_4_P27	San Jie Gun	anachronism/pro/Anachronism-Pro-SanJieGun.jpg	default	Weapon	pro	chinese		weapon/bludgeon(2 hands)	2	0	0	0	2	p27	Shou: Once each round, if your attack roll with this weapon is greater than the defense roll plus three, you may immediately make another attack with this weapon, if possible.	playerNPool
pro_4_P28	Volkerwanderung	anachronism/pro/Anachronism-Pro-Volkerwanderung.jpg	default	Inspiration	pro	german	earth	inspiration/quest	5	0	0	0	0	p28	Aufbruch - Reveal: Place this card in any unoccupied space in the arena.  Ziel der Hoffnung: Opposing warriors' defense rolls get -1.  Warriors cannot gain life.  When any warrior moves into this card's space, discard this card.	playerNPool
pro_4_P29	Wakinyan	anachronism/pro/Anachronism-Pro-Wakinyan.jpg	default	Inspiration	pro	native american	wind	inspiration/deity	3	0	0	0	0	p29	Kap'os'ic'iya: At the start of each round, if you used actions to move and to attack on your previous turn, all of your rolls that round gain +1, and the next support card you reveal gains +5 initiative.	playerNPool
pro_4_P30	Thahe Huhuwanap'in	anachronism/pro/Anachronism-Pro-ThaheHuhuwanapin.jpg	default	Armor	pro	native american		armor/torso	7	0	0	0	0	p30	Wanagi Chiyeyapi Nakiczinpi: Opposing warrior's weapon attack cannot deal more damage than the highest base damage among your weapons, minimum one.	playerNPool
pro_5_P31	Si An Bhru	anachronism/pro/Anachronism-Pro-SiAnBhru.jpg	default	Special	pro	irish		special/location	3	0	0	0	0	p31	Elric: After any other card is discarded, you may discard this card.  If you do your next attack roll is considered doubles.  Oidhreacht: Once each match, at the start of a game, if this card is in your discard pile, your warrior gains +2 experience.	playerNPool
pro_5_P32	Clairseach Bhoru	anachronism/pro/Anachronism-Pro-ClairseachBhoru.jpg	default	Special	pro	irish		special/item	7	0	0	0	0	p32	Comhcheol: If all of your face-up cards are Irish, your rolls gain +1.	playerNPool
pro_5_P33	Hawaiki	anachronism/pro/Anachronism-Pro-Hawaiki.jpg	default	Inspiration	pro	maori	earth	inspiration/location	6	0	0	0	0	p33	Iwi Whanui: If all of your face-up cards are Maori, your rolls gain +1.	playerNPool
pro_5_P34	Pou Whenua	anachronism/pro/Anachronism-Pro-PouWhenua.jpg	default	Weapon	pro	maori		weapon/bludgeon(2 hands)	4	0	0	0	2	p34	Tukituki - Action: Twice each round, if you have not missed with this weapon this round, make an attack with it if possible.	playerNPool
pro_5_P35	Ostovany Khourosh	anachronism/pro/Anachronism-Pro-OstovanyKhourosh.jpg	default	Special	pro	persian		special/item	2	0	0	0	0	p35	Dod: Opponents' weapon attacks use their warrior's basic attack grid instead of the weapon's attack grid.	playerNPool
pro_5_P36	Sagaris	anachronism/pro/Anachronism-Pro-Sagaris.jpg	default	Weapon	pro	persian		weapon/axe(1 hand)	8	0	0	0	0	p36	Siveshodan: When you attack with this weapon, if you have less experience than the defender, the attack roll gain +2 and the attack deals +1 damage	playerNPool
pro_5_P37	Rasputin	anachronism/pro/Anachronism-Pro-Rasputin.jpg	default	Inspiration	pro	russian	earth	inspiration/ally/male	5	0	0	0	0	p37	Ne'ukrotimiy: Before you take damage, if you are an earth warrior and the damage would reduce your life below 1, you may discard one of y our other face-up support cards to reduce the damage to 0.	playerNPool
pro_5_P38	Baba Yaga	anachronism/pro/Anachronism-Pro-BabaYaga.jpg	default	Inspiration	pro	russian	wood	inspiration/ally/female	9	0	0	0	0	p38	Skrytaya: Opponents cannot attack you with weapons more than once each round.  If any opponent has more than one weapon in play, you may attack with your weapons twice each round.	playerNPool
pro_5_P39	Godfrey of Bouillon	anachronism/pro/Anachronism-Pro-GodfreyOfBouillon.jpg	default	Warrior	pro	french	water	warrior/male	0	9	3	2	1	p39	Retournement: Each round, initiative is resolved from lowest to highest.	playerNWarrior
pro_5_P40	Gaiseric	anachronism/pro/Anachronism-Pro-Gaiseric.jpg	default	Warrior	pro	germanic	metal	warrior/male	0	7	3	5	1	p40	Bewaffnet: If you ever have a weapon card in play, discard it immediately.  Angriff - Action: Once each round, make an attack against an adjacent opponent.  This attack counts as an attack with a weapon and has a base damage of 2.  The attack roll gains +2 damage.	playerNWarrior
pro_6_P41	Liu Bei	anachronism/pro/Anachronism-Pro-LiuBei.jpg	default	Warrior	pro	chinese	wood	warrior/male	0	7	3	8	1	p41	Zhua zhuang ding: At the start of each round, you may get -2 experience to choose another player's card ability that give an attack roll, damage, or speed bonus.  That ability has no effect for that round.	playerNWarrior
pro_6_P42	Saif	anachronism/pro/Anachronism-Pro-Saif.jpg	default	Weapon	pro	saracen		weapon/sword(1 hand)	6	0	0	0	2	p42	Yendafae Besarah: When you attack with this weapon, if the defense roll is less than this card's initiative, the attack deals +1 damage.  Dokha: If you revealed a ranged weapon this game, your attack rolls gain +1.	playerNPool
pro_6_P43	Jihad	anachronism/pro/Anachronism-Pro-Jihad.jpg	default	Inspiration	pro	saracen	aether	inspiration/quest	6	0	0	0	0	p43	Radabilij: If all of your cards are Saracen, your rolls gain +1.	playerNPool
pro_6_P44	Cauhxicalli	anachronism/pro/Anachronism-Pro-Cauhxicalli.jpg	default	Special	pro	aztec		special/item/mystic	2	0	0	0	0	p44	Motemachia: Each time you reveal a card (including this one), put a counter on this card.  At the start of each round, you may remove a counter from this card.  If you do, your rolls that round gain +1 for each counter on this card.	playerNPool
pro_6_P45	Templo Mayor	anachronism/pro/Anachronism-Pro-TemploMayor.jpg	default	Special	pro	aztec		special/location	4	0	0	0	0	p45	Tlamanalli: At the end of any round, you may discard one of your support cards.  If you do, you may attack with one of your weapons twice on your next turn.	playerNPool
pro_6_P46	Reconquista	anachronism/pro/Anachronism-Pro-Reconquista.jpg	default	Inspiration	pro	spanish	metal	inspiration/quest	7	0	0	0	0	p46	Patriotismo: If all of your cards are Spanish, your rolls gain +1.	playerNPool
pro_6_P47	Tomas De Torquemada	anachronism/pro/Anachronism-Pro-TomasDeTorquemada.jpg	default	Special	pro	spanish		special/ally/male	6	0	0	0	0	p47	Oprimir: When on opponent reveal a deity, tome, or mystic card, they may choose to discard it and set their initiative for that round to 0.  If they do not, deal 3 damage to that opponent.	playerNPool
pro_6_P48	Xerxes I	anachronism/pro/Anachronism-Pro-XerxesI.jpg	default	Warrior	pro	persian	metal	warrior/male	0	8	3	7	1	p48	Gabk: Opponents can not attack with weapons more than once each round.	playerNWarrior
pro_6_P49	Kamikaze	anachronism/pro/Anachronism-Pro-Kamikaze.jpg	default	Inspiration	pro	japanese	wind	inspiration/mystic	3	0	0	0	0	p49	Boujakubujin: After an opposing warrior move outside of their turn, you may immediately make an attack against them at +1.  Shinsei: You may use another inspiration.	playerNPool
pro_6_P50	Kremlin	anachronism/pro/Anachronism-Pro-Kremlin.jpg	default	Special	pro	russian		special/location	7	0	0	0	0	p50	Velichiye: After you reveal this card and after each time you roll more than two dice, put a counter on this card.  When you make a roll, you may remove two counter from this card to roll an extra die and choose one die to exclude form that roll.  Stolitsa: you may use another special.	playerNPool
pro_7_P51	Confucius	anachronism/pro/Anachronism-Pro-Confucius.jpg	default	Inspiration	pro	chinese	aether earth fire metal water wind wood	inspiration/male	9	0	0	0	0	p51	Shi su: This card is considered to be all elements.  You may use another inspiration card.  Ming zhi: While this card is in play, all warriors have 0 experience.	playerNPool
pro_7_P52	Lao Tzu	anachronism/pro/Anachronism-Pro-LaoTzu.jpg	default	Inspiration	pro	chinese	aether earth fire metal water wind wood	inspiration/male	0	0	0	0	0	p52	Shi su: This card is considered to be all elements.  You may use another inspiration card.  Wu xian qi: While this card is in play, all warriors have 0 initiative.	playerNPool
pro_7_P53	Unicornio Cuerno	anachronism/pro/Anachronism-Pro-UnicornioCuerno.jpg	default	Inspiration	pro	spanish	earth	inspiration/item	8	0	0	0	0	p53	Legendario rescate: At the start of each round, you may roll two dice.  If the total is greater than your life, immediately use an action ability or move one space.	playerNPool
pro_7_P54	Queen Anne's Revenge	anachronism/pro/Anachronism-Pro-QueenAnnesRevenge.jpg	default	Special	pro	briton/pirate		special/item	4	0	0	0	0	p54	Pillage: You may use abilities on any support card in the arena.  Choice of Battles - Action: Discard this card.  Move your warrior to any unoccupied space in the arena.  Your next defense roll gains +4.	playerNPool
pro_7_P55	Isla Tortuga	anachronism/pro/Anachronism-Pro-IslaTortuga.jpg	default	Special	pro	pirate		special/location	9	0	0	0	0	p55	Alcazaba: Your cards cannot be discarded by opposing card abilities.  Venganza: After you are damaged by a critical hit, your attacks deal +1 damage.	playerNPool
pro_7_P56	Kilij	anachronism/pro/Anachronism-Pro-Kilij.jpg	default	Weapon	pro	turkish		weapon/sword(1 hand)	1	0	0	0	3	p56	Bolmek: If the defender has an armor card or a shield, attacks with this weapon deal -1 damage.	playerNPool
pro_7_P57	Istanbul	anachronism/pro/Anachronism-Pro-Istanbul.jpg	default	Inspiration	pro	turkish	earth	inspiration/location	8	0	0	0	0	p57	Tartisma: Reveal: You may discard a location.  If you do not, choose an opponent.  That opponent's rolls get -1 this round.  Yeni san: All of your attack rolls that are made at "+0" are made at +2 instead.	playerNPool
pro_7_P58	Ordin De Balaur	anachronism/pro/Anachronism-Pro-OrdinDeBalaur.jpg	default	Inspiration	pro	romanian	fire	inspiration/code	2	0	0	0	0	p58	Justus et Paciens: After you hit an opponent, your next attack or defense roll against that opponent gains +1.  Once each round, if that opponent has had their experience modified by a card ability, gain +3 instead.	playerNPool
pro_7_P59	Vlad II Dracul	anachronism/pro/Anachronism-Pro-VladIIDracul.jpg	default	Warrior	pro	romanian	fire	warrior/male	0	7	3	8	1	p59	Nemilos: After each time a warrior gains life, your next attack deals +1 damage.  After each time you gain life, your next attack roll gets -1.	playerNWarrior
pro_7_P60	Yggdrasil	anachronism/pro/Anachronism-Pro-Yggdrasil.jpg	default	Inspiration	pro	norse	wood	inspiration/mystic	6	0	0	0	0	p60	Asgard: All of your attacks deal +1 damage.  Hvergelmir: All warriors gain +1 speed.	playerNPool
