databaseId	name	imageUrl	cardBack	type	packName	set	loadGroupId	cost	keywords	text	health	affiliation	rarity	episode	number
4ffa33a2-d39a-4eed-8192-4fc3ead475c3	Abduction!	x-files-ccg/07-gen-con/XFilesCcg-07GenCon-Abduction.jpg	default	Adversary	07 - Gen Con	07 - Gen Con	playerNDeck	6 CP	Adversary|Alien|Phenomena	Pick one Agent in the Team. That Agent is placed 10 cards down, face up, in the owning player's Bureau deck. Any equipment the Agent had is discarded. When the Agent's card reaches the top of the deck, the Agent is immediately moved to the Hospital (undamaged). This card does not initiate combat.	N/A		Demo	Conduit	XF96-0053 GCon
4c77897d-1215-440a-b90e-33b6b07766c2	Agent Alex Krycek	x-files-ccg/07-gen-con/XFilesCcg-07GenCon-AgentAlexKrycek.jpg	default	Agent	07 - Gen Con	07 - Gen Con	playerNStarting	6 RP	Agent|FBI|Law|Neutral|Believer		5		Demo	Sleepless	XF96-0027 GCon
4c8055a2-55e1-439a-a635-c1d0f9d3396d	Agent Dana Scully	x-files-ccg/07-gen-con/XFilesCcg-07GenCon-AgentDanaScully.jpg	default	Agent	07 - Gen Con	07 - Gen Con	playerNStarting	7 RP	Agent|FBI|Law|Skeptic		4		Demo		XF96-0028 GCon
4cbb8d9f-70be-442f-995f-774d63010aee	Agent Fox Mulder	x-files-ccg/07-gen-con/XFilesCcg-07GenCon-AgentFoxMulder.jpg	default	Agent	07 - Gen Con	07 - Gen Con	playerNStarting	7 RP	Agent|FBI|Law|Believer		5		Demo		XF96-0029 GCon
4c72cda9-c5b2-4a71-800e-e2e654f54d8c	Albert Hosteen	x-files-ccg/07-gen-con/XFilesCcg-07GenCon-AlbertHosteen.jpg	default	Agent	07 - Gen Con	07 - Gen Con	playerNStarting	4 RP	Agent|Independent|Believer		3		Demo	Anasazi	XF96-0026 GCon
4d8b87d0-2291-4367-acf2-0cebe151c3b1	Alien Experimentation	x-files-ccg/07-gen-con/XFilesCcg-07GenCon-AlienExperimentation.jpg	default	Event	07 - Gen Con	07 - Gen Con	playerNDeck	5 CP	Event|Negate|Alien	Negate any one Keyword Event card.			Demo	Duane Barry	XF96-0035 GCon
4dae8c92-c48d-4bdd-8290-e222c7bdb337	Alien Technology	x-files-ccg/07-gen-con/XFilesCcg-07GenCon-AlienTechnology.jpg	default	Event	07 - Gen Con	07 - Gen Con	playerNDeck	2 RP	Event|Resource|Alien|Government	Play after one of your Teams successfully investigates a Site with Alien Investigation or Bureaucracy skill as a prerequisite. Place this card in your Bureau. Discard this card to negate one Alien or Government Adversary.			Demo	Erlenmeyer Flask	XF96-0036 GCon
4b6855c1-19ff-4b65-822a-5cb51a12af16	Arctic Worm	x-files-ccg/07-gen-con/XFilesCcg-07GenCon-ArcticWorm.jpg	default	X-File	07 - Gen Con	07 - Gen Con	playerNXFile					Alien	Demo	Ice	XF96-0019 GCon
493a20a8-0090-48ff-a250-97c25906650f	Arecibo, Puerto Rico	x-files-ccg/07-gen-con/XFilesCcg-07GenCon-AreciboPuertoRico.jpg	default	Site	07 - Gen Con	07 - Gen Con	playerNDeck	1 RP	Site|Multi|Affiliation|Method|Alien Investigation|Computer				Demo	Little Green Men	XF96-0001 GCon
495be590-ef7d-40c5-b10a-feea9ed395a0	Arlington, VA	x-files-ccg/07-gen-con/XFilesCcg-07GenCon-ArlingtonVA.jpg	default	Site	07 - Gen Con	07 - Gen Con	playerNDeck	2 RP	Site|Mono|Affiliation|Occult Investigation				Demo	Calusari	XF96-0002 GCon
49d1344c-cbce-4c7e-956c-860266c92b8d	Browning, MT	x-files-ccg/07-gen-con/XFilesCcg-07GenCon-BrowningMT.jpg	default	Site	07 - Gen Con	07 - Gen Con	playerNDeck	2 RP	Site|Mono|Motive|Occult Investigation				Demo	Shapes	XF96-0003 GCon
4a0f39b2-2526-4890-8b4b-3b47889889a1	Central Prison, Raleigh, NC	x-files-ccg/07-gen-con/XFilesCcg-07GenCon-CentralPrisonRaleighNC.jpg	default	Site	07 - Gen Con	07 - Gen Con	playerNDeck	1 RP	Site|Multi|Motive|Method|Occult Investigation|Criminal Investigation				Demo	Beyond the Sea	XF96-0004 GCon
4a17d418-7d26-483d-92fb-a4bea9862c49	Church Of The Red Museum, Delta Glen, WI	x-files-ccg/07-gen-con/XFilesCcg-07GenCon-ChurchOfTheRedMuseumDeltaGlenWI.jpg	default	Site	07 - Gen Con	07 - Gen Con	playerNDeck	1 RP	Site|Multi|Affiliation|Method|Subterfuge|Medical				Demo	Red Museum	XF96-0005 GCon
4d175c2b-de24-4157-b93a-5cef7862ae02	Colonel Marcus Aurelius Belt	x-files-ccg/07-gen-con/XFilesCcg-07GenCon-ColonelMarcusAureliusBelt.jpg	default	Witness	07 - Gen Con	07 - Gen Con	playerNDeck	2 RP	Witness|Alien|Negate	Negates one Alien Creature.			Demo	Space	XF96-0031 GCon
4db4b99d-6779-4a95-bb9f-64244b860d6a	Computer Access Denied	x-files-ccg/07-gen-con/XFilesCcg-07GenCon-ComputerAccessDenied.jpg	default	Event	07 - Gen Con	07 - Gen Con	playerNDeck	2 CP	Event|Computer	Force an opponent Team to make a Computer 4+ skill check or they will be unable to complete the skill check.			Demo	Ghost in the Machine	XF96-0037 GCon
4dcefc2a-dd0e-4637-9374-669662dae1aa	Crop Circles	x-files-ccg/07-gen-con/XFilesCcg-07GenCon-CropCircles.jpg	default	Event	07 - Gen Con	07 - Gen Con	playerNDeck	1 RP	Event|Alien|Resource	Play after one of your Teams successfully investigates a Site with Alien Investigation skill as a prerequisite. Place this card in your Bureau. Discard this card to add +1 to an Alien Investigation skill check.			Demo	Gender Bender	XF96-0038 GCon
4a1d6ba8-4d08-4540-b376-a82c433c1e56	Cumberland Prison, VA	x-files-ccg/07-gen-con/XFilesCcg-07GenCon-CumberlandPrisonVA.jpg	default	Site	07 - Gen Con	07 - Gen Con	playerNDeck	2 RP	Site|Mono|Affiliation|Subterfuge				Demo	F. Emasculata	XF96-0006 GCon
5012f6dc-da94-4c52-8fcf-78a54ba98107	Darkness Falls	x-files-ccg/07-gen-con/XFilesCcg-07GenCon-DarknessFalls.jpg	default	Adversary	07 - Gen Con	07 - Gen Con	playerNDeck	6 CP	Adversary|Primordial|Creature	Unless a Healing card is played immediately and the card results in 1 point being healed, move the Agent to the Hospital. The Agent must stay in hospital for the next turn.	N/A		Demo	Darkness Falls	XF96-0054 GCon
5019f473-0fda-444b-8e1c-202b0dd811d9	Deadly Blur	x-files-ccg/07-gen-con/XFilesCcg-07GenCon-DeadlyBlur.jpg	default	Adversary	07 - Gen Con	07 - Gen Con	playerNDeck	7 CP	Adversary|Alien|Creature	Any Agent damaged by the Deadly Blur is placed in the hospital for the next two turns regardless of how much Health they have. Each opponent's LRC and CRC is reduced one point. The Deadly Blur may use Subterfuge Combat cards.	6		Demo	Fallen Angel	XF96-0055 GCon
4e4611b8-f047-4821-9dbd-0b10e453284e	Deep Throat	x-files-ccg/07-gen-con/XFilesCcg-07GenCon-DeepThroat.jpg	default	Event	07 - Gen Con	07 - Gen Con	playerNDeck	5 RP	Event|Question	Ask any one Characteristic question regarding one opponent's X‐File. Remove this card from the game. The effects of this card may not be negated.			Demo	Deep Throat	XF96-0039 GCon
4ac3b369-9b9f-4621-91d8-179b4014181a	Detective Thompson	x-files-ccg/07-gen-con/XFilesCcg-07GenCon-DetectiveThompson.jpg	default	Bluff	07 - Gen Con	07 - Gen Con	playerNDeck	3 CP	Bluff|Primordial	Play to change a Site prerequisite to Bureaucracy 3+.			Demo	The Jersey Devil	XF96-0015 GCon
4d1811c7-17a2-4f31-b157-3c8995897d3d	Dr. Daniel Trepkos	x-files-ccg/07-gen-con/XFilesCcg-07GenCon-DrDanielTrepkos.jpg	default	Witness	07 - Gen Con	07 - Gen Con	playerNDeck	2 RP	Witness|Negate|Primordial	Negates one Primordial Creature.			Demo	Firewalker	XF96-0032 GCon
4d3334e6-584d-4cbd-b2f4-2a7b72809d0b	Dr. Laskos	x-files-ccg/07-gen-con/XFilesCcg-07GenCon-DrLaskos.jpg	default	Witness	07 - Gen Con	07 - Gen Con	playerNDeck	2 RP	Witness|Medical	Adds +2 to one Team's Medical skill check.			Demo	Død Kalm	XF96-0033 GCon
4b9cd228-e4e7-4423-a28b-ce8dd8681784	Duane Barry	x-files-ccg/07-gen-con/XFilesCcg-07GenCon-DuaneBarry.jpg	default	X-File	07 - Gen Con	07 - Gen Con	playerNXFile					Government	Demo	Duane Barry	XF96-0020 GCon
4ba31c4b-3357-4c0b-9365-56bac1b7d830	Eugene Victor Tooms	x-files-ccg/07-gen-con/XFilesCcg-07GenCon-EugeneVictorTooms.jpg	default	X-File	07 - Gen Con	07 - Gen Con	playerNXFile					Evolutionary	Demo	Squeeze	XF96-0021 GCon
4baa6ed5-f628-490b-ada4-4aa89de04585	Eve	x-files-ccg/07-gen-con/XFilesCcg-07GenCon-Eve.jpg	default	X-File	07 - Gen Con	07 - Gen Con	playerNXFile					Evolutionary	Demo	Eve	XF96-0022 GCon
4e7a301c-51c6-4220-9af1-918bef5fddfb	Fighter Interceptor	x-files-ccg/07-gen-con/XFilesCcg-07GenCon-FighterInterceptor.jpg	default	Event	07 - Gen Con	07 - Gen Con	playerNDeck	4 RP	Event|Negate	Negates an Alien Adversary.			Demo	E.B.E.	XF96-0040 GCon
4e86665d-33ff-4870-9de7-735260bd8ec8	Frohike	x-files-ccg/07-gen-con/XFilesCcg-07GenCon-Frohike.jpg	default	Event	07 - Gen Con	07 - Gen Con	playerNDeck	4 RP	Event|Negate	This card will negate one Event card played on your Team.			Demo	Blood	XF96-0041 GCon
4a23378a-7e28-4f08-8bb6-a7371435580f	Frozen Submarine, Alaska.	x-files-ccg/07-gen-con/XFilesCcg-07GenCon-FrozenSubmarineAlaska.jpg	default	Site	07 - Gen Con	07 - Gen Con	playerNDeck	1 RP	Site|Multi|Affiliation|Result|Alien Investigation|Evidence Collection				Demo	End Game	XF96-0007 GCon
4f54f2d3-df64-4233-a727-d1c2dbe4da0c	Geiger Counter	x-files-ccg/07-gen-con/XFilesCcg-07GenCon-GeigerCounter.jpg	default	Equipment	07 - Gen Con	07 - Gen Con	playerNDeck	2 RP	Equipment|Electrical|Special	Adds +1 to the Agent's Alien Investigation skill.			Demo	E.B.E.	XF96-0049 GCon
4a5bba75-64fe-41f7-80c8-76446065a1ad	Genetics Clinic, Marin County CA	x-files-ccg/07-gen-con/XFilesCcg-07GenCon-GeneticsClinicMarinCountyCA.jpg	default	Site	07 - Gen Con	07 - Gen Con	playerNDeck	2 RP	Site|Mono|Affiliation|Medical				Demo	Eve	XF96-0008 GCon
4a5d8530-22ae-49a0-8641-7344d938a5c8	Gibsonton, FL	x-files-ccg/07-gen-con/XFilesCcg-07GenCon-GibsontonFL.jpg	default	Site	07 - Gen Con	07 - Gen Con	playerNDeck	2 RP	Site|Mono|Method|Medical				Demo	Humbug	XF96-0009 GCon
4ea65a84-1554-412c-829d-45ee8ce99263	Grid Pattern Search	x-files-ccg/07-gen-con/XFilesCcg-07GenCon-GridPatternSearch.jpg	default	Event	07 - Gen Con	07 - Gen Con	playerNDeck	2 RP	Event|Evidence Collection	Select one card from your Discard Pile and place it in your hand.			Demo	Lazarus	XF96-0042 GCon
4adf7a89-334b-4d0a-94d6-69dcd41e6b38	Henry Trondheim	x-files-ccg/07-gen-con/XFilesCcg-07GenCon-HenryTrondheim.jpg	default	Bluff	07 - Gen Con	07 - Gen Con	playerNDeck	2 CP	Bluff	Force the Team investigating a Site to discard one Equipment card of your choice.			Demo	Død Kalm	XF96-0016 GCon
4f6aacf7-bbc4-4c71-baec-3d00173bff66	High Resolution Camera	x-files-ccg/07-gen-con/XFilesCcg-07GenCon-HighResolutionCamera.jpg	default	Equipment	07 - Gen Con	07 - Gen Con	playerNDeck	2 RP	Equipment|Mechanical|Special	Adds +1 to the Agent's Occult Investigation skill.			Demo	Clyde Bruckman's Final Repose	XF96-0050 GCon
4bf58aba-4d8a-480b-b1bc-b9f7c77ae77b	Jersey Devil	x-files-ccg/07-gen-con/XFilesCcg-07GenCon-JerseyDevil.jpg	default	X-File	07 - Gen Con	07 - Gen Con	playerNXFile					Primordial	Demo	Jersey Devil	XF96-0023 GCon
4a5f4c32-acda-47ee-b4fa-d196ca39640c	Lake Okobogee, Campsite #53, Sioux City, IA	x-files-ccg/07-gen-con/XFilesCcg-07GenCon-LakeOkobogeeCampsite53SiouxCityIA.jpg	default	Site	07 - Gen Con	07 - Gen Con	playerNDeck	2 RP	Site|Mono|Motive|Alien Investigation				Demo	Conduit	XF96-0010 GCon
4b130d56-aa44-46c3-ade1-548ddb442f77	Laser Barrier	x-files-ccg/07-gen-con/XFilesCcg-07GenCon-LaserBarrier.jpg	default	Bluff	07 - Gen Con	07 - Gen Con	playerNDeck	2 CP	Bluff|Phenomena	Play to prevent one Agent assigned to a Site from contributing the Agent's skills to the one skill check (your choice) that the Team makes this turn.			Demo	Fallen Angel	XF96-0017 GCon
4a69915e-6c13-4312-833b-20aa07c90812	Los Angeles, CA	x-files-ccg/07-gen-con/XFilesCcg-07GenCon-LosAngelesCA.jpg	default	Site	07 - Gen Con	07 - Gen Con	playerNDeck	1 RP	Site|Multi|Affiliation|Method|Occult Investigation|Evidence Collection				Demo	3	XF96-0011 GCon
4f890c79-3411-4775-ba08-dafd15989d8f	Nokia 121 Cellular Phone	x-files-ccg/07-gen-con/XFilesCcg-07GenCon-Nokia121CellularPhone.jpg	default	Equipment	07 - Gen Con	07 - Gen Con	playerNDeck	4 RP	Equipment|Special	The Agent may add his skills to a skill check that is occuring in another Section of the table. The Agent's skill is reduced by 1 (i.e., Skill: 3 becomes Skill: 2). LRC and CRC may not be added.			Demo	Blood	XF96-0051 GCon
4a767852-7d80-4fcc-b57e-96ea26736f4a	Oregon Coast	x-files-ccg/07-gen-con/XFilesCcg-07GenCon-OregonCoast.jpg	default	Site	07 - Gen Con	07 - Gen Con	playerNDeck	2 RP	Site|Mono|Affiliation|Alien Investigation				Demo	Pilot	XF96-0012 GCon
4ed4558f-1ba6-4068-bee3-eb7d2a16da10	Paper Shackles	x-files-ccg/07-gen-con/XFilesCcg-07GenCon-PaperShackles.jpg	default	Event	07 - Gen Con	07 - Gen Con	playerNDeck	4 CP	Event|Criminal Investigation	Force an opponent Team to make a Criminal Investigation 5+ skill check or they will be unable to add their skills to a Site skill check this turn.			Demo	Conduit	XF96-0043 GCon
504b26ad-9ac6-4d40-8de5-65ea6f9982a5	Poltergeist Attack	x-files-ccg/07-gen-con/XFilesCcg-07GenCon-PoltergeistAttack.jpg	default	Adversary	07 - Gen Con	07 - Gen Con	playerNDeck	3 CP	Adversary|Occult|Creature|Phenomena	The Poltergeist is unaffected by Combat attacks. It will attack for only one Long Range and one Close Range Combat round and then leave.	2		Demo	Shadows	XF96-0056 GCon
5088aae1-7e3a-4724-966a-85f1f61b8b07	Pvt. McAlpin, Zombie	x-files-ccg/07-gen-con/XFilesCcg-07GenCon-PvtMcAlpinZombie.jpg	default	Adversary	07 - Gen Con	07 - Gen Con	playerNDeck	6 CP	Adversary|Occult|Creature|Pawn	Long Range Combat attacks cause only half damage (round up) to the Zombie.	6		Demo	Fresh Bones	XF96-0057 GCon
4a86839d-dabf-4975-a771-72e42840c47b	Scully's Dream, Georgetown, MD	x-files-ccg/07-gen-con/XFilesCcg-07GenCon-ScullysDreamGeorgetownMD.jpg	default	Site	07 - Gen Con	07 - Gen Con	playerNDeck	2 RP	Site|Mono|Method|Medical				Demo	One Breath	XF96-0013 GCon
4b4edf69-fada-42fc-8b74-cba948a0981d	Sleep Deprivation	x-files-ccg/07-gen-con/XFilesCcg-07GenCon-SleepDeprivation.jpg	default	Bluff	07 - Gen Con	07 - Gen Con	playerNDeck	2 CP	Bluff|Phenomena	Decrease all of the skill levels on one Agent (your choice) by one for this turn only.			Demo	E.B.E.	XF96-0018 GCon
50b946c6-4609-4074-8d21-ab3d6e76bd02	Slithers In The Night	x-files-ccg/07-gen-con/XFilesCcg-07GenCon-SlithersInTheNight.jpg	default	Adversary	07 - Gen Con	07 - Gen Con	playerNDeck	4 CP	Adversary|Occult|Creature|Pawn	Pick one Agent in the Team. That Agent is placed 10 cards down, face up, in the owning player's Bureau Deck. Any equipment the Agent had is discarded. When the Agent's card reaches the top of the deck, the Agent is immediately moved to the Hospital (undamaged). This card does not initiate Combat.	6		Demo	Die Hand Die Verletzt	XF96-0058 GCon
4ccc5593-f0da-4d52-8f6f-a73f5cbf863c	Special Agent Karen Kossoff, Counselor	x-files-ccg/07-gen-con/XFilesCcg-07GenCon-SpecialAgentKarenKossoffCounselor.jpg	default	Agent	07 - Gen Con	07 - Gen Con	playerNStarting	3 RP	Agent|FBI|Believer		3		Demo	Calusari	XF96-0030 GCon
4ee525fe-c73d-4b4a-8921-35963dcbf679	Street Contacts	x-files-ccg/07-gen-con/XFilesCcg-07GenCon-StreetContacts.jpg	default	Event	07 - Gen Con	07 - Gen Con	playerNDeck	1 RP	Event|Criminal Investigation	Search through your Bureau Deck and place any one Witness card in your hand. Show the Witness to your opponents. Shuffle the Bureau Deck.			Demo	One Breath	XF96-0044 GCon
50b9a284-cb67-4cdc-9b05-268c10573322	Suppressed Fury	x-files-ccg/07-gen-con/XFilesCcg-07GenCon-SuppressedFury.jpg	default	Adversary	07 - Gen Con	07 - Gen Con	playerNDeck	5 CP	Adversary|Primordial|Creature	Regardless of how much damage is done to this creature in the Long Range Combat round, it will attack in the Close Range Combat round. If its Health has been exceeded it is removed at the end of the Close Combat round.	9		Demo	Beyond the Sea	XF96-0059 GCon
4d781b02-b099-4ae7-a79b-0dfcb1f0688c	The Calusari	x-files-ccg/07-gen-con/XFilesCcg-07GenCon-TheCalusari.jpg	default	Witness	07 - Gen Con	07 - Gen Con	playerNDeck	2 RP	Witness|Negate|Occult	Negates one Occult Creature.			Demo	The Calusari	XF96-0034 GCon
4c4af8fc-b016-46b5-8802-4e2945fd5bb2	The Cigarette-Smoking Man	x-files-ccg/07-gen-con/XFilesCcg-07GenCon-TheCigaretteSmokingMan.jpg	default	X-File	07 - Gen Con	07 - Gen Con	playerNXFile					Government	Demo	Anasazi	XF96-0024 GCon
4c6bb3d5-e596-4b62-8edd-b3c57b85da9e	The Manitou	x-files-ccg/07-gen-con/XFilesCcg-07GenCon-TheManitou.jpg	default	X-File	07 - Gen Con	07 - Gen Con	playerNXFile					Occult	Demo	Shapes	XF96-0025 GCon
50d461c1-88ee-4c06-92e0-45174b33b51c	The Mechanic	x-files-ccg/07-gen-con/XFilesCcg-07GenCon-TheMechanic.jpg	default	Adversary	07 - Gen Con	07 - Gen Con	playerNDeck	7 CP	Adversary|Government|Pawn|Creature	The Mechanic may use Martial Arts and Subterfuge Combat cards.	5		Demo	Erlenmeyer Flask	XF96-0060 GCon
4ef66235-cb5c-4632-9751-1a08e4237940	The Smoking Man Strikes!	x-files-ccg/07-gen-con/XFilesCcg-07GenCon-TheSmokingManStrikes.jpg	default	Event	07 - Gen Con	07 - Gen Con	playerNDeck	5 CP	Event	Change any Keyword to any other Keyword on a card played by your opponent. This effect lasts until the end of the turn.			Demo	Anasazi	XF96-0045 GCon
4f0a3f84-3b51-44ee-a14b-0496ed0121aa	Travel Arrangements	x-files-ccg/07-gen-con/XFilesCcg-07GenCon-TravelArrangements.jpg	default	Event	07 - Gen Con	07 - Gen Con	playerNDeck	2 RP	Event|Move	You may move one of your Agents to any Section immediately. This card may not be played once an Adversary has forced combat until after the combat is resolved. The Agent may join any Team that occupies the new Section.			Demo	Deep Throat	XF96-0046 GCon
4f28f432-83f0-4090-a919-3268c1313a6b	True Grit	x-files-ccg/07-gen-con/XFilesCcg-07GenCon-TrueGrit.jpg	default	Event	07 - Gen Con	07 - Gen Con	playerNDeck	1 RP	Event|Behavioral	Play when an Agent is forced to go to the Hospital. He must still go to the Hospital by the end of this turn but he may add his skills to one skill check before going.			Demo	Fallen Angel	XF96-0047 GCon
4aa3e691-5c67-48f0-b1e7-cb2e2f6a15ec	U.F.O. Wreckage, Townsend, WI	x-files-ccg/07-gen-con/XFilesCcg-07GenCon-UFOWreckageTownsendWI.jpg	default	Site	07 - Gen Con	07 - Gen Con	playerNDeck	1 RP	Site|Multi|Motive|Result|Alien Investigation|Bureaucracy				Demo	Fallen Angel	XF96-0014 GCon
4f9a1782-3914-434a-a0b6-ee1cdb95d563	Wire-Tap	x-files-ccg/07-gen-con/XFilesCcg-07GenCon-WireTap.jpg	default	Equipment	07 - Gen Con	07 - Gen Con	playerNDeck	2 RP	Equipment|Electrical|Special	Adds +1 to the Agent's Subterfuge skill.			Demo	Little Green Men	XF96-0052 GCon
4f435d16-e362-4666-9c24-8615a5183e0c	X	x-files-ccg/07-gen-con/XFilesCcg-07GenCon-X.jpg	default	Event	07 - Gen Con	07 - Gen Con	playerNDeck	3 RP	Event|Negate	Negate any one Keyword Adversary card.			Demo	Sleepless	XF96-0048 GCon
003beb86-a920-4c63-bd90-0dec778cadae	2Shy	x-files-ccg/03-101361/XFilesCcg-03101361-2Shy.jpg	default	Adversary	03 - 101361	03 - 101361	playerNDeck	4 CP	Adversary|Evolutionary|Creature	This card may be played in its normal way or on any Team that includes at least one female Agent, ignoring Activator requirements.	4		Common	2Shy	XF97-0385x1
088a5d0e-d00a-4d8a-bade-251102fa70c6	A Near Death Experience	x-files-ccg/03-101361/XFilesCcg-03101361-ANearDeathExperience.jpg	default	Event	03 - 101361	03 - 101361	playerNDeck	4 RP	Event|Occult|Resource	Play when Agent Fox Mulder is in combat. Assign all damage to Mulder first. After the combat, move Mulder to the Hospital with HEALTH zero. When Mulder leaves that Hospital, permanently add the following: +1 OCCULT INVESTIGATION, +1 ALIEN INVESTIGATION, +1 SCIENCES, +1 LONG RANGE COMBAT. Once per game you may ask an X-Files' identity without incurring a penalty question. Only one of this card may be in play.			Ultra-Rare	The Blessing Way	XF97-0451x1
0159940f-047f-48cf-b0af-58f51d9002fa	Agent Bill Patterson	x-files-ccg/03-101361/XFilesCcg-03101361-AgentBillPatterson.jpg	default	Agent	03 - 101361	03 - 101361	playerNStarting	6 RP	Agent|FBI|Law|Neutral|Believer		5		Rare	Grotesque	XF97-0396x1
0c327906-f625-4b0b-914a-73703f081627	Agent Dan Kazanjian	x-files-ccg/03-101361/XFilesCcg-03101361-AgentDanKazanjian.jpg	default	Witness	03 - 101361	03 - 101361	playerNDeck	3 RP	Witness|Computer	Adds 3 to one Team's COMPUTER skill check.			Rare	2Shy	XF97-0477x1
017f0cf6-ba1f-4fe3-81c9-53f51213e0e1	Agent Danny Pendrell	x-files-ccg/03-101361/XFilesCcg-03101361-AgentDannyPendrell.jpg	default	Agent	03 - 101361	03 - 101361	playerNStarting	6 RP	Agent|FBI|Law|Believer		4		Rare	731	XF97-0397x1
01bc8621-7b2d-43dc-8acf-71ba4f079524	Agent Fred Nemhauser	x-files-ccg/03-101361/XFilesCcg-03101361-AgentFredNemhauser.jpg	default	Agent	03 - 101361	03 - 101361	playerNStarting	2 RP	Agent|FBI|Law		4		Common	Grotesque	XF97-0398x1
01cda8d3-0759-4fa4-81dc-4a9d1976b028	Agent Kreski	x-files-ccg/03-101361/XFilesCcg-03101361-AgentKreski.jpg	default	Agent	03 - 101361	03 - 101361	playerNStarting	1 RP	Agent|FBI|Law		4		Common	Oubliette	XF97-0399x1
04496f9f-c4b0-4dd1-843a-1b277b6bd566	Alien Autopsy Video	x-files-ccg/03-101361/XFilesCcg-03101361-AlienAutopsyVideo.jpg	default	Equipment	03 - 101361	03 - 101361	playerNDeck	4 RP	Equipment|Government|Electrical	Discard this card to add three to the Agent's ALIEN INVESTIGATION skill.			Uncommon	Nisei	XF97-0424x1
06a5e8f6-ecc2-4918-b413-9c1c7f60d760	Alien Stiletto	x-files-ccg/03-101361/XFilesCcg-03101361-AlienStiletto.jpg	default	Equipment	03 - 101361	03 - 101361	playerNDeck	5 RP	Alien|Artifact|Equipment	Attach this Equipment to any Agent in the Field. Any ALIEN Adversary damaged by this weapon in CLOSE RANGE COMBAT is discarded prior to dealing damage in the Combat Round. The Alien Stiletto may be voluntarily discarded in the controlling player's Briefing Phase. Add 10 to your [RP] Pool and remove the Alien Stiletto from the game.			Ultra-Rare	Talitha Cumi	XF97-0441x1
076e609d-ff44-4496-b8fb-b780df47679c	Amaru Urn	x-files-ccg/03-101361/XFilesCcg-03101361-AmaruUrn.jpg	default	Event	03 - 101361	03 - 101361	playerNDeck	3 CP	Occult|Artifact|Event	Place in an opponent's Field. An OCCULT Adversary may now be played as a Bluff (it is treated as a Bluff for all purposes). When revealed the Adversary may ignore Site Activator restrictions. Discard when a Keyword OCCULT INVESTIGATION Site is directed at you and investigated successfully.			Rare	Teso dos Bichos	XF97-0445x1
045d4810-6287-40f1-bd75-559bbf837762	Ambulance	x-files-ccg/03-101361/XFilesCcg-03101361-Ambulance.jpg	default	Equipment	03 - 101361	03 - 101361	playerNDeck	4 RP	Equipment|Mechanical|Standard	Discard this card to add three to the Agent's MEDICAL skill.			Uncommon	Apocrypha	XF97-0425x1
022d357d-2908-4eae-afc3-11592c945a1d	Angry Townspeople	x-files-ccg/03-101361/XFilesCcg-03101361-AngryTownspeople.jpg	default	Bluff	03 - 101361	03 - 101361	playerNDeck	2 CP	Bluff	Play this card to increase the cost of all [RP] cards played at this Site by 1.			Common	Syzygy	XF97-0403x1
079058d2-dfe3-4894-9d55-acd64b5f6e03	Avatar	x-files-ccg/03-101361/XFilesCcg-03101361-Avatar.jpg	default	Event	03 - 101361	03 - 101361	playerNDeck	3 RP	Event|Phenomena	Play this card when Assistant Director Skinner would be forced to go to the Hospital. Skinner may stay where he is with full HEALTH. Any unwanted game effect tokens are removed.			Rare	Avatar	XF97-0446x1
026c8e64-44f8-4344-afc1-275058283e66	Big Blue	x-files-ccg/03-101361/XFilesCcg-03101361-BigBlue.jpg	default	Bluff	03 - 101361	03 - 101361	playerNDeck	3 CP	Bluff	Play this card to add X [CP] to your [CP] pool. X = the number of [RP] spent at this Site by the Investigating Player.			Common	Quagmire	XF97-0404x1
0b0b62fb-a030-4785-a051-2db0202a50a5	Braddock Heights, Maryland	x-files-ccg/03-101361/XFilesCcg-03101361-BraddockHeightsMaryland.jpg	default	Site	03 - 101361	03 - 101361	playerNDeck	2 RP	Site|Mono|Motive|Bureaucracy				Common	Wetwired	XF97-0468x1
0796c84f-5d47-4526-bb6f-420e0c590eec	Captive Hybrid	x-files-ccg/03-101361/XFilesCcg-03101361-CaptiveHybrid.jpg	default	Event	03 - 101361	03 - 101361	playerNDeck	6 CP	Government|Artifact|Event|Resource	Place this card in one of your opponents Fields. Your opponent must subtract 2 from the [RP] he generates each turn while this card is in his Field. Your opponent may pay 7 [RP] to force you to discard this card.			Common	731	XF97-0447x1
0c39f47d-bad1-4da8-af3b-ef1360a5a93a	Carina Maywald	x-files-ccg/03-101361/XFilesCcg-03101361-CarinaMaywald.jpg	default	Witness	03 - 101361	03 - 101361	playerNDeck	3 RP	Witness|Behavioral	Adds 3 to one Team's BEHAVIORAL skill check.			Rare	Revelations	XF97-0478x1
0969bc2b-0cf5-496b-8c4d-22b427ad5eb5	Ceremony	x-files-ccg/03-101361/XFilesCcg-03101361-Ceremony.jpg	default	Event	03 - 101361	03 - 101361	playerNDeck	5 RP	Occult|Artifact|Event|Resource|Healing|Believer	Play this card in the Field and place 2 tokens on it. Any BELIEVER Agent forced to go to the Hospital may be placed under this card instead. During the Healing phase, the owning player may remove a token to heal all damage done to the Agent.			Rare	The Blessing Way	XF97-0456x1
02765c94-b5c6-4759-a39b-3c62c73228d7	Cerulean Blue	x-files-ccg/03-101361/XFilesCcg-03101361-CeruleanBlue.jpg	default	Bluff	03 - 101361	03 - 101361	playerNDeck	4 CP	Bluff	Play this card to force your opponent to discard four cards from the top of his Bureau Deck.			Rare	Pusher	XF97-0406x1
0b1e5b8c-2ac7-4d49-8a3f-3d68857bddac	Chinatown, San Francisco, CA	x-files-ccg/03-101361/XFilesCcg-03101361-ChinatownSanFranciscoCA.jpg	default	Site	03 - 101361	03 - 101361	playerNDeck	2 RP	Site|Mono|Result|Medical				Uncommon	Hell Money	XF97-0469x1
07f2b778-9fdb-4afd-b0cf-2296cded8bfa	Circuit Board Implant	x-files-ccg/03-101361/XFilesCcg-03101361-CircuitBoardImplant.jpg	default	Event	03 - 101361	03 - 101361	playerNDeck	6 CP	Government|Artifact|Equipment	Attach this card to any Agent. As long as this card is in play, the controller of the attached Agent must play will all of the [RP] cost cards in his hand face up on the table. Place four counters on this card when it comes into play. Remove one counter each of the attached Agents' Briefing Phases. When the last counter is removed, discard this card.			Rare	Nisei	XF97-0448x1
06cc80dd-5b22-4666-a6b2-e00d5cddc27d	Classified Ad	x-files-ccg/03-101361/XFilesCcg-03101361-ClassifiedAd.jpg	default	Equipment	03 - 101361	03 - 101361	playerNDeck	4 RP	Equipment|Standard	Adds two to the Agent's BEHAVIORAL skill.			Uncommon	Pusher	XF97-0443x1
049f936f-fcac-4d2d-824f-2f9769f48eec	Classified Photos	x-files-ccg/03-101361/XFilesCcg-03101361-ClassifiedPhotos.jpg	default	Equipment	03 - 101361	03 - 101361	playerNDeck	4 RP	Equipment|Government|Special	Discard this card to add three to the Agent's CRIMINAL INVESTIGATION skill.			Uncommon	Paper Clip	XF97-0427x1
02030443-201d-489d-bf79-2a83447ee6d9	Clyde Bruckman	x-files-ccg/03-101361/XFilesCcg-03101361-ClydeBruckman.jpg	default	Agent	03 - 101361	03 - 101361	playerNStarting	5 RP	Agent|Independent|Believer		3		Rare	Clyde Bruckman's Final Repose	XF97-0400x1
0c5bf676-0d96-4b7d-b556-f9c6ed21b037	Coast Guard Lieutenant	x-files-ccg/03-101361/XFilesCcg-03101361-CoastGuardLieutenant.jpg	default	Witness	03 - 101361	03 - 101361	playerNDeck	2 RP	Witness|Alien Investigation|Criminal Investigation	Adds 1 to one Team's ALIEN INVESTIGATION or CRIMINAL INVESTIGATION skill check.			Common	Nisei	XF97-0479x1
009a6371-947c-43c0-ac56-f691851e8c75	Darin Peter Oswald	x-files-ccg/03-101361/XFilesCcg-03101361-DarinPeterOswald.jpg	default	Adversary	03 - 101361	03 - 101361	playerNDeck	8 CP	Adversary|Evolutionary|Creature	All Agents in a Team attacked by this Adversary must discard all attached Keyword ELECTRICAL Equipment immediately. The LONG RANGE COMBAT attack of this Adversary may be split between two opponents.	5		Rare	D.P.O.	XF97-0386x1
0294591a-611f-4520-89d7-c011fb8d5b3b	Darkened Forest	x-files-ccg/03-101361/XFilesCcg-03101361-DarkenedForest.jpg	default	Bluff	03 - 101361	03 - 101361	playerNDeck	X CP	Bluff	Pay the listed [CP] cost where X = the number of [CP] paid to gain the desired modifier to one of the following skills: CLOSE RANGE COMBAT, LONG RANGE COMBAT. (1) = -1, (3) = -2, (5) = -3, (9) = -4.			Common	Quagmire	XF97-0407x1
02c2c790-40f3-422d-af2b-bbb7bc7a489f	Deceiving The Flock	x-files-ccg/03-101361/XFilesCcg-03101361-DeceivingTheFlock.jpg	default	Bluff	03 - 101361	03 - 101361	playerNDeck	1 CP	Bluff	Force an opponent to discard one card from their hand at random.			Common	Revelations	XF97-0409x1
04effa16-beb7-44b4-b176-e5ed0feae200	Decomposing Victim	x-files-ccg/03-101361/XFilesCcg-03101361-DecomposingVictim.jpg	default	Equipment	03 - 101361	03 - 101361	playerNDeck	4 RP	Equipment|Standard	Discard this card to add three to the Agent's SCIENCES skill.			Uncommon	Quagmire	XF97-0431x1
04a168c0-7e87-4e05-9efe-1b30eafa1470	Dental X-Ray Plate	x-files-ccg/03-101361/XFilesCcg-03101361-DentalXRayPlate.jpg	default	Equipment	03 - 101361	03 - 101361	playerNDeck	4 RP	Equipment|Special	Discard this card to add three to the Agent's OCCULT INVESTIGATION skill.			Uncommon	The Walk	XF97-0428x1
04b26364-2bc9-4651-947d-41c4227d23e9	Desktop Computer	x-files-ccg/03-101361/XFilesCcg-03101361-DesktopComputer.jpg	default	Equipment	03 - 101361	03 - 101361	playerNDeck	4 RP	Equipment|Electrical	Discard this card to add three to the Agent's COMPUTER skill.			Uncommon	War of the Coprophages	XF97-0429x1
0c7dc56b-1d9d-47f5-a97c-0e03659d10d4	Detective Alan Cross	x-files-ccg/03-101361/XFilesCcg-03101361-DetectiveAlanCross.jpg	default	Witness	03 - 101361	03 - 101361	playerNDeck	3 RP	Witness|Evidence Collection|Subterfuge	Adds 2 to one Team's EVIDENCE COLLECTION or adds 1 to one Team's SUBTERFUGE skill check.			Uncommon	2Shy	XF97-0480x1
020af9df-8b87-43d8-bd50-f3f93b136b7a	Detective Angela White	x-files-ccg/03-101361/XFilesCcg-03101361-DetectiveAngelaWhite.jpg	default	Agent	03 - 101361	03 - 101361	playerNStarting	3 RP	Agent|Law|Independent|Believer		4		Common	Syzygy	XF97-0401x1
0c87cc2e-6119-4096-a346-d5d52028d502	Detective Cline	x-files-ccg/03-101361/XFilesCcg-03101361-DetectiveCline.jpg	default	Witness	03 - 101361	03 - 101361	playerNDeck	2 RP	Witness|Evidence Collection|Observation	Adds 1 to one Team's EVIDENCE COLLECTION or OBSERVATION skill check. While this card is in play, the Witness card "The Stupendous Yappi" may be played for free.			Common	Clyde Bruckman's Final Repose	XF97-0481x1
0ccd2b64-6359-486c-b129-36af4be4563b	Detective Havez	x-files-ccg/03-101361/XFilesCcg-03101361-DetectiveHavez.jpg	default	Witness	03 - 101361	03 - 101361	playerNDeck	2 RP	Witness|Bureaucracy|Evidence Collection	Adds 1 to one Team's BUREAUCRACY or EVIDENCE COLLECTION skill check. May be played for Cost minus 1 RP if Witness "Detective Cline" is in play.			Common	Clyde Bruckman's Final Repose	XF97-0482x1
020e1280-9305-42b3-b935-8eca907c8a47	Detective Manners	x-files-ccg/03-101361/XFilesCcg-03101361-DetectiveManners.jpg	default	Agent	03 - 101361	03 - 101361	playerNStarting	2 RP	Agent|Law|Independent		3		Common	Jose Chung's "From Outer Space"	XF97-0402x1
0cdd0e60-fea3-42b6-8b08-eed8e4704f46	Detective Walter Eubanks	x-files-ccg/03-101361/XFilesCcg-03101361-DetectiveWalterEubanks.jpg	default	Witness	03 - 101361	03 - 101361	playerNDeck	3 RP	Witness|Observation	Adds 3 to one Team's OBSERVATION skill check.			Rare	Oubliette	XF97-0483x1
08319a61-d598-4dfa-877b-e1ac33b1c615	Disbelief	x-files-ccg/03-101361/XFilesCcg-03101361-Disbelief.jpg	default	Event	03 - 101361	03 - 101361	playerNDeck	1 CP	Event	Play this card on any Agent with the keyword SKEPTIC to prevent that Agent from contributing their skills at any keyword OCCULT INVESTIGATION or ALIEN INVESTIGATION Site.			Common	War of the Coprophages	XF97-0449x1
02b0b729-4e9a-4fa3-9df1-8f60a2a90775	Dissolving Evidence	x-files-ccg/03-101361/XFilesCcg-03101361-DissolvingEvidence.jpg	default	Bluff	03 - 101361	03 - 101361	playerNDeck	1 CP	Bluff	Play this card to force your opponent to discard the top card of his Bureau Deck.			Common	2Shy	XF97-0408x1
0ce1b39c-619b-43df-a31f-0c0f6ccf69a0	Dr. Alexander Ivanov	x-files-ccg/03-101361/XFilesCcg-03101361-DrAlexanderIvanov.jpg	default	Witness	03 - 101361	03 - 101361	playerNDeck	3 RP	Witness|Sciences	Adds 3 to one Team's SCIENCES skill check.			Rare	War of the Coprophages	XF97-0484x1
0ce9ea50-11bf-4d2b-a2af-4e19960bea3d	Dr. Bambi Berenbaum	x-files-ccg/03-101361/XFilesCcg-03101361-DrBambiBerenbaum.jpg	default	Witness	03 - 101361	03 - 101361	playerNDeck	3 RP	Witness|Behavioral|Sciences	Adds 2 to one Team's SCIENCES or add 1 to one Team's BEHAVIORAL skill check.			Uncommon	War of the Coprophages	XF97-0485x1
0cecbc7c-ac5a-4762-a9d5-99871bf11945	Dr. Bugger	x-files-ccg/03-101361/XFilesCcg-03101361-DrBugger.jpg	default	Witness	03 - 101361	03 - 101361	playerNDeck	3 RP	Witness|Medical|Sciences	Adds 2 to one Team's SCIENCES or adds 1 to one Team's MEDICAL skill check.			Uncommon	War of the Coprophages	XF97-0486x1
0d1ba929-46ea-425b-adf6-de0e72924a0e	Dr. Jeff Eckerle	x-files-ccg/03-101361/XFilesCcg-03101361-DrJeffEckerle.jpg	default	Witness	03 - 101361	03 - 101361	playerNDeck	3 RP	Witness|Computer|Sciences	Adds 2 to one Team's COMPUTER or 1 to one Team's SCIENCES skill check.			Uncommon	War of the Coprophages	XF97-0487x1
0d1dea00-a001-48a2-891a-fc942e1bfa02	Dr. Rick Newton	x-files-ccg/03-101361/XFilesCcg-03101361-DrRickNewton.jpg	default	Witness	03 - 101361	03 - 101361	playerNDeck	2 RP	Witness|Evidence Collection|Medical	Adds 1 to one Team's MEDICAL or EVIDENCE COLLECTION skill check.			Common	War of the Coprophages	XF97-0488x1
04d69a4a-f4c7-4ab9-98bb-2bbf314bf55a	Dried Frog	x-files-ccg/03-101361/XFilesCcg-03101361-DriedFrog.jpg	default	Equipment	03 - 101361	03 - 101361	playerNDeck	2 RP	Equipment|Occult|Healing	Adds one to the Agent's HEALTH.			Common	Hell Money	XF97-0430x1
086acee6-da14-42f5-8135-cf4b48192ce9	Eliminating The Source	x-files-ccg/03-101361/XFilesCcg-03101361-EliminatingTheSource.jpg	default	Event	03 - 101361	03 - 101361	playerNDeck	4 CP	Event|Resource	Place in an Opponent's Field with two tokens on the card. Remove a token in this opponent's Debriefing Phase. While in play, opponent may only investigate Keyword CRIMINAL INVESTIGATION or EVIDENCE COLLECTION Sites. Discard this card when the last token is removed.			Rare	Wetwired	XF97-0450x1
0d243161-d909-44d6-b11b-52c9332ae74a	Ellen Kaminski	x-files-ccg/03-101361/XFilesCcg-03101361-EllenKaminski.jpg	default	Witness	03 - 101361	03 - 101361	playerNDeck	3 RP	Witness|Computer|Subterfuge	Adds 2 to one Team's COMPUTER or adds 1 to one Team's SUBTERFUGE skill check.			Uncommon	2Shy	XF97-0489x1
0d7b2152-cf79-494f-9d4d-1c53e7d95643	Eric Hosteen	x-files-ccg/03-101361/XFilesCcg-03101361-EricHosteen.jpg	default	Witness	03 - 101361	03 - 101361	playerNDeck	3 RP	Witness|Alien Investigation|Observation	Adds 2 to one Team's OBSERVATION or adds 1 to one Team's ALIEN INVESTIGATION skill check.			Uncommon	The Blessing Way	XF97-0490x1
0d7e781e-426a-4996-9fda-2af47c828f95	Escalante	x-files-ccg/03-101361/XFilesCcg-03101361-Escalante.jpg	default	Witness	03 - 101361	03 - 101361	playerNDeck	2 RP	Witness|Alien Investigation|Medical	Adds 1 to one Team's ALIEN INVESTIGATION or MEDICAL skill check.			Common	731	XF97-0491x1
02cc9a71-ffde-4ddf-acd7-370983087621	Festival Of The Hungry Ghosts	x-files-ccg/03-101361/XFilesCcg-03101361-FestivalOfTheHungryGhosts.jpg	default	Bluff	03 - 101361	03 - 101361	playerNDeck	4 CP	Bluff	Once this card is played, the Investigating Player may not play any Events while investigating this Site except for Events which would specifically negate this card.			Rare	Hell Money	XF97-0410x1
033c371d-746e-4a4a-8ed0-0622699ed16b	Final Repose	x-files-ccg/03-101361/XFilesCcg-03101361-FinalRepose.jpg	default	Bluff	03 - 101361	03 - 101361	playerNDeck	2 CP	Bluff	Play this card to choose any three cards from you opponents' discard pile and place them in any order on top of his Bureau Deck.			Common	Clyde Bruckman's Final Repose	XF97-0415x1
02d571c2-46c7-4bfb-aec3-1f845f476fc9	Flesh Sculpting	x-files-ccg/03-101361/XFilesCcg-03101361-FleshSculpting.jpg	default	Bluff	03 - 101361	03 - 101361	playerNDeck	4 CP	Bluff	Play this card to double the [RP] cost of any Keyword ACTIVE card played at this Site.			Rare	Grotesque	XF97-0411x1
0701619b-117e-42f8-8a88-afe15e6d4201	Foo Fighter	x-files-ccg/03-101361/XFilesCcg-03101361-FooFighter.jpg	default	Event	03 - 101361	03 - 101361	playerNDeck	6 CP	Artifact|Event|Resource	While in play, you may take a second Conspiracy discard after your first (in the Briefing Phase). Discard when an opponent successfully investigates a site (directed at you) using ALIEN INVESTIGATION Skill.			Rare	Apocrypha	XF97-0444x1
0501b4a5-f8e6-4560-89b4-b23401fba43f	Garrote	x-files-ccg/03-101361/XFilesCcg-03101361-Garrote.jpg	default	Equipment	03 - 101361	03 - 101361	playerNDeck	4 RP	Equipment|Electrical	Discard this card to add three to the Agent's CLOSE RANGE COMBAT skill.			Uncommon	731	XF97-0432x1
0d94f438-6e98-4653-9531-598d12a30de3	General Thomas Callahan	x-files-ccg/03-101361/XFilesCcg-03101361-GeneralThomasCallahan.jpg	default	Witness	03 - 101361	03 - 101361	playerNDeck	4 RP	Witness|Behavioral|Bureaucracy	Adds 3 to one Team's BUREAUCRACY or adds 2 to one Team's BEHAVIORAL skill check.			Rare	The Walk	XF97-0492x1
032d360d-a508-45aa-bf8e-429daad1e935	Heads Up	x-files-ccg/03-101361/XFilesCcg-03101361-HeadsUp.jpg	default	Bluff	03 - 101361	03 - 101361	playerNDeck	2 CP	Bluff	Play this card to force your opponent to discard two cards from the top of his Bureau Deck.			Common	The List	XF97-0413x1
05232fde-1fd4-4ee0-a622-1d031e82470b	Helicopter Spotter	x-files-ccg/03-101361/XFilesCcg-03101361-HelicopterSpotter.jpg	default	Equipment	03 - 101361	03 - 101361	playerNDeck	4 RP	Equipment|Mechanical|Standard	Discard this card to add three to the Agent's OBSERVATION skill.			Uncommon	The Blessing Way	XF97-0433x1
08f6ff40-f0c6-4a1c-9bd3-c3c1e0a938c2	Hell Money	x-files-ccg/03-101361/XFilesCcg-03101361-HellMoney.jpg	default	Event	03 - 101361	03 - 101361	playerNDeck	4 *P	Event|Negate	Negate any Keyword PHENOMENA card.			Rare	Hell Money	XF97-0452x1
0b2b6169-f303-459d-89ad-9c65d9e91f5c	Jerusalem, Ohio	x-files-ccg/03-101361/XFilesCcg-03101361-JerusalemOhio.jpg	default	Site	03 - 101361	03 - 101361	playerNDeck	2 RP	Site|Mono|Method|Occult Investigation				Uncommon	Revelations	XF97-0470x1
0da28ea8-30b5-43e5-bc92-96602a0ca76c	Jim Ullrich	x-files-ccg/03-101361/XFilesCcg-03101361-JimUllrich.jpg	default	Witness	03 - 101361	03 - 101361	playerNDeck	2 RP	Witness|Behavioral|Medical	Adds 1 to one Team's BEHAVIORAL or MEDICAL skill check.			Common	The List	XF97-0493x1
009f6476-46d1-480e-ba31-1eebe1988309	John Mostow	x-files-ccg/03-101361/XFilesCcg-03101361-JohnMostow.jpg	default	Adversary	03 - 101361	03 - 101361	playerNDeck	4 CP	Adversary|Primordial|Creature|Pawn	This Card is free if played on a Keyword INSANITY card and Activator requirements are ignored.	4		Common	Grotesque	XF97-0387x1
08f97867-ff91-48e9-84c1-4a31d2db2fdc	Jose Chung's "From Outer Space"	x-files-ccg/03-101361/XFilesCcg-03101361-JoseChungsFromOuterSpace.jpg	default	Event	03 - 101361	03 - 101361	playerNDeck	4 CP	Government|Artifact|Event|Resource|Bluff	Place in an Opponent's Field. Every turn, name one X-File Characteristic (AFFILIATION, METHOD, MOTIVE, or RESULT) during this opponent's Briefing Phase. This Opponent may not ask you this Characteristic question this turn. You may not choose the same characteristic in two consecutive turns. Cards that cause bluffs to be discarded affect this card.			Rare	Jose Chung's "From Outer Space"	XF97-0453x1
012d1547-27df-47ac-afae-02d4390fc8f9	Joseph Patnik	x-files-ccg/03-101361/XFilesCcg-03101361-JosephPatnik.jpg	default	Adversary	03 - 101361	03 - 101361	playerNDeck	4 CP	Adversary|Government|Phenomena	Subtract one from all damage sources applied to this Adversary. The Long Range Combat Round is skipped.	4		Uncommon	Wetwired	XF97-0395x1
09095d9f-6d98-4379-9fd0-89945610eaa8	Krycek Possessed	x-files-ccg/03-101361/XFilesCcg-03101361-KrycekPossessed.jpg	default	Event	03 - 101361	03 - 101361	playerNDeck	4 RP	Event|Resource	Play on Agent Krycek when his team fails to successfully investigate a Keyword ALIEN INVESTIGATION Site (discard the Site). Place two tokens on this card. Remove a token to emit a blast of energy that causes 6 points of damage to all opponents during the Long Range Combat Round. Apply the following permanent modifiers: +1 ALIEN INVESTIGATION, +2 SUBTERFUGE, and +1 HEALTH.			Ultra-Rare	Piper Maru	XF97-0454x1
052af07b-10c9-4a69-ac49-45bf3fe772e3	Laser Targeter	x-files-ccg/03-101361/XFilesCcg-03101361-LaserTargeter.jpg	default	Equipment	03 - 101361	03 - 101361	playerNDeck	4 RP	Equipment|Government|Electrical	Discard this card to add three to the Agent's LONG RANGE COMBAT skill.			Uncommon	731	XF97-0434x1
0da9493c-a2db-45b2-a850-d82205ebc467	Lottie Holoway	x-files-ccg/03-101361/XFilesCcg-03101361-LottieHoloway.jpg	default	Witness	03 - 101361	03 - 101361	playerNDeck	3 RP	Witness|Alien Investigation	Adds 3 to one Team's ALIEN INVESTIGATION skill check.			Rare	Nisei	XF97-0494x1
0dab6a44-c3bd-45c3-b4e9-09801a5d879c	Lt. Colonel Victor Stans	x-files-ccg/03-101361/XFilesCcg-03101361-LtColonelVictorStans.jpg	default	Witness	03 - 101361	03 - 101361	playerNDeck	2 RP	Witness|Evidence Collection|Subterfuge	Adds 1 to one Team's EVIDENCE COLLECTION or SUBTERFUGE skill check, or play this card to negate the Adversary "The Walk."			Common	The Walk	XF97-0495x1
0dbc3782-2c6c-42a0-aad5-529a0075f0e3	Lucy Householder	x-files-ccg/03-101361/XFilesCcg-03101361-LucyHouseholder.jpg	default	Witness	03 - 101361	03 - 101361	playerNDeck	4 RP	Witness|Evidence Collection|Observation	Adds 2 to one Team's OBSERVATION or adds 1 to one Team's EVIDENCE COLLECTION skill check, or play this card when your opponent is about to remove one of your cards from the game. Remove this card instead.			Rare	Oubliette	XF97-0496x1
048084ee-bda4-42d3-a27d-cdd1cea87787	M.R.I.	x-files-ccg/03-101361/XFilesCcg-03101361-MRI.jpg	default	Equipment	03 - 101361	03 - 101361	playerNDeck	4 RP	Equipment|Electrical	Discard this card to add three to the Agent's BEHAVIORAL skill.			Uncommon	Pusher	XF97-0426x1
00a17d91-b3b2-4366-9126-57c5b05d294a	Margi Kleinjan	x-files-ccg/03-101361/XFilesCcg-03101361-MargiKleinjan.jpg	default	Adversary	03 - 101361	03 - 101361	playerNDeck	3 CP	Adversary|Occult|Creature	This card may be played on a Site at which the "Terri Roberts" Adversary card has been played, ignoring Activator requirements. When this occurs, both Adversaries attack simultaneously (treat as one combat) and double both cards' LRC, CRC, and HEALTH. Triple both cards' LRC, CRC and HEALTH if the Agents are using OCCULT INVESTIGATION skill.	2		Uncommon	Syzygy	XF97-0388x1
033a3d96-9e96-42d2-91a9-c6509ffde9c8	Mass Grave	x-files-ccg/03-101361/XFilesCcg-03101361-MassGrave.jpg	default	Bluff	03 - 101361	03 - 101361	playerNDeck	1 CP	Bluff	Play this card to immediately add one [CP] to your pool for every two [RP] the Investigating Team uses at this Site.			Common	731	XF97-0414x1
09aacc24-db5c-406b-aa97-5482132e2d9e	Men In Black	x-files-ccg/03-101361/XFilesCcg-03101361-MenInBlack.jpg	default	Event	03 - 101361	03 - 101361	playerNDeck	6 CP	Event|Resource	Play this card in the Field during your opponents' Case Assignment Phase. You may place Bluff cards under this card face down at any time. No more than three cards may be under this card at any one time. During his Case Assignment Phase you may play cards stored under this card on any Site in the Field for 2 [CP] less.			Ultra-Rare	Jose Chung's "From Outer Space"	XF97-0459x1
0e08f255-15ac-4862-b708-7eb6827e64e3	Michael Kryder	x-files-ccg/03-101361/XFilesCcg-03101361-MichaelKryder.jpg	default	Witness	03 - 101361	03 - 101361	playerNDeck	3 RP	Witness|Occult Investigation|Observation	Adds 1 to one Team's OCCULT INVESTIGATION or OBSERVATION skill check, or you may play this card to look at all Adversaries in opponent's hand.			Common	Revelations	XF97-0497x1
0b442f15-9c12-4ce7-9009-a44cb3079a78	Miller's Grove, Massachusetts	x-files-ccg/03-101361/XFilesCcg-03101361-MillersGroveMassachusetts.jpg	default	Site	03 - 101361	03 - 101361	playerNDeck	2 RP	Site|Mono|Result|Alien Investigation				Uncommon	War of the Coprophages	XF97-0471x1
0927a812-987d-473d-b23f-97cd60f8c589	Mostow's Sketches	x-files-ccg/03-101361/XFilesCcg-03101361-MostowsSketches.jpg	default	Event	03 - 101361	03 - 101361	playerNDeck	4 CP	Occult|Artifact|Equipment	Attach this card to an Agent in the Field. The Agent may attack any Team investigating a Site during his opponent's Investigation Phase. If the Agent is Negated, discard this card. If the Agent is reduced to zero HEALTH, remove the Agent from the game.			Rare	Grotesque	XF97-0455x1
0ab25f7d-cd46-4690-866f-150c6bbb54db	Mostow's Studio, Washington, D.C.	x-files-ccg/03-101361/XFilesCcg-03101361-MostowsStudioWashingtonDC.jpg	default	Site	03 - 101361	03 - 101361	playerNDeck	2 RP	Site|Mono|Method|Behavioral				Uncommon	Grotesque	XF97-0467x1
05b2fed6-f7fe-47b7-be66-5ebb9cc9b191	Murder Weapon	x-files-ccg/03-101361/XFilesCcg-03101361-MurderWeapon.jpg	default	Equipment	03 - 101361	03 - 101361	playerNDeck	4 RP	Equipment|Standard	Discard this card to add three to the Agent's EVIDENCE COLLECTION skill.			Uncommon	Grotesque	XF97-0435x1
0e2fece0-c059-4ab3-b4ab-b40cf2fcd464	Navajo Elder	x-files-ccg/03-101361/XFilesCcg-03101361-NavajoElder.jpg	default	Witness	03 - 101361	03 - 101361	playerNDeck	3 RP	Witness|Medical|Observation	Adds 2 to one Team's MEDICAL or adds 1 to one Team's OBSERVATION skill check.			Uncommon	The Blessing Way	XF97-0498x1
034bb68f-be58-44ac-a6a1-05bc12856d14	No One Believes You	x-files-ccg/03-101361/XFilesCcg-03101361-NoOneBelievesYou.jpg	default	Bluff	03 - 101361	03 - 101361	playerNDeck	4 CP	Bluff	Play this card to add one to the Site Prerequisite number for each Agent beyond one in the investigating Team.			Rare	Oubliette	XF97-0416x1
0361b62b-063a-4441-9086-b2621316a898	Oubliette	x-files-ccg/03-101361/XFilesCcg-03101361-Oubliette.jpg	default	Bluff	03 - 101361	03 - 101361	playerNDeck	8 CP	Bluff|Abduction	Play this card on one Agent in the Investigating Team. Remove the Agent from play and place this card on top of the Agent with four tokens. Remove one token during each of the controlling player's Debriefing Phases. When all tokens are removed, place this card on the owning player's Discard pile and move the Agent to the Bureau immediately.			Rare	Oubliette	XF97-0417x1
0e4d3cb9-ba28-4bb3-abd4-54c6a9efab37	Owen Jarvis	x-files-ccg/03-101361/XFilesCcg-03101361-OwenJarvis.jpg	default	Witness	03 - 101361	03 - 101361	playerNDeck	4 RP	Witness|Occult Investigation	Adds 3 to one Team's OCCULT INVESTIGATION skill check, or return one OCCULT Adversary that is played on your team to the bottom of the owning player's Bureau Deck.			Rare	Revelations	XF97-0499x1
0e5acc1b-4901-43d5-931c-43f4a55e04c5	Parmelly	x-files-ccg/03-101361/XFilesCcg-03101361-Parmelly.jpg	default	Witness	03 - 101361	03 - 101361	playerNDeck	2 RP	Witness|Bureaucracy|Subterfuge	Adds 1 to one Team's BUREAUCRACY or SUBTERFUGE skill check.			Common	The List	XF97-0500x1
0e6082d0-0ddd-4696-85c0-ad630c0694e4	Penny Northern	x-files-ccg/03-101361/XFilesCcg-03101361-PennyNorthern.jpg	default	Witness	03 - 101361	03 - 101361	playerNDeck	2 RP	Witness|Alien Investigation|Sciences	Adds 1 to one Team's ALIEN INVESTIGATION or SCIENCES skill check.			Common	Nisei	XF97-0501x1
02741dca-888d-438a-9b66-fbca61cbfade	Philosophical Question	x-files-ccg/03-101361/XFilesCcg-03101361-PhilosophicalQuestion.jpg	default	Bluff	03 - 101361	03 - 101361	playerNDeck	4 CP	Bluff	Play this card to increase the Cost of all [RP] cards played at this Site by 2.			Common	Quagmire	XF97-0405x1
0b5e2351-93f7-47f1-b60d-a28ae1432d1d	Positron Emission Tomography Lab, Allentown, Pennsylvania	x-files-ccg/03-101361/XFilesCcg-03101361-PositronEmissionTomographyLabAllentownPennsylvania.jpg	default	Site	03 - 101361	03 - 101361	playerNDeck	1 RP	Site|Multi|Affiliation|Result|Computer|Medical				Uncommon	Nisei	XF97-0472x1
00b1b47a-4968-47ef-a204-e7afb39c241e	Puppet	x-files-ccg/03-101361/XFilesCcg-03101361-Puppet.jpg	default	Adversary	03 - 101361	03 - 101361	playerNDeck	5 CP	Adversary|Occult|Creature	Puppet may wait until his opponents declare they have played all of the COMBAT cards that they intend to, then Puppet may play COMBAT cards. No other COMBAT cards may be played after Puppet's. This card is free and Activator requirements are ignored if it is played on a Keyword INSANITY card.	4		Common	Clyde Bruckman's Final Repose	XF97-0389x1
0620d0a4-5194-41d9-a980-c573d23c1733	Queequeg	x-files-ccg/03-101361/XFilesCcg-03101361-Queequeg.jpg	default	Equipment	03 - 101361	03 - 101361	playerNDeck	4 RP	Equipment|Special	Discard Queequeg to negate any one PRIMORDIAL or EVOLUTIONARY Adversary. Each player may only have one of this card in their decks.			Rare	Quagmire	XF97-0437x1
00d996dc-1cc3-49ee-9b48-a20e8d669508	Red-Haired Man	x-files-ccg/03-101361/XFilesCcg-03101361-RedHairedMan.jpg	default	Adversary	03 - 101361	03 - 101361	playerNDeck	6 CP	Adversary|Government|Creature|Master	This Adversary is able to use SUBTERFUGE and MARTIAL ARTS cads. If you opponent has correctly guessed two of your X-File's characteristics, the cost to play this card is 3 [CP].	5		Rare	731	XF97-0390x1
0e662bf9-90dc-44f5-8c08-c83e3a414285	Sammon Roque	x-files-ccg/03-101361/XFilesCcg-03101361-SammonRoque.jpg	default	Witness	03 - 101361	03 - 101361	playerNDeck	3 RP	Witness|Bureaucracy|Observation	Adds 2 to one Team's BUREAUCRACY or adds 1 to one Team's OBSERVATION skill check.			Uncommon	The List	XF97-0502x1
06424d3c-bc4d-4803-96e1-05653963f3a0	Satellite Photos	x-files-ccg/03-101361/XFilesCcg-03101361-SatellitePhotos.jpg	default	Equipment	03 - 101361	03 - 101361	playerNDeck	4 RP	Equipment|Government	Adds two to the Agent's ALIEN INVESTIGATION skill.			Uncommon	Nisei	XF97-0438x1
064ee171-fc51-443a-ab64-551a44b1bf50	Secret Government Files	x-files-ccg/03-101361/XFilesCcg-03101361-SecretGovernmentFiles.jpg	default	Equipment	03 - 101361	03 - 101361	playerNDeck	4 RP	Equipment|Government|Special	Discard this card to add three to the Agent's BUREAUCRACY skill.			Uncommon	Quagmire	XF97-0439x1
0683ad08-ee12-4339-b0c7-78ec433924e9	Secret Passage	x-files-ccg/03-101361/XFilesCcg-03101361-SecretPassage.jpg	default	Equipment	03 - 101361	03 - 101361	playerNDeck	4 RP	Equipment|Special	Discard this card to add three to the Agent's SUBTERFUGE skill.			Uncommon	Teso dos Bichos	XF97-0440x1
0f01d82d-b628-4019-8584-31165ce83cf9	Sharon Kiveat	x-files-ccg/03-101361/XFilesCcg-03101361-SharonKiveat.jpg	default	Witness	03 - 101361	03 - 101361	playerNDeck	3 RP	Witness|Behavioral|Occult Investigation	Adds 1 to one Team's BEHAVIORAL or OCCULT INVESTIGATION skill check, or return one EVOLUTIONARY Adversary that is played on your team to the bottom of the owning player's Bureau Deck.			Common	D.P.O.	XF97-0503x1
0f213067-4036-432e-92ab-9351d1ab811a	Sharon Skinner	x-files-ccg/03-101361/XFilesCcg-03101361-SharonSkinner.jpg	default	Witness	03 - 101361	03 - 101361	playerNDeck	2 RP	Witness|Resource	As long as this card is in play, Skinner cannot be affected by any CONSPIRACY card that would specifically affect him.			Rare	Avatar	XF97-0504x1
0f27472a-37e0-415b-af26-865db5bbca25	Sheriff John Teller	x-files-ccg/03-101361/XFilesCcg-03101361-SheriffJohnTeller.jpg	default	Witness	03 - 101361	03 - 101361	playerNDeck	3 RP	Witness|Criminal Investigation|Sciences	Adds 2 to one Team's CRIMINAL INVESTIGATION or adds 1 to one Team's SCIENCES skill check.			Uncommon	D.P.O.	XF97-0505x1
00dfadcb-ee67-47e7-b493-298f0414797f	Simon Gates A.K.A. Ferreau	x-files-ccg/03-101361/XFilesCcg-03101361-SimonGatesAKAFerreau.jpg	default	Adversary	03 - 101361	03 - 101361	playerNDeck	6 CP	Adversary|Occult|Creature		7		Uncommon	Revelations	XF97-0391x1
096a0a02-a0e3-4629-8b29-12dd7772d59f	Skinner Intervenes	x-files-ccg/03-101361/XFilesCcg-03101361-SkinnerIntervenes.jpg	default	Event	03 - 101361	03 - 101361	playerNDeck	3 RP	Event|Move	Play this card when an opponent has played an Adversary card. Immediately move all Agents in that team to your Bureau section and your opponent must discard the Adversary card.			Common	The Blessing Way	XF97-0457x1
09809bc7-6e1a-4fe0-8dbe-ed760637febb	Skinner's Wedding Ring	x-files-ccg/03-101361/XFilesCcg-03101361-SkinnersWeddingRing.jpg	default	Event	03 - 101361	03 - 101361	playerNDeck	4 RP	Event|Phenomena	Play this card to search through your Bureau Deck and put into play any Keyword ACTIVE card that specifically effects Skinner at zero Cost.			Common	Avatar	XF97-0458x1
0f4e2d0f-d0d1-45ca-897a-f4fcb7e5119b	Stan Buxton	x-files-ccg/03-101361/XFilesCcg-03101361-StanBuxton.jpg	default	Witness	03 - 101361	03 - 101361	playerNDeck	3 RP	Witness|Medical|Sciences	Adds 2 to one Team's MEDICAL or adds 1 to one Team's SCIENCES skill check.			Uncommon	D.P.O.	XF97-0506x1
061bba1c-e723-4ca4-b904-d0db416c1f9e	Stationery	x-files-ccg/03-101361/XFilesCcg-03101361-Stationery.jpg	default	Equipment	03 - 101361	03 - 101361	playerNDeck	4 RP	Equipment|Standard	Discard this card to add three to the Agent's CRIMINAL INVESTIGATION skill.			Uncommon	Piper Maru	XF97-0436x1
03656e78-ed2f-45d3-ab42-7443b1ad7356	Stoner, Chick, and Dude	x-files-ccg/03-101361/XFilesCcg-03101361-StonerChickAndDude.jpg	default	Bluff	03 - 101361	03 - 101361	playerNDeck	1 CP	Bluff	Move up to two Bluffs to a different Site in play. Play this card before any other Bluffs are revealed.			Common	War of the Coprophages	XF97-0418x1
0b8c1cf8-d26a-4743-8b22-e24497070a06	Strikers Cove, Heuvalman's Lake, Blue Ridge Mountains, Georgia	x-files-ccg/03-101361/XFilesCcg-03101361-StrikersCoveHeuvalmansLakeBlueRidgeMountainsGeorgia.jpg	default	Site	03 - 101361	03 - 101361	playerNDeck	2 RP	Site|Mono|Affiliation|Evidence Collection				Common	Quagmire	XF97-0473x1
0b94a69c-f39c-4fe6-8ea1-3e3a0e4f4d61	Strughold Mining Company, Rural West Virginia	x-files-ccg/03-101361/XFilesCcg-03101361-StrugholdMiningCompanyRuralWestVirginia.jpg	default	Site	03 - 101361	03 - 101361	playerNDeck	2 RP	Site|Mono|Result|Sciences				Uncommon	Paper Clip	XF97-0474x1
06b51daa-7598-485e-b63b-c2dafb06ebef	Tape Recorder	x-files-ccg/03-101361/XFilesCcg-03101361-TapeRecorder.jpg	default	Equipment	03 - 101361	03 - 101361	playerNDeck	4 RP	Equipment|Electrical	Adds two to the Agent's OCCULT INVESTIGATION skill.			Uncommon	The Walk	XF97-0442x1
00f429d7-45c3-4519-ada3-90415b6c6ba7	Terri Roberts	x-files-ccg/03-101361/XFilesCcg-03101361-TerriRoberts.jpg	default	Adversary	03 - 101361	03 - 101361	playerNDeck	3 CP	Adversary|Occult|Creature	This card may be played on a Site at which the "Margi Kleinjan" Adversary card has been played, ignoring Activator requirements. When this occurs, both Adversaries attack simultaneously (treat as one combat) and double both cards' LRC, CRC, and HEALTH. Triple both cards' LRC, CRC and HEALTH if the Agents are using OCCULT INVESTIGATION skill.	2		Uncommon	Syzygy	XF97-0392x1
0ba36f5c-0d38-491d-a020-b7a8d3bc3cac	Teso dos Bichos Excavation, Ecquadorian Highlands, South America	x-files-ccg/03-101361/XFilesCcg-03101361-TesoDosBichosExcavationEcquadorianHighlandsSouthAmerica.jpg	default	Site	03 - 101361	03 - 101361	playerNDeck	2 RP	Site|Mono|Method|Observation				Uncommon	Teso dos Bichos	XF97-0475x1
0125f8a2-95da-435d-a008-a2b1cc1db761	The List	x-files-ccg/03-101361/XFilesCcg-03101361-TheList.jpg	default	Adversary	03 - 101361	03 - 101361	playerNDeck	4 CP	Adversary|Occult|Phenomena|Resource	List one Agent from the Investigating Team on a piece of paper. Place this card in your opponent's Field with the paper underneath. If the Agent listed Investigates a different Site before this card is negated, reveal the paper with the listed Agent. The Agent must go to the Hospital with zero HEALTH and may not contribute to skill checks this turn. Discard this card.	N/A		Rare	The List	XF97-0393x1
03ce189d-6605-4fba-b54f-a2ff7e6cdef3	The Mailman	x-files-ccg/03-101361/XFilesCcg-03101361-TheMailman.jpg	default	Bluff	03 - 101361	03 - 101361	playerNDeck	4 CP	Bluff	Play this card to allow you to move one game effect token from any one card to another immediately. This may not take a card above the normal number of tokens allowed.			Rare	The Walk	XF97-0419x1
0f57e234-7eb4-4425-8522-c1f805c21e91	The Stupendous Yappi	x-files-ccg/03-101361/XFilesCcg-03101361-TheStupendousYappi.jpg	default	Witness	03 - 101361	03 - 101361	playerNDeck	1 RP	Witness|Criminal Investigation|Occult Investigation	Flip the top card of your Bureau Deck. Discard the revealed card. If the revealed card has the Keyword CONSPIRACY, subtract 1 from the skill check. If not, add 3 to one CRIMINAL INVESTIGATION or OCCULT INVESTIGATION skill check.			Rare	Clyde Bruckman's Final Repose	XF97-0507x1
09bd6d70-3fab-4da1-98f2-81b49ddc1b39	The Video Trap	x-files-ccg/03-101361/XFilesCcg-03101361-TheVideoTrap.jpg	default	Event	03 - 101361	03 - 101361	playerNDeck	4 CP	Government|Artifact|Event|Resource	Place this card next to your X-File. You may draw one card for free in each of your opponents' Briefing Phases.			Common	Wetwired	XF97-0460x1
012bf953-0e36-4086-b8c8-bf08c50f8a54	The Walk	x-files-ccg/03-101361/XFilesCcg-03101361-TheWalk.jpg	default	Adversary	03 - 101361	03 - 101361	playerNDeck	5 CP	Adversary|Evolutionary|Phenomena	Subtract one from all damage sources applied to this Adversary.	4		Uncommon	The Walk	XF97-0394x1
03d928dc-ddf3-49f4-a614-969a5480730d	This Is Not Happening	x-files-ccg/03-101361/XFilesCcg-03101361-ThisIsNotHappening.jpg	default	Bluff	03 - 101361	03 - 101361	playerNDeck	4 CP	Bluff	Force an opponent to discard three cards from his hand at random.			Common	Jose Chung's "From Outer Space"	XF97-0420x1
09c88d13-490d-4e08-b872-31dceccf4862	Tong Lottery Jar	x-files-ccg/03-101361/XFilesCcg-03101361-TongLotteryJar.jpg	default	Event	03 - 101361	03 - 101361	playerNDeck	6 CP	Artifact|Event|Resource	Place this card next to your X-File. Place up to three cards with a set CP cost from your hand under this card. These three cards can be used to negate any [RP] card with identical cost except Agents and Sites. This function requires zero [CP] cost. Discard both the played card and the card used to negate it. Discard this card when all cards underneath have been played.			Rare	Hell Money	XF97-0461x1
042df18d-9c7d-4253-87cf-aabd10785967	Two Lux Video Camera	x-files-ccg/03-101361/XFilesCcg-03101361-TwoLuxVideoCamera.jpg	default	Equipment	03 - 101361	03 - 101361	playerNDeck	5 RP	Equipment|Electrical	Adds two to the Team's SUBTERFUGE skill. This modifier applies even if the Agent to whom this equipment is attached is sent to the Hospital.			Rare	Pusher	XF97-0423x1
0a400297-229e-4b2c-a00f-39faa01d2dff	Unexpected Call	x-files-ccg/03-101361/XFilesCcg-03101361-UnexpectedCall.jpg	default	Event	03 - 101361	03 - 101361	playerNDeck	0 RP	Event	Play this card to allow you to exchange [RP] Pools with your opponent.			Ultra-Rare	Apocrypha	XF97-0465x1
02fea213-f7d9-4f37-a630-ccff2073f561	Veracity In Question	x-files-ccg/03-101361/XFilesCcg-03101361-VeracityInQuestion.jpg	default	Bluff	03 - 101361	03 - 101361	playerNDeck	2 CP	Bluff	Once this card is played, the investigating player may not play any COMBAT cards while investigating this Site, except for COMBAT cards which would specifically negate this card.			Common	Talitha Cumi	XF97-0412x1
0f78920c-bcb3-42eb-8b85-d9ccf37ce1c8	Victor Klemper	x-files-ccg/03-101361/XFilesCcg-03101361-VictorKlemper.jpg	default	Witness	03 - 101361	03 - 101361	playerNDeck	3 RP	Witness|Medical|Sciences	Adds 3 to one Team's MEDICAL or adds 2 to one Team's SCIENCES skill check. If your opponent plays a GOVERNMENT Adversary while this card is in play, the Victor Klemper card is negated and removed from the game.			Rare	Paper Clip	XF97-0508x1
0bb4fb7e-a2f8-46e9-9cc7-1bedbc6b81e4	Virgil Incanto's Apartment, Cleveland, Ohio	x-files-ccg/03-101361/XFilesCcg-03101361-VirgilIncantosApartmentClevelandOhio.jpg	default	Site	03 - 101361	03 - 101361	playerNDeck	2 RP	Site|Mono|Affiliation|Computer				Common	2Shy	XF97-0476x1
03eda896-a449-4388-b365-c07ad53478d7	Visions Of A Madman	x-files-ccg/03-101361/XFilesCcg-03101361-VisionsOfAMadman.jpg	default	Bluff	03 - 101361	03 - 101361	playerNDeck	3 CP	Bluff	Play this card to allow you to look at your opponent's Hand.			Rare	Clyde Bruckman's Final Repose	XF97-0421x1
09cb4aec-e936-4341-8d9a-0b7890136ac3	Visit From The First Elder	x-files-ccg/03-101361/XFilesCcg-03101361-VisitFromTheFirstElder.jpg	default	Event	03 - 101361	03 - 101361	playerNDeck	4 CP	Event	Show your opponent this card to retrieve all Conspiracy cards from your Discard Pile and shuffle them back into your Bureau Deck. Discard this card.			Rare	731	XF97-0462x1
09d03cd0-ce22-4ea3-bd6f-a6311b6a37e2	War of the Coprophages	x-files-ccg/03-101361/XFilesCcg-03101361-WarOfTheCoprophages.jpg	default	Event	03 - 101361	03 - 101361	playerNDeck	3 CP	Event|Phenomena	Play this card to cause your opponent to discard all Witness cards in his hand.			Rare	War of the Coprophages	XF97-0463x1
0f81d498-55c4-4d85-a2c0-e4aa00306649	Warden Leo Brodeur	x-files-ccg/03-101361/XFilesCcg-03101361-WardenLeoBrodeur.jpg	default	Witness	03 - 101361	03 - 101361	playerNDeck	3 RP	Witness|Behavioral|Criminal Investigation	Adds 2 to one Team's BEHAVIORAL or adds 1 to one Team's CRIMINAL INVESTIGATION skill check. Promo Cards			Uncommon	The List	XF97-0509x1
0a258f6f-c472-4c02-beb8-60343ec76eda	White Buffalo	x-files-ccg/03-101361/XFilesCcg-03101361-WhiteBuffalo.jpg	default	Event	03 - 101361	03 - 101361	playerNDeck	4 RP	Event|Phenomena|Healing	You may remove one game effect token or wound token from any cards under your control.			Rare	Paper Clip	XF97-0464x1
0a585227-7e9a-4d40-8c37-99cfcfc83d17	Work A Deal	x-files-ccg/03-101361/XFilesCcg-03101361-WorkADeal.jpg	default	Event	03 - 101361	03 - 101361	playerNDeck	3 RP	Event|Resource	Played by itself, this card will negate one GOVERNMENT Adversary, discard both. If played on an Agent with the "Taped Intelligence" Equipment card attached, remove the "Taped Intelligence" card from the game and place this card in your Bureau section. As long as this card is in play, no GOVERNMENT Adversaries may be played on your Agents.			Common	Paper Clip	XF97-0466x1
03f99e8e-7ca3-40cf-9d8c-9b681bd255e9	You're A Dead Man	x-files-ccg/03-101361/XFilesCcg-03101361-YoureADeadMan.jpg	default	Bluff	03 - 101361	03 - 101361	playerNDeck	3 CP	Bluff	Once this card is played, the investigating player may not play any Witnesses while investigating this Site, except for Witnesses which would specifically negate this card.			Rare	Jose Chung's "From Outer Space"	XF97-0422x1
b681ede0-a11f-42c2-83e3-0eeb5ac25b6f	A Friend In The FBI	x-files-ccg/01-premiere/XFilesCcg-01Premiere-AFriendInTheFBI.jpg	default	Event	01 - Premiere	01 - Premiere	playerNDeck	2 RP	Event|Resource	Play this card in the Bureau. Place ten tokens on this card. During your Briefing Phase you may take up to two tokens from this card and place them in your [RP] pool. The tokens become [RP] tokens. When all counters have been removed, discard this card.			Rare	E.B.E.	XF96-0297v1
be194716-3a5a-494e-9b18-2e1d710c1b8a	Abduction	x-files-ccg/01-premiere/XFilesCcg-01Premiere-Abduction.jpg	default	Adversary	01 - Premiere	01 - Premiere	playerNDeck	6 CP	Adversary|Alien|Phenomena	Pick one Agent in the Team. That Agent is placed ten cards down, face up, in the owning player's Bureau deck. Any equipment that Agent had is discarded. When the Agent's card reaches the top of the deck, the Agent is immediately moved to the Hospital (undamaged). This card does not initiate Combat.	N/A		Rare	Duane Barry	XF96-0342v1
b496c7ae-9b79-4dff-ad53-896ad617a787	Access Personnel Files	x-files-ccg/01-premiere/XFilesCcg-01Premiere-AccessPersonnelFiles.jpg	default	Event	01 - Premiere	01 - Premiere	playerNDeck	4 CP	Event|Computer|Resource	Force an opponent Team to make a COMPUTER 4+ skill check. If they fail, that opponent must tell you the next answer that they obtain regarding the X-File of your choice. The answer need not be a "yes" answer. Discard this card after you've obtained the answer.			Common	Duane Barry	XF96-0281v1
a3dcba88-8b75-46a1-be17-1154cc61d59e	Agent Alex Krycek	x-files-ccg/01-premiere/XFilesCcg-01Premiere-AgentAlexKrycek.jpg	default	Agent	01 - Premiere	01 - Premiere	playerNStarting	6 RP	Agent|FBI|Law|Neutral|Believer		5		Ultra-Rare	Ascension	XF96-0162v1
a59174ba-53d9-4eb1-9325-5877d12f367d	Agent Alex Krycek	x-files-ccg/01-premiere/XFilesCcg-01Premiere-AgentAlexKrycek-2.jpg	default	Agent	01 - Premiere	01 - Premiere	playerNStarting	6 RP	Agent|FBI|Law|Neutral|Believer		5		Fixed	Ascension	XF96-0170v1
a5e6aaac-097e-45a1-b1fa-8ae37bdc36e8	Agent Dana Scully	x-files-ccg/01-premiere/XFilesCcg-01Premiere-AgentDanaScully.jpg	default	Agent	01 - Premiere	01 - Premiere	playerNStarting	7 RP	Agent|FBI|Law|Skeptic		4		Ultra-Rare		XF96-0172v1
a625e82d-4923-43eb-b344-b9c78d274648	Agent Dana Scully	x-files-ccg/01-premiere/XFilesCcg-01Premiere-AgentDanaScully-2.jpg	default	Agent	01 - Premiere	01 - Premiere	playerNStarting	7 RP	Agent|FBI|Law|Skeptic		4		Fixed		XF96-0173v1
a3f41d28-080f-46de-9818-cf0fb120a0ed	Agent Fox Mulder	x-files-ccg/01-premiere/XFilesCcg-01Premiere-AgentFoxMulder.jpg	default	Agent	01 - Premiere	01 - Premiere	playerNStarting	7 RP	Agent|FBI|Law|Believer		5		Ultra-Rare		XF96-0163v1
a57f2d1c-a136-4e8d-b292-34400bb816f3	Agent Fox Mulder	x-files-ccg/01-premiere/XFilesCcg-01Premiere-AgentFoxMulder-2.jpg	default	Agent	01 - Premiere	01 - Premiere	playerNStarting	7 RP	Agent|FBI|Law|Believer		5		Fixed		XF96-0169v1
a5321b81-8b3a-4f57-bae3-23b7990745a4	Agent Jack Willis	x-files-ccg/01-premiere/XFilesCcg-01Premiere-AgentJackWillis.jpg	default	Agent	01 - Premiere	01 - Premiere	playerNStarting	4 RP	Agent|FBI|Law		5		Fixed	Lazarus	XF96-0167v1
b02de95a-e179-47e0-a58e-e982659141a1	Agent Jack Willis Shot To Death In Bank Robbery	x-files-ccg/01-premiere/XFilesCcg-01Premiere-AgentJackWillisShotToDeathInBankRobbery.jpg	default	Event	01 - Premiere	01 - Premiere	playerNDeck	10 CP	Event|Killer|Occult	If your opponent includes Agent Willis in any skill check in the Field, Agent Willis is instantly killed and removed from the game.			Rare	Lazarus	XF96-0250v1
a6af85f6-a7f8-454c-acf1-3798ac131cd7	Agent Janus, Trained Medic	x-files-ccg/01-premiere/XFilesCcg-01Premiere-AgentJanusTrainedMedic.jpg	default	Agent	01 - Premiere	01 - Premiere	playerNStarting	4 RP	Agent|FBI|Law		4		Fixed	Duane Barry	XF96-0177v1
a776a658-9d0f-4362-958c-2e4d64c64ce9	Agent Jerry Lamana	x-files-ccg/01-premiere/XFilesCcg-01Premiere-AgentJerryLamana.jpg	default	Agent	01 - Premiere	01 - Premiere	playerNStarting	3 RP	Agent|FBI|Law		3		Fixed	Ghost in the Machine	XF96-0182v1
a7811341-801e-4d6d-b409-b0319bd2ee58	Agent Karen Kosseff, Counselor	x-files-ccg/01-premiere/XFilesCcg-01Premiere-AgentKarenKosseffCounselor.jpg	default	Agent	01 - Premiere	01 - Premiere	playerNStarting	3 RP	Agent|FBI|Believer		3		Fixed	Irresistible	XF96-0183v1
ae2f59ec-003c-45c7-ad98-8bce42fb41b2	Agent Lamana Dies In Fatal Elevator Accident	x-files-ccg/01-premiere/XFilesCcg-01Premiere-AgentLamanaDiesInFatalElevatorAccident.jpg	default	Event	01 - Premiere	01 - Premiere	playerNDeck	10 CP	Event|Evolutionary	If your opponent includes Agent Lamana in any skill check in the Field, Agent Lamana is instantly killed and removed from the game.			Rare	Ghost in the Machine	XF96-0238v1
a4b832d3-6491-4dfc-a3e5-60d299dd799c	Agent Lucy Kazdin	x-files-ccg/01-premiere/XFilesCcg-01Premiere-AgentLucyKazdin.jpg	default	Agent	01 - Premiere	01 - Premiere	playerNStarting	4 RP	Agent|FBI|Law		4		Fixed	Duane Barry	XF96-0166v1
a6c21081-e551-49a7-b3e4-0136c3837d51	Agent Moe Bocks	x-files-ccg/01-premiere/XFilesCcg-01Premiere-AgentMoeBocks.jpg	default	Agent	01 - Premiere	01 - Premiere	playerNStarting	5 RP	Agent|FBI|Law|Believer		4		Fixed	Irresistible	XF96-0178v1
a5c76ad8-bf07-4f2b-b306-119b1120b7fa	Agent Nancy Spiller	x-files-ccg/01-premiere/XFilesCcg-01Premiere-AgentNancySpiller.jpg	default	Agent	01 - Premiere	01 - Premiere	playerNStarting	4 RP	Agent|FBI|Law|Skeptic		3		Fixed	Ghost in the Machine	XF96-0171v1
a6ebb0de-709c-4bbf-be27-8aafeb9a5185	Agent Reggie Purdue	x-files-ccg/01-premiere/XFilesCcg-01Premiere-AgentReggiePurdue.jpg	default	Agent	01 - Premiere	01 - Premiere	playerNStarting	5 RP	Agent|FBI|Law|Skeptic		4		Fixed	Young At Heart	XF96-0179v1
b74ba844-f01a-4743-a3d5-5aacf0d201a4	Agent Reggie Purdue Found Strangled	x-files-ccg/01-premiere/XFilesCcg-01Premiere-AgentReggiePurdueFoundStrangled.jpg	default	Event	01 - Premiere	01 - Premiere	playerNDeck	10 CP	Event|Killer|Government	If your opponent includes Agent Purdue in any skill check in the Field, Agent Purdue is instantly killed and removed from the game.			Rare	Young At Heart	XF96-0305v1
a46b60b6-2595-4875-a522-d2a7d2875767	Agent Rich	x-files-ccg/01-premiere/XFilesCcg-01Premiere-AgentRich.jpg	default	Agent	01 - Premiere	01 - Premiere	playerNStarting	4 RP	Agent|FBI|Law|Skeptic		4		Fixed	Duane Barry	XF96-0165v1
a6912f8e-58d4-49ef-87fc-163b8da84106	Agent Tom Colton	x-files-ccg/01-premiere/XFilesCcg-01Premiere-AgentTomColton.jpg	default	Agent	01 - Premiere	01 - Premiere	playerNStarting	4 RP	Agent|FBI|Law|Skeptic		3		Fixed	Squeeze	XF96-0176v1
a718c347-7e20-478c-b61f-056992eb6b7c	Agent Weiss	x-files-ccg/01-premiere/XFilesCcg-01Premiere-AgentWeiss.jpg	default	Agent	01 - Premiere	01 - Premiere	playerNStarting	4 RP	Agent|FBI|Law		4		Fixed	Colony	XF96-0181v1
adac90d8-2a46-4906-b82a-2a49d7bbf16a	Agent Weiss Killed By Unknown Toxin	x-files-ccg/01-premiere/XFilesCcg-01Premiere-AgentWeissKilledByUnknownToxin.jpg	default	Event	01 - Premiere	01 - Premiere	playerNDeck	10 CP	Event|Killer|Alien	If your opponent includes Agent Weiss in any skill check in the Field, Agent Weiss is instantly killed and removed from the game.			Rare	Colony	XF96-0229v1
a394c95e-d354-4484-a7cb-f8bb817e42f1	Albert Hosteen	x-files-ccg/01-premiere/XFilesCcg-01Premiere-AlbertHosteen.jpg	default	Agent	01 - Premiere	01 - Premiere	playerNStarting	4 RP	Agent|Independent|Believer		3		Fixed	Anasazi	XF96-0161v1
9b242e9f-f707-4b13-81be-2d673407cec3	Aleister Crowley High School, Milford Haven, NH	x-files-ccg/01-premiere/XFilesCcg-01Premiere-AleisterCrowleyHighSchoolMilfordHavenNH.jpg	default	Site	01 - Premiere	01 - Premiere	playerNDeck	1 RP	Site|Multi|Affiliation|Result|Occult Investigation|Observation				Rare	Die Hand Die Verletzt	XF96-0076v1
a2ce09f5-b637-4bc8-b478-65dbf92699d7	Alien Abductors	x-files-ccg/01-premiere/XFilesCcg-01Premiere-AlienAbductors.jpg	default	X-File	01 - Premiere	01 - Premiere	playerNXFile					Alien	X-File	Fallen Angel	XF96-0153v1
bd6ec85a-8e3e-4ebc-a1d3-9670a4583028	Alien Bounty Hunter	x-files-ccg/01-premiere/XFilesCcg-01Premiere-AlienBountyHunter.jpg	default	Adversary	01 - Premiere	01 - Premiere	playerNDeck	12 CP	Adversary|Alien|Creature|Master	Each source of damage affecting the Alien Bounty Hunter in CLOSE RANGE COMBAT also causes 1 damage to each opposing Team member involved in the Combat (because he has poisonous blood). The Hunter may use MARTIAL ARTS and SUBTERFUGE Combat cards. If killed in Combat, place the Hunter back in your deck and shuffle.	6		Rare	Colony	XF96-0337v1
a266ca05-cbb9-46ea-b37f-9d3db7586ed1	Alien Conservationist	x-files-ccg/01-premiere/XFilesCcg-01Premiere-AlienConservationist.jpg	default	X-File	01 - Premiere	01 - Premiere	playerNXFile					Alien	X-File	Fearful Symmetry	XF96-0149v1
b2e41426-ebc9-4dd7-9e86-4f9a11f9f21e	Alien Discretion	x-files-ccg/01-premiere/XFilesCcg-01Premiere-AlienDiscretion.jpg	default	Event	01 - Premiere	01 - Premiere	playerNDeck	X+1 RP	Event|Alien|Phenomena	Play on a Team about to investigate a Site with ALIEN INVESTIGATION as a prerequisite. Discard all cards assigned as Bluff cards at that Site. X = the number of Bluffs at the Site.			Rare	Space	XF96-0271v1
a0ab47a5-6712-4ded-a8fd-b8cb69e1f96b	Alien Dna Steroid Program (project Purity Control)	x-files-ccg/01-premiere/XFilesCcg-01Premiere-AlienDnaSteroidProgramProjectPurityControl.jpg	default	X-File	01 - Premiere	01 - Premiere	playerNXFile					Government	X-File	Red Museum	XF96-0129v1
b59f6c11-211a-4d70-b5ed-7c305508fa77	Alien Experimentation	x-files-ccg/01-premiere/XFilesCcg-01Premiere-AlienExperimentation.jpg	default	Event	01 - Premiere	01 - Premiere	playerNDeck	5 CP	Event|Negate|Alien	Negate any one Keyword EVENT card.			Rare	Duane Barry	XF96-0290v1
a2dc3845-b4ba-40a8-b186-a563bb92fa58	Alien Experimenters	x-files-ccg/01-premiere/XFilesCcg-01Premiere-AlienExperimenters.jpg	default	X-File	01 - Premiere	01 - Premiere	playerNXFile					Alien	X-File	Pilot	XF96-0155v1
bcab590c-8377-460e-a4aa-760300a2d82e	Alien Harvester	x-files-ccg/01-premiere/XFilesCcg-01Premiere-AlienHarvester.jpg	default	Adversary	01 - Premiere	01 - Premiere	playerNDeck	4 CP	Adversary|Alien|Phenomena	Your opponent may not spread out Agents until this card is resolved. Hold this card twelve inches up and twelve inches away from the opponent's Team. Flip the card so that it spins through the air. All of the Agents in the Investigating Team that are being touched by the Alien Harvester are abducted! Discard any Equipment attached to the abducted Agents. The Agents are placed ten cards down, face up, in the Bureau deck. When the Agent cards reach the top of the deck, the Agents are immediately moved to the Hospital (though they are not damaged).	N/A		Rare	Duane Barry	XF96-0334v1
a133384d-e27c-414a-8753-3966b568cdc2	Alien Listeners	x-files-ccg/01-premiere/XFilesCcg-01Premiere-AlienListeners.jpg	default	X-File	01 - Premiere	01 - Premiere	playerNXFile					Alien	X-File	Little Green Men	XF96-0139v1
94de37a8-a0ea-4706-8378-630e1f4e3c4c	Alien Stealth Technology	x-files-ccg/01-premiere/XFilesCcg-01Premiere-AlienStealthTechnology.jpg	default	Combat	01 - Premiere	01 - Premiere	playerNDeck	2 CP	Combat|Alien	Play on any ALIEN combatant to reduce damage from all opponent LONG RANGE COMBAT or CLOSE RANGE COMBAT sources by 1 this round.			Uncommon	Fallen Angel	XF96-0017v1
93dbe5cd-41ee-4280-9e41-49c3f9da207d	Ambush	x-files-ccg/01-premiere/XFilesCcg-01Premiere-Ambush.jpg	default	Combat	01 - Premiere	01 - Premiere	playerNDeck	2 *P	Combat|Subterfuge	Play this card on any combatant with a SUBTERFUGE skill of 1+ or that is capable of using SUBTERFUGE cards. The opposing side's LONG RANGE COMBAT attack is negated this round.			Common	Anasazi	XF96-0007v1
a1cc23f2-272a-4ce3-a60c-7bd27791f2c7	Ancestor Spirits	x-files-ccg/01-premiere/XFilesCcg-01Premiere-AncestorSpirits.jpg	default	X-File	01 - Premiere	01 - Premiere	playerNXFile					Occult	X-File	Excelsius Dei	XF96-0144v1
b40d5835-e4dc-4b23-b559-ec05f08e39b6	Application For FBI Resources Approved	x-files-ccg/01-premiere/XFilesCcg-01Premiere-ApplicationForFBIResourcesApproved.jpg	default	Event	01 - Premiere	01 - Premiere	playerNDeck	3 RP	Event|Bureaucracy|Move	If the Team makes a BUREAUCRACY 4+ skill check, you may borrow any one of your opponent's Agents. It may not be an Agent you already control. Add the Agent to the Team for the remainder of the turn. Afterward, the Agent returns to the original owner's control. The Agent must be returned to the Team it belonged to or sent to the Hospital if the Agent was reduced to 0 HEALTH during a combat.			Rare	Sleepless	XF96-0279v1
a155c9e3-99af-4195-a66d-27b2a81c7590	Arctic Worm	x-files-ccg/01-premiere/XFilesCcg-01Premiere-ArcticWorm.jpg	default	X-File	01 - Premiere	01 - Premiere	playerNXFile					Alien	X-File	Ice	XF96-0141v1
9b100c17-5dda-4d13-ab35-018bc64f07ce	Arecibo, Puerto Rico	x-files-ccg/01-premiere/XFilesCcg-01Premiere-AreciboPuertoRico.jpg	default	Site	01 - Premiere	01 - Premiere	playerNDeck	1 RP	Site|Multi|Affiliation|Method|Alien Investigation|Computer				Uncommon	Little Green Men	XF96-0074v1
9843c9dd-b641-4947-aba2-0d3e51934dce	Arlington, VA	x-files-ccg/01-premiere/XFilesCcg-01Premiere-ArlingtonVA.jpg	default	Site	01 - Premiere	01 - Premiere	playerNDeck	2 RP	Site|Mono|Affiliation|Occult Investigation				Common	The Calusari	XF96-0048v1
a04b3479-e8e7-4e9b-ac5a-ed7ed623e0fe	Arthur Grable	x-files-ccg/01-premiere/XFilesCcg-01Premiere-ArthurGrable.jpg	default	X-File	01 - Premiere	01 - Premiere	playerNXFile					Evolutionary	X-File	Roland	XF96-0126v1
b632f007-539d-45e8-8d25-0085afc97d7a	Assigned To The X-Files	x-files-ccg/01-premiere/XFilesCcg-01Premiere-AssignedToTheXFiles.jpg	default	Event	01 - Premiere	01 - Premiere	playerNDeck	X+1 RP	Event|Bureaucracy|Killer	Play to permanently add any one Agent from your hand to a Team. The normal rules for selecting an Agent still apply. In addition, the Agent may not be one that was removed from the game prior to playing this card. X = Agent's Cost.			Rare	Pilot	XF96-0294v1
a64afefb-ae0c-4534-8242-ae91ec9cfa62	Assistant Director Walter Skinner	x-files-ccg/01-premiere/XFilesCcg-01Premiere-AssistantDirectorWalterSkinner.jpg	default	Agent	01 - Premiere	01 - Premiere	playerNStarting	6 RP	Agent|FBI|Neutral|Skeptic		5		Ultra-Rare		XF96-0174v1
a70f4f23-ae70-411d-b259-5905662f92cc	Assistant Director Walter Skinner	x-files-ccg/01-premiere/XFilesCcg-01Premiere-AssistantDirectorWalterSkinner-2.jpg	default	Agent	01 - Premiere	01 - Premiere	playerNStarting	6 RP	Agent|FBI|Neutral|Skeptic		5		Fixed	Ascension	XF96-0180v1
9a0fad54-f4b2-41e5-9009-5a904df45344	Aubrey, MO	x-files-ccg/01-premiere/XFilesCcg-01Premiere-AubreyMO.jpg	default	Site	01 - Premiere	01 - Premiere	playerNDeck	2 RP	Site|Mono|Motive|Behavioral				Common	Aubrey	XF96-0063v1
9ff490e1-2392-42bb-8b62-b55477d4ad50	Augustus Cole, A.K.A. The Preacher	x-files-ccg/01-premiere/XFilesCcg-01Premiere-AugustusColeAKAThePreacher.jpg	default	X-File	01 - Premiere	01 - Premiere	playerNXFile					Evolutionary	Fixed	Sleepless	XF96-0120v1
933686a1-cade-48b3-aa64-0fea5e207b6d	Aura Of Invulnerability	x-files-ccg/01-premiere/XFilesCcg-01Premiere-AuraOfInvulnerability.jpg	default	Combat	01 - Premiere	01 - Premiere	playerNDeck	2 CP	Combat|Occult	Play on any OCCULT Adversary to reduce damage from all opponent LONG RANGE COMBAT or CLOSE RANGE COMBAT sources by 1 this round.			Uncommon	Humbug	XF96-0001v1
b2b788de-3be2-476f-8cff-1c6e5259d28d	Authorized Access Only	x-files-ccg/01-premiere/XFilesCcg-01Premiere-AuthorizedAccessOnly.jpg	default	Event	01 - Premiere	01 - Premiere	playerNDeck	4 CP	Event|Government|Subterfuge	Force an opponent Team to make a SUBTERFUGE 4+ skill check. If they are not successful, they automatically fail the skill check for the Site.			Rare	Deep Throat	XF96-0267v1
b70227ca-4ebe-4375-a498-15fb55c9d7a4	Autopsy	x-files-ccg/01-premiere/XFilesCcg-01Premiere-Autopsy.jpg	default	Event	01 - Premiere	01 - Premiere	playerNDeck	2 RP	Event|Medical	Take a Witness from your Discard Pile and place it in your hand. In addition, if the Team makes a MEDICAL 4+ skill check, the Witness's modifier is doubled if played this turn.			Uncommon	The Host	XF96-0302v1
9fbb7d58-02bd-43e7-885f-7a166ba38858	B.J. Morrow, Genetic Trait Recipient	x-files-ccg/01-premiere/XFilesCcg-01Premiere-BJMorrowGeneticTraitRecipient.jpg	default	X-File	01 - Premiere	01 - Premiere	playerNXFile					Primordial	Fixed	Aubrey	XF96-0119v1
ae23eba6-52eb-4755-bb9f-305b044f3663	Back Tracking Program	x-files-ccg/01-premiere/XFilesCcg-01Premiere-BackTrackingProgram.jpg	default	Event	01 - Premiere	01 - Premiere	playerNDeck	4 CP	Event|Computer	Play this card to negate any Keyword COMPUTER card.			Uncommon	Little Green Men	XF96-0237v1
9c27862f-9cc9-43d4-b88c-47a8aced0c81	Baltimore, MD	x-files-ccg/01-premiere/XFilesCcg-01Premiere-BaltimoreMD.jpg	default	Site	01 - Premiere	01 - Premiere	playerNDeck	1 RP	Site|Multi|Method|Result|Sciences|Evidence Collection				Uncommon	Squeeze	XF96-0086v1
a9277bf1-ce80-4956-b2bf-7e3aa965d639	Bill Mulder	x-files-ccg/01-premiere/XFilesCcg-01Premiere-BillMulder.jpg	default	Witness	01 - Premiere	01 - Premiere	playerNDeck	3 RP	Witness|Negate|Subterfuge	Adds 2 to one Agent's SUBTERFUGE skill check. Alternately, any card that would send Fox Mulder to the Hospital may be negated by playing the Bill Mulder card. If played in this way, remove Bill Mulder from the game.			Rare	Colony	XF96-0198v1
a83c7b76-999b-4b00-8496-eac5c4e1d21d	Billy Miles	x-files-ccg/01-premiere/XFilesCcg-01Premiere-BillyMiles.jpg	default	Witness	01 - Premiere	01 - Premiere	playerNDeck	1 RP	Witness|Alien Investigation	Adds 1 to one Team's ALIEN INVESTIGATION skill check.			Common	Pilot	XF96-0190v1
b84e7590-2c32-42ab-a2a8-c8ca80b95c37	Binoculars	x-files-ccg/01-premiere/XFilesCcg-01Premiere-Binoculars.jpg	default	Equipment	01 - Premiere	01 - Premiere	playerNDeck	2 RP	Equipment|Standard	Adds 1 to the Agent's OBSERVATION skill.			Common	Little Green Men	XF96-0314v1
b3347b9b-9116-433e-8109-d184319723eb	Blackmail	x-files-ccg/01-premiere/XFilesCcg-01Premiere-Blackmail.jpg	default	Event	01 - Premiere	01 - Premiere	playerNDeck	1 RP	Event|Bureaucracy|Question	Play when you have just guessed incorrectly the identity of an X-File. Select a Team in your Bureau. If that Team successfully completes a BUREAUCRACY 4+ skill check, your opponent does not get to ask you a penalty question.			Rare	One Breath	XF96-0276v1
950329b4-871f-43c8-8671-e3b9b87cbd9a	Block	x-files-ccg/01-premiere/XFilesCcg-01Premiere-Block.jpg	default	Combat	01 - Premiere	01 - Premiere	playerNDeck	3 *P	Combat	Play this card on any combatant in a CLOSE RANGE COMBAT round to reduce the damage from any one source by four points. The combatant using this card does not deal damage in this CRC round.			Uncommon	Ice	XF96-0019v1
94fdc6c0-8fd4-4603-a480-cb87de0358eb	Block and Attack	x-files-ccg/01-premiere/XFilesCcg-01Premiere-BlockAndAttack.jpg	default	Combat	01 - Premiere	01 - Premiere	playerNDeck	3 *P	Combat|Martial Arts	Combatants that can use MARTIAL ARTS may use this card to negate two points of damage and still deal their normal damage in a CLOSE RANGE COMBAT round.			Rare	Ice	XF96-0018v1
9513db46-f60d-40a1-9c58-1513db440ecd	Body Armor	x-files-ccg/01-premiere/XFilesCcg-01Premiere-BodyArmor.jpg	default	Combat	01 - Premiere	01 - Premiere	playerNDeck	2 CP	Combat|Government	Play on any GOVERNMENT Adversary to reduce damage from all opponent LONG RANGE COMBAT or CLOSE RANGE COMBAT sources by one this round.			Uncommon	Little Green Men	XF96-0020v1
aab0ea52-41b8-44a1-a2b5-b393a35d21b9	Brad Wilczek	x-files-ccg/01-premiere/XFilesCcg-01Premiere-BradWilczek.jpg	default	Witness	01 - Premiere	01 - Premiere	playerNDeck	2 RP	Witness|Computer	Adds 2 to one Team's COMPUTER skill check.			Uncommon	Ghost in the Machine	XF96-0209v1
98181cc4-cc38-45df-9120-0b2c1270a225	Broad Street, Philadelphia, PA	x-files-ccg/01-premiere/XFilesCcg-01Premiere-BroadStreetPhiladelphiaPA.jpg	default	Site	01 - Premiere	01 - Premiere	playerNDeck	2 RP	Site|Mono|Method|Criminal Investigation				Rare	Shadows	XF96-0044v1
a2be96d4-1df2-454f-b8fb-b1b4da197079	Brother Martin, Rogue Kindred	x-files-ccg/01-premiere/XFilesCcg-01Premiere-BrotherMartinRogueKindred.jpg	default	X-File	01 - Premiere	01 - Premiere	playerNXFile					Alien	X-File	Gender Bender	XF96-0152v1
9c13b655-1913-4103-8501-2143928278ef	Browning, MT	x-files-ccg/01-premiere/XFilesCcg-01Premiere-BrowningMT.jpg	default	Site	01 - Premiere	01 - Premiere	playerNDeck	2 RP	Site|Mono|Motive|Occult Investigation				Fixed	Shapes	XF96-0083v1
a7b440b6-4cfb-4941-8b56-5f98f9455878	Byers	x-files-ccg/01-premiere/XFilesCcg-01Premiere-Byers.jpg	default	Witness	01 - Premiere	01 - Premiere	playerNDeck	1 RP	Witness|Computer	Adds 1 to one Team's COMPUTER skill check.			Fixed	E.B.E.	XF96-0187v1
9a865336-7eae-4c1b-a8a0-9b3352edd8f1	Cape Cod, MA	x-files-ccg/01-premiere/XFilesCcg-01Premiere-CapeCodMA.jpg	default	Site	01 - Premiere	01 - Premiere	playerNDeck	2 RP	Site|Mono|Affiliation|Sciences				Common	Fire	XF96-0064v1
9e5f2272-5c2f-49dc-9b20-83d89228e7a1	Car Troubles	x-files-ccg/01-premiere/XFilesCcg-01Premiere-CarTroubles.jpg	default	Bluff	01 - Premiere	01 - Premiere	playerNDeck	3 CP	Bluff|Phenomena|Move	Play on a Team of three or more Agents moving to the same Site. The Team may only send two Agents to that Site (owning player's choice). Any extra Agents remain in the Team but may not contribute their skills to any checks this turn. In addition, playing this card will prevent the use of the "Evasive Maneuver" card by this Team this turn.			Fixed	Shadows	XF96-0110v1
a37b6997-d4f4-49d2-a73c-78555ccbe164	Cecil L'ively	x-files-ccg/01-premiere/XFilesCcg-01Premiere-CecilLively.jpg	default	X-File	01 - Premiere	01 - Premiere	playerNXFile					Evolutionary	X-File	Fire	XF96-0159v1
bafcf4b8-082d-47c0-8f4d-2816c94f40da	Cellular Phone	x-files-ccg/01-premiere/XFilesCcg-01Premiere-CellularPhone.jpg	default	Equipment	01 - Premiere	01 - Premiere	playerNDeck	4 RP	Equipment|Special	The Agent may add his skills to a skill check that is occurring in another Section of the table. The Agent's skill is reduced by one (i.e.; Skill: 3 becomes Skill: 2). LONG RANGE COMBAT and CLOSE RANGE COMBAT may not be added.			Rare	Blood	XF96-0326v1
a0f0ede9-b7c4-4ed1-88dd-c16d1afcc259	Central Operating System, Artificial Intelligence	x-files-ccg/01-premiere/XFilesCcg-01Premiere-CentralOperatingSystemArtificialIntelligence.jpg	default	X-File	01 - Premiere	01 - Premiere	playerNXFile					Evolutionary	Fixed	Ghost in the Machine	XF96-0133v1
98b12059-8ffd-4d69-95e2-4483cb462ac7	Central Prison, Raleigh, NC	x-files-ccg/01-premiere/XFilesCcg-01Premiere-CentralPrisonRaleighNC.jpg	default	Site	01 - Premiere	01 - Premiere	playerNDeck	1 RP	Site|Multi|Motive|Method|Occult Investigation|Criminal Investigation				Uncommon	Beyond the Sea	XF96-0051v1
99f438c1-e6e2-47a5-a7f0-c49f58f1343f	Chaco House, Dudley, AR	x-files-ccg/01-premiere/XFilesCcg-01Premiere-ChacoHouseDudleyAR.jpg	default	Site	01 - Premiere	01 - Premiere	playerNDeck	1 RP	Site|Multi|Affiliation|Motive|Subterfuge|Behavioral				Uncommon	Our Town	XF96-0062v1
a933b901-2441-454a-88e6-2d3cb017f5a9	Charley Tskany	x-files-ccg/01-premiere/XFilesCcg-01Premiere-CharleyTskany.jpg	default	Witness	01 - Premiere	01 - Premiere	playerNDeck	4 RP	Witness|Resource	Attach this Witness to a Team. This Witness will add his skills to the appropriate skill check like an Agent, CRC: 2, LRC: 2, and HEALTH: 3. If he is sent to the Hospital, or at any time there are no Agents in the Team, remove the card from the game.			Rare	Shapes	XF96-0199v1
95bc56a7-8013-4389-9b93-16e887d4ca4c	Choke Hold	x-files-ccg/01-premiere/XFilesCcg-01Premiere-ChokeHold.jpg	default	Combat	01 - Premiere	01 - Premiere	playerNDeck	3 *P	Combat|Martial Arts	Play this card on any combatant that can use MARTIAL ARTS. The combatant applies a choke hold. If the combatant causes damage in CLOSE RANGE COMBAT then the damaged Adversary/Agent takes no further part in the combat.			Rare	Anasazi	XF96-0028v1
9adf739b-48ad-44bc-b028-e7185379cac1	Church Of The Red Museum, Delta Glen, WI	x-files-ccg/01-premiere/XFilesCcg-01Premiere-ChurchOfTheRedMuseumDeltaGlenWI.jpg	default	Site	01 - Premiere	01 - Premiere	playerNDeck	1 RP	Site|Multi|Affiliation|Method|Subterfuge|Medical				Rare	Red Museum	XF96-0070v1
9cd6a20a-05e0-48ad-a25c-273ce5affd8c	Cigarette Butts	x-files-ccg/01-premiere/XFilesCcg-01Premiere-CigaretteButts.jpg	default	Bluff	01 - Premiere	01 - Premiere	playerNDeck	X CP	Bluff|Conspiracy|Phenomena|Government	Basic Game Only: Apply a -2 modifier to any one skill check involving one of the following skills: OCCULT INVESTIGATION, BEHAVIORAL, BUREAUCRACY.Advanced Game: Pay the listed [CP] Cost, where X = the number of [CP] paid to gain the desired modifier to one of the following skills: OCCULT INVESTIGATION, BEHAVIORAL, BUREAUCRACY. (1) = -1, (3) = -2, (5) = -3, (9) = -4.			Common	Ascension	XF96-0091v1
9d527c7f-0d68-492d-aa1a-176a5ca64a6d	Claude Peterson	x-files-ccg/01-premiere/XFilesCcg-01Premiere-ClaudePeterson.jpg	default	Bluff	01 - Premiere	01 - Premiere	playerNDeck	X CP	Bluff|Government	Basic Game Only: Apply a -2 modifier to any one skill check involving one of the following skills: CRIMINAL INVESTIGATION, SUBTERFUGE, COMPUTER.Advanced Game: Pay the listed [CP] Cost, where X = the number of [CP] paid to gain the desired modifier to one of the following skills: CRIMINAL INVESTIGATION, SUBTERFUGE, COMPUTER. (1) = -1, (3) = -2, (5) = -3, (9) = -4.			Common	Ghost in the Machine	XF96-0098v1
b2081392-6ef4-462c-84e9-611cc8c219d3	Clone	x-files-ccg/01-premiere/XFilesCcg-01Premiere-Clone.jpg	default	Event	01 - Premiere	01 - Premiere	playerNDeck	2 CP	Alien|Event	Play this card on any Witness that has just been played. The owning player must shuffle the Witness back into their Bureau deck immediately and does not benefit from the Witness.			Uncommon	End Game	XF96-0258v1
982445d0-c904-4085-a217-dec00ccf95b5	Coastal Northwest Oregon	x-files-ccg/01-premiere/XFilesCcg-01Premiere-CoastalNorthwestOregon.jpg	default	Site	01 - Premiere	01 - Premiere	playerNDeck	2 RP	Site|Mono|Affiliation|Alien Investigation				Common	Pilot	XF96-0046v1
a0a6960f-29b1-4c00-9aa7-197e87a042b7	Colonel Wharton, Zombie Master	x-files-ccg/01-premiere/XFilesCcg-01Premiere-ColonelWhartonZombieMaster.jpg	default	X-File	01 - Premiere	01 - Premiere	playerNXFile					Occult	X-File	Fresh Bones	XF96-0128v1
a142ab77-b907-4553-987f-22295e6e115a	Commander Colin Henderson	x-files-ccg/01-premiere/XFilesCcg-01Premiere-CommanderColinHenderson.jpg	default	X-File	01 - Premiere	01 - Premiere	playerNXFile					Government	X-File	Fallen Angel	XF96-0140v1
b233db87-15e1-43ab-aac8-b750a3ccbda8	Computer Access Denied	x-files-ccg/01-premiere/XFilesCcg-01Premiere-ComputerAccessDenied.jpg	default	Event	01 - Premiere	01 - Premiere	playerNDeck	2 CP	Event|Computer	Force an opponent Team to make a COMPUTER 4+ skill check or they will be unable to complete the skill check.			Rare	Ghost in the Machine	XF96-0262v1
99e6b7c6-c91f-4c16-beaf-c1abcb6f452c	Containment Facility, Georgetown, MD	x-files-ccg/01-premiere/XFilesCcg-01Premiere-ContainmentFacilityGeorgetownMD.jpg	default	Site	01 - Premiere	01 - Premiere	playerNDeck	2 RP	Site|Mono|Result|Observation				Common	The Erlenmeyer Flask	XF96-0060v1
b78d40a5-e453-45ce-b931-74b076c764c6	Core Training	x-files-ccg/01-premiere/XFilesCcg-01Premiere-CoreTraining.jpg	default	Event	01 - Premiere	01 - Premiere	playerNDeck	2 RP	Event|Training	Play on an Agent in the Bureau. The Agent is taken out of play for one full turn. At the start of the Briefing Phase of the second turn, the Agent may be deployed as normal, and in addition has a +1 in one of the following skills: CRIMINAL INVESTIGATION or EVIDENCE COLLECTION. Place this card below the Agent to remind you of the increased skill.			Common	Lazarus	XF96-0307v1
b5207608-5d04-4962-b407-e08636298627	Counterintelligence Measures	x-files-ccg/01-premiere/XFilesCcg-01Premiere-CounterintelligenceMeasures.jpg	default	Event	01 - Premiere	01 - Premiere	playerNDeck	6 CP	Event|Negate	Play this card after your opponent has asked a Characteristic Question regarding your X-File. After you answer the question, your opponent must answer the question as well. Your opponent may still guess your X-File identity if normally allowed to do so, but you may not.			Ultra-Rare	E.B.E.	XF96-0284v1
957a4779-5095-4fd1-ae4a-3dd681f80c24	Covering Fire	x-files-ccg/01-premiere/XFilesCcg-01Premiere-CoveringFire.jpg	default	Combat	01 - Premiere	01 - Premiere	playerNDeck	1 CP	Combat|Government	Play on any GOVERNMENT Adversary to allow it to split the LONG RANGE COMBAT damage it causes amongst its opponents this round.			Uncommon	Little Green Men	XF96-0025v1
bd6d172d-824f-4196-a59f-df56e8be3fc3	Crew-Cut Man	x-files-ccg/01-premiere/XFilesCcg-01Premiere-CrewCutMan.jpg	default	Adversary	01 - Premiere	01 - Premiere	playerNDeck	6 CP	Adversary|Government|Pawn|Creature	The chosen Agent is the only one who may participate in the Combat. The Crew-Cut Man may use MARTIAL ARTS and SUBTERFUGE cards.	5		Uncommon	The Erlenmeyer Flask	XF96-0336v1
b105729e-ee39-48c8-9290-f56d15c81426	Crop Circles	x-files-ccg/01-premiere/XFilesCcg-01Premiere-CropCircles.jpg	default	Event	01 - Premiere	01 - Premiere	playerNDeck	1 RP	Event|Alien|Resource	Play after one of your Teams successfully investigates a Site with ALIEN INVESTIGATION skill as a prerequisite. Place this card in your Bureau. Discard this card to add 1 to an ALIEN INVESTIGATION skill check.			Common	Gender Bender	XF96-0253v1
98c464de-9e72-467f-bb59-a18a3fab4081	Cumberland Prison, VA	x-files-ccg/01-premiere/XFilesCcg-01Premiere-CumberlandPrisonVA.jpg	default	Site	01 - Premiere	01 - Premiere	playerNDeck	2 RP	Site|Mono|Affiliation|Subterfuge				Common	F. Emasculata	XF96-0053v1
afe2590f-3dd2-4146-aed2-1fafaed8456d	Dana Scully, Abducted	x-files-ccg/01-premiere/XFilesCcg-01Premiere-DanaScullyAbducted.jpg	default	Event	01 - Premiere	01 - Premiere	playerNDeck	3 RP	Event|Alien	If an Abduction card is played on a Team of Agents that includes Scully, Scully must be the Agent abducted instead. When Agent Scully returns to play she has the following modifiers added to her skills: +1 ALIEN INVESTIGATION, +1 OCCULT INVESTIGATION, +1 OBSERVATION, Keyword BELIEVER. Place this card below Scully to remind you of the increased skills. Place two tokens on this card. Discard a token to search through your Bureau deck and add any Healing card to your hand. Show it to your opponent and shuffle your deck.			Ultra-Rare	Ascension	XF96-0248v1
b22735c4-4993-499f-83d9-f6d9cf085a01	Dark Forces Align	x-files-ccg/01-premiere/XFilesCcg-01Premiere-DarkForcesAlign.jpg	default	Event	01 - Premiere	01 - Premiere	playerNDeck	6 CP	Event|Phenomena	Play on an opponent Team in any Section. For the rest of the turn, that Team is considered to have a single Characteristic SITE Keyword (i.e., RESULT SITE). You may choose any one Characteristic for the Keyword.			Rare	Die Hand Die Verletzt	XF96-0261v1
bed13188-9ec5-4523-bd60-9004aa7a8e3c	Darkness Falls	x-files-ccg/01-premiere/XFilesCcg-01Premiere-DarknessFalls.jpg	default	Adversary	01 - Premiere	01 - Premiere	playerNDeck	6 CP	Adversary|Primordial|Creature	Unless a HEALING card is played immediately and the card results in one point being healed, move the Agent to the Hospital. The Agent must stay in the Hospital for the next turn.	N/A		Uncommon	Darkness Falls	XF96-0346v1
99df81e4-964a-422e-92fc-842b5982e71b	Deadhorse, AK	x-files-ccg/01-premiere/XFilesCcg-01Premiere-DeadhorseAK.jpg	default	Site	01 - Premiere	01 - Premiere	playerNDeck	1 RP	Site|Multi|Affiliation|Result|Alien Investigation|Evidence Collection				Rare	End Game	XF96-0059v1
bf2fc4ef-4e64-49ed-9545-e11127d5719c	Deadly Blur	x-files-ccg/01-premiere/XFilesCcg-01Premiere-DeadlyBlur.jpg	default	Adversary	01 - Premiere	01 - Premiere	playerNDeck	7 CP	Adversary|Alien|Creature	Any Agent damaged by the Deadly Blur is placed in the Hospital for the next two turns regardless of how much HEALTH they have. Each opponent's LONG RANGE COMBAT and CLOSE RANGE COMBAT is reduced by one point. The Deadly Blur may use SUBTERFUGE Combat cards.	6		Uncommon	Fallen Angel	XF96-0351v1
b6c7a223-0dac-4f72-aad6-b093ac84e475	Decoy	x-files-ccg/01-premiere/XFilesCcg-01Premiere-Decoy.jpg	default	Event	01 - Premiere	01 - Premiere	playerNDeck	1 RP	Event|Subterfuge|Negate	Play when an Adversary is allowed to enter combat with a single Agent. If the Team to which the Agent is attached makes a SUBTERFUGE 4+ skill check, the Adversary is negated.			Uncommon	Fresh Bones	XF96-0301v1
b7f077dc-1c35-44ef-8dac-35178feec16e	Decreased Workload	x-files-ccg/01-premiere/XFilesCcg-01Premiere-DecreasedWorkload.jpg	default	Event	01 - Premiere	01 - Premiere	playerNDeck	1 RP	Event|Bureaucracy	Play during the Briefing Phase. One Team in the Bureau may make a BUREAUCRACY 4+ skill check. If successful, choose one Agent. The Agent now has a RES number equal to the Agent's CRIMINAL INVESTIGATION skill during the next Briefing Phase. Place this card below the Agent to remind you of the increased skill.			Uncommon	The Host	XF96-0310v1
b54e040c-4a91-411b-a2d9-35b4dbb19cc4	Deductive Reasoning	x-files-ccg/01-premiere/XFilesCcg-01Premiere-DeductiveReasoning.jpg	default	Event	01 - Premiere	01 - Premiere	playerNDeck	3 RP	Event|Question|Criminal	Play on a Team that has just completed a combat. If the Team makes a CRIMINAL INVESTIGATION 5+ skill check, then they may ask whether or not the Adversary has a Keyword that is the same as the AFFILIATION of the controller's X-File.			Rare	Conduit	XF96-0285v1
ac94ccaa-5f2d-440c-80ef-caf31064326d	Deep Throat	x-files-ccg/01-premiere/XFilesCcg-01Premiere-DeepThroat.jpg	default	Event	01 - Premiere	01 - Premiere	playerNDeck	5 RP	Event|Question	Ask any one Characteristic question regarding one opponent's X-File. Remove this card from the game. The effects of this card may not be negated.			Ultra-Rare	Deep Throat	XF96-0222v1
a855243e-0cf7-4edf-aa1e-3fdc29ecc961	Detective Frank Briggs	x-files-ccg/01-premiere/XFilesCcg-01Premiere-DetectiveFrankBriggs.jpg	default	Witness	01 - Premiere	01 - Premiere	playerNDeck	2 RP	Witness|Criminal Investigation	Adds 2 to one Team's CRIMINAL INVESTIGATION skill check.			Uncommon	Squeeze	XF96-0192v1
9c34e3da-9fef-48c2-8323-ab123c008666	Detective Kelly Ryan	x-files-ccg/01-premiere/XFilesCcg-01Premiere-DetectiveKellyRyan.jpg	default	Bluff	01 - Premiere	01 - Premiere	playerNDeck	1 CP	Bluff|Evolutionary	Play to change one Keyword EVIDENCE COLLECTION, BEHAVIORAL, or CRIMINAL INVESTIGATION card to Keyword MOTIVE.			Common	Soft Light	XF96-0087v1
9eea3049-1ede-45bb-9d71-169dfeb3c584	Detective Miles	x-files-ccg/01-premiere/XFilesCcg-01Premiere-DetectiveMiles.jpg	default	Bluff	01 - Premiere	01 - Premiere	playerNDeck	1 CP	Bluff|Alien	Pay 1 [CP] to move up to 2 [RP] from your opponent's [RP] pool to your [CP] pool immediately.			Uncommon	Pilot	XF96-0115v1
a8be5e75-2d70-4535-92cc-b783e572715c	Detective Sharon Lazard	x-files-ccg/01-premiere/XFilesCcg-01Premiere-DetectiveSharonLazard.jpg	default	Witness	01 - Premiere	01 - Premiere	playerNDeck	2 RP	Witness|Evidence Collection	Adds 2 to one Team's EVIDENCE COLLECTION skill check.			Uncommon	Born Again	XF96-0195v1
9eed5a7a-a265-4c7e-8ad5-457a1185cf07	Detective Thompson	x-files-ccg/01-premiere/XFilesCcg-01Premiere-DetectiveThompson.jpg	default	Bluff	01 - Premiere	01 - Premiere	playerNDeck	3 CP	Bluff|Primordial	Play to change a Site Prerequisite to BUREAUCRACY 3+.			Uncommon	The Jersey Devil	XF96-0116v1
9fb8cf21-81a4-42a1-bc6f-f5e1699f7ad9	Detective Tony Fiore	x-files-ccg/01-premiere/XFilesCcg-01Premiere-DetectiveTonyFiore.jpg	default	Bluff	01 - Premiere	01 - Premiere	playerNDeck	2 CP	Bluff|Occult	Play to cause your opponent to discard two cards at random from his hand immediately.			Uncommon	Born Again	XF96-0118v1
95219612-9b2b-4602-9a0f-891a8203b586	Disarm	x-files-ccg/01-premiere/XFilesCcg-01Premiere-Disarm.jpg	default	Combat	01 - Premiere	01 - Premiere	playerNDeck	2 CP	Combat|Martial Arts	Adversaries that can use MARTIAL ARTS may play this card in a CLOSE RANGE COMBAT round to cause one Equipment card from the opposing side to be discarded. If the Equipment normally adds to CRC skill check, then it is discarded before it may do so.			Rare	Ice	XF96-0021v1
b35fae10-47a4-4acf-ba6d-4e96440cd9a3	Dissection	x-files-ccg/01-premiere/XFilesCcg-01Premiere-Dissection.jpg	default	Event	01 - Premiere	01 - Premiere	playerNDeck	1 RP	Event	Play this card after a Team of Agents damages an Adversary in combat by dealing enough wounds to kill it. Place five tokens in the [RP] pool.			Uncommon	Pilot	XF96-0277v1
93fd555e-1219-4fb5-bb3c-ead7f2321837	Dodge	x-files-ccg/01-premiere/XFilesCcg-01Premiere-Dodge.jpg	default	Combat	01 - Premiere	01 - Premiere	playerNDeck	3 *P	Combat	Play this card on any combatant in a LONG RANGE COMBAT round to reduce the damage from any one source by four points. The combatant using this card does not deal damage in this LRC round.			Uncommon	Young At Heart	XF96-0011v1
a2bd2d5b-63cb-49dd-9b0c-1498ea4f2a47	Donnie Pfaster, Death Fetishist	x-files-ccg/01-premiere/XFilesCcg-01Premiere-DonniePfasterDeathFetishist.jpg	default	X-File	01 - Premiere	01 - Premiere	playerNXFile					Primordial	Fixed	Irresistible	XF96-0151v1
aa983b12-fafa-457c-8f66-70d9b8a7b6c6	Doug Spinney	x-files-ccg/01-premiere/XFilesCcg-01Premiere-DougSpinney.jpg	default	Witness	01 - Premiere	01 - Premiere	playerNDeck	1 RP	Witness|Sciences	Adds 1 to one Team's SCIENCES skill check.			Common	Darkness Falls	XF96-0206v1
9dd1d337-4f5c-4969-9fd3-d185f979380e	Dr. Aaron Monte	x-files-ccg/01-premiere/XFilesCcg-01Premiere-DrAaronMonte.jpg	default	Bluff	01 - Premiere	01 - Premiere	playerNDeck	1 CP	Bluff|Evolutionary	Play to change one Keyword EVIDENCE COLLECTION, MEDICAL, or CRIMINAL INVESTIGATION card to Keyword MOTIVE.			Common	Tooms	XF96-0102v1
a11e70d4-0da1-4715-a1de-125f68dbddc4	Dr. Banton and His Shadow	x-files-ccg/01-premiere/XFilesCcg-01Premiere-DrBantonAndHisShadow.jpg	default	X-File	01 - Premiere	01 - Premiere	playerNXFile					Evolutionary	X-File	Soft Light	XF96-0138v1
9d11a9ef-1105-46dc-b619-4adc2ef3d526	Dr. Berube	x-files-ccg/01-premiere/XFilesCcg-01Premiere-DrBerube.jpg	default	Bluff	01 - Premiere	01 - Premiere	playerNDeck	X CP	Bluff|Government	Basic Game Only: Apply a -2 modifier to any one skill check involving one of the following skills: ALIEN INVESTIGATION, MEDICAL, SCIENCES.Advanced Game: Pay the listed [CP] Cost, where X = the number of [CP] paid to gain the desired modifier to one of the following skills: ALIEN INVESTIGATION, MEDICAL, SCIENCES. (1) = -1, (3) = -2, (5) = -3, (9) = -4.			Common	The Erlenmeyer Flask	XF96-0093v1
a7acf861-f284-4f5d-b3b8-267671b22c5f	Dr. Blockhead	x-files-ccg/01-premiere/XFilesCcg-01Premiere-DrBlockhead.jpg	default	Witness	01 - Premiere	01 - Premiere	playerNDeck	2 RP	Witness|Evolutionary|Negate	Negates one EVOLUTIONARY CREATURE.			Rare	Humbug	XF96-0185v1
a6620b9c-26de-470b-bde6-bcf7bb9a2358	Dr. Charles Burk	x-files-ccg/01-premiere/XFilesCcg-01Premiere-DrCharlesBurk.jpg	default	Agent	01 - Premiere	01 - Premiere	playerNStarting	4 RP	Agent|Independent|Believer		3		Fixed	The Calusari	XF96-0175v1
abdffaec-323b-4e47-8847-d742e249e596	Dr. Daniel Trepkos	x-files-ccg/01-premiere/XFilesCcg-01Premiere-DrDanielTrepkos.jpg	default	Witness	01 - Premiere	01 - Premiere	playerNDeck	2 RP	Witness|Negate|Primordial	Negates one PRIMORDIAL CREATURE.			Rare	Firewalker	XF96-0217v1
a7c5f9ee-73f3-4b31-8f15-58e6b122b7ff	Dr. Davey	x-files-ccg/01-premiere/XFilesCcg-01Premiere-DrDavey.jpg	default	Witness	01 - Premiere	01 - Premiere	playerNDeck	2 RP	Witness|Sciences	Adds 2 to one Team's SCIENCES skill check.			Uncommon	Soft Light	XF96-0189v1
a84073d8-9acc-452e-a6b9-c6ca82b32aa9	Dr. Diamond	x-files-ccg/01-premiere/XFilesCcg-01Premiere-DrDiamond.jpg	default	Witness	01 - Premiere	01 - Premiere	playerNDeck	3 RP	Witness|Behavioral|Resource	Adds 1 to one Team's BEHAVIORAL skill check once during your turn.			Rare	The Jersey Devil	XF96-0191v1
a872e46a-fb56-4b37-a0a2-2a86e800772a	Dr. Grissom	x-files-ccg/01-premiere/XFilesCcg-01Premiere-DrGrissom.jpg	default	Witness	01 - Premiere	01 - Premiere	playerNDeck	3 RP	Witness|Behavioral|Evolutionary|Resource	Adds 1 [RP] to your pool every time a Keyword EVOLUTIONARY or BEHAVIORAL card is played.			Rare	Sleepless	XF96-0193v1
aa564435-1d76-4deb-9c1f-93909bac31a2	Dr. Hodge	x-files-ccg/01-premiere/XFilesCcg-01Premiere-DrHodge.jpg	default	Witness	01 - Premiere	01 - Premiere	playerNDeck	1 RP	Witness|Medical	Adds 1 to one Team's MEDICAL skill check.			Common	Ice	XF96-0205v1
a8e42102-4124-46ac-bbd0-d67d0c37f31e	Dr. Laskos	x-files-ccg/01-premiere/XFilesCcg-01Premiere-DrLaskos.jpg	default	Witness	01 - Premiere	01 - Premiere	playerNDeck	2 RP	Witness|Medical	Adds 2 to one Team's MEDICAL skill check.			Uncommon	Død Kalm	XF96-0196v1
aac3ce23-2685-4a19-965d-9ace67138db7	Dr. Nollette	x-files-ccg/01-premiere/XFilesCcg-01Premiere-DrNollette.jpg	default	Witness	01 - Premiere	01 - Premiere	playerNDeck	3 RP	Witness|Observation|Sciences|Resource	Adds 1 [RP] to your pool every time a Keyword SCIENCES or OBSERVATION card is played.			Rare	Roland	XF96-0210v1
a945d17e-268e-4c3c-b406-8b3814f789ff	Dr. Osborne	x-files-ccg/01-premiere/XFilesCcg-01Premiere-DrOsborne.jpg	default	Witness	01 - Premiere	01 - Premiere	playerNDeck	3 RP	Witness|Government|Medical|Resource	Adds 1 [RP] to your pool every time a Keyword GOVERNMENT or MEDICAL card is played.			Rare	F. Emasculata	XF96-0200v1
aaa28dea-325f-4406-8458-17adcf53c41a	Dr. Sheila Braun	x-files-ccg/01-premiere/XFilesCcg-01Premiere-DrSheilaBraun.jpg	default	Witness	01 - Premiere	01 - Premiere	playerNDeck	2 RP	Witness|Behavioral	Adds 2 to one Team's BEHAVIORAL skill check.			Uncommon	Born Again	XF96-0207v1
b5695c0a-143b-4476-afd0-f1b8d67b0e34	Driving	x-files-ccg/01-premiere/XFilesCcg-01Premiere-Driving.jpg	default	Event	01 - Premiere	01 - Premiere	playerNDeck	2 RP	Event|Move|Criminal Investigation	Play on a Team in the Field during the Deployment Phase. If the Team makes a CRIMINAL INVESTIGATION 5+ skill check, they may investigate two Sites in the same state this turn.			Uncommon	Conduit	XF96-0287v1
a00ab27f-d68a-4b3b-a31f-6a0cfcbca8d1	Duane Barry	x-files-ccg/01-premiere/XFilesCcg-01Premiere-DuaneBarry.jpg	default	X-File	01 - Premiere	01 - Premiere	playerNXFile					Government	Fixed	Duane Barry	XF96-0122v1
a2406387-fe5d-43c0-adcd-0a0d05f25314	Død Kalm	x-files-ccg/01-premiere/XFilesCcg-01Premiere-DDKalm.jpg	default	X-File	01 - Premiere	01 - Premiere	playerNXFile					Alien	Common	Død Kalm	XF96-0147v1
a1eee3c0-e441-4aef-9b51-ea6695b29da7	Ed Funsch, Postal Worker	x-files-ccg/01-premiere/XFilesCcg-01Premiere-EdFunschPostalWorker.jpg	default	X-File	01 - Premiere	01 - Premiere	playerNXFile					Government	X-File	Blood	XF96-0145v1
bb6e7c43-2321-4377-a39c-9a39998d19de	Electron Emission Microscope	x-files-ccg/01-premiere/XFilesCcg-01Premiere-ElectronEmissionMicroscope.jpg	default	Equipment	01 - Premiere	01 - Premiere	playerNDeck	2 RP	Equipment|Electrical|Special	Agents equipped with an Electron Emission Microscope have access to the field office crime lab. Adds 1 to the Agent's MEDICAL skill.			Common	Young At Heart	XF96-0328v1
981c1bd4-30e0-40b4-8eaa-a9a3d758af73	Ellens Air Base, ID	x-files-ccg/01-premiere/XFilesCcg-01Premiere-EllensAirBaseID.jpg	default	Site	01 - Premiere	01 - Premiere	playerNDeck	2 RP	Site|Mono|Affiliation|Bureaucracy				Rare	Deep Throat	XF96-0045v1
a7c351b6-24a2-4146-9195-cc307e69ce38	Emil and Zoe	x-files-ccg/01-premiere/XFilesCcg-01Premiere-EmilAndZoe.jpg	default	Witness	01 - Premiere	01 - Premiere	playerNDeck	2 RP	Witness|Observation	Adds 2 to one Team's OBSERVATION skill check.			Uncommon	Deep Throat	XF96-0188v1
97af11c4-a456-4485-b8e6-a5c102ccd910	Energy Strike	x-files-ccg/01-premiere/XFilesCcg-01Premiere-EnergyStrike.jpg	default	Combat	01 - Premiere	01 - Premiere	playerNDeck	3 CP	Combat|Alien|Evolutionary	Play on any ALIEN or EVOLUTIONARY Adversary to add 3 to any LONG RANGE COMBAT skill check. If the Adversary does not have LRC skill, this card gives it a 3 for this round only.			Rare	Fallen Angel	XF96-0041v1
b2ba387d-73c5-4481-bf81-48c6c7bdf118	Equipment Malfunction	x-files-ccg/01-premiere/XFilesCcg-01Premiere-EquipmentMalfunction.jpg	default	Event	01 - Premiere	01 - Premiere	playerNDeck	2 CP	Event|Phenomena	Force one opponent to discard one piece of equipment (your choice) that does not specifically modify LONG or CLOSE RANGE COMBAT.			Uncommon	E.B.E.	XF96-0268v1
a116596c-e551-43a0-b893-faf62a16c007	Eugene Victor Tooms	x-files-ccg/01-premiere/XFilesCcg-01Premiere-EugeneVictorTooms.jpg	default	X-File	01 - Premiere	01 - Premiere	playerNXFile					Evolutionary	X-File	Squeeze	XF96-0136v1
9b7fc188-d09f-4c41-8be4-df0d6916f156	Eurisko Building, Crystal City, VA	x-files-ccg/01-premiere/XFilesCcg-01Premiere-EuriskoBuildingCrystalCityVA.jpg	default	Site	01 - Premiere	01 - Premiere	playerNDeck	1 RP	Site|Multi|Method|Result|Computer|Bureaucracy				Uncommon	Ghost in the Machine	XF96-0080v1
b72009f2-e4d4-4260-94aa-562c85dc5bd2	Evasive Maneuvers	x-files-ccg/01-premiere/XFilesCcg-01Premiere-EvasiveManeuvers.jpg	default	Event	01 - Premiere	01 - Premiere	playerNDeck	4 RP	Event|Negate	Negate one non-PHENOMENA Adversary.			Rare	The Erlenmeyer Flask	XF96-0303v1
a2db0e8b-7db2-4928-b0a5-6865c952e6f9	Eve	x-files-ccg/01-premiere/XFilesCcg-01Premiere-Eve.jpg	default	X-File	01 - Premiere	01 - Premiere	playerNXFile					Evolutionary	X-File	Eve	XF96-0154v1
adeaf5bf-df49-4d37-91e1-9e996839e959	Eve 7	x-files-ccg/01-premiere/XFilesCcg-01Premiere-Eve7.jpg	default	Event	01 - Premiere	01 - Premiere	playerNDeck	X CP	Event|Evolutionary	Move any Bluff cards from one Site to another Site or back into the owner's hand. If at the end of an Investigation Phase a Site is left with no Bluffs attached, discard it. X = 1 [CP] per Bluff removed.			Rare	Eve	XF96-0231v1
ae3a0d3a-4334-459c-9c34-efd0ec671987	Evidence Destroyed	x-files-ccg/01-premiere/XFilesCcg-01Premiere-EvidenceDestroyed.jpg	default	Event	01 - Premiere	01 - Premiere	playerNDeck	4 CP	Event|Negate|Evidence Collection	Negate one Keyword EVIDENCE COLLECTION card.			Uncommon	Pilot	XF96-0239v1
aefa9b0a-04d2-478b-b807-9c2e8cac6e19	Evidence Overlooked	x-files-ccg/01-premiere/XFilesCcg-01Premiere-EvidenceOverlooked.jpg	default	Event	01 - Premiere	01 - Premiere	playerNDeck	1 RP	Event|Observation|Resource	If the Team makes an OBSERVATION 4+ skill check, they gain a +1 to the Site skill check. Discard this card after you've used the modifier.			Common	Lazarus	XF96-0246v1
98023501-dcb2-468a-8912-dfcb2416931b	Excelsius Dei Convalescent Home, Worcester, MA	x-files-ccg/01-premiere/XFilesCcg-01Premiere-ExcelsiusDeiConvalescentHomeWorcesterMA.jpg	default	Site	01 - Premiere	01 - Premiere	playerNDeck	1 RP	Site|Multi|Motive|Method|Occult Investigation|Criminal Investigation				Uncommon	Excelsius Dei	XF96-0043v1
b19c918e-7c45-417d-8d8b-1e2b8a06e976	Expedite Request For Resources	x-files-ccg/01-premiere/XFilesCcg-01Premiere-ExpediteRequestForResources.jpg	default	Event	01 - Premiere	01 - Premiere	playerNDeck	1 RP	Event|Bureaucracy	Play on a Team in the Bureau. If the Team makes a BUREAUCRACY 4+ skill check then you may search through your Bureau Deck and draw one Equipment card to add to your hand. Show the card to your opponents and then shuffle your deck.			Uncommon	The Jersey Devil	XF96-0255v1
b4714bd7-efde-4f27-9999-76240c1aa16c	Expert Briefing	x-files-ccg/01-premiere/XFilesCcg-01Premiere-ExpertBriefing.jpg	default	Event	01 - Premiere	01 - Premiere	playerNDeck	2 RP	Event|Training	Play on an Agent in the Bureau. The Agent is taken out of play for one full turn. At the start of the Briefing Phase of the second turn the Agent may be deployed as normal and in addition has a +1 in one of the following skills: OBSERVATION, BEHAVIORAL or SUBTERFUGE. Place this card below the Agent to remind you of the increased skill.			Common	Anasazi	XF96-0280v1
9371b953-cc0e-4eb0-80cc-39a4c999c9d5	Face-Off	x-files-ccg/01-premiere/XFilesCcg-01Premiere-FaceOff.jpg	default	Combat	01 - Premiere	01 - Premiere	playerNDeck	2 *P	Combat	Play this card during a LONG RANGE COMBAT round on a combatant you control with an LRC skill. That combatant and one other combatant of the owning player's choice will deal no damage in this LRC round.			Uncommon	Ice	XF96-0003v1
a27ce39b-2332-4bc4-87d3-59a1c32bb8b2	Faciphaga Emasculata	x-files-ccg/01-premiere/XFilesCcg-01Premiere-FaciphagaEmasculata.jpg	default	X-File	01 - Premiere	01 - Premiere	playerNXFile					Government	X-File	F. Emasculata	XF96-0150v1
997d4e0a-3b93-4c92-ae96-5d029d6a7ca0	Fairfield Zoo, Fairfield, ID	x-files-ccg/01-premiere/XFilesCcg-01Premiere-FairfieldZooFairfieldID.jpg	default	Site	01 - Premiere	01 - Premiere	playerNDeck	2 RP	Site|Mono|Motive|Observation				Common	Fearful Symmetry	XF96-0058v1
9ab89ab4-332f-4fa9-a8a3-1257ff57da20	Farmington, NM	x-files-ccg/01-premiere/XFilesCcg-01Premiere-FarmingtonNM.jpg	default	Site	01 - Premiere	01 - Premiere	playerNDeck	1 RP	Site|Multi|Motive|Method|Alien Investigation|Computer				Uncommon	Anasazi	XF96-0066v1
9538cfbf-6fef-4c96-a523-6261d86d1594	Fascination	x-files-ccg/01-premiere/XFilesCcg-01Premiere-Fascination.jpg	default	Combat	01 - Premiere	01 - Premiere	playerNDeck	2 CP	Combat|Occult	Play on any Adversary to add 1 to its CLOSE RANGE COMBAT skill check. In addition, if the Adversary is OCCULT, play on the chosen Agent in combat to negate his combat skills this round.			Uncommon	3	XF96-0023v1
95c42842-9515-4000-b749-fafaddaab3d2	Fast Draw	x-files-ccg/01-premiere/XFilesCcg-01Premiere-FastDraw.jpg	default	Combat	01 - Premiere	01 - Premiere	playerNDeck	2 *P	Combat	Play on any one combatant who would not normally be allowed to fight a round of LONG RANGE COMBAT. The combatant must still have LRC skill. The combatant may fight one round of LRC as normal.			Rare	The Erlenmeyer Flask	XF96-0029v1
93ae119b-66d9-4101-bec7-bff2512c7bbc	Fast Strike	x-files-ccg/01-premiere/XFilesCcg-01Premiere-FastStrike.jpg	default	Combat	01 - Premiere	01 - Premiere	playerNDeck	4 *P	Combat	Play this card on any combatant with a CLOSE RANGE COMBAT skill of three or more to allow that combatant to attack twice in a CRC round.			Rare	End Game	XF96-0005v1
b2f741ec-af93-4bd8-9482-4ff57b8e6298	Fingernail Scrapings	x-files-ccg/01-premiere/XFilesCcg-01Premiere-FingernailScrapings.jpg	default	Event	01 - Premiere	01 - Premiere	playerNDeck	1 RP	Event|Evidence Collection|Resource	If the Team makes an EVIDENCE COLLECTION 4+ skill check, they gain a +1 to a Site skill check. Discard this card after you've used the modifier.			Common	Blood	XF96-0272v1
ae2136d7-08df-4a6c-9212-5425c6fbc135	Fingerprints	x-files-ccg/01-premiere/XFilesCcg-01Premiere-Fingerprints.jpg	default	Event	01 - Premiere	01 - Premiere	playerNDeck	2 RP	Event|Evidence Collection|Resource	Play on one Team in the Field. If the Team makes an EVIDENCE COLLECTION skill check 5+, then they may add 2 to any Site skill check. Discard this card after you've used the modifier.			Uncommon	Tooms	XF96-0236v1
93656e33-b5f2-4367-a127-6d907151899c	First Aid	x-files-ccg/01-premiere/XFilesCcg-01Premiere-FirstAid.jpg	default	Combat	01 - Premiere	01 - Premiere	playerNDeck	0 RP	Combat|Healing	Play on any Agent in the Field to immediately Heal one point of damage.			Common	The Jersey Devil	XF96-0002v1
97256ca7-74e3-45f2-850d-08cd77f1d7d8	Flaming Wall	x-files-ccg/01-premiere/XFilesCcg-01Premiere-FlamingWall.jpg	default	Combat	01 - Premiere	01 - Premiere	playerNDeck	2 CP	Combat|Evolutionary	Play on any EVOLUTIONARY Adversary to cause one point of damage to each opponent in a LONG RANGE COMBAT round. This is in addition to any other damage caused by the Adversary in this round.			Uncommon	Fire	XF96-0036v1
9bb56959-98c9-4ac8-a218-959f3901fd34	Folkstone, NC	x-files-ccg/01-premiere/XFilesCcg-01Premiere-FolkstoneNC.jpg	default	Site	01 - Premiere	01 - Premiere	playerNDeck	1 RP	Site|Multi|Affiliation|Motive|Bureaucracy|Behavioral				Uncommon	Fresh Bones	XF96-0081v1
9b5dbd4f-87bf-4c2b-8542-6ec4e71d2f60	Franklin, PA	x-files-ccg/01-premiere/XFilesCcg-01Premiere-FranklinPA.jpg	default	Site	01 - Premiere	01 - Premiere	playerNDeck	2 RP	Site|Mono|Method|Criminal Investigation				Fixed	Blood	XF96-0079v1
b7436148-d83c-4c56-9031-083fe870c727	Frohike	x-files-ccg/01-premiere/XFilesCcg-01Premiere-Frohike.jpg	default	Event	01 - Premiere	01 - Premiere	playerNDeck	3 RP	Event|Negate	This card will negate one Event card played on your Team.			Rare	Blood	XF96-0304v1
b82c68a1-7ecc-4e94-9131-26f1adb2b230	Gas Chromatograph	x-files-ccg/01-premiere/XFilesCcg-01Premiere-GasChromatograph.jpg	default	Equipment	01 - Premiere	01 - Premiere	playerNDeck	2 RP	Equipment|Electrical|Special	Agents equipped with a Gas Chromatograph have access to the field office crime lab. Adds 1 to the Agent's SCIENCES skill.			Common	Firewalker	XF96-0312v1
bad31bc1-85ce-446a-83d9-59f46470ecc5	Geiger Counter	x-files-ccg/01-premiere/XFilesCcg-01Premiere-GeigerCounter.jpg	default	Equipment	01 - Premiere	01 - Premiere	playerNDeck	2 RP	Equipment|Electrical|Special	Adds 1 to the Agent's ALIEN INVESTIGATION skill.			Uncommon	E.B.E.	XF96-0324v1
98bb4f57-ebae-42fc-8fbb-29cc8faa489a	Genetics Clinic, Marin County, CA	x-files-ccg/01-premiere/XFilesCcg-01Premiere-GeneticsClinicMarinCountyCA.jpg	default	Site	01 - Premiere	01 - Premiere	playerNDeck	2 RP	Site|Mono|Affiliation|Medical				Common	Eve	XF96-0052v1
ab9a0801-a5b1-4722-b7c6-181d1841d4c3	Gerd Thomas	x-files-ccg/01-premiere/XFilesCcg-01Premiere-GerdThomas.jpg	default	Witness	01 - Premiere	01 - Premiere	playerNDeck	1 RP	Witness|Observation	Adds 1 to one Team's OBSERVATION skill check.			Fixed	Red Museum	XF96-0216v1
9e483fb4-3a0f-4cbb-a805-2c157c5cccda	Ghost in the Machine	x-files-ccg/01-premiere/XFilesCcg-01Premiere-GhostInTheMachine.jpg	default	Bluff	01 - Premiere	01 - Premiere	playerNDeck	1 CP	Bluff|Phenomena|Evolutionary	Play to change one Keyword COMPUTER, SCIENCES, or SUBTERFUGE card to Keyword RESULT.			Common	Ghost in the Machine	XF96-0108v1
97fcff35-d779-4ec1-87b8-9ef062df152a	Gibsonton, FL	x-files-ccg/01-premiere/XFilesCcg-01Premiere-GibsontonFL.jpg	default	Site	01 - Premiere	01 - Premiere	playerNDeck	2 RP	Site|Mono|Method|Medical				Common	Humbug	XF96-0042v1
b905b931-4621-42e8-b490-2c1704198b11	Glock 19 Semi-Automatic Pistol	x-files-ccg/01-premiere/XFilesCcg-01Premiere-Glock19SemiAutomaticPistol.jpg	default	Equipment	01 - Premiere	01 - Premiere	playerNDeck	4 RP	Equipment|Weapon|Standard	Adds 2 to the Agent's LONG RANGE COMBAT skill.			Uncommon	Young At Heart	XF96-0317v1
bde27e1f-d048-449e-a232-0184346de7e2	Good People, Good Food	x-files-ccg/01-premiere/XFilesCcg-01Premiere-GoodPeopleGoodFood.jpg	default	Adversary	01 - Premiere	01 - Premiere	playerNDeck	8 CP	Adversary|Primordial|Creature	Damage caused by this creature may be split among all opponents (Directed Player's choice).	10		Uncommon	Our Town	XF96-0340v1
adff76d4-58dd-4be1-98d8-b6a1b8db7056	Government Arrests Suspects	x-files-ccg/01-premiere/XFilesCcg-01Premiere-GovernmentArrestsSuspects.jpg	default	Event	01 - Premiere	01 - Premiere	playerNDeck	1 CP	Event|Negate|Government	Negate one Witness that modifies ALIEN INVESTIGATION or BUREAUCRACY skill.			Common	Conduit	XF96-0233v1
b9c8f2fa-a43d-4eb4-a6ae-2910dfcb6d30	Government Car	x-files-ccg/01-premiere/XFilesCcg-01Premiere-GovernmentCar.jpg	default	Equipment	01 - Premiere	01 - Premiere	playerNDeck	2 RP	Equipment|Mechanical|Standard	Adds 1 to the Agent's CRIMINAL INVESTIGATION skill.			Common	E.B.E.	XF96-0320v1
9e84b889-c8c5-4795-ae08-39508d747188	Government Cover-Up	x-files-ccg/01-premiere/XFilesCcg-01Premiere-GovernmentCoverUp.jpg	default	Bluff	01 - Premiere	01 - Premiere	playerNDeck	X CP	Bluff|Conspiracy|Phenomena|Government	Basic Game Only: Apply a -2 modifier to any one skill check involving one of the following skills: SCIENCES, EVIDENCE COLLECTION, BUREAUCRACY.Advanced Game: Pay the listed [CP] Cost, where X = the number of [CP] paid to gain the desired modifier to one of the following skills: SCIENCES, EVIDENCE COLLECTION, BUREAUCRACY. (1) = -1, (3) = -2, (5) = -3, (9) = -4.			Common	Anasazi	XF96-0112v1
b6a2c2f6-a9ad-40e7-924b-79e067b6cecb	Government Mindwipe Serum	x-files-ccg/01-premiere/XFilesCcg-01Premiere-GovernmentMindwipeSerum.jpg	default	Event	01 - Premiere	01 - Premiere	playerNDeck	3 CP	Event|Government	Force one opponent to discard all cards in their hand that contain the Keyword ALIEN INVESTIGATION or BUREAUCRACY.			Uncommon	Deep Throat	XF96-0299v1
ae63649c-fb21-473d-bc0f-8c26e6f28b50	Government Sanctioned Pheromone Experiments	x-files-ccg/01-premiere/XFilesCcg-01Premiere-GovernmentSanctionedPheromoneExperiments.jpg	default	Event	01 - Premiere	01 - Premiere	playerNDeck	8 CP	Event|Government	Force an opponent Team to make a SCIENCES 4+ skill check. If the Team fails, you may choose an opposing Agent on the Team to enter combat with any other Agent on the Team. Combat will only last one round.			Rare	Blood	XF96-0241v1
b55bd6b1-d9be-4af9-9b5b-42332c3537bb	Grid Pattern Search	x-files-ccg/01-premiere/XFilesCcg-01Premiere-GridPatternSearch.jpg	default	Event	01 - Premiere	01 - Premiere	playerNDeck	2 RP	Event|Evidence Collection	Select one card from your Discard Pile and place it in your hand.			Rare	Lazarus	XF96-0286v1
93f091b9-4307-42de-93bc-01f3b9f10106	Gun Jammed	x-files-ccg/01-premiere/XFilesCcg-01Premiere-GunJammed.jpg	default	Combat	01 - Premiere	01 - Premiere	playerNDeck	1 *P	Combat	Negates the effects of any one Equipment card that adds to LONG RANGE COMBAT Skill for the duration of this combat.			Common	Little Green Men	XF96-0009v1
aae5bd23-7fcc-4953-b77c-b63f9f5f569c	Gung Bituen	x-files-ccg/01-premiere/XFilesCcg-01Premiere-GungBituen.jpg	default	Witness	01 - Premiere	01 - Premiere	playerNDeck	4 RP	Witness|Occult|Resource	Attach this Witness to a Team. Enables your Agents to deal damage to OCCULT CREATUREs as normal. For example, you may use LRC against POLTERGEISTs and VAMPIREs. If at any time there are no Agents in the Team to which this card is attached, discard this card.			Rare	Excelsius Dei	XF96-0214v1
b3d733e7-5258-4f03-97f0-7965f67c922e	Hack Into Government Files	x-files-ccg/01-premiere/XFilesCcg-01Premiere-HackIntoGovernmentFiles.jpg	default	Event	01 - Premiere	01 - Premiere	playerNDeck	5 RP	Event|Computer	Play on a Team to make a COMPUTER 4+ skill check. If successful, you may select any card in your collection and add it to your hand. The card need not be part of your Bureau deck. Nor may it exceed the limit of two cards per deck.			Rare	Anasazi	XF96-0278v1
95fc0548-2ea0-48fd-a239-2b56171afae7	Handcuff	x-files-ccg/01-premiere/XFilesCcg-01Premiere-Handcuff.jpg	default	Combat	01 - Premiere	01 - Premiere	playerNDeck	3 RP	Combat	Play this card in a CLOSE RANGE COMBAT round after damage has been dealt. If the Agents dealt two or more points more damage than their opponent, combat ends immediately. In addition, place the opposing Adversary in the Agents' Bureau section. The player may discard this card at any time to add two points of damage to any future combat involving an Adversary with the same Keywords.			Rare	Squeeze	XF96-0032v1
b4f1302f-d332-43c7-8c8d-72b640111ac9	Hard Evidence	x-files-ccg/01-premiere/XFilesCcg-01Premiere-HardEvidence.jpg	default	Event	01 - Premiere	01 - Premiere	playerNDeck	2 RP	Event|Evidence	Add five tokens to your [RP] pool.			Common	Pilot	XF96-0282v1
95b19527-27d4-4c2d-acc1-b2c4d2a74354	Hard Punch	x-files-ccg/01-premiere/XFilesCcg-01Premiere-HardPunch.jpg	default	Combat	01 - Premiere	01 - Premiere	playerNDeck	1 *P	Combat	Play on any combatant in a CLOSE RANGE COMBAT round. Add one to the combatant's damage result.			Common	Anasazi	XF96-0027v1
9f4f557e-5b3a-4902-b811-7ca6cc27dc78	Harry Cokely	x-files-ccg/01-premiere/XFilesCcg-01Premiere-HarryCokely.jpg	default	Bluff	01 - Premiere	01 - Premiere	playerNDeck	1 CP	Bluff|Evolutionary	Play to change one Keyword OCCULT INVESTIGATION, BEHAVIORAL, or OBSERVATION card to Keyword METHOD.			Common	Aubrey	XF96-0117v1
9e908fa8-3896-45b3-b6be-3278dcb31873	Hazardous Sample	x-files-ccg/01-premiere/XFilesCcg-01Premiere-HazardousSample.jpg	default	Bluff	01 - Premiere	01 - Premiere	playerNDeck	4 CP	Bluff|Phenomena	Play to force the Investigating player to discard all Keyword EVIDENCE COLLECTION cards in his hand.			Common	Ice	XF96-0113v1
9ed3b3b4-75b4-4d89-b96d-f1033e3fabd3	Henry Trondheim	x-files-ccg/01-premiere/XFilesCcg-01Premiere-HenryTrondheim.jpg	default	Bluff	01 - Premiere	01 - Premiere	playerNDeck	2 CP	Bluff	Force the Team investigation a Site to discard one Equipment card of your choice.			Uncommon	Død Kalm	XF96-0114v1
b5d3b3ea-1492-4cc3-892a-30ad61ac08c2	Hidden Grave	x-files-ccg/01-premiere/XFilesCcg-01Premiere-HiddenGrave.jpg	default	Event	01 - Premiere	01 - Premiere	playerNDeck	2 RP	Event|Medical	Take any Witness from your opponent's Discard Pile and use it for one skill check immediately at no cost.			Uncommon	Conduit	XF96-0291v1
ad374ef5-491a-4a84-8867-bd7c2917b166	Hidden Transmitter	x-files-ccg/01-premiere/XFilesCcg-01Premiere-HiddenTransmitter.jpg	default	Event	01 - Premiere	01 - Premiere	playerNDeck	4 CP	Event|Question|Government|Subterfuge	Play after an opponent Team successfully asks a Characteristic question. Force that opponent Team to make a SUBTERFUGE 4+ skill check. If they fail they must tell you the question and answer they obtained.			Uncommon	E.B.E.	XF96-0227v1
93fcaf3c-9830-4455-bf6c-6f68807e1719	Hide	x-files-ccg/01-premiere/XFilesCcg-01Premiere-Hide.jpg	default	Combat	01 - Premiere	01 - Premiere	playerNDeck	1 *P	Combat|Subterfuge	Play this on one combatant with a SUBTERFUGE skill of 1+ or that is capable of using SUBTERFUGE cards. No damage may be dealt to that combatant in this round and the combatant deals no damage.			Common	The Jersey Devil	XF96-0010v1
b9ad92c1-a449-4473-b7e1-9ea567fdb305	High Resolution Camera	x-files-ccg/01-premiere/XFilesCcg-01Premiere-HighResolutionCamera.jpg	default	Equipment	01 - Premiere	01 - Premiere	playerNDeck	2 RP	Equipment|Mechanical|Special	Adds 1 to the Agent's OCCULT INVESTIGATION skill.			Common	The Calusari	XF96-0318v1
b9aea804-0eb1-4a81-80f9-bbf541b932b6	High-Powered Flashlight	x-files-ccg/01-premiere/XFilesCcg-01Premiere-HighPoweredFlashlight.jpg	default	Equipment	01 - Premiere	01 - Premiere	playerNDeck	4 RP	Equipment|Electrical|Standard	Adds 2 to the Agent's OBSERVATION skill.			Uncommon	Little Green Men	XF96-0319v1
95ef78a7-4ce9-46ca-a6ee-d137234fbc22	Hit and Run	x-files-ccg/01-premiere/XFilesCcg-01Premiere-HitAndRun.jpg	default	Combat	01 - Premiere	01 - Premiere	playerNDeck	3 RP	Combat	One Agent equipped with a "Government Car" may use this card to make one CLOSE RANGE COMBAT attack at CRC skill: 6. Any damage allocated to the Agent is taken by the car first. The car is destroyed after taking six hits. Hits in excess of those needed to destroy the car are applied to the Agent. Discard the "Government Car" card after this combat round is resolved.			Uncommon	Colony	XF96-0031v1
9d32670d-a757-4e16-b005-72542a5605db	Holtzman, D.S.A.	x-files-ccg/01-premiere/XFilesCcg-01Premiere-HoltzmanDSA.jpg	default	Bluff	01 - Premiere	01 - Premiere	playerNDeck	X CP	Bluff|Government	Basic Game Only: Apply a -2 modifier to any one skill check involving one of the following skills: CRIMINAL INVESTIGATION, EVIDENCE COLLECTION, COMPUTER.Advanced Game: Pay the listed [CP] Cost, where X = the number of [CP] paid to gain the desired modifier to one of the following skills: CRIMINAL INVESTIGATION, EVIDENCE COLLECTION, COMPUTER. (1) = -1, (3) = -2, (5) = -3, (9) = -4.			Common	Conduit	XF96-0097v1
bae8d3f2-4cbe-4c11-8e9f-b81ab4e7a1ed	Hospital Crash Cart	x-files-ccg/01-premiere/XFilesCcg-01Premiere-HospitalCrashCart.jpg	default	Equipment	01 - Premiere	01 - Premiere	playerNDeck	4 RP	Equipment|Healing|Special	This piece of Equipment does not need to be attached to any Agent. Place three tokens on the Hospital Crash Cart. Discard one token to heal one point of damage to an Agent in the Hospital. Discard when all three tokens have been expended.			Rare	One Breath	XF96-0325v1
a116d694-fb66-4f7a-9882-0248bc61f098	Howard Graves, The Poltergeist	x-files-ccg/01-premiere/XFilesCcg-01Premiere-HowardGravesThePoltergeist.jpg	default	X-File	01 - Premiere	01 - Premiere	playerNXFile					Occult	X-File	Shadows	XF96-0137v1
bd43f8e3-75d5-473b-8b01-9edd2059c7b3	Hunter In The Dark	x-files-ccg/01-premiere/XFilesCcg-01Premiere-HunterInTheDark.jpg	default	Adversary	01 - Premiere	01 - Premiere	playerNDeck	7 CP	Adversary|Primordial|Creature	The LONG RANGE COMBAT round is skipped.	5		Fixed	The Jersey Devil	XF96-0335v1
acee40bb-24a9-4119-87c3-fd06495cdc90	I Want To Believe	x-files-ccg/01-premiere/XFilesCcg-01Premiere-IWantToBelieve.jpg	default	Event	01 - Premiere	01 - Premiere	playerNDeck	1 RP	Event|Alien Investigation|Occult Investigation	Play on one Agent to allow that Agent to use their EVIDENCE COLLECTION skill number for any one ALIEN INVESTIGATION or OCCULT INVESTIGATION skill check.			Common	Conduit	XF96-0225v1
9a8e2cdc-13f4-4cd7-8d2e-9d69d264d2b1	Icy Cape, AK	x-files-ccg/01-premiere/XFilesCcg-01Premiere-IcyCapeAK.jpg	default	Site	01 - Premiere	01 - Premiere	playerNDeck	2 RP	Site|Mono|Result|Evidence Collection				Fixed	Ice	XF96-0065v1
965bfd07-e776-4256-9fd4-7b8ea84ab2ee	Illusionary Foe	x-files-ccg/01-premiere/XFilesCcg-01Premiere-IllusionaryFoe.jpg	default	Combat	01 - Premiere	01 - Premiere	playerNDeck	4 CP	Combat|Occult|Evolutionary	Play on any OCCULT or EVOLUTIONARY Adversary to negate all damage allocated to that Adversary this round.			Rare	Sleepless	XF96-0033v1
b253d95e-d0de-4b74-96e2-697e298432b5	Improved Channels	x-files-ccg/01-premiere/XFilesCcg-01Premiere-ImprovedChannels.jpg	default	Event	01 - Premiere	01 - Premiere	playerNDeck	2 RP	Event|Resource	The Team must make a BUREAUCRACY 4+ skill check. If successful, you may now have up to ten cards in hand at the end of your turn. This condition stays in effect until you are forced to discard this card. Discard this card if one of your Agents is moved from or to the Bureau Section of the table for any reason.			Uncommon	One Breath	XF96-0263v1
b56fd5b6-89e5-4452-92f3-fb6bf3449631	In-Service Training	x-files-ccg/01-premiere/XFilesCcg-01Premiere-InServiceTraining.jpg	default	Event	01 - Premiere	01 - Premiere	playerNDeck	2 RP	Event|Training	Play on an Agent in the Bureau. The Agent is taken out of play for one full turn. At the start of the Briefing Phase of the second turn, the Agent may be deployed as normal, and in addition has a +1 in one of the following skills: COMPUTER, MEDICAL, or SCIENCES. Place this card below the Agent to remind you of the increased skill.			Common	Little Green Men	XF96-0288v1
a570d493-3914-4af0-a2e4-d2650b02b428	Inspector Phoebe Green	x-files-ccg/01-premiere/XFilesCcg-01Premiere-InspectorPhoebeGreen.jpg	default	Agent	01 - Premiere	01 - Premiere	playerNStarting	5 RP	Agent|Independent|Law		4		Fixed	Fire	XF96-0168v1
95430d80-24e6-44fa-9207-d8367a596691	Internal Bleeding	x-files-ccg/01-premiere/XFilesCcg-01Premiere-InternalBleeding.jpg	default	Combat	01 - Premiere	01 - Premiere	playerNDeck	3 CP	Combat	Play on any Agent that has taken two or more points of damage from a single damage source. That Agent must go to the Hospital immediately and may no longer participate in the combat. The Agent may not leave the Hospital until he is fully healed.			Uncommon	Duane Barry	XF96-0024v1
9dac89bd-fd73-4d8f-b54d-377563c71988	Intruder Counter-Measures Program	x-files-ccg/01-premiere/XFilesCcg-01Premiere-IntruderCounterMeasuresProgram.jpg	default	Bluff	01 - Premiere	01 - Premiere	playerNDeck	1 CP	Bluff|Phenomena	Play to add 2 [CP] to your pool immediately.			Uncommon	Ghost in the Machine	XF96-0101v1
aaceee17-5ca7-4edc-9715-8b49d797b092	Ish-Tribal Elder	x-files-ccg/01-premiere/XFilesCcg-01Premiere-IshTribalElder.jpg	default	Witness	01 - Premiere	01 - Premiere	playerNDeck	2 RP	Witness|Occult Investigation	Adds 2 to one Team's OCCULT INVESTIGATION skill check.			Uncommon	Shapes	XF96-0211v1
a25e5dd5-498f-464a-98a1-e1e3c611b441	John Barnett	x-files-ccg/01-premiere/XFilesCcg-01Premiere-JohnBarnett.jpg	default	X-File	01 - Premiere	01 - Premiere	playerNXFile					Government	Fixed	Young At Heart	XF96-0148v1
a87cd74c-5810-42b2-8fd9-0d9802b6a275	Kevin Morris, A.K.A. The Conduit	x-files-ccg/01-premiere/XFilesCcg-01Premiere-KevinMorrisAKATheConduit.jpg	default	Witness	01 - Premiere	01 - Premiere	playerNDeck	3 RP	Witness|Alien Investigation|Evidence Collection|Resource	Adds 1 [RP] to your pool every time a Keyword ALIEN INVESTIGATION or EVIDENCE COLLECTION card is played.			Rare	Conduit	XF96-0194v1
b8c42353-ac1a-4be6-a979-fb474114f40c	Kevlar Vest	x-files-ccg/01-premiere/XFilesCcg-01Premiere-KevlarVest.jpg	default	Equipment	01 - Premiere	01 - Premiere	playerNDeck	3 RP	Equipment|Armor|Standard	The Kevlar Vest will absorb three points of damage. Place three tokens on this card. Discard a token to prevent one point of damage. Discard the Vest when all the tokens have been discarded. Excess damage is applied to the Agent as normal.			Uncommon	Young At Heart	XF96-0316v1
93f00859-5c58-44bb-bd28-1890e70d3ece	Kick	x-files-ccg/01-premiere/XFilesCcg-01Premiere-Kick.jpg	default	Combat	01 - Premiere	01 - Premiere	playerNDeck	1 *P	Combat|Martial Arts	Play on any Combatant that can use MARTIAL ARTS or any combatant opposing a stunned opponent. Add 2 to the combatant's CLOSE RANGE COMBAT damage result this round.			Common	Red Museum	XF96-0008v1
bf66a01d-55d1-41a9-8fd0-6ad9de4f63b8	Kiss Of The Vampire	x-files-ccg/01-premiere/XFilesCcg-01Premiere-KissOfTheVampire.jpg	default	Adversary	01 - Premiere	01 - Premiere	playerNDeck	10 CP	Adversary|Occult|Creature|Master	Play this card on a Team in the Field that plays a Witness. Discard the Witness card. The Witness actually becomes a lesser vampire that attacks the Team in conjunction with the master vampire, with a CLOSE RANGE COMBAT rating of 3 and a HEALTH rating of 3. LONG RANGE COMBAT will cause no damage to eiter vampire.	6		Rare	3	XF96-0354v1
b9f5032b-4159-4a61-bb53-a17a8630da8e	Knife	x-files-ccg/01-premiere/XFilesCcg-01Premiere-Knife.jpg	default	Equipment	01 - Premiere	01 - Premiere	playerNDeck	2 RP	Equipment|Weapon|Standard	Adds 1 to the Agent's CLOSE RANGE COMBAT skill.			Common	Die Hand Die Verletzt	XF96-0321v1
aaf540c3-cdd4-4f78-9d4d-6507c57a150f	Kristen Kilar	x-files-ccg/01-premiere/XFilesCcg-01Premiere-KristenKilar.jpg	default	Witness	01 - Premiere	01 - Premiere	playerNDeck	3 RP	Witness|Criminal Investigation|Occult Investigation|Resource	Adds 1 [RP] to your pool every time a Keyword OCCULT INVESTIGATION or CRIMINAL INVESTIGATION card is played.			Rare	3	XF96-0215v1
b29a5a91-b3b7-4f89-a5b6-a682124ee4fc	Krycek, The Double Agent	x-files-ccg/01-premiere/XFilesCcg-01Premiere-KrycekTheDoubleAgent.jpg	default	Event	01 - Premiere	01 - Premiere	playerNDeck	6 CP	Event|Government|Killer	Play on Agent Krycek when he is in the Field and is involved in a skill check. Krycek engages one of the Team's Agents (opponent's choice) in Combat. No other Agents may contribute skills to the combat. If Krycek sends the chosen Agent to the Hospital within two rounds of combat, then Krycek stays on the team, otherwise he is removed from play. While Krycek is affected by this card he is considered a GOVERNMENT, MASTER Adversary. Cards that would cause Krycek to be discard simply negate the combat.			Rare	Ascension	XF96-0265v1
986ffdf3-d466-42d6-9118-733f3bf6861b	Lake Okobogee, Campsite #53, Sioux City, IA	x-files-ccg/01-premiere/XFilesCcg-01Premiere-LakeOkobogeeCampsite53SiouxCityIA.jpg	default	Site	01 - Premiere	01 - Premiere	playerNDeck	2 RP	Site|Mono|Motive|Alien Investigation				Common	Conduit	XF96-0049v1
b10a3001-90e2-4b3b-aeb1-1a63161ad289	Langly	x-files-ccg/01-premiere/XFilesCcg-01Premiere-Langly.jpg	default	Event	01 - Premiere	01 - Premiere	playerNDeck	2 RP	Event	Force one Bluff card attached to a Site to be discarded. If there are several Bluffs at the Site, the Bluff to be discarded must be chosen randomly.			Common	E.B.E.	XF96-0254v1
b7f3049d-99e5-4f2f-89b9-e2edd340a371	Laptop Computer	x-files-ccg/01-premiere/XFilesCcg-01Premiere-LaptopComputer.jpg	default	Equipment	01 - Premiere	01 - Premiere	playerNDeck	4 RP	Equipment|Electrical|Special	Adds 2 to the Agent's COMPUTER skill.			Uncommon	Pilot	XF96-0311v1
9e05c6ea-ae0d-4c80-a748-f92a44b25e5b	Laser Barrier	x-files-ccg/01-premiere/XFilesCcg-01Premiere-LaserBarrier.jpg	default	Bluff	01 - Premiere	01 - Premiere	playerNDeck	2 CP	Bluff|Phenomena	Play to prevent one Agent assigned to a Site from contributing the Agent's skills to one skill check (your choice) that the Team makes this turn.			Rare	Fallen Angel	XF96-0104v1
a1bb4d27-4d89-456b-a12a-291672ebd4b0	Leonard Vance	x-files-ccg/01-premiere/XFilesCcg-01Premiere-LeonardVance.jpg	default	X-File	01 - Premiere	01 - Premiere	playerNXFile					Primordial	X-File	Miracle Man	XF96-0143v1
a3752fc5-3625-4c5a-aa52-3f2047f0f16e	Leonard, Detachable Congenital Twin	x-files-ccg/01-premiere/XFilesCcg-01Premiere-LeonardDetachableCongenitalTwin.jpg	default	X-File	01 - Premiere	01 - Premiere	playerNXFile					Evolutionary	Common	Humbug	XF96-0158v1
bc851406-8edf-4122-a827-639d20642a24	Lie Detector	x-files-ccg/01-premiere/XFilesCcg-01Premiere-LieDetector.jpg	default	Equipment	01 - Premiere	01 - Premiere	playerNDeck	2 RP	Equipment|Electrical|Special	Adds 1 to the Agent's BEHAVIORAL skill.			Common	Squeeze	XF96-0332v1
bee95c22-1cdf-4408-8195-c5ee0518620b	Living Machine	x-files-ccg/01-premiere/XFilesCcg-01Premiere-LivingMachine.jpg	default	Adversary	01 - Premiere	01 - Premiere	playerNDeck	6 CP	Adversary|Evolutionary|Phenomena	Fight Combat as normal except skip LONG RANGE COMBAT and go straight to CLOSE RANGE COMBAT. Agents must use their COMPUTER skill as their value in CRC. If an Agent has no COMPUTER skill, his value is 1.	7		Uncommon	Ghost in the Machine	XF96-0348v1
9b2d2585-b87c-4f96-b81c-ce5a3883b8bf	Los Angeles, CA	x-files-ccg/01-premiere/XFilesCcg-01Premiere-LosAngelesCA.jpg	default	Site	01 - Premiere	01 - Premiere	playerNDeck	1 RP	Site|Multi|Affiliation|Method|Occult Investigation|Evidence Collection				Uncommon	3	XF96-0077v1
a45f619e-15bd-450b-bd6d-530576fc3e59	Lt. Brian Tillman, Aubrey Police Department	x-files-ccg/01-premiere/XFilesCcg-01Premiere-LtBrianTillmanAubreyPoliceDepartment.jpg	default	Agent	01 - Premiere	01 - Premiere	playerNStarting	4 RP	Agent|Independent|Law		4		Fixed	Aubrey	XF96-0164v1
aad558b7-41b3-47d3-9d51-fd755b7a279a	Lt. Colonel Marcus Aurelius Belt	x-files-ccg/01-premiere/XFilesCcg-01Premiere-LtColonelMarcusAureliusBelt.jpg	default	Witness	01 - Premiere	01 - Premiere	playerNDeck	2 RP	Witness|Alien|Negate	Negates one ALIEN CREATURE.			Rare	Space	XF96-0213v1
a03f31ef-dbf6-42f0-a462-970bbccdcf74	Lucas Henry, Serial Killer	x-files-ccg/01-premiere/XFilesCcg-01Premiere-LucasHenrySerialKiller.jpg	default	X-File	01 - Premiere	01 - Premiere	playerNXFile					Primordial	Fixed	Beyond the Sea	XF96-0125v1
b30a909d-5c5d-4894-a498-063c0e0349bd	Lula Phillips	x-files-ccg/01-premiere/XFilesCcg-01Premiere-LulaPhillips.jpg	default	Event	01 - Premiere	01 - Premiere	playerNDeck	1 CP	Event	Play this card after an Adversary sends any Agent to the Hospital or removes an Agent from the game. Place five tokens in your [CP] pool.			Rare	Lazarus	XF96-0274v1
ac474c2c-50cd-458d-860a-5d941efd3660	Luther Lee Boggs	x-files-ccg/01-premiere/XFilesCcg-01Premiere-LutherLeeBoggs.jpg	default	Witness	01 - Premiere	01 - Premiere	playerNDeck	3 RP	Witness|Occult	Play this card at anytime during your turn to examine your opponent's hand.			Rare	Beyond the Sea	XF96-0219v1
ac13e4f0-066f-4748-8d96-f65a154a3aaf	Maggie Holvey	x-files-ccg/01-premiere/XFilesCcg-01Premiere-MaggieHolvey.jpg	default	Witness	01 - Premiere	01 - Premiere	playerNDeck	1 RP	Witness|Occult Investigation	Adds 1 to one Team's OCCULT INVESTIGATION skill check.			Fixed	The Calusari	XF96-0218v1
9ac67797-cea7-4c5d-aad7-b3c11e1c3841	Mahan Propulsion Laboratory, Colson, WA	x-files-ccg/01-premiere/XFilesCcg-01Premiere-MahanPropulsionLaboratoryColsonWA.jpg	default	Site	01 - Premiere	01 - Premiere	playerNDeck	2 RP	Site|Mono|Motive|Computer				Common	Roland	XF96-0069v1
9afbf8f2-d7dc-4957-84a3-b0d3258b08e7	Marion, VA	x-files-ccg/01-premiere/XFilesCcg-01Premiere-MarionVA.jpg	default	Site	01 - Premiere	01 - Premiere	playerNDeck	2 RP	Site|Mono|Result|Behavioral				Common	Duane Barry	XF96-0073v1
974402a3-9b56-47f3-8b49-af10bfad1d8f	Massive Internal Damage	x-files-ccg/01-premiere/XFilesCcg-01Premiere-MassiveInternalDamage.jpg	default	Combat	01 - Premiere	01 - Premiere	playerNDeck	8 CP	Combat|Killer	Play on any Agent that has taken four or more points of damage from a single damage source. That Agent must go to the Hospital immediately and may no longer participate in the combat. The Agent may not leave the Hospital until fully healed. Subtract 4 from the Agent's Cost. If the result is zero or less, the Agent is removed from the game. (Agents Lamana, Willis, Purdue, and Weiss are immune to this effect).			Uncommon	One Breath	XF96-0037v1
9abd29a3-e9b8-4659-9764-0353b98a98c1	Mattawa, WA	x-files-ccg/01-premiere/XFilesCcg-01Premiere-MattawaWA.jpg	default	Site	01 - Premiere	01 - Premiere	playerNDeck	2 RP	Site|Mono|Result|Bureaucracy				Common	E.B.E.	XF96-0068v1
a9f8e584-7382-4372-a289-553844901c82	Max Fenig	x-files-ccg/01-premiere/XFilesCcg-01Premiere-MaxFenig.jpg	default	Witness	01 - Premiere	01 - Premiere	playerNDeck	3 RP	Witness|Alien Investigation	Adds 2 to one Team's ALIEN INVESTIGATION skill check. Alternately, you may play this card when one of your Agents is the target of an abduction. Max Fenig is abducted instead. Discard Max Fenig. The abduction is negated.			Rare	Fallen Angel	XF96-0204v1
b87a01ca-6836-4b12-88e8-9f4b7a96345e	Medi-Kit	x-files-ccg/01-premiere/XFilesCcg-01Premiere-MediKit.jpg	default	Equipment	01 - Premiere	01 - Premiere	playerNDeck	4 RP	Equipment|Healing|Standard	An agent with MEDICAL skill may use the Medi-Kit to heal one wound on any agent in the Team once per turn. The may prevent an Agent from going to the Hospital.			Rare	Duane Barry	XF96-0315v1
ad8fdb20-3843-4aa3-ae6c-fe13cf2f427b	Medical Treatment	x-files-ccg/01-premiere/XFilesCcg-01Premiere-MedicalTreatment.jpg	default	Event	01 - Premiere	01 - Premiere	playerNDeck	1 RP	Event|Healing	Play on an Agent in the Hospital. The Agent heals one token of damage immediately.			Common	Colony	XF96-0228v1
af39c0fa-bec5-4357-b7d9-7789686b1909	Message From The Stars	x-files-ccg/01-premiere/XFilesCcg-01Premiere-MessageFromTheStars.jpg	default	Event	01 - Premiere	01 - Premiere	playerNDeck	5 RP	Event|Negate|Question|Alien Investigation	Negate one ALIEN Adversary. In addition, if the Team makes an ALIEN INVESTIGATION skill check 6+, they may ask either one AFFILIATION question or one MOTIVE question.			Rare	Fallen Angel	XF96-0247v1
a114f39f-d401-4b82-80f9-40b113e83a7b	Michael Holvey, The Evil One	x-files-ccg/01-premiere/XFilesCcg-01Premiere-MichaelHolveyTheEvilOne.jpg	default	X-File	01 - Premiere	01 - Premiere	playerNXFile					Occult	Fixed	The Calusari	XF96-0135v1
a99bd147-11de-4827-bada-ec739f549748	Michelle Generoo	x-files-ccg/01-premiere/XFilesCcg-01Premiere-MichelleGeneroo.jpg	default	Witness	01 - Premiere	01 - Premiere	playerNDeck	3 RP	Witness|Bureaucracy|Computer|Resource	Adds 1 [RP] to your pool every time a Keyword COMPUTER or BUREAUCRACY card is played.			Rare	Space	XF96-0201v1
94aa0c53-95e1-4e8f-8a22-c3b015e3e460	Mind Control	x-files-ccg/01-premiere/XFilesCcg-01Premiere-MindControl.jpg	default	Combat	01 - Premiere	01 - Premiere	playerNDeck	4 CP	Combat|Occult|Evolutionary	Play on any OCCULT or EVOLUTIONARY Adversary to cause one Agent to allocate all damage to a target of the Adversary's choice this round (including other Agents).			Rare	Die Hand Die Verletzt	XF96-0016v1
bc552e34-a51f-45d8-a97a-93ee00ddc078	Mini-14 Assault Rifle	x-files-ccg/01-premiere/XFilesCcg-01Premiere-Mini14AssaultRifle.jpg	default	Equipment	01 - Premiere	01 - Premiere	playerNDeck	4 RP	Equipment|Weapon|Special	Adds 2 to the Agent's LONG RANGE COMBAT skill. Damage may be split if there are multiple opponents (your choice).			Uncommon	Fallen Angel	XF96-0330v1
9b35ce9b-5e66-4a4a-9703-d7a79c92b38c	Minneapolis, MN	x-files-ccg/01-premiere/XFilesCcg-01Premiere-MinneapolisMN.jpg	default	Site	01 - Premiere	01 - Premiere	playerNDeck	1 RP	Site|Multi|Method|Result|Medical|Criminal Investigation				Uncommon	Irresistible	XF96-0078v1
bc82ba8e-c9a4-402f-913a-373bb1ab7b77	Mojo Bag	x-files-ccg/01-premiere/XFilesCcg-01Premiere-MojoBag.jpg	default	Equipment	01 - Premiere	01 - Premiere	playerNDeck	2 RP	Equipment|Mystic	Subtract one point from each damaging hit caused by an OCCULT CREATURE. In addition, OCCULT Adversaries may not play combat cards on Agents equipped with a Mojo Bag.			Uncommon	Fresh Bones	XF96-0331v1
a234bc84-19ef-4251-86f4-149250b97213	Mrs. Paddock, A.K.A. The Dark Angel	x-files-ccg/01-premiere/XFilesCcg-01Premiere-MrsPaddockAKATheDarkAngel.jpg	default	X-File	01 - Premiere	01 - Premiere	playerNXFile					Occult	X-File	Die Hand Die Verletzt	XF96-0146v1
98cf772d-5372-4d8a-99f6-51573d7e63ca	Mt. Avalon, WA	x-files-ccg/01-premiere/XFilesCcg-01Premiere-MtAvalonWA.jpg	default	Site	01 - Premiere	01 - Premiere	playerNDeck	2 RP	Site|Mono|Method|Sciences				Common	Firewalker	XF96-0054v1
9910fb67-310a-4594-9f44-afcf5331b412	NASA Mission Control, Houston, TX	x-files-ccg/01-premiere/XFilesCcg-01Premiere-NASAMissionControlHoustonTX.jpg	default	Site	01 - Premiere	01 - Premiere	playerNDeck	1 RP	Site|Multi|Affiliation|Result|Sciences|Observation				Uncommon	Space	XF96-0056v1
9e123207-0c22-4955-8ae8-8c431b9919f1	Nasty Surprise	x-files-ccg/01-premiere/XFilesCcg-01Premiere-NastySurprise.jpg	default	Bluff	01 - Premiere	01 - Premiere	playerNDeck	3 CP	Bluff|Phenomena	Play to add five tokens to your [CP] pool.			Uncommon	Roland	XF96-0105v1
9425816d-b31e-4f65-b96a-9992e47036fc	Nerve Strike	x-files-ccg/01-premiere/XFilesCcg-01Premiere-NerveStrike.jpg	default	Combat	01 - Premiere	01 - Premiere	playerNDeck	3 *P	Combat|Martial Arts	Play on any combatant that can use MARTIAL ARTS to add 2 to their CLOSE RANGE COMBAT skill in this round. In addition, the opponent is considered "stunned" for the next round of combat. The opponent will deal no damage in the next round of combat.			Rare	The Erlenmeyer Flask	XF96-0012v1
991a8740-142d-45a9-9405-fdf5731246ad	New York City, NY	x-files-ccg/01-premiere/XFilesCcg-01Premiere-NewYorkCityNY.jpg	default	Site	01 - Premiere	01 - Premiere	playerNDeck	1 RP	Site|Multi|Affiliation|Result|Medical|Behavioral				Rare	Sleepless	XF96-0057v1
98aa1164-a5bf-4347-99ba-cd313257b8c1	Newark, NJ	x-files-ccg/01-premiere/XFilesCcg-01Premiere-NewarkNJ.jpg	default	Site	01 - Premiere	01 - Premiere	playerNDeck	2 RP	Site|Mono|Method|Evidence Collection				Common	The Host	XF96-0050v1
b321af43-f1df-4d40-9952-c66dd52444a9	No Place Is Safe	x-files-ccg/01-premiere/XFilesCcg-01Premiere-NoPlaceIsSafe.jpg	default	Event	01 - Premiere	01 - Premiere	playerNDeck	5 CP	Event	For the remainder of this turn, the Bureau is considered to have a single Characteristic SITE Keyword. You may choose any one Characteristic for the Keyword (i.e., RESULT SITE).			Rare	Squeeze	XF96-0275v1
95af5f03-25e3-4699-9817-4e82a10715b2	No Way Out	x-files-ccg/01-premiere/XFilesCcg-01Premiere-NoWayOut.jpg	default	Combat	01 - Premiere	01 - Premiere	playerNDeck	X *P	Combat	Play this card to negate the effects of any combat card that ends combat. The Cost of this card is equal to the Cost of the opponent's card that ended the combat or 2 *P, whichever is greater.			Uncommon	3	XF96-0026v1
99087f8a-874c-49f1-8c7d-aa02369cfe9e	Northeast Georgetown Medical Center, Washington, DC	x-files-ccg/01-premiere/XFilesCcg-01Premiere-NortheastGeorgetownMedicalCenterWashingtonDC.jpg	default	Site	01 - Premiere	01 - Premiere	playerNDeck	2 RP	Site|Mono|Method|Medical				Rare	One Breath	XF96-0055v1
9839a463-fa0d-4b47-9a7f-1165d1b691a9	Olympic National Forest, WA	x-files-ccg/01-premiere/XFilesCcg-01Premiere-OlympicNationalForestWA.jpg	default	Site	01 - Premiere	01 - Premiere	playerNDeck	2 RP	Site|Mono|Result|Evidence Collection				Common	Darkness Falls	XF96-0047v1
beed8255-912e-4e1f-bd62-9abd2aef85ac	Operation Falcon Blue Berets	x-files-ccg/01-premiere/XFilesCcg-01Premiere-OperationFalconBlueBerets.jpg	default	Adversary	01 - Premiere	01 - Premiere	playerNDeck	7 CP	Adversary|Government|Pawn|Creature	Damage caused by this creature may be split among all opponents (Directed Player's choice). The Blue Berets may use MARTIAL ARTS Combat cards.	8		Rare	Fallen Angel	XF96-0349v1
9be351c1-6cd7-401b-ab81-8da56c77e268	Outskirts Of Atlantic City, NJ	x-files-ccg/01-premiere/XFilesCcg-01Premiere-OutskirtsOfAtlanticCityNJ.jpg	default	Site	01 - Premiere	01 - Premiere	playerNDeck	1 RP	Site|Multi|Affiliation|Motive|Subterfuge|Observation				Uncommon	The Jersey Devil	XF96-0082v1
aeccce08-6473-44c7-84f4-9ea4e626bf26	Overwhelming Force	x-files-ccg/01-premiere/XFilesCcg-01Premiere-OverwhelmingForce.jpg	default	Event	01 - Premiere	01 - Premiere	playerNDeck	3 CP	Event	You may now play up to three Adversary cards simultaneously. All cards played using this card count as one Adversary card for game purposes (e.g., the "Overwhelming Force" card and all Adversaries can be negated as one card). The Adversaries all deal damage and take damage separately.			Rare	The Calusari	XF96-0244v1
b1e70a28-5830-447d-b224-950ba49f5a3e	Paperwork	x-files-ccg/01-premiere/XFilesCcg-01Premiere-Paperwork.jpg	default	Event	01 - Premiere	01 - Premiere	playerNDeck	4 CP	Event|Criminal Investigation	Force an opponent Team to make a CRIMINAL INVESTIGATION 5+ skill check or they will be unable to add their skills to a Site skill check this turn.			Uncommon	Conduit	XF96-0256v1
9d96de1d-6c28-4320-ac60-c49aa044e688	Paul Mossinger	x-files-ccg/01-premiere/XFilesCcg-01Premiere-PaulMossinger.jpg	default	Bluff	01 - Premiere	01 - Premiere	playerNDeck	X CP	Bluff|Government	Basic Game Only: Apply a -2 modifier to any one skill check involving one of the following skills: ALIEN INVESTIGATION, OBSERVATION, SUBTERFUGE.Advanced Game: Pay the listed [CP] Cost, where X = the number of [CP] paid to gain the desired modifier to one of the following skills: ALIEN INVESTIGATION, OBSERVATION, SUBTERFUGE. (1) = -1, (3) = -2, (5) = -3, (9) = -4.			Common	Deep Throat	XF96-0100v1
9d323e4d-4f4d-497d-a0c7-dca84e7ca20c	Pete Calcagni	x-files-ccg/01-premiere/XFilesCcg-01Premiere-PeteCalcagni.jpg	default	Bluff	01 - Premiere	01 - Premiere	playerNDeck	2 CP	Bluff|Occult|Resource	Play to force your opponent to discard one Witness RESOURCE immediately.			Uncommon	Die Hand Die Verletzt	XF96-0096v1
9ca81cec-9326-4304-b15b-bb917aff63d1	Peter Tanaka	x-files-ccg/01-premiere/XFilesCcg-01Premiere-PeterTanaka.jpg	default	Bluff	01 - Premiere	01 - Premiere	playerNDeck	3 CP	Bluff|Primordial	Play to change the Site Prerequisite to OBSERVATION 3+.			Uncommon	Firewalker	XF96-0089v1
bf1bad94-38f0-4f4e-977c-2d280483a292	Pheromone-Induced Psychosis	x-files-ccg/01-premiere/XFilesCcg-01Premiere-PheromoneInducedPsychosis.jpg	default	Adversary	01 - Premiere	01 - Premiere	playerNDeck	3 CP	Adversary|Government|Phenomena	Play this card on a Team in the Field that plays a Witness. The Witness card is discarded and the Team is attacked! The Creature's LONG RANGE COMBAT and CLOSE RANGE COMBAT are equal to the Witness's modifier. If the Witness has no modifier, treat the Witness as a +3.	3		Uncommon	Blood	XF96-0350v1
b6491346-aff1-49d1-8b18-3ef43eb9cb5f	Plague Of Locusts	x-files-ccg/01-premiere/XFilesCcg-01Premiere-PlagueOfLocusts.jpg	default	Event	01 - Premiere	01 - Premiere	playerNDeck	4 CP	Event|Occult Investigation	Force an opponent Team to make an OCCULT INVESTIGATION 4+ skill check. If they fail, negate all Witnesses that are modifying the Team's skill check.			Rare	Miracle Man	XF96-0295v1
9df4f1ad-3d41-4d9c-bb02-134ce5181692	Poisonous Gases	x-files-ccg/01-premiere/XFilesCcg-01Premiere-PoisonousGases.jpg	default	Bluff	01 - Premiere	01 - Premiere	playerNDeck	3 CP	Bluff|Phenomena|Primordial	Force an opposing Team to make a SCIENCES 4+ skill check. If they fail, each Agent takes one point of damage. If one of the Agents has a "Gas Chromatograph", then this card has no effect.			Common	The Erlenmeyer Flask	XF96-0103v1
bf63ced8-f0ec-4ea9-8bc6-85467d0efd5a	Poltergeist Attack	x-files-ccg/01-premiere/XFilesCcg-01Premiere-PoltergeistAttack.jpg	default	Adversary	01 - Premiere	01 - Premiere	playerNDeck	3 CP	Adversary|Occult|Creature|Phenomena	The Poltergeist is unaffected by Combat attacks. It will attack for only one LONG RANGE COMBAT and one CLOSE RANGE COMBAT round and then is discarded.	2		Fixed	Shadows	XF96-0353v1
9ae18d6d-d1dc-48e8-ae56-2ad18232f679	Psychiatric Hospital, Richmond, VA	x-files-ccg/01-premiere/XFilesCcg-01Premiere-PsychiatricHospitalRichmondVA.jpg	default	Site	01 - Premiere	01 - Premiere	playerNDeck	2 RP	Site|Mono|Method|Computer				Common	Soft Light	XF96-0071v1
9e6ffc32-a0cc-40ff-9e99-f2acf84b1935	Puzzles Within Puzzles	x-files-ccg/01-premiere/XFilesCcg-01Premiere-PuzzlesWithinPuzzles.jpg	default	Bluff	01 - Premiere	01 - Premiere	playerNDeck	2 CP	Bluff|Phenomena	Play to negate one Keyword CRIMINAL INVESTIGATION card.			Uncommon	One Breath	XF96-0111v1
bdbcd62e-679e-4847-bc77-0ad49929e044	Pvt. McAlpin, Zombie	x-files-ccg/01-premiere/XFilesCcg-01Premiere-PvtMcAlpinZombie.jpg	default	Adversary	01 - Premiere	01 - Premiere	playerNDeck	6 CP	Adversary|Occult|Creature|Pawn	LONG RANGE COMBAT attacks cause only half damage (round up) to the Zombie.	6		Fixed	Fresh Bones	XF96-0339v1
9e421638-69a9-4bff-be40-4d52723c97a5	Radioactive Area	x-files-ccg/01-premiere/XFilesCcg-01Premiere-RadioactiveArea.jpg	default	Bluff	01 - Premiere	01 - Premiere	playerNDeck	3 CP	Bluff|Phenomena	Increase a Site Prerequisite by one point (i.e., Prerequisite: Skill 5+ becomes Skill 6+). In addition, if the Team fails the skill check, each Agent on the Team takes one point of damage. If one of the Agents has a "Geiger Counter", this card has no effect.			Uncommon	Fallen Angel	XF96-0107v1
b00bc96e-52b8-4562-9dba-f4e1796ce0da	Reading The Signs	x-files-ccg/01-premiere/XFilesCcg-01Premiere-ReadingTheSigns.jpg	default	Event	01 - Premiere	01 - Premiere	playerNDeck	0 RP	Event|Occult Investigation	Play on any Team in the Field. If the Team makes an OCCULT INVESTIGATION 4+ skill check, they may take 2 [CP] from their opponent's Conspiracy Pool and add them to their Resource Pool.			Uncommon	Fresh Bones	XF96-0249v1
ae02df8d-7698-4f57-abe6-1f3e978c1874	Red Tape	x-files-ccg/01-premiere/XFilesCcg-01Premiere-RedTape.jpg	default	Event	01 - Premiere	01 - Premiere	playerNDeck	3 CP	Event|Bureaucracy	Play during the Briefing Phase to prevent one opponent from drawing any cards during the remainder of this turn.			Rare	The Host	XF96-0234v1
b57c50a9-60d3-415d-ab3c-3679a25a837b	Rejuvenating Caves	x-files-ccg/01-premiere/XFilesCcg-01Premiere-RejuvenatingCaves.jpg	default	Event	01 - Premiere	01 - Premiere	playerNDeck	2 CP	Event|Resource	Play this card next to the X-File you have chosen. Place ten tokens on this card. Beginning on your opponent's next turn you may take up to two tokens from this card and place them in your [CP] pool. The tokens become [CP] tokens. When all counters have been removed, discard this card.			Uncommon	Gender Bender	XF96-0289v1
b4fd375b-688b-4b93-8520-5762b5d64776	Relentless Pursuit	x-files-ccg/01-premiere/XFilesCcg-01Premiere-RelentlessPursuit.jpg	default	Event	01 - Premiere	01 - Premiere	playerNDeck	X RP	Event	Play to prevent the opposing player from drawing cards after the player has paid, but before the cards are drawn. X = The number of cards that the opposing player has paid to draw.			Common	Gender Bender	XF96-0283v1
938610d3-4987-4039-8d7b-993491d5f6be	Rending Claws	x-files-ccg/01-premiere/XFilesCcg-01Premiere-RendingClaws.jpg	default	Combat	01 - Premiere	01 - Premiere	playerNDeck	0 CP	Combat|Primordial|Occult	Play on any PRIMORDIAL or OCCULT Adversary to add 1 to their CLOSE RANGE COMBAT skill.			Uncommon	Shapes	XF96-0004v1
accb2b52-9077-4243-849d-bc9b6ff93b9b	Reporters At The Crime Scene	x-files-ccg/01-premiere/XFilesCcg-01Premiere-ReportersAtTheCrimeScene.jpg	default	Event	01 - Premiere	01 - Premiere	playerNDeck	1 CP	Event|Question	Play when one player has just asked a Characteristic question and you were not the Directed player. If the player achieved the prerequisite skill number exactly, then he must tell all opponents the answer to the Characteristic question.			Uncommon	Fallen Angel	XF96-0224v1
a368f382-057c-4cba-828e-89bc0a329ac9	Reverse Engineers	x-files-ccg/01-premiere/XFilesCcg-01Premiere-ReverseEngineers.jpg	default	X-File	01 - Premiere	01 - Premiere	playerNXFile					Government	X-File	Deep Throat	XF96-0156v1
b7840b82-0c74-41b9-85ac-96ea968e6d9e	Road Hazard	x-files-ccg/01-premiere/XFilesCcg-01Premiere-RoadHazard.jpg	default	Event	01 - Premiere	01 - Premiere	playerNDeck	1 CP	Event|Negate	Negate one card with the Keyword MOVE.			Uncommon	Ascension	XF96-0306v1
ad07d778-6ebf-4331-ac84-4063aac9d9eb	Road Trip	x-files-ccg/01-premiere/XFilesCcg-01Premiere-RoadTrip.jpg	default	Event	01 - Premiere	01 - Premiere	playerNDeck	1 RP	Event|Move|Criminal Investigation	Play on a Team in the Field during the Deployment Phase. If the Team makes a CRIMINAL INVESTIGATION 6+ skill check they may investigate two Sites this turn. Resolve each Site individually.			Rare	Ascension	XF96-0226v1
96d6e9a3-229b-475f-9996-b53207c6a1c2	Run For It!	x-files-ccg/01-premiere/XFilesCcg-01Premiere-RunForIt.jpg	default	Combat	01 - Premiere	01 - Premiere	playerNDeck	2 RP	Combat	Play this card on any Agent to immediately end combat for that Agent. Finish the combat without the Agent. The Agent takes no damage from the combat and may still contribute his skills to other skill checks.			Uncommon	The Erlenmeyer Flask	XF96-0034v1
95273b93-9e64-4cba-a283-bf17aca84d67	Running Gun Battle	x-files-ccg/01-premiere/XFilesCcg-01Premiere-RunningGunBattle.jpg	default	Combat	01 - Premiere	01 - Premiere	playerNDeck	3 *P	Combat	Combatants with a LONG RANGE COMBAT skill of 3+ may use this card to fight one additional round of LRC immediately.			Uncommon	One Breath	XF96-0022v1
ae0a28a4-184a-4b7c-9272-4209fdfa700f	S.W.A.T. Training	x-files-ccg/01-premiere/XFilesCcg-01Premiere-SWATTraining.jpg	default	Event	01 - Premiere	01 - Premiere	playerNDeck	2 RP	Event|Training	Play on an Agent in the Bureau. The Agent is taken out of play for one full turn. At the start of the Briefing Phase of the second turn, the Agent may be deployed as normal and in addition has a +1 in one of the following skills: LRC, CRC or the ability to use MARTIAL ARTS Combat cards. Place this card below the Agent to remind you of the increased skill.			Common	The Jersey Devil	XF96-0235v1
b0d3969b-07db-4bc1-a050-d2f322ce9468	Safe House	x-files-ccg/01-premiere/XFilesCcg-01Premiere-SafeHouse.jpg	default	Event	01 - Premiere	01 - Premiere	playerNDeck	3 RP	Event	Play on any Witness with a skill modifier to permanently add the Keywords EVENT and RESOURCE to the Witness. Thus, the Witness acts as an EVENT, RESOURCE card and remains in play. Place this card below the Witness to remind you of the effect.			Rare	Red Museum	XF96-0252v1
a9d5097b-3663-45fd-9b17-f6073d281380	Samantha Mulder	x-files-ccg/01-premiere/XFilesCcg-01Premiere-SamanthaMulder.jpg	default	Witness	01 - Premiere	01 - Premiere	playerNDeck	2 RP	Witness|Subterfuge|Resource	Adds 1 to one Team's SUBTERFUGE skill check once per turn. You may have any number of Samantha Mulder cards in play.			Rare	Colony	XF96-0203v1
b7a1a300-9121-4267-8244-97dcd27e2a45	Samuel Hartley	x-files-ccg/01-premiere/XFilesCcg-01Premiere-SamuelHartley.jpg	default	Event	01 - Premiere	01 - Premiere	playerNDeck	2 RP	Event|Occult|Killer	Play on a Team in the Field that has just had an Agent removed from the game this turn. Make an OCCULT INVESTIGATION skill check of 4+. If successful, the Agent remains in play.			Rare	Miracle Man	XF96-0308v1
9b22e3c2-a9d3-408f-b216-d0e081708a87	Sea Off Tildeskan, Norway	x-files-ccg/01-premiere/XFilesCcg-01Premiere-SeaOffTildeskanNorway.jpg	default	Site	01 - Premiere	01 - Premiere	playerNDeck	2 RP	Site|Mono|Result|Observation				Common	Død Kalm	XF96-0075v1
9cbcdd94-c2bb-42c7-9760-3ad36f791db1	Section Chief Joseph McGrath	x-files-ccg/01-premiere/XFilesCcg-01Premiere-SectionChiefJosephMcGrath.jpg	default	Bluff	01 - Premiere	01 - Premiere	playerNDeck	5 CP	Bluff|Conspiracy|Government|Move	Force one Agent (your choice) back to the Bureau immediately. The Agent may not contribute to any skill checks this turn.			Rare	Fallen Angel	XF96-0090v1
a39363b8-01ce-43a9-9a3c-d25e9566818f	Section Chief Scott Blevins	x-files-ccg/01-premiere/XFilesCcg-01Premiere-SectionChiefScottBlevins.jpg	default	Agent	01 - Premiere	01 - Premiere	playerNStarting	4 RP	Agent|FBI|Law|Neutral|Believer		3		Fixed	Pilot	XF96-0160v1
979c0087-f8dc-41b7-a0ac-a2681c516736	Semi-Jacketed Hollow Points	x-files-ccg/01-premiere/XFilesCcg-01Premiere-SemiJacketedHollowPoints.jpg	default	Combat	01 - Premiere	01 - Premiere	playerNDeck	2 *P	Combat	Play this card on any combatant in a LONG RANGE COMBAT round to add 2 points to that combatant's LRC skill.			Uncommon	Anasazi	XF96-0038v1
ac4f0e64-413a-4591-95b8-695f3b99b693	Senator Richard Matheson	x-files-ccg/01-premiere/XFilesCcg-01Premiere-SenatorRichardMatheson.jpg	default	Witness	01 - Premiere	01 - Premiere	playerNDeck	3 RP	Witness|Bureaucracy|Resource	Place three tokens on this card. Discard a token to add 2 to one Team's BUREAUCRACY skill check. You may discard a token once per turn. Discard this resource when all tokens have been discarded.			Rare	Little Green Men	XF96-0220v1
9cd96162-59fe-456d-97ea-fb040f514132	Sheriff Daniels	x-files-ccg/01-premiere/XFilesCcg-01Premiere-SheriffDaniels.jpg	default	Bluff	01 - Premiere	01 - Premiere	playerNDeck	3 CP	Bluff|Primordial|Subterfuge	Play to change a Site Prerequisite to SUBTERFUGE 3+.			Uncommon	Miracle Man	XF96-0092v1
aad0b609-eebc-4549-9486-2a03fee1530e	Sheriff Mazeroski	x-files-ccg/01-premiere/XFilesCcg-01Premiere-SheriffMazeroski.jpg	default	Witness	01 - Premiere	01 - Premiere	playerNDeck	2 RP	Witness|Alien|Negate	Negates one GOVERNMENT PAWN			Rare	Red Museum	XF96-0212v1
a79936a5-dfcd-4497-8593-30a017af8576	Sheriff Spencer	x-files-ccg/01-premiere/XFilesCcg-01Premiere-SheriffSpencer.jpg	default	Witness	01 - Premiere	01 - Premiere	playerNDeck	1 RP	Witness|Criminal Investigation	Adds 1 to one Team's CRIMINAL INVESTIGATION skill check.			Common	Blood	XF96-0184v1
a0cb4599-9744-4717-ac88-4ffdc947383b	Sheriff Tom Arens, Cannibal	x-files-ccg/01-premiere/XFilesCcg-01Premiere-SheriffTomArensCannibal.jpg	default	X-File	01 - Premiere	01 - Premiere	playerNXFile					Primordial	X-File	Our Town	XF96-0131v1
bbcd6596-ab11-492c-b7dd-0b15d5c50055	Shotgun	x-files-ccg/01-premiere/XFilesCcg-01Premiere-Shotgun.jpg	default	Equipment	01 - Premiere	01 - Premiere	playerNDeck	6 RP	Equipment|Weapon|Standard	Adds 3 to the Agent's LONG RANGE COMBAT skill once per combat. Damage may be split if there are multiple opponents (your choice).			Rare	Shapes	XF96-0329v1
acc142db-aa9c-4ed5-ac66-816c10b2964e	Shutting Down The X-Files	x-files-ccg/01-premiere/XFilesCcg-01Premiere-ShuttingDownTheXFiles.jpg	default	Event	01 - Premiere	01 - Premiere	playerNDeck	3 CP	Event|Move|Government	Play on any Team containing Agent Fox Mulder and/or Agent Dana Scully. Mulder must immediately be moved to the Bureau. Scully must immediately be moved to the Hospital (undamaged). Neither my contribute their skills to skill checks this turn.			Rare	3	XF96-0223v1
9c7acc7c-b6fe-4134-a135-f35b8e5cf643	Sinus Cavity Implant	x-files-ccg/01-premiere/XFilesCcg-01Premiere-SinusCavityImplant.jpg	default	Bluff	01 - Premiere	01 - Premiere	playerNDeck	1 CP	Bluff|Conspiracy|Alien|Phenomena	Play on one Agent to decrease the Agent's RES value by one. This card is removed when a Healing card is played on the Agent.			Uncommon	Pilot	XF96-0088v1
a9b80fa6-1415-4c5b-8183-ca0ac19ba407	Sir Malcolm Marsden	x-files-ccg/01-premiere/XFilesCcg-01Premiere-SirMalcolmMarsden.jpg	default	Witness	01 - Premiere	01 - Premiere	playerNDeck	1 RP	Witness|Bureaucracy	Adds 1 to one Team's BUREAUCRACY skill check.			Common	Fire	XF96-0202v1
b0762aa1-b98b-4fdb-b255-06c39e4ec7e5	Skinner Adopts The Company Line	x-files-ccg/01-premiere/XFilesCcg-01Premiere-SkinnerAdoptsTheCompanyLine.jpg	default	Event	01 - Premiere	01 - Premiere	playerNDeck	2 CP	Event|Move|Government	Play whenever Assistant Director Walter Skinner is involved in a skill check. Skinner must go back to the Bureau (if he is not already there) and may not contribute his skills to any skill check this turn.			Rare	Tooms	XF96-0251v1
aeb6f76f-507d-4353-8698-ecb2f0752522	Skinner Chooses A Side	x-files-ccg/01-premiere/XFilesCcg-01Premiere-SkinnerChoosesASide.jpg	default	Event	01 - Premiere	01 - Premiere	playerNDeck	3 RP	Event	Play when Assistant Director Walter Skinner is in the Bureau Section of the table and the AFFILIATION of your opponent's X-File is known. Add the following modifiers to Skinner's skills: +1 BUREAUCRACY, +1 SUBTERFUGE. Skinner is now immune to the "Skinner Adopts The Company Line" card. Place two tokens on this card. Discard a token to negate one Event card. Place this card below Skinner to remind you of the increased skills.			Ultra-Rare	End Game	XF96-0243v1
9c1b976d-1809-48b2-986d-4b5935128662	Skyland Mountain, VA	x-files-ccg/01-premiere/XFilesCcg-01Premiere-SkylandMountainVA.jpg	default	Site	01 - Premiere	01 - Premiere	playerNDeck	2 RP	Site|Mono|Method|Subterfuge				Rare	Ascension	XF96-0085v1
9e3f280d-dddd-44f9-8402-90148e859baf	Sleep Deprivation	x-files-ccg/01-premiere/XFilesCcg-01Premiere-SleepDeprivation.jpg	default	Bluff	01 - Premiere	01 - Premiere	playerNDeck	2 CP	Bluff|Phenomena	Decrease all of the skill levels on one Agent (your choice) by 1 for this turn only.			Rare	E.B.E.	XF96-0106v1
bc957b95-4736-4b90-9667-4a70b7b905b2	Slithers In The Night	x-files-ccg/01-premiere/XFilesCcg-01Premiere-SlithersInTheNight.jpg	default	Adversary	01 - Premiere	01 - Premiere	playerNDeck	4 CP	Adversary|Occult|Creature|Pawn		6		Fixed	Die Hand Die Verletzt	XF96-0333v1
b221fa12-279c-4983-8c3a-531245fee59f	Smoke Screen	x-files-ccg/01-premiere/XFilesCcg-01Premiere-SmokeScreen.jpg	default	Event	01 - Premiere	01 - Premiere	playerNDeck	1 RP	Event|Bureaucracy|Resource	Play on a Team in the Bureau. If the Team makes a BUREAUCRACY 4+ skill check then designate a Team in the Field. As long as no new members are added to that Team, GOVERNMENT Adversaries may not attack that Team. This card remains in effect until a new Agent is added to the Team.			Uncommon	Tooms	XF96-0260v1
93da2fd3-6a23-4fd8-b1f4-7b87568cadfe	Sneak Attack	x-files-ccg/01-premiere/XFilesCcg-01Premiere-SneakAttack.jpg	default	Combat	01 - Premiere	01 - Premiere	playerNDeck	3 CP	Combat|Evolutionary	Play on any EVOLUTIONARY Adversary to allow it to deal all of its damage in the round before its opponents. Any opponents sent to the Hospital as a result of this damage do not cause damage this round.			Rare	Tooms	XF96-0006v1
945c90c9-02d5-46f7-8723-9289b455f55f	Spin Kick	x-files-ccg/01-premiere/XFilesCcg-01Premiere-SpinKick.jpg	default	Combat	01 - Premiere	01 - Premiere	playerNDeck	3 *P	Combat|Martial Arts	Combatants that can use MARTIAL ARTS may play this card to add 3 to their CLOSE RANGE COMBAT skill this round.			Rare	Gender Bender	XF96-0015v1
b29a880b-546a-4ae6-9226-b95f937c4b32	Spying Mission	x-files-ccg/01-premiere/XFilesCcg-01Premiere-SpyingMission.jpg	default	Event	01 - Premiere	01 - Premiere	playerNDeck	2 RP	Event|Negate|Subterfuge	Play on any Team. If the Team makes a SUBTERFUGE 4+ skill check, it may use this card to immediately negate any one card that requires them to make a non-combat skill check.			Uncommon	Fallen Angel	XF96-0266v1
be3631b5-8819-4dba-9f5c-2c70634a5030	Squeeze	x-files-ccg/01-premiere/XFilesCcg-01Premiere-Squeeze.jpg	default	Adversary	01 - Premiere	01 - Premiere	playerNDeck	3 CP	Adversary|Evolutionary|Creature	The LONG RANGE COMBAT round is skipped.	5		Uncommon	Squeeze	XF96-0343v1
9c161367-80fa-4b4a-bb7d-bbe9f8e327a7	Steveston, MA	x-files-ccg/01-premiere/XFilesCcg-01Premiere-StevestonMA.jpg	default	Site	01 - Premiere	01 - Premiere	playerNDeck	2 RP	Site|Mono|Result|Behavioral				Rare	Gender Bender	XF96-0084v1
adef812c-021c-4f72-9260-d6f5b69a096c	Street Contacts	x-files-ccg/01-premiere/XFilesCcg-01Premiere-StreetContacts.jpg	default	Event	01 - Premiere	01 - Premiere	playerNDeck	1 RP	Event|Criminal Investigation	Search through your Bureau Deck and place any one Witness card in your hand. Show the Witness to your opponents. Shuffle the Bureau Deck.			Uncommon	One Breath	XF96-0232v1
979fdcb6-4839-49ab-b382-e5d06d26177c	Stunning Blow	x-files-ccg/01-premiere/XFilesCcg-01Premiere-StunningBlow.jpg	default	Combat	01 - Premiere	01 - Premiere	playerNDeck	2 *P	Combat	Play this on any opponent who has just taken damage. The opponent is considered "stunned" for the next round of combat. This opponent will deal no damage in the next round of combat.			Uncommon	The Erlenmeyer Flask	XF96-0039v1
ac5e169a-0eb9-433f-8185-0f57be9986b2	Successful Diagnosis	x-files-ccg/01-premiere/XFilesCcg-01Premiere-SuccessfulDiagnosis.jpg	default	Event	01 - Premiere	01 - Premiere	playerNDeck	2 RP	Event|Healing	Place on a Team in the Hospital containing an injured Agent. The Agent heals 2 damage immediately.			Uncommon	Darkness Falls	XF96-0221v1
bee829a4-19eb-4dfc-bcd1-b0f9f08b4a77	Suppressed Fury	x-files-ccg/01-premiere/XFilesCcg-01Premiere-SuppressedFury.jpg	default	Adversary	01 - Premiere	01 - Premiere	playerNDeck	5 CP	Adversary|Primordial|Creature	Regardless of how much damage is done to this creature in the LONG RANGE COMBAT round, it will attack in the CLOSE RANGE COMBAT round. If its HEALTH has been exceeded, it is removed at the end of the CRC round.	9		Fixed	Beyond the Sea	XF96-0347v1
ae412294-eba8-4f34-a992-d072dabad438	Surfing The Net	x-files-ccg/01-premiere/XFilesCcg-01Premiere-SurfingTheNet.jpg	default	Event	01 - Premiere	01 - Premiere	playerNDeck	2 RP	Event|Computer	Have a Team make a COMPUTER 4+ skill check. If successful, draw three cards from your chosen opponent's Bureau deck and choose one to place in your Bureau Section face down. Place the other two cards back on top of your opponent's Bureau Deck in any order. You may use the chosen card when appropriate but you must pay the cost. Return the card to its owner's Discard Pile after it has been used. Leave this card on top of the card you've taken from your opponent to remind you that the card you took is considered an EVENT, RESOURCE.			Rare	Colony	XF96-0240v1
b2113ad0-3be2-433a-8462-cd3d804519c2	Suspect Description	x-files-ccg/01-premiere/XFilesCcg-01Premiere-SuspectDescription.jpg	default	Event	01 - Premiere	01 - Premiere	playerNDeck	2 RP	Event|Criminal Investigation	Play on a Team that fails a Site skill check when combat was involved. If the Team makes a CRIMINAL INVESTIGATION 3+ skill check, place the Site in the Bureau. At the start of your Briefing Phase, you may place the Site into your hand.			Uncommon	Young At Heart	XF96-0259v1
bb07354b-d50d-43d8-813a-f16fa4152c5f	Symbol Of Faith	x-files-ccg/01-premiere/XFilesCcg-01Premiere-SymbolOfFaith.jpg	default	Equipment	01 - Premiere	01 - Premiere	playerNDeck	3 RP	Equipment|Mystic	OCCULT Adversaries may not assign damage to this Agent unless there are no other eligible targets. If the Agent is the only eligible target then the damage from OCCULT Adversaries is halved.			Rare	One Breath	XF96-0327v1
97ae66c3-3507-4d8d-abc0-2d923441a626	Take Cover!	x-files-ccg/01-premiere/XFilesCcg-01Premiere-TakeCover.jpg	default	Combat	01 - Premiere	01 - Premiere	playerNDeck	2 *P	Combat	Play this card on any combatant to decrease damage from one LONG RANGE COMBAT source by two points this round.			Uncommon	Blood	XF96-0040v1
ba0ec10a-e5b2-4b29-bddf-899234a63309	Taped Intelligence	x-files-ccg/01-premiere/XFilesCcg-01Premiere-TapedIntelligence.jpg	default	Equipment	01 - Premiere	01 - Premiere	playerNDeck	4 RP	Equipment|Electrical|Special	Adds 2 to the Agent's BUREAUCRACY skill. GOVERNMENT Adversaries may now attack the Agent's Team when investigating a Site, even when they would otherwise be barred from doing so.			Rare	Anasazi	XF96-0322v1
970fc96c-98d2-4c6c-b014-670c70a6fdb2	Terminal Damage	x-files-ccg/01-premiere/XFilesCcg-01Premiere-TerminalDamage.jpg	default	Combat	01 - Premiere	01 - Premiere	playerNDeck	10 CP	Combat|Killer	Play on any Agent that has taken 5 or more damage from a single damage source. That Agent must go to the Hospital immediately and may no longer participate in the combat. The Agent cannot leave the Hospital until fully healed. Subtract 5 from the Agent's Cost. If the Cost is zero or less, the Agent is removed from the game. (Agents Lamana, Willis, Purdue and Weiss are immune to this effect.)			Rare	Die Hand Die Verletzt	XF96-0035v1
a8fd876a-d85a-4ffc-bcc4-487cb74b50e2	The Calusari	x-files-ccg/01-premiere/XFilesCcg-01Premiere-TheCalusari.jpg	default	Witness	01 - Premiere	01 - Premiere	playerNDeck	2 RP	Witness|Negate|Occult	Negates one OCCULT CREATURE.			Rare	The Calusari	XF96-0197v1
9ffc8bd0-0dd1-4749-8417-e34fdffdf37c	The Cigarette-Smoking Man	x-files-ccg/01-premiere/XFilesCcg-01Premiere-TheCigaretteSmokingMan.jpg	default	X-File	01 - Premiere	01 - Premiere	playerNXFile					Government	X-File		XF96-0121v1
ade9ff5b-dfde-4f07-9ec0-0001bae82bc1	The Cigarette-Smoking Man Strikes	x-files-ccg/01-premiere/XFilesCcg-01Premiere-TheCigaretteSmokingManStrikes.jpg	default	Event	01 - Premiere	01 - Premiere	playerNDeck	5 CP	Event	Change any Keyword to any other Keyword on a card played by your opponent. This effect lasts until the end of the turn.			Rare	Anasazi	XF96-0230v1
9d63c2fb-6349-4b85-9347-98e671696c31	The Conundrum	x-files-ccg/01-premiere/XFilesCcg-01Premiere-TheConundrum.jpg	default	Bluff	01 - Premiere	01 - Premiere	playerNDeck	3 CP	Bluff|Phenomena|Evolutionary	Play to negate one Keyword EVIDENCE COLLECTION card.			Uncommon	Humbug	XF96-0099v1
b28d4cbe-67b0-4eaa-b6ae-29e6524f7880	The Erlenmeyer Flask	x-files-ccg/01-premiere/XFilesCcg-01Premiere-TheErlenmeyerFlask.jpg	default	Event	01 - Premiere	01 - Premiere	playerNDeck	4 RP	Event|Negate|Alien Investigation|Bureaucracy	Negates any one card played against your Team during a BUREAUCRACY or ALIEN INVESTIGATION skill check.			Rare	The Erlenmeyer Flask	XF96-0264v1
a0beccb7-0c87-4a29-bccc-f367ae8edd66	The Gregors	x-files-ccg/01-premiere/XFilesCcg-01Premiere-TheGregors.jpg	default	X-File	01 - Premiere	01 - Premiere	playerNXFile					Alien	X-File	Colony	XF96-0130v1
a03d287e-18ae-4864-b122-575cfa71141a	The Host	x-files-ccg/01-premiere/XFilesCcg-01Premiere-TheHost.jpg	default	X-File	01 - Premiere	01 - Premiere	playerNXFile					Evolutionary	Fixed	The Host	XF96-0124v1
bdaf7dde-eaad-4dbe-b7c3-3b4d2f202964	The Host Attacks	x-files-ccg/01-premiere/XFilesCcg-01Premiere-TheHostAttacks.jpg	default	Adversary	01 - Premiere	01 - Premiere	playerNDeck	4 CP	Adversary|Evolutionary|Creature|Killer	Place five tokens on any Agent that loses HEALTH as a result of this creature's attack. Remove a token in each of that Agent's Briefing Phases. At the end of the turn in which the last token is removed, the Agent is removed from the game. This card can be negated by the Team containing the afflicted Agent making a MEDICAL 3+ skill check or by playing a HEALING card on the afflicted player prior to the Agent being removed.	3		Rare	The Host	XF96-0338v1
a012ab7b-6f85-4e2b-80af-d2f03acc2d8d	The Jersey Devil	x-files-ccg/01-premiere/XFilesCcg-01Premiere-TheJerseyDevil.jpg	default	X-File	01 - Premiere	01 - Premiere	playerNXFile					Primordial	X-File	The Jersey Devil	XF96-0123v1
b2bd0e35-5a81-422f-9e93-47aa51e714f7	The Local Law Enforcement Are Uncooperative	x-files-ccg/01-premiere/XFilesCcg-01Premiere-TheLocalLawEnforcementAreUncooperative.jpg	default	Event	01 - Premiere	01 - Premiere	playerNDeck	4 CP	Event|Negate|Criminal Investigation	Negate one Keyword CRIMINAL INVESTIGATION card.			Uncommon	The Jersey Devil	XF96-0269v1
b2c0e4ce-8354-4421-ba4a-04be8f4251ee	The Lone Gunmen	x-files-ccg/01-premiere/XFilesCcg-01Premiere-TheLoneGunmen.jpg	default	Event	01 - Premiere	01 - Premiere	playerNDeck	1 RP	Event|Resource	Play "The Lone Gunmen" card on a Site. While played on a Site, The Lone Gunmen are considered a Keyword WITNESS card. A Site with The Lone Gunmen played on it stays in the Field until they are removed. During your Briefing Phase, pay 1 RP to place a token on the Site. When a Team investigates the Site, each token adds 1 to the skill check. Discard The Lone Gunmen after the skill check is resolved.			Ultra-Rare	E.B.E.	XF96-0270v1
a17310e2-f069-46a5-a218-edeccc91072c	The Manitou	x-files-ccg/01-premiere/XFilesCcg-01Premiere-TheManitou.jpg	default	X-File	01 - Premiere	01 - Premiere	playerNXFile					Occult	X-File	Shapes	XF96-0142v1
bf447d62-1fdb-4a29-bcf5-a3c2bcfd7f76	The Manitou Stalks His Prey	x-files-ccg/01-premiere/XFilesCcg-01Premiere-TheManitouStalksHisPrey.jpg	default	Adversary	01 - Premiere	01 - Premiere	playerNDeck	6 CP	Adversary|Occult|Creature	Any Agent wounded by the Manitou may not heal wounds until a Healing card is successfully played on him.	8		Rare	Shapes	XF96-0352v1
be7d0112-896d-43cd-8f5c-6d56627ff88b	The Mechanic	x-files-ccg/01-premiere/XFilesCcg-01Premiere-TheMechanic.jpg	default	Adversary	01 - Premiere	01 - Premiere	playerNDeck	7 CP	Adversary|Government|Pawn|Creature	The Mechanic may use MARTIAL ARTS and SUBTERFUGE Combat cards.	5		Uncommon	The Erlenmeyer Flask	XF96-0345v1
9d138033-a03d-4ade-91bc-a302e6f3647f	The Overcoat Man	x-files-ccg/01-premiere/XFilesCcg-01Premiere-TheOvercoatMan.jpg	default	Bluff	01 - Premiere	01 - Premiere	playerNDeck	X CP	Bluff|Government	Basic Game Only: Apply a -2 modifier to any one skill check involving one of the following skills: MEDICAL, OBSERVATION, BEHAVIORAL.Advanced Game: Pay the listed [CP] Cost, where X = the number of [CP] paid to gain the desired modifier to one of the following skills: MEDICAL, OBSERVATION, BEHAVIORAL. (1) = -1, (3) = -2, (5) = -3, (9) = -4.			Common	One Breath	XF96-0094v1
be4d698e-b3a9-4377-bc24-fc8f02069923	The Psychotic Attack	x-files-ccg/01-premiere/XFilesCcg-01Premiere-ThePsychoticAttack.jpg	default	Adversary	01 - Premiere	01 - Premiere	playerNDeck	4 CP	Adversary|Evolutionary|Pawn	Damage from LONG RANGE COMBAT may be split among all opponents (Directed Player's choice).	5		Fixed	Fire	XF96-0344v1
be1150e6-428c-4b16-a6e4-6302f94a12cb	The Sandman	x-files-ccg/01-premiere/XFilesCcg-01Premiere-TheSandman.jpg	default	Adversary	01 - Premiere	01 - Premiere	playerNDeck	4 CP	Adversary|Evolutionary|Creature	The Creature has LONG RANGE COMBAT and CLOSE RANGE COMBAT equal to the highest Combat rating on the opposing team (including modifiers) +1. The Sandman may use SUBTERFUGE Combat cards.	5		Uncommon	Sleepless	XF96-0341v1
a3713929-2edc-4c9f-86fd-83b5aec140fd	The Swarm	x-files-ccg/01-premiere/XFilesCcg-01Premiere-TheSwarm.jpg	default	X-File	01 - Premiere	01 - Premiere	playerNXFile					Primordial	X-File	Darkness Falls	XF96-0157v1
a7ae2d1a-dd73-4190-aa64-0603cd5fe207	The Thinker	x-files-ccg/01-premiere/XFilesCcg-01Premiere-TheThinker.jpg	default	Witness	01 - Premiere	01 - Premiere	playerNDeck	5 RP	Witness	Change one Keyword to any other one Keyword on a card played by your opponent.			Rare	Anasazi	XF96-0186v1
a0d14159-3f0a-4c04-bfa1-f510b4222a3f	The Vampire, A.K.A. The Unholy Spirit	x-files-ccg/01-premiere/XFilesCcg-01Premiere-TheVampireAKATheUnholySpirit.jpg	default	X-File	01 - Premiere	01 - Premiere	playerNXFile					Occult	X-File	3	XF96-0132v1
ae78a456-e674-4102-b1ec-e10412eb8ef4	Thorough Documentation	x-files-ccg/01-premiere/XFilesCcg-01Premiere-ThoroughDocumentation.jpg	default	Event	01 - Premiere	01 - Premiere	playerNDeck	2 RP	Event|Evidence Collection|Resource	Play prior to a Site skill check. If the Site skill check is successful, place this card in your Bureau Section. You may discard this card in any of your investigation phases to add 2 to a Site skill check. Discard this card after you've used the modifier.			Rare	Roland	XF96-0242v1
b5f509ba-e503-4428-adbb-36deb3c11e4f	Trap	x-files-ccg/01-premiere/XFilesCcg-01Premiere-Trap.jpg	default	Event	01 - Premiere	01 - Premiere	playerNDeck	3 CP	Event|Observation	Play on a Team in the Field at the start of combat. Force the opponent Team to make an OBSERVATION 4+ skill check. If they fail, the following combat will be fought between the Adversary and one Agent of your choice. No other Agents may participate in the combat.			Uncommon	End Game	XF96-0292v1
b6b4e4f4-b547-4ccb-828f-46dc55e3b4d7	Travel Arrangements	x-files-ccg/01-premiere/XFilesCcg-01Premiere-TravelArrangements.jpg	default	Event	01 - Premiere	01 - Premiere	playerNDeck	2 RP	Event|Move	You may move one of your Agents to any Section immediately. This card may not be played once an Adversary has forced combat until after the combat is resolved. The Agent may join any Team that occupies the new Section.			Common	Deep Throat	XF96-0300v1
b7a95b62-5569-4a9e-beaf-bef0d1c664f7	True Grit	x-files-ccg/01-premiere/XFilesCcg-01Premiere-TrueGrit.jpg	default	Event	01 - Premiere	01 - Premiere	playerNDeck	1 RP	Event|Behavioral	Play when an Agent is forced to go to the Hospital. He must still go to the Hospital by the end of this turn but he may add his skills to one skill check before going.			Rare	The Erlenmeyer Flask	XF96-0309v1
b2fc9f51-59b8-48c3-b4c8-ef2f523c5c62	Trust No One	x-files-ccg/01-premiere/XFilesCcg-01Premiere-TrustNoOne.jpg	default	Event	01 - Premiere	01 - Premiere	playerNDeck	2 CP	Event|Subterfuge	The Witness's modifier is now changed to a negative (e.g., a +1 becomes a -1). If the Witness has an ability separate from the modifier, this card cancels that ability for this turn.			Rare	The Erlenmeyer Flask	XF96-0273v1
9abac0eb-f412-4559-aed3-38c1229d8bdf	U.F.O. Wreckage, Townsend, WI	x-files-ccg/01-premiere/XFilesCcg-01Premiere-UFOWreckageTownsendWI.jpg	default	Site	01 - Premiere	01 - Premiere	playerNDeck	1 RP	Site|Multi|Motive|Result|Alien Investigation|Bureaucracy				Rare	Fallen Angel	XF96-0067v1
aaaf24eb-dc5b-4711-8aae-f2c534bd44bd	U.S. Marshall Tapia	x-files-ccg/01-premiere/XFilesCcg-01Premiere-USMarshallTapia.jpg	default	Witness	01 - Premiere	01 - Premiere	playerNDeck	1 RP	Witness|Evidence Collection	Adds 1 to one Team's EVIDENCE COLLECTION skill check.			Fixed	F. Emasculata	XF96-0208v1
b1f42c48-c947-4fe0-ba8f-3223ab0d42cf	Unexplainable Time Loss	x-files-ccg/01-premiere/XFilesCcg-01Premiere-UnexplainableTimeLoss.jpg	default	Event	01 - Premiere	01 - Premiere	playerNDeck	5 CP	Alien|Event|Sciences	Force an opponent Team to make a SCIENCES 4+ skill check or the current player's turn ends immediately			Rare	Pilot	XF96-0257v1
99f3011c-8884-447a-aca2-36051ac4c089	University Of Maryland, Baltimore, MD	x-files-ccg/01-premiere/XFilesCcg-01Premiere-UniversityOfMarylandBaltimoreMD.jpg	default	Site	01 - Premiere	01 - Premiere	playerNDeck	2 RP	Site|Mono|Result|Criminal Investigation				Common	Lazarus	XF96-0061v1
9e5b3a7c-8521-4976-b3da-028b279d2858	Unnatural Aging	x-files-ccg/01-premiere/XFilesCcg-01Premiere-UnnaturalAging.jpg	default	Bluff	01 - Premiere	01 - Premiere	playerNDeck	5 CP	Bluff|Alien|Phenomena	Force the Team to make a SCIENCES 4+ skill check. If they fail, choose one Agent to go to the Hospital. The chosen Agent permanently loses one HEALTH. An Agent's permanent HEALTH can never be reduced below 1.			Uncommon	Død Kalm	XF96-0109v1
9442de77-be45-47ff-9434-34436d514941	Vicious Fangs	x-files-ccg/01-premiere/XFilesCcg-01Premiere-ViciousFangs.jpg	default	Combat	01 - Premiere	01 - Premiere	playerNDeck	1 CP	Combat|Primordial|Occult	Play on any PRIMORDIAL or OCCULT Adversary to add 2 to their CLOSE RANGE COMBAT skill.			Uncommon	Shapes	XF96-0014v1
a1001d05-f2b1-4bdc-a88c-cbd798846e07	Volcanic Spore	x-files-ccg/01-premiere/XFilesCcg-01Premiere-VolcanicSpore.jpg	default	X-File	01 - Premiere	01 - Premiere	playerNXFile					Primordial	X-File	Firewalker	XF96-0134v1
ba96579b-d248-4ca5-98d6-26d00da4cd5b	Walther PPK 7.65 Hold Out Weapon	x-files-ccg/01-premiere/XFilesCcg-01Premiere-WaltherPPK765HoldOutWeapon.jpg	default	Equipment	01 - Premiere	01 - Premiere	playerNDeck	4 RP	Equipment|Weapon|Standard	Adds 2 to the Agent's CLOSE RANGE COMBAT skill.			Uncommon	Lazarus	XF96-0323v1
aeda0f6e-6b62-4a5e-ae85-17499c2a5a34	Warning From The Loa	x-files-ccg/01-premiere/XFilesCcg-01Premiere-WarningFromTheLoa.jpg	default	Event	01 - Premiere	01 - Premiere	playerNDeck	2 RP	Event|Occult	Force an opponent player to reveal any Adversary cards in his hand. If your opponent has one or more, discard one at random.			Rare	Fresh Bones	XF96-0245v1
a0736634-73b5-4724-82b1-710d4f79b2e0	Warren James Dupré, The Lazarus Man	x-files-ccg/01-premiere/XFilesCcg-01Premiere-WarrenJamesDuprTheLazarusMan.jpg	default	X-File	01 - Premiere	01 - Premiere	playerNXFile					Occult	Fixed	Lazarus	XF96-0127v1
9af45854-6fb6-424f-8d58-9311176ac2a2	Washington Monument, Washington, DC	x-files-ccg/01-premiere/XFilesCcg-01Premiere-WashingtonMonumentWashingtonDC.jpg	default	Site	01 - Premiere	01 - Premiere	playerNDeck	1 RP	Site|Multi|Motive|Result|Behavioral|Observation				Uncommon	Young At Heart	XF96-0072v1
95ed974b-2700-424f-970a-ffcda076f113	Watch Out!	x-files-ccg/01-premiere/XFilesCcg-01Premiere-WatchOut.jpg	default	Combat	01 - Premiere	01 - Premiere	playerNDeck	1 *P	Combat	Play this card when your opponent is about to assign damage. You now choose which of the Agents or Adversaries under your control take the damage. The damage may not be split unless you play a card that allows you to do so.			Uncommon	Blood	XF96-0030v1
9439f913-268e-4583-aa7e-c5094eab213e	Webbed	x-files-ccg/01-premiere/XFilesCcg-01Premiere-Webbed.jpg	default	Combat	01 - Premiere	01 - Premiere	playerNDeck	3 CP	Combat|Primordial	Play on any PRIMORDIAL Adversary to add 1 to their CLOSE RANGE COMBAT skill and prevent all damage from one opponent this round.			Rare	Darkness Falls	XF96-0013v1
b8443c25-ff6d-453b-8358-ff34ffae73a6	Wire-Tap	x-files-ccg/01-premiere/XFilesCcg-01Premiere-WireTap.jpg	default	Equipment	01 - Premiere	01 - Premiere	playerNDeck	2 RP	Equipment|Electrical|Special	Adds 1 to the Agent's SUBTERFUGE skill.			Common	Little Green Men	XF96-0313v1
b6952956-81e9-4a41-b866-3e997b9cd43a	Written Report	x-files-ccg/01-premiere/XFilesCcg-01Premiere-WrittenReport.jpg	default	Event	01 - Premiere	01 - Premiere	playerNDeck	1 RP	Event|Move	Play when an Agent is forced to return to the Bureau. Prior to moving, the Team may make a CRIMINAL INVESTIGATION 5+ skill check. If successful, the Agent does not have to return to the Bureau.			Common	E.B.E.	XF96-0298v1
b632a37f-e651-445f-afc3-3c4bbfc49258	X	x-files-ccg/01-premiere/XFilesCcg-01Premiere-X.jpg	default	Event	01 - Premiere	01 - Premiere	playerNDeck	3 RP	Event|Negate	Negate any one Keyword ADVERSARY card.			Ultra-Rare	Sleepless	XF96-0293v1
b6591911-7a16-4bdf-9f84-3797851ea1c4	X-Files Research	x-files-ccg/01-premiere/XFilesCcg-01Premiere-XFilesResearch.jpg	default	Event	01 - Premiere	01 - Premiere	playerNDeck	2 RP	Event|Training	Play on an Agent in the Bureau. The Agent is taken out of play for one full turn. At the start of the Briefing Phase of the second turn, the Agent may be deployed as normal, and in addition has a +1 in one of the following skills: ALIEN INVESTIGATION, OCCULT INVESTIGATION, or SCIENCES. This card may not be played on Agents Mulder or Scully. Place this card below the Agent to remind you of the increased skill.			Common		XF96-0296v1
9d160e3d-9df2-45de-9c34-67a378585ed3	You've Got A Tail	x-files-ccg/01-premiere/XFilesCcg-01Premiere-YouveGotATail.jpg	default	Bluff	01 - Premiere	01 - Premiere	playerNDeck	3 CP	Bluff|Phenomena	Play after a Team investigates a Site to destroy one Event RESOURCE.			Common	E.B.E.	XF96-0095v1
199f02b0-6ee1-485d-989b-a895999ec15a	A Call for Help	x-files-ccg/04-22364/XFilesCcg-0422364-ACallForHelp.jpg	default	Event	04 - 22364	04 - 22364	playerNDeck	4 RP	Event	Search through your Bureau deck for one Event or Witness card with Activator ACTIVE. Show the card to your opponent and add it to your hand. Shuffle your Bureau deck. If the card is immediately playable, you may do so for zero [RP] cost.			Community	Wetwired	XF97-0580x2
1c2dfc60-bbce-4588-9bde-7b3c3898fe69	Abandoned Missile Site, Black Crow, North Dakota	x-files-ccg/04-22364/XFilesCcg-0422364-AbandonedMissileSiteBlackCrowNorthDakota.jpg	default	Site	04 - 22364	04 - 22364	playerNDeck	2 RP	Site|Mono|Alien Investigation|Affiliation				Community	Apocrypha	XF97-0595x2
110c5d5a-2586-4ef1-a2a5-5bab4abb70d7	Agent Bonnecaze	x-files-ccg/04-22364/XFilesCcg-0422364-AgentBonnecaze.jpg	default	Agent	04 - 22364	04 - 22364	playerNStarting	3 RP	Agent|FBI|Law|Skeptic		4		Community	Avatar	XF97-0520x2
112d08e7-851b-436e-ae18-4e031fbc20ba	Agent Brian Fuller	x-files-ccg/04-22364/XFilesCcg-0422364-AgentBrianFuller.jpg	default	Agent	04 - 22364	04 - 22364	playerNStarting	1 RP	Agent|FBI|Law		3		Community	Apocrypha	XF97-0522x2
1140b269-3d45-4d4f-9768-3067f9502f2f	Agent Frank Burst	x-files-ccg/04-22364/XFilesCcg-0422364-AgentFrankBurst.jpg	default	Agent	04 - 22364	04 - 22364	playerNStarting	3 RP	Agent|FBI|Law|Believer		4		Community	Pusher	XF97-0523x2
11455369-6b37-4652-b33c-c32f24fa7086	Agent Linda Caleca	x-files-ccg/04-22364/XFilesCcg-0422364-AgentLindaCaleca.jpg	default	Agent	04 - 22364	04 - 22364	playerNStarting	1 RP	Agent|FBI|Law		3		Community	Apocrypha	XF97-0524x2
2202f370-ea79-42ae-87b4-4c376024b389	Agent Sarah Sheherlis	x-files-ccg/04-22364/XFilesCcg-0422364-AgentSarahSheherlis.jpg	default	Witness	04 - 22364	04 - 22364	playerNDeck	3 RP	Witness|Subterfuge|Computer	Adds 2 to one Team's SUBTERFUGE or adds 1 to one Team's COMPUTER skill check.			Community	Grotesque	XF97-0634x2
17338649-fbf0-4d57-9d9a-1f623f55c566	Agents in the Hospital	x-files-ccg/04-22364/XFilesCcg-0422364-AgentsInTheHospital.jpg	default	Event	04 - 22364	04 - 22364	playerNDeck	3 CP	Event	Play this card when there are two or more Agents in the Hospital. No Agents in the Hospital may heal any damage this turn.			Community	Apocrypha	XF97-0565x2
17f1065b-d563-4ede-8fca-adc1e5d93e1e	Alien Body Is A Hoax	x-files-ccg/04-22364/XFilesCcg-0422364-AlienBodyIsAHoax.jpg	default	Event	04 - 22364	04 - 22364	playerNDeck	3 *P	Event	Play this card to change the question(s) listed on one Site card to METHOD.			Community	Jose Chung's "From Outer Space"	XF97-0570x2
142a9947-9c56-493f-8cf1-fb81d985c4df	Alien Experience	x-files-ccg/04-22364/XFilesCcg-0422364-AlienExperience.jpg	default	Bluff	04 - 22364	04 - 22364	playerNDeck	4 CP	Bluff	Play this card to provide the keywords necessary to play any one Keyword ALIEN Adversary.			Community	Jose Chung's "From Outer Space"	XF97-0547x2
142a6356-3c2a-40cc-b8e5-4090ae972b8c	Alien Experience [alternate version]	x-files-ccg/04-22364/XFilesCcg-0422364-AlienExperienceAlternateVersion.jpg	default	Bluff	04 - 22364	04 - 22364	playerNDeck	4 CP	Bluff	Play this card to provide the keywords necessary to play any one Keyword ALIEN Adversary.			Community	Jose Chung's "From Outer Space"	XF97-0547x2-alt
183d7b8e-0c34-46fe-b50b-eac39d462fe3	Alien Uses Oil as Transportation Medium	x-files-ccg/04-22364/XFilesCcg-0422364-AlienUsesOilAsTransportationMedium.jpg	default	Event	04 - 22364	04 - 22364	playerNDeck	1 RP	Event|Alien Investigation	Play this card to give any one Agent ALIEN INVESTIGATION skill equal to their CRIMINAL INVESTIGATION skill level for the rest of this turn.			Community	Apocrypha	XF97-0571x2
1af8ec5d-a55a-4d45-bb9d-384c40f579e2	Aliens Monitor the Project	x-files-ccg/04-22364/XFilesCcg-0422364-AliensMonitorTheProject.jpg	default	Event	04 - 22364	04 - 22364	playerNDeck	3 CP	Event|Alien|Government	Play this card after playing a Keyword ALIEN Adversary and resolving the Combat. You may play one additional Adversary from your hand with the Keyword ALIEN or GOVERNMENT for zero [CP] ignoring Activator requirements.			Community	Paper Clip	XF97-0584x2
22a5c0f6-9e75-4f4d-a331-8d15037a35b3	Alonso Bilac	x-files-ccg/04-22364/XFilesCcg-0422364-AlonsoBilac.jpg	default	Witness	04 - 22364	04 - 22364	playerNDeck	4 RP	Witness|Occult Investigation|Behavioral	Adds 3 to one Team's OCCULT INVESTIGATION or adds 2 to one Team's BEHAVIORAL skill check.			Community	Teso dos Bichos	XF97-0639x2
1c4bc55e-e980-4567-9a43-45bd547a5ec2	Ambassador Hotel, Washington, D.C.	x-files-ccg/04-22364/XFilesCcg-0422364-AmbassadorHotelWashingtonDC.jpg	default	Site	04 - 22364	04 - 22364	playerNDeck	1 RP	Site|Multi|Criminal Investigation|Sciences|Affiliation|Method				Community	Avatar	XF97-0596x2
1e7fc3b3-297a-475e-9be8-5eac1738a01a	Ansel Bray	x-files-ccg/04-22364/XFilesCcg-0422364-AnselBray.jpg	default	Witness	04 - 22364	04 - 22364	playerNDeck	3 RP	Witness|Evidence Collection	Adds 3 to one Team's EVIDENCE COLLECTION skill check.			Community	Quagmire	XF97-0613x2
10e83b05-1f21-45d0-9683-f42525edc89c	Artificially Intelligent Dung-Eating Robotic Probes	x-files-ccg/04-22364/XFilesCcg-0422364-ArtificiallyIntelligentDungEatingRoboticProbes.jpg	default	Adversary	04 - 22364	04 - 22364	playerNDeck	4 CP	Adversary|Alien|Phenomena	The LONG RANGE COMBAT round is skipped. The Probes make one CLOSE RANGE COMBAT attack and are then discarded.	5		Community	War of the Coprophages	XF97-0518x2
0ff4a585-42eb-4485-a941-0024aea17d63	Backbreaker	x-files-ccg/04-22364/XFilesCcg-0422364-Backbreaker.jpg	default	Combat	04 - 22364	04 - 22364	playerNDeck	X *P	Combat	Play in CLOSE RANGE COMBAT. Discard a card from your hand to deal additional damage in CLOSE RANGE COMBAT equal to the cost of the discarded card. This damage may be assigned to a different Agent than the one just damaged by the Adversary. X = Cost of the discarded card.			Community	Jose Chung's "From Outer Space"	PR97-0014-CON
1b85e377-5e0b-4c6b-b979-b949465e1318	Bad Reputation	x-files-ccg/04-22364/XFilesCcg-0422364-BadReputation.jpg	default	Event	04 - 22364	04 - 22364	playerNDeck	1 CP	Event	Play this card to force one opponent to discard one Agent card (their choice) from their hand. If they have no Agents, discard one card randomly.			Community	Squeeze	XF97-0588x2
227f0471-3e83-422a-88d4-575da8be93d1	Blaine Faulkner	x-files-ccg/04-22364/XFilesCcg-0422364-BlaineFaulkner.jpg	default	Witness	04 - 22364	04 - 22364	playerNDeck	4 RP	Witness|Observation|Evidence Collection	Adds 3 to one Team's OBSERVATION or adds 2 to one Team's EVIDENCE COLLECTION skill check.			Community	Jose Chung's "From Outer Space"	XF97-0638x2
20efb3a5-55b3-4caa-bde3-76ef1946cfbd	Bob Spitz	x-files-ccg/04-22364/XFilesCcg-0422364-BobSpitz.jpg	default	Witness	04 - 22364	04 - 22364	playerNDeck	3 RP	Witness|Evidence Collection|Observation	Adds 2 to one Team's EVIDENCE COLLECTION or adds 1 to one Team's OBSERVATION skill check.			Community	Syzygy	XF97-0628x2
1242ec72-83b6-432b-b707-c5311fa6e5ba	Callahan Obstructs Initial Investigation	x-files-ccg/04-22364/XFilesCcg-0422364-CallahanObstructsInitialInvestigation.jpg	default	Bluff	04 - 22364	04 - 22364	playerNDeck	1 CP	Bluff|Observation	Play this card to change the Site Prerequisite from OBSERVATION to BUREAUCRACY.			Community	The Walk	XF97-0532x2
15468cc8-a522-4f09-9d11-10b30b23245f	Canvassing	x-files-ccg/04-22364/XFilesCcg-0422364-Canvassing.jpg	default	Event	04 - 22364	04 - 22364	playerNDeck	4 RP	Event	Play this card to gain a +1 modifier to the current Site skill check for each Site card discarded from your hand.			Community	Lazarus	XF97-0554x2
128e1c97-1df9-48e9-afd2-28a2f17782cb	Carina Sayles	x-files-ccg/04-22364/XFilesCcg-0422364-CarinaSayles.jpg	default	Bluff	04 - 22364	04 - 22364	playerNDeck	7 CP	Bluff|Government	Force one opposing Agent of your choice to return to the Bureau. Place two tokens on the Agent. Remove one token during the owning player's Debriefing Phase. When no tokens remain, the Agent may leave the Bureau.			Community	Avatar	XF97-0533x2
10a8a3af-ba2d-4961-be6b-ebaf9a7d81ca	Carl Wade	x-files-ccg/04-22364/XFilesCcg-0422364-CarlWade.jpg	default	Adversary	04 - 22364	04 - 22364	playerNDeck	4 CP	Adversary|Primordial|Creature|Abduction	Carl Wade engages one opposing Agent (your choice) in Combat. If Wade reduces the Agent to zero HEALTH, discard this card and place the Agent in the Hospital with three tokens on it. Remove one token in each of the owning player's Briefing phases. While tokens are on the Agent, they may not heal damage. When the last token is removed, the Agent may heal damage as normal. This card is considered an ABDUCTION card.	3		Community	Oubliette	XF97-0516x2
1c612f92-928d-4a4d-b34d-708830bbdea9	Carl Wade's Cabin, Easton, Washington	x-files-ccg/04-22364/XFilesCcg-0422364-CarlWadesCabinEastonWashington.jpg	default	Site	04 - 22364	04 - 22364	playerNDeck	1 RP	Site|Multi|Behavioral|Sciences|Motive|Method				Community	Oubliette	XF97-0597x2
12b70968-9fa3-41a4-829a-649026fd507f	Chaos Theory	x-files-ccg/04-22364/XFilesCcg-0422364-ChaosTheory.jpg	default	Bluff	04 - 22364	04 - 22364	playerNDeck	1 CP	Bluff|Evidence Collection	Play this card to change the Site Prerequisite from OCCULT INVESTIGATION to EVIDENCE COLLECTION.			Community	Syzygy	XF97-0534x2
154a5418-c234-49ee-9e78-bce56ccfbf0e	Clean-Up Operation	x-files-ccg/04-22364/XFilesCcg-0422364-CleanUpOperation.jpg	default	Event	04 - 22364	04 - 22364	playerNDeck	4 RP	Event|Criminal Investigation|Resource	You may place up to 2 [RP] from your Resource pool on this card when it comes into play. Discard one [RP] token to double the [CP] Cost of any one Government Adversary played by your opponent. If your opponent cannot or chooses not to pay the additional Cost, the Adversary card is discarded. When no tokens remain on this card, move it to your Discard Pile.			Community	731	XF97-0555x2
1cb9ef1a-7d10-49e1-b480-7aa123bc84e1	Comity, Caryl County	x-files-ccg/04-22364/XFilesCcg-0422364-ComityCarylCounty.jpg	default	Site	04 - 22364	04 - 22364	playerNDeck	2 RP	Site|Mono|Occult Investigation|Motive				Community	Syzygy	XF97-0598x2
1e0c7fca-94b2-40a2-ab4e-a7e4faca9839	Commander Christopher Johansen	x-files-ccg/04-22364/XFilesCcg-0422364-CommanderChristopherJohansen.jpg	default	Witness	04 - 22364	04 - 22364	playerNDeck	3 RP	Witness|Bureaucracy	Adds 3 to one Team's BUREAUCRACY skill check.			Community	Piper Maru	XF97-0611x2
1cc2b479-3640-4e59-a349-f4b34d64ea5c	Connorville, Oklahoma	x-files-ccg/04-22364/XFilesCcg-0422364-ConnorvilleOklahoma.jpg	default	Site	04 - 22364	04 - 22364	playerNDeck	2 RP	Site|Mono|Sciences|Affiliation				Community	D.P.O.	XF97-0599x2
16c5c084-c23d-4ac1-b604-3acf15240fe7	Cultural Barrier	x-files-ccg/04-22364/XFilesCcg-0422364-CulturalBarrier.jpg	default	Event	04 - 22364	04 - 22364	playerNDeck	3 *P	Event	Play this card to change the question(s) listed on one Site card to MOTIVE.			Community	Hell Money	XF97-0562x2
115db16a-2ed9-4eaa-bc3b-8cb54cff9f3b	Deforestation	x-files-ccg/04-22364/XFilesCcg-0422364-Deforestation.jpg	default	Bluff	04 - 22364	04 - 22364	playerNDeck	4 CP	Bluff	Play this card to provide the keywords necessary to play any one keyword PRIMORDIAL Adversary.			Community	Darkness Falls	XF97-0526x2
111cf4da-fa9d-49d1-bcfc-e306f7484716	Detective Glen Chao	x-files-ccg/04-22364/XFilesCcg-0422364-DetectiveGlenChao.jpg	default	Agent	04 - 22364	04 - 22364	playerNStarting	3 RP	Agent|Law|Independent|Believer		4		Community	Hell Money	XF97-0521x2
1fab7b58-0570-47ee-86a7-2d2bab4eab57	Detective Neary	x-files-ccg/04-22364/XFilesCcg-0422364-DetectiveNeary.jpg	default	Witness	04 - 22364	04 - 22364	playerNDeck	2 RP	Witness|Bureaucracy|Criminal Investigation	Adds 1 to one Team's BUREAUCRACY or CRIMINAL INVESTIGATION skill check.			Community	Hell Money	XF97-0620x2
21871a89-3c15-4461-9e91-e60a221aef15	Diner Cook	x-files-ccg/04-22364/XFilesCcg-0422364-DinerCook.jpg	default	Witness	04 - 22364	04 - 22364	playerNDeck	3 RP	Witness|Subterfuge|Alien Investigation	Adds 2 to one Team's SUBTERFUGE or adds 1 to one Team's ALIEN INVESTIGATION skill check.			Community	Jose Chung's "From Outer Space"	XF97-0632x2
18c1bf17-635b-4228-b49e-1e738e39c454	Disciplinary Actions	x-files-ccg/04-22364/XFilesCcg-0422364-DisciplinaryActions.jpg	default	Event	04 - 22364	04 - 22364	playerNDeck	6 CP	Event|Resource	Play on an opposing Agent. Place three tokens on this card and move the Agent to the Bureau. Remove a token during the opponent's Debriefing Phase. The Agent may not leave the Bureau until all tokens have been removed. While in the Bureau the Agent may not receive or use any equipment; nor may the Agent contribute to any Skill checks.			Community	The Blessing Way	XF97-0573x2
14b4981f-c24e-4071-9076-45b564f9c2c6	Discovering the Truth	x-files-ccg/04-22364/XFilesCcg-0422364-DiscoveringTheTruth.jpg	default	Event	04 - 22364	04 - 22364	playerNDeck	3 RP	Event|Negate	Play this card to reveal any face down card by turning it face up (except your opponent's X-File). If it has the Keyword "Secret", it is discarded.			Community	Paper Clip	XF97-0550x2
12da3e96-24c7-4cdb-95a9-0136738101d4	Disinformation Campaign	x-files-ccg/04-22364/XFilesCcg-0422364-DisinformationCampaign.jpg	default	Bluff	04 - 22364	04 - 22364	playerNDeck	1 CP	Bluff|Criminal Investigation	Play this card to change the Site Prerequisite from ALIEN INVESTIGATION to CRIMINAL INVESTIGATION.			Community	Jose Chung's "From Outer Space"	XF97-0535x2
2145a973-2fc7-44dc-8ae0-0c5f56d1215c	Dr. Carl Roosevelt	x-files-ccg/04-22364/XFilesCcg-0422364-DrCarlRoosevelt.jpg	default	Witness	04 - 22364	04 - 22364	playerNDeck	3 RP	Witness|Sciences|Computer	Adds 2 to one Team's SCIENCES or adds 1 to one Team's COMPUTER skill check.			Community	Teso dos Bichos	XF97-0631x2
1f0ba776-c4a1-41ac-9d34-6b774217e07d	Dr. Lewton	x-files-ccg/04-22364/XFilesCcg-0422364-DrLewton.jpg	default	Witness	04 - 22364	04 - 22364	playerNDeck	2 RP	Witness|Behavioral|Bureaucracy	Adds 1 to one Team's BEHAVIORAL or BUREAUCRACY skill check.			Community	Teso dos Bichos	XF97-0617x2
20f2c8e9-5301-4fd7-9995-799fb17a4374	Dr. Richard Godfrey	x-files-ccg/04-22364/XFilesCcg-0422364-DrRichardGodfrey.jpg	default	Witness	04 - 22364	04 - 22364	playerNDeck	3 RP	Witness|Observation|Medical	Adds 2 to one Team's OBSERVATION or adds 1 to one Team's MEDICAL skill check.			Community	Syzygy	XF97-0629x2
1e80234c-4f38-4cd1-aa86-ff2a86b65822	Dr. Seizer	x-files-ccg/04-22364/XFilesCcg-0422364-DrSeizer.jpg	default	Witness	04 - 22364	04 - 22364	playerNDeck	3 RP	Witness|Medical	Adds 3 to one Team's MEDICAL skill check.			Community	Piper Maru	XF97-0614x2
12f4f472-352e-4db9-922a-27437a17e405	Dr. Stroman	x-files-ccg/04-22364/XFilesCcg-0422364-DrStroman.jpg	default	Bluff	04 - 22364	04 - 22364	playerNDeck	3 CP	Bluff|Medical	Play to change a Site Prerequisite to MEDICAL 3+.			Community	Wetwired	XF97-0537x2
1fbf8b05-0580-430d-9626-02d5681a1069	Dr. Winters	x-files-ccg/04-22364/XFilesCcg-0422364-DrWinters.jpg	default	Witness	04 - 22364	04 - 22364	playerNDeck	2 RP	Witness|Medical|Sciences	Adds 1 to one Team's MEDICAL or SCIENCES skill check.			Community	Teso dos Bichos	XF97-0623x2
1983c603-8ab2-4bfa-9ff7-20549bf52f7a	Drag the Lake	x-files-ccg/04-22364/XFilesCcg-0422364-DragTheLake.jpg	default	Event	04 - 22364	04 - 22364	playerNDeck	4 RP	Event|Sciences|Resource	You may place up to 2 [RP] from your Resource Pool on this card when it comes into play. Discard 1 [RP] token to double the [CP] Cost of any one PRIMORDIAL Adversary played by your opponent. If your opponent cannot or chooses not to pay the additional Cost, the Adversary card is discarded. When no tokens remain on this card, move it to your Discard Pile.			Community	Quagmire	XF97-0578x2
1d1ca756-036c-479d-95b1-403a388b217a	Eastpoint State Penitentiary, Leon County, Florida	x-files-ccg/04-22364/XFilesCcg-0422364-EastpointStatePenitentiaryLeonCountyFlorida.jpg	default	Site	04 - 22364	04 - 22364	playerNDeck	2 RP	Site|Mono|Criminal Investigation|Motive				Community	The List	XF97-0600x2
12ed4cee-c521-4da1-a0eb-7c5e014797f4	Falsified Air Force Crash	x-files-ccg/04-22364/XFilesCcg-0422364-FalsifiedAirForceCrash.jpg	default	Bluff	04 - 22364	04 - 22364	playerNDeck	6 CP	Bluff|Alien Investigation|Criminal Investigation	Subtract 4 from one Team's ALIEN INVESTIGATION or CRIMINAL INVESTIGATION skill check.			Community	Jose Chung's "From Outer Space"	XF97-0536x2
150e606a-f148-4f3b-8e7a-0e964f943822	FBI Internet Alert	x-files-ccg/04-22364/XFilesCcg-0422364-FBIInternetAlert.jpg	default	Event	04 - 22364	04 - 22364	playerNDeck	4 RP	Event|Evidence Collection|Resource	You may place up to 2 [RP] from your Resource Pool on this card when it comes into play. Discard 1 [RP] token to double the [CP] Cost of any one EVOLUTIONARY Adversary played by your opponent. If your opponent cannot or chooses not to pay the additional Cost, the Adversary card is discarded. When no tokens remain on this card, move it to your Discard Pile.			Community	2Shy	XF97-0551x2
10a0f75f-2eb9-48a8-a1e1-49ea4ff7cf8f	Foreign Operative	x-files-ccg/04-22364/XFilesCcg-0422364-ForeignOperative.jpg	default	Adversary	04 - 22364	04 - 22364	playerNDeck	5 CP	Adversary|Government|Creature	This Adversary may use MARTIAL ARTS and SUBTERFUGE cards.	5		Community	Nisei	XF97-0515x2
1b2b17a8-e424-448e-a566-bd6dabe38285	Frog Holocaust	x-files-ccg/04-22364/XFilesCcg-0422364-FrogHolocaust.jpg	default	Event	04 - 22364	04 - 22364	playerNDeck	3 RP	Event|Negate	Negate one Keyword EVOLUTIONARY card.			Community	Quagmire	XF97-0585x2
1b6d8b9b-d0e5-44ab-87e9-f69b3dcbfb92	Full Circle to Find the Truth	x-files-ccg/04-22364/XFilesCcg-0422364-FullCircleToFindTheTruth.jpg	default	Event	04 - 22364	04 - 22364	playerNDeck	1 RP	Event|Occult Investigation	Play this card to give any one Agent OCCULT INVESTIGATION skill equal to their CRIMINAL INVESTIGATION skill level for the rest of this turn.			Community	Revelations	XF97-0587x2
1fe2f9a4-3cc6-4a5e-8426-6fe1561ae8b8	Galen Muntz	x-files-ccg/04-22364/XFilesCcg-0422364-GalenMuntz.jpg	default	Witness	04 - 22364	04 - 22364	playerNDeck	3 RP	Witness|Behavioral|Alien Investigation	Adds 2 to one Team's BEHAVIORAL or adds 1 to one Team's ALIEN INVESTIGATION skill check.			Community	Talitha Cumi	XF97-0625x2
1e8143ad-a3b8-47fd-826a-32226540609f	Gauthier	x-files-ccg/04-22364/XFilesCcg-0422364-Gauthier.jpg	default	Witness	04 - 22364	04 - 22364	playerNDeck	2 RP	Witness|Alien Investigation|Subterfuge	Adds 1 to one Team's ALIEN INVESTIGATION or SUBTERFUGE skill check.			Community	Piper Maru	XF97-0615x2
13237c16-8e84-450f-8bdb-5f12eb7b987d	Government Leaves No Loose Ends	x-files-ccg/04-22364/XFilesCcg-0422364-GovernmentLeavesNoLooseEnds.jpg	default	Bluff	04 - 22364	04 - 22364	playerNDeck	6 CP	Bluff|Medical|Sciences	Subtract 4 from Team's MEDICAL or SCIENCES skill check.			Community	Nisei	XF97-0538x2
1384574f-41d6-485e-9b8b-f71eed92800a	Greetings From Planet Earth	x-files-ccg/04-22364/XFilesCcg-0422364-GreetingsFromPlanetEarth.jpg	default	Bluff	04 - 22364	04 - 22364	playerNDeck	1 CP	Bluff|Sciences	Play to change the Site Prerequisite to from MEDICAL to SCIENCES.			Community	War of the Coprophages	XF97-0540x2
1d3603b0-00d2-485a-b4cb-6aa585093ce1	Hansen's Disease Research Facility, Perkey, West Virginia	x-files-ccg/04-22364/XFilesCcg-0422364-HansensDiseaseResearchFacilityPerkeyWestVirginia.jpg	default	Site	04 - 22364	04 - 22364	playerNDeck	2 RP	Site|Mono|Alien Investigation|Motive				Community	731	XF97-0601x2
1fd2e8a0-2d31-42d6-8176-e575e15aec85	Harold Lamb	x-files-ccg/04-22364/XFilesCcg-0422364-HaroldLamb.jpg	default	Witness	04 - 22364	04 - 22364	playerNDeck	3 RP	Witness|Alien Investigation|Observation	Adds 2 to one Team's ALIEN INVESTIGATION or adds 1 to one Team's OBSERVATION skill check.			Community	Jose Chung's "From Outer Space"	XF97-0624x2
18ea2e9b-6c05-4fa7-9490-1e81b61d45b8	He Won't Let Me Die	x-files-ccg/04-22364/XFilesCcg-0422364-HeWontLetMeDie.jpg	default	Event	04 - 22364	04 - 22364	playerNDeck	4 RP	Event|Phenomena	Play this card when an Agent in the Field has been reduced to zero Health and is to be moved to the Hospital or removed from the game. Increase the Agent's Health to 3 (no matter how much damage has been dealt) and leave the Agent in the Field.			Community	The Walk	XF97-0575x2
151d86f6-9382-49bb-b014-a28e5e057f7a	He's Gonna Find You	x-files-ccg/04-22364/XFilesCcg-0422364-HesGonnaFindYou.jpg	default	Event	04 - 22364	04 - 22364	playerNDeck	4 CP	Event|Occult	Play this card to allow Adversaries to attack one Team of Agents anywhere in the Field, Bureau, or Hospital, ignoring Activator requirements.			Community	Revelations	XF97-0552x2
17d001d3-9608-4301-8cc4-939b0cdcb574	Heroic Leap	x-files-ccg/04-22364/XFilesCcg-0422364-HeroicLeap.jpg	default	Event	04 - 22364	04 - 22364	playerNDeck	2 RP	Event	Place damage tokens, up to one less than the Agent's current health, on an Agent. Apply a +1 modifier to the current Site skill check for each token of damage placed.			Community	Nisei	XF97-0569x2
1d5ff214-5234-4980-ad5f-3a1a366614b9	Hong Kong	x-files-ccg/04-22364/XFilesCcg-0422364-HongKong.jpg	default	Site	04 - 22364	04 - 22364	playerNDeck	1 RP	Site|Multi|Evidence Collection|Subterfuge|Method|Result				Community	Piper Maru	XF97-0602x2
14605009-6a06-4fa9-a593-1859b89d7cd0	Hostage Negotiations	x-files-ccg/04-22364/XFilesCcg-0422364-HostageNegotiations.jpg	default	Event	04 - 22364	04 - 22364	playerNDeck	X RP	Event	Play this card on a Team of Agents. Each Combat card discarded from your hand gives the Team a +1 modifier to the Site skill check. X = the number of Combat cards discarded.			Community	Duane Barry	XF97-0548x2
16880096-91d5-4c34-9f27-164bd9732362	I'm Not Your Source	x-files-ccg/04-22364/XFilesCcg-0422364-ImNotYourSource.jpg	default	Event	04 - 22364	04 - 22364	playerNDeck	4 CP	Event|Resource	Play this card in an opponent's Field and place two tokens on it. Discard a token to prevent your opponent from playing any Events or Witnesses while investigating a Site. Does not affect Events or Witnesses currently in play. Discard this card when no tokens remain.			Community	Wetwired	XF97-0559x2
174a90a7-e264-42cf-ae47-19b31b0a63b3	I've Got the Tape	x-files-ccg/04-22364/XFilesCcg-0422364-IveGotTheTape.jpg	default	Event	04 - 22364	04 - 22364	playerNDeck	4 RP	Event|Alien|Resource	You may place up to 3 [RP] from your Resource Pool on this card when it comes into play. Discard 1 [RP] token to double the [CP] Cost of any one ALIEN Adversary played by your opponent. If your opponent cannot or chooses not to pay the additional Cost, the Adversary card is discarded. When no tokens remain on this card, move it to your Discard Pile.			Community	Paper Clip	XF97-0566x2
16b06ab5-096f-4196-aaca-18307ed9be2e	Implant Records and Steals Memory	x-files-ccg/04-22364/XFilesCcg-0422364-ImplantRecordsAndStealsMemory.jpg	default	Event	04 - 22364	04 - 22364	playerNDeck	1 CP	Event	Play after your opponent has completed a successful Site skill check. Remove up to 4 [RP] from your opponent's Resource Pool.			Community	731	XF97-0560x2
1343bfb1-b411-4a00-bbc5-b7c7851f67b4	Incanto Stalks Prey Over Internet	x-files-ccg/04-22364/XFilesCcg-0422364-IncantoStalksPreyOverInternet.jpg	default	Bluff	04 - 22364	04 - 22364	playerNDeck	1 CP	Bluff|Behavioral	Play to change the Site Prerequisite from COMPUTER to BEHAVIORAL.			Community	2Shy	XF97-0539x2
1998c848-0991-4d52-affe-2b8beb2a91cb	Informant on the Intelligence Committee	x-files-ccg/04-22364/XFilesCcg-0422364-InformantOnTheIntelligenceCommittee.jpg	default	Event	04 - 22364	04 - 22364	playerNDeck	1 RP	Event|Subterfuge	Play this card to give any one Agent SUBTERFUGE skill equal to their CRIMINAL INVESTIGATION skill level for the rest of this turn.			Community	Nisei	XF97-0579x2
0f833f21-57fa-4853-9fb6-614af31c4e1a	Interrogations	x-files-ccg/04-22364/XFilesCcg-0422364-Interrogations.jpg	default	Event	04 - 22364	04 - 22364	playerNDeck	2 RP	Event|Resource	Place two tokens on this card. Discard one token to double one Witness modifier for the remainder of your turn. This may only be done once per turn. When no tokens remain, move this card to the discard pile.			Community	Jose Chung's "From Outer Space"	PR97-0008-BOX
1f63070f-b3c3-4b3e-8584-c7e8af6de3b7	Jennifer Workman	x-files-ccg/04-22364/XFilesCcg-0422364-JenniferWorkman.jpg	default	Witness	04 - 22364	04 - 22364	playerNDeck	2 RP	Witness|Bureaucracy|Computer	Adds 1 to one Team's BUREAUCRACY or COMPUTER skill check.			Community	2Shy	XF97-0619x2
172a487f-3222-4d12-9cb1-2d8e0cc31cef	Jeopardizing The X-Files	x-files-ccg/04-22364/XFilesCcg-0422364-JeopardizingTheXFiles.jpg	default	Event	04 - 22364	04 - 22364	playerNDeck	5 CP	Event	Force one opponent to immediately discard their entire hand. Your opponent, at their option, may opt to pay 3 [RP] for each card they do not want to discard.			Community	Deep Throat	XF97-0564x2
11e83fde-1563-4a46-b84b-2d466b85ca32	Jeraldine Kallenchuk	x-files-ccg/04-22364/XFilesCcg-0422364-JeraldineKallenchuk.jpg	default	Bluff	04 - 22364	04 - 22364	playerNDeck	2 CP	Bluff	Draw the top three cards from your Bureau deck. If any of the drawn cards are playable and contain Keyword CONSPIRACY, you may immediately play one (your choice) for zero [CP] Cost. Discard the remaining cards drawn from your Bureau deck.			Community	Piper Maru	XF97-0528x2
22f13d2f-e6fb-4b99-abd2-a773ba57046d	Jeremiah Smith	x-files-ccg/04-22364/XFilesCcg-0422364-JeremiahSmith.jpg	default	Witness	04 - 22364	04 - 22364	playerNDeck	5 RP	Witness|Alien Investigation|Evidence Collection|Healing	Adds 3 to one Team's ALIEN INVESTIGATION or adds 3 to one Team's EVIDENCE COLLECTION skill check. Alternately, play Jeremiah Smith to immediately heal all damage done to one Agent in the Field. If used in this way, remove this card from the game.			Community	Talitha Cumi	XF97-0641x2
1fb18c71-f9af-4336-85ca-fcad92ee4563	Joanne Steffen	x-files-ccg/04-22364/XFilesCcg-0422364-JoanneSteffen.jpg	default	Witness	04 - 22364	04 - 22364	playerNDeck	2 RP	Witness|Computer|Observation	Adds 1 to one Team's COMPUTER or OBSERVATION skill check.			Community	2Shy	XF97-0621x2
2231c233-3a4b-4376-a5ec-04502dbae1ca	Jose Chung	x-files-ccg/04-22364/XFilesCcg-0422364-JoseChung.jpg	default	Witness	04 - 22364	04 - 22364	playerNDeck	4 RP	Witness|Evidence Collection|Criminal Investigation	Adds 3 to one Team's EVIDENCE COLLECTION or adds 2 to one Team's CRIMINAL INVESTIGATION skill check.			Community	Jose Chung's "From Outer Space"	XF97-0636x2
21ec7b7e-7a4c-479b-a350-3003784a4a75	Judy Fairly	x-files-ccg/04-22364/XFilesCcg-0422364-JudyFairly.jpg	default	Witness	04 - 22364	04 - 22364	playerNDeck	3 RP	Witness|Subterfuge|Evidence Collection	Adds 2 to one Team's SUBTERFUGE or adds 1 to one Team's EVIDENCE COLLECTION skill check.			Community	Avatar	XF97-0633x2
2316e4ef-8ff6-45cd-a98f-e096491745bb	Kevin Kryder	x-files-ccg/04-22364/XFilesCcg-0422364-KevinKryder.jpg	default	Witness	04 - 22364	04 - 22364	playerNDeck	5 RP	Witness|Occult Investigation|Subterfuge	Adds 3 to one Team's OCCULT INVESTIGATION or adds 3 to one Team's SUBTERFUGE skill check. Kevin Kryder may contribute either modifier to any skill check in the field during the turn he is played, even other Agent Team skill checks. At the end of your turn, discard this card.			Community	Revelations	XF97-0642x2
1f4789d5-cd7e-4d7f-8bbe-ba8b852ee6bb	Kim Hsin	x-files-ccg/04-22364/XFilesCcg-0422364-KimHsin.jpg	default	Witness	04 - 22364	04 - 22364	playerNDeck	2 RP	Witness|Behavioral|Criminal Investigation	Adds 1 to one Team's BEHAVIORAL or CRIMINAL INVESTIGATION skill check.			Community	Hell Money	XF97-0618x2
1d643a19-574c-47e4-ae31-533ebbb2ffc1	Klass County, Washington	x-files-ccg/04-22364/XFilesCcg-0422364-KlassCountyWashington.jpg	default	Site	04 - 22364	04 - 22364	playerNDeck	2 RP	Site|Mono|Bureaucracy|Affiliation				Community	Jose Chung's "From Outer Space"	XF97-0603x2
105f3109-cba4-46c9-b668-1ed398c4b4dd	Lake Beast	x-files-ccg/04-22364/XFilesCcg-0422364-LakeBeast.jpg	default	Adversary	04 - 22364	04 - 22364	playerNDeck	5 CP	Adversary|Primordial|Creature	This Adversary may use SUBTERFUGE cards.	6		Community	Quagmire	XF97-0514x2
18679d2a-4dc2-4376-9729-712cda74c974	Latent Image	x-files-ccg/04-22364/XFilesCcg-0422364-LatentImage.jpg	default	Event	04 - 22364	04 - 22364	playerNDeck	1 RP	Event|Computer	Make a COMPUTER 4+ skill check. If successful, apply a +1 modifier to the Site skill check.			Community	Avatar	XF97-0572x2
114e571b-934e-4f20-8258-97c5c30aa6d4	Lieutenant Brophy	x-files-ccg/04-22364/XFilesCcg-0422364-LieutenantBrophy.jpg	default	Agent	04 - 22364	04 - 22364	playerNStarting	3 RP	Agent|FBI|Law		5		Community	Pusher	XF97-0525x2
2214ce96-9dc1-4174-96bd-03aecc6c7845	Lieutenant Jack Sheaffer	x-files-ccg/04-22364/XFilesCcg-0422364-LieutenantJackSheaffer.jpg	default	Witness	04 - 22364	04 - 22364	playerNDeck	4 RP	Witness|Alien Investigation|Subterfuge	Adds 3 to one Team's ALIEN INVESTIGATION or adds 2 to one Team's SUBTERFUGE skill check.			Community	Jose Chung's "From Outer Space"	XF97-0635x2
123d7bb7-6885-4bdb-84eb-d9b01546b814	Lightning Strikes	x-files-ccg/04-22364/XFilesCcg-0422364-LightningStrikes.jpg	default	Bluff	04 - 22364	04 - 22364	playerNDeck	4 CP	Bluff	Play this card to provide the keywords necessary to play any one keyword EVOLUTIONARY Adversary.			Community	D.P.O.	XF97-0531x2
10111a3f-d80d-4d92-ac5b-ee11bab80dd2	Liquid Alien	x-files-ccg/04-22364/XFilesCcg-0422364-LiquidAlien.jpg	default	Adversary	04 - 22364	04 - 22364	playerNDeck	10 CP	Adversary|Alien|Phenomena|Pawn	When this card is played on a Team of Agents, they make an ALIEN INVESTIGATION skill check of 4+. If successful, discard this card. If not, place this card on an Agent (your choice). That Agent now attacks the Team with the CLOSE RANGE COMBAT, LONG RANGE COMBAT and HEALTH of the Liquid Alien. When Combat ends, the affected Agent is reduced to zero Health.	5		Community	Apocrypha	XF97-0511x2
20707dfd-86c2-45b9-818a-29cf67c6df79	Lobby Guard	x-files-ccg/04-22364/XFilesCcg-0422364-LobbyGuard.jpg	default	Witness	04 - 22364	04 - 22364	playerNDeck	3 RP	Witness|Criminal Investigation|Behavioral	Adds 2 to one Team's CRIMINAL INVESTIGATION or adds 1 to one Team's BEHAVIORAL skill check.			Community	Pusher	XF97-0627x2
22b8f7f8-9abe-4dfd-92d9-1316c0c69806	Lorraine Kelleher	x-files-ccg/04-22364/XFilesCcg-0422364-LorraineKelleher.jpg	default	Witness	04 - 22364	04 - 22364	playerNDeck	4 RP	Witness|Subterfuge|Observation	Adds 3 to one Team's SUBTERFUGE or adds 2 one Team's OBSERVATION skill check.			Community	Avatar	XF97-0640x2
16c294cb-df6a-4cb1-8204-8c7797aef385	Losing Your Tail	x-files-ccg/04-22364/XFilesCcg-0422364-LosingYourTail.jpg	default	Event	04 - 22364	04 - 22364	playerNDeck	3 RP	Event|Negate	Play this card at the end of the Case Assignment Phase, after Bluffs have been played. Return any one Site to your hand. Bluffs attached to this Site are moved to the owning player's Discard pile.			Community	Little Green Men	XF97-0561x2
1d644b08-c9c1-442c-9b88-6b3cf0eaf940	Loudoun County, Virginia	x-files-ccg/04-22364/XFilesCcg-0422364-LoudounCountyVirginia.jpg	default	Site	04 - 22364	04 - 22364	playerNDeck	2 RP	Site|Mono|Computer|Motive				Community	Pusher	XF97-0604x2
1a7483a8-6c4f-4a04-869a-1d700dbdce04	Lucy Gives Up Her Life For Amy	x-files-ccg/04-22364/XFilesCcg-0422364-LucyGivesUpHerLifeForAmy.jpg	default	Event	04 - 22364	04 - 22364	playerNDeck	4 RP	Event|Negate	Play this card and choose one Agent to send to the Hospital immediately with zero Health. All Bluff currently affecting that Agent Team (revealed or unrevealed) are discarded.			Community	Oubliette	XF97-0582x2
0ff78ca2-3f59-4a46-b647-bfc6e8a3d6dc	Luis Cardinal	x-files-ccg/04-22364/XFilesCcg-0422364-LuisCardinal.jpg	default	Adversary	04 - 22364	04 - 22364	playerNDeck	3 CP	Adversary|Government|Creature|Pawn	Luis Cardinal can attack one Agent (your choice) for one round of LONG RANGE COMBAT and CLOSE RANGE COMBAT. If he attacks Assistant Director Walter Skinner, LRC is skipped and two rounds of CRC take place. If Agent Alex Krycek is attacked, all of his Equipment is removed and discarded.	4		Community	Piper Maru	XF97-0510x2
21106bb4-27e3-47fa-980c-97a9a5ce691e	Madam Zirinka	x-files-ccg/04-22364/XFilesCcg-0422364-MadamZirinka.jpg	default	Witness	04 - 22364	04 - 22364	playerNDeck	3 RP	Witness|Occult Investigation|Computer	Adds 2 to one Team's OCCULT INVESTIGATION or adds 1 to one Team's COMPUTER skill check.			Community	Syzygy	XF97-0630x2
146bd55f-3a0b-4de1-8b00-dec3f5cb6bc4	Make The Deal	x-files-ccg/04-22364/XFilesCcg-0422364-MakeTheDeal.jpg	default	Event	04 - 22364	04 - 22364	playerNDeck	2 RP	Event|Criminal Investigation	Play this card on one Site card during the Case Assignment Phase. No Bluffs may be played on this Site except for Bluffs which would negate this card. Discard this card when the Site card is discarded.			Community	Paper Clip	XF97-0549x2
15525074-7da0-4607-ba03-1cae2beb78c8	Making Sacrifices	x-files-ccg/04-22364/XFilesCcg-0422364-MakingSacrifices.jpg	default	Event	04 - 22364	04 - 22364	playerNDeck	2 RP	Event|Move	Play this card to allow one Team of Agents to investigate two Sites this turn. In the Debriefing Phase, each Agent takes 2 damage. If this lowers any Agent's HEALTH to zero, move them to the Hospital.			Community	Talitha Cumi	XF97-0556x2
1239fb12-37e1-4b5f-af32-d7f58724dc0b	Manipulating The Circumstances	x-files-ccg/04-22364/XFilesCcg-0422364-ManipulatingTheCircumstances.jpg	default	Bluff	04 - 22364	04 - 22364	playerNDeck	4 CP	Bluff	Play this card to provide the keywords necessary to play any one Adversary. Additionally, the Adversary's cost is halved (rounded up).			Community	Apocrypha	XF97-0530x2
1bf4a040-4755-4e66-8845-42b60e334897	Menial Assignments	x-files-ccg/04-22364/XFilesCcg-0422364-MenialAssignments.jpg	default	Event	04 - 22364	04 - 22364	playerNDeck	4 CP	Event|Bureaucracy|Resource	Place this card on one opposing Agent. Place three tokens on this card. While this card is in play, the affected Agent may only contribute to Site skill checks using EVIDENCE COLLECTION or CRIMINAL INVESTIGATION as a Prerequisite. Remove on token during your opponent's Debriefing Phase. Discard this card when all tokens have been removed.			Community	The Host	XF97-0591x2
1ffcdaf3-2c3d-4d45-b8ec-82e24c0f1b10	Mona Wustner	x-files-ccg/04-22364/XFilesCcg-0422364-MonaWustner.jpg	default	Witness	04 - 22364	04 - 22364	playerNDeck	3 RP	Witness|Computer|Occult Investigation	Adds 2 to one Team's COMPUTER or adds 1 to one Team's OCCULT INVESTIGATION skill check.			Community	Teso dos Bichos	XF97-0626x2
1d8d967f-bd33-4482-abc5-5a22339cdb74	Mulder Summer House, Quonochontaug, Rhode Island	x-files-ccg/04-22364/XFilesCcg-0422364-MulderSummerHouseQuonochontaugRhodeIsland.jpg	default	Site	04 - 22364	04 - 22364	playerNDeck	2 RP	Site|Mono|Subterfuge|Method				Community	Talitha Cumi	XF97-0605x2
1d92bbd7-5504-435b-a010-d6f7c67a6b43	Museum Of Natural History, Boston, Massachusetts	x-files-ccg/04-22364/XFilesCcg-0422364-MuseumOfNaturalHistoryBostonMassachusetts.jpg	default	Site	04 - 22364	04 - 22364	playerNDeck	2 RP	Site|Mono|Evidence Collection|Method				Community	Teso dos Bichos	XF97-0606x2
10f2a31c-47fc-4f63-b26d-463a8fc537ba	Napoleon "Neech" Manley	x-files-ccg/04-22364/XFilesCcg-0422364-NapoleonNeechManley.jpg	default	Adversary	04 - 22364	04 - 22364	playerNDeck	8 CP	Adversary|Occult|Phenomena	The LONG RANGE COMBAT round is skipped. "Neech" Manley engages one opposing Agent (your choice) in Combat.	6		Community	The List	XF97-0519x2
1a6d3ac3-2bf8-45aa-878d-4a0d4314da0a	Obsessed	x-files-ccg/04-22364/XFilesCcg-0422364-Obsessed.jpg	default	Event	04 - 22364	04 - 22364	playerNDeck	0 RP	Event	Play this card on any Team that includes at least one Agent that has investigated another Site this turn. Apply a +2 modifier to the Site skill check.			Community	Oubliette	XF97-0581x2
223b41bc-0269-4875-a039-c20bf03e8782	OPO Staffer	x-files-ccg/04-22364/XFilesCcg-0422364-OPOStaffer.jpg	default	Witness	04 - 22364	04 - 22364	playerNDeck	4 RP	Witness|Medical|Computer	Adds 3 to one Team's MEDICAL or adds 2 to one Team's COMPUTER skill check.			Community	Hell Money	XF97-0637x2
152b98bc-1b6b-42fd-8e3d-38dead860bbe	Persistent Conspiracy	x-files-ccg/04-22364/XFilesCcg-0422364-PersistentConspiracy.jpg	default	Event	04 - 22364	04 - 22364	playerNDeck	2 CP	Event	Play to return one Adversary to your hand that would normally be moved to your Discard pile.			Community	Avatar	XF97-0553x2
102a123a-ff92-4c51-a830-18b86bb27b3b	Pusher	x-files-ccg/04-22364/XFilesCcg-0422364-Pusher.jpg	default	Adversary	04 - 22364	04 - 22364	playerNDeck	6 CP	Adversary|Evolutionary|Creature	Each combat round, the controller of the Team opposing Pusher must choose odd or even. Flip over the top card from the Bureau deck. If the cost matches his guess (odd or even) continue Combat as normal. If the guess is incorrect, Pusher may allocate one Agent's damage to any one target (including other Agents).	4		Community	Pusher	XF97-0512x2
170f838a-5d66-4051-89c4-43b40b4dbb9f	Record of Atrocities	x-files-ccg/04-22364/XFilesCcg-0422364-RecordOfAtrocities.jpg	default	Event	04 - 22364	04 - 22364	playerNDeck	4 RP	Event	Play to lower a Site Prerequisite by 2.			Community	731	XF97-0563x2
1c095da5-f3e6-4a6e-87c2-8c199f18c1cb	Roach Completes The Link	x-files-ccg/04-22364/XFilesCcg-0422364-RoachCompletesTheLink.jpg	default	Event	04 - 22364	04 - 22364	playerNDeck	2 *P	Event	Play this card after a Combat has been initiated. Search through your Bureau Deck and add any two Combat cards to your hand. Reshuffle your Bureau deck.			Community	The Walk	XF97-0592x2
1c17c35d-2b12-4ac2-98c2-05c2fe4c0e8e	Roach Experiments in Your Neighborhood	x-files-ccg/04-22364/XFilesCcg-0422364-RoachExperimentsInYourNeighborhood.jpg	default	Event	04 - 22364	04 - 22364	playerNDeck	1 RP	Event|Sciences	Play this card to give any one Agent SCIENCES skill equal to their EVIDENCE COLLECTION skill level for the rest of this turn.			Community	War of the Coprophages	XF97-0593x2
1ed4e2b4-ab35-45af-a8a3-32c6ad1b924f	Roky Crikenson	x-files-ccg/04-22364/XFilesCcg-0422364-RokyCrikenson.jpg	default	Witness	04 - 22364	04 - 22364	playerNDeck	2 RP	Witness|Alien Investigation|Occult Investigation	Adds 1 to one Team's ALIEN INVESTIGATION or OCCULT INVESTIGATION skill check.			Community	Jose Chung's "From Outer Space"	XF97-0616x2
15888163-90dc-4dfe-b49b-661d49008026	Sacrificing a Pawn	x-files-ccg/04-22364/XFilesCcg-0422364-SacrificingAPawn.jpg	default	Event	04 - 22364	04 - 22364	playerNDeck	3 CP	Event	Play this card and discard any one Adversary card from your hand. You may add any one Keyword to one opponent's Site.			Community	Apocrypha	XF97-0557x2
13a7a3d3-73b6-46d6-9b4e-d8f78f68b9bf	Secret of the Horned Beast	x-files-ccg/04-22364/XFilesCcg-0422364-SecretOfTheHornedBeast.jpg	default	Bluff	04 - 22364	04 - 22364	playerNDeck	6 CP	Bluff|Occult Investigation|Behavioral	Subtract 4 from one Team's OCCULT INVESTIGATION or BEHAVIORAL skill check.			Community	Syzygy	XF97-0541x2
178b1ed0-e602-46ef-9051-0a2e6eea244c	Secret Railroad	x-files-ccg/04-22364/XFilesCcg-0422364-SecretRailroad.jpg	default	Event	04 - 22364	04 - 22364	playerNDeck	1 RP	Event|Bureaucracy	Play this card to give any one Agent BUREAUCRACY skill level equal to their EVIDENCE COLLECTION skill level for the rest of this turn.			Community	731	XF97-0568x2
18c43e95-070b-4b0c-94f7-957feef547b8	Secrets of the Navajo People	x-files-ccg/04-22364/XFilesCcg-0422364-SecretsOfTheNavajoPeople.jpg	default	Event	04 - 22364	04 - 22364	playerNDeck	1 RP	Event|Medical	Play this card to give any one Agent MEDICAL skill equal to their EVIDENCE COLLECTION skill level for the rest of this turn.			Community	The Blessing Way	XF97-0574x2
13c7f406-1266-4592-8e05-9dcf2c595767	Security Breach	x-files-ccg/04-22364/XFilesCcg-0422364-SecurityBreach.jpg	default	Bluff	04 - 22364	04 - 22364	playerNDeck	6 CP	Bluff|Subterfuge|Observation	Subtract 4 from one Team's SUBTERFUGE or OBSERVATION skill check.			Community	Pusher	XF97-0543x2
11850752-aacf-43f4-9826-db3c0204344c	Sewers	x-files-ccg/04-22364/XFilesCcg-0422364-Sewers.jpg	default	Bluff	04 - 22364	04 - 22364	playerNDeck	4 CP	Bluff	Play this card to provide the keywords necessary to play any one keyword OCCULT Adversary.			Community	The Host	XF97-0527x2
1e286c44-2a05-4f4a-bbc1-bb5e285210f6	Sheriff Frass	x-files-ccg/04-22364/XFilesCcg-0422364-SheriffFrass.jpg	default	Witness	04 - 22364	04 - 22364	playerNDeck	3 RP	Witness|Criminal Investigation	Adds 3 to one Team's CRIMINAL INVESTIGATION skill check.			Community	War of the Coprophages	XF97-0612x2
13ab9244-da02-469e-a7a0-e74fd3154406	Sheriff Teller	x-files-ccg/04-22364/XFilesCcg-0422364-SheriffTeller.jpg	default	Bluff	04 - 22364	04 - 22364	playerNDeck	3 CP	Bluff|Sciences	Play to change the Site Prerequisite to SCIENCES 3+.			Community	D.P.O.	XF97-0542x2
13fd815f-25ce-49ec-985b-7d20ef9a9e15	Skinner Framed For Murder	x-files-ccg/04-22364/XFilesCcg-0422364-SkinnerFramedForMurder.jpg	default	Bluff	04 - 22364	04 - 22364	playerNDeck	6 CP	Bluff|Bureaucracy|Criminal Investigation	Subtract 4 from one Team's BUREAUCRACY or CRIMINAL INVESTIGATION skill check.			Community	Avatar	XF97-0545x2
1bd0dbfc-0803-474b-b5d8-92b8dbdf8103	Sleep With the Fishes	x-files-ccg/04-22364/XFilesCcg-0422364-SleepWithTheFishes.jpg	default	Event	04 - 22364	04 - 22364	playerNDeck	3 CP	Event	Play this card on any card in play. The Keywords on that card cannot be altered. This will also negate any card that has already been played that alters the Keywords of the card in play.			Community	Nisei	XF97-0590x2
1d93762c-a241-4ba5-bfc5-8ccfe4cfa656	St Paul, Minnesota	x-files-ccg/04-22364/XFilesCcg-0422364-StPaulMinnesota.jpg	default	Site	04 - 22364	04 - 22364	playerNDeck	2 RP	Site|Mono|Criminal Investigation|Result				Community	Clyde Bruckman's Final Repose	XF97-0607x2
1af744e3-60de-499f-b6f3-a0342aab2666	The Cigarette-Smoking Man's Solution	x-files-ccg/04-22364/XFilesCcg-0422364-TheCigaretteSmokingMansSolution.jpg	default	Event	04 - 22364	04 - 22364	playerNDeck	7 CP	Event	Play on a Team of Agents in the Field after your opponent has identified your X-File's AFFILIATION. Your opponent must immediately move every Agent on the Team to the Hospital. Each Agent receives 4 damage (or maximum damage if their HEALTH is less than 4).			Community	Paper Clip	XF97-0583x2
234a583e-37c9-4cd1-8993-768da600fe70	The Plain-Clothes Man	x-files-ccg/04-22364/XFilesCcg-0422364-ThePlainClothesMan.jpg	default	Witness	04 - 22364	04 - 22364	playerNDeck	2 RP	Witness	Play this card to reveal any face down card (except an X-File).			Community	Wetwired	XF97-0643x2
177fc34f-cfc6-4551-979f-f567d94715d0	There's a Bomb on the Train	x-files-ccg/04-22364/XFilesCcg-0422364-TheresABombOnTheTrain.jpg	default	Event	04 - 22364	04 - 22364	playerNDeck	3 *P	Event	Play this card to change the question(s) listed on one Site card to AFFILIATION.			Community	731	XF97-0567x2
1fb3018b-5d6a-413e-8e98-08ff659c37bc	Tim Decker	x-files-ccg/04-22364/XFilesCcg-0422364-TimDecker.jpg	default	Witness	04 - 22364	04 - 22364	playerNDeck	2 RP	Witness|Criminal Investigation|Observation	Adds 1 to one Team's CRIMINAL INVESTIGATION or OBSERVATION skill check.			Community	Teso dos Bichos	XF97-0622x2
1047f02b-52b0-4eb3-b1a0-3876fb2555e4	Tong Enforcers	x-files-ccg/04-22364/XFilesCcg-0422364-TongEnforcers.jpg	default	Adversary	04 - 22364	04 - 22364	playerNDeck	6 CP	Adversary|Primordial|Creature|Master	Tong Enforcers may use MARTIAL ARTS cards and split its damage amongst opponents.	6		Community	Hell Money	XF97-0513x2
1977fba3-410f-41a9-92ee-a2741b974368	Travel Plans	x-files-ccg/04-22364/XFilesCcg-0422364-TravelPlans.jpg	default	Event	04 - 22364	04 - 22364	playerNDeck	2 RP	Event|Resource	Play this card in the Field. Search through your Bureau Deck and draw up to two Site cards. Place the drawn Site cards face down below this card. You may play these Site cards for zero [RP] during your Case Assignment phase. Discard this card when no cards remain underneath. If this card is negated, the Site cards beneath it are moved to your Discard Pile.			Community	Nisei	XF97-0577x2
1b47522a-9f5b-4300-b6c8-bdf8bda33e03	True Stigmatic	x-files-ccg/04-22364/XFilesCcg-0422364-TrueStigmatic.jpg	default	Event	04 - 22364	04 - 22364	playerNDeck	3 RP	Event|Negate	Negate one Keyword PHENOMENA card.			Community	Revelations	XF97-0586x2
1ba9a0c0-ab34-427c-85c5-299bf7f91761	Try to Remember	x-files-ccg/04-22364/XFilesCcg-0422364-TryToRemember.jpg	default	Event	04 - 22364	04 - 22364	playerNDeck	4 RP	Event	Play once your opponent finishes selling cards. No [CP] are actually generated ([CP] generated by cards sold this turn must be returned). Your opponent may not buy any cards this turn.			Community	Talitha Cumi	XF97-0589x2
1dd0d643-9d04-495b-b0c4-89eb5f1bdb49	Two Grey Hills, New Mexico	x-files-ccg/04-22364/XFilesCcg-0422364-TwoGreyHillsNewMexico.jpg	default	Site	04 - 22364	04 - 22364	playerNDeck	2 RP	Site|Mono|Medical|Affiliation				Community	The Blessing Way	XF97-0608x2
1dd50f11-4f00-4f2a-a649-af08c85e22ee	U.S. Coast Guard Headquarters, Newport News, Virginia	x-files-ccg/04-22364/XFilesCcg-0422364-USCoastGuardHeadquartersNewportNewsVirginia.jpg	default	Site	04 - 22364	04 - 22364	playerNDeck	2 RP	Site|Mono|Subterfuge|Affiliation				Community	Nisei	XF97-0609x2
1dfae97a-3b04-41e1-b177-6ac26fcbe99b	U.S. Naval Hospital, San Diego, California	x-files-ccg/04-22364/XFilesCcg-0422364-USNavalHospitalSanDiegoCalifornia.jpg	default	Site	04 - 22364	04 - 22364	playerNDeck	1 RP	Site|Multi|Evidence Collection|Medical|Affiliation|Result				Community	Piper Maru	XF97-0610x2
1c1bbc98-c1db-4cb8-8df0-60aca608f305	UFO Transferred to Newport News	x-files-ccg/04-22364/XFilesCcg-0422364-UFOTransferredToNewportNews.jpg	default	Event	04 - 22364	04 - 22364	playerNDeck	1 RP	Event|Observation	Play this card to give any one Agent OBSERVATION skill equal to their CRIMINAL INVESTIGATION skill level for the rest of this turn.			Community	Nisei	XF97-0594x2
13d1c0ca-cf24-4b9d-8dc0-b73a6146b141	Video Signal	x-files-ccg/04-22364/XFilesCcg-0422364-VideoSignal.jpg	default	Bluff	04 - 22364	04 - 22364	playerNDeck	6 CP	Bluff|Government	Video Signal affects one Agent on the opposing Team (your choice). That Agent must be moved to the Hospital immediately and may not contribute to the Site skill check. The Agent does not receive any damage.			Community	Wetwired	XF97-0544x2
13fe0868-849e-4016-8e40-18983940326c	Virgil Incanto Has No History or Profile	x-files-ccg/04-22364/XFilesCcg-0422364-VirgilIncantoHasNoHistoryOrProfile.jpg	default	Bluff	04 - 22364	04 - 22364	playerNDeck	6 CP	Bluff|Evidence Collection|Computer	Subtract 4 from one Team's EVIDENCE COLLECTION or COMPUTER skill check.			Community	2Shy	XF97-0546x2
10cb8791-5384-4d74-835f-3a2d10eb3862	Wall Of Cats	x-files-ccg/04-22364/XFilesCcg-0422364-WallOfCats.jpg	default	Adversary	04 - 22364	04 - 22364	playerNDeck	6 CP	Adversary|Occult|Creature|Pawn	Play this card in conjunction with an OCCULT Adversary. Both Adversaries attack simultaneously (treat as one Combat). The CLOSE RANGE COMBAT damage from this Adversary may be split amongst opponents.	6		Community	Teso dos Bichos	XF97-0517x2
0fe4bc08-63fd-4a57-bf2d-bd7aada9d422	Warrant Served	x-files-ccg/04-22364/XFilesCcg-0422364-WarrantServed.jpg	default	Event	04 - 22364	04 - 22364	playerNDeck	2 RP	Event|Move	Play this card during the Briefing Phase. Select one opposing Agent who is not already part of your Team and move them to your Bureau. You may use this Agent for the turn. During your Debriefing Phase, return the Agent to the owning player's Bureau section (unless they have been moved to the Hospital during the turn).			Community	Pusher	PR97-0013-DIS
23a1373c-2196-404c-b840-c6c5c5fba653	Wayne Morgan, Naval Investigator	x-files-ccg/04-22364/XFilesCcg-0422364-WayneMorganNavalInvestigator.jpg	default	Witness	04 - 22364	04 - 22364	playerNDeck	3 RP	Witness|Evidence Collection	Play to change the Site Prerequisite to EVIDENCE COLLECTION 3+.			Community	Piper Maru	XF97-0644x2
1927a983-2afe-4a6d-8d0b-5e64e9e70ea4	Widespread Panic	x-files-ccg/04-22364/XFilesCcg-0422364-WidespreadPanic.jpg	default	Event	04 - 22364	04 - 22364	playerNDeck	5 CP	Event|Alien Investigation|Evidence Collection|Observation|Sciences	Subtract 3 from any one ALIEN INVESTIGATION, EVIDENCE COLLECTION, OBSERVATION or SCIENCES skill check.			Community	War of the Coprophages	XF97-0576x2
15a6d313-c955-453b-9eb3-e5dc5eb5aa03	Yaje	x-files-ccg/04-22364/XFilesCcg-0422364-Yaje.jpg	default	Event	04 - 22364	04 - 22364	playerNDeck	4 RP	Event|Occult|Resource	You may place up to 2 [RP] from your Resource Pool on this card when it comes into play. Discard 1 [RP] token to double the [CP] Cost of any one OCCULT Adversary played by your opponent. If your opponent cannot or chooses not to pay the additional Cost, the Adversary card is discarded. When no tokens remain on this card, move it to your Discard Pile.			Community	Teso dos Bichos	XF97-0558x2
120b8fdb-9b12-44e8-a7d0-666aefcc1e64	Your Last Warning	x-files-ccg/04-22364/XFilesCcg-0422364-YourLastWarning.jpg	default	Bluff	04 - 22364	04 - 22364	playerNDeck	4 CP	Bluff	Play this card to provide the keywords necessary to play any one keyword GOVERNMENT Adversary.			Community	Piper Maru	XF97-0529x2
f79096fb-7233-4e56-b23e-76577f493c6b	A False Leads	x-files-ccg/02-the-truth-is-out-there/XFilesCcg-02TheTruthIsOutThere-AFalseLeads.jpg	default	Event	02 - The Truth is Out There	02 - The Truth is Out There	playerNDeck	8 CP	Event	Play this card whenever the Investigating player has played a card that allows him to search through his deck and add a card to his hand. As soon as he shows you the card, play this card. The card he added is removed from the game, along with this card.			Rare	E.B.E.	XF97-0371v2
eccffadd-cee8-406c-a1d0-9622e562884c	A Friend In The FBI	x-files-ccg/02-the-truth-is-out-there/XFilesCcg-02TheTruthIsOutThere-AFriendInTheFBI.jpg	default	Event	02 - The Truth is Out There	02 - The Truth is Out There	playerNDeck	2 RP	Event|Resource	Play this card in the Bureau. Place ten tokens on this card. During your Briefing Phase you may take up to two tokens from this card and place them in your [RP] pool. The tokens become [RP] tokens. When all counters have been removed, discard this card.			Rare	E.B.E.	XF97-0297v2
f75051d1-0012-4a09-8655-1baca905c2a6	A Friend In The Lab	x-files-ccg/02-the-truth-is-out-there/XFilesCcg-02TheTruthIsOutThere-AFriendInTheLab.jpg	default	Event	02 - The Truth is Out There	02 - The Truth is Out There	playerNDeck	2 RP	Event	Play this card to search through your Bureau Deck and add any one Equipment card to your hand. Show your opponent which card you have added. Discard this card and shuffle your deck.			Rare	Fire	XF97-0370v2
f3d67f00-d916-4858-96ae-7e4327345947	Abduction	x-files-ccg/02-the-truth-is-out-there/XFilesCcg-02TheTruthIsOutThere-Abduction.jpg	default	Adversary	02 - The Truth is Out There	02 - The Truth is Out There	playerNDeck	6 CP	Adversary|Alien|Phenomena	Pick one Agent in the Team. That Agent is placed ten cards down, face up, in the owning player's Bureau deck. Any equipment that Agent had is discarded. When the Agent's card reaches the top of the deck, the Agent is immediately moved to the Hospital (undamaged). This card does not initiate Combat.	N/A		Rare	Duane Barry	XF97-0342v2
eb0fde7e-8a88-478a-9e8d-96a817a8c6f1	Access Personnel Files	x-files-ccg/02-the-truth-is-out-there/XFilesCcg-02TheTruthIsOutThere-AccessPersonnelFiles.jpg	default	Event	02 - The Truth is Out There	02 - The Truth is Out There	playerNDeck	4 CP	Event|Computer|Resource	Force an opponent Team to make a COMPUTER 4+ skill check. If they fail, that opponent must tell you the next answer that they obtain regarding the X-File of your choice. The answer need not be a "yes" answer. Discard this card after you've obtained the answer.			Common	Duane Barry	XF97-0281v2
f86df7aa-2532-4ac5-9096-1ee6fef09ea8	Additional Resources	x-files-ccg/02-the-truth-is-out-there/XFilesCcg-02TheTruthIsOutThere-AdditionalResources.jpg	default	Event	02 - The Truth is Out There	02 - The Truth is Out There	playerNDeck	4 RP	Event|Resource	Search through your Bureau Deck and select an Agent with a Cost of 4 or less. Add this Agent to your team of Agents in the Bureau section. If this card is negated, remove it as well as the selected Agent from the game. During the Briefing Phase, pay X+1 [RP] upkeep or discard this card and the selected Agent.			Ultra-Rare	The Host	XF97-0379v2
ddb6a010-82a6-4117-bb4a-48f52310000d	Agent Alex Krycek	x-files-ccg/02-the-truth-is-out-there/XFilesCcg-02TheTruthIsOutThere-AgentAlexKrycek.jpg	default	Agent	02 - The Truth is Out There	02 - The Truth is Out There	playerNStarting	6 RP	Agent|FBI|Law|Neutral|Believer		5		Fixed	Ascension	XF97-0170v2
de545c00-6a98-4131-9253-d0c66ce4b65a	Agent Dana Scully	x-files-ccg/02-the-truth-is-out-there/XFilesCcg-02TheTruthIsOutThere-AgentDanaScully.jpg	default	Agent	02 - The Truth is Out There	02 - The Truth is Out There	playerNStarting	7 RP	Agent|FBI|Law|Skeptic		4		Fixed		XF97-0173v2
dda8f2e9-dc2e-4f84-8494-8e7ae7d68641	Agent Fox Mulder	x-files-ccg/02-the-truth-is-out-there/XFilesCcg-02TheTruthIsOutThere-AgentFoxMulder.jpg	default	Agent	02 - The Truth is Out There	02 - The Truth is Out There	playerNStarting	7 RP	Agent|FBI|Law|Believer		5		Fixed		XF97-0169v2
dd55d6af-fda9-4195-9529-412e8b40b877	Agent Jack Willis	x-files-ccg/02-the-truth-is-out-there/XFilesCcg-02TheTruthIsOutThere-AgentJackWillis.jpg	default	Agent	02 - The Truth is Out There	02 - The Truth is Out There	playerNStarting	4 RP	Agent|FBI|Law		5		Fixed	Lazarus	XF97-0167v2
deb9890c-5528-4ba1-a830-4491670e16d4	Agent Janus, Trained Medic	x-files-ccg/02-the-truth-is-out-there/XFilesCcg-02TheTruthIsOutThere-AgentJanusTrainedMedic.jpg	default	Agent	02 - The Truth is Out There	02 - The Truth is Out There	playerNStarting	4 RP	Agent|FBI|Law		4		Fixed	Duane Barry	XF97-0177v2
e015b6d3-b01d-46a6-9e1e-e4db3374dd37	Agent Jerry Lamana	x-files-ccg/02-the-truth-is-out-there/XFilesCcg-02TheTruthIsOutThere-AgentJerryLamana.jpg	default	Agent	02 - The Truth is Out There	02 - The Truth is Out There	playerNStarting	3 RP	Agent|FBI|Law		3		Fixed	Ghost in the Machine	XF97-0182v2
e03a3912-9ef0-49b1-8d4c-dabbd72ed2f4	Agent Karen Kosseff, Counselor	x-files-ccg/02-the-truth-is-out-there/XFilesCcg-02TheTruthIsOutThere-AgentKarenKosseffCounselor.jpg	default	Agent	02 - The Truth is Out There	02 - The Truth is Out There	playerNStarting	3 RP	Agent|FBI|Believer		3		Fixed	Irresistible	XF97-0183v2
dd2fa737-f31f-456a-906b-97fd37bdcf9f	Agent Lucy Kazdin	x-files-ccg/02-the-truth-is-out-there/XFilesCcg-02TheTruthIsOutThere-AgentLucyKazdin.jpg	default	Agent	02 - The Truth is Out There	02 - The Truth is Out There	playerNStarting	4 RP	Agent|FBI|Law		4		Fixed	Duane Barry	XF97-0166v2
df005919-b993-4871-bb6d-c41eb87fc740	Agent Moe Bocks	x-files-ccg/02-the-truth-is-out-there/XFilesCcg-02TheTruthIsOutThere-AgentMoeBocks.jpg	default	Agent	02 - The Truth is Out There	02 - The Truth is Out There	playerNStarting	5 RP	Agent|FBI|Law|Believer		4		Fixed	Irresistible	XF97-0178v2
dde64796-0234-45d8-b024-8d4a4a4369f0	Agent Nancy Spiller	x-files-ccg/02-the-truth-is-out-there/XFilesCcg-02TheTruthIsOutThere-AgentNancySpiller.jpg	default	Agent	02 - The Truth is Out There	02 - The Truth is Out There	playerNStarting	4 RP	Agent|FBI|Law|Skeptic		3		Fixed	Ghost in the Machine	XF97-0171v2
df546437-1320-49a8-b63f-4c78b4788be5	Agent Reggie Purdue	x-files-ccg/02-the-truth-is-out-there/XFilesCcg-02TheTruthIsOutThere-AgentReggiePurdue.jpg	default	Agent	02 - The Truth is Out There	02 - The Truth is Out There	playerNStarting	5 RP	Agent|FBI|Law|Skeptic		4		Fixed	Young At Heart	XF97-0179v2
dd2ee328-571a-4a23-b7eb-79d1085afda0	Agent Rich	x-files-ccg/02-the-truth-is-out-there/XFilesCcg-02TheTruthIsOutThere-AgentRich.jpg	default	Agent	02 - The Truth is Out There	02 - The Truth is Out There	playerNStarting	4 RP	Agent|FBI|Law|Skeptic		4		Fixed	Duane Barry	XF97-0165v2
dea4cf7f-f448-4636-84fe-548aed01fefc	Agent Tom Colton	x-files-ccg/02-the-truth-is-out-there/XFilesCcg-02TheTruthIsOutThere-AgentTomColton.jpg	default	Agent	02 - The Truth is Out There	02 - The Truth is Out There	playerNStarting	4 RP	Agent|FBI|Law|Skeptic		3		Fixed	Squeeze	XF97-0176v2
dffcafc1-5205-4b5c-9d42-993c4503c599	Agent Weiss	x-files-ccg/02-the-truth-is-out-there/XFilesCcg-02TheTruthIsOutThere-AgentWeiss.jpg	default	Agent	02 - The Truth is Out There	02 - The Truth is Out There	playerNStarting	4 RP	Agent|FBI|Law		4		Fixed	Colony	XF97-0181v2
dc9ae850-8576-4a9b-96ad-8bb17e9ca15f	Albert Hosteen	x-files-ccg/02-the-truth-is-out-there/XFilesCcg-02TheTruthIsOutThere-AlbertHosteen.jpg	default	Agent	02 - The Truth is Out There	02 - The Truth is Out There	playerNStarting	4 RP	Agent|Independent|Believer		3		Fixed	Anasazi	XF97-0161v2
cfbf9348-35e5-49b8-bfb9-38f34258ac8c	Aleister Crowley High School, Milford Haven, NH	x-files-ccg/02-the-truth-is-out-there/XFilesCcg-02TheTruthIsOutThere-AleisterCrowleyHighSchoolMilfordHavenNH.jpg	default	Site	02 - The Truth is Out There	02 - The Truth is Out There	playerNDeck	1 RP	Site|Multi|Affiliation|Result|Occult Investigation|Observation				Rare	Die Hand Die Verletzt	XF97-0076v2
da911a53-bf9e-4b9b-95b8-7529a97b0bf3	Alien Abductors	x-files-ccg/02-the-truth-is-out-there/XFilesCcg-02TheTruthIsOutThere-AlienAbductors.jpg	default	X-File	02 - The Truth is Out There	02 - The Truth is Out There	playerNXFile					Alien	Fixed	Fallen Angel	XF97-0153v2
f2d857ee-436f-4012-9341-8fc8f286f5fa	Alien Bounty Hunter	x-files-ccg/02-the-truth-is-out-there/XFilesCcg-02TheTruthIsOutThere-AlienBountyHunter.jpg	default	Adversary	02 - The Truth is Out There	02 - The Truth is Out There	playerNDeck	12 CP	Adversary|Alien|Creature|Master	Each source of damage affecting the Alien Bounty Hunter in CLOSE RANGE COMBAT also causes 1 damage to each opposing Team member involved in the Combat (because he has poisonous blood). The Hunter may use MARTIAL ARTS and SUBTERFUGE Combat cards. If killed in Combat, place the Hunter back in your deck and shuffle.	6		Rare	Colony	XF97-0337v2
d9be751b-c86b-40fe-b074-aded426647d0	Alien Conservationist	x-files-ccg/02-the-truth-is-out-there/XFilesCcg-02TheTruthIsOutThere-AlienConservationist.jpg	default	X-File	02 - The Truth is Out There	02 - The Truth is Out There	playerNXFile					Alien	Fixed	Fearful Symmetry	XF97-0149v2
e9f84a0f-af8e-471b-85ef-73d64c497f81	Alien Discretion	x-files-ccg/02-the-truth-is-out-there/XFilesCcg-02TheTruthIsOutThere-AlienDiscretion.jpg	default	Event	02 - The Truth is Out There	02 - The Truth is Out There	playerNDeck	X+1 RP	Event|Alien|Phenomena	Play on a Team about to investigate a Site with ALIEN INVESTIGATION as a prerequisite. Discard all cards assigned as Bluff cards at that Site. X = the number of Bluffs at the Site.			Rare	Space	XF97-0271v2
d6f3f0dc-21a5-469f-a8f6-d038cf066cbb	Alien Dna Steroid Program (project Purity Control)	x-files-ccg/02-the-truth-is-out-there/XFilesCcg-02TheTruthIsOutThere-AlienDnaSteroidProgramProjectPurityControl.jpg	default	X-File	02 - The Truth is Out There	02 - The Truth is Out There	playerNXFile					Government	Fixed	Red Museum	XF97-0129v2
ec29e8e2-9c6a-449c-b5f0-e1c1a7ad46cd	Alien Experimentation	x-files-ccg/02-the-truth-is-out-there/XFilesCcg-02TheTruthIsOutThere-AlienExperimentation.jpg	default	Event	02 - The Truth is Out There	02 - The Truth is Out There	playerNDeck	5 CP	Event|Negate|Alien	Negate any one Keyword EVENT card.			Rare	Duane Barry	XF97-0290v2
dacc86b8-26b8-46c9-83e7-24a15116b60f	Alien Experimenters	x-files-ccg/02-the-truth-is-out-there/XFilesCcg-02TheTruthIsOutThere-AlienExperimenters.jpg	default	X-File	02 - The Truth is Out There	02 - The Truth is Out There	playerNXFile					Alien	Fixed	Pilot	XF97-0155v2
d83d390e-871b-40d9-b99f-585a8dd6337f	Alien Listeners	x-files-ccg/02-the-truth-is-out-there/XFilesCcg-02TheTruthIsOutThere-AlienListeners.jpg	default	X-File	02 - The Truth is Out There	02 - The Truth is Out There	playerNXFile					Alien	Fixed	Little Green Men	XF97-0139v2
c54f426c-1107-44c5-a456-b0260ca3c5de	Alien Stealth Technology	x-files-ccg/02-the-truth-is-out-there/XFilesCcg-02TheTruthIsOutThere-AlienStealthTechnology.jpg	default	Combat	02 - The Truth is Out There	02 - The Truth is Out There	playerNDeck	2 CP	Combat|Alien	Play on any ALIEN combatant to reduce damage from all opponent LONG RANGE COMBAT or CLOSE RANGE COMBAT sources by 1 this round.			Uncommon	Fallen Angel	XF97-0017v2
c3ded46a-18af-4258-be3b-8ed790cf1a55	Ambush	x-files-ccg/02-the-truth-is-out-there/XFilesCcg-02TheTruthIsOutThere-Ambush.jpg	default	Combat	02 - The Truth is Out There	02 - The Truth is Out There	playerNDeck	2 *P	Combat|Subterfuge	Play this card on any combatant with a SUBTERFUGE skill of 1+ or that is capable of using SUBTERFUGE cards. The opposing side's LONG RANGE COMBAT attack is negated this round.			Common	Anasazi	XF97-0007v2
d8f61430-4cc5-49f6-9bcc-bfa0b819cde2	Ancestor Spirits	x-files-ccg/02-the-truth-is-out-there/XFilesCcg-02TheTruthIsOutThere-AncestorSpirits.jpg	default	X-File	02 - The Truth is Out There	02 - The Truth is Out There	playerNXFile					Occult	Fixed	Excelsius Dei	XF97-0144v2
eaf770c9-4ec0-4774-9e88-ea4e5b0c4ca4	Application For FBI Resources Approved	x-files-ccg/02-the-truth-is-out-there/XFilesCcg-02TheTruthIsOutThere-ApplicationForFBIResourcesApproved.jpg	default	Event	02 - The Truth is Out There	02 - The Truth is Out There	playerNDeck	3 RP	Event|Bureaucracy|Move	If the Team makes a BUREAUCRACY 4+ skill check, you may borrow any one of your opponent's Agents. It may not be an Agent you already control. Add the Agent to the Team for the remainder of the turn. Afterward, the Agent returns to the original owner's control. The Agent must be returned to the Team it belonged to or sent to the Hospital if the Agent was reduced to 0 HEALTH during a combat.			Rare	Sleepless	XF97-0279v2
d8b9402b-a6d7-4465-b3a4-440130fdbd94	Arctic Worm	x-files-ccg/02-the-truth-is-out-there/XFilesCcg-02TheTruthIsOutThere-ArcticWorm.jpg	default	X-File	02 - The Truth is Out There	02 - The Truth is Out There	playerNXFile					Alien	Fixed	Ice	XF97-0141v2
cf88f9e9-d8f1-48ca-b190-d6285ce53013	Arecibo, Puerto Rico	x-files-ccg/02-the-truth-is-out-there/XFilesCcg-02TheTruthIsOutThere-AreciboPuertoRico.jpg	default	Site	02 - The Truth is Out There	02 - The Truth is Out There	playerNDeck	1 RP	Site|Multi|Affiliation|Method|Alien Investigation|Computer				Rare	Little Green Men	XF97-0074v2
c99f1b6f-2afa-43e9-be96-ecc02175ecdf	Arlington, VA	x-files-ccg/02-the-truth-is-out-there/XFilesCcg-02TheTruthIsOutThere-ArlingtonVA.jpg	default	Site	02 - The Truth is Out There	02 - The Truth is Out There	playerNDeck	2 RP	Site|Mono|Affiliation|Occult Investigation				Fixed	The Calusari	XF97-0048v2
d657c86b-2b9d-439f-99fd-1d3e49f9bfd2	Arthur Grable	x-files-ccg/02-the-truth-is-out-there/XFilesCcg-02TheTruthIsOutThere-ArthurGrable.jpg	default	X-File	02 - The Truth is Out There	02 - The Truth is Out There	playerNXFile					Evolutionary	Fixed	Roland	XF97-0126v2
f7c15e6e-3a0a-441d-9032-db31beb431e8	Assassinated	x-files-ccg/02-the-truth-is-out-there/XFilesCcg-02TheTruthIsOutThere-Assassinated.jpg	default	Event	02 - The Truth is Out There	02 - The Truth is Out There	playerNDeck	5 CP	Event|Negate	Play on any Witness during your opponent's Investigation Phase. The Witness card is negated and removed from the game along with this card. To gain a permanent skill increase of +1 on an investigating team agent, place this card beneath the agent.			Rare	The Erlenmeyer Flask	XF97-0373v2
eca5c6e6-67ad-43bf-a1aa-ccd9d4c93ad7	Assigned To The X-Files	x-files-ccg/02-the-truth-is-out-there/XFilesCcg-02TheTruthIsOutThere-AssignedToTheXFiles.jpg	default	Event	02 - The Truth is Out There	02 - The Truth is Out There	playerNDeck	X+1 RP	Event|Bureaucracy|Killer	Play to permanently add any one Agent from your hand to a Team. The normal rules for selecting an Agent still apply. In addition, the Agent may not be one that was removed from the game prior to playing this card. X = Agent's Cost.			Rare	Pilot	XF97-0294v2
df5a003d-142c-4cb3-8632-24454d2f7c86	Assistant Director Walter Skinner	x-files-ccg/02-the-truth-is-out-there/XFilesCcg-02TheTruthIsOutThere-AssistantDirectorWalterSkinner.jpg	default	Agent	02 - The Truth is Out There	02 - The Truth is Out There	playerNStarting	6 RP	Agent|FBI|Neutral|Skeptic		5		Fixed	Ascension	XF97-0180v2
cce1f4ea-6bab-42cc-9fc8-2f66768cba18	Aubrey, MO	x-files-ccg/02-the-truth-is-out-there/XFilesCcg-02TheTruthIsOutThere-AubreyMO.jpg	default	Site	02 - The Truth is Out There	02 - The Truth is Out There	playerNDeck	2 RP	Site|Mono|Motive|Behavioral				Fixed	Aubrey	XF97-0063v2
d4b54e9c-1f31-4c0f-b08a-21b187bab5c7	Augustus Cole, A.K.A. The Preacher	x-files-ccg/02-the-truth-is-out-there/XFilesCcg-02TheTruthIsOutThere-AugustusColeAKAThePreacher.jpg	default	X-File	02 - The Truth is Out There	02 - The Truth is Out There	playerNXFile					Evolutionary	Fixed	Sleepless	XF97-0120v2
c333dd1d-d362-467f-8be1-d68d8d4247d1	Aura Of Invulnerability	x-files-ccg/02-the-truth-is-out-there/XFilesCcg-02TheTruthIsOutThere-AuraOfInvulnerability.jpg	default	Combat	02 - The Truth is Out There	02 - The Truth is Out There	playerNDeck	2 CP	Combat|Occult	Play on any OCCULT Adversary to reduce damage from all opponent LONG RANGE COMBAT or CLOSE RANGE COMBAT sources by 1 this round.			Uncommon	Humbug	XF97-0001v2
e9a1ace9-96da-4f1c-9385-327f487322ef	Authorized Access Only	x-files-ccg/02-the-truth-is-out-there/XFilesCcg-02TheTruthIsOutThere-AuthorizedAccessOnly.jpg	default	Event	02 - The Truth is Out There	02 - The Truth is Out There	playerNDeck	4 CP	Event|Government|Subterfuge	Force an opponent Team to make a SUBTERFUGE 4+ skill check. If they are not successful, they automatically fail the skill check for the Site.			Rare	Deep Throat	XF97-0267v2
ed14d7ec-fb6b-4001-b7ac-a4027b62adac	Autopsy	x-files-ccg/02-the-truth-is-out-there/XFilesCcg-02TheTruthIsOutThere-Autopsy.jpg	default	Event	02 - The Truth is Out There	02 - The Truth is Out There	playerNDeck	2 RP	Event|Medical	Take a Witness from your Discard Pile and place it in your hand. In addition, if the Team makes a MEDICAL 4+ skill check, the Witness's modifier is doubled if played this turn.			Uncommon	The Host	XF97-0302v2
d4993f21-daf3-40ab-9156-4e0576e161d5	B.J. Morrow, Genetic Trait Recipient	x-files-ccg/02-the-truth-is-out-there/XFilesCcg-02TheTruthIsOutThere-BJMorrowGeneticTraitRecipient.jpg	default	X-File	02 - The Truth is Out There	02 - The Truth is Out There	playerNXFile					Primordial	Fixed	Aubrey	XF97-0119v2
e6ed3604-4378-427f-8f82-ab23cb70616c	Back Tracking Program	x-files-ccg/02-the-truth-is-out-there/XFilesCcg-02TheTruthIsOutThere-BackTrackingProgram.jpg	default	Event	02 - The Truth is Out There	02 - The Truth is Out There	playerNDeck	4 CP	Event|Computer	Play this card to negate any Keyword COMPUTER card.			Fixed	Little Green Men	XF97-0237v2
d0a11996-a648-4a1c-8969-e6dbbaf205ff	Baltimore, MD	x-files-ccg/02-the-truth-is-out-there/XFilesCcg-02TheTruthIsOutThere-BaltimoreMD.jpg	default	Site	02 - The Truth is Out There	02 - The Truth is Out There	playerNDeck	1 RP	Site|Multi|Method|Result|Sciences|Evidence Collection				Uncommon	Squeeze	XF97-0086v2
e1bcee4c-5365-46cb-b461-c8e7c8e9bf92	Bill Mulder	x-files-ccg/02-the-truth-is-out-there/XFilesCcg-02TheTruthIsOutThere-BillMulder.jpg	default	Witness	02 - The Truth is Out There	02 - The Truth is Out There	playerNDeck	3 RP	Witness|Negate|Subterfuge	Adds 2 to one Agent's SUBTERFUGE skill check. Alternately, any card that would send Fox Mulder to the Hospital may be negated by playing the Bill Mulder card. If played in this way, remove Bill Mulder from the game.			Rare	Colony	XF97-0198v2
e1175c6a-af34-48f1-9e3c-b5e3220290fd	Billy Miles	x-files-ccg/02-the-truth-is-out-there/XFilesCcg-02TheTruthIsOutThere-BillyMiles.jpg	default	Witness	02 - The Truth is Out There	02 - The Truth is Out There	playerNDeck	1 RP	Witness|Alien Investigation	Adds 1 to one Team's ALIEN INVESTIGATION skill check.			Fixed	Pilot	XF97-0190v2
ef547dce-290b-4136-ac88-606e1ea9f7ca	Binoculars	x-files-ccg/02-the-truth-is-out-there/XFilesCcg-02TheTruthIsOutThere-Binoculars.jpg	default	Equipment	02 - The Truth is Out There	02 - The Truth is Out There	playerNDeck	2 RP	Equipment|Standard	Adds 1 to the Agent's OBSERVATION skill.			Fixed	Little Green Men	XF97-0314v2
ea727db4-9281-4de7-a768-54a966c69656	Blackmail	x-files-ccg/02-the-truth-is-out-there/XFilesCcg-02TheTruthIsOutThere-Blackmail.jpg	default	Event	02 - The Truth is Out There	02 - The Truth is Out There	playerNDeck	1 RP	Event|Bureaucracy|Question	Play when you have just guessed incorrectly the identity of an X-File. Select a Team in your Bureau. If that Team successfully completes a BUREAUCRACY 4+ skill check, your opponent does not get to ask you a penalty question.			Rare	One Breath	XF97-0276v2
c5c31540-4e8f-494c-9684-4b511060e79f	Block	x-files-ccg/02-the-truth-is-out-there/XFilesCcg-02TheTruthIsOutThere-Block.jpg	default	Combat	02 - The Truth is Out There	02 - The Truth is Out There	playerNDeck	3 *P	Combat	Play this card on any combatant in a CLOSE RANGE COMBAT round to reduce the damage from any one source by four points. The combatant using this card does not deal damage in this CRC round.			Uncommon	Ice	XF97-0019v2
c57af331-a65f-415d-a7c4-73a742f92586	Block and Attack	x-files-ccg/02-the-truth-is-out-there/XFilesCcg-02TheTruthIsOutThere-BlockAndAttack.jpg	default	Combat	02 - The Truth is Out There	02 - The Truth is Out There	playerNDeck	3 *P	Combat|Martial Arts	Combatants that can use MARTIAL ARTS may use this card to negate two points of damage and still deal their normal damage in a CLOSE RANGE COMBAT round.			Rare	Ice	XF97-0018v2
c5c6418f-4255-4e93-a834-55b4978d7b79	Body Armor	x-files-ccg/02-the-truth-is-out-there/XFilesCcg-02TheTruthIsOutThere-BodyArmor.jpg	default	Combat	02 - The Truth is Out There	02 - The Truth is Out There	playerNDeck	2 CP	Combat|Government	Play on any GOVERNMENT Adversary to reduce damage from all opponent LONG RANGE COMBAT or CLOSE RANGE COMBAT sources by one this round.			Uncommon	Little Green Men	XF97-0020v2
e30413b7-f8e6-4774-b562-96a7073f798d	Brad Wilczek	x-files-ccg/02-the-truth-is-out-there/XFilesCcg-02TheTruthIsOutThere-BradWilczek.jpg	default	Witness	02 - The Truth is Out There	02 - The Truth is Out There	playerNDeck	2 RP	Witness|Computer	Adds 2 to one Team's COMPUTER skill check.			Uncommon	Ghost in the Machine	XF97-0209v2
c91f4c85-ab5a-49a8-8ffd-52c355ec3c36	Broad Street, Philadelphia, PA	x-files-ccg/02-the-truth-is-out-there/XFilesCcg-02TheTruthIsOutThere-BroadStreetPhiladelphiaPA.jpg	default	Site	02 - The Truth is Out There	02 - The Truth is Out There	playerNDeck	2 RP	Site|Mono|Method|Criminal Investigation				Common	Shadows	XF97-0044v2
f5ae342e-d939-4d0b-afc1-ec5a3dd70a66	Brother Martin Is Attracted To You	x-files-ccg/02-the-truth-is-out-there/XFilesCcg-02TheTruthIsOutThere-BrotherMartinIsAttractedToYou.jpg	default	Adversary	02 - The Truth is Out There	02 - The Truth is Out There	playerNDeck	8 CP	Adversary|Alien|Creature	This card does not initiate combat. Place three damage tokens on any Agent in the Investigating Team. The damaged Agent must be moved to the Hospital immediately and heals at half the normal rate. The Agent may not leave the Hospital until all damage is healed, and cannot be removed using other cards (Crash Cart, First Aid, etc.).	N/A		Rare	Gender Bender	XF97-0356v2
da812177-0daa-4ad4-8e3a-13fa7c844b86	Brother Martin, Rogue Kindred	x-files-ccg/02-the-truth-is-out-there/XFilesCcg-02TheTruthIsOutThere-BrotherMartinRogueKindred.jpg	default	X-File	02 - The Truth is Out There	02 - The Truth is Out There	playerNXFile					Alien	Fixed	Gender Bender	XF97-0152v2
d029025b-dd37-44e8-9619-93c8208331c3	Browning, MT	x-files-ccg/02-the-truth-is-out-there/XFilesCcg-02TheTruthIsOutThere-BrowningMT.jpg	default	Site	02 - The Truth is Out There	02 - The Truth is Out There	playerNDeck	2 RP	Site|Mono|Motive|Occult Investigation				Fixed	Shapes	XF97-0083v2
e098a36e-4036-48be-abd8-4b165b0fde7e	Byers	x-files-ccg/02-the-truth-is-out-there/XFilesCcg-02TheTruthIsOutThere-Byers.jpg	default	Witness	02 - The Truth is Out There	02 - The Truth is Out There	playerNDeck	1 RP	Witness|Computer	Adds 1 to one Team's COMPUTER skill check.			Common	E.B.E.	XF97-0187v2
ccee3584-25d9-4d0e-8e9a-2fc594b42322	Cape Cod, MA	x-files-ccg/02-the-truth-is-out-there/XFilesCcg-02TheTruthIsOutThere-CapeCodMA.jpg	default	Site	02 - The Truth is Out There	02 - The Truth is Out There	playerNDeck	2 RP	Site|Mono|Affiliation|Sciences				Common	Fire	XF97-0064v2
d3cb392e-a001-41ff-8826-7c83ed2b4d3a	Car Troubles	x-files-ccg/02-the-truth-is-out-there/XFilesCcg-02TheTruthIsOutThere-CarTroubles.jpg	default	Bluff	02 - The Truth is Out There	02 - The Truth is Out There	playerNDeck	3 CP	Bluff|Phenomena|Move	Play on a Team of three or more Agents moving to the same Site. The Team may only send two Agents to that Site (owning player's choice). Any extra Agents remain in the Team but may not contribute their skills to any checks this turn. In addition, playing this card will prevent the use of the "Evasive Maneuver" card by this Team this turn.			Common	Shadows	XF97-0110v2
dc541a05-2ad9-41d2-972e-8a9bf633ba14	Cecil L'ively	x-files-ccg/02-the-truth-is-out-there/XFilesCcg-02TheTruthIsOutThere-CecilLively.jpg	default	X-File	02 - The Truth is Out There	02 - The Truth is Out There	playerNXFile					Evolutionary	Fixed	Fire	XF97-0159v2
f144b340-79f6-410d-a8ae-38a5f3b45e33	Cellular Phone	x-files-ccg/02-the-truth-is-out-there/XFilesCcg-02TheTruthIsOutThere-CellularPhone.jpg	default	Equipment	02 - The Truth is Out There	02 - The Truth is Out There	playerNDeck	4 RP	Equipment|Special	The Agent may add his skills to a skill check that is occurring in another Section of the table. The Agent's skill is reduced by one (i.e.; Skill: 3 becomes Skill: 2). LONG RANGE COMBAT and CLOSE RANGE COMBAT may not be added.			Rare	Blood	XF97-0326v2
d7988368-e5ae-400c-b133-85547669d26f	Central Operating System, Artificial Intelligence	x-files-ccg/02-the-truth-is-out-there/XFilesCcg-02TheTruthIsOutThere-CentralOperatingSystemArtificialIntelligence.jpg	default	X-File	02 - The Truth is Out There	02 - The Truth is Out There	playerNXFile					Evolutionary	Fixed	Ghost in the Machine	XF97-0133v2
ca163d64-fa1b-45b0-bff3-9934ca7aef9c	Central Prison, Raleigh, NC	x-files-ccg/02-the-truth-is-out-there/XFilesCcg-02TheTruthIsOutThere-CentralPrisonRaleighNC.jpg	default	Site	02 - The Truth is Out There	02 - The Truth is Out There	playerNDeck	1 RP	Site|Multi|Motive|Method|Occult Investigation|Criminal Investigation				Uncommon	Beyond the Sea	XF97-0051v2
cccef971-0004-4916-b65b-59e888506921	Chaco House, Dudley, AR	x-files-ccg/02-the-truth-is-out-there/XFilesCcg-02TheTruthIsOutThere-ChacoHouseDudleyAR.jpg	default	Site	02 - The Truth is Out There	02 - The Truth is Out There	playerNDeck	1 RP	Site|Multi|Affiliation|Motive|Subterfuge|Behavioral				Uncommon	Our Town	XF97-0062v2
c7043df5-4a94-48cd-932c-254b745befec	Choke Hold	x-files-ccg/02-the-truth-is-out-there/XFilesCcg-02TheTruthIsOutThere-ChokeHold.jpg	default	Combat	02 - The Truth is Out There	02 - The Truth is Out There	playerNDeck	3 *P	Combat|Martial Arts	Play this card on any combatant that can use MARTIAL ARTS. The combatant applies a choke hold. If the combatant causes damage in CLOSE RANGE COMBAT then the damaged Adversary/Agent takes no further part in the combat.			Rare	Anasazi	XF97-0028v2
ceecad0d-9b5b-45e3-bc14-94bdc9a871bf	Church Of The Red Museum, Delta Glen, WI	x-files-ccg/02-the-truth-is-out-there/XFilesCcg-02TheTruthIsOutThere-ChurchOfTheRedMuseumDeltaGlenWI.jpg	default	Site	02 - The Truth is Out There	02 - The Truth is Out There	playerNDeck	1 RP	Site|Multi|Affiliation|Method|Subterfuge|Medical				Rare	Red Museum	XF97-0070v2
d171030e-c7bc-4e37-bf1a-568f14138a67	Cigarette Butts	x-files-ccg/02-the-truth-is-out-there/XFilesCcg-02TheTruthIsOutThere-CigaretteButts.jpg	default	Bluff	02 - The Truth is Out There	02 - The Truth is Out There	playerNDeck	X CP	Bluff|Conspiracy|Phenomena|Government	Basic Game Only: Apply a -2 modifier to any one skill check involving one of the following skills: OCCULT INVESTIGATION, BEHAVIORAL, BUREAUCRACY.Advanced Game: Pay the listed [CP] Cost, where X = the number of [CP] paid to gain the desired modifier to one of the following skills: OCCULT INVESTIGATION, BEHAVIORAL, BUREAUCRACY. (1) = -1, (3) = -2, (5) = -3, (9) = -4.			Common	Ascension	XF97-0091v2
d22aad3e-d488-4881-acc6-67c3c1991306	Claude Peterson	x-files-ccg/02-the-truth-is-out-there/XFilesCcg-02TheTruthIsOutThere-ClaudePeterson.jpg	default	Bluff	02 - The Truth is Out There	02 - The Truth is Out There	playerNDeck	X CP	Bluff|Government	Basic Game Only: Apply a -2 modifier to any one skill check involving one of the following skills: CRIMINAL INVESTIGATION, SUBTERFUGE, COMPUTER.Advanced Game: Pay the listed [CP] Cost, where X = the number of [CP] paid to gain the desired modifier to one of the following skills: CRIMINAL INVESTIGATION, SUBTERFUGE, COMPUTER. (1) = -1, (3) = -2, (5) = -3, (9) = -4.			Common	Ghost in the Machine	XF97-0098v2
e87f6c48-a107-4b97-9352-8dbb6c979d25	Clone	x-files-ccg/02-the-truth-is-out-there/XFilesCcg-02TheTruthIsOutThere-Clone.jpg	default	Event	02 - The Truth is Out There	02 - The Truth is Out There	playerNDeck	2 CP	Alien|Event	Play this card on any Witness that has just been played. The owning player must shuffle the Witness back into their Bureau deck immediately and does not benefit from the Witness.			Fixed	End Game	XF97-0258v2
c962963f-f09c-4db9-b010-b58c06222664	Coastal Northwest Oregon	x-files-ccg/02-the-truth-is-out-there/XFilesCcg-02TheTruthIsOutThere-CoastalNorthwestOregon.jpg	default	Site	02 - The Truth is Out There	02 - The Truth is Out There	playerNDeck	2 RP	Site|Mono|Affiliation|Alien Investigation				Common	Pilot	XF97-0046v2
f7e206f9-a63c-4553-8a49-29497efc08ee	Colonel Kissell	x-files-ccg/02-the-truth-is-out-there/XFilesCcg-02TheTruthIsOutThere-ColonelKissell.jpg	default	Event	02 - The Truth is Out There	02 - The Truth is Out There	playerNDeck	4 CP	Event|Negate	Negate any one Keyword SCIENCES card.			Rare	Deep Throat	XF97-0376v2
d6bbee5b-5b53-42a2-99a9-9f3f666bd2aa	Colonel Wharton, Zombie Master	x-files-ccg/02-the-truth-is-out-there/XFilesCcg-02TheTruthIsOutThere-ColonelWhartonZombieMaster.jpg	default	X-File	02 - The Truth is Out There	02 - The Truth is Out There	playerNXFile					Occult	Fixed	Fresh Bones	XF97-0128v2
d83e1ea9-0754-45ac-a24e-67c4349228e5	Commander Colin Henderson	x-files-ccg/02-the-truth-is-out-there/XFilesCcg-02TheTruthIsOutThere-CommanderColinHenderson.jpg	default	X-File	02 - The Truth is Out There	02 - The Truth is Out There	playerNXFile					Government	Fixed	Fallen Angel	XF97-0140v2
e91b92e1-4ef1-4f81-82a4-09443f95e460	Computer Access Denied	x-files-ccg/02-the-truth-is-out-there/XFilesCcg-02TheTruthIsOutThere-ComputerAccessDenied.jpg	default	Event	02 - The Truth is Out There	02 - The Truth is Out There	playerNDeck	2 CP	Event|Computer	Force an opponent Team to make a COMPUTER 4+ skill check or they will be unable to complete the skill check.			Rare	Ghost in the Machine	XF97-0262v2
cbc016a3-8bbb-4388-8a17-83002928dfce	Containment Facility, Georgetown, MD	x-files-ccg/02-the-truth-is-out-there/XFilesCcg-02TheTruthIsOutThere-ContainmentFacilityGeorgetownMD.jpg	default	Site	02 - The Truth is Out There	02 - The Truth is Out There	playerNDeck	2 RP	Site|Mono|Result|Observation				Common	The Erlenmeyer Flask	XF97-0060v2
edbf8562-1b23-40fb-9e03-ce60376aebd7	Core Training	x-files-ccg/02-the-truth-is-out-there/XFilesCcg-02TheTruthIsOutThere-CoreTraining.jpg	default	Event	02 - The Truth is Out There	02 - The Truth is Out There	playerNDeck	2 RP	Event|Training	Play on an Agent in the Bureau. The Agent is taken out of play for one full turn. At the start of the Briefing Phase of the second turn, the Agent may be deployed as normal, and in addition has a +1 in one of the following skills: CRIMINAL INVESTIGATION or EVIDENCE COLLECTION. Place this card below the Agent to remind you of the increased skill.			Common	Lazarus	XF97-0307v2
c6b2e4ad-7140-4915-9d84-bd9f1d47563f	Covering Fire	x-files-ccg/02-the-truth-is-out-there/XFilesCcg-02TheTruthIsOutThere-CoveringFire.jpg	default	Combat	02 - The Truth is Out There	02 - The Truth is Out There	playerNDeck	1 CP	Combat|Government	Play on any GOVERNMENT Adversary to allow it to split the LONG RANGE COMBAT damage it causes amongst its opponents this round.			Uncommon	Little Green Men	XF97-0025v2
f2b5fdce-bfc0-4d0f-b19a-821e8be59cb9	Crew-Cut Man	x-files-ccg/02-the-truth-is-out-there/XFilesCcg-02TheTruthIsOutThere-CrewCutMan.jpg	default	Adversary	02 - The Truth is Out There	02 - The Truth is Out There	playerNDeck	6 CP	Adversary|Government|Pawn|Creature	The chosen Agent is the only one who may participate in the Combat. The Crew-Cut Man may use MARTIAL ARTS and SUBTERFUGE cards.	5		Uncommon	The Erlenmeyer Flask	XF97-0336v2
e824635b-9d22-4577-9191-42b098e639cd	Crop Circles	x-files-ccg/02-the-truth-is-out-there/XFilesCcg-02TheTruthIsOutThere-CropCircles.jpg	default	Event	02 - The Truth is Out There	02 - The Truth is Out There	playerNDeck	1 RP	Event|Alien|Resource	Play after one of your Teams successfully investigates a Site with ALIEN INVESTIGATION skill as a prerequisite. Place this card in your Bureau. Discard this card to add 1 to an ALIEN INVESTIGATION skill check.			Fixed	Gender Bender	XF97-0253v2
ca639437-a0ef-4828-8804-166758cca825	Cumberland Prison, VA	x-files-ccg/02-the-truth-is-out-there/XFilesCcg-02TheTruthIsOutThere-CumberlandPrisonVA.jpg	default	Site	02 - The Truth is Out There	02 - The Truth is Out There	playerNDeck	2 RP	Site|Mono|Affiliation|Subterfuge				Fixed	F. Emasculata	XF97-0053v2
e8e33f33-c78f-4d31-9545-94b715714e24	Dark Forces Align	x-files-ccg/02-the-truth-is-out-there/XFilesCcg-02TheTruthIsOutThere-DarkForcesAlign.jpg	default	Event	02 - The Truth is Out There	02 - The Truth is Out There	playerNDeck	6 CP	Event|Phenomena	Play on an opponent Team in any Section. For the rest of the turn, that Team is considered to have a single Characteristic SITE Keyword (i.e., RESULT SITE). You may choose any one Characteristic for the Keyword.			Rare	Die Hand Die Verletzt	XF97-0261v2
f4597035-ab1a-40df-94dd-80f208dcdb2c	Darkness Falls	x-files-ccg/02-the-truth-is-out-there/XFilesCcg-02TheTruthIsOutThere-DarknessFalls.jpg	default	Adversary	02 - The Truth is Out There	02 - The Truth is Out There	playerNDeck	6 CP	Adversary|Primordial|Creature	Unless a HEALING card is played immediately and the card results in one point being healed, move the Agent to the Hospital. The Agent must stay in the Hospital for the next turn.	N/A		Uncommon	Darkness Falls	XF97-0346v2
cba08a75-7834-45ee-8bd9-e89f2d2e3927	Deadhorse, AK	x-files-ccg/02-the-truth-is-out-there/XFilesCcg-02TheTruthIsOutThere-DeadhorseAK.jpg	default	Site	02 - The Truth is Out There	02 - The Truth is Out There	playerNDeck	1 RP	Site|Multi|Affiliation|Result|Alien Investigation|Evidence Collection				Rare	End Game	XF97-0059v2
f4e0ee00-8dab-4a87-850f-5c582196ebaa	Deadly Blur	x-files-ccg/02-the-truth-is-out-there/XFilesCcg-02TheTruthIsOutThere-DeadlyBlur.jpg	default	Adversary	02 - The Truth is Out There	02 - The Truth is Out There	playerNDeck	7 CP	Adversary|Alien|Creature	Any Agent damaged by the Deadly Blur is placed in the Hospital for the next two turns regardless of how much HEALTH they have. Each opponent's LONG RANGE COMBAT and CLOSE RANGE COMBAT is reduced by one point. The Deadly Blur may use SUBTERFUGE Combat cards.	6		Uncommon	Fallen Angel	XF97-0351v2
ed1326ac-0d35-4b05-9862-1d5e972fb57d	Decoy	x-files-ccg/02-the-truth-is-out-there/XFilesCcg-02TheTruthIsOutThere-Decoy.jpg	default	Event	02 - The Truth is Out There	02 - The Truth is Out There	playerNDeck	1 RP	Event|Subterfuge|Negate	Play when an Adversary is allowed to enter combat with a single Agent. If the Team to which the Agent is attached makes a SUBTERFUGE 4+ skill check, the Adversary is negated.			Uncommon	Fresh Bones	XF97-0301v2
eecef423-f5ad-4dc2-aefc-bb718a2264c3	Decreased Workload	x-files-ccg/02-the-truth-is-out-there/XFilesCcg-02TheTruthIsOutThere-DecreasedWorkload.jpg	default	Event	02 - The Truth is Out There	02 - The Truth is Out There	playerNDeck	1 RP	Event|Bureaucracy	Play during the Briefing Phase. One Team in the Bureau may make a BUREAUCRACY 4+ skill check. If successful, choose one Agent. The Agent now has a RES number equal to the Agent's CRIMINAL INVESTIGATION skill during the next Briefing Phase. Place this card below the Agent to remind you of the increased skill.			Uncommon	The Host	XF97-0310v2
eb774b18-90ae-452a-8c70-3133d4416a66	Deductive Reasoning	x-files-ccg/02-the-truth-is-out-there/XFilesCcg-02TheTruthIsOutThere-DeductiveReasoning.jpg	default	Event	02 - The Truth is Out There	02 - The Truth is Out There	playerNDeck	3 RP	Event|Question|Criminal	Play on a Team that has just completed a combat. If the Team makes a CRIMINAL INVESTIGATION 5+ skill check, then they may ask whether or not the Adversary has a Keyword that is the same as the AFFILIATION of the controller's X-File.			Rare	Conduit	XF97-0285v2
e14ed151-51d3-488a-9215-0818bc7b0b3f	Detective Frank Briggs	x-files-ccg/02-the-truth-is-out-there/XFilesCcg-02TheTruthIsOutThere-DetectiveFrankBriggs.jpg	default	Witness	02 - The Truth is Out There	02 - The Truth is Out There	playerNDeck	2 RP	Witness|Criminal Investigation	Adds 2 to one Team's CRIMINAL INVESTIGATION skill check.			Uncommon	Squeeze	XF97-0192v2
d0c2af56-4a4e-4f2b-b340-d5631bf8e055	Detective Kelly Ryan	x-files-ccg/02-the-truth-is-out-there/XFilesCcg-02TheTruthIsOutThere-DetectiveKellyRyan.jpg	default	Bluff	02 - The Truth is Out There	02 - The Truth is Out There	playerNDeck	1 CP	Bluff|Evolutionary	Play to change one Keyword EVIDENCE COLLECTION, BEHAVIORAL, or CRIMINAL INVESTIGATION card to Keyword MOTIVE.			Common	Soft Light	XF97-0087v2
d40a3d43-c369-4191-afbf-ba0646201776	Detective Miles	x-files-ccg/02-the-truth-is-out-there/XFilesCcg-02TheTruthIsOutThere-DetectiveMiles.jpg	default	Bluff	02 - The Truth is Out There	02 - The Truth is Out There	playerNDeck	1 CP	Bluff|Alien	Pay 1 [CP] to move up to 2 [RP] from your opponent's [RP] pool to your [CP] pool immediately.			Uncommon	Pilot	XF97-0115v2
e152ef9d-072e-46e1-a477-73eb9dd6b238	Detective Sharon Lazard	x-files-ccg/02-the-truth-is-out-there/XFilesCcg-02TheTruthIsOutThere-DetectiveSharonLazard.jpg	default	Witness	02 - The Truth is Out There	02 - The Truth is Out There	playerNDeck	2 RP	Witness|Evidence Collection	Adds 2 to one Team's EVIDENCE COLLECTION skill check.			Uncommon	Born Again	XF97-0195v2
d44108db-e133-436e-8bfc-3d6d6fec0b02	Detective Thompson	x-files-ccg/02-the-truth-is-out-there/XFilesCcg-02TheTruthIsOutThere-DetectiveThompson.jpg	default	Bluff	02 - The Truth is Out There	02 - The Truth is Out There	playerNDeck	3 CP	Bluff|Primordial	Play to change a Site Prerequisite to BUREAUCRACY 3+.			Uncommon	The Jersey Devil	XF97-0116v2
d47a536b-19fb-49e8-8ee7-d969c4361c58	Detective Tony Fiore	x-files-ccg/02-the-truth-is-out-there/XFilesCcg-02TheTruthIsOutThere-DetectiveTonyFiore.jpg	default	Bluff	02 - The Truth is Out There	02 - The Truth is Out There	playerNDeck	2 CP	Bluff|Occult	Play to cause your opponent to discard two cards at random from his hand immediately.			Uncommon	Born Again	XF97-0118v2
c5cff800-6f12-4908-9c58-51c77bf0d687	Disarm	x-files-ccg/02-the-truth-is-out-there/XFilesCcg-02TheTruthIsOutThere-Disarm.jpg	default	Combat	02 - The Truth is Out There	02 - The Truth is Out There	playerNDeck	2 CP	Combat|Martial Arts	Adversaries that can use MARTIAL ARTS may play this card in a CLOSE RANGE COMBAT round to cause one Equipment card from the opposing side to be discarded. If the Equipment normally adds to CRC skill check, then it is discarded before it may do so.			Rare	Ice	XF97-0021v2
ea8ef084-af7b-496d-a6f0-474ac3232ce7	Dissection	x-files-ccg/02-the-truth-is-out-there/XFilesCcg-02TheTruthIsOutThere-Dissection.jpg	default	Event	02 - The Truth is Out There	02 - The Truth is Out There	playerNDeck	1 RP	Event	Play this card after a Team of Agents damages an Adversary in combat by dealing enough wounds to kill it. Place five tokens in the [RP] pool.			Uncommon	Pilot	XF97-0277v2
c4209d26-fe40-40f2-95ed-5e13e9039db5	Dodge	x-files-ccg/02-the-truth-is-out-there/XFilesCcg-02TheTruthIsOutThere-Dodge.jpg	default	Combat	02 - The Truth is Out There	02 - The Truth is Out There	playerNDeck	3 *P	Combat	Play this card on any combatant in a LONG RANGE COMBAT round to reduce the damage from any one source by four points. The combatant using this card does not deal damage in this LRC round.			Uncommon	Young At Heart	XF97-0011v2
da3f9f2c-28b3-4f9d-933e-7a1c6be2efd3	Donnie Pfaster, Death Fetishist	x-files-ccg/02-the-truth-is-out-there/XFilesCcg-02TheTruthIsOutThere-DonniePfasterDeathFetishist.jpg	default	X-File	02 - The Truth is Out There	02 - The Truth is Out There	playerNXFile					Primordial	Fixed	Irresistible	XF97-0151v2
e2681932-e5a1-41ec-9426-45169afbf147	Doug Spinney	x-files-ccg/02-the-truth-is-out-there/XFilesCcg-02TheTruthIsOutThere-DougSpinney.jpg	default	Witness	02 - The Truth is Out There	02 - The Truth is Out There	playerNDeck	1 RP	Witness|Sciences	Adds 1 to one Team's SCIENCES skill check.			Common	Darkness Falls	XF97-0206v2
d2d6ceb0-8f20-4469-aeb0-978a1ffc1dcc	Dr. Aaron Monte	x-files-ccg/02-the-truth-is-out-there/XFilesCcg-02TheTruthIsOutThere-DrAaronMonte.jpg	default	Bluff	02 - The Truth is Out There	02 - The Truth is Out There	playerNDeck	1 CP	Bluff|Evolutionary	Play to change one Keyword EVIDENCE COLLECTION, MEDICAL, or CRIMINAL INVESTIGATION card to Keyword MOTIVE.			Common	Tooms	XF97-0102v2
d80c8f5f-80a3-4f58-a64e-8b11b24ad604	Dr. Banton and His Shadow	x-files-ccg/02-the-truth-is-out-there/XFilesCcg-02TheTruthIsOutThere-DrBantonAndHisShadow.jpg	default	X-File	02 - The Truth is Out There	02 - The Truth is Out There	playerNXFile					Evolutionary	Fixed	Soft Light	XF97-0138v2
d1949124-61c1-4925-bdf8-6072f87f1a19	Dr. Berube	x-files-ccg/02-the-truth-is-out-there/XFilesCcg-02TheTruthIsOutThere-DrBerube.jpg	default	Bluff	02 - The Truth is Out There	02 - The Truth is Out There	playerNDeck	X CP	Bluff|Government	Basic Game Only: Apply a -2 modifier to any one skill check involving one of the following skills: ALIEN INVESTIGATION, MEDICAL, SCIENCES.Advanced Game: Pay the listed [CP] Cost, where X = the number of [CP] paid to gain the desired modifier to one of the following skills: ALIEN INVESTIGATION, MEDICAL, SCIENCES. (1) = -1, (3) = -2, (5) = -3, (9) = -4.			Common	The Erlenmeyer Flask	XF97-0093v2
e05382fc-28ac-4c42-b029-d186021352a6	Dr. Blockhead	x-files-ccg/02-the-truth-is-out-there/XFilesCcg-02TheTruthIsOutThere-DrBlockhead.jpg	default	Witness	02 - The Truth is Out There	02 - The Truth is Out There	playerNDeck	2 RP	Witness|Evolutionary|Negate	Negates one EVOLUTIONARY CREATURE.			Rare	Humbug	XF97-0185v2
de90537c-b1ac-49d5-8762-eb220820d7fa	Dr. Charles Burk	x-files-ccg/02-the-truth-is-out-there/XFilesCcg-02TheTruthIsOutThere-DrCharlesBurk.jpg	default	Agent	02 - The Truth is Out There	02 - The Truth is Out There	playerNStarting	4 RP	Agent|Independent|Believer		3		Fixed	The Calusari	XF97-0175v2
e3c16cd4-adb1-407e-bc07-4f1677cb6d2a	Dr. Daniel Trepkos	x-files-ccg/02-the-truth-is-out-there/XFilesCcg-02TheTruthIsOutThere-DrDanielTrepkos.jpg	default	Witness	02 - The Truth is Out There	02 - The Truth is Out There	playerNDeck	2 RP	Witness|Negate|Primordial	Negates one PRIMORDIAL CREATURE.			Rare	Firewalker	XF97-0217v2
e0e70626-a31a-41fb-881a-b80282d26e9c	Dr. Davey	x-files-ccg/02-the-truth-is-out-there/XFilesCcg-02TheTruthIsOutThere-DrDavey.jpg	default	Witness	02 - The Truth is Out There	02 - The Truth is Out There	playerNDeck	2 RP	Witness|Sciences	Adds 2 to one Team's SCIENCES skill check.			Uncommon	Soft Light	XF97-0189v2
e117ae15-f134-4e05-b223-8f20d4e9e29e	Dr. Diamond	x-files-ccg/02-the-truth-is-out-there/XFilesCcg-02TheTruthIsOutThere-DrDiamond.jpg	default	Witness	02 - The Truth is Out There	02 - The Truth is Out There	playerNDeck	3 RP	Witness|Behavioral|Resource	Adds 1 to one Team's BEHAVIORAL skill check once during your turn.			Rare	The Jersey Devil	XF97-0191v2
e256f7c7-36bd-4270-8d10-b17268d840e0	Dr. Hodge	x-files-ccg/02-the-truth-is-out-there/XFilesCcg-02TheTruthIsOutThere-DrHodge.jpg	default	Witness	02 - The Truth is Out There	02 - The Truth is Out There	playerNDeck	1 RP	Witness|Medical	Adds 1 to one Team's MEDICAL skill check.			Fixed	Ice	XF97-0205v2
f7d0352f-42da-4c39-9d70-b172b034dc1b	Dr. Joe Ridley	x-files-ccg/02-the-truth-is-out-there/XFilesCcg-02TheTruthIsOutThere-DrJoeRidley.jpg	default	Event	02 - The Truth is Out There	02 - The Truth is Out There	playerNDeck	4 CP	Event|Negate	Negate any one Keyword MEDICAL card.			Rare	Young At Heart	XF97-0375v2
e19190da-dbaa-40df-a8f4-cee2b09ef011	Dr. Laskos	x-files-ccg/02-the-truth-is-out-there/XFilesCcg-02TheTruthIsOutThere-DrLaskos.jpg	default	Witness	02 - The Truth is Out There	02 - The Truth is Out There	playerNDeck	2 RP	Witness|Medical	Adds 2 to one Team's MEDICAL skill check.			Uncommon	Død Kalm	XF97-0196v2
e2c005ae-6bfd-4453-a4a2-b9b0d0f7d160	Dr. Sheila Braun	x-files-ccg/02-the-truth-is-out-there/XFilesCcg-02TheTruthIsOutThere-DrSheilaBraun.jpg	default	Witness	02 - The Truth is Out There	02 - The Truth is Out There	playerNDeck	2 RP	Witness|Behavioral	Adds 2 to one Team's BEHAVIORAL skill check.			Uncommon	Born Again	XF97-0207v2
eba65094-8580-44aa-86bb-41cb55d16de0	Driving	x-files-ccg/02-the-truth-is-out-there/XFilesCcg-02TheTruthIsOutThere-Driving.jpg	default	Event	02 - The Truth is Out There	02 - The Truth is Out There	playerNDeck	2 RP	Event|Move|Criminal Investigation	Play on a Team in the Field during the Deployment Phase. If the Team makes a CRIMINAL INVESTIGATION 5+ skill check, they may investigate two Sites in the same state this turn.			Uncommon	Conduit	XF97-0287v2
d55b4cd5-7393-465a-aeba-b5ddc40f880f	Duane Barry	x-files-ccg/02-the-truth-is-out-there/XFilesCcg-02TheTruthIsOutThere-DuaneBarry.jpg	default	X-File	02 - The Truth is Out There	02 - The Truth is Out There	playerNXFile					Government	Fixed	Duane Barry	XF97-0122v2
d9a45e26-6b7c-4a3a-b54c-ecbf17461f16	Død Kalm	x-files-ccg/02-the-truth-is-out-there/XFilesCcg-02TheTruthIsOutThere-DDKalm.jpg	default	X-File	02 - The Truth is Out There	02 - The Truth is Out There	playerNXFile					Alien	Fixed	Død Kalm	XF97-0147v2
d968248d-ae8f-4f82-b3e7-397ab396fd55	Ed Funsch, Postal Worker	x-files-ccg/02-the-truth-is-out-there/XFilesCcg-02TheTruthIsOutThere-EdFunschPostalWorker.jpg	default	X-File	02 - The Truth is Out There	02 - The Truth is Out There	playerNXFile					Government	Fixed	Blood	XF97-0145v2
f17d6f92-a5c2-439c-8a37-50e3e8e961dd	Electron Emission Microscope	x-files-ccg/02-the-truth-is-out-there/XFilesCcg-02TheTruthIsOutThere-ElectronEmissionMicroscope.jpg	default	Equipment	02 - The Truth is Out There	02 - The Truth is Out There	playerNDeck	2 RP	Equipment|Electrical|Special	Agents equipped with an Electron Emission Microscope have access to the field office crime lab. Adds 1 to the Agent's MEDICAL skill.			Common	Young At Heart	XF97-0328v2
c94ca944-40cf-4a14-8c20-ac3212d55d2e	Ellens Air Base, ID	x-files-ccg/02-the-truth-is-out-there/XFilesCcg-02TheTruthIsOutThere-EllensAirBaseID.jpg	default	Site	02 - The Truth is Out There	02 - The Truth is Out There	playerNDeck	2 RP	Site|Mono|Affiliation|Bureaucracy				Uncommon	Deep Throat	XF97-0045v2
e09b14a3-6d7a-4d88-a91b-6f0d01d7b838	Emil and Zoe	x-files-ccg/02-the-truth-is-out-there/XFilesCcg-02TheTruthIsOutThere-EmilAndZoe.jpg	default	Witness	02 - The Truth is Out There	02 - The Truth is Out There	playerNDeck	2 RP	Witness|Observation	Adds 2 to one Team's OBSERVATION skill check.			Uncommon	Deep Throat	XF97-0188v2
c8a4e3b3-2057-4e63-b67c-34fc632dc5ad	Energy Strike	x-files-ccg/02-the-truth-is-out-there/XFilesCcg-02TheTruthIsOutThere-EnergyStrike.jpg	default	Combat	02 - The Truth is Out There	02 - The Truth is Out There	playerNDeck	3 CP	Combat|Alien|Evolutionary	Play on any ALIEN or EVOLUTIONARY Adversary to add 3 to any LONG RANGE COMBAT skill check. If the Adversary does not have LRC skill, this card gives it a 3 for this round only.			Rare	Fallen Angel	XF97-0041v2
e9a94475-3d2b-4d0b-9bfd-e9b9eca7d41d	Equipment Malfunction	x-files-ccg/02-the-truth-is-out-there/XFilesCcg-02TheTruthIsOutThere-EquipmentMalfunction.jpg	default	Event	02 - The Truth is Out There	02 - The Truth is Out There	playerNDeck	2 CP	Event|Phenomena	Force one opponent to discard one piece of equipment (your choice) that does not specifically modify LONG or CLOSE RANGE COMBAT.			Uncommon	E.B.E.	XF97-0268v2
d7c8d84a-f5e5-4cf3-9e93-66ff8150a26e	Eugene Victor Tooms	x-files-ccg/02-the-truth-is-out-there/XFilesCcg-02TheTruthIsOutThere-EugeneVictorTooms.jpg	default	X-File	02 - The Truth is Out There	02 - The Truth is Out There	playerNXFile					Evolutionary	Fixed	Squeeze	XF97-0136v2
cfeecfe7-afe4-47ce-9d0b-eb00ae8fee15	Eurisko Building, Crystal City, VA	x-files-ccg/02-the-truth-is-out-there/XFilesCcg-02TheTruthIsOutThere-EuriskoBuildingCrystalCityVA.jpg	default	Site	02 - The Truth is Out There	02 - The Truth is Out There	playerNDeck	1 RP	Site|Multi|Method|Result|Computer|Bureaucracy				Uncommon	Ghost in the Machine	XF97-0080v2
ed591b1d-5ccf-4288-8c33-e31812cbba17	Evasive Maneuvers	x-files-ccg/02-the-truth-is-out-there/XFilesCcg-02TheTruthIsOutThere-EvasiveManeuvers.jpg	default	Event	02 - The Truth is Out There	02 - The Truth is Out There	playerNDeck	4 RP	Event|Negate	Negate one non-PHENOMENA Adversary.			Rare	The Erlenmeyer Flask	XF97-0303v2
dac6b164-e6f3-43a1-884b-8e5b9e959b00	Eve	x-files-ccg/02-the-truth-is-out-there/XFilesCcg-02TheTruthIsOutThere-Eve.jpg	default	X-File	02 - The Truth is Out There	02 - The Truth is Out There	playerNXFile					Evolutionary	Fixed	Eve	XF97-0154v2
e590caf0-7af3-45a4-8fad-adb7260d9399	Eve 7	x-files-ccg/02-the-truth-is-out-there/XFilesCcg-02TheTruthIsOutThere-Eve7.jpg	default	Event	02 - The Truth is Out There	02 - The Truth is Out There	playerNDeck	X CP	Event|Evolutionary	Move any Bluff cards from one Site to another Site or back into the owner's hand. If at the end of an Investigation Phase a Site is left with no Bluffs attached, discard it. X = 1 [CP] per Bluff removed.			Rare	Eve	XF97-0231v2
e6f695a4-e6fb-49ec-949e-1bd05e734dff	Evidence Destroyed	x-files-ccg/02-the-truth-is-out-there/XFilesCcg-02TheTruthIsOutThere-EvidenceDestroyed.jpg	default	Event	02 - The Truth is Out There	02 - The Truth is Out There	playerNDeck	4 CP	Event|Negate|Evidence Collection	Negate one Keyword EVIDENCE COLLECTION card.			Fixed	Pilot	XF97-0239v2
e7d25d9d-2368-428d-a016-7157b297201f	Evidence Overlooked	x-files-ccg/02-the-truth-is-out-there/XFilesCcg-02TheTruthIsOutThere-EvidenceOverlooked.jpg	default	Event	02 - The Truth is Out There	02 - The Truth is Out There	playerNDeck	1 RP	Event|Observation|Resource	If the Team makes an OBSERVATION 4+ skill check, they gain a +1 to the Site skill check. Discard this card after you've used the modifier.			Common	Lazarus	XF97-0246v2
c8e6230e-86d6-496d-9d70-e86b62412af2	Excelsius Dei Convalescent Home, Worcester, MA	x-files-ccg/02-the-truth-is-out-there/XFilesCcg-02TheTruthIsOutThere-ExcelsiusDeiConvalescentHomeWorcesterMA.jpg	default	Site	02 - The Truth is Out There	02 - The Truth is Out There	playerNDeck	1 RP	Site|Multi|Motive|Method|Occult Investigation|Criminal Investigation				Uncommon	Excelsius Dei	XF97-0043v2
e8499940-c459-4ccd-aeae-faeea6af7dd5	Expedite Request For Resources	x-files-ccg/02-the-truth-is-out-there/XFilesCcg-02TheTruthIsOutThere-ExpediteRequestForResources.jpg	default	Event	02 - The Truth is Out There	02 - The Truth is Out There	playerNDeck	1 RP	Event|Bureaucracy	Play on a Team in the Bureau. If the Team makes a BUREAUCRACY 4+ skill check then you may search through your Bureau Deck and draw one Equipment card to add to your hand. Show the card to your opponents and then shuffle your deck.			Uncommon	The Jersey Devil	XF97-0255v2
eb0b0e57-7b36-4a65-97e6-368b4506309a	Expert Briefing	x-files-ccg/02-the-truth-is-out-there/XFilesCcg-02TheTruthIsOutThere-ExpertBriefing.jpg	default	Event	02 - The Truth is Out There	02 - The Truth is Out There	playerNDeck	2 RP	Event|Training	Play on an Agent in the Bureau. The Agent is taken out of play for one full turn. At the start of the Briefing Phase of the second turn the Agent may be deployed as normal and in addition has a +1 in one of the following skills: OBSERVATION, BEHAVIORAL or SUBTERFUGE. Place this card below the Agent to remind you of the increased skill.			Common	Anasazi	XF97-0280v2
f687aea5-2b8e-46a1-acd4-d4b5fca25043	Explosion	x-files-ccg/02-the-truth-is-out-there/XFilesCcg-02TheTruthIsOutThere-Explosion.jpg	default	Bluff	02 - The Truth is Out There	02 - The Truth is Out There	playerNDeck	2X CP	Bluff	Play this card to cause one point of damage to every Agent in a Team for each [CP] Cost card discarded from your hand, up to a maximum of three points of damage. X = number of [CP] Cost cards discarded.			Rare	Paper Clip	XF97-0364v2
f5d3455d-9b29-4f7b-917f-3130a1f7cce1	F. Emasculata Outbreak	x-files-ccg/02-the-truth-is-out-there/XFilesCcg-02TheTruthIsOutThere-FEmasculataOutbreak.jpg	default	Adversary	02 - The Truth is Out There	02 - The Truth is Out There	playerNDeck	6 CP	Adversary|Primordial|Phenomena	This card does not initiate combat. Play this card in the Investigating Player's Hospital section. Place three tokens on this card. Remove one token in the Debriefing Phase of your opponent's turn. This card is discarded when the last token is removed. Agents may not heal as long as this card is in their Hospital section.	N/A		Rare	F. Emasculata	XF97-0358v2
c361aae9-dd8f-4431-ac7f-eb0389c53380	Face-Off	x-files-ccg/02-the-truth-is-out-there/XFilesCcg-02TheTruthIsOutThere-FaceOff.jpg	default	Combat	02 - The Truth is Out There	02 - The Truth is Out There	playerNDeck	2 *P	Combat	Play this card during a LONG RANGE COMBAT round on a combatant you control with an LRC skill. That combatant and one other combatant of the owning player's choice will deal no damage in this LRC round.			Uncommon	Ice	XF97-0003v2
d9da330d-c262-45e3-bbaf-99e0be11c841	Faciphaga Emasculata	x-files-ccg/02-the-truth-is-out-there/XFilesCcg-02TheTruthIsOutThere-FaciphagaEmasculata.jpg	default	X-File	02 - The Truth is Out There	02 - The Truth is Out There	playerNXFile					Government	Fixed	F. Emasculata	XF97-0150v2
cb184707-3085-46e2-acf1-6b424380ca18	Fairfield Zoo, Fairfield, ID	x-files-ccg/02-the-truth-is-out-there/XFilesCcg-02TheTruthIsOutThere-FairfieldZooFairfieldID.jpg	default	Site	02 - The Truth is Out There	02 - The Truth is Out There	playerNDeck	2 RP	Site|Mono|Motive|Observation				Fixed	Fearful Symmetry	XF97-0058v2
cdd47115-c063-484d-97a9-8d434ad84351	Farmington, NM	x-files-ccg/02-the-truth-is-out-there/XFilesCcg-02TheTruthIsOutThere-FarmingtonNM.jpg	default	Site	02 - The Truth is Out There	02 - The Truth is Out There	playerNDeck	1 RP	Site|Multi|Motive|Method|Alien Investigation|Computer				Uncommon	Anasazi	XF97-0066v2
c61ae7cf-116f-484f-9d56-f3f530ed6159	Fascination	x-files-ccg/02-the-truth-is-out-there/XFilesCcg-02TheTruthIsOutThere-Fascination.jpg	default	Combat	02 - The Truth is Out There	02 - The Truth is Out There	playerNDeck	2 CP	Combat|Occult	Play on any Adversary to add 1 to its CLOSE RANGE COMBAT skill check. In addition, if the Adversary is OCCULT, play on the chosen Agent in combat to negate his combat skills this round.			Uncommon	3	XF97-0023v2
c72eeec6-0ec6-4de6-a700-78c763024ba4	Fast Draw	x-files-ccg/02-the-truth-is-out-there/XFilesCcg-02TheTruthIsOutThere-FastDraw.jpg	default	Combat	02 - The Truth is Out There	02 - The Truth is Out There	playerNDeck	2 *P	Combat	Play on any one combatant who would not normally be allowed to fight a round of LONG RANGE COMBAT. The combatant must still have LRC skill. The combatant may fight one round of LRC as normal.			Rare	The Erlenmeyer Flask	XF97-0029v2
c3a36a0b-c996-4340-ba72-458247a3d67c	Fast Strike	x-files-ccg/02-the-truth-is-out-there/XFilesCcg-02TheTruthIsOutThere-FastStrike.jpg	default	Combat	02 - The Truth is Out There	02 - The Truth is Out There	playerNDeck	4 *P	Combat	Play this card on any combatant with a CLOSE RANGE COMBAT skill of three or more to allow that combatant to attack twice in a CRC round.			Rare	End Game	XF97-0005v2
ea23ab57-a37f-4df0-bd32-e60d71b42e3f	Fingernail Scrapings	x-files-ccg/02-the-truth-is-out-there/XFilesCcg-02TheTruthIsOutThere-FingernailScrapings.jpg	default	Event	02 - The Truth is Out There	02 - The Truth is Out There	playerNDeck	1 RP	Event|Evidence Collection|Resource	If the Team makes an EVIDENCE COLLECTION 4+ skill check, they gain a +1 to a Site skill check. Discard this card after you've used the modifier.			Fixed	Blood	XF97-0272v2
e68bfc19-621f-47f8-9b7a-2f59d6cf0f86	Fingerprints	x-files-ccg/02-the-truth-is-out-there/XFilesCcg-02TheTruthIsOutThere-Fingerprints.jpg	default	Event	02 - The Truth is Out There	02 - The Truth is Out There	playerNDeck	2 RP	Event|Evidence Collection|Resource	Play on one Team in the Field. If the Team makes an EVIDENCE COLLECTION skill check 5+, then they may add 2 to any Site skill check. Discard this card after you've used the modifier.			Uncommon	Tooms	XF97-0236v2
c336f4eb-7f10-412a-a217-a60775bd3876	First Aid	x-files-ccg/02-the-truth-is-out-there/XFilesCcg-02TheTruthIsOutThere-FirstAid.jpg	default	Combat	02 - The Truth is Out There	02 - The Truth is Out There	playerNDeck	0 RP	Combat|Healing	Play on any Agent in the Field to immediately Heal one point of damage.			Common	The Jersey Devil	XF97-0002v2
c815e6a6-1f9a-4f44-886c-2940f88644cc	Flaming Wall	x-files-ccg/02-the-truth-is-out-there/XFilesCcg-02TheTruthIsOutThere-FlamingWall.jpg	default	Combat	02 - The Truth is Out There	02 - The Truth is Out There	playerNDeck	2 CP	Combat|Evolutionary	Play on any EVOLUTIONARY Adversary to cause one point of damage to each opponent in a LONG RANGE COMBAT round. This is in addition to any other damage caused by the Adversary in this round.			Uncommon	Fire	XF97-0036v2
d013cae7-2290-4055-a9f1-358404610941	Folkstone, NC	x-files-ccg/02-the-truth-is-out-there/XFilesCcg-02TheTruthIsOutThere-FolkstoneNC.jpg	default	Site	02 - The Truth is Out There	02 - The Truth is Out There	playerNDeck	1 RP	Site|Multi|Affiliation|Motive|Bureaucracy|Behavioral				Uncommon	Fresh Bones	XF97-0081v2
cfe3cb2e-1daa-4cd0-b029-74d5118e89ec	Franklin, PA	x-files-ccg/02-the-truth-is-out-there/XFilesCcg-02TheTruthIsOutThere-FranklinPA.jpg	default	Site	02 - The Truth is Out There	02 - The Truth is Out There	playerNDeck	2 RP	Site|Mono|Method|Criminal Investigation				Fixed	Blood	XF97-0079v2
ed6a176b-7afc-4d85-b6cd-cd8cf714e7d3	Frohike	x-files-ccg/02-the-truth-is-out-there/XFilesCcg-02TheTruthIsOutThere-Frohike.jpg	default	Event	02 - The Truth is Out There	02 - The Truth is Out There	playerNDeck	3 RP	Event|Negate	This card will negate one Event card played on your Team.			Rare	Blood	XF97-0304v2
eeff5f2f-a662-4809-8a4d-1e7b9ab33e42	Gas Chromatograph	x-files-ccg/02-the-truth-is-out-there/XFilesCcg-02TheTruthIsOutThere-GasChromatograph.jpg	default	Equipment	02 - The Truth is Out There	02 - The Truth is Out There	playerNDeck	2 RP	Equipment|Electrical|Special	Agents equipped with a Gas Chromatograph have access to the field office crime lab. Adds 1 to the Agent's SCIENCES skill.			Common	Firewalker	XF97-0312v2
f1027ea3-cd7f-4443-a780-d2c4f271cb23	Geiger Counter	x-files-ccg/02-the-truth-is-out-there/XFilesCcg-02TheTruthIsOutThere-GeigerCounter.jpg	default	Equipment	02 - The Truth is Out There	02 - The Truth is Out There	playerNDeck	2 RP	Equipment|Electrical|Special	Adds 1 to the Agent's ALIEN INVESTIGATION skill.			Uncommon	E.B.E.	XF97-0324v2
ca1dbc4b-7293-4e1f-9b1e-534793355639	Genetics Clinic, Marin County, CA	x-files-ccg/02-the-truth-is-out-there/XFilesCcg-02TheTruthIsOutThere-GeneticsClinicMarinCountyCA.jpg	default	Site	02 - The Truth is Out There	02 - The Truth is Out There	playerNDeck	2 RP	Site|Mono|Affiliation|Medical				Fixed	Eve	XF97-0052v2
e3b6a67e-99a3-4bad-b7e9-41b0a3731869	Gerd Thomas	x-files-ccg/02-the-truth-is-out-there/XFilesCcg-02TheTruthIsOutThere-GerdThomas.jpg	default	Witness	02 - The Truth is Out There	02 - The Truth is Out There	playerNDeck	1 RP	Witness|Observation	Adds 1 to one Team's OBSERVATION skill check.			Common	Red Museum	XF97-0216v2
d394dc5e-86c8-46b4-9b5d-564010ac5122	Ghost in the Machine	x-files-ccg/02-the-truth-is-out-there/XFilesCcg-02TheTruthIsOutThere-GhostInTheMachine.jpg	default	Bluff	02 - The Truth is Out There	02 - The Truth is Out There	playerNDeck	1 CP	Bluff|Phenomena|Evolutionary	Play to change one Keyword COMPUTER, SCIENCES, or SUBTERFUGE card to Keyword RESULT.			Fixed	Ghost in the Machine	XF97-0108v2
c8ad3a71-3c9b-4bfc-bbe1-e4bd35918d09	Gibsonton, FL	x-files-ccg/02-the-truth-is-out-there/XFilesCcg-02TheTruthIsOutThere-GibsontonFL.jpg	default	Site	02 - The Truth is Out There	02 - The Truth is Out There	playerNDeck	2 RP	Site|Mono|Method|Medical				Fixed	Humbug	XF97-0042v2
efdb91d9-fd41-4738-9210-ba46c950bd83	Glock 19 Semi-Automatic Pistol	x-files-ccg/02-the-truth-is-out-there/XFilesCcg-02TheTruthIsOutThere-Glock19SemiAutomaticPistol.jpg	default	Equipment	02 - The Truth is Out There	02 - The Truth is Out There	playerNDeck	4 RP	Equipment|Weapon|Standard	Adds 2 to the Agent's LONG RANGE COMBAT skill.			Uncommon	Young At Heart	XF97-0317v2
f390f687-411c-40f6-b8f7-919890d612cc	Good People, Good Food	x-files-ccg/02-the-truth-is-out-there/XFilesCcg-02TheTruthIsOutThere-GoodPeopleGoodFood.jpg	default	Adversary	02 - The Truth is Out There	02 - The Truth is Out There	playerNDeck	8 CP	Adversary|Primordial|Creature	Damage caused by this creature may be split among all opponents (Directed Player's choice).	10		Uncommon	Our Town	XF97-0340v2
e6007bf5-9e5a-46d4-86c9-1cd02414ed36	Government Arrests Suspects	x-files-ccg/02-the-truth-is-out-there/XFilesCcg-02TheTruthIsOutThere-GovernmentArrestsSuspects.jpg	default	Event	02 - The Truth is Out There	02 - The Truth is Out There	playerNDeck	1 CP	Event|Negate|Government	Negate one Witness that modifies ALIEN INVESTIGATION or BUREAUCRACY skill.			Fixed	Conduit	XF97-0233v2
f0864971-0a55-44be-8d40-de6aea313ebd	Government Car	x-files-ccg/02-the-truth-is-out-there/XFilesCcg-02TheTruthIsOutThere-GovernmentCar.jpg	default	Equipment	02 - The Truth is Out There	02 - The Truth is Out There	playerNDeck	2 RP	Equipment|Mechanical|Standard	Adds 1 to the Agent's CRIMINAL INVESTIGATION skill.			Fixed	E.B.E.	XF97-0320v2
d3e578d0-79e9-4ac8-9e18-c92b4a5c4b4e	Government Cover-Up	x-files-ccg/02-the-truth-is-out-there/XFilesCcg-02TheTruthIsOutThere-GovernmentCoverUp.jpg	default	Bluff	02 - The Truth is Out There	02 - The Truth is Out There	playerNDeck	X CP	Bluff|Conspiracy|Phenomena|Government	Basic Game Only: Apply a -2 modifier to any one skill check involving one of the following skills: SCIENCES, EVIDENCE COLLECTION, BUREAUCRACY.Advanced Game: Pay the listed [CP] Cost, where X = the number of [CP] paid to gain the desired modifier to one of the following skills: SCIENCES, EVIDENCE COLLECTION, BUREAUCRACY. (1) = -1, (3) = -2, (5) = -3, (9) = -4.			Common	Anasazi	XF97-0112v2
ecf22b05-f393-4484-b0e1-f0520a22c4b9	Government Mindwipe Serum	x-files-ccg/02-the-truth-is-out-there/XFilesCcg-02TheTruthIsOutThere-GovernmentMindwipeSerum.jpg	default	Event	02 - The Truth is Out There	02 - The Truth is Out There	playerNDeck	3 CP	Event|Government	Force one opponent to discard all cards in their hand that contain the Keyword ALIEN INVESTIGATION or BUREAUCRACY.			Uncommon	Deep Throat	XF97-0299v2
e72d73b1-a63b-404d-a1ee-82594271f671	Government Sanctioned Pheromone Experiments	x-files-ccg/02-the-truth-is-out-there/XFilesCcg-02TheTruthIsOutThere-GovernmentSanctionedPheromoneExperiments.jpg	default	Event	02 - The Truth is Out There	02 - The Truth is Out There	playerNDeck	8 CP	Event|Government	Force an opponent Team to make a SCIENCES 4+ skill check. If the Team fails, you may choose an opposing Agent on the Team to enter combat with any other Agent on the Team. Combat will only last one round.			Rare	Blood	XF97-0241v2
eb8010e5-68cd-486b-9438-0bf8941c94f6	Grid Pattern Search	x-files-ccg/02-the-truth-is-out-there/XFilesCcg-02TheTruthIsOutThere-GridPatternSearch.jpg	default	Event	02 - The Truth is Out There	02 - The Truth is Out There	playerNDeck	2 RP	Event|Evidence Collection	Select one card from your Discard Pile and place it in your hand.			Rare	Lazarus	XF97-0286v2
c4181fd1-72f9-46a0-b52b-2949bdee2a6d	Gun Jammed	x-files-ccg/02-the-truth-is-out-there/XFilesCcg-02TheTruthIsOutThere-GunJammed.jpg	default	Combat	02 - The Truth is Out There	02 - The Truth is Out There	playerNDeck	1 *P	Combat	Negates the effects of any one Equipment card that adds to LONG RANGE COMBAT Skill for the duration of this combat.			Common	Little Green Men	XF97-0009v2
e3896dcb-bb84-4bc6-85d3-b62540253a8d	Gung Bituen	x-files-ccg/02-the-truth-is-out-there/XFilesCcg-02TheTruthIsOutThere-GungBituen.jpg	default	Witness	02 - The Truth is Out There	02 - The Truth is Out There	playerNDeck	4 RP	Witness|Occult|Resource	Attach this Witness to a Team. Enables your Agents to deal damage to OCCULT CREATUREs as normal. For example, you may use LRC against POLTERGEISTs and VAMPIREs. If at any time there are no Agents in the Team to which this card is attached, discard this card.			Rare	Excelsius Dei	XF97-0214v2
c76069c4-471e-4d71-897d-cfc6c01383cf	Handcuff	x-files-ccg/02-the-truth-is-out-there/XFilesCcg-02TheTruthIsOutThere-Handcuff.jpg	default	Combat	02 - The Truth is Out There	02 - The Truth is Out There	playerNDeck	3 RP	Combat	Play this card in a CLOSE RANGE COMBAT round after damage has been dealt. If the Agents dealt two or more points more damage than their opponent, combat ends immediately. In addition, place the opposing Adversary in the Agents' Bureau section. The player may discard this card at any time to add two points of damage to any future combat involving an Adversary with the same Keywords.			Rare	Squeeze	XF97-0032v2
eb2745cf-e53b-4c3c-b417-188ec756554d	Hard Evidence	x-files-ccg/02-the-truth-is-out-there/XFilesCcg-02TheTruthIsOutThere-HardEvidence.jpg	default	Event	02 - The Truth is Out There	02 - The Truth is Out There	playerNDeck	2 RP	Event|Evidence	Add five tokens to your [RP] pool.			Common	Pilot	XF97-0282v2
c6cb1666-ce77-4324-ba89-1d23c0fdfa76	Hard Punch	x-files-ccg/02-the-truth-is-out-there/XFilesCcg-02TheTruthIsOutThere-HardPunch.jpg	default	Combat	02 - The Truth is Out There	02 - The Truth is Out There	playerNDeck	1 *P	Combat	Play on any combatant in a CLOSE RANGE COMBAT round. Add one to the combatant's damage result.			Common	Anasazi	XF97-0027v2
d471576b-8d50-4285-96e3-2a368cd5d02e	Harry Cokely	x-files-ccg/02-the-truth-is-out-there/XFilesCcg-02TheTruthIsOutThere-HarryCokely.jpg	default	Bluff	02 - The Truth is Out There	02 - The Truth is Out There	playerNDeck	1 CP	Bluff|Evolutionary	Play to change one Keyword OCCULT INVESTIGATION, BEHAVIORAL, or OBSERVATION card to Keyword METHOD.			Common	Aubrey	XF97-0117v2
d3ec8970-a4b4-4901-9a04-b46b3a51d368	Hazardous Sample	x-files-ccg/02-the-truth-is-out-there/XFilesCcg-02TheTruthIsOutThere-HazardousSample.jpg	default	Bluff	02 - The Truth is Out There	02 - The Truth is Out There	playerNDeck	4 CP	Bluff|Phenomena	Play to force the Investigating player to discard all Keyword EVIDENCE COLLECTION cards in his hand.			Common	Ice	XF97-0113v2
d3fd4885-758b-4aaf-aeee-c26775d7b6ab	Henry Trondheim	x-files-ccg/02-the-truth-is-out-there/XFilesCcg-02TheTruthIsOutThere-HenryTrondheim.jpg	default	Bluff	02 - The Truth is Out There	02 - The Truth is Out There	playerNDeck	2 CP	Bluff	Force the Team investigation a Site to discard one Equipment card of your choice.			Uncommon	Død Kalm	XF97-0114v2
ec4c34b8-8cf8-418f-8266-9829c6f664cd	Hidden Grave	x-files-ccg/02-the-truth-is-out-there/XFilesCcg-02TheTruthIsOutThere-HiddenGrave.jpg	default	Event	02 - The Truth is Out There	02 - The Truth is Out There	playerNDeck	2 RP	Event|Medical	Take any Witness from your opponent's Discard Pile and use it for one skill check immediately at no cost.			Uncommon	Conduit	XF97-0291v2
e5020ec4-0b7e-41ad-9714-d8b3bf0baa04	Hidden Transmitter	x-files-ccg/02-the-truth-is-out-there/XFilesCcg-02TheTruthIsOutThere-HiddenTransmitter.jpg	default	Event	02 - The Truth is Out There	02 - The Truth is Out There	playerNDeck	4 CP	Event|Question|Government|Subterfuge	Play after an opponent Team successfully asks a Characteristic question. Force that opponent Team to make a SUBTERFUGE 4+ skill check. If they fail they must tell you the question and answer they obtained.			Uncommon	E.B.E.	XF97-0227v2
c418a0e1-8cf9-4c41-b032-bff8f584bce9	Hide	x-files-ccg/02-the-truth-is-out-there/XFilesCcg-02TheTruthIsOutThere-Hide.jpg	default	Combat	02 - The Truth is Out There	02 - The Truth is Out There	playerNDeck	1 *P	Combat|Subterfuge	Play this on one combatant with a SUBTERFUGE skill of 1+ or that is capable of using SUBTERFUGE cards. No damage may be dealt to that combatant in this round and the combatant deals no damage.			Common	The Jersey Devil	XF97-0010v2
f0178d45-17ca-4dd6-a0da-fc71ec3225fa	High Resolution Camera	x-files-ccg/02-the-truth-is-out-there/XFilesCcg-02TheTruthIsOutThere-HighResolutionCamera.jpg	default	Equipment	02 - The Truth is Out There	02 - The Truth is Out There	playerNDeck	2 RP	Equipment|Mechanical|Special	Adds 1 to the Agent's OCCULT INVESTIGATION skill.			Common	The Calusari	XF97-0318v2
f05db004-7341-4b4f-aba4-8f27fd798eab	High-Powered Flashlight	x-files-ccg/02-the-truth-is-out-there/XFilesCcg-02TheTruthIsOutThere-HighPoweredFlashlight.jpg	default	Equipment	02 - The Truth is Out There	02 - The Truth is Out There	playerNDeck	4 RP	Equipment|Electrical|Standard	Adds 2 to the Agent's OBSERVATION skill.			Uncommon	Little Green Men	XF97-0319v2
c74eaeeb-6016-4e6c-97c2-487fb3635c87	Hit and Run	x-files-ccg/02-the-truth-is-out-there/XFilesCcg-02TheTruthIsOutThere-HitAndRun.jpg	default	Combat	02 - The Truth is Out There	02 - The Truth is Out There	playerNDeck	3 RP	Combat	One Agent equipped with a "Government Car" may use this card to make one CLOSE RANGE COMBAT attack at CRC skill: 6. Any damage allocated to the Agent is taken by the car first. The car is destroyed after taking six hits. Hits in excess of those needed to destroy the car are applied to the Agent. Discard the "Government Car" card after this combat round is resolved.			Uncommon	Colony	XF97-0031v2
d1e43544-4092-4f74-88a2-30712876368f	Holtzman, D.S.A.	x-files-ccg/02-the-truth-is-out-there/XFilesCcg-02TheTruthIsOutThere-HoltzmanDSA.jpg	default	Bluff	02 - The Truth is Out There	02 - The Truth is Out There	playerNDeck	X CP	Bluff|Government	Basic Game Only: Apply a -2 modifier to any one skill check involving one of the following skills: CRIMINAL INVESTIGATION, EVIDENCE COLLECTION, COMPUTER.Advanced Game: Pay the listed [CP] Cost, where X = the number of [CP] paid to gain the desired modifier to one of the following skills: CRIMINAL INVESTIGATION, EVIDENCE COLLECTION, COMPUTER. (1) = -1, (3) = -2, (5) = -3, (9) = -4.			Common	Conduit	XF97-0097v2
f141d339-feb4-439e-90fe-b1e4d7f69a1f	Hospital Crash Cart	x-files-ccg/02-the-truth-is-out-there/XFilesCcg-02TheTruthIsOutThere-HospitalCrashCart.jpg	default	Equipment	02 - The Truth is Out There	02 - The Truth is Out There	playerNDeck	4 RP	Equipment|Healing|Special	This piece of Equipment does not need to be attached to any Agent. Place three tokens on the Hospital Crash Cart. Discard one token to heal one point of damage to an Agent in the Hospital. Discard when all three tokens have been expended.			Rare	One Breath	XF97-0325v2
d8075385-0734-44e9-92a6-ebced87c0708	Howard Graves, The Poltergeist	x-files-ccg/02-the-truth-is-out-there/XFilesCcg-02TheTruthIsOutThere-HowardGravesThePoltergeist.jpg	default	X-File	02 - The Truth is Out There	02 - The Truth is Out There	playerNXFile					Occult	Fixed	Shadows	XF97-0137v2
f28b81cd-3de1-4f95-82c0-deba31379daa	Hunter In The Dark	x-files-ccg/02-the-truth-is-out-there/XFilesCcg-02TheTruthIsOutThere-HunterInTheDark.jpg	default	Adversary	02 - The Truth is Out There	02 - The Truth is Out There	playerNDeck	7 CP	Adversary|Primordial|Creature	The LONG RANGE COMBAT round is skipped.	5		Common	The Jersey Devil	XF97-0335v2
e4b3af8e-7420-4e68-9b46-8e832b29862d	I Want To Believe	x-files-ccg/02-the-truth-is-out-there/XFilesCcg-02TheTruthIsOutThere-IWantToBelieve.jpg	default	Event	02 - The Truth is Out There	02 - The Truth is Out There	playerNDeck	1 RP	Event|Alien Investigation|Occult Investigation	Play on one Agent to allow that Agent to use their EVIDENCE COLLECTION skill number for any one ALIEN INVESTIGATION or OCCULT INVESTIGATION skill check.			Common	Conduit	XF97-0225v2
cd69c865-7324-4356-9b58-1325e6ec05aa	Icy Cape, AK	x-files-ccg/02-the-truth-is-out-there/XFilesCcg-02TheTruthIsOutThere-IcyCapeAK.jpg	default	Site	02 - The Truth is Out There	02 - The Truth is Out There	playerNDeck	2 RP	Site|Mono|Result|Evidence Collection				Fixed	Ice	XF97-0065v2
c7d043be-d4a3-420a-a0ad-c1a5b6ebcd9e	Illusionary Foe	x-files-ccg/02-the-truth-is-out-there/XFilesCcg-02TheTruthIsOutThere-IllusionaryFoe.jpg	default	Combat	02 - The Truth is Out There	02 - The Truth is Out There	playerNDeck	4 CP	Combat|Occult|Evolutionary	Play on any OCCULT or EVOLUTIONARY Adversary to negate all damage allocated to that Adversary this round.			Rare	Sleepless	XF97-0033v2
e91bd687-84e7-4d38-962b-610e9c612f02	Improved Channels	x-files-ccg/02-the-truth-is-out-there/XFilesCcg-02TheTruthIsOutThere-ImprovedChannels.jpg	default	Event	02 - The Truth is Out There	02 - The Truth is Out There	playerNDeck	2 RP	Event|Resource	The Team must make a BUREAUCRACY 4+ skill check. If successful, you may now have up to ten cards in hand at the end of your turn. This condition stays in effect until you are forced to discard this card. Discard this card if one of your Agents is moved from or to the Bureau Section of the table for any reason.			Uncommon	One Breath	XF97-0263v2
ebfd0455-5e97-4c12-aa8b-2298ab34c290	In-Service Training	x-files-ccg/02-the-truth-is-out-there/XFilesCcg-02TheTruthIsOutThere-InServiceTraining.jpg	default	Event	02 - The Truth is Out There	02 - The Truth is Out There	playerNDeck	2 RP	Event|Training	Play on an Agent in the Bureau. The Agent is taken out of play for one full turn. At the start of the Briefing Phase of the second turn, the Agent may be deployed as normal, and in addition has a +1 in one of the following skills: COMPUTER, MEDICAL, or SCIENCES. Place this card below the Agent to remind you of the increased skill.			Common	Little Green Men	XF97-0288v2
f68677d5-0b39-4eb6-881d-e258a7b6591c	Injured Relative	x-files-ccg/02-the-truth-is-out-there/XFilesCcg-02TheTruthIsOutThere-InjuredRelative.jpg	default	Bluff	02 - The Truth is Out There	02 - The Truth is Out There	playerNDeck	5 CP	Bluff	Force one opposing Agent (your choice) to go to the Hospital immediately (undamaged).			Rare	Paper Clip	XF97-0363v2
dd8d2bdc-95ca-4d87-907e-a123a5778d08	Inspector Phoebe Green	x-files-ccg/02-the-truth-is-out-there/XFilesCcg-02TheTruthIsOutThere-InspectorPhoebeGreen.jpg	default	Agent	02 - The Truth is Out There	02 - The Truth is Out There	playerNStarting	5 RP	Agent|Independent|Law		4		Fixed	Fire	XF97-0168v2
c6625e6c-45dd-44d0-9fd2-4900aceae224	Internal Bleeding	x-files-ccg/02-the-truth-is-out-there/XFilesCcg-02TheTruthIsOutThere-InternalBleeding.jpg	default	Combat	02 - The Truth is Out There	02 - The Truth is Out There	playerNDeck	3 CP	Combat	Play on any Agent that has taken two or more points of damage from a single damage source. That Agent must go to the Hospital immediately and may no longer participate in the combat. The Agent may not leave the Hospital until he is fully healed.			Uncommon	Duane Barry	XF97-0024v2
d282b620-bcbd-49ad-bdff-b112882b0b2b	Intruder Counter-Measures Program	x-files-ccg/02-the-truth-is-out-there/XFilesCcg-02TheTruthIsOutThere-IntruderCounterMeasuresProgram.jpg	default	Bluff	02 - The Truth is Out There	02 - The Truth is Out There	playerNDeck	1 CP	Bluff|Phenomena	Play to add 2 [CP] to your pool immediately.			Uncommon	Ghost in the Machine	XF97-0101v2
e3308963-447d-4335-87e9-55c29bb4c063	Ish-Tribal Elder	x-files-ccg/02-the-truth-is-out-there/XFilesCcg-02TheTruthIsOutThere-IshTribalElder.jpg	default	Witness	02 - The Truth is Out There	02 - The Truth is Out There	playerNDeck	2 RP	Witness|Occult Investigation	Adds 2 to one Team's OCCULT INVESTIGATION skill check.			Uncommon	Shapes	XF97-0211v2
d9ad8d6c-94fd-4c8b-92fc-e97d256b16cf	John Barnett	x-files-ccg/02-the-truth-is-out-there/XFilesCcg-02TheTruthIsOutThere-JohnBarnett.jpg	default	X-File	02 - The Truth is Out There	02 - The Truth is Out There	playerNXFile					Government	Fixed	Young At Heart	XF97-0148v2
f56cb94a-086c-4594-978c-231eaa275a68	John Barnett Links You To Mulder	x-files-ccg/02-the-truth-is-out-there/XFilesCcg-02TheTruthIsOutThere-JohnBarnettLinksYouToMulder.jpg	default	Adversary	02 - The Truth is Out There	02 - The Truth is Out There	playerNDeck	12 CP	Adversary|Government|Creature	This Adversary regenerates (Heals) two points of HEALTH at the beginning of each combat round as long as his HEALTH is not at zero.	7		Rare	Young At Heart	XF97-0355v2
efb4cbce-8b96-4a22-b6ba-62579ca38b77	Kevlar Vest	x-files-ccg/02-the-truth-is-out-there/XFilesCcg-02TheTruthIsOutThere-KevlarVest.jpg	default	Equipment	02 - The Truth is Out There	02 - The Truth is Out There	playerNDeck	3 RP	Equipment|Armor|Standard	The Kevlar Vest will absorb three points of damage. Place three tokens on this card. Discard a token to prevent one point of damage. Discard the Vest when all the tokens have been discarded. Excess damage is applied to the Agent as normal.			Uncommon	Young At Heart	XF97-0316v2
c3f93b55-bdc9-43d2-8d12-2c8b6acbea13	Kick	x-files-ccg/02-the-truth-is-out-there/XFilesCcg-02TheTruthIsOutThere-Kick.jpg	default	Combat	02 - The Truth is Out There	02 - The Truth is Out There	playerNDeck	1 *P	Combat|Martial Arts	Play on any Combatant that can use MARTIAL ARTS or any combatant opposing a stunned opponent. Add 2 to the combatant's CLOSE RANGE COMBAT damage result this round.			Common	Red Museum	XF97-0008v2
f56238b0-dce0-4e1d-8248-2fbee02dc102	Kiss Of The Vampire	x-files-ccg/02-the-truth-is-out-there/XFilesCcg-02TheTruthIsOutThere-KissOfTheVampire.jpg	default	Adversary	02 - The Truth is Out There	02 - The Truth is Out There	playerNDeck	10 CP	Adversary|Occult|Creature|Master	Play this card on a Team in the Field that plays a Witness. Discard the Witness card. The Witness actually becomes a lesser vampire that attacks the Team in conjunction with the master vampire, with a CLOSE RANGE COMBAT rating of 3 and a HEALTH rating of 3. LONG RANGE COMBAT will cause no damage to either vampire.	6		Rare	3	XF97-0354v2
f0a1ddab-2798-4aef-9f52-8a45735ec560	Knife	x-files-ccg/02-the-truth-is-out-there/XFilesCcg-02TheTruthIsOutThere-Knife.jpg	default	Equipment	02 - The Truth is Out There	02 - The Truth is Out There	playerNDeck	2 RP	Equipment|Weapon|Standard	Adds 1 to the Agent's CLOSE RANGE COMBAT skill.			Common	Die Hand Die Verletzt	XF97-0321v2
e92e3059-90fe-4607-8392-857fecc5f42d	Krycek, The Double Agent	x-files-ccg/02-the-truth-is-out-there/XFilesCcg-02TheTruthIsOutThere-KrycekTheDoubleAgent.jpg	default	Event	02 - The Truth is Out There	02 - The Truth is Out There	playerNDeck	6 CP	Event|Government|Killer	Play on Agent Krycek when he is in the Field and is involved in a skill check. Krycek engages one of the Team's Agents (opponent's choice) in Combat. No other Agents may contribute skills to the combat. If Krycek sends the chosen Agent to the Hospital within two rounds of combat, then Krycek stays on the team, otherwise he is removed from play. While Krycek is affected by this card he is considered a GOVERNMENT, MASTER Adversary. Cards that would cause Krycek to be discard simply negate the combat.			Rare	Ascension	XF97-0265v2
c9bb1738-553c-4cf2-b025-c91fd03e09a5	Lake Okobogee, Campsite #53, Sioux City, IA	x-files-ccg/02-the-truth-is-out-there/XFilesCcg-02TheTruthIsOutThere-LakeOkobogeeCampsite53SiouxCityIA.jpg	default	Site	02 - The Truth is Out There	02 - The Truth is Out There	playerNDeck	2 RP	Site|Mono|Motive|Alien Investigation				Fixed	Conduit	XF97-0049v2
e842c33e-a5a3-42be-be18-428c2c115aa8	Langly	x-files-ccg/02-the-truth-is-out-there/XFilesCcg-02TheTruthIsOutThere-Langly.jpg	default	Event	02 - The Truth is Out There	02 - The Truth is Out There	playerNDeck	2 RP	Event	Force one Bluff card attached to a Site to be discarded. If there are several Bluffs at the Site, the Bluff to be discarded must be chosen randomly.			Uncommon	E.B.E.	XF97-0254v2
eee74e28-94f5-4fb2-8d27-f396d79a78ea	Laptop Computer	x-files-ccg/02-the-truth-is-out-there/XFilesCcg-02TheTruthIsOutThere-LaptopComputer.jpg	default	Equipment	02 - The Truth is Out There	02 - The Truth is Out There	playerNDeck	4 RP	Equipment|Electrical|Special	Adds 2 to the Agent's COMPUTER skill.			Uncommon	Pilot	XF97-0311v2
d3059d6d-1b27-4223-820c-a463e2326def	Laser Barrier	x-files-ccg/02-the-truth-is-out-there/XFilesCcg-02TheTruthIsOutThere-LaserBarrier.jpg	default	Bluff	02 - The Truth is Out There	02 - The Truth is Out There	playerNDeck	2 CP	Bluff|Phenomena	Play to prevent one Agent assigned to a Site from contributing the Agent's skills to one skill check (your choice) that the Team makes this turn.			Rare	Fallen Angel	XF97-0104v2
f5bb4423-665e-4f5d-8442-9202ca812c0f	Leonard	x-files-ccg/02-the-truth-is-out-there/XFilesCcg-02TheTruthIsOutThere-Leonard.jpg	default	Adversary	02 - The Truth is Out There	02 - The Truth is Out There	playerNDeck	7 CP	Adversary|Evolutionary|Creature	This card does not initiate combat. Flip the top card of the Investigating player's Bureau Deck. If it is a Witness card, then both Leonard and the Witness card are removed from the game. If not, then keep flipping until a Witness or 10 cards have been flipped. Flipped cards are placed on the owning player's discard pile.	N/A		Rare	Humbug	XF97-0357v2
d8c615cc-7270-4f3d-abeb-0921668c68ca	Leonard Vance	x-files-ccg/02-the-truth-is-out-there/XFilesCcg-02TheTruthIsOutThere-LeonardVance.jpg	default	X-File	02 - The Truth is Out There	02 - The Truth is Out There	playerNXFile					Primordial	Fixed	Miracle Man	XF97-0143v2
dc1cff1f-efec-40bd-b0cc-a655cda2e90f	Leonard, Detachable Congenital Twin	x-files-ccg/02-the-truth-is-out-there/XFilesCcg-02TheTruthIsOutThere-LeonardDetachableCongenitalTwin.jpg	default	X-File	02 - The Truth is Out There	02 - The Truth is Out There	playerNXFile					Evolutionary	Fixed	Humbug	XF97-0158v2
f1dff211-ce43-4460-997e-f9c7847ad329	Lie Detector	x-files-ccg/02-the-truth-is-out-there/XFilesCcg-02TheTruthIsOutThere-LieDetector.jpg	default	Equipment	02 - The Truth is Out There	02 - The Truth is Out There	playerNDeck	2 RP	Equipment|Electrical|Special	Adds 1 to the Agent's BEHAVIORAL skill.			Common	Squeeze	XF97-0332v2
f65e2adb-2788-4d55-b029-9f3bbf3f50b3	Limited Choices	x-files-ccg/02-the-truth-is-out-there/XFilesCcg-02TheTruthIsOutThere-LimitedChoices.jpg	default	Bluff	02 - The Truth is Out There	02 - The Truth is Out There	playerNDeck	X CP	Bluff	Play this card to cause the Investigating player to discard X number of cards (chosen randomly) from his hand. X = [CP] cost paid.			Ultra-Rare	Paper Clip	XF97-0361v2
f48c523c-bafb-4d92-bfd8-f50a3797f874	Living Machine	x-files-ccg/02-the-truth-is-out-there/XFilesCcg-02TheTruthIsOutThere-LivingMachine.jpg	default	Adversary	02 - The Truth is Out There	02 - The Truth is Out There	playerNDeck	6 CP	Adversary|Evolutionary|Phenomena	Fight Combat as normal except skip LONG RANGE COMBAT and go straight to CLOSE RANGE COMBAT. Agents must use their COMPUTER skill as their value in CRC. If an Agent has no COMPUTER skill, his value is 1.	7		Uncommon	Ghost in the Machine	XF97-0348v2
f6f147e9-83ae-4846-b0ec-f075c8510e98	Lock Pick	x-files-ccg/02-the-truth-is-out-there/XFilesCcg-02TheTruthIsOutThere-LockPick.jpg	default	Equipment	02 - The Truth is Out There	02 - The Truth is Out There	playerNDeck	4 RP	Equipment|Mechanical	Adds 2 to the Agent's SUBTERFUGE rating.			Rare	Colony	XF97-0365v2
cfc19281-fc93-40ee-a089-09dc799fcefd	Los Angeles, CA	x-files-ccg/02-the-truth-is-out-there/XFilesCcg-02TheTruthIsOutThere-LosAngelesCA.jpg	default	Site	02 - The Truth is Out There	02 - The Truth is Out There	playerNDeck	1 RP	Site|Multi|Affiliation|Method|Occult Investigation|Evidence Collection				Rare	3	XF97-0077v2
dcdec96d-9fee-4784-b4a5-8a19e09bc366	Lt. Brian Tillman, Aubrey Police Department	x-files-ccg/02-the-truth-is-out-there/XFilesCcg-02TheTruthIsOutThere-LtBrianTillmanAubreyPoliceDepartment.jpg	default	Agent	02 - The Truth is Out There	02 - The Truth is Out There	playerNStarting	4 RP	Agent|Independent|Law		4		Fixed	Aubrey	XF97-0164v2
e38260e6-e81d-4bab-9270-bb99b52d97b0	Lt. Colonel Marcus Aurelius Belt	x-files-ccg/02-the-truth-is-out-there/XFilesCcg-02TheTruthIsOutThere-LtColonelMarcusAureliusBelt.jpg	default	Witness	02 - The Truth is Out There	02 - The Truth is Out There	playerNDeck	2 RP	Witness|Alien|Negate	Negates one ALIEN CREATURE.			Rare	Space	XF97-0213v2
d63ade76-4e39-4dc1-8436-5108130857ce	Lucas Henry, Serial Killer	x-files-ccg/02-the-truth-is-out-there/XFilesCcg-02TheTruthIsOutThere-LucasHenrySerialKiller.jpg	default	X-File	02 - The Truth is Out There	02 - The Truth is Out There	playerNXFile					Primordial	Fixed	Beyond the Sea	XF97-0125v2
ea3325be-4eeb-4d4a-8930-4cc1d9b8d78a	Lula Phillips	x-files-ccg/02-the-truth-is-out-there/XFilesCcg-02TheTruthIsOutThere-LulaPhillips.jpg	default	Event	02 - The Truth is Out There	02 - The Truth is Out There	playerNDeck	1 CP	Event	Play this card after an Adversary sends any Agent to the Hospital or removes an Agent from the game. Place five tokens in your [CP] pool.			Rare	Lazarus	XF97-0274v2
e4275dbc-5524-4a4e-a5fc-53dd925509e2	Luther Lee Boggs	x-files-ccg/02-the-truth-is-out-there/XFilesCcg-02TheTruthIsOutThere-LutherLeeBoggs.jpg	default	Witness	02 - The Truth is Out There	02 - The Truth is Out There	playerNDeck	3 RP	Witness|Occult	Play this card at anytime during your turn to examine your opponent's hand.			Rare	Beyond the Sea	XF97-0219v2
f1a21f7a-60fc-4b05-a96c-ee8685a727ab	M-16 Assault Rifle	x-files-ccg/02-the-truth-is-out-there/XFilesCcg-02TheTruthIsOutThere-M16AssaultRifle.jpg	default	Equipment	02 - The Truth is Out There	02 - The Truth is Out There	playerNDeck	4 RP	Equipment|Weapon|Special	Adds 2 to the Agent's LONG RANGE COMBAT skill. Damage may be split if there are multiple opponents (your choice).			Uncommon	Fallen Angel	XF97-0330v2
e3e9f6e1-d6a0-4f2c-9740-26acd0eccda5	Maggie Holvey	x-files-ccg/02-the-truth-is-out-there/XFilesCcg-02TheTruthIsOutThere-MaggieHolvey.jpg	default	Witness	02 - The Truth is Out There	02 - The Truth is Out There	playerNDeck	1 RP	Witness|Occult Investigation	Adds 1 to one Team's OCCULT INVESTIGATION skill check.			Common	The Calusari	XF97-0218v2
ce7fcf2b-1be0-4041-97c5-5f545b8e20bc	Mahan Propulsion Laboratory, Colson, WA	x-files-ccg/02-the-truth-is-out-there/XFilesCcg-02TheTruthIsOutThere-MahanPropulsionLaboratoryColsonWA.jpg	default	Site	02 - The Truth is Out There	02 - The Truth is Out There	playerNDeck	2 RP	Site|Mono|Motive|Computer				Common	Roland	XF97-0069v2
f8e04c51-8c02-4726-8530-20b0d04a3152	Margaret Scully	x-files-ccg/02-the-truth-is-out-there/XFilesCcg-02TheTruthIsOutThere-MargaretScully.jpg	default	Witness	02 - The Truth is Out There	02 - The Truth is Out There	playerNDeck	2 RP	Witness|Medical|Sciences	Adds one to one Team's MEDICAL or SCIENCES skill check. This card may be played for zero [RP] and treated as a +4 to the appropriate skill if Agent Dana Scully is in the Hospital or if the Witness card Melissa Scully has been removed from the game.			Ultra-Rare	Paper Clip	XF97-0383v2
cf62843b-80b8-48bf-9aaa-c3bd4d5f370b	Marion, VA	x-files-ccg/02-the-truth-is-out-there/XFilesCcg-02TheTruthIsOutThere-MarionVA.jpg	default	Site	02 - The Truth is Out There	02 - The Truth is Out There	playerNDeck	2 RP	Site|Mono|Result|Behavioral				Fixed	Duane Barry	XF97-0073v2
c853d6b5-84d1-4a7e-aa0a-b8cfd91bb9a6	Massive Internal Damage	x-files-ccg/02-the-truth-is-out-there/XFilesCcg-02TheTruthIsOutThere-MassiveInternalDamage.jpg	default	Combat	02 - The Truth is Out There	02 - The Truth is Out There	playerNDeck	8 CP	Combat|Killer	Play on any Agent that has taken four or more points of damage from a single damage source. That Agent must go to the Hospital immediately and may no longer participate in the combat. The Agent may not leave the Hospital until fully healed. Subtract 4 from the Agent's Cost. If the result is zero or less, the Agent is removed from the game. (Agents Lamana, Willis, Purdue, and Weiss are immune to this effect).			Uncommon	One Breath	XF97-0037v2
ce3a480c-8305-4eee-b175-5a52a2ba9993	Mattawa, WA	x-files-ccg/02-the-truth-is-out-there/XFilesCcg-02TheTruthIsOutThere-MattawaWA.jpg	default	Site	02 - The Truth is Out There	02 - The Truth is Out There	playerNDeck	2 RP	Site|Mono|Result|Bureaucracy				Common	E.B.E.	XF97-0068v2
e249e62a-3b12-48b2-9a20-9d6bb9297186	Max Fenig	x-files-ccg/02-the-truth-is-out-there/XFilesCcg-02TheTruthIsOutThere-MaxFenig.jpg	default	Witness	02 - The Truth is Out There	02 - The Truth is Out There	playerNDeck	3 RP	Witness|Alien Investigation	Adds 2 to one Team's ALIEN INVESTIGATION skill check. Alternately, you may play this card when one of your Agents is the target of an abduction. Max Fenig is abducted instead. Discard Max Fenig. The abduction is negated.			Rare	Fallen Angel	XF97-0204v2
ef997de6-f422-47d6-b6db-e4981328cff6	Medi-Kit	x-files-ccg/02-the-truth-is-out-there/XFilesCcg-02TheTruthIsOutThere-MediKit.jpg	default	Equipment	02 - The Truth is Out There	02 - The Truth is Out There	playerNDeck	4 RP	Equipment|Healing|Standard	An agent with MEDICAL skill may use the Medi-Kit to heal one wound on any agent in the Team once per turn. The may prevent an Agent from going to the Hospital.			Rare	Duane Barry	XF97-0315v2
e502f323-a774-4e7b-a7df-46f0c93ee67b	Medical Treatment	x-files-ccg/02-the-truth-is-out-there/XFilesCcg-02TheTruthIsOutThere-MedicalTreatment.jpg	default	Event	02 - The Truth is Out There	02 - The Truth is Out There	playerNDeck	1 RP	Event|Healing	Play on an Agent in the Hospital. The Agent heals one token of damage immediately.			Common	Colony	XF97-0228v2
f7f75637-a652-42bf-90b0-61fb41c7b8b9	Meet Brother Andrew	x-files-ccg/02-the-truth-is-out-there/XFilesCcg-02TheTruthIsOutThere-MeetBrotherAndrew.jpg	default	Event	02 - The Truth is Out There	02 - The Truth is Out There	playerNDeck	4 CP	Event|Negate	Negate any one Keyword BEHAVIORAL card.			Rare	Gender Bender	XF97-0377v2
f8e1ee7c-5f6e-4958-94fb-f06fb6b154f7	Melissa Scully	x-files-ccg/02-the-truth-is-out-there/XFilesCcg-02TheTruthIsOutThere-MelissaScully.jpg	default	Witness	02 - The Truth is Out There	02 - The Truth is Out There	playerNDeck	3 RP	Witness|Occult Investigation|Subterfuge	Adds two to one Team's OCCULT INVESTIGATION or SUBTERFUGE skill check. Alternately, play this card when Agent Dana Scully is damaged in combat. Dana Scully takes no damage and Melissa Scully is damaged instead. Remove this card from the game.			Ultra-Rare	The Blessing Way	XF97-0384v2
d7a578fa-8b07-4ff3-8b92-c487bd5c14c0	Michael Holvey, The Evil One	x-files-ccg/02-the-truth-is-out-there/XFilesCcg-02TheTruthIsOutThere-MichaelHolveyTheEvilOne.jpg	default	X-File	02 - The Truth is Out There	02 - The Truth is Out There	playerNXFile					Occult	Fixed	The Calusari	XF97-0135v2
c53650b6-3f22-4ea6-8e9c-114ac94738ee	Mind Control	x-files-ccg/02-the-truth-is-out-there/XFilesCcg-02TheTruthIsOutThere-MindControl.jpg	default	Combat	02 - The Truth is Out There	02 - The Truth is Out There	playerNDeck	4 CP	Combat|Occult|Evolutionary	Play on any OCCULT or EVOLUTIONARY Adversary to cause one Agent to allocate all damage to a target of the Adversary's choice this round (including other Agents).			Rare	Die Hand Die Verletzt	XF97-0016v2
cfdecf07-3e87-4fe1-9a66-8988d2744227	Minneapolis, MN	x-files-ccg/02-the-truth-is-out-there/XFilesCcg-02TheTruthIsOutThere-MinneapolisMN.jpg	default	Site	02 - The Truth is Out There	02 - The Truth is Out There	playerNDeck	1 RP	Site|Multi|Method|Result|Medical|Criminal Investigation				Uncommon	Irresistible	XF97-0078v2
f861778f-b34c-4003-9bf0-2947879d2db1	Misclassified Case	x-files-ccg/02-the-truth-is-out-there/XFilesCcg-02TheTruthIsOutThere-MisclassifiedCase.jpg	default	Event	02 - The Truth is Out There	02 - The Truth is Out There	playerNDeck	5 RP	Event	Play this card during the case assignment phase to prevent your opponent from playing any adversaries at this Site.			Ultra-Rare	The Host	XF97-0378v2
f1bc43a2-837e-4d87-b333-a7c17fc7624c	Mojo Bag	x-files-ccg/02-the-truth-is-out-there/XFilesCcg-02TheTruthIsOutThere-MojoBag.jpg	default	Equipment	02 - The Truth is Out There	02 - The Truth is Out There	playerNDeck	2 RP	Equipment|Mystic	Subtract one point from each damaging hit caused by an OCCULT CREATURE. In addition, OCCULT Adversaries may not play combat cards on Agents equipped with a Mojo Bag.			Uncommon	Fresh Bones	XF97-0331v2
f8cbad5c-af9f-40aa-a8d2-310e7ad40dd2	Mrs. Mulder	x-files-ccg/02-the-truth-is-out-there/XFilesCcg-02TheTruthIsOutThere-MrsMulder.jpg	default	Witness	02 - The Truth is Out There	02 - The Truth is Out There	playerNDeck	5 RP	Witness|Alien Investigation|Behavioral	Adds zero to one Team's ALIEN INVESTIGATION or BEHAVIORAL skill check. If this card is used in a successful Site investigation, the owning player may ask "Is your X-File's Affiliation Government?" in addition to the Site question for zero cost.			Ultra-Rare	The Blessing Way	XF97-0382v2
d9846afc-7a47-4c38-a8b3-dfd7b2ef1d2c	Mrs. Paddock, A.K.A. The Dark Angel	x-files-ccg/02-the-truth-is-out-there/XFilesCcg-02TheTruthIsOutThere-MrsPaddockAKATheDarkAngel.jpg	default	X-File	02 - The Truth is Out There	02 - The Truth is Out There	playerNXFile					Occult	Fixed	Die Hand Die Verletzt	XF97-0146v2
cac2cf06-b3b7-4acc-8b96-2c4fa87ed77b	Mt. Avalon, WA	x-files-ccg/02-the-truth-is-out-there/XFilesCcg-02TheTruthIsOutThere-MtAvalonWA.jpg	default	Site	02 - The Truth is Out There	02 - The Truth is Out There	playerNDeck	2 RP	Site|Mono|Method|Sciences				Common	Firewalker	XF97-0054v2
cae8e8e9-b15b-499b-90e2-8f7fae0f4ae1	NASA Mission Control, Houston, TX	x-files-ccg/02-the-truth-is-out-there/XFilesCcg-02TheTruthIsOutThere-NASAMissionControlHoustonTX.jpg	default	Site	02 - The Truth is Out There	02 - The Truth is Out There	playerNDeck	1 RP	Site|Multi|Affiliation|Result|Sciences|Observation				Rare	Space	XF97-0056v2
d30ffd7b-471f-4ce2-8eae-5bb032caa33d	Nasty Surprise	x-files-ccg/02-the-truth-is-out-there/XFilesCcg-02TheTruthIsOutThere-NastySurprise.jpg	default	Bluff	02 - The Truth is Out There	02 - The Truth is Out There	playerNDeck	3 CP	Bluff|Phenomena	Play to add five tokens to your [CP] pool.			Uncommon	Roland	XF97-0105v2
c43c2f4e-1c5b-4d7f-9d09-36d425197345	Nerve Strike	x-files-ccg/02-the-truth-is-out-there/XFilesCcg-02TheTruthIsOutThere-NerveStrike.jpg	default	Combat	02 - The Truth is Out There	02 - The Truth is Out There	playerNDeck	3 *P	Combat|Martial Arts	Play on any combatant that can use MARTIAL ARTS to add 2 to their CLOSE RANGE COMBAT skill in this round. In addition, the opponent is considered "stunned" for the next round of combat. The opponent will deal no damage in the next round of combat.			Rare	The Erlenmeyer Flask	XF97-0012v2
cb0d5dc7-62be-4319-8dd9-0d8781036dda	New York City, NY	x-files-ccg/02-the-truth-is-out-there/XFilesCcg-02TheTruthIsOutThere-NewYorkCityNY.jpg	default	Site	02 - The Truth is Out There	02 - The Truth is Out There	playerNDeck	1 RP	Site|Multi|Affiliation|Result|Medical|Behavioral				Rare	Sleepless	XF97-0057v2
c9ebf64a-360b-4fb8-9216-57bf7c17e15a	Newark, NJ	x-files-ccg/02-the-truth-is-out-there/XFilesCcg-02TheTruthIsOutThere-NewarkNJ.jpg	default	Site	02 - The Truth is Out There	02 - The Truth is Out There	playerNDeck	2 RP	Site|Mono|Method|Evidence Collection				Fixed	The Host	XF97-0050v2
ea6123a2-910b-4c95-b1bf-d0406cd1931a	No Place Is Safe	x-files-ccg/02-the-truth-is-out-there/XFilesCcg-02TheTruthIsOutThere-NoPlaceIsSafe.jpg	default	Event	02 - The Truth is Out There	02 - The Truth is Out There	playerNDeck	5 CP	Event	For the remainder of this turn, the Bureau is considered to have a single Characteristic SITE Keyword. You may choose any one Characteristic for the Keyword (i.e., RESULT SITE).			Rare	Squeeze	XF97-0275v2
c6b3fe85-6c29-42b6-8af9-91c54877e857	No Way Out	x-files-ccg/02-the-truth-is-out-there/XFilesCcg-02TheTruthIsOutThere-NoWayOut.jpg	default	Combat	02 - The Truth is Out There	02 - The Truth is Out There	playerNDeck	X *P	Combat	Play this card to negate the effects of any combat card that ends combat. The Cost of this card is equal to the Cost of the opponent's card that ended the combat or 2 *P, whichever is greater.			Uncommon	3	XF97-0026v2
cad66715-ca0f-46bf-b0d6-00f23dc4c52f	Northeast Georgetown Medical Center, Washington, DC	x-files-ccg/02-the-truth-is-out-there/XFilesCcg-02TheTruthIsOutThere-NortheastGeorgetownMedicalCenterWashingtonDC.jpg	default	Site	02 - The Truth is Out There	02 - The Truth is Out There	playerNDeck	2 RP	Site|Mono|Method|Medical				Rare	One Breath	XF97-0055v2
f73659f3-7fca-4580-953f-a4dcda66e745	Nurse Owens	x-files-ccg/02-the-truth-is-out-there/XFilesCcg-02TheTruthIsOutThere-NurseOwens.jpg	default	Event	02 - The Truth is Out There	02 - The Truth is Out There	playerNDeck	6 RP	Event	During the Briefing Phase, place one token on every Agent you control that normally starts with at least one token. This token is usable in the same way that starting tokens can be used.			Ultra-Rare	One Breath	XF97-0367v2
c9817efb-77be-449c-8432-8ff8788a6961	Olympic National Forest, WA	x-files-ccg/02-the-truth-is-out-there/XFilesCcg-02TheTruthIsOutThere-OlympicNationalForestWA.jpg	default	Site	02 - The Truth is Out There	02 - The Truth is Out There	playerNDeck	2 RP	Site|Mono|Result|Evidence Collection				Common	Darkness Falls	XF97-0047v2
f74699fb-26b8-4156-83eb-1a87d66a372d	One Breath	x-files-ccg/02-the-truth-is-out-there/XFilesCcg-02TheTruthIsOutThere-OneBreath.jpg	default	Event	02 - The Truth is Out There	02 - The Truth is Out There	playerNDeck	4 *P	Event	Play this card to search through your Bureau Deck and add any one Event card to your hand. Show your opponent which card you have added. Shuffle your deck.			Ultra-Rare	One Breath	XF97-0368v2
f4cf3b2e-a724-453f-9a97-108df3341334	Operation Falcon Blue Berets	x-files-ccg/02-the-truth-is-out-there/XFilesCcg-02TheTruthIsOutThere-OperationFalconBlueBerets.jpg	default	Adversary	02 - The Truth is Out There	02 - The Truth is Out There	playerNDeck	7 CP	Adversary|Government|Pawn|Creature	Damage caused by this creature may be split among all opponents (Directed Player's choice). The Blue Berets may use MARTIAL ARTS Combat cards.	8		Rare	Fallen Angel	XF97-0349v2
d0203f74-6b46-4510-a363-1a77248ff1a4	Outskirts Of Atlantic City, NJ	x-files-ccg/02-the-truth-is-out-there/XFilesCcg-02TheTruthIsOutThere-OutskirtsOfAtlanticCityNJ.jpg	default	Site	02 - The Truth is Out There	02 - The Truth is Out There	playerNDeck	1 RP	Site|Multi|Affiliation|Motive|Subterfuge|Observation				Uncommon	The Jersey Devil	XF97-0082v2
e857e7c3-a9b4-4928-b7bb-dd769f8b4712	Paperwork	x-files-ccg/02-the-truth-is-out-there/XFilesCcg-02TheTruthIsOutThere-Paperwork.jpg	default	Event	02 - The Truth is Out There	02 - The Truth is Out There	playerNDeck	4 CP	Event|Criminal Investigation	Force an opponent Team to make a CRIMINAL INVESTIGATION 5+ skill check or they will be unable to add their skills to a Site skill check this turn.			Fixed	Conduit	XF97-0256v2
d280e276-8a81-428c-809d-0dd155294120	Paul Mossinger	x-files-ccg/02-the-truth-is-out-there/XFilesCcg-02TheTruthIsOutThere-PaulMossinger.jpg	default	Bluff	02 - The Truth is Out There	02 - The Truth is Out There	playerNDeck	X CP	Bluff|Government	Basic Game Only: Apply a -2 modifier to any one skill check involving one of the following skills: ALIEN INVESTIGATION, OBSERVATION, SUBTERFUGE.Advanced Game: Pay the listed [CP] Cost, where X = the number of [CP] paid to gain the desired modifier to one of the following skills: ALIEN INVESTIGATION, OBSERVATION, SUBTERFUGE. (1) = -1, (3) = -2, (5) = -3, (9) = -4.			Common	Deep Throat	XF97-0100v2
d1e36554-2211-44b0-9d59-1358b351f1ee	Pete Calcagni	x-files-ccg/02-the-truth-is-out-there/XFilesCcg-02TheTruthIsOutThere-PeteCalcagni.jpg	default	Bluff	02 - The Truth is Out There	02 - The Truth is Out There	playerNDeck	2 CP	Bluff|Occult|Resource	Play to force your opponent to discard one Witness RESOURCE immediately.			Uncommon	Die Hand Die Verletzt	XF97-0096v2
d151de77-5b69-4ae9-bd08-c55333a01f89	Peter Tanaka	x-files-ccg/02-the-truth-is-out-there/XFilesCcg-02TheTruthIsOutThere-PeterTanaka.jpg	default	Bluff	02 - The Truth is Out There	02 - The Truth is Out There	playerNDeck	3 CP	Bluff|Primordial	Play to change the Site Prerequisite to OBSERVATION 3+.			Uncommon	Firewalker	XF97-0089v2
f4deee0d-761e-4e53-bbd0-f9a46eaab3ab	Pheromone-Induced Psychosis	x-files-ccg/02-the-truth-is-out-there/XFilesCcg-02TheTruthIsOutThere-PheromoneInducedPsychosis.jpg	default	Adversary	02 - The Truth is Out There	02 - The Truth is Out There	playerNDeck	3 CP	Adversary|Government|Phenomena	Play this card on a Team in the Field that plays a Witness. The Witness card is discarded and the Team is attacked! The Creature's LONG RANGE COMBAT and CLOSE RANGE COMBAT are equal to the Witness's modifier. If the Witness has no modifier, treat the Witness as a +3.	3		Uncommon	Blood	XF97-0350v2
d2fe5c30-5b95-4c3c-9e65-4fd836ee8686	Poisonous Gases	x-files-ccg/02-the-truth-is-out-there/XFilesCcg-02TheTruthIsOutThere-PoisonousGases.jpg	default	Bluff	02 - The Truth is Out There	02 - The Truth is Out There	playerNDeck	3 CP	Bluff|Phenomena|Primordial	Force an opposing Team to make a SCIENCES 4+ skill check. If they fail, each Agent takes one point of damage. If one of the Agents has a "Gas Chromatograph", then this card has no effect.			Common	The Erlenmeyer Flask	XF97-0103v2
f55afa57-4bb6-418f-aaa5-a0a63cc68874	Poltergeist Attack	x-files-ccg/02-the-truth-is-out-there/XFilesCcg-02TheTruthIsOutThere-PoltergeistAttack.jpg	default	Adversary	02 - The Truth is Out There	02 - The Truth is Out There	playerNDeck	3 CP	Adversary|Occult|Creature|Phenomena	The Poltergeist is unaffected by Combat attacks. It will attack for only one LONG RANGE COMBAT and one CLOSE RANGE COMBAT round and then is discarded.	2		Fixed	Shadows	XF97-0353v2
cf012299-befb-4f0d-81f2-e98cf31b1d40	Psychiatric Hospital, Richmond, VA	x-files-ccg/02-the-truth-is-out-there/XFilesCcg-02TheTruthIsOutThere-PsychiatricHospitalRichmondVA.jpg	default	Site	02 - The Truth is Out There	02 - The Truth is Out There	playerNDeck	2 RP	Site|Mono|Method|Computer				Common	Soft Light	XF97-0071v2
d3d4627a-2b2f-49ad-b1b1-6c8809311169	Puzzles Within Puzzles	x-files-ccg/02-the-truth-is-out-there/XFilesCcg-02TheTruthIsOutThere-PuzzlesWithinPuzzles.jpg	default	Bluff	02 - The Truth is Out There	02 - The Truth is Out There	playerNDeck	2 CP	Bluff|Phenomena	Play to negate one Keyword CRIMINAL INVESTIGATION card.			Uncommon	One Breath	XF97-0111v2
f36e4ce7-cd44-45f6-981e-ca77032f1160	Pvt. McAlpin, Zombie	x-files-ccg/02-the-truth-is-out-there/XFilesCcg-02TheTruthIsOutThere-PvtMcAlpinZombie.jpg	default	Adversary	02 - The Truth is Out There	02 - The Truth is Out There	playerNDeck	6 CP	Adversary|Occult|Creature|Pawn	LONG RANGE COMBAT attacks cause only half damage (round up) to the Zombie.	6		Common	Fresh Bones	XF97-0339v2
d37eab35-93a2-4e0f-b39c-321a438e4a13	Radioactive Area	x-files-ccg/02-the-truth-is-out-there/XFilesCcg-02TheTruthIsOutThere-RadioactiveArea.jpg	default	Bluff	02 - The Truth is Out There	02 - The Truth is Out There	playerNDeck	3 CP	Bluff|Phenomena	Increase a Site Prerequisite by one point (i.e., Prerequisite: Skill 5+ becomes Skill 6+). In addition, if the Team fails the skill check, each Agent on the Team takes one point of damage. If one of the Agents has a "Geiger Counter", this card has no effect.			Uncommon	Fallen Angel	XF97-0107v2
e7ee106f-754b-4db6-816e-957eeaff221a	Reading The Signs	x-files-ccg/02-the-truth-is-out-there/XFilesCcg-02TheTruthIsOutThere-ReadingTheSigns.jpg	default	Event	02 - The Truth is Out There	02 - The Truth is Out There	playerNDeck	0 RP	Event|Occult Investigation	Play on any Team in the Field. If the Team makes an OCCULT INVESTIGATION 4+ skill check, they may take 2 [CP] from their opponent's Conspiracy Pool and add them to their Resource Pool.			Uncommon	Fresh Bones	XF97-0249v2
e601883c-8ac1-4ad2-97b1-f94351b692cd	Red Tape	x-files-ccg/02-the-truth-is-out-there/XFilesCcg-02TheTruthIsOutThere-RedTape.jpg	default	Event	02 - The Truth is Out There	02 - The Truth is Out There	playerNDeck	3 CP	Event|Bureaucracy	Play during the Briefing Phase to prevent one opponent from drawing any cards during the remainder of this turn.			Rare	The Host	XF97-0234v2
ec040b38-f519-49d2-bf18-60850da44107	Rejuvenating Caves	x-files-ccg/02-the-truth-is-out-there/XFilesCcg-02TheTruthIsOutThere-RejuvenatingCaves.jpg	default	Event	02 - The Truth is Out There	02 - The Truth is Out There	playerNDeck	2 CP	Event|Resource	Play this card next to the X-File you have chosen. Place ten tokens on this card. Beginning on your opponent's next turn you may take up to two tokens from this card and place them in your [CP] pool. The tokens become [CP] tokens. When all counters have been removed, discard this card.			Uncommon	Gender Bender	XF97-0289v2
eb386ef8-20d3-4939-9a31-304e4bd88468	Relentless Pursuit	x-files-ccg/02-the-truth-is-out-there/XFilesCcg-02TheTruthIsOutThere-RelentlessPursuit.jpg	default	Event	02 - The Truth is Out There	02 - The Truth is Out There	playerNDeck	X RP	Event	Play to prevent the opposing player from drawing cards after the player has paid, but before the cards are drawn. X = The number of cards that the opposing player has paid to draw.			Common	Gender Bender	XF97-0283v2
c3953a71-f058-47ee-8918-4f2a88b260c5	Rending Claws	x-files-ccg/02-the-truth-is-out-there/XFilesCcg-02TheTruthIsOutThere-RendingClaws.jpg	default	Combat	02 - The Truth is Out There	02 - The Truth is Out There	playerNDeck	0 CP	Combat|Primordial|Occult	Play on any PRIMORDIAL or OCCULT Adversary to add 1 to their CLOSE RANGE COMBAT skill.			Uncommon	Shapes	XF97-0004v2
e45ac234-b035-49f3-9586-182ec6ed1964	Reporters At The Crime Scene	x-files-ccg/02-the-truth-is-out-there/XFilesCcg-02TheTruthIsOutThere-ReportersAtTheCrimeScene.jpg	default	Event	02 - The Truth is Out There	02 - The Truth is Out There	playerNDeck	1 CP	Event|Question	Play when one player has just asked a Characteristic question and you were not the Directed player. If the player achieved the prerequisite skill number exactly, then he must tell all opponents the answer to the Characteristic question.			Uncommon	Fallen Angel	XF97-0224v2
db42c4de-1a4d-43ab-8928-cc8452a7ad88	Reverse Engineers	x-files-ccg/02-the-truth-is-out-there/XFilesCcg-02TheTruthIsOutThere-ReverseEngineers.jpg	default	X-File	02 - The Truth is Out There	02 - The Truth is Out There	playerNXFile					Government	Fixed	Deep Throat	XF97-0156v2
ed75b9b2-65ef-4800-9cc3-e9073b32832c	Road Hazard	x-files-ccg/02-the-truth-is-out-there/XFilesCcg-02TheTruthIsOutThere-RoadHazard.jpg	default	Event	02 - The Truth is Out There	02 - The Truth is Out There	playerNDeck	1 CP	Event|Negate	Negate one card with the Keyword MOVE.			Fixed	Ascension	XF97-0306v2
e4fb9f37-9eab-40da-9384-42271d34bc52	Road Trip	x-files-ccg/02-the-truth-is-out-there/XFilesCcg-02TheTruthIsOutThere-RoadTrip.jpg	default	Event	02 - The Truth is Out There	02 - The Truth is Out There	playerNDeck	1 RP	Event|Move|Criminal Investigation	Play on a Team in the Field during the Deployment Phase. If the Team makes a CRIMINAL INVESTIGATION 6+ skill check they may investigate two Sites this turn. Resolve each Site individually.			Rare	Ascension	XF97-0226v2
c7d14bfb-d569-410d-9642-f07f7c56f4ae	Run For It!	x-files-ccg/02-the-truth-is-out-there/XFilesCcg-02TheTruthIsOutThere-RunForIt.jpg	default	Combat	02 - The Truth is Out There	02 - The Truth is Out There	playerNDeck	2 RP	Combat	Play this card on any Agent to immediately end combat for that Agent. Finish the combat without the Agent. The Agent takes no damage from the combat and may still contribute his skills to other skill checks.			Uncommon	The Erlenmeyer Flask	XF97-0034v2
c5d2a980-94b1-4391-a783-ce73ae6ef0ac	Running Gun Battle	x-files-ccg/02-the-truth-is-out-there/XFilesCcg-02TheTruthIsOutThere-RunningGunBattle.jpg	default	Combat	02 - The Truth is Out There	02 - The Truth is Out There	playerNDeck	3 *P	Combat	Combatants with a LONG RANGE COMBAT skill of 3+ may use this card to fight one additional round of LRC immediately.			Uncommon	One Breath	XF97-0022v2
e60f4924-de71-4671-ab9a-48bb9154ef70	S.W.A.T. Training	x-files-ccg/02-the-truth-is-out-there/XFilesCcg-02TheTruthIsOutThere-SWATTraining.jpg	default	Event	02 - The Truth is Out There	02 - The Truth is Out There	playerNDeck	2 RP	Event|Training	Play on an Agent in the Bureau. The Agent is taken out of play for one full turn. At the start of the Briefing Phase of the second turn, the Agent may be deployed as normal and in addition has a +1 in one of the following skills: LRC, CRC or the ability to use MARTIAL ARTS Combat cards. Place this card below the Agent to remind you of the increased skill.			Common	The Jersey Devil	XF97-0235v2
e81eb57a-359a-4368-ad57-a9719c8e5081	Safe House	x-files-ccg/02-the-truth-is-out-there/XFilesCcg-02TheTruthIsOutThere-SafeHouse.jpg	default	Event	02 - The Truth is Out There	02 - The Truth is Out There	playerNDeck	3 RP	Event	Play on any Witness with a skill modifier to permanently add the Keywords EVENT and RESOURCE to the Witness. Thus, the Witness acts as an EVENT, RESOURCE card and remains in play. Place this card below the Witness to remind you of the effect.			Rare	Red Museum	XF97-0252v2
e23034fd-1efe-4a6d-8a27-dea889831c94	Samantha Mulder	x-files-ccg/02-the-truth-is-out-there/XFilesCcg-02TheTruthIsOutThere-SamanthaMulder.jpg	default	Witness	02 - The Truth is Out There	02 - The Truth is Out There	playerNDeck	2 RP	Witness|Subterfuge|Resource	Adds 1 to one Team's SUBTERFUGE skill check once per turn. You may have any number of Samantha Mulder cards in play.			Rare	Colony	XF97-0203v2
ee324f67-11cb-4f51-a6b7-4a14638d8be6	Samuel Hartley	x-files-ccg/02-the-truth-is-out-there/XFilesCcg-02TheTruthIsOutThere-SamuelHartley.jpg	default	Event	02 - The Truth is Out There	02 - The Truth is Out There	playerNDeck	2 RP	Event|Occult|Killer	Play on a Team in the Field that has just had an Agent removed from the game this turn. Make an OCCULT INVESTIGATION skill check of 4+. If successful, the Agent remains in play.			Rare	Miracle Man	XF97-0308v2
cfade120-f11a-4c98-8e94-117aa714d09c	Sea Off Tildeskan, Norway	x-files-ccg/02-the-truth-is-out-there/XFilesCcg-02TheTruthIsOutThere-SeaOffTildeskanNorway.jpg	default	Site	02 - The Truth is Out There	02 - The Truth is Out There	playerNDeck	2 RP	Site|Mono|Result|Observation				Uncommon	Død Kalm	XF97-0075v2
dc6ad493-4148-40dc-8862-1078d61db1ef	Section Chief Scott Blevins	x-files-ccg/02-the-truth-is-out-there/XFilesCcg-02TheTruthIsOutThere-SectionChiefScottBlevins.jpg	default	Agent	02 - The Truth is Out There	02 - The Truth is Out There	playerNStarting	4 RP	Agent|FBI|Law|Neutral|Believer		3		Fixed	Pilot	XF97-0160v2
f7c564ca-72d9-49be-809c-a16d1a6b96c7	Security Clearance	x-files-ccg/02-the-truth-is-out-there/XFilesCcg-02TheTruthIsOutThere-SecurityClearance.jpg	default	Event	02 - The Truth is Out There	02 - The Truth is Out There	playerNDeck	4 CP	Event|Negate	Negate any one Keyword SUBTERFUGE card.			Rare	The Erlenmeyer Flask	XF97-0374v2
c86e94ea-a6fe-4f1d-b799-a447acbfd0cf	Semi-Jacketed Hollow Points	x-files-ccg/02-the-truth-is-out-there/XFilesCcg-02TheTruthIsOutThere-SemiJacketedHollowPoints.jpg	default	Combat	02 - The Truth is Out There	02 - The Truth is Out There	playerNDeck	2 *P	Combat	Play this card on any combatant in a LONG RANGE COMBAT round to add 2 points to that combatant's LRC skill.			Uncommon	Anasazi	XF97-0038v2
e4481d81-1259-48d1-9434-37c5cc1374bf	Senator Richard Matheson	x-files-ccg/02-the-truth-is-out-there/XFilesCcg-02TheTruthIsOutThere-SenatorRichardMatheson.jpg	default	Witness	02 - The Truth is Out There	02 - The Truth is Out There	playerNDeck	3 RP	Witness|Bureaucracy|Resource	Place three tokens on this card. Discard a token to add 2 to one Team's BUREAUCRACY skill check. You may discard a token once per turn. Discard this resource when all tokens have been discarded.			Rare	Little Green Men	XF97-0220v2
d1862e47-8b7c-4841-bf18-a554f358ea2c	Sheriff Daniels	x-files-ccg/02-the-truth-is-out-there/XFilesCcg-02TheTruthIsOutThere-SheriffDaniels.jpg	default	Bluff	02 - The Truth is Out There	02 - The Truth is Out There	playerNDeck	3 CP	Bluff|Primordial|Subterfuge	Play to change a Site Prerequisite to SUBTERFUGE 3+.			Uncommon	Miracle Man	XF97-0092v2
e366255d-af02-4b1b-a568-341e8cbcb6ec	Sheriff Mazeroski	x-files-ccg/02-the-truth-is-out-there/XFilesCcg-02TheTruthIsOutThere-SheriffMazeroski.jpg	default	Witness	02 - The Truth is Out There	02 - The Truth is Out There	playerNDeck	2 RP	Witness|Alien|Negate	Negates one GOVERNMENT PAWN			Rare	Red Museum	XF97-0212v2
e04e3428-c588-4c41-af19-146a63e96f54	Sheriff Spencer	x-files-ccg/02-the-truth-is-out-there/XFilesCcg-02TheTruthIsOutThere-SheriffSpencer.jpg	default	Witness	02 - The Truth is Out There	02 - The Truth is Out There	playerNDeck	1 RP	Witness|Criminal Investigation	Adds 1 to one Team's CRIMINAL INVESTIGATION skill check.			Fixed	Blood	XF97-0184v2
d73c5cee-7347-4acf-8a9a-38dc6301c824	Sheriff Tom Arens, Cannibal	x-files-ccg/02-the-truth-is-out-there/XFilesCcg-02TheTruthIsOutThere-SheriffTomArensCannibal.jpg	default	X-File	02 - The Truth is Out There	02 - The Truth is Out There	playerNXFile					Primordial	Fixed	Our Town	XF97-0131v2
f17f3a3a-38f9-4dda-93cc-02ed549ccbd3	Shotgun	x-files-ccg/02-the-truth-is-out-there/XFilesCcg-02TheTruthIsOutThere-Shotgun.jpg	default	Equipment	02 - The Truth is Out There	02 - The Truth is Out There	playerNDeck	6 RP	Equipment|Weapon|Standard	Adds 3 to the Agent's LONG RANGE COMBAT skill once per combat. Damage may be split if there are multiple opponents (your choice).			Rare	Shapes	XF97-0329v2
e4555422-a255-4f52-bc70-56d05d5436bd	Shutting Down The X-Files	x-files-ccg/02-the-truth-is-out-there/XFilesCcg-02TheTruthIsOutThere-ShuttingDownTheXFiles.jpg	default	Event	02 - The Truth is Out There	02 - The Truth is Out There	playerNDeck	3 CP	Event|Move|Government	Play on any Team containing Agent Fox Mulder and/or Agent Dana Scully. Mulder must immediately be moved to the Bureau. Scully must immediately be moved to the Hospital (undamaged). Neither my contribute their skills to skill checks this turn.			Rare	3	XF97-0223v2
d0e99d7c-3d03-437d-a7f1-9676ea66d288	Sinus Cavity Implant	x-files-ccg/02-the-truth-is-out-there/XFilesCcg-02TheTruthIsOutThere-SinusCavityImplant.jpg	default	Bluff	02 - The Truth is Out There	02 - The Truth is Out There	playerNDeck	1 CP	Bluff|Conspiracy|Alien|Phenomena	Play on one Agent to decrease the Agent's RES value by one. This card is removed when a Healing card is played on the Agent.			Uncommon	Pilot	XF97-0088v2
e1ea46d3-b08c-4f47-aacd-8b7bb7b5bd36	Sir Malcolm Marsden	x-files-ccg/02-the-truth-is-out-there/XFilesCcg-02TheTruthIsOutThere-SirMalcolmMarsden.jpg	default	Witness	02 - The Truth is Out There	02 - The Truth is Out There	playerNDeck	1 RP	Witness|Bureaucracy	Adds 1 to one Team's BUREAUCRACY skill check.			Common	Fire	XF97-0202v2
e80ea2e8-ec82-4a3e-acb2-2fbb4cced2ee	Skinner Adopts The Company Line	x-files-ccg/02-the-truth-is-out-there/XFilesCcg-02TheTruthIsOutThere-SkinnerAdoptsTheCompanyLine.jpg	default	Event	02 - The Truth is Out There	02 - The Truth is Out There	playerNDeck	2 CP	Event|Move|Government	Play whenever Assistant Director Walter Skinner is involved in a skill check. Skinner must go back to the Bureau (if he is not already there) and may not contribute his skills to any skill check this turn.			Rare	Tooms	XF97-0251v2
d0a1186b-9888-4476-a32b-4ccfaa38643f	Skyland Mountain, VA	x-files-ccg/02-the-truth-is-out-there/XFilesCcg-02TheTruthIsOutThere-SkylandMountainVA.jpg	default	Site	02 - The Truth is Out There	02 - The Truth is Out There	playerNDeck	2 RP	Site|Mono|Method|Subterfuge				Uncommon	Ascension	XF97-0085v2
f257ef3e-46fd-4491-a954-0467305a042b	Slithers In The Night	x-files-ccg/02-the-truth-is-out-there/XFilesCcg-02TheTruthIsOutThere-SlithersInTheNight.jpg	default	Adversary	02 - The Truth is Out There	02 - The Truth is Out There	playerNDeck	4 CP	Adversary|Occult|Creature|Pawn		6		Common	Die Hand Die Verletzt	XF97-0333v2
e8b87099-25cc-487a-b46f-6ac18ae92899	Smoke Screen	x-files-ccg/02-the-truth-is-out-there/XFilesCcg-02TheTruthIsOutThere-SmokeScreen.jpg	default	Event	02 - The Truth is Out There	02 - The Truth is Out There	playerNDeck	1 RP	Event|Bureaucracy|Resource	Play on a Team in the Bureau. If the Team makes a BUREAUCRACY 4+ skill check then designate a Team in the Field. As long as no new members are added to that Team, GOVERNMENT Adversaries may not attack that Team. This card remains in effect until a new Agent is added to the Team.			Uncommon	Tooms	XF97-0260v2
c3c9a16d-e116-4a85-9d99-d97b241a522f	Sneak Attack	x-files-ccg/02-the-truth-is-out-there/XFilesCcg-02TheTruthIsOutThere-SneakAttack.jpg	default	Combat	02 - The Truth is Out There	02 - The Truth is Out There	playerNDeck	3 CP	Combat|Evolutionary	Play on any EVOLUTIONARY Adversary to allow it to deal all of its damage in the round before its opponents. Any opponents sent to the Hospital as a result of this damage do not cause damage this round.			Rare	Tooms	XF97-0006v2
c4d68065-cd9c-43b3-abd9-1566d57c8ecb	Spin Kick	x-files-ccg/02-the-truth-is-out-there/XFilesCcg-02TheTruthIsOutThere-SpinKick.jpg	default	Combat	02 - The Truth is Out There	02 - The Truth is Out There	playerNDeck	3 *P	Combat|Martial Arts	Combatants that can use MARTIAL ARTS may play this card to add 3 to their CLOSE RANGE COMBAT skill this round.			Rare	Gender Bender	XF97-0015v2
f627a638-dc10-4e8e-ba09-5be6a7dd58f4	Spirit Of The Amaru	x-files-ccg/02-the-truth-is-out-there/XFilesCcg-02TheTruthIsOutThere-SpiritOfTheAmaru.jpg	default	Adversary	02 - The Truth is Out There	02 - The Truth is Out There	playerNDeck	6 CP	Adversary|Occult|Creature|Master	Count the number of Adversary cards in the opposing Teams' discard pile. The Amarus Spirits' CLOSE RANGE COMBAT, LONG RANGE COMBAT, and HEALTH are equal to the number of Adversary cards in the discard pile.	Special		Ultra-Rare	Teso dos Bichos	XF97-0360v2
e99519b0-dbe8-4404-9f30-92baeeb20d33	Spying Mission	x-files-ccg/02-the-truth-is-out-there/XFilesCcg-02TheTruthIsOutThere-SpyingMission.jpg	default	Event	02 - The Truth is Out There	02 - The Truth is Out There	playerNDeck	2 RP	Event|Negate|Subterfuge	Play on any Team. If the Team makes a SUBTERFUGE 4+ skill check, it may use this card to immediately negate any one card that requires them to make a non-combat skill check.			Uncommon	Fallen Angel	XF97-0266v2
f3e9d0e5-cc87-43ce-a424-ab9635ab301a	Squeeze	x-files-ccg/02-the-truth-is-out-there/XFilesCcg-02TheTruthIsOutThere-Squeeze.jpg	default	Adversary	02 - The Truth is Out There	02 - The Truth is Out There	playerNDeck	3 CP	Adversary|Evolutionary|Creature	The LONG RANGE COMBAT round is skipped.	5		Uncommon	Squeeze	XF97-0343v2
d0866756-89c4-4ead-a46d-54d0c1c2a8f4	Steveston, MA	x-files-ccg/02-the-truth-is-out-there/XFilesCcg-02TheTruthIsOutThere-StevestonMA.jpg	default	Site	02 - The Truth is Out There	02 - The Truth is Out There	playerNDeck	2 RP	Site|Mono|Result|Behavioral				Uncommon	Gender Bender	XF97-0084v2
e5c4abc6-5591-49d8-baa7-16f49f395289	Street Contacts	x-files-ccg/02-the-truth-is-out-there/XFilesCcg-02TheTruthIsOutThere-StreetContacts.jpg	default	Event	02 - The Truth is Out There	02 - The Truth is Out There	playerNDeck	1 RP	Event|Criminal Investigation	Search through your Bureau Deck and place any one Witness card in your hand. Show the Witness to your opponents. Shuffle the Bureau Deck.			Uncommon	One Breath	XF97-0232v2
c88f6c4f-f272-4151-8dbf-5e26a9733ee0	Stunning Blow	x-files-ccg/02-the-truth-is-out-there/XFilesCcg-02TheTruthIsOutThere-StunningBlow.jpg	default	Combat	02 - The Truth is Out There	02 - The Truth is Out There	playerNDeck	2 *P	Combat	Play this on any opponent who has just taken damage. The opponent is considered "stunned" for the next round of combat. This opponent will deal no damage in the next round of combat.			Uncommon	The Erlenmeyer Flask	XF97-0039v2
e45542ee-611d-4b2f-b81d-be6d13e204ac	Successful Diagnosis	x-files-ccg/02-the-truth-is-out-there/XFilesCcg-02TheTruthIsOutThere-SuccessfulDiagnosis.jpg	default	Event	02 - The Truth is Out There	02 - The Truth is Out There	playerNDeck	2 RP	Event|Healing	Place on a Team in the Hospital containing an injured Agent. The Agent heals 2 damage immediately.			Uncommon	Darkness Falls	XF97-0221v2
f45d53c5-c2c1-4011-a581-2a86df11545f	Suppressed Fury	x-files-ccg/02-the-truth-is-out-there/XFilesCcg-02TheTruthIsOutThere-SuppressedFury.jpg	default	Adversary	02 - The Truth is Out There	02 - The Truth is Out There	playerNDeck	5 CP	Adversary|Primordial|Creature	Regardless of how much damage is done to this creature in the LONG RANGE COMBAT round, it will attack in the CLOSE RANGE COMBAT round. If its HEALTH has been exceeded, it is removed at the end of the CRC round.	9		Common	Beyond the Sea	XF97-0347v2
e72310a5-3ebd-487e-a918-7bf5a2588853	Surfing The Net	x-files-ccg/02-the-truth-is-out-there/XFilesCcg-02TheTruthIsOutThere-SurfingTheNet.jpg	default	Event	02 - The Truth is Out There	02 - The Truth is Out There	playerNDeck	2 RP	Event|Computer	Have a Team make a COMPUTER 4+ skill check. If successful, draw three cards from your chosen opponent's Bureau deck and choose one to place in your Bureau Section face down. Place the other two cards back on top of your opponent's Bureau Deck in any order. You may use the chosen card when appropriate but you must pay the cost. Return the card to its owner's Discard Pile after it has been used. Leave this card on top of the card you've taken from your opponent to remind you that the card you took is considered an EVENT, RESOURCE.			Rare	Colony	XF97-0240v2
e8862d0c-c128-47f1-87a8-baa7fbb66033	Suspect Description	x-files-ccg/02-the-truth-is-out-there/XFilesCcg-02TheTruthIsOutThere-SuspectDescription.jpg	default	Event	02 - The Truth is Out There	02 - The Truth is Out There	playerNDeck	2 RP	Event|Criminal Investigation	Play on a Team that fails a Site skill check when combat was involved. If the Team makes a CRIMINAL INVESTIGATION 3+ skill check, place the Site in the Bureau. At the start of your Briefing Phase, you may place the Site into your hand.			Common	Young At Heart	XF97-0259v2
f165eda8-c058-4f27-be3e-6dfa91a1467d	Symbol Of Faith	x-files-ccg/02-the-truth-is-out-there/XFilesCcg-02TheTruthIsOutThere-SymbolOfFaith.jpg	default	Equipment	02 - The Truth is Out There	02 - The Truth is Out There	playerNDeck	3 RP	Equipment|Mystic	OCCULT Adversaries may not assign damage to this Agent unless there are no other eligible targets. If the Agent is the only eligible target then the damage from OCCULT Adversaries is halved.			Rare	One Breath	XF97-0327v2
c89b1802-c9cb-4f00-9aa3-d718a5739be8	Take Cover!	x-files-ccg/02-the-truth-is-out-there/XFilesCcg-02TheTruthIsOutThere-TakeCover.jpg	default	Combat	02 - The Truth is Out There	02 - The Truth is Out There	playerNDeck	2 *P	Combat	Play this card on any combatant to decrease damage from one LONG RANGE COMBAT source by two points this round.			Uncommon	Blood	XF97-0040v2
f74f578c-5ce9-44c3-8b69-4f1bdef92d2b	Taking Chances	x-files-ccg/02-the-truth-is-out-there/XFilesCcg-02TheTruthIsOutThere-TakingChances.jpg	default	Event	02 - The Truth is Out There	02 - The Truth is Out There	playerNDeck	4 CP	Event	Play this card to search through your Bureau Deck and add any one Adversary card to your hand. Show your opponent which card you have added. Shuffle your deck.			Rare	Darkness Falls	XF97-0369v2
f0aa0b11-98a9-438a-aef8-9eb27f7f013e	Taped Intelligence	x-files-ccg/02-the-truth-is-out-there/XFilesCcg-02TheTruthIsOutThere-TapedIntelligence.jpg	default	Equipment	02 - The Truth is Out There	02 - The Truth is Out There	playerNDeck	4 RP	Equipment|Electrical|Special	Adds 2 to the Agent's BUREAUCRACY skill. GOVERNMENT Adversaries may now attack the Agent's Team when investigating a Site, even when they would otherwise be barred from doing so.			Rare	Anasazi	XF97-0322v2
c7db177d-a35d-484d-a3be-102f69bee31e	Terminal Damage	x-files-ccg/02-the-truth-is-out-there/XFilesCcg-02TheTruthIsOutThere-TerminalDamage.jpg	default	Combat	02 - The Truth is Out There	02 - The Truth is Out There	playerNDeck	10 CP	Combat|Killer	Play on any Agent that has taken 5 or more damage from a single damage source. That Agent must go to the Hospital immediately and may no longer participate in the combat. The Agent cannot leave the Hospital until fully healed. Subtract 5 from the Agent's Cost. If the Cost is zero or less, the Agent is removed from the game. (Agents Lamana, Willis, Purdue and Weiss are immune to this effect.)			Rare	Die Hand Die Verletzt	XF97-0035v2
e1b9b8ae-94cd-4424-a7d6-faf2da55046a	The Calusari	x-files-ccg/02-the-truth-is-out-there/XFilesCcg-02TheTruthIsOutThere-TheCalusari.jpg	default	Witness	02 - The Truth is Out There	02 - The Truth is Out There	playerNDeck	2 RP	Witness|Negate|Occult	Negates one OCCULT CREATURE.			Rare	The Calusari	XF97-0197v2
d50dc3d3-58ac-49cc-b1a6-87cb85b5670a	The Cigarette-Smoking Man	x-files-ccg/02-the-truth-is-out-there/XFilesCcg-02TheTruthIsOutThere-TheCigaretteSmokingMan.jpg	default	X-File	02 - The Truth is Out There	02 - The Truth is Out There	playerNXFile					Government	Fixed		XF97-0121v2
e5826206-00b6-4f53-98d5-fc128f75e227	The Cigarette-Smoking Man Strikes	x-files-ccg/02-the-truth-is-out-there/XFilesCcg-02TheTruthIsOutThere-TheCigaretteSmokingManStrikes.jpg	default	Event	02 - The Truth is Out There	02 - The Truth is Out There	playerNDeck	5 CP	Event	Change any Keyword to any other Keyword on a card played by your opponent. This effect lasts until the end of the turn.			Rare	Anasazi	XF97-0230v2
d23c6d20-7f29-46d4-a801-14928785d541	The Conundrum	x-files-ccg/02-the-truth-is-out-there/XFilesCcg-02TheTruthIsOutThere-TheConundrum.jpg	default	Bluff	02 - The Truth is Out There	02 - The Truth is Out There	playerNDeck	3 CP	Bluff|Phenomena|Evolutionary	Play to negate one Keyword EVIDENCE COLLECTION card.			Uncommon	Humbug	XF97-0099v2
f6003854-8f55-47c7-b1ac-fd4242c78011	The Evil One	x-files-ccg/02-the-truth-is-out-there/XFilesCcg-02TheTruthIsOutThere-TheEvilOne.jpg	default	Adversary	02 - The Truth is Out There	02 - The Truth is Out There	playerNDeck	8 CP	Adversary|Occult|Creature|Pawn	This card does not initiate combat. Play this card in conjunction with any other Adversary that initiates combat. The Adversary's LRC, CRC, and HEALTH are doubled.	N/A		Rare	The Calusari	XF97-0359v2
d6fb5f05-f1ed-41c0-a7cf-b1429d2101fb	The Gregors	x-files-ccg/02-the-truth-is-out-there/XFilesCcg-02TheTruthIsOutThere-TheGregors.jpg	default	X-File	02 - The Truth is Out There	02 - The Truth is Out There	playerNXFile					Alien	Promo	Colony	XF97-0130v2
d634be35-0848-48d3-b878-fffc53c96aee	The Host	x-files-ccg/02-the-truth-is-out-there/XFilesCcg-02TheTruthIsOutThere-TheHost.jpg	default	X-File	02 - The Truth is Out There	02 - The Truth is Out There	playerNXFile					Evolutionary	Fixed	The Host	XF97-0124v2
f3174ce3-a259-478d-a6d3-fc7e44003cec	The Host Attacks	x-files-ccg/02-the-truth-is-out-there/XFilesCcg-02TheTruthIsOutThere-TheHostAttacks.jpg	default	Adversary	02 - The Truth is Out There	02 - The Truth is Out There	playerNDeck	4 CP	Adversary|Evolutionary|Creature|Killer	Place five tokens on any Agent that loses HEALTH as a result of this creature's attack. Remove a token in each of that Agent's Briefing Phases. At the end of the turn in which the last token is removed, the Agent is removed from the game. This card can be negated by the Team containing the afflicted Agent making a MEDICAL 3+ skill check or by playing a HEALING card on the afflicted player prior to the Agent being removed.	3		Rare	The Host	XF97-0338v2
d5661a99-9714-4068-bb8f-3228fb385633	The Jersey Devil	x-files-ccg/02-the-truth-is-out-there/XFilesCcg-02TheTruthIsOutThere-TheJerseyDevil.jpg	default	X-File	02 - The Truth is Out There	02 - The Truth is Out There	playerNXFile					Primordial	Fixed	The Jersey Devil	XF97-0123v2
e9d92171-06d6-45ad-b470-43af7a95501a	The Local Law Enforcement Are Uncooperative	x-files-ccg/02-the-truth-is-out-there/XFilesCcg-02TheTruthIsOutThere-TheLocalLawEnforcementAreUncooperative.jpg	default	Event	02 - The Truth is Out There	02 - The Truth is Out There	playerNDeck	4 CP	Event|Negate|Criminal Investigation	Negate one Keyword CRIMINAL INVESTIGATION card.			Uncommon	The Jersey Devil	XF97-0269v2
d8bd3b28-757a-40a7-a4ce-fcabc8694d00	The Manitou	x-files-ccg/02-the-truth-is-out-there/XFilesCcg-02TheTruthIsOutThere-TheManitou.jpg	default	X-File	02 - The Truth is Out There	02 - The Truth is Out There	playerNXFile					Occult	Fixed	Shapes	XF97-0142v2
f5535474-b2cb-4c5c-96c2-26572a8d36e6	The Manitou Stalks His Prey	x-files-ccg/02-the-truth-is-out-there/XFilesCcg-02TheTruthIsOutThere-TheManitouStalksHisPrey.jpg	default	Adversary	02 - The Truth is Out There	02 - The Truth is Out There	playerNDeck	6 CP	Adversary|Occult|Creature	Any Agent wounded by the Manitou may not heal wounds until a Healing card is successfully played on him.	8		Rare	Shapes	XF97-0352v2
f42ca2c5-fe73-4ee8-8fdf-71019de0e9c7	The Mechanic	x-files-ccg/02-the-truth-is-out-there/XFilesCcg-02TheTruthIsOutThere-TheMechanic.jpg	default	Adversary	02 - The Truth is Out There	02 - The Truth is Out There	playerNDeck	7 CP	Adversary|Government|Pawn|Creature	The Mechanic may use MARTIAL ARTS and SUBTERFUGE Combat cards.	5		Uncommon	The Erlenmeyer Flask	XF97-0345v2
d1bfe19a-2de1-47f1-9e6c-2e9afc841be3	The Overcoat Man	x-files-ccg/02-the-truth-is-out-there/XFilesCcg-02TheTruthIsOutThere-TheOvercoatMan.jpg	default	Bluff	02 - The Truth is Out There	02 - The Truth is Out There	playerNDeck	X CP	Bluff|Government	Basic Game Only: Apply a -2 modifier to any one skill check involving one of the following skills: MEDICAL, OBSERVATION, BEHAVIORAL.Advanced Game: Pay the listed [CP] Cost, where X = the number of [CP] paid to gain the desired modifier to one of the following skills: MEDICAL, OBSERVATION, BEHAVIORAL. (1) = -1, (3) = -2, (5) = -3, (9) = -4.			Common	One Breath	XF97-0094v2
f4086be1-5fa1-4063-b7b5-69e01255fedf	The Psychotic Attack	x-files-ccg/02-the-truth-is-out-there/XFilesCcg-02TheTruthIsOutThere-ThePsychoticAttack.jpg	default	Adversary	02 - The Truth is Out There	02 - The Truth is Out There	playerNDeck	4 CP	Adversary|Evolutionary|Pawn	Damage from LONG RANGE COMBAT may be split among all opponents (Directed Player's choice).	5		Common	Fire	XF97-0344v2
f3ab43d8-6421-4f4f-8bab-b73dcb4fad8b	The Sandman	x-files-ccg/02-the-truth-is-out-there/XFilesCcg-02TheTruthIsOutThere-TheSandman.jpg	default	Adversary	02 - The Truth is Out There	02 - The Truth is Out There	playerNDeck	4 CP	Adversary|Evolutionary|Creature	The Creature has LONG RANGE COMBAT and CLOSE RANGE COMBAT equal to the highest Combat rating on the opposing team (including modifiers) +1. The Sandman may use SUBTERFUGE Combat cards.	5		Uncommon	Sleepless	XF97-0341v2
db7dc27c-1887-488b-bbcc-488668c80913	The Swarm	x-files-ccg/02-the-truth-is-out-there/XFilesCcg-02TheTruthIsOutThere-TheSwarm.jpg	default	X-File	02 - The Truth is Out There	02 - The Truth is Out There	playerNXFile					Primordial	Fixed	Darkness Falls	XF97-0157v2
e0609712-1d6a-4a43-88d4-2c33bbdcdc51	The Thinker	x-files-ccg/02-the-truth-is-out-there/XFilesCcg-02TheTruthIsOutThere-TheThinker.jpg	default	Witness	02 - The Truth is Out There	02 - The Truth is Out There	playerNDeck	5 RP	Witness	Change one Keyword to any other one Keyword on a card played by your opponent.			Rare	Anasazi	XF97-0186v2
d7815977-2b65-41b1-afa2-07613e96c133	The Vampire, A.K.A. The Unholy Spirit	x-files-ccg/02-the-truth-is-out-there/XFilesCcg-02TheTruthIsOutThere-TheVampireAKATheUnholySpirit.jpg	default	X-File	02 - The Truth is Out There	02 - The Truth is Out There	playerNXFile					Occult	Fixed	3	XF97-0132v2
e7a6ff18-6a4d-4bfc-b7fc-a259be64cf09	Thorough Documentation	x-files-ccg/02-the-truth-is-out-there/XFilesCcg-02TheTruthIsOutThere-ThoroughDocumentation.jpg	default	Event	02 - The Truth is Out There	02 - The Truth is Out There	playerNDeck	2 RP	Event|Evidence Collection|Resource	Play prior to a Site skill check. If the Site skill check is successful, place this card in your Bureau Section. You may discard this card in any of your investigation phases to add 2 to a Site skill check. Discard this card after you've used the modifier.			Rare	Roland	XF97-0242v2
f6644842-7f87-4e64-b6bd-139f5573e462	Too Close To The Truth	x-files-ccg/02-the-truth-is-out-there/XFilesCcg-02TheTruthIsOutThere-TooCloseToTheTruth.jpg	default	Bluff	02 - The Truth is Out There	02 - The Truth is Out There	playerNDeck	3 CP	Bluff	Play this card to allow you to exchange [CP] Pools with your opponent.			Ultra-Rare	Apocrypha	XF97-0362v2
f8c4f4ed-9ea5-490f-bf96-8cff11330165	Tracking the Killer	x-files-ccg/02-the-truth-is-out-there/XFilesCcg-02TheTruthIsOutThere-TrackingTheKiller.jpg	default	Site	02 - The Truth is Out There	02 - The Truth is Out There	playerNDeck	2 RP	Site|Mono|Affiliation|Criminal Investigation				Rare	Colony	XF97-0381v2
ec794ec8-ab5a-46b4-92fd-a21ca33b40da	Trap	x-files-ccg/02-the-truth-is-out-there/XFilesCcg-02TheTruthIsOutThere-Trap.jpg	default	Event	02 - The Truth is Out There	02 - The Truth is Out There	playerNDeck	3 CP	Event|Observation	Play on a Team in the Field at the start of combat. Force the opponent Team to make an OBSERVATION 4+ skill check. If they fail, the following combat will be fought between the Adversary and one Agent of your choice. No other Agents may participate in the combat.			Uncommon	End Game	XF97-0292v2
ed0b9b52-3096-442c-8d8a-9a64eda191ab	Travel Arrangements	x-files-ccg/02-the-truth-is-out-there/XFilesCcg-02TheTruthIsOutThere-TravelArrangements.jpg	default	Event	02 - The Truth is Out There	02 - The Truth is Out There	playerNDeck	2 RP	Event|Move	You may move one of your Agents to any Section immediately. This card may not be played once an Adversary has forced combat until after the combat is resolved. The Agent may join any Team that occupies the new Section.			Common	Deep Throat	XF97-0300v2
ee9cb84d-6a91-44b9-aa24-4efb8cf73a46	True Grit	x-files-ccg/02-the-truth-is-out-there/XFilesCcg-02TheTruthIsOutThere-TrueGrit.jpg	default	Event	02 - The Truth is Out There	02 - The Truth is Out There	playerNDeck	1 RP	Event|Behavioral	Play when an Agent is forced to go to the Hospital. He must still go to the Hospital by the end of this turn but he may add his skills to one skill check before going.			Rare	The Erlenmeyer Flask	XF97-0309v2
ea32de54-97d6-4202-8570-283813491962	Trust No One	x-files-ccg/02-the-truth-is-out-there/XFilesCcg-02TheTruthIsOutThere-TrustNoOne.jpg	default	Event	02 - The Truth is Out There	02 - The Truth is Out There	playerNDeck	2 CP	Event|Subterfuge	The Witness's modifier is now changed to a negative (e.g., a +1 becomes a -1). If the Witness has an ability separate from the modifier, this card cancels that ability for this turn.			Rare	The Erlenmeyer Flask	XF97-0273v2
ce0dfde7-f3cd-43c8-b9d4-9e48bcf3c6a1	U.F.O. Wreckage, Townsend, WI	x-files-ccg/02-the-truth-is-out-there/XFilesCcg-02TheTruthIsOutThere-UFOWreckageTownsendWI.jpg	default	Site	02 - The Truth is Out There	02 - The Truth is Out There	playerNDeck	1 RP	Site|Multi|Motive|Result|Alien Investigation|Bureaucracy				Rare	Fallen Angel	XF97-0067v2
e2fbcb7a-f372-43e4-a79f-39cb6598bb8f	U.S. Marshall Tapia	x-files-ccg/02-the-truth-is-out-there/XFilesCcg-02TheTruthIsOutThere-USMarshallTapia.jpg	default	Witness	02 - The Truth is Out There	02 - The Truth is Out There	playerNDeck	1 RP	Witness|Evidence Collection	Adds 1 to one Team's EVIDENCE COLLECTION skill check.			Fixed	F. Emasculata	XF97-0208v2
f71233cb-0d10-4c5b-9caf-9d40e65c7bf1	U.S.G.S. Quadrant Map	x-files-ccg/02-the-truth-is-out-there/XFilesCcg-02TheTruthIsOutThere-USGSQuadrantMap.jpg	default	Equipment	02 - The Truth is Out There	02 - The Truth is Out There	playerNDeck	4 RP	Equipment|Standard	Attach this card to any Agent in the Bureau. Discard this card to search your Bureau Deck and add any one Site card to your hand. Show your opponent which card you have added. Shuffle your deck.			Rare	Deep Throat	XF97-0366v2
e87a3a1d-9668-4e40-9dc6-7851392df1af	Unexplainable Time Loss	x-files-ccg/02-the-truth-is-out-there/XFilesCcg-02TheTruthIsOutThere-UnexplainableTimeLoss.jpg	default	Event	02 - The Truth is Out There	02 - The Truth is Out There	playerNDeck	5 CP	Alien|Event|Sciences	Force an opponent Team to make a SCIENCES 4+ skill check or the current player's turn ends immediately			Rare	Pilot	XF97-0257v2
cc817f16-8f01-414a-a552-a46195384324	University Of Maryland, Baltimore, MD	x-files-ccg/02-the-truth-is-out-there/XFilesCcg-02TheTruthIsOutThere-UniversityOfMarylandBaltimoreMD.jpg	default	Site	02 - The Truth is Out There	02 - The Truth is Out There	playerNDeck	2 RP	Site|Mono|Result|Criminal Investigation				Fixed	Lazarus	XF97-0061v2
d3a56998-7e44-410f-8521-62f868e9b553	Unnatural Aging	x-files-ccg/02-the-truth-is-out-there/XFilesCcg-02TheTruthIsOutThere-UnnaturalAging.jpg	default	Bluff	02 - The Truth is Out There	02 - The Truth is Out There	playerNDeck	5 CP	Bluff|Alien|Phenomena	Force the Team to make a SCIENCES 4+ skill check. If they fail, choose one Agent to go to the Hospital. The chosen Agent permanently loses one HEALTH. An Agent's permanent HEALTH can never be reduced below 1.			Uncommon	Død Kalm	XF97-0109v2
c4c2e91f-b295-489e-8c19-042cc2a3de85	Vicious Fangs	x-files-ccg/02-the-truth-is-out-there/XFilesCcg-02TheTruthIsOutThere-ViciousFangs.jpg	default	Combat	02 - The Truth is Out There	02 - The Truth is Out There	playerNDeck	1 CP	Combat|Primordial|Occult	Play on any PRIMORDIAL or OCCULT Adversary to add 2 to their CLOSE RANGE COMBAT skill.			Uncommon	Shapes	XF97-0014v2
d7a44dc1-f6b1-4cf1-ba40-e13706dab568	Volcanic Spore	x-files-ccg/02-the-truth-is-out-there/XFilesCcg-02TheTruthIsOutThere-VolcanicSpore.jpg	default	X-File	02 - The Truth is Out There	02 - The Truth is Out There	playerNXFile					Primordial	Fixed	Firewalker	XF97-0134v2
f0eaab42-f98f-4bec-9774-c8ab84d3045b	Walther PPK 7.65 Hold Out Weapon	x-files-ccg/02-the-truth-is-out-there/XFilesCcg-02TheTruthIsOutThere-WaltherPPK765HoldOutWeapon.jpg	default	Equipment	02 - The Truth is Out There	02 - The Truth is Out There	playerNDeck	4 RP	Equipment|Weapon|Standard	Adds 2 to the Agent's CLOSE RANGE COMBAT skill.			Uncommon	Lazarus	XF97-0323v2
d69ac165-6a61-4bb5-ae6c-18096fbfd788	Warren James Dupré, The Lazarus Man	x-files-ccg/02-the-truth-is-out-there/XFilesCcg-02TheTruthIsOutThere-WarrenJamesDuprTheLazarusMan.jpg	default	X-File	02 - The Truth is Out There	02 - The Truth is Out There	playerNXFile					Occult	Fixed	Lazarus	XF97-0127v2
cf49a262-03c5-4110-b38d-d79cb2909d15	Washington Monument, Washington, DC	x-files-ccg/02-the-truth-is-out-there/XFilesCcg-02TheTruthIsOutThere-WashingtonMonumentWashingtonDC.jpg	default	Site	02 - The Truth is Out There	02 - The Truth is Out There	playerNDeck	1 RP	Site|Multi|Motive|Result|Behavioral|Observation				Rare	Young At Heart	XF97-0072v2
c7469951-c293-477c-b7f9-6b038af5fdb3	Watch Out!	x-files-ccg/02-the-truth-is-out-there/XFilesCcg-02TheTruthIsOutThere-WatchOut.jpg	default	Combat	02 - The Truth is Out There	02 - The Truth is Out There	playerNDeck	1 *P	Combat	Play this card when your opponent is about to assign damage. You now choose which of the Agents or Adversaries under your control take the damage. The damage may not be split unless you play a card that allows you to do so.			Uncommon	Blood	XF97-0030v2
c474e03f-c461-4a44-a87a-226bd9bd0b95	Webbed	x-files-ccg/02-the-truth-is-out-there/XFilesCcg-02TheTruthIsOutThere-Webbed.jpg	default	Combat	02 - The Truth is Out There	02 - The Truth is Out There	playerNDeck	3 CP	Combat|Primordial	Play on any PRIMORDIAL Adversary to add 1 to their CLOSE RANGE COMBAT skill and prevent all damage from one opponent this round.			Rare	Darkness Falls	XF97-0013v2
ef4caf65-ef81-4877-97c9-cf7e22f7a332	Wire-Tap	x-files-ccg/02-the-truth-is-out-there/XFilesCcg-02TheTruthIsOutThere-WireTap.jpg	default	Equipment	02 - The Truth is Out There	02 - The Truth is Out There	playerNDeck	2 RP	Equipment|Electrical|Special	Adds 1 to the Agent's SUBTERFUGE skill.			Fixed	Little Green Men	XF97-0313v2
f7c0634d-386a-4480-a222-19b4d12b8154	Witness Intimidated	x-files-ccg/02-the-truth-is-out-there/XFilesCcg-02TheTruthIsOutThere-WitnessIntimidated.jpg	default	Event	02 - The Truth is Out There	02 - The Truth is Out There	playerNDeck	X CP	Event|Negate	Play on any Witness during your opponent's Investigation Phase. Pay X [CP] where X = the [RP] cost of the Witness. The Witness card is negated.			Rare	Fire	XF97-0372v2
f8b39af4-2958-4edc-9dc7-3116c917156a	Women's Health Clinic, Richville, MD	x-files-ccg/02-the-truth-is-out-there/XFilesCcg-02TheTruthIsOutThere-WomensHealthClinicRichvilleMD.jpg	default	Site	02 - The Truth is Out There	02 - The Truth is Out There	playerNDeck	2 RP	Site|Mono|Result|Subterfuge				Rare	End Game	XF97-0380v2
ecf0474f-4a5d-4888-b7e6-98ce63492842	Written Report	x-files-ccg/02-the-truth-is-out-there/XFilesCcg-02TheTruthIsOutThere-WrittenReport.jpg	default	Event	02 - The Truth is Out There	02 - The Truth is Out There	playerNDeck	1 RP	Event|Move	Play when an Agent is forced to return to the Bureau. Prior to moving, the Team may make a CRIMINAL INVESTIGATION 5+ skill check. If successful, the Agent does not have to return to the Bureau.			Common	E.B.E.	XF97-0298v2
ecce5e3e-d0e7-4c1d-a6d1-372ea32dcecc	X-Files Research	x-files-ccg/02-the-truth-is-out-there/XFilesCcg-02TheTruthIsOutThere-XFilesResearch.jpg	default	Event	02 - The Truth is Out There	02 - The Truth is Out There	playerNDeck	2 RP	Event|Training	Play on an Agent in the Bureau. The Agent is taken out of play for one full turn. At the start of the Briefing Phase of the second turn, the Agent may be deployed as normal, and in addition has a +1 in one of the following skills: ALIEN INVESTIGATION, OCCULT INVESTIGATION, or SCIENCES. This card may not be played on Agents Mulder or Scully. Place this card below the Agent to remind you of the increased skill.			Common		XF97-0296v2
d1d9dece-0490-4af3-a4ed-5c335c34d553	You've Got A Tail	x-files-ccg/02-the-truth-is-out-there/XFilesCcg-02TheTruthIsOutThere-YouveGotATail.jpg	default	Bluff	02 - The Truth is Out There	02 - The Truth is Out There	playerNDeck	3 CP	Bluff|Phenomena	Play after a Team investigates a Site to destroy one Event RESOURCE.			Common	E.B.E.	XF97-0095v2
3ea9cdac-a156-412e-8ba3-fcd206f56c8c	Agent Chester Desmond	x-files-ccg/12-fire-walk-with-me/XFilesCcg-12FireWalkWithMe-AgentChesterDesmond.jpg	default	Agent	12 - Fire Walk With Me	12 - Fire Walk With Me	playerNStarting	4 RP	Agent|FBI|Law|Believer		4		Community	Fire Walk With Me	XF08-0419x2
448107dc-4bd3-4464-bfdd-74891a8e3b67	The Man in the Mirror	x-files-ccg/12-fire-walk-with-me/XFilesCcg-12FireWalkWithMe-TheManInTheMirror.jpg	default	Event	12 - Fire Walk With Me	12 - Fire Walk With Me	playerNDeck	5 CP	Event|Occult Investigation	Play this card on an Agent controlled by the Active Player during a Site skill check. Until end of turn, that Agent cannot use their base skills for the check. Instead, use the base skills of any one of your Agents (your choice). If none of your Agents have that skill, the skill value is zero.			Community	Beyond Life and Death	XF08-0459x2
3f21ee63-eb16-4120-8031-e6d889ec4ca8	Agent Dale Cooper	x-files-ccg/12-fire-walk-with-me/XFilesCcg-12FireWalkWithMe-AgentDaleCooper.jpg	default	Agent	12 - Fire Walk With Me	12 - Fire Walk With Me	playerNStarting	7 RP	Agent|FBI|Law|Believer		5		Community	Pilot	XF08-0423x2
3fa0b9c8-1e2a-4e43-9aa4-56a13eac1df5	Agent Phillip Jeffries	x-files-ccg/12-fire-walk-with-me/XFilesCcg-12FireWalkWithMe-AgentPhillipJeffries.jpg	default	Agent	12 - Fire Walk With Me	12 - Fire Walk With Me	playerNStarting	5 RP	Agent|FBI|Law|Neutral|Believer		4		Community	Fire Walk With Me	XF08-0427x2
3f545c5b-2e1f-4fb3-9a04-2a6fe9143316	Agent Roger Hardy	x-files-ccg/12-fire-walk-with-me/XFilesCcg-12FireWalkWithMe-AgentRogerHardy.jpg	default	Agent	12 - Fire Walk With Me	12 - Fire Walk With Me	playerNStarting	6 RP	Agent|FBI|Law|Neutral|Skeptic		5		Community	Dispute Between Brothers	XF08-0425x2
3e96bda9-7921-44d2-afb6-01c25993d717	Agent Sam Stanley	x-files-ccg/12-fire-walk-with-me/XFilesCcg-12FireWalkWithMe-AgentSamStanley.jpg	default	Agent	12 - Fire Walk With Me	12 - Fire Walk With Me	playerNStarting	3 RP	Agent|FBI|Law|Skeptic		4		Community	Fire Walk With Me	XF08-0418x2
3f5b256e-179a-485d-b5bb-ce3533f3abcb	Agent Tammy Preston	x-files-ccg/12-fire-walk-with-me/XFilesCcg-12FireWalkWithMe-AgentTammyPreston.jpg	default	Agent	12 - Fire Walk With Me	12 - Fire Walk With Me	playerNStarting	4 RP	Agent|FBI|Law|Believer		3		Community	The Return (3x16)	XF08-0426x2
42a031b5-7c50-440c-be1a-aec2f8585db1	Audrey's Dance	x-files-ccg/12-fire-walk-with-me/XFilesCcg-12FireWalkWithMe-AudreysDance.jpg	default	Event	12 - Fire Walk With Me	12 - Fire Walk With Me	playerNDeck	2 *P	Event	Choose any one Agent in play. That Agent cannot be targeted by Event nor Bluff cards this turn.			Community	Zen, or the Skill to Catch a Killer	XF08-0447x2
42fefff7-f120-477f-b131-33a8eb0e4fa7	Between Two Worlds	x-files-ccg/12-fire-walk-with-me/XFilesCcg-12FireWalkWithMe-BetweenTwoWorlds.jpg	default	Event	12 - Fire Walk With Me	12 - Fire Walk With Me	playerNDeck	4 CP	Event|Occult|Liminal|Resource	Place this card in your opponent's Field. Your opponent must pay one additional [RP] for each Site card they play.			Community	The Return (3x02)	XF08-0448x2
3dad19da-8962-41ed-a890-c9122ecf57d2	Bob, The Possessing Spirit	x-files-ccg/12-fire-walk-with-me/XFilesCcg-12FireWalkWithMe-BobThePossessingSpirit.jpg	default	Adversary	12 - Fire Walk With Me	12 - Fire Walk With Me	playerNDeck	9 CP	Adversary|Occult|Possession|Master	This card does not initiate combat now. Attach Bob to any one Agent in the Team at this Site (your choice). Place both cards next to your X-File. On your next turn as Directed player after your opponent plays their next Site card, that Agent must attack any one of your opponent's Teams in the Field, ignoring Activator requirements. Remove Bob and return the Agent to your opponent's Field after the combat.	SPECIAL		Community	Lonely Souls	XF08-0413x2
47a343f4-f85a-4c04-9c42-fbf25b240096	Buckhorn Police Dept., Buckhorn, South Dakota	x-files-ccg/12-fire-walk-with-me/XFilesCcg-12FireWalkWithMe-BuckhornPoliceDeptBuckhornSouthDakota.jpg	default	Site	12 - Fire Walk With Me	12 - Fire Walk With Me	playerNDeck	1 RP	Site|Multi|Affiliation|Method|Computer|Criminal Investigation				Community	The Return (3x01)	XF08-0474x2
423e33ec-4724-4465-bc5f-3ce8c57d90b3	Bureau's Radio Console	x-files-ccg/12-fire-walk-with-me/XFilesCcg-12FireWalkWithMe-BureausRadioConsole.jpg	default	Equipment	12 - Fire Walk With Me	12 - Fire Walk With Me	playerNDeck	4 RP	Equipment|Electrical|Standard	Once per turn, during the Case Assignment Phase, if the Agent equipped with this card is in the Bureau, you may pay 2 [RP] tokens to draw the top two cards of your Bureau deck and add them to your hand.			Community	The Return (3x04)	XF08-0442x2
47b78b46-0fa8-4399-99cc-b563a136c5f8	Calhoun Memorial Hospital, Twin Peaks, WA	x-files-ccg/12-fire-walk-with-me/XFilesCcg-12FireWalkWithMe-CalhounMemorialHospitalTwinPeaksWA.jpg	default	Site	12 - Fire Walk With Me	12 - Fire Walk With Me	playerNDeck	1 RP	Site|Multi|Affiliation|Motive|Criminal Investigation|Medical				Community	Pilot	XF08-0475x2
424f7c20-0bb0-4820-b496-b300f9b3bf5a	Cave Exploration Kit	x-files-ccg/12-fire-walk-with-me/XFilesCcg-12FireWalkWithMe-CaveExplorationKit.jpg	default	Equipment	12 - Fire Walk With Me	12 - Fire Walk With Me	playerNDeck	6 RP	Equipment|Standard	Adds two to the Agent's OBSERVATION and SUBTERFUGE skills. You cannot sell this card during the Briefing phase to gain [CP] points			Community	On the Wings of Love	XF08-0443x2
43b76489-83c4-4e97-b0e5-60a8c87c9260	Composite Sketch	x-files-ccg/12-fire-walk-with-me/XFilesCcg-12FireWalkWithMe-CompositeSketch.jpg	default	Event	12 - Fire Walk With Me	12 - Fire Walk With Me	playerNDeck	2 RP	Event|Criminal Investigation	Play on a Team in the Field during the Investigation Phase. If the Team makes a CRIMINAL INVESTIGATION 6+ skill check, reveal all face-down Bluff cards attached to any one Site in the Field.			Community	The Man Behind the Glass	XF08-0453x2
401d746a-1dc9-4982-b495-62f4eedae0c1	Dark Ritual	x-files-ccg/12-fire-walk-with-me/XFilesCcg-12FireWalkWithMe-DarkRitual.jpg	default	Bluff	12 - Fire Walk With Me	12 - Fire Walk With Me	playerNDeck	4 CP	Bluff|Occult	Play to add 7 [CP] to your [CP] pool immediately.			Community	Zen, or the Skill to Catch a Killer	XF08-0431x2
46eca620-835e-40ef-a018-6912c1b263d6	Deer Meadow Sheriff's Department Morgue, OR	x-files-ccg/12-fire-walk-with-me/XFilesCcg-12FireWalkWithMe-DeerMeadowSheriffsDepartmentMorgueOR.jpg	default	Site	12 - Fire Walk With Me	12 - Fire Walk With Me	playerNDeck	1 RP	Site|Multi|Affiliation|Method|Medical|Sciences				Community	Fire Walk With Me	XF08-0472x2
483e3d21-eb4f-4adb-80f3-66066420375d	Deputy Chief Tommy 'Hawk' Hill	x-files-ccg/12-fire-walk-with-me/XFilesCcg-12FireWalkWithMe-DeputyChiefTommyHawkHill.jpg	default	Witness	12 - Fire Walk With Me	12 - Fire Walk With Me	playerNDeck	5 RP	Witness|Resource	Attach this Witness to a Team. This Witness will add his skills to the appropriate skill check like an Agent, CRC: 3, LRC: 3, and HEALTH: 3. If he is sent to the Hospital, or at any time there are no Agents in the Team, remove the card from the game.			Community	The Last Evening	XF08-0479x2
3edd8ccc-77bc-48c2-a182-5e534da47773	Deputy Director Gordon Cole	x-files-ccg/12-fire-walk-with-me/XFilesCcg-12FireWalkWithMe-DeputyDirectorGordonCole.jpg	default	Agent	12 - Fire Walk With Me	12 - Fire Walk With Me	playerNStarting	6 RP	Agent|FBI|Law|Believer		5		Community	The Return (3x16)	XF08-0422x2
3e615a93-9a0c-411d-ae6f-bb676d4b1468	Detective Dave Macklay	x-files-ccg/12-fire-walk-with-me/XFilesCcg-12FireWalkWithMe-DetectiveDaveMacklay.jpg	default	Agent	12 - Fire Walk With Me	12 - Fire Walk With Me	playerNStarting	4 RP	Agent|Law|Independent		3		Community	The Return (3x01)	XF08-0417x2
426a7c7b-e35d-48c6-9046-2281cdcc08e1	Diner Confidential	x-files-ccg/12-fire-walk-with-me/XFilesCcg-12FireWalkWithMe-DinerConfidential.jpg	default	Event	12 - Fire Walk With Me	12 - Fire Walk With Me	playerNDeck	3 RP	Event	Play this card during a skill check. You may discard two cards from your hand to gain +1 to that skill check, or discard four cards to gain +2 instead. You cannot discard more than four cards this way.			Community	Lonely Souls	XF08-0445x2
3fad90d8-77d3-476b-be1e-51bc497e5d7e	Detective Don Harrison	x-files-ccg/12-fire-walk-with-me/XFilesCcg-12FireWalkWithMe-DetectiveDonHarrison.jpg	default	Agent	12 - Fire Walk With Me	12 - Fire Walk With Me	playerNStarting	3 RP	Agent|Independent|Law		4		Community	The Return (3x05)	XF08-0428x2
45f852cd-be90-4bce-837c-cb70ebcfa1ea	Evil in A Suit and Tie	x-files-ccg/12-fire-walk-with-me/XFilesCcg-12FireWalkWithMe-EvilInASuitAndTie.jpg	default	Event	12 - Fire Walk With Me	12 - Fire Walk With Me	playerNDeck	4 CP	Event|Liminal|Resource	Place this card next to your X-File. You may play [CP] Events for one [CP] less. You may only have one of this card in play.			Community	Arbitrary Law	XF08-0466x2
3f3dc26b-db98-4cc7-82e4-21bed4eb1f9b	FBI Chief of Staff Denise Bryson	x-files-ccg/12-fire-walk-with-me/XFilesCcg-12FireWalkWithMe-FBIChiefOfStaffDeniseBryson.jpg	default	Agent	12 - Fire Walk With Me	12 - Fire Walk With Me	playerNStarting	5 RP	Agent|FBI|Law|Skeptic		4		Community	Masked Ball	XF08-0424x2
47e29741-5e6a-4043-ae28-3f86486368a2	FBI Headquarters, Philadelphia, PA	x-files-ccg/12-fire-walk-with-me/XFilesCcg-12FireWalkWithMe-FBIHeadquartersPhiladelphiaPA.jpg	default	Site	12 - Fire Walk With Me	12 - Fire Walk With Me	playerNDeck	1 RP	Site|Multi|Method|Result|Bureaucracy|Occult Investigation				Community	Fire Walk With Me	XF08-0477x2
3ed8c339-e07c-4778-a66c-a068036d23da	Forensic Specialist Albert Rosenfield	x-files-ccg/12-fire-walk-with-me/XFilesCcg-12FireWalkWithMe-ForensicSpecialistAlbertRosenfield.jpg	default	Agent	12 - Fire Walk With Me	12 - Fire Walk With Me	playerNStarting	5 RP	Agent|FBI|Law|Skeptic		5		Community	Fire Walk With Me	XF08-0421x2
45a0b4a2-3ba7-4231-8e81-01da9aacb00b	Glass Prison	x-files-ccg/12-fire-walk-with-me/XFilesCcg-12FireWalkWithMe-GlassPrison.jpg	default	Event	12 - Fire Walk With Me	12 - Fire Walk With Me	playerNDeck	5 CP	Event|Occult|Resource	Place this card next to your X-File. You may force your opponent to discard one card from their hand (opponent's choice) once per turn during their Healing Phase. You may only have one of this card in your Bureau Deck.			Community	The Return (3x02)	XF08-0464x2
46ce99f1-c8dd-4202-bdad-b62cc5d900ab	Glastonbury Grove, Twin Peaks, WA	x-files-ccg/12-fire-walk-with-me/XFilesCcg-12FireWalkWithMe-GlastonburyGroveTwinPeaksWA.jpg	default	Site	12 - Fire Walk With Me	12 - Fire Walk With Me	playerNDeck	2 RP	Site|Mono|Affiliation|Liminal|Observation				Community	The Return (3x18)	XF08-0470x2
42122624-90be-461b-87c6-4c8dc36e338e	Green Rubber Glove	x-files-ccg/12-fire-walk-with-me/XFilesCcg-12FireWalkWithMe-GreenRubberGlove.jpg	default	Equipment	12 - Fire Walk With Me	12 - Fire Walk With Me	playerNDeck	5 RP	Equipment|Mystic	Adds three to the Agent's CLOSE RANGE COMBAT skill.			Community	The Return (3x14)	XF08-0441x2
3e3cdf28-6cfc-472d-a938-c5c55dfc0872	Hank Jennings, the Fallen Outlaw	x-files-ccg/12-fire-walk-with-me/XFilesCcg-12FireWalkWithMe-HankJenningsTheFallenOutlaw.jpg	default	Adversary	12 - Fire Walk With Me	12 - Fire Walk With Me	playerNDeck	5 CP	Adversary|Primordial|Creature	At the end of this Combat, if Hank's HEALTH has not been reduced to zero, you may play him at another Site controlled by the same opponent this turn at no cost and ignoring Activator requirements. If no such Site exists, discard this card.	5		Community	Ghouli	XF08-0416x2
3d4c69d5-101a-4441-bae3-3731335734e3	Hutch and Chantal	x-files-ccg/12-fire-walk-with-me/XFilesCcg-12FireWalkWithMe-HutchAndChantal.jpg	default	Adversary	12 - Fire Walk With Me	12 - Fire Walk With Me	playerNDeck	6 CP	Adversary|Primordial|Pawn|Creature	During the LONG RANGE COMBAT round, for every two cards discarded from your hand, increase Hutch & Chantal's LRC by 1.	7		Community	The Return (3x16)	XF08-0407x2
3d275bda-34f1-43cd-8176-c560411c8c6b	Ike "The Spike" Stadtler	x-files-ccg/12-fire-walk-with-me/XFilesCcg-12FireWalkWithMe-IkeTheSpikeStadtler.jpg	default	Adversary	12 - Fire Walk With Me	12 - Fire Walk With Me	playerNDeck	5 CP	Adversary|Primordial|Pawn|Creature		5		Community	The Return (3x06)	XF08-0406x2
452268f0-0833-4f22-9850-1143d546221b	In the Ashes, Silence	x-files-ccg/12-fire-walk-with-me/XFilesCcg-12FireWalkWithMe-InTheAshesSilence.jpg	default	Event	12 - Fire Walk With Me	12 - Fire Walk With Me	playerNDeck	5 *P	Event|Resource	Place this card next to your X-File. Remove this card from play at any time to discard all Keyword RESOURCE cards in play.			Community	The Return (3x08)	XF08-0462x2
4375654f-70cd-48c8-88b0-fee6f8eef5f2	Invitation to the Other Side	x-files-ccg/12-fire-walk-with-me/XFilesCcg-12FireWalkWithMe-InvitationToTheOtherSide.jpg	default	Event	12 - Fire Walk With Me	12 - Fire Walk With Me	playerNDeck	X+1 *P	Event	Play this card to remove one Agent from play until the end of the turn. This card may be played at any time, except during Combat, but it can be used in response to an opponent playing an Adversary card. X is the [CP] cost of that Agent.			Community	Fire Walk With Me	XF08-0452x2
47cc1fa2-57cf-414c-bf95-d66046d87adc	Jack Rabbit's Palace, Twin Peaks, WA	x-files-ccg/12-fire-walk-with-me/XFilesCcg-12FireWalkWithMe-JackRabbitsPalaceTwinPeaksWA.jpg	default	Site	12 - Fire Walk With Me	12 - Fire Walk With Me	playerNDeck	1 RP	Site|Multi|Affiliation|Result|Evidence Collection|Observation				Community	The Return (3x14)	XF08-0476x2
48e7bc4b-b70a-41b0-8df8-db04763749b0	Jacques Renault	x-files-ccg/12-fire-walk-with-me/XFilesCcg-12FireWalkWithMe-JacquesRenault.jpg	default	Witness	12 - Fire Walk With Me	12 - Fire Walk With Me	playerNDeck	4 RP	Witness|Evidence Collection|Subterfuge	Adds 3 to one Team's EVIDENCE COLLECTION or adds 2 to one Team's SUBTERFUGE skill check. If played on 'One eyed Jacks, Canada' Site, this card costs 1 [RP] less.			Community	The Last Evening	XF08-0486x2
3de947eb-20c3-4665-a437-379c64d792f1	Jake and Gene, the Snipers Alliance	x-files-ccg/12-fire-walk-with-me/XFilesCcg-12FireWalkWithMe-JakeAndGeneTheSnipersAlliance.jpg	default	Adversary	12 - Fire Walk With Me	12 - Fire Walk With Me	playerNDeck	4 CP	Adversary|Primordial|Pawn|Creature	The chosen Agent is the only one who may participate in the Combat. Jake & Gene may use MARTIAL ARTS and SUBTERFUGE cards. Your opponent may pay 4 [RP] to force you to discard this card.	4		Community	The Return (3x03)	XF08-0414x2
48d9433e-4f59-44df-96cf-16c1863558c1	James Hurley	x-files-ccg/12-fire-walk-with-me/XFilesCcg-12FireWalkWithMe-JamesHurley.jpg	default	Witness	12 - Fire Walk With Me	12 - Fire Walk With Me	playerNDeck	4 RP	Witness|Behavioral|Observation	Adds 3 to one Team's BEHAVIORAL or adds 2 to one Team's OBSERVATION skill check.			Community	Traces to Nowhere	XF08-0485x2
3dedea16-0094-41dc-9644-925aadd32752	Josie Packard	x-files-ccg/12-fire-walk-with-me/XFilesCcg-12FireWalkWithMe-JosiePackard.jpg	default	Adversary	12 - Fire Walk With Me	12 - Fire Walk With Me	playerNDeck	2 CP	Adversary|Primordial|Pawn|Creature	Josie Packard may attack only one Agent (your choice) in one round of LONG RANGE and one CLOSE RANGE COMBAT. All other Agents in the Team also participate in the Combat and may assign damage to Josie as normal.	2		Community	The Condemned Woman	XF08-0415x2
46f6498a-dcf4-44a9-84af-4e4b5684052f	Las Vegas, NV	x-files-ccg/12-fire-walk-with-me/XFilesCcg-12FireWalkWithMe-LasVegasNV.jpg	default	Site	12 - Fire Walk With Me	12 - Fire Walk With Me	playerNDeck	1 RP	Site|Multi|Motive|Result|Computer|Subterfuge				Community	The Return (3x02)	XF08-0473x2
41269381-1b02-4d5b-aae8-41615cd5c1ad	Laura Palmer's Postmortem Report	x-files-ccg/12-fire-walk-with-me/XFilesCcg-12FireWalkWithMe-LauraPalmersPostmortemReport.jpg	default	Equipment	12 - Fire Walk With Me	12 - Fire Walk With Me	playerNDeck	6 RP	Equipment|Standard	Adds two to the Agent's SCIENCES and CRIMINAL INVESTIGATION skills. You cannot sell this card during the Briefing phase to gain [CP] points.			Community	Traces to Nowhere	XF08-0439x2
40e98e37-9d2d-4eb8-8d28-b8ea31b18bf7	Laura Palmer's Secret Diary	x-files-ccg/12-fire-walk-with-me/XFilesCcg-12FireWalkWithMe-LauraPalmersSecretDiary.jpg	default	Equipment	12 - Fire Walk With Me	12 - Fire Walk With Me	playerNDeck	6 RP	Equipment|Standard	Adds two to the Agent's BEHAVIORAL and EVIDENCE COLLECTION skills. You cannot sell this card during the Briefing Phase to gain [CP] points.			Community	Pilot	XF08-0438x2
48bc9ac4-0700-4e1a-9813-dbb96c8bda7b	Lawrence Jacoby	x-files-ccg/12-fire-walk-with-me/XFilesCcg-12FireWalkWithMe-LawrenceJacoby.jpg	default	Witness	12 - Fire Walk With Me	12 - Fire Walk With Me	playerNDeck	4 RP	Witness|Medical|Observation	Adds 3 to one Team's MEDICAL or adds 2 to one Team's OBSERVATION skill check.			Community	The One-Armed Man	XF08-0482x2
3d5c30f2-fa6a-4af3-bf91-a8a42659e283	Leland Palmer	x-files-ccg/12-fire-walk-with-me/XFilesCcg-12FireWalkWithMe-LelandPalmer.jpg	default	Adversary	12 - Fire Walk With Me	12 - Fire Walk With Me	playerNDeck	5 CP	Adversary|Occult|Creature|Pawn	Leland Palmer's LRC and CRC values are each equal to the number of Agents in the Team currently investigating this Site.	3		Community	Fire Walk With Me	XF08-0408x2
48c58eff-34f1-47d8-9133-2c908c90257e	Lil the Dancer	x-files-ccg/12-fire-walk-with-me/XFilesCcg-12FireWalkWithMe-LilTheDancer.jpg	default	Witness	12 - Fire Walk With Me	12 - Fire Walk With Me	playerNDeck	4 RP	Witness|Bureaucracy|Criminal Investigation	Adds 3 to one Team's BUREAUCRACY or adds 2 to one Team's CRIMINAL INVESTIGATION skill check.			Community	Fire Walk With Me	XF08-0484x2
3eb91d84-cff9-4710-a1d8-3a88a5707cc9	Major Garland Briggs	x-files-ccg/12-fire-walk-with-me/XFilesCcg-12FireWalkWithMe-MajorGarlandBriggs.jpg	default	Agent	12 - Fire Walk With Me	12 - Fire Walk With Me	playerNStarting	5 RP	Agent|Law|Believer		4		Community	Checkmate	XF08-0420x2
444a355f-dcba-4225-a51d-3327cfd64e97	May the Giant Be With You	x-files-ccg/12-fire-walk-with-me/XFilesCcg-12FireWalkWithMe-MayTheGiantBeWithYou.jpg	default	Event	12 - Fire Walk With Me	12 - Fire Walk With Me	playerNDeck	4 RP	Event|Question	Play this card immediately after asking a Characteristic question about your opponent's X-File and receiving a "No" response. Your opponent must then revel an additional Characteristic from the same category that also does not apply to their X-File (e.g., "The Result is not Death". Remove this card from the game.			Community	Lonely Souls	XF08-0457x2
456ed3f0-d282-41ab-ac72-5c896138424b	Meaning Emerges	x-files-ccg/12-fire-walk-with-me/XFilesCcg-12FireWalkWithMe-MeaningEmerges.jpg	default	Event	12 - Fire Walk With Me	12 - Fire Walk With Me	playerNDeck	4 RP	Event|Occult|Resource	Play this card immediately after your opponent has finished drawing cards in the Briefing Phase. Place this card next to your X-File with two tokens on it. Discard one token to examine your opponent's hand. When there are no tokens left, discard this card.			Community	Miss Twin Peaks	XF08-0463x2
3d9ddd52-745b-4690-afb7-bdcbc395221c	Mr. C, The Shadow of Cooper	x-files-ccg/12-fire-walk-with-me/XFilesCcg-12FireWalkWithMe-MrCTheShadowOfCooper.jpg	default	Adversary	12 - Fire Walk With Me	12 - Fire Walk With Me	playerNDeck	8 CP	Adversary|Occult|Pawn|Creature	Select one Agent on target Team and move the Agent to the Hospital with 0 HEALTH. Mr. C's LRC, CRC, and HEALTH values become equal to those of the selected Agent. Mr. C then attacks the remaining Agents on that Team in a normal Combat sequence that lasts one LRC round and one CRC round.	SPECIAL		Community	The Return (3x17)	XF08-0411x2
44981b9a-3351-420f-93c5-eb9536c39b7b	Mr. Jackpots	x-files-ccg/12-fire-walk-with-me/XFilesCcg-12FireWalkWithMe-MrJackpots.jpg	default	Event	12 - Fire Walk With Me	12 - Fire Walk With Me	playerNDeck	1 RP	Event	Play this card during the Briefing Phase on a Team of Agents in the Field to double the RES produced by each Agent in that Team for this turn. Discard this card afterward.			Community	The Return (3x03)	XF08-0460x2
3fbdea24-cba2-421d-a428-b15af3cee0d4	No Loose Ends	x-files-ccg/12-fire-walk-with-me/XFilesCcg-12FireWalkWithMe-NoLooseEnds.jpg	default	Bluff	12 - Fire Walk With Me	12 - Fire Walk With Me	playerNDeck	3 CP	Bluff|Primordial	Play any Adversary card from your Discard Pile for 2 [CP] less, ignoring Activator requirements.			Community	The Return (3x06)	XF08-0429x2
462ec79d-49ba-4c92-b45a-83b91f983651	One Eyed Jacks, Canada	x-files-ccg/12-fire-walk-with-me/XFilesCcg-12FireWalkWithMe-OneEyedJacksCanada.jpg	default	Site	12 - Fire Walk With Me	12 - Fire Walk With Me	playerNDeck	2 RP	Site|Multi|Method|Result|Criminal Investigation|Subterfuge				Community	Realization Time	XF08-0468x2
40347c37-e890-4f9e-a8d7-bb238d014886	One From the Deck	x-files-ccg/12-fire-walk-with-me/XFilesCcg-12FireWalkWithMe-OneFromTheDeck.jpg	default	Bluff	12 - Fire Walk With Me	12 - Fire Walk With Me	playerNDeck	6 CP	Bluff	You may search your Bureau deck for an Adversary card with a printed cost of six or less, reveal it, and play it immediately at half its cost (rounded up) ignoring Activator requirements. Then shuffle your deck.			Community	On the Wings of Love	XF08-0432x2
408ae0ea-b68d-4d3f-b755-31879ed4acd5	One Last Performance	x-files-ccg/12-fire-walk-with-me/XFilesCcg-12FireWalkWithMe-OneLastPerformance.jpg	default	Bluff	12 - Fire Walk With Me	12 - Fire Walk With Me	playerNDeck	4 CP	Bluff	Play to negate one card with the Keyword CRIMINAL INVESTIGATION or EVIDENCE COLLECTION.			Community	Arbitrary Law	XF08-0435x2
4289322d-9117-4e11-898f-ae71cc1b134a	Opening Gambit	x-files-ccg/12-fire-walk-with-me/XFilesCcg-12FireWalkWithMe-OpeningGambit.jpg	default	Event	12 - Fire Walk With Me	12 - Fire Walk With Me	playerNDeck	5 CP	Event|Behavioral|Criminal Investigation	Force an opponent Team investigating a Site to make a BEHAVIORAL 4+ skill check or the current player's turn ends immediately.			Community	Variations on Relations	XF08-0446x2
407d1a09-6735-41f6-8960-65156943b282	Out of Her Mind	x-files-ccg/12-fire-walk-with-me/XFilesCcg-12FireWalkWithMe-OutOfHerMind.jpg	default	Bluff	12 - Fire Walk With Me	12 - Fire Walk With Me	playerNDeck	3 CP	Bluff	Play on a Team investigating a Site to discard any one [RP] Keyword RESOURCE card controlled by your opponent.			Community	The Return (3x05)	XF08-0433x2
4152960e-9993-4426-aceb-3880d929672c	Owl Cave Ring	x-files-ccg/12-fire-walk-with-me/XFilesCcg-12FireWalkWithMe-OwlCaveRing.jpg	default	Equipment	12 - Fire Walk With Me	12 - Fire Walk With Me	playerNDeck	6 RP	Equipment|Mystic	Attach this card to an Agent and immediately remove that Agent from play. At the start of your next Briefing Phase, return the Agent to the Field with this card still attached. While attached, the Agent gains +2 to their OCCULT INVESTIGATION skill.			Community	Fire Walk With Me	XF08-0440x2
47ee50fe-575d-436d-b7df-a9119b964a1b	Palmer's House, Twin Peaks, WA	x-files-ccg/12-fire-walk-with-me/XFilesCcg-12FireWalkWithMe-PalmersHouseTwinPeaksWA.jpg	default	Site	12 - Fire Walk With Me	12 - Fire Walk With Me	playerNDeck	1 RP	Site|Mono|Liminal|Occult Investigation				Community	The Return (3x18)	XF08-0478x2
42535948-a827-462e-8344-e5e3d316fce6	Panasonic RN-105 Tape Recorder	x-files-ccg/12-fire-walk-with-me/XFilesCcg-12FireWalkWithMe-PanasonicRN105TapeRecorder.jpg	default	Equipment	12 - Fire Walk With Me	12 - Fire Walk With Me	playerNDeck	5 RP	Equipment|Electrical|Standard	Adds 1 to the Agent's CRIMINAL INVESTIGATION and EVIDENCE COLLECTION skills			Community	Realization Time	XF08-0444x2
48579866-2cb3-44b6-a040-97719c74f783	Phillip Michael Gerard	x-files-ccg/12-fire-walk-with-me/XFilesCcg-12FireWalkWithMe-PhillipMichaelGerard.jpg	default	Witness	12 - Fire Walk With Me	12 - Fire Walk With Me	playerNDeck	4 RP	Witness|Criminal Investigation|Occult Investigation	Adds 3 to one Team's OCCULT INVESTIGATION or adds 2 to one Team's CRIMINAL INVESTIGATION skill check.			Community	Demons	XF08-0480x2
40c73335-229d-4297-8b35-05081f3fb84c	Psychic Torture	x-files-ccg/12-fire-walk-with-me/XFilesCcg-12FireWalkWithMe-PsychicTorture.jpg	default	Bluff	12 - Fire Walk With Me	12 - Fire Walk With Me	playerNDeck	3 CP	Bluff|Liminal|Resource	Play on one Agent to decrease all their skills by two (except for LRC, CRC, HEALTH and RES) for each [RP] card attached to that Agent. No skill may be reduced below zero. This card is removed once that Agent's Team successfully investigates a Site.			Community	The Path to the Black Lodge	XF08-0437x2
43bfc209-fbfd-47e0-aad4-c3dc9981b812	Security Override	x-files-ccg/12-fire-walk-with-me/XFilesCcg-12FireWalkWithMe-SecurityOverride.jpg	default	Event	12 - Fire Walk With Me	12 - Fire Walk With Me	playerNDeck	5 CP	Event|Computer	Force an opponent Team investigating a Site to make a COMPUTER 4+ skill check or the current player's turn ends immediately.			Community	The Return (3x05)	XF08-0454x2
44f6b2a4-8a0e-474d-a280-f9ef5fbb2ee9	Señorita Dido, A light in the Darkness	x-files-ccg/12-fire-walk-with-me/XFilesCcg-12FireWalkWithMe-SeOritaDidoALightInTheDarkness.jpg	default	Event	12 - Fire Walk With Me	12 - Fire Walk With Me	playerNDeck	3 RP	Event|Liminal|Occult|Healing	Play this card immediately after all Agents in one of your Teams at a Site have been sent to the Hospital. Return the Site card to your hand. Each Agent in that Team immediately heals 1 point of damage.			Community	The Return (3x12)	XF08-0461x2
43649360-f77d-4aba-94bb-5893a57380f3	Shared Agony	x-files-ccg/12-fire-walk-with-me/XFilesCcg-12FireWalkWithMe-SharedAgony.jpg	default	Event	12 - Fire Walk With Me	12 - Fire Walk With Me	playerNDeck	4 CP	Event|Resource	Place this card next to your X-File with three damage tokens on it. Once per turn, during the Healing Phase, you may move one damage token to any one of your opponent’s Agents (your choice). The same Agent may not be damaged on consecutive turns.			Community	Demons	XF08-0451x2
43378082-31bf-41cd-aa55-eaffcd286c69	She is Not Herself	x-files-ccg/12-fire-walk-with-me/XFilesCcg-12FireWalkWithMe-SheIsNotHerself.jpg	default	Event	12 - Fire Walk With Me	12 - Fire Walk With Me	playerNDeck	5 CP	Event|Occult|Resource	Place this card next to your X-File with two tokens on it. Discard a token to apply a -2 modifier to any Agent's Skill Check. You may do this once per turn.			Community	The Return (3x06)	XF08-0450x2
400721f1-3c9d-4f20-9844-6dee748e2ad4	The Black Ace	x-files-ccg/12-fire-walk-with-me/XFilesCcg-12FireWalkWithMe-TheBlackAce.jpg	default	Bluff	12 - Fire Walk With Me	12 - Fire Walk With Me	playerNDeck	2 CP	Bluff|Occult	Play 3 [CP] to move up to 4 [RP] from your opponent's [RP] pool to your [CP] pool immediately.			Community	The Return (3x02)	XF08-0430x2
46df54cc-4764-4996-a09b-c42bd3f112d3	The Dutchman's, MT	x-files-ccg/12-fire-walk-with-me/XFilesCcg-12FireWalkWithMe-TheDutchmansMT.jpg	default	Site	12 - Fire Walk With Me	12 - Fire Walk With Me	playerNDeck	2 RP	Site|Mono|Motive|Liminal|Subterfuge				Community	The Return (3x15)	XF08-0471x2
441c9af7-ed3b-48aa-bd57-3e8edeffe247	The Evil Within	x-files-ccg/12-fire-walk-with-me/XFilesCcg-12FireWalkWithMe-TheEvilWithin.jpg	default	Event	12 - Fire Walk With Me	12 - Fire Walk With Me	playerNDeck	5 CP	Event|Liminal|Resource	You may play Keyword BLUFF cards for 1 [CP] less. If placed face down under a Site (as usual), the cost is reduced by 1 more [CP] for a total of 2 [CP] less. A Bluff could be played this way for free, but you can never gain tokens by playing a Bluff card. Your opponent may pay 6 [RP] to force you to discard this card.			Community	The Return (3x12)	XF08-0456x2
3d915fe3-0ce6-47fe-85d6-6462498c73f6	The Experiment	x-files-ccg/12-fire-walk-with-me/XFilesCcg-12FireWalkWithMe-TheExperiment.jpg	default	Adversary	12 - Fire Walk With Me	12 - Fire Walk With Me	playerNDeck	10 CP	Adversary|Occult|Creature|Master	The Experiment engages two opposing Agents (your choice) in Combat.	7		Community	The Return (3x01)	XF08-0409x2
44010447-c1da-41ae-915f-d1a45c991636	The Jupiter-Saturn Conjunction	x-files-ccg/12-fire-walk-with-me/XFilesCcg-12FireWalkWithMe-TheJupiterSaturnConjunction.jpg	default	Event	12 - Fire Walk With Me	12 - Fire Walk With Me	playerNDeck	5 CP	Event|Occult Investigation	Force an opponent Team investigating a Site to make a OCCULT INVESTIGATION 4+ skill check or the current player's turn ends immediately.			Community	The Path to the Black Lodge	XF08-0455x2
430fd73c-403b-4fc5-90cd-7fcdb864b1b6	The Log Knows	x-files-ccg/12-fire-walk-with-me/XFilesCcg-12FireWalkWithMe-TheLogKnows.jpg	default	Event	12 - Fire Walk With Me	12 - Fire Walk With Me	playerNDeck	5 RP	Event|Resource	Play this card next to your X-File with three tokens on it. Discard a token to apply a +1 modifier to any one Agent's Skill check. You may do this once per turn.			Community	Cooper's Dreams	XF08-0449x2
4476d039-a2db-4c85-b566-77a8ccedf5cc	The Man From Another Place	x-files-ccg/12-fire-walk-with-me/XFilesCcg-12FireWalkWithMe-TheManFromAnotherPlace.jpg	default	Event	12 - Fire Walk With Me	12 - Fire Walk With Me	playerNDeck	2 RP	Event|Liminal	Play this card during the Briefing Phase. Discard a Keyword CONSPIRACY card from your hand with a cost of 7 [CP] or less to gain a number of [RP] tokens equal to that card's cost.			Community	Beyond Life and Death	XF08-0458x2
45be8ba7-bff8-447d-963a-1ebb3f449f64	The Plan Must Be Carried Out	x-files-ccg/12-fire-walk-with-me/XFilesCcg-12FireWalkWithMe-ThePlanMustBeCarriedOut.jpg	default	Event	12 - Fire Walk With Me	12 - Fire Walk With Me	playerNDeck	4 RP	Artifact|Event|Liminal|Resource	Place this card next to your X-File. You may play [RP] Events for one [RP] less. You may only have one of this card in play.			Community	The Return (3x14)	XF08-0465x2
407fa19a-289f-49e7-919f-abf34c53528b	The Ultimate Secret	x-files-ccg/12-fire-walk-with-me/XFilesCcg-12FireWalkWithMe-TheUltimateSecret.jpg	default	Bluff	12 - Fire Walk With Me	12 - Fire Walk With Me	playerNDeck	5 CP	Bluff	Play this card to look at the top six cards of your opponent's Bureau deck. Choose and discard three of them, then return the rest to the top of their deck in any order.			Community	The Orchid's Curse	XF08-0434x2
3d9c5d29-835b-461f-913d-bd1ee8ecda6b	The Woodsmen, Sentinels of the Black Lodge	x-files-ccg/12-fire-walk-with-me/XFilesCcg-12FireWalkWithMe-TheWoodsmenSentinelsOfTheBlackLodge.jpg	default	Adversary	12 - Fire Walk With Me	12 - Fire Walk With Me	playerNDeck	5 CP	Adversary|Occult|Creature|Pawn	The LONG RANGE COMBAT round is skipped. At the beginning of each combat round you may discard 2 [CP] from your [CP] pool to heal 1 point of damage to the Woodsmen (only 1 damage token can be removed this way each round).	5		Community	The Return (3x08)	XF08-0410x2
40bc7c79-f078-40ab-ab3e-66cecf29e044	To Weak to Matter	x-files-ccg/12-fire-walk-with-me/XFilesCcg-12FireWalkWithMe-ToWeakToMatter.jpg	default	Bluff	12 - Fire Walk With Me	12 - Fire Walk With Me	playerNDeck	6 CP	Bluff|Liminal|Move	Play on any Team investigating a Site. Only Agents with a base value of 5 or more [RP] may contribute to that Site skill check.			Community	Beyond Life and Death	XF08-0436x2
46606410-24c2-43d4-8e24-caaa285afe05	Twin Peaks, WA	x-files-ccg/12-fire-walk-with-me/XFilesCcg-12FireWalkWithMe-TwinPeaksWA.jpg	default	Site	12 - Fire Walk With Me	12 - Fire Walk With Me	playerNDeck	1 RP	Site|Multi|Affiliation|Result|Criminal Investigation|Occult Investigation				Community	Pilot	XF08-0469x2
48b59858-56e0-4252-a7e4-7b6fb02b2ca7	Waldo	x-files-ccg/12-fire-walk-with-me/XFilesCcg-12FireWalkWithMe-Waldo.jpg	default	Witness	12 - Fire Walk With Me	12 - Fire Walk With Me	playerNDeck	5 RP	Witness|Behavioral|Criminal Investigation	Adds 3 to one Team's CRIMINAL INVESTIGATION or adds 2 to one Team's BEHAVIORAL skill check. If played after Adversary card 'Leland Palmer' attacked a Team, the cost of this card is halved.			Community	Realization Time	XF08-0481x2
48c54fa2-5507-4a28-a917-d9ffd46fbc10	William Hastings	x-files-ccg/12-fire-walk-with-me/XFilesCcg-12FireWalkWithMe-WilliamHastings.jpg	default	Witness	12 - Fire Walk With Me	12 - Fire Walk With Me	playerNDeck	4 RP	Witness|Subterfuge|Occult Investigation	Adds 3 to one Team's SUBTERFUGE or adds 2 to one Team's OCCULT INVESTIGATION skill check.			Community	The Return (3x09)	XF08-0483x2
74a7d3e7-c4e0-4f95-a2ed-c48dfd9fb537	William Hayward	x-files-ccg/12-fire-walk-with-me/XFilesCcg-12FireWalkWithMe-WilliamHayward.jpg	default	Witness	12 - Fire Walk With Me	12 - Fire Walk With Me	playerNDeck	4 RP	Witness|Sciences	Play to change the Site Prerequisite to Sciences 3+.			Community	Variations on Relations	XF08-0487x2
3d9e22e6-2870-4731-9ccc-0e6ac6db87cc	Windom Earle, Seeker of the Black Lodge	x-files-ccg/12-fire-walk-with-me/XFilesCcg-12FireWalkWithMe-WindomEarleSeekerOfTheBlackLodge.jpg	default	Adversary	12 - Fire Walk With Me	12 - Fire Walk With Me	playerNDeck	5 CP	Adversary|Occult|Possession|Master	If this Adversary's HEALTH is reduced to 0 during Combat, you may immediately play an Adversary card with a cost less than 5 from your discard pile, ignoring Activator requirements, at its normal cost. That Adversary immediately begins a normal Combat with the Team.	6		Community	Beyond Life and Death	XF08-0412x2
45fca2fb-1534-4e8a-9a44-72911e1770fd	Yankton Federal Prison, SD	x-files-ccg/12-fire-walk-with-me/XFilesCcg-12FireWalkWithMe-YanktonFederalPrisonSD.jpg	default	Site	12 - Fire Walk With Me	12 - Fire Walk With Me	playerNDeck	2 RP	Site|Multi|Method|Result|Computer|Occult Investigation				Community	The Return (3x05)	XF08-0467x2
914707d2-8bf1-47d9-9204-b5af2956f063	1213, 37th Place, Bethesda, Maryland	x-files-ccg/11-my-struggle/XFilesCcg-11MyStruggle-121337thPlaceBethesdaMaryland.jpg	default	Site	11 - My Struggle	11 - My Struggle	playerNDeck	1 RP	Site|Multi|Method|Result|Computer|Sciences				Community	Rm9sbG93ZXJz	XF08-0397x1
8f9a3fef-df38-44a8-ba7e-8d27cb1f5848	A war is never over	x-files-ccg/11-my-struggle/XFilesCcg-11MyStruggle-AWarIsNeverOver.jpg	default	Event	11 - My Struggle	11 - My Struggle	playerNDeck	3 RP	Event|Government|Resource	Place this card on Agent Skinner. While Skinner is in the Field, he gains +1 RES and +1 LRC. Each player may have only one of this card in play.			Community	Kitten	XF08-0382x1
8d9d4783-e6c6-44fb-adf7-46f9f11486b1	Agent Colquitt	x-files-ccg/11-my-struggle/XFilesCcg-11MyStruggle-AgentColquitt.jpg	default	Agent	11 - My Struggle	11 - My Struggle	playerNStarting	1 RP	Agent|FBI|Law		3		Community	This	XF08-0368x1
8d5ae084-eca1-452e-8678-413950ebe550	Agent Kyd Miller	x-files-ccg/11-my-struggle/XFilesCcg-11MyStruggle-AgentKydMiller.jpg	default	Agent	11 - My Struggle	11 - My Struggle	playerNStarting	5 RP	Agent|FBI|Law|Believer		4		Community	Babylon	XF08-0366x1
8d7d85f2-9b2a-48c8-a2da-81f0ba97b534	Agent Liz Einstein	x-files-ccg/11-my-struggle/XFilesCcg-11MyStruggle-AgentLizEinstein.jpg	default	Agent	11 - My Struggle	11 - My Struggle	playerNStarting	5 RP	Agent|FBI|Law|Skeptic		4		Community	Babylon	XF08-0367x1
8e1f8093-0196-4607-9941-b15bedc49091	Agent Murphy	x-files-ccg/11-my-struggle/XFilesCcg-11MyStruggle-AgentMurphy.jpg	default	Agent	11 - My Struggle	11 - My Struggle	playerNStarting	2 RP	Agent|FBI|Law|Neutral|Skeptic		4		Community	Founder's Mutation	XF08-0370x1
9065a6af-cadb-4420-99d5-7415919b3561	Answers to Everything	x-files-ccg/11-my-struggle/XFilesCcg-11MyStruggle-AnswersToEverything.jpg	default	Event	11 - My Struggle	11 - My Struggle	playerNDeck	5 RP	Event|Question	Play this card immediately after incorrectly guessing the identity of your opponent's X-File. You may ask one additional question about the same Characteristic (e.g., RESULT)'. Each player may have only one of this card in their deck. Remove this card from the game.			Community	The Lost Art of Forehead Sweat	XF08-0388x1
90a2f002-9a26-4223-9a38-b1ccc5b3a8a1	Arlington National Cemetery, Arlington County, Virginia	x-files-ccg/11-my-struggle/XFilesCcg-11MyStruggle-ArlingtonNationalCemeteryArlingtonCountyVirginia.jpg	default	Site	11 - My Struggle	11 - My Struggle	playerNDeck	1 RP	Site|Multi|Affiliation|Result|Bureaucracy|Subterfuge				Community	This	XF08-0394x1
8c5b88f6-c63b-4edd-baac-c7fae1771440	Autonomous Hunter	x-files-ccg/11-my-struggle/XFilesCcg-11MyStruggle-AutonomousHunter.jpg	default	Adversary	11 - My Struggle	11 - My Struggle	playerNDeck	5 CP	Adversary|Government|Phenomena	This Adversary fights only in LONG RANGE COMBAT rounds. Agents must add their COMPUTER skill to their LRC value (e.g. a COMPUTER skill of 2 and an LRC skill of 1 results in an LRC of 3). Continue LONG RANGE COMBAT rounds until all Agents are defeated or the Adversary's HEALTH reaches zero.	7		Community	Rm9sbG93ZXJz	XF08-0361x1
8c875d2d-a921-440f-9ed7-7fe25f2944bb	Beaumount's Bloodbound Cult	x-files-ccg/11-my-struggle/XFilesCcg-11MyStruggle-BeaumountsBloodboundCult.jpg	default	Adversary	11 - My Struggle	11 - My Struggle	playerNDeck	6 CP	Adversary|Occult|Creature|Master	The LONG RANGE COMBAT is skipped. When Barbara Beaumont enters play, place one damage token on each Agent in the attacking Team. At the end of each Combat round, after damage has been assigned, Barbara Beaumont heals two damage tokens for each Agent defeated that round, but only if her HEALTH is still above 0.	4		Community	Nothing Lasts Forever	XF08-0363x1
9079c716-2d0c-4a7e-a6e1-de981d9b4485	Classified Experiments	x-files-ccg/11-my-struggle/XFilesCcg-11MyStruggle-ClassifiedExperiments.jpg	default	Event	11 - My Struggle	11 - My Struggle	playerNDeck	3 RP	Event|Alien Investigation	Play after one of your Teams successfully investigated a Site with Alien Investigation skill as a prerequisite. Add 7 [RP] to your pool.			Community	My Struggle	XF08-0391x1
8c0b0898-0b5d-4302-8ba5-af1d1de13142	Commander Al's Covert Mission	x-files-ccg/11-my-struggle/XFilesCcg-11MyStruggle-CommanderAlsCovertMission.jpg	default	Adversary	11 - My Struggle	11 - My Struggle	playerNDeck	8 CP	Adversary|Government|Pawn|Creature	Damage caused by this Adversary may be split among all opponents (Directed Player's choice). This Adversary may use MARTIAL ARTS Combat cards.	9		Community	This	XF08-0358x1
8e1ff0ec-f279-44da-8cfe-4cc1f90170a5	Detective Aaron Dross	x-files-ccg/11-my-struggle/XFilesCcg-11MyStruggle-DetectiveAaronDross.jpg	default	Agent	11 - My Struggle	11 - My Struggle	playerNStarting	4 RP	Agent|Independent|Law		4		Community	Home Again	XF08-0371x1
8dc2ec9a-bad0-4689-94c0-0c6dd3f2d886	Detectove Costa	x-files-ccg/11-my-struggle/XFilesCcg-11MyStruggle-DetectoveCosta.jpg	default	Agent	11 - My Struggle	11 - My Struggle	playerNStarting	3 RP	Agent|Independent|Law		4		Community	Ghouli	XF08-0369x1
8f607b30-f2f0-4e44-b53c-b7886b0a8c67	DNA Vision Goggles	x-files-ccg/11-my-struggle/XFilesCcg-11MyStruggle-DNAVisionGoggles.jpg	default	Equipment	11 - My Struggle	11 - My Struggle	playerNDeck	6 RP	Equipment|Standard	Adds 2 to the Agent's MEDICAL and SCIENCES skills. You cannot sell this card during the Briefing phase to gain [CP] points.			Community	My Struggle (I)	XF08-0381x1
8c0ee2f5-e093-4d59-96dc-3e077bc45574	Double Trouble: Plus One	x-files-ccg/11-my-struggle/XFilesCcg-11MyStruggle-DoubleTroublePlusOne.jpg	default	Adversary	11 - My Struggle	11 - My Struggle	playerNDeck	6 CP	Adversary|Occult|Creature	This Adversary is an exact copy of any Agent card in the Team investigating this Site (your choice) and will engage in Combat only with that Agent. Follow normal Combat rules until one of the Agents (or both) reaches a HEALTH value of zero.	SPECIAL		Community	Plus One	XF08-0359x1
9214929d-6f27-44b3-9ab8-f3b948a936ee	Dr. Augustus Goldman	x-files-ccg/11-my-struggle/XFilesCcg-11MyStruggle-DrAugustusGoldman.jpg	default	Witness	11 - My Struggle	11 - My Struggle	playerNDeck	3 RP	Witness|Sciences	Play to change the Site Prerequisite to SCIENCES 3+.			Community	This	XF08-0399x1
92f168dd-fcc6-4111-a15d-f9c8ec3e42ae	Dr. Karah Hamby	x-files-ccg/11-my-struggle/XFilesCcg-11MyStruggle-DrKarahHamby.jpg	default	Witness	11 - My Struggle	11 - My Struggle	playerNDeck	3 RP	Witness|Computer	Play to change the Site Prerequisite to COMPUTER 3+.			Community	This	XF08-0402x1
924a9f67-1e2d-4a5b-b426-8d334489995a	Erika Price	x-files-ccg/11-my-struggle/XFilesCcg-11MyStruggle-ErikaPrice.jpg	default	Witness	11 - My Struggle	11 - My Struggle	playerNDeck	2 RP	Witness|Bureaucracy	Play to change the Site Prerequisite to BUREAUCRACY 3+. Your opponent may pay 3 [CP] to negate this Witness.			Community	This	XF08-0400x1
8f5a02d7-e131-4f57-b51d-d8a9e7850aa4	Goop-O A-B-C	x-files-ccg/11-my-struggle/XFilesCcg-11MyStruggle-GoopOABC.jpg	default	Equipment	11 - My Struggle	11 - My Struggle	playerNDeck	4 RP	Equipment|Special	Discard this card to add two to any of the Agent's skills. You can have only one of this card in your deck.			Community	The Lost Art of Forehead Sweat	XF08-0380x1
9309275c-ba2c-4ec9-b252-c12e7ecc0253	Guy Mann	x-files-ccg/11-my-struggle/XFilesCcg-11MyStruggle-GuyMann.jpg	default	Witness	11 - My Struggle	11 - My Struggle	playerNDeck	3 RP	Witness|Subterfuge	Play to change the Site Prerequisite to SUBTERFUGE 3+.			Community	Mulder and Scully Meet the Were-Monster	XF08-0403x1
8ba0a4a5-b4c3-4d2d-98d7-780fadbeb47e	High Frequency Wave	x-files-ccg/11-my-struggle/XFilesCcg-11MyStruggle-HighFrequencyWave.jpg	default	Adversary	11 - My Struggle	11 - My Struggle	playerNDeck	5 CP	Adversary|Evolutionary|Creature	The High Frequency Wave is unaffected by Combat attacks. It will attack once in one LONG RANGE COMBAT round and one CLOSE RANGE COMBAT round, then it is discarded.	3		Community	Founder's Mutation	XF08-0355x1
8ec8ef03-60d1-4861-bad5-132bae3e076e	Immunity for Loyalty	x-files-ccg/11-my-struggle/XFilesCcg-11MyStruggle-ImmunityForLoyalty.jpg	default	Bluff	11 - My Struggle	11 - My Struggle	playerNDeck	4 CP	Bluff|Alien Manipulation|Resource	Attach this card to any Agent in the Team investigating this Site. Each time this Agent contributes to a skill check, you must place a damage token on them. Remove this card when the Agent is sent to the Hospital with zero HEALTH. Only one of this card may be in play at a time.			Community	My Struggle (III)	XF08-0377x1
8c0f5e00-4dbd-4733-b272-0b8d884ce820	Kitten's Revenge	x-files-ccg/11-my-struggle/XFilesCcg-11MyStruggle-KittensRevenge.jpg	default	Adversary	11 - My Struggle	11 - My Struggle	playerNDeck	5 CP	Adversary|Government|Creature	The chosen Agent is the only one who may participate in Combat. The Kitten's Revenge may use SUBTERFUGE cards. If he attacks Assistant Director Walter Skinner, LRC is skipped.	5		Community	Kitten	XF08-0360x1
9012a870-9b69-48a5-8222-bf4b07678536	Langly's Afterlife	x-files-ccg/11-my-struggle/XFilesCcg-11MyStruggle-LanglysAfterlife.jpg	default	Event	11 - My Struggle	11 - My Struggle	playerNDeck	3 RP	Event	Force up to two face-down Bluff cards attached to one or different Sites to be discarded .			Community	This	XF08-0386x1
8cd8755e-1ab1-4584-85d1-65faf2b1e0e7	Lurking Coywolf	x-files-ccg/11-my-struggle/XFilesCcg-11MyStruggle-LurkingCoywolf.jpg	default	Adversary	11 - My Struggle	11 - My Struggle	playerNDeck	6 CP	Adversary|Occult|Creature		9		Community	Familiar	XF08-0364x1
8e6398ab-74b1-4849-8925-b84ee318d400	Magical Mystery Tour	x-files-ccg/11-my-struggle/XFilesCcg-11MyStruggle-MagicalMysteryTour.jpg	default	Bluff	11 - My Struggle	11 - My Struggle	playerNDeck	5 CP	Bluff	Decrease all of the skills levels on one Agent (your choice) by 2 for this turn only. Then, regardless of whether the Site Prerequisite is met or not, move the Agent to the Hospital with one damage token.			Community	Babylon	XF08-0373x1
8c71b279-8db8-4064-8993-842f72be1fe9	Mr. Chuckle Teeth	x-files-ccg/11-my-struggle/XFilesCcg-11MyStruggle-MrChuckleTeeth.jpg	default	Adversary	11 - My Struggle	11 - My Struggle	playerNDeck	5 CP	Adversary|Occult|Phenomena	When you play Mr. Chuckleteeth, your opponent must choose two Agents. Send all other Agents are sent to the Hospital with zero HEALTH. Then, discard this Adversary.	SPECIAL		Community	Familiar	XF08-0362x1
8d1a2049-7e27-4c8d-9e72-e51e32dc8db6	Mr. Green	x-files-ccg/11-my-struggle/XFilesCcg-11MyStruggle-MrGreen.jpg	default	Adversary	11 - My Struggle	11 - My Struggle	playerNDeck	5 CP	Adversary|Government|Pawn|Creature	Mr. Green may use MARTIAL ARTS and SUBTERFUGE cards. Each Agent wounded by Mr. Green may not contribute to any skill check this turn.	5		Community	Ghouli	XF08-0365x1
8bf33bbb-563b-4708-bef1-42b0a885e331	Mr. Y's Loyal Servant	x-files-ccg/11-my-struggle/XFilesCcg-11MyStruggle-MrYsLoyalServant.jpg	default	Adversary	11 - My Struggle	11 - My Struggle	playerNDeck	8 CP	Adversary|Government|Creature	The LONG RANGE COMBAT is skipped. This Adversary may attack a Team of Agents in the Bureau. During the Combat, the Bureau is considered to have a single Characteristic SITE Keyword. You may choose any one (e.g., RESULT SITE) and play this Adversary in the Bureau instead, following the usual Combat rules.	3		Community	My Struggle (III)	XF08-0357x1
8e58efee-5758-4fe1-b6de-3bae6e1d2195	Mr. Y's Manipulation	x-files-ccg/11-my-struggle/XFilesCcg-11MyStruggle-MrYsManipulation.jpg	default	Bluff	11 - My Struggle	11 - My Struggle	playerNDeck	5 CP	Bluff|Question|Secret	Play this card on a MULTI Site card. If the Team successfully investigates the Site after meeting the Site Prerequisite, you may choose the type of question your opponent may ask from the options listed on the Site card.			Community	My Struggle (IV)	XF08-0372x1
911d188a-5efe-4997-bc6c-43616aab4392	Mud Lick, Kentucky	x-files-ccg/11-my-struggle/XFilesCcg-11MyStruggle-MudLickKentucky.jpg	default	Site	11 - My Struggle	11 - My Struggle	playerNDeck	1 RP	Site|Multi|Motive|Method|Result|Bureaucracy|Subterfuge				Community	Kitten	XF08-0396x1
907aadfe-11df-4499-a388-14c4aced676d	No one is safe	x-files-ccg/11-my-struggle/XFilesCcg-11MyStruggle-NoOneIsSafe.jpg	default	Event	11 - My Struggle	11 - My Struggle	playerNDeck	4 CP	Event|Resource	For the remainder of this turn, a Site in the Field (your choice) is considered to have a single Characteristic Characteristic SITE Keyword. You may choose any one Characteristic for the Keyword (i.e., RESULT SITE).			Community	Plus One	XF08-0392x1
8fb2b611-5e8c-43e1-8746-3e92c8ba6aad	No Witness Left	x-files-ccg/11-my-struggle/XFilesCcg-11MyStruggle-NoWitnessLeft.jpg	default	Event	11 - My Struggle	11 - My Struggle	playerNDeck	2 CP	Event|Alien|Abduction|Resource	Place this card on your opponent's Field. If your opponent plays an Agent or Witness card from their hand, that card is abducted and placed under this one. On their next turn, your opponent may play the abducted card as usual at no cost. Then, discard this card.			Community	My Struggle	XF08-0383x1
915c5d0e-3c0a-4a44-bcb7-a4b3a647b790	Norfolk, VA	x-files-ccg/11-my-struggle/XFilesCcg-11MyStruggle-NorfolkVA.jpg	default	Site	11 - My Struggle	11 - My Struggle	playerNDeck	1 RP	Site|Multi|Method|Result|Evidence Collection|Observation				Community	Ghouli	XF08-0398x1
9008c2db-84d9-4bcc-986c-41664c5511ea	Pillow Talk	x-files-ccg/11-my-struggle/XFilesCcg-11MyStruggle-PillowTalk.jpg	default	Event	11 - My Struggle	11 - My Struggle	playerNDeck	1 RP	Event|Phenomena	Play this card immediately after a Witness card is played. Double the skill value provided by the Witness for the current skill check (i.e.: a Witness with COMPUTER +2 becomes COMPUTER +4).			Community	Mulder and Scully Meet the Were-Monster	XF08-0385x1
8ed71be5-95bb-419f-8957-91ab9abb3ed8	Protector's Charm	x-files-ccg/11-my-struggle/XFilesCcg-11MyStruggle-ProtectorsCharm.jpg	default	Equipment	11 - My Struggle	11 - My Struggle	playerNDeck	5 RP	Equipment|Mystic	When this card enters play, choose one Adversary Keyword (i.e.: ALIEN). Adversaries with chosen Keyword may not deal any damage to this Agent. If the Agent is the only eligible target, the damage is halved.			Community	Babylon	XF08-0378x1
8e8f87d2-d10c-47d1-977f-7bc177fa3ff5	Quid Pro Quo	x-files-ccg/11-my-struggle/XFilesCcg-11MyStruggle-QuidProQuo.jpg	default	Bluff	11 - My Struggle	11 - My Struggle	playerNDeck	5 CP	Bluff|Government|Question|Secret	If the Team investigating this Site successfully meets the Site Prerequisite, you must reveal one of your X-File's characteristics to your opponent (their choice), and your opponent must reveal the same characteristic to you. Remove this card from play. You may only have one of this card in your deck.			Community	My Struggle (II)	XF08-0375x1
9000db7d-4ba8-4313-b495-ab66b2919330	Roswell Cover Up	x-files-ccg/11-my-struggle/XFilesCcg-11MyStruggle-RoswellCoverUp.jpg	default	Event	11 - My Struggle	11 - My Struggle	playerNDeck	6 CP	Event|Alien	Play this card during the Briefing phase. Force the Active player to remove one [RP] card already in play with the Keyword SITE, EQUIPMENT or RESOURCE from their side of the game (their choice). Then, search your opponent Discard Pile and remove one card of your choice from the game.			Community	My Struggle	XF08-0384x1
911a900c-7f78-4980-9d86-1058fc7b5af6	Saint Elizabeth Hospital, Washington, D.C.	x-files-ccg/11-my-struggle/XFilesCcg-11MyStruggle-SaintElizabethHospitalWashingtonDC.jpg	default	Site	11 - My Struggle	11 - My Struggle	playerNDeck	1 RP	Site|Multi|Motive|Method|Bureaucracy|Sciences				Community	Founder's Mutation	XF08-0395x1
92ac46e2-5de3-422b-8714-8166341abc7f	Sheriff Mac Stenzler	x-files-ccg/11-my-struggle/XFilesCcg-11MyStruggle-SheriffMacStenzler.jpg	default	Witness	11 - My Struggle	11 - My Struggle	playerNDeck	3 RP	Witness|Observation	Play to change the Site Prerequisite to OBSERVATION 3+. Your opponent may pay 3 [CP] to negate this Witness.			Community	Kitten	XF08-0401x1
90764535-5604-476d-a83f-a11554e5274d	Sister in Arms	x-files-ccg/11-my-struggle/XFilesCcg-11MyStruggle-SisterInArms.jpg	default	Event	11 - My Struggle	11 - My Struggle	playerNDeck	4 RP	Event|Resource	You play an Agent card from your hand at no cost (tokens included). The Agent cannot investigate any Site, but you may use their game effect. At the end of your turn, remove this card and the Agent from the game.			Community	My Struggle (II)	XF08-0390x1
8ef1ba97-ad0b-4c49-9988-12c3e54a57e5	Smart Phone	x-files-ccg/11-my-struggle/XFilesCcg-11MyStruggle-SmartPhone.jpg	default	Equipment	11 - My Struggle	11 - My Struggle	playerNDeck	3 RP	Equipment|Electrical|Special	Discard this card to search through your Bureau deck for a Witness card. Shuffle your deck, and immediately play the Witness card at no cost.			Community	My Struggle	XF08-0379x1
93168a82-fb64-424b-a876-b07155dc419c	Sveta Zatylny	x-files-ccg/11-my-struggle/XFilesCcg-11MyStruggle-SvetaZatylny.jpg	default	Witness	11 - My Struggle	11 - My Struggle	playerNDeck	1 RP	Witness|Alien Investigation	Adds 2 to one Agent's ALIEN INVESTIGATION skill check. Your opponent may pay 3 [CP] to negate this Witness.			Community	My Struggle	XF08-0405x1
930ba7d7-a34a-405d-a2cc-bded7713b8cd	Tad O'Malley'	x-files-ccg/11-my-struggle/XFilesCcg-11MyStruggle-TadOMalley.jpg	default	Witness	11 - My Struggle	11 - My Struggle	playerNDeck	4 RP	Witness|Alien Investigation|Bureaucracy	Adds 3 to one Team's ALIEN INVESTIGATION or adds 2 to one Team's BUREAUCRACY skill check.			Community	My Struggle	XF08-0404x1
8bd539db-5072-4b3f-9c3c-72e443b33de5	The Band-Aid Nose Man	x-files-ccg/11-my-struggle/XFilesCcg-11MyStruggle-TheBandAidNoseMan.jpg	default	Adversary	11 - My Struggle	11 - My Struggle	playerNDeck	4 CP	Adversary|Primordial|Creature	The LONG RANGE COMBAT round is skipped. This Adversary can only attack Teams that consist of a single Agent, including Teams that originally had more Agents but were reduced to one after a Combat.	5		Community	Home Again	XF08-0356x1
901612da-0ceb-4251-8e8a-61ba05bda557	The Mandela Effect	x-files-ccg/11-my-struggle/XFilesCcg-11MyStruggle-TheMandelaEffect.jpg	default	Event	11 - My Struggle	11 - My Struggle	playerNDeck	5 *P	Event	When a team of Agents contributes to a single skill check this turn, they use the following swapped skills: ALIEN INVESTIGATION ↔ BUREAUCRACY, BEHAVIORAL ↔ OCCULT INVESTIGATION, COMPUTER ↔ SCIENCES, OBSERVATION ↔ MEDICAL. If a skill is missing, its value is 0. Remove this card from play.			Community	The Lost Art of Forehead Sweat	XF08-0387x1
8e65bb6f-6cda-4d04-b798-7783f23c6484	The System is Watching	x-files-ccg/11-my-struggle/XFilesCcg-11MyStruggle-TheSystemIsWatching.jpg	default	Bluff	11 - My Struggle	11 - My Struggle	playerNDeck	4 CP	Bluff	Play this card to examine your opponent's hand. Select one Active card. If your opponent plays that card this turn, subtract 4 points from their Team's Site skill check.			Community	Rm9sbG93ZXJz	XF08-0374x1
8e90bcb9-1ee9-4503-a92a-f2797b5671e2	This Never Happened	x-files-ccg/11-my-struggle/XFilesCcg-11MyStruggle-ThisNeverHappened.jpg	default	Bluff	11 - My Struggle	11 - My Struggle	playerNDeck	6 CP	Bluff	Play this card to force the investigating player to discard their entire hand.			Community	My Struggle (III)	XF08-0376x1
908859b6-9458-44fb-bc83-84f30ca4d641	Where is Walter Skinner?	x-files-ccg/11-my-struggle/XFilesCcg-11MyStruggle-WhereIsWalterSkinner.jpg	default	Event	11 - My Struggle	11 - My Struggle	playerNDeck	1 RP	Event|Move	Play this card to allow Assistant Director Walter Skinner to leave the Bureau and join any Team in the Field, unless an Adversary has already forced combat. During your Debriefing Phase, if Skinner remains in the Field, you may move him back to the Bureau.			Community	Kitten	XF08-0393x1
906fcdb5-85f7-4cf8-aec0-d60408e44d23	You see what I want you to see	x-files-ccg/11-my-struggle/XFilesCcg-11MyStruggle-YouSeeWhatIWantYouToSee.jpg	default	Event	11 - My Struggle	11 - My Struggle	playerNDeck	5 RP	Event|Negate	Discard two cards at random from your hand to negate any [CP] card played by your opponent. Each player may only have one of this card in their deck.			Community	Ghouli	XF08-0389x1
c10134f3-2046-47a8-9ddd-6a59065ce0f3	A Final Choice	x-files-ccg/06-promo/XFilesCcg-06Promo-AFinalChoice.jpg	default	Bluff	06 - Promo	06 - Promo	playerNDeck	9 CP	Bluff|Government|Resource	Play this card to immediately move one opposing Agent to the Hospital. Place this card beneath the Agent and place five tokens on the Agent (seven tokens if played on Agent Mulder). Remove a token during the Agent's Healing Phase. When all tokens have been removed, discard this card. The Agent may leave the Hospital when all tokens have been removed.				Gethsemane	PR97-0003-BBB
c047340b-11a8-4142-af58-a789aade20e3	Agent Henderson	x-files-ccg/06-promo/XFilesCcg-06Promo-AgentHenderson.jpg	default	Agent	06 - Promo	06 - Promo	playerNStarting	3 RP	Agent|FBI|Law		3			Young At Heart	PR96-0006-DUE
bff6d87a-bdc8-42d2-915c-b54e754119cf	Alien Technology	x-files-ccg/06-promo/XFilesCcg-06Promo-AlienTechnology.jpg	default	Event	06 - Promo	06 - Promo	playerNDeck	2 RP	Event|Resource|Alien|Government	Play after one of your Teams successfully investigates a Site with ALIEN INVESTIGATION or BUREAUCRACY skill as a prerequisite. Place this card in your Bureau. Discard this card to negate one ALIEN or GOVERNMENT Adversary.				The Erlenmeyer Flask	PR96-0003-GAM
c0edf01e-dacc-41e7-b250-4bc53479e8be	Believe The Lie	x-files-ccg/06-promo/XFilesCcg-06Promo-BelieveTheLie.jpg	default	Event	06 - Promo	06 - Promo	playerNDeck	12 CP	Event|Government|Alien Investigation	Exchange your X-File with ALIEN Affiliation with any X-File with GOVERNMENT Affiliation.				Gethsemane	PR97-0001-BBB
c2c322fd-9232-47dd-949b-0304e604a043	Blue Plate Special	x-files-ccg/06-promo/XFilesCcg-06Promo-BluePlateSpecial.jpg	default	Event	06 - Promo	06 - Promo	playerNDeck	0 *P	Event	Play this card and flip over the next card on your Bureau Deck. If that card is playable this turn you may do so for zero [RP] or [CP]. If you do not play it this turn, move the card to your discard pile.				Piper Maru	PR97-0009-GMR
c294d43c-d134-48e1-b4ba-c16624935c72	Call On Us More Often	x-files-ccg/06-promo/XFilesCcg-06Promo-CallOnUsMoreOften.jpg	default	Event	06 - Promo	06 - Promo	playerNDeck	2 RP	Event	Play this card to search through your Bureau Deck and add one of the following cards to your hand: No One So Paranoid, The Lone Gunmen, Langly, Frohike, or Byers. If you play the chosen card immediately, you may do so for half Cost (round up).				Apocrypha	PR97-0007-BOX
c01d173c-0df5-44b8-8ff3-614050ef6222	Chester Bonaparte, The Spirit Guide	x-files-ccg/06-promo/XFilesCcg-06Promo-ChesterBonaparteTheSpiritGuide.jpg	default	Event	06 - Promo	06 - Promo	playerNDeck	5 RP	Event|Negate|Question|Occult|Phenomena	Negate one OCCULT Adversary. In addition, if the Team makes an OCCULT INVESTIGATION skill check of 6+, they may ask either one METHOD question or one RESULT question.				Fresh Bones	PR96-0005-GMR
c31a02b1-dc09-4585-8bb5-2db90ab87a7e	Deny Everything	x-files-ccg/06-promo/XFilesCcg-06Promo-DenyEverything.jpg	default	Event	06 - Promo	06 - Promo	playerNDeck	8 CP	Event	Play this card immediately after your opponent asks you a question. You may respond with this phrase: "I can neither confirm nor deny that assumption." After playing this card remove it from the game.				Anasazi	PR97-0999-DNY
c2daf7e3-895d-42d6-a994-6da2781a4861	Die Hand Die Verletzt	x-files-ccg/06-promo/XFilesCcg-06Promo-DieHandDieVerletzt.jpg	default	Event	06 - Promo	06 - Promo	playerNDeck	7 CP	Event|Phenomena	Spielen Sie diese Karte zum Durchsuchen Ihres Büro Stapels. Dann wählen Sie einen OCCULT Gegner, mit dem Sie automatisch den AgentenTeam zur Ortserkundung angehören. Der OCCULT Gegner kann anstatt der 0 [CP] gespielt werden, unter Mißachtung der Aktivierungs-Anforderungen.English Translation: You may search your Bureau deck and take any Occult Creature and you may play it on the agents team making the skill check. You may play it at any site. (Meaning you can play an Adversary with Activator Affiliation on a Motive, Method, or Result site as well.) This costs 0 [CP].				Die Hand Die Verletzt	PR97-0011-DEU
bfb068b6-981f-43a7-bb66-1ab6eaa3c84c	Fighter Interceptor	x-files-ccg/06-promo/XFilesCcg-06Promo-FighterInterceptor.jpg	default	Event	06 - Promo	06 - Promo	playerNDeck	4 RP	Event|Negate	Negates an Alien Adversary.				E.B.E.	PR96-0002-INQ
c107f6dc-0a82-46ee-b365-e89ab547dd14	Good Fortune	x-files-ccg/06-promo/XFilesCcg-06Promo-GoodFortune.jpg	default	Event	06 - Promo	06 - Promo	playerNDeck	2 RP	Event	Once this card is played, only the Investigating player may play Events while investigating this Site, except for Events which would negate this card. Discard this card when the Site is discarded.				Clyde Bruckman's Final Repose	PR97-0004-BOX
c0f8f201-53e1-42ca-8031-e874b51cb583	Infected That You Might Believe	x-files-ccg/06-promo/XFilesCcg-06Promo-InfectedThatYouMightBelieve.jpg	default	Event	06 - Promo	06 - Promo	playerNDeck	6 CP	Event|Government|Resource	Play this card and place it beneath one Agent to lower all of that Agent's skill levels by 1. This cannot result in a skill being negative or permanent Health being less than 1. When played on Agent Dana Scully, the conspiracy player may choose to force Scully to spend every other turn in the Hospital (if this option is chosen, Scully's skills are not reduced). This choice must be made when the card is played and cannot be changed later. Healing cards will negate this card.				Gethsemane	PR97-0002-BBB
c2d4d5c5-f9e6-4300-92d9-5ef9c617d78d	Je Vois Quelque Chose La Au-Dessous	x-files-ccg/06-promo/XFilesCcg-06Promo-JeVoisQuelqueChoseLaAuDessous.jpg	default	Event	06 - Promo	06 - Promo	playerNDeck	2 *P	Event|Phenomena	Recherchez dans votre paquet de cartes FBI et choisissez une carte ALIEN Mot-clé ou ALIEN INVESTIGATION. Montrez cette carte à votre adversaire, ajoutez-la à votre jeu et mélangez le paquet de cartes FBI.English Translation: Search your Bureau deck and choose one keyword ALIEN or ALIEN INVESTIGATION card. Show this card to your opponent, add it to your hand and shuffle your Bureau deck.				Piper Maru	PR97-0010-FRN
c138e71a-d42c-4c18-ab7f-aab97e790a0e	Mulligan	x-files-ccg/06-promo/XFilesCcg-06Promo-Mulligan.jpg	default	Event	06 - Promo	06 - Promo	playerNDeck	3 *P	Event	Discard your entire hand and draw seven cards from the top of your Bureau Deck.				Pusher	PR97-0005-INQ
c013fa05-1f02-4e42-bbaa-c6a24d3ac2e2	No One So Paranoid	x-files-ccg/06-promo/XFilesCcg-06Promo-NoOneSoParanoid.jpg	default	Event	06 - Promo	06 - Promo	playerNDeck	5 RP	Event	Play this card to gain one of the following: Adds +1 to Computer skill, negates one Event, or discard one Bluff card from a site.				E.B.E.	PR96-0004-GCON
c2f4d0da-2842-4a9b-985b-dfdf79e17d0c	Not On The Menu	x-files-ccg/06-promo/XFilesCcg-06Promo-NotOnTheMenu.jpg	default	Event	06 - Promo	06 - Promo	playerNDeck	2 *P	Event|Bureaucracy	Draw 2 cards from the top of your Bureau deck and add them to your hand.				Piper Maru	PR97-0012-COM
c139b0f6-2706-4f72-a9ee-40c3ff075537	Smoke and Mirrors (v1)	x-files-ccg/06-promo/XFilesCcg-06Promo-SmokeAndMirrorsV1.jpg	default	Event	06 - Promo	06 - Promo	playerNDeck	3 RP	Event	Apply a +1 modifier to any skill check.				Humbug	PR97-0006-SC1
c19ad1f9-8c81-4e8c-89b6-c2fd415517dd	Smoke and Mirrors (v2)	x-files-ccg/06-promo/XFilesCcg-06Promo-SmokeAndMirrorsV2.jpg	default	Event	06 - Promo	06 - Promo	playerNDeck	3 CP	Event	Apply a -1 modifier to any skill check.				Humbug	PR97-0006-SC2
c19c7f0a-dc24-4fc9-9759-a12aef5c13a7	Smoke and Mirrors (v3)	x-files-ccg/06-promo/XFilesCcg-06Promo-SmokeAndMirrorsV3.jpg	default	Event	06 - Promo	06 - Promo	playerNDeck	4 RP	Event	Apply a +2 modifier to any one opponent skill check.				Humbug	PR97-0006-SC3
c1e933f8-c99c-4401-a598-00eb17548c09	Smoke and Mirrors (v4)	x-files-ccg/06-promo/XFilesCcg-06Promo-SmokeAndMirrorsV4.jpg	default	Event	06 - Promo	06 - Promo	playerNDeck	4 CP	Event	Apply a -2 modifier to any one opponent skill check				Humbug	PR97-0006-SC4
c213c928-58e8-4fb5-a57b-a686234516ff	Smoke and Mirrors (v5)	x-files-ccg/06-promo/XFilesCcg-06Promo-SmokeAndMirrorsV5.jpg	default	Event	06 - Promo	06 - Promo	playerNDeck	5 *P	Event	Apply a +3 or -3 (your choice) modifier to any skill check.				Humbug	PR97-0006-SC5
c0803472-4545-45a6-8f3a-653e4d72bed3	Teamwork	x-files-ccg/06-promo/XFilesCcg-06Promo-Teamwork.jpg	default	Event	06 - Promo	06 - Promo	playerNDeck	0 RP	Event	Play this card on any Team consisting of no more than two Agents during the Investigation Phase when they are sent to investigate a Site. You may add a number of tokens to the [RP] pool equal to the Agents' total RES value.				E.B.E.	PR96-0007-SUR
bf7e9942-6b95-494e-a03a-7422e7848924	The Dark Angel	x-files-ccg/06-promo/XFilesCcg-06Promo-TheDarkAngel.jpg	default	Adversary	06 - Promo	06 - Promo	playerNDeck	10 CP	Adversary|Occult|Creature|Phenomena|Master	The Dark Angel can play all combat cards for one [CP] less.	10			Die Hand Die Verletzt	PR96-0001-SCR
5b7046ae-1a27-4e71-9a73-b495bcf9fbac	1501, Larkspur Lane, Maryland	x-files-ccg/10-i-want-to-believe/XFilesCcg-10IWantToBelieve-1501LarkspurLaneMaryland.jpg	default	Site	10 - I Want to Believe	10 - I Want to Believe	playerNDeck	2 RP	Site|Mono|Method|Occult Investigation				Community	How the Ghosts Stole Christmas	XF08-0044v1
76685582-cfa1-4ce9-ade3-26b40ec83096	A Bit of Light	x-files-ccg/10-i-want-to-believe/XFilesCcg-10IWantToBelieve-ABitOfLight.jpg	default	Event	10 - I Want to Believe	10 - I Want to Believe	playerNDeck	1 RP	Event	Play on an Agent to allow that Agent to use their EVIDENCE COLLECTION skill number for any CRIMINAL INVESTIGATION Or BEHAVIORAL skill check.			Community	Tooms	XF08-0229v1
89f3e06b-eb1b-4488-85fc-d580ea1a9460	A Privileged Mind	x-files-ccg/10-i-want-to-believe/XFilesCcg-10IWantToBelieve-APrivilegedMind.jpg	default	Event	10 - I Want to Believe	10 - I Want to Believe	playerNDeck	1 *P	Event	Play this card to look at the top three cards of your Bureau deck. Then, you may place them back in any order.			Community	The End	PR08-006-RCZ-en
6f587f61-ec48-45d6-a7a8-0e4488844819	Adam Pierce	x-files-ccg/10-i-want-to-believe/XFilesCcg-10IWantToBelieve-AdamPierce.jpg	default	Witness	10 - I Want to Believe	10 - I Want to Believe	playerNDeck	4 RP	Witness|Sciences|Alien Investigation	Adds 3 to one Team's SCIENCES or adds 2 to one Team's ALIEN INVESTIGATION skill check.			Community	Firewalker	XF08-0177v1
57d1750f-24df-4607-8864-6a0f96b545c7	Adversary's Rebirth	x-files-ccg/10-i-want-to-believe/XFilesCcg-10IWantToBelieve-AdversarysRebirth.jpg	default	Combat	10 - I Want to Believe	10 - I Want to Believe	playerNDeck	2 CP	Combat|Evolutionary	Play this card on an Evolutionary Adversary immediately after the Combat has ended, when that Adversary played is sent to the Discard Pile. You can start another Combat with the same Adversary for half cost (rounded up) against the same Team of Agents.			Community	Leonard Betts	XF08-0012v1
6ab6ae5b-d29c-497e-b7c3-87f51025fea5	Agent Ambrose Chapel	x-files-ccg/10-i-want-to-believe/XFilesCcg-10IWantToBelieve-AgentAmbroseChapel.jpg	default	Agent	10 - I Want to Believe	10 - I Want to Believe	playerNStarting	2 RP	Agent|Independent|Law		4		Community	Colony	XF08-0147v1
69b2d2b4-ec8e-451a-ae66-78ef904c3d09	Agent Chesty Short	x-files-ccg/10-i-want-to-believe/XFilesCcg-10IWantToBelieve-AgentChestyShort.jpg	default	Agent	10 - I Want to Believe	10 - I Want to Believe	playerNStarting	2 RP	Agent|FBI|Law|Skeptic		3		Community	Requiem	XF08-0137v1
6b26c02d-2a4a-4559-8eed-7451277ff3e8	Agent Craig Willmore	x-files-ccg/10-i-want-to-believe/XFilesCcg-10IWantToBelieve-AgentCraigWillmore.jpg	default	Agent	10 - I Want to Believe	10 - I Want to Believe	playerNStarting	3 RP	Agent|FBI|Law|Believer		3		Community	X-Files Game (PC/Playstation)	XF08-0149v1
6a95a147-f588-417b-8491-c4312bbebfa9	Agent Diana Fowley	x-files-ccg/10-i-want-to-believe/XFilesCcg-10IWantToBelieve-AgentDianaFowley.jpg	default	Agent	10 - I Want to Believe	10 - I Want to Believe	playerNStarting	5 RP	Agent|FBI|Law|Believer		4		Community	One Son	XF08-0143v1
69604e12-e09e-4aaf-814b-fe4b64fdfc7e	Agent Flagler	x-files-ccg/10-i-want-to-believe/XFilesCcg-10IWantToBelieve-AgentFlagler.jpg	default	Agent	10 - I Want to Believe	10 - I Want to Believe	playerNStarting	3 RP	Agent|FBI|Law		3		Community	Sein und Zeit	XF08-0136v1
666537bc-c4b0-4575-b55d-777da116ffcf	Agent Gene Crane	x-files-ccg/10-i-want-to-believe/XFilesCcg-10IWantToBelieve-AgentGeneCrane.jpg	default	Agent	10 - I Want to Believe	10 - I Want to Believe	playerNStarting	2 RP	Agent|FBI|Law|Skeptic		4		Community	Within	XF08-0117v1
6768428c-7b93-46b7-b288-30e394276875	Agent Hedin	x-files-ccg/10-i-want-to-believe/XFilesCcg-10IWantToBelieve-AgentHedin.jpg	default	Agent	10 - I Want to Believe	10 - I Want to Believe	playerNStarting	2 RP	Agent|FBI|Law		4		Community	Gethsemane	XF08-0124v1
6920322a-58cb-427e-9003-b9d060695896	Agent Jeffrey Spender	x-files-ccg/10-i-want-to-believe/XFilesCcg-10IWantToBelieve-AgentJeffreySpender.jpg	default	Agent	10 - I Want to Believe	10 - I Want to Believe	playerNStarting	4 RP	Agent|FBI|Law|Skeptic		4		Community	Two Fathers	XF08-0134v1
691c52a5-ec1a-4e74-8893-3035ba6e29de	Agent John Doggett	x-files-ccg/10-i-want-to-believe/XFilesCcg-10IWantToBelieve-AgentJohnDoggett.jpg	default	Agent	10 - I Want to Believe	10 - I Want to Believe	playerNStarting	6 RP	Agent|FBI|Law|Skeptic		4		Community	Without	XF08-0133v1
8b2c9421-1069-400f-9207-a3d2f53bf3c2	Agent Kallenbrunner	x-files-ccg/10-i-want-to-believe/XFilesCcg-10IWantToBelieve-AgentKallenbrunner.jpg	default	Agent	10 - I Want to Believe	10 - I Want to Believe	playerNStarting	5 CP	Agent|FBI|Law|Skeptic		4		Community	The Truth	PR08-010-ASE
71fedc03-1546-4378-bdad-635f047c3b8f	Agent Krycek, Killed by Skinner	x-files-ccg/10-i-want-to-believe/XFilesCcg-10IWantToBelieve-AgentKrycekKilledBySkinner.jpg	default	Event	10 - I Want to Believe	10 - I Want to Believe	playerNDeck	10 CP	Event|Killer|Alien Investigation	If your opponent includes Agent Krycek in any skill check in the Field, Agent Krycek is instantly killed and removed from the game.			Community	Existence	XF08-0203v1
6899a843-bd48-4202-846c-71188298ecb6	Agent Leyla Harrison	x-files-ccg/10-i-want-to-believe/XFilesCcg-10IWantToBelieve-AgentLeylaHarrison.jpg	default	Agent	10 - I Want to Believe	10 - I Want to Believe	playerNStarting	4 RP	Agent|FBI|Law|Believer		3		Community	Scary Monsters	XF08-0130v1
5757c051-9a01-4e48-b659-8397b961366d	Agent Medical Escort	x-files-ccg/10-i-want-to-believe/XFilesCcg-10IWantToBelieve-AgentMedicalEscort.jpg	default	Combat	10 - I Want to Believe	10 - I Want to Believe	playerNDeck	2 RP	Combat|Healing	One Agent (your choice) may immediately "escort" another Agent in the same Team if forced to go to the Hospital (only if chosen Agent is not required to go to the Hospital too). The escorted Agent may remove three additional points of damage while being accompanied during the next healing phase.			Community	Apocrypha	XF08-0009v1
68f20cdd-4f32-41bf-87b5-bc2dcd7fba37	Agent Monica Reyes	x-files-ccg/10-i-want-to-believe/XFilesCcg-10IWantToBelieve-AgentMonicaReyes.jpg	default	Agent	10 - I Want to Believe	10 - I Want to Believe	playerNStarting	6 RP	Agent|FBI|Law|Believer		5		Community	Lord of the flies	XF08-0131v1
7c4c7b4e-6e0b-46d3-aef2-27967d730c99	Agent Monica Reyes at Death's Door	x-files-ccg/10-i-want-to-believe/XFilesCcg-10IWantToBelieve-AgentMonicaReyesAtDeathsDoor.jpg	default	Event	10 - I Want to Believe	10 - I Want to Believe	playerNDeck	9 CP	Event|Occult|Killer	If your opponent includes Agent Monica Reyes in any skill check in the Field, the Agent is instantly killed and removed from the game. Your opponent may play the card Audrey Pauley to negate the effects of this card. Agent Monica Reyes takes no damage and Audrey Pauley is killed instead. Remove the Witness card from the game, whether it was already in play or not.			Community	Audrey Pauley	XF08-0273v1
688a7d7c-b690-4e31-a62c-d339f4b79ac6	Agent Mosley Drummy	x-files-ccg/10-i-want-to-believe/XFilesCcg-10IWantToBelieve-AgentMosleyDrummy.jpg	default	Agent	10 - I Want to Believe	10 - I Want to Believe	playerNStarting	4 RP	Agent|FBI|Law|Skeptic		4		Community	I Want to Believe	XF08-0129v1
70eaade0-0aaf-40b3-bd99-c7c69188049e	Agent on Demand	x-files-ccg/10-i-want-to-believe/XFilesCcg-10IWantToBelieve-AgentOnDemand.jpg	default	Event	10 - I Want to Believe	10 - I Want to Believe	playerNDeck	3 RP	Event|Resource	Search through your Bureau Deck and select an Agent with a Cost of 3 or less [RP] (X), and place it in the Bureau section with this card attached. If this card is negated, remove it as well as the selected Agent from the game. During the Briefing Phase, pay X [RP] upkeep or discard this card and the selected Agent. Ignore the Agent's Game Effect.			Community	The X-Files Game	XF08-0195v1
71717f58-40bd-4791-a965-b24862e6b10b	Agent Pathogen Treatment	x-files-ccg/10-i-want-to-believe/XFilesCcg-10IWantToBelieve-AgentPathogenTreatment.jpg	default	Event	10 - I Want to Believe	10 - I Want to Believe	playerNDeck	2 RP	Event|Alien Manipulation|Medical|Healing|Secret	Play this card to negate any Keyword ALIEN MANIPULATION card or to heal 1 point of damage on any Agent in the Hospital.			Community	The Red and the Black	XF08-0200v1
6a5a4e2a-ca4f-4e87-a9ed-1c8a8299c520	Agent Peyton Ritter	x-files-ccg/10-i-want-to-believe/XFilesCcg-10IWantToBelieve-AgentPeytonRitter.jpg	default	Agent	10 - I Want to Believe	10 - I Want to Believe	playerNStarting	4 RP	Agent|FBI|Law|Skeptic		4		Community	Tithonus	XF08-0142v1
66882aaa-655d-4868-9013-2824e5412e5d	Agent Rice	x-files-ccg/10-i-want-to-believe/XFilesCcg-10IWantToBelieve-AgentRice.jpg	default	Agent	10 - I Want to Believe	10 - I Want to Believe	playerNStarting	5 RP	Agent|FBI|Law		4		Community	Folie à Deux	XF08-0119v1
6bd38199-ba44-4ca3-b65b-42001a8a768c	Agent Schoniger	x-files-ccg/10-i-want-to-believe/XFilesCcg-10IWantToBelieve-AgentSchoniger.jpg	default	Agent	10 - I Want to Believe	10 - I Want to Believe	playerNStarting	5 RP	Agent|FBI|Skeptic		4		Community	Closure	XF08-0153v1
6aa83549-b51a-4c78-979b-22c7b5f81c8b	Agent Thomas	x-files-ccg/10-i-want-to-believe/XFilesCcg-10IWantToBelieve-AgentThomas.jpg	default	Agent	10 - I Want to Believe	10 - I Want to Believe	playerNStarting	4 RP	Agent|FBI|Law|Believer		4		Community	Beyond the Sea	XF08-0145v1
63eae1af-cc7d-43eb-b7d2-6b9e98da3035	Agent's Verschwinden	x-files-ccg/10-i-want-to-believe/XFilesCcg-10IWantToBelieve-AgentsVerschwinden.jpg	default	Bluff	10 - I Want to Believe	10 - I Want to Believe	playerNDeck	7 CP	Bluff|Abduction	Select one Agent from the Team investigating this Site. That Agent, along with any cards attached beneath it, is placed face up twelve cards down into the owning player's Bureau deck. When the Agent card reaches the top of the deck, the Agent and all cards attached to it are immediately deployed to the Field (undamaged).			Community	Unruhe	XF08-0104v1
79e90e22-33f0-4aee-b050-e978096adeca	Agents' Recharge	x-files-ccg/10-i-want-to-believe/XFilesCcg-10IWantToBelieve-AgentsRecharge.jpg	default	Event	10 - I Want to Believe	10 - I Want to Believe	playerNDeck	2 RP	Event|Healing	Play this card at the beginning of the Case Assignment or the Investigation Phases to get an additional Healing phase this turn. After that extra phase, go directly to the Debriefing phase. Remove this card from the game.			Community	Hollywood AD	XF08-0256v1
6d72f5a7-ff92-4877-b438-2d722bf73e74	Alfred Fellig	x-files-ccg/10-i-want-to-believe/XFilesCcg-10IWantToBelieve-AlfredFellig.jpg	default	Witness	10 - I Want to Believe	10 - I Want to Believe	playerNDeck	3 RP	Witness|Negate|Occult Investigation	Adds 2 to the Agent's OCCULT INVESTIGATION skill check. Alternately, any card that would send Dana Scully to the Hospital may be negated by playing this card. If played this way, remove Alfred Fellig from the game. This card cannot be played during a Combat and it is not a Healing card.			Community	Tithonus	XF08-0168v1
63e88efe-160b-487b-9601-cbda04aef730	Alien Abduction	x-files-ccg/10-i-want-to-believe/XFilesCcg-10IWantToBelieve-AlienAbduction.jpg	default	Bluff	10 - I Want to Believe	10 - I Want to Believe	playerNDeck	4 CP	Bluff|Abduction	Force a Team in the Field to make an ALIEN INVESTIGATION 4+ skill check. If they fail, attach this card to any Agent in that Team (your choice) and remove the Agent from play. During the next Agent's controller Healing phase, move the Agent to the Hospital (undamaged).			Community	Requiem	XF08-0103v1
7b5fa05a-9619-40ce-9656-0e4509b45614	Alien DNA Drain	x-files-ccg/10-i-want-to-believe/XFilesCcg-10IWantToBelieve-AlienDNADrain.jpg	default	Event	10 - I Want to Believe	10 - I Want to Believe	playerNDeck	0 *P	Artifact|Event	You may discard any number of cards from your hand to force your opponent to discard the same cards from their hand (opponent's choice).			Community	One Son	XF08-0266v1
72e55b42-1fd0-4e66-8148-dddddfa5d039	Alien Relic Unveiled	x-files-ccg/10-i-want-to-believe/XFilesCcg-10IWantToBelieve-AlienRelicUnveiled.jpg	default	Event	10 - I Want to Believe	10 - I Want to Believe	playerNDeck	1 RP	Event|Alien Investigation|Sciences|Secret	Play on one Agent to allow that Agent to use their EVIDENCE COLLECTION skill number for any one ALIEN INVESTIGATION or SCIENCES skill check.			Community	Biogenesis	XF08-0210v1
852a539d-a4f2-481e-a156-78e08c8dd3ab	Alien Spider Host	x-files-ccg/10-i-want-to-believe/XFilesCcg-10IWantToBelieve-AlienSpiderHost.jpg	default	Adversary	10 - I Want to Believe	10 - I Want to Believe	playerNDeck	6 CP	Adversary|Government|Creature	Attach the Alien Spider to an Agent in a Team of two or more Agents. That Agent becomes aggressive and attacks their own Team sequentially, one by one (your choice). Then the infected Agent moves on to the next Agent, until all Agents are defeated or until he is sent to the Hospital. Discard this card afterwards.	SPECIAL		Community	Travellers	XF08-0328v1
7c8ed55f-04db-4ca8-9f5b-dc83f279cfbe	All Lies Lead to the Truth	x-files-ccg/10-i-want-to-believe/XFilesCcg-10IWantToBelieve-AllLiesLeadToTheTruth.jpg	default	Event	10 - I Want to Believe	10 - I Want to Believe	playerNDeck	4 RP	Government|Event|Resource	Place this card in one of your opponents Fields. Your opponent must subtract 1 from the [CP] he generates each turn while this card is in his Field. Your opponent may pay 5 [CP] to force you to discard this card.			Community	The Truth	XF08-0275v1
6c5b0cb5-85f7-4d9a-abb2-a83f162a90ff	Alvin Kurtzweil	x-files-ccg/10-i-want-to-believe/XFilesCcg-10IWantToBelieve-AlvinKurtzweil.jpg	default	Witness	10 - I Want to Believe	10 - I Want to Believe	playerNDeck	3 RP	Witness|Bureaucracy|Government|Resource	Adds 1 [RP] to your pool every time a Keyword BUREAUCRACY or GOVERNMENT card is played.			Community	Fight the Future	XF08-0158v1
58c9206e-1ac1-4bd3-a9d8-3e7e69691085	Ammunition Reload	x-files-ccg/10-i-want-to-believe/XFilesCcg-10IWantToBelieve-AmmunitionReload.jpg	default	Combat	10 - I Want to Believe	10 - I Want to Believe	playerNDeck	3 RP	Combat	Play this card on any Agent during a LONG RANGE COMBAT round to double that Agent's LRC skill. This effect must be applied before any other modifier and only over the LRC listed on that Agent's card.			Community	Signs & Wonders	XF08-0021v1
84abc338-70d7-438c-afda-fd1280548182	Animated Snakes	x-files-ccg/10-i-want-to-believe/XFilesCcg-10IWantToBelieve-AnimatedSnakes.jpg	default	Adversary	10 - I Want to Believe	10 - I Want to Believe	playerNDeck	7 CP	Adversary|Occult|Creature|Pawn	Play this card for 2 [CP] less if played on a Site card with the Keyword OCCULT INVESTIGATION.	10		Community	Signs & Wonders	XF08-0321v1
7bdee9a6-2548-4301-9252-aec115298290	Apology is Policy	x-files-ccg/10-i-want-to-believe/XFilesCcg-10IWantToBelieve-ApologyIsPolicy.jpg	default	Event	10 - I Want to Believe	10 - I Want to Believe	playerNDeck	2 RP	Event	Play this card to change a negative skill check modifier to a positive one (e.g., a -1 becomes a +1).			Community	Emily	XF08-0269v1
8501b034-c277-46b2-a202-4fc09559222a	Aquatic Nightmare	x-files-ccg/10-i-want-to-believe/XFilesCcg-10IWantToBelieve-AquaticNightmare.jpg	default	Adversary	10 - I Want to Believe	10 - I Want to Believe	playerNDeck	4 CP	Adversary|Evolutionary|Creature		7		Community	Agua Mala	XF08-0326v1
5eee8fb0-5d70-4ef2-bedc-77cc898d5d58	Area 51, Groom Lake, NV	x-files-ccg/10-i-want-to-believe/XFilesCcg-10IWantToBelieve-Area51GroomLakeNV.jpg	default	Site	10 - I Want to Believe	10 - I Want to Believe	playerNDeck	1 RP	Site|Multi|Affiliation|Method|Alien Investigation|Bureaucracy				Community	Dreamland (I)	XF08-0065v1
6fd50d28-22ca-4c37-9b0d-b3535a60d631	Arthur Dales	x-files-ccg/10-i-want-to-believe/XFilesCcg-10IWantToBelieve-ArthurDales.jpg	default	Witness	10 - I Want to Believe	10 - I Want to Believe	playerNDeck	3 RP	Witness|Criminal Investigation	Play to change the Site Prerequisite to CRIMINAL INVESTIGATION 3+.			Community	Agua Mala	XF08-0182v1
687f2e80-000e-4d8a-96e2-fe1ffb7fedd3	ASAC Dakota Whitney	x-files-ccg/10-i-want-to-believe/XFilesCcg-10IWantToBelieve-ASACDakotaWhitney.jpg	default	Agent	10 - I Want to Believe	10 - I Want to Believe	playerNStarting	4 RP	Agent|FBI|Law		3		Community	I Want to Believe	XF08-0128v1
7742e7b3-8b36-481f-8735-968be2bcfc3d	Ashen Whispers	x-files-ccg/10-i-want-to-believe/XFilesCcg-10IWantToBelieve-AshenWhispers.jpg	default	Event	10 - I Want to Believe	10 - I Want to Believe	playerNDeck	1 RP	Event|Evidence Collection|Occult Investigation	Play this card on any Agent in a Team including Agent Charles Burk to use that Agent's COMPUTER skill number for any one EVIDENCE COLLECTION or OCCULT INVESTIGATION skill check.			Community	The Calusari	XF08-0237v1
6842f20d-f792-42d0-b18e-7c3be90e9a01	Assistant Director Brad Follmer	x-files-ccg/10-i-want-to-believe/XFilesCcg-10IWantToBelieve-AssistantDirectorBradFollmer.jpg	default	Agent	10 - I Want to Believe	10 - I Want to Believe	playerNStarting	5 RP	Agent|FBI|Law|Skeptic		4		Community	Nothing Important Happened Today (II)	XF08-0126v1
77f68241-8c7e-41db-a071-d2867ba62606	Astral Alignment Anomaly	x-files-ccg/10-i-want-to-believe/XFilesCcg-10IWantToBelieve-AstralAlignmentAnomaly.jpg	default	Event	10 - I Want to Believe	10 - I Want to Believe	playerNDeck	4 *P	Event|Resource	Attach this card to any Agent at the moment a Game Effect token is about to be removed from that Agent. That token is removed without applying its effect. Remove all remaining Game Effect tokens from that Agent. While this card is in play, that Agent cannot receive any Game Effect tokens. Each player may only have one of this card in their deck.			Community	Syzygy	XF08-0243v1
6c250178-163c-4cd9-b32b-b49f7e290559	Audrey Pauley	x-files-ccg/10-i-want-to-believe/XFilesCcg-10IWantToBelieve-AudreyPauley.jpg	default	Witness	10 - I Want to Believe	10 - I Want to Believe	playerNDeck	4 RP	Witness|Healing|Observation|Occult Investigation	Adds 2 to one Team's OBSERVATION or adds 1 to one Team's OCCULT INVESTIGATION skill check, or play this card when one of your Agents must go to the Hospital with zero HEALTH to remove half of the damage tokens (rounded up). The Agent must still go to the Hospital.			Community	Audrey Pauley	XF08-0155v1
57cd0ff0-2600-46bd-adbd-e006fb8d1f2e	B.A.T.F. Reinforcements	x-files-ccg/10-i-want-to-believe/XFilesCcg-10IWantToBelieve-BATFReinforcements.jpg	default	Combat	10 - I Want to Believe	10 - I Want to Believe	playerNDeck	4 RP	Combat	Play this card on target Team during a Combat to get an extra combatant in that Team with following skills: LRC: 3, CRC: 2, HEALTH: 5. Discard this card after the Combat phase has ended.			Community	The Field Where I Died	XF08-0011v1
593b6e19-b968-4bbb-beec-7db22967442f	Backheld	x-files-ccg/10-i-want-to-believe/XFilesCcg-10IWantToBelieve-Backheld.jpg	default	Combat	10 - I Want to Believe	10 - I Want to Believe	playerNDeck	2 *P	Combat	Play this card on any combatant in a CLOSE RANGE COMBAT round to reduce the damage from any one source by one point.			Community	Underneath	XF08-0023v1
5ac678a0-04a9-4c05-a906-c366b9069ca2	Barnes Cornes, NY	x-files-ccg/10-i-want-to-believe/XFilesCcg-10IWantToBelieve-BarnesCornesNY.jpg	default	Site	10 - I Want to Believe	10 - I Want to Believe	playerNDeck	1 RP	Site|Multi|Method|Motive|Alien Investigation|Evidence Collection				Community	Max	XF08-0039v1
57bb04a5-ac0e-4ae7-ba23-90733a0d6d42	Battle Expertise	x-files-ccg/10-i-want-to-believe/XFilesCcg-10IWantToBelieve-BattleExpertise.jpg	default	Combat	10 - I Want to Believe	10 - I Want to Believe	playerNDeck	1 *P	Combat	Target Agent or Adversary gains an extra LRC/CRC bonus skill equal to the number of Combat cards in your Discard pile.			Community	Unrequited	XF08-0010v1
7dc9cabb-1887-4c01-ad1c-15a2bae87120	Believe to Understand	x-files-ccg/10-i-want-to-believe/XFilesCcg-10IWantToBelieve-BelieveToUnderstand.jpg	default	Event	10 - I Want to Believe	10 - I Want to Believe	playerNDeck	4 CP	Event|Alien Investigation	Force an opponent Team investigating a Site to make a ALIEN INVESTIGATION 4+ skill check or the current player's turn ends immediately.			Community	Biogenesis	XF08-0282v1
5b71d3a7-5bb1-4f41-a9cc-0c76f9f84913	Berkowitz House, Indiana, IN	x-files-ccg/10-i-want-to-believe/XFilesCcg-10IWantToBelieve-BerkowitzHouseIndianaIN.jpg	default	Site	10 - I Want to Believe	10 - I Want to Believe	playerNDeck	1 RP	Site|Multi|Affiliation|Result|Behavioral|Sciences				Community	The Post-Modern Prometheus	XF08-0045v1
6f471065-5b47-4d5e-a224-c418a57ea857	Beth Kane	x-files-ccg/10-i-want-to-believe/XFilesCcg-10IWantToBelieve-BethKane.jpg	default	Witness	10 - I Want to Believe	10 - I Want to Believe	playerNDeck	4 RP	Witness|Alien Investigation|Occult Investigation	Adds 3 to one Team's OCCULT INVESTIGATION or adds 2 to one Team's ALIEN INVESTIGATION skill check.			Community	Red Museum	XF08-0176v1
89687208-58c8-447d-a3a7-cc59262c83ae	Betty Templeton	x-files-ccg/10-i-want-to-believe/XFilesCcg-10IWantToBelieve-BettyTempleton.jpg	default	Adversary	10 - I Want to Believe	10 - I Want to Believe	playerNDeck	5 CP	Adversary|Occult|Creature	This You may search your Bureau deck for the "Lulu Pfeiffer" Adversary card and play it immediately, ignoring Activator requirements. If you do, both Adversaries attack simultaneously (treat as one Combat). Double both cards' CRC and HEALTH, and skip the LONG RANGE COMBAT round.	3		Community	Fight Club	XF08-0353v1
8b80944b-58f7-4e4c-8c85-63894e521d40	Billy Miles, Resurrected	x-files-ccg/10-i-want-to-believe/XFilesCcg-10IWantToBelieve-BillyMilesResurrected.jpg	default	Adversary	10 - I Want to Believe	10 - I Want to Believe	playerNDeck	12 CP	Adversary|Alien|Government|Creature	This card does not initiate combat. Move up to two Agents in the Team investigating this site (your choice) to the Hospital with zero HEALTH. The Agent(s) may not leave the Hospital until fully healed. Combat cards cannot be used against this Adversary.	N/A		Community	Essence	PR08-013-RCZ
82b94d88-a8b2-4d07-b1b7-d1bb17906745	Bio-medical Division Card	x-files-ccg/10-i-want-to-believe/XFilesCcg-10IWantToBelieve-BioMedicalDivisionCard.jpg	default	Equipment	10 - I Want to Believe	10 - I Want to Believe	playerNDeck	3 RP	Equipment|Standard	Discard this card to change the Site Prerequisite to MEDICAL or SUBTERFUGE in a Site investigated by the Agent equipped with this card. Keywords of the Site card are also changed.			Community	The Erlenmeyer Flask	XF08-0312v1
636ad2b3-a83b-4abb-af24-80afa4352ee3	Biochip Implant	x-files-ccg/10-i-want-to-believe/XFilesCcg-10IWantToBelieve-BiochipImplant.jpg	default	Bluff	10 - I Want to Believe	10 - I Want to Believe	playerNDeck	2 CP	Bluff|Alien Manipulation|Resource	Attach this card to any Agent in the Field to reduce their HEALTH by one. Opponents may play ALIEN MANIPULATION cards that affect that Agent at half cost (rounded up). Discard this card if the Agent visits the Hospital or if the Team he belongs makes a successful MEDICAL or SCIENCES +7 skill check.			Community	Nisei	XF08-0097v1
81e773d0-3cc1-4491-992a-e2d391d07e41	Biohazard Protection Suit	x-files-ccg/10-i-want-to-believe/XFilesCcg-10IWantToBelieve-BiohazardProtectionSuit.jpg	default	Equipment	10 - I Want to Believe	10 - I Want to Believe	playerNDeck	3 RP	Equipment|Standard	Adds 1 to the Agent's ALIEN INVESTIGATION skill. Agents equipped with this card are not affected by ALIEN MANIPULATION cards. Additionally, you can discard this card to add one to the Agent's SCIENCES skill.			Community	Tunguska	XF08-0305v1
64f04984-4d44-4ee7-831b-7fc341c6395b	Blazing Pages	x-files-ccg/10-i-want-to-believe/XFilesCcg-10IWantToBelieve-BlazingPages.jpg	default	Bluff	10 - I Want to Believe	10 - I Want to Believe	playerNDeck	3 CP	Bluff|Occult Investigation	Play to change the Site Prerequisite to OCCULT INVESTIGATION 3+.			Community	Kaddish	XF08-0108v1
65eef223-ac01-4e42-ac9d-b361bee05e50	Blevins' Inquiry	x-files-ccg/10-i-want-to-believe/XFilesCcg-10IWantToBelieve-BlevinsInquiry.jpg	default	Bluff	10 - I Want to Believe	10 - I Want to Believe	playerNDeck	4 CP	Bluff|Conspiracy|Government|Move	Force one Agent with the Keyword SKEPTIC (your choice) to go back to the Bureau immediately. The Agent may not contribute to any skill checks this turn.			Community	Redux	XF08-0114v1
845cf36e-f8a1-4754-8c85-6024c9c1cefa	Blinding Predator	x-files-ccg/10-i-want-to-believe/XFilesCcg-10IWantToBelieve-BlindingPredator.jpg	default	Adversary	10 - I Want to Believe	10 - I Want to Believe	playerNDeck	3 CP	Adversary|Occult|Creature	The LONG RANGE COMBAT round is skipped. Target Agent (your choice) in the Team attacked by the Blinding Predator receives a poisonous attack and is considered "blinded" for the first CLOSE RANGE COMBAT round. That Agent will deal no damage during that round of combat.	4		Community	Alone	XF08-0317v1
899a70c3-566a-4e30-9604-49427b7487eb	Briefed on Secrets	x-files-ccg/10-i-want-to-believe/XFilesCcg-10IWantToBelieve-BriefedOnSecrets.jpg	default	Event	10 - I Want to Believe	10 - I Want to Believe	playerNDeck	3 CP	Event	Discard an Equipment card in play (your choice).			Community	Zero Sum	PR08-001-BMR
779e1992-31b0-4d61-afaf-52adbf3f8f6b	Bruckman's Foretelling	x-files-ccg/10-i-want-to-believe/XFilesCcg-10IWantToBelieve-BruckmansForetelling.jpg	default	Event	10 - I Want to Believe	10 - I Want to Believe	playerNDeck	2 RP	Event	During the Briefing Phase, place a token on Clyde Bruckman's card only once the starting token has been removed. This token is usable in the same way as the starting token. Remove this card from the game.			Community	Clyde Bruckman's Final Repose	XF08-0240v1
5ff42793-d97a-4384-9442-ff9af3e0484c	Burning Loyalties	x-files-ccg/10-i-want-to-believe/XFilesCcg-10IWantToBelieve-BurningLoyalties.jpg	default	Bluff	10 - I Want to Believe	10 - I Want to Believe	playerNDeck	4 CP	Bluff	Play this card to negate one Witness RESOURCE immediately or to prevent the investigating player from playing any Witnesses while investigating this Site, except for Witnesses which would specifically negate this card.			Community	Surekill	XF08-0072v1
89319bdd-ce64-412b-9e0e-f290434be603	Caballero, Memory Vampire	x-files-ccg/10-i-want-to-believe/XFilesCcg-10IWantToBelieve-CaballeroMemoryVampire.jpg	default	Adversary	10 - I Want to Believe	10 - I Want to Believe	playerNDeck	5 CP	Adversary|Occult|Creature|Master	This card does not initiate combat. Play this card in your Field section. Place two tokens on this card. Discard a token anytime to look at the top three cards of your opponent's Bureau deck or to avoid an Agent to heal damage tokens during the Healing phase. When no tokens remain, move this card to the discard pile.	N/A		Community	John Doe	XF08-0351v1
66e487f0-494f-4a4c-b937-c0f7942dc0c7	Cadet Rudolph Hayes	x-files-ccg/10-i-want-to-believe/XFilesCcg-10IWantToBelieve-CadetRudolphHayes.jpg	default	Agent	10 - I Want to Believe	10 - I Want to Believe	playerNStarting	2 RP	Agent|FBI|Believer		4		Community	Release	XF08-0121v1
5b414acf-4855-475b-a88f-d41e0ba327a4	Caledonia, WI	x-files-ccg/10-i-want-to-believe/XFilesCcg-10IWantToBelieve-CaledoniaWI.jpg	default	Site	10 - I Want to Believe	10 - I Want to Believe	playerNDeck	1 RP	Site|Multi|Method|Motive|Observation|Occult Investigation				Community	Travellers	XF08-0042v1
6ce3c160-8e5c-4139-850b-bd824284e114	Cassandra Spender	x-files-ccg/10-i-want-to-believe/XFilesCcg-10IWantToBelieve-CassandraSpender.jpg	default	Witness	10 - I Want to Believe	10 - I Want to Believe	playerNDeck	5 RP	Witness|Alien Investigation|Bureaucracy	Adds zero to one Team's BUREAUCRACY or ALIEN INVESTIGATION skill check. If this card is used in a successful Site investigation, the owning player may ask "Is your X-File's Affiliation Alien?" in addition to the Site question for zero cost.			Community	Two Fathers	XF08-0163v1
61ad0f0d-5335-4983-85cc-717692016152	Cerulean Hunt	x-files-ccg/10-i-want-to-believe/XFilesCcg-10IWantToBelieve-CeruleanHunt.jpg	default	Bluff	10 - I Want to Believe	10 - I Want to Believe	playerNDeck	1 CP	Bluff	You can change up to two cards from your hand with a similar number of Bluffs that you have already played on a Site and are still in play (face down). The new Bluffs under the Site can still be negated.			Community	Kitsunegary	XF08-0086v1
5a6fc1f3-a7aa-41d9-ad55-a46b4616c68c	Chaco Chicken Plant, Dudley, AR	x-files-ccg/10-i-want-to-believe/XFilesCcg-10IWantToBelieve-ChacoChickenPlantDudleyAR.jpg	default	Site	10 - I Want to Believe	10 - I Want to Believe	playerNDeck	1 RP	Site|Multi|Affiliation|Method|Behavioral|Criminal Investigation				Community	Our Town	XF08-0035v1
629835ea-3d09-4b32-967e-d99142976d0b	Charles Wesley Gotts	x-files-ccg/10-i-want-to-believe/XFilesCcg-10IWantToBelieve-CharlesWesleyGotts.jpg	default	Bluff	10 - I Want to Believe	10 - I Want to Believe	playerNDeck	4 CP	Bluff	Play this card to provide the keywords necessary to play any one Keyword PAWN Adversary.			Community	Mind's Eye	XF08-0094v1
805f8611-54f9-49a5-8bbd-5958ef26cc1c	ChemElement Analyzer	x-files-ccg/10-i-want-to-believe/XFilesCcg-10IWantToBelieve-ChemElementAnalyzer.jpg	default	Equipment	10 - I Want to Believe	10 - I Want to Believe	playerNDeck	4 RP	Equipment|Electrical|Special	Agents equipped with a ChemElement Analyzer have access to the field office crime lab. Adds 1 to the Agent's SCIENCES and SUBTERFUGE skills.			Community	Medusa	XF08-0298v1
6f8317a4-3b7e-418b-9500-cfdde87129b1	Chrissy Giorgio	x-files-ccg/10-i-want-to-believe/XFilesCcg-10IWantToBelieve-ChrissyGiorgio.jpg	default	Witness	10 - I Want to Believe	10 - I Want to Believe	playerNDeck	3 RP	Witness|Alien Investigation	Play to change the Site Prerequisite to ALIEN INVESTIGATION 3+.			Community	Jose Chung's "From Outer Space"	XF08-0180v1
797a88af-993c-46a6-9592-12e6a5346bf4	Christmas Retreat	x-files-ccg/10-i-want-to-believe/XFilesCcg-10IWantToBelieve-ChristmasRetreat.jpg	default	Event	10 - I Want to Believe	10 - I Want to Believe	playerNDeck	3 RP	Event|Healing	You may take a second purchase of cards after your first one (during the Briefing Phase). Then, go directly to the Case Assignment phase. Remove this card from the game. The effects of this card cannot be negated.			Community	Christmas Carol	XF08-0254v1
6e1ab450-2f2c-4309-ab15-b2f2b4732eef	Chuck Forsch	x-files-ccg/10-i-want-to-believe/XFilesCcg-10IWantToBelieve-ChuckForsch.jpg	default	Witness	10 - I Want to Believe	10 - I Want to Believe	playerNDeck	3 RP	Witness|Occult Investigation|Behavioral	Adds 2 to one Team's OCCULT INVESTIGATION Or adds 1 to one Team's BEHAVIORAL skill check.			Community	Elegy	XF08-0170v1
86f7635e-8cad-4c00-9e1b-cd4de4b890df	Chung's Cosmic Goliath	x-files-ccg/10-i-want-to-believe/XFilesCcg-10IWantToBelieve-ChungsCosmicGoliath.jpg	default	Adversary	10 - I Want to Believe	10 - I Want to Believe	playerNDeck	2 CP	Adversary|Alien|Phenomena	This card does not initiate Combat. Pick one Agent from an investigating Team. That Agent remains "confused" until end of turn and cannot contribute his or her skills to any Site skill check.	N/A		Community	Jose Chung's "From Outer Space"	XF08-0339v1
5accd25c-3bd6-46e9-8204-87e494f62be2	Coats Grove, MI	x-files-ccg/10-i-want-to-believe/XFilesCcg-10IWantToBelieve-CoatsGroveMI.jpg	default	Site	10 - I Want to Believe	10 - I Want to Believe	playerNDeck	1 RP	Site|Multi|Affiliation|Motive|Occult Investigation|Subterfuge				Community	Schizogeny	XF08-0040v1
75ff5173-779e-470c-94a5-9e98f2ddf47e	Cocoon	x-files-ccg/10-i-want-to-believe/XFilesCcg-10IWantToBelieve-Cocoon.jpg	default	Event	10 - I Want to Believe	10 - I Want to Believe	playerNDeck	2 *P	Event	Play this card to return target Equipment card to the owner's hand.			Community	Tooms	XF08-0227v1
6b422382-6fd7-4db8-813b-62719e7a81dd	Computer Forensic Holly Rice	x-files-ccg/10-i-want-to-believe/XFilesCcg-10IWantToBelieve-ComputerForensicHollyRice.jpg	default	Agent	10 - I Want to Believe	10 - I Want to Believe	playerNStarting	1 RP	Agent|FBI|Law		4		Community	Pusher	XF08-0150v1
69223a00-fb85-495a-b184-e542ddebdb13	Conrad Lozano	x-files-ccg/10-i-want-to-believe/XFilesCcg-10IWantToBelieve-ConradLozano.jpg	default	Agent	10 - I Want to Believe	10 - I Want to Believe	playerNStarting	2 RP	Agent|Independent|Law|Skeptic		4		Community	El Mundo Gira	XF08-0135v1
6040370e-ca93-4899-8c47-cc09c3b2b490	Covering the Killer	x-files-ccg/10-i-want-to-believe/XFilesCcg-10IWantToBelieve-CoveringTheKiller.jpg	default	Bluff	10 - I Want to Believe	10 - I Want to Believe	playerNDeck	4 CP	Bluff	Play this card on a Team investigating a Site to increase that Site Prerequisite by two.			Community	Alpha	XF08-0074v1
7634f383-5478-43fb-b1c4-62a0ab13cc92	Covering up Evidence	x-files-ccg/10-i-want-to-believe/XFilesCcg-10IWantToBelieve-CoveringUpEvidence.jpg	default	Event	10 - I Want to Believe	10 - I Want to Believe	playerNDeck	2 CP	Event	Play this card to return one Keyword RESOURCE card to the owner's hand.			Community	The Erlenmeyer Flask	XF08-0228v1
5b75a46d-5bba-4717-8131-7f7b3d059e8c	Cradock Marine Bank, 8th St, Washington D.C.	x-files-ccg/10-i-want-to-believe/XFilesCcg-10IWantToBelieve-CradockMarineBank8thStWashingtonDC.jpg	default	Site	10 - I Want to Believe	10 - I Want to Believe	playerNDeck	1 RP	Site|Multi|Motive|Method|Criminal Investigation|Observation				Community	Monday	XF08-0046v1
60fb319a-3995-4109-bf59-302be01cd58a	Critical Countdown	x-files-ccg/10-i-want-to-believe/XFilesCcg-10IWantToBelieve-CriticalCountdown.jpg	default	Bluff	10 - I Want to Believe	10 - I Want to Believe	playerNDeck	4 CP	Bluff	If your opponent plays any card on this Site, it will automatically cause two points of damage to every Agent in a Team investigating the Site. If you play any card, empty your [CP] pool afterwards.			Community	Nothing Important Happened Today (II)	XF08-0079v1
7c14c81d-b26f-456b-b7de-0f588acbe9d5	Cross-team Support	x-files-ccg/10-i-want-to-believe/XFilesCcg-10IWantToBelieve-CrossTeamSupport.jpg	default	Event	10 - I Want to Believe	10 - I Want to Believe	playerNDeck	1 RP	Event	Play this card to allow one Agent on a Team in the Field to add their skills to one skill check that is occurring in another Site in the Field being investigated by another Team. The Agent's skill is reduced by 1 (i.e., Skill: 2 becomes Skill: 1). LRC and CRC may not be added.			Community	Improbable	XF08-0270v1
5b4d5377-debd-4706-9319-b529ff42b7db	Crump Residence, Montello, NE	x-files-ccg/10-i-want-to-believe/XFilesCcg-10IWantToBelieve-CrumpResidenceMontelloNE.jpg	default	Site	10 - I Want to Believe	10 - I Want to Believe	playerNDeck	1 RP	Site|Multi|Motive|Result|Medical|Observation				Community	Drive	XF08-0043v1
8632d5ac-eba4-4e1e-9625-2a5bd1e19eb6	Cult Carnage	x-files-ccg/10-i-want-to-believe/XFilesCcg-10IWantToBelieve-CultCarnage.jpg	default	Adversary	10 - I Want to Believe	10 - I Want to Believe	playerNDeck	6 CP	Adversary|Occult|Pawn|Creature	Play this card on a Team in the Field that plays a Witness during the Investigation phase. The Witness card is discarded. Instead, that Witness joins the Temple of the Seven Stars and will attack one of the Agents in that Team (your choice) only during an LRC round.	4		Community	The Field Where I Died	XF08-0333v1
6f658589-0265-4551-8dd1-9fcce5c375ae	Danielle Manley	x-files-ccg/10-i-want-to-believe/XFilesCcg-10IWantToBelieve-DanielleManley.jpg	default	Witness	10 - I Want to Believe	10 - I Want to Believe	playerNDeck	4 RP	Witness|Criminal Investigation|Evidence Collection	Adds 3 to one Team's CRIMINAL INVESTIGATION or adds 2 to one Team's EVIDENCE COLLECTION skill check.			Community	The List	XF08-0178v1
6547c0f1-21bc-4671-8ac9-cac2e40e1d33	Dark Dealings	x-files-ccg/10-i-want-to-believe/XFilesCcg-10IWantToBelieve-DarkDealings.jpg	default	Bluff	10 - I Want to Believe	10 - I Want to Believe	playerNDeck	6 CP	Bluff|Occult Investigation|Subterfuge	Subtract 4 from one Team's OCCULT INVESTIGATION or SUBTERFUGE skill check.			Community	Terms of Endearment	XF08-0110v1
7d50eb61-f7d9-4075-8cf6-75ccdd6a12cb	Dead Zone	x-files-ccg/10-i-want-to-believe/XFilesCcg-10IWantToBelieve-DeadZone.jpg	default	Event	10 - I Want to Believe	10 - I Want to Believe	playerNDeck	1 CP	Event|Phenomena|Resource	Place this card in any Section of your opponent's side of the table. While this card is in play, no Agent in that Section may contribute their skills to skill checks in another Section of the table. The player controlling this Section may pay 4 [RP] to discard this card.			Community	Providence	XF08-0279v1
712beb2e-e05e-4aee-9ec9-66a2b54f2512	Deal Master	x-files-ccg/10-i-want-to-believe/XFilesCcg-10IWantToBelieve-DealMaster.jpg	default	Event	10 - I Want to Believe	10 - I Want to Believe	playerNDeck	2 CP	Event	Play this card during the Briefing Phase. The next [RP] card you discard this turn will generate twice as many [CP] tokens as its [RP] cost.			Community	Improbable	XF08-0198v1
7c270b90-a745-425e-84ef-597504810013	Deceive, Inveigle, Obfuscate	x-files-ccg/10-i-want-to-believe/XFilesCcg-10IWantToBelieve-DeceiveInveigleObfuscate.jpg	default	Event	10 - I Want to Believe	10 - I Want to Believe	playerNDeck	4 *P	Event	Play this card to add or decrease by two any Team's CRIMINAL INVESTIGATION or EVIDENCE COLLECTION skill check.			Community	Redux	XF08-0271v1
7533ba52-cd39-411f-9f3f-4670dc68718e	Deceptive Visions	x-files-ccg/10-i-want-to-believe/XFilesCcg-10IWantToBelieve-DeceptiveVisions.jpg	default	Event	10 - I Want to Believe	10 - I Want to Believe	playerNDeck	2 *P	Event	During this turn, you may change the BELIEVER, SKEPTIC, or NEUTRAL keyword of any one Agent in play to another of these keywords. If the Agent does not already have one of these keywords, you may add one of them to the Agent.			Community	Beyond the Sea	XF08-0226v1
7a8f8f3a-1c0c-413c-b05e-44bf08246abf	Deep Throat	x-files-ccg/10-i-want-to-believe/XFilesCcg-10IWantToBelieve-DeepThroat.jpg	default	Event	10 - I Want to Believe	10 - I Want to Believe	playerNDeck	5 RP	Event	Ask any one Characteristic question regarding one opponent's X-File. Remove this card from the game. The effects of this card may not be negated.			Community	Musings of a Cigarette-Smoking Man	XF08-0261v1
769e8993-416f-4615-96ce-ae0a74d6ab9b	Deep Throat's Demise	x-files-ccg/10-i-want-to-believe/XFilesCcg-10IWantToBelieve-DeepThroatsDemise.jpg	default	Event	10 - I Want to Believe	10 - I Want to Believe	playerNDeck	4 *P	Event	Play this card to empty both player's pools ([RP] and [CP]).			Community	The Erlenmeyer Flask	XF08-0232v1
854a4372-c28d-4071-aa8a-9ac65e293532	Demonic Puppet	x-files-ccg/10-i-want-to-believe/XFilesCcg-10IWantToBelieve-DemonicPuppet.jpg	default	Adversary	10 - I Want to Believe	10 - I Want to Believe	playerNDeck	5 CP	Adversary|Occult|Phenomena	The Demonic Puppet initiates Combat but does not assign nor receive any damage. Instead, the selected Agent in a Team inflicts a wound upon himself or herself equal to the sum of their LRC & CRC values, applied only once. Healing cards may be used to prevent damage, including any Combat cards that do not modify LRC and/or CRC.	N/A		Community	Chinga	XF08-0331v1
7053fc3f-9fc6-4677-aa67-e8dfb3e03031	Deny Everything	x-files-ccg/10-i-want-to-believe/XFilesCcg-10IWantToBelieve-DenyEverything.jpg	default	Event	10 - I Want to Believe	10 - I Want to Believe	playerNDeck	8 CP	Event	Play this card immediately after your opponent asks you a question. You may respond with this phrase: "I can neither confirm nor deny that assumption." After playing this card remove it from the game.			Community	The Red and the Black	XF08-0187v1
6a471790-4133-478b-aa3d-3ad5d0a73b76	Deputy Alvin Kersh	x-files-ccg/10-i-want-to-believe/XFilesCcg-10IWantToBelieve-DeputyAlvinKersh.jpg	default	Agent	10 - I Want to Believe	10 - I Want to Believe	playerNStarting	6 RP	Agent|FBI|Law|Skeptic		5		Community	Nothing Important Happened Today	XF08-0141v1
6aab329b-a504-4ad2-98d5-5586d13d8782	Detective Barron	x-files-ccg/10-i-want-to-believe/XFilesCcg-10IWantToBelieve-DetectiveBarron.jpg	default	Agent	10 - I Want to Believe	10 - I Want to Believe	playerNStarting	4 RP	Agent|Independent|Law		4		Community	Soft Light	XF08-0146v1
6a007824-335f-42d5-814c-7c5ca669efe1	Detective John Kresge	x-files-ccg/10-i-want-to-believe/XFilesCcg-10IWantToBelieve-DetectiveJohnKresge.jpg	default	Agent	10 - I Want to Believe	10 - I Want to Believe	playerNStarting	3 RP	Agent|Independent|Law|Neutral		4		Community	Christmas Carol	XF08-0139v1
6acb6c86-8677-4cc8-906e-d290f7dac9da	Detective Kelly Ryan	x-files-ccg/10-i-want-to-believe/XFilesCcg-10IWantToBelieve-DetectiveKellyRyan.jpg	default	Agent	10 - I Want to Believe	10 - I Want to Believe	playerNStarting	2 RP	Agent|Independent|Law		3		Community	Soft Light	XF08-0148v1
6a9b2f6c-85e1-4fdd-beac-37a78a624ca7	Detective Norman	x-files-ccg/10-i-want-to-believe/XFilesCcg-10IWantToBelieve-DetectiveNorman.jpg	default	Agent	10 - I Want to Believe	10 - I Want to Believe	playerNStarting	3 RP	Agent|Independent|Law|Skeptic		4		Community	The Host	XF08-0144v1
67bd1dbb-d7c6-4911-b1df-d156ee7de020	Detective Pennock	x-files-ccg/10-i-want-to-believe/XFilesCcg-10IWantToBelieve-DetectivePennock.jpg	default	Agent	10 - I Want to Believe	10 - I Want to Believe	playerNStarting	3 RP	Agent|Independent|Law|Neutral		3		Community	Mind's Eye	XF08-0125v1
6b8bddac-1489-48be-8e1c-838b82d5550c	Detective Waltos	x-files-ccg/10-i-want-to-believe/XFilesCcg-10IWantToBelieve-DetectiveWaltos.jpg	default	Agent	10 - I Want to Believe	10 - I Want to Believe	playerNStarting	3 RP	Agent|Independent|Law|Skeptic		4		Community	Avatar	XF08-0151v1
60694e5e-7e2d-4d23-8784-4f79b9426d4b	Die Wahrheit ist irgendwo da draußen	x-files-ccg/10-i-want-to-believe/XFilesCcg-10IWantToBelieve-DieWahrheitIstIrgendwoDaDrauEn.jpg	default	Bluff	10 - I Want to Believe	10 - I Want to Believe	playerNDeck	3 CP	Bluff|Subterfuge|Resource	Play this card to force an opponent Team currently investigating a Site to make a SUBTERFUGE 4+ skill check. If they fail only Agents with the Keyword FBI may contribute their skills to any skill check made on this Site.			Community	Triangle	XF08-0076v1
7408cd93-1ec5-446d-991b-1f7144bdb840	Dio Ti Ama	x-files-ccg/10-i-want-to-believe/XFilesCcg-10IWantToBelieve-DioTiAma.jpg	default	Event	10 - I Want to Believe	10 - I Want to Believe	playerNDeck	2 RP	Event	Place this card in your field. The cost of all [RP] cards you play this turn is halved (rounded up). Discard this card at the end of this turn. Each player may only have one of this card in their deck.			Community	Emily	XF08-0216v1
621b5ad9-4180-49e5-88c3-2b668d3e1430	Distracting Vision	x-files-ccg/10-i-want-to-believe/XFilesCcg-10IWantToBelieve-DistractingVision.jpg	default	Bluff	10 - I Want to Believe	10 - I Want to Believe	playerNDeck	2 CP	Bluff	Pick the top 5 cards from your Bureau deck and show them to your opponent. You may play one revealed Bluff card at half cost (rounded up), if any. Shuffle the rest back into your Bureau deck.			Community	Avatar	XF08-0090v1
6f699665-697b-4089-bbf7-57cdf0dcd311	Doctor Lorenz	x-files-ccg/10-i-want-to-believe/XFilesCcg-10IWantToBelieve-DoctorLorenz.jpg	default	Witness	10 - I Want to Believe	10 - I Want to Believe	playerNDeck	4 RP	Witness|Medical|Behavioral	Adds 3 to one Team's MEDICAL or adds 2 to one Team's BEHAVIORAL skill check.			Community	The Goldberg Variation	XF08-0179v1
76997e2e-e05a-45a1-8ec1-a3deb3c90da0	Donnie's Deadly Game	x-files-ccg/10-i-want-to-believe/XFilesCcg-10IWantToBelieve-DonniesDeadlyGame.jpg	default	Event	10 - I Want to Believe	10 - I Want to Believe	playerNDeck	2 CP	Event	This card can only be played during the Case Assignment Phase to return a Site card played by your opponent back to their hand.			Community	Irresistible	XF08-0231v1
78dee8f3-cea7-4c5d-8352-01d50bf41c10	Doppelganger Agent	x-files-ccg/10-i-want-to-believe/XFilesCcg-10IWantToBelieve-DoppelgangerAgent.jpg	default	Event	10 - I Want to Believe	10 - I Want to Believe	playerNDeck	4 CP	Event	Play this card at the beginning of the Briefing Phase. Remove target Agent from play (Equipment and tokens included) and replace it with this card, representing a doppelganger with all skills reduced by one. Owner may use the Agent normally. At the end of the turn, discard this card and return the original Agent.			Community	Small Potatoes	XF08-0250v1
7a0e79ec-7c0c-4b18-ba5e-a442854efbc1	Double Agent	x-files-ccg/10-i-want-to-believe/XFilesCcg-10IWantToBelieve-DoubleAgent.jpg	default	Event	10 - I Want to Believe	10 - I Want to Believe	playerNDeck	2 *P	Event	Play this card at the end of the Briefing Phase to move any number of tokens from your [RP] pool to your [CP] pool or vice versa. Each player may only have one of this card in their deck. Remove this card from the game.			Community	Two Fathers	XF08-0258v1
6e58fe19-7298-43d8-b29f-93a247ccbff2	Dr. Simon Bruin	x-files-ccg/10-i-want-to-believe/XFilesCcg-10IWantToBelieve-DrSimonBruin.jpg	default	Witness	10 - I Want to Believe	10 - I Want to Believe	playerNDeck	3 RP	Witness|Evolutionary|Sciences|Resource	Adds 1 [RP] to your pool every time a Keyword SCIENCES or EVOLUTIONARY card is played.			Community	Teliko	XF08-0171v1
750916e4-4c1b-4e62-ad9d-153155ea3f71	Drowned Resources	x-files-ccg/10-i-want-to-believe/XFilesCcg-10IWantToBelieve-DrownedResources.jpg	default	Event	10 - I Want to Believe	10 - I Want to Believe	playerNDeck	4 *P	Event	Play this card to discard all Keyword RESOURCE cards in play.			Community	Born Again	XF08-0224v1
7d8f891b-a427-491a-bf73-ef764b0fd6fa	E pur si muove	x-files-ccg/10-i-want-to-believe/XFilesCcg-10IWantToBelieve-EPurSiMuove.jpg	default	Event	10 - I Want to Believe	10 - I Want to Believe	playerNDeck	4 *P	Event	Both players must discard their entire hands and draw seven cards from the top of their respective Bureau Decks.			Community	Biogenesis	XF08-0280v1
7b575865-d56a-44dd-9a4c-d1836344d611	Edge of the Unknown	x-files-ccg/10-i-want-to-believe/XFilesCcg-10IWantToBelieve-EdgeOfTheUnknown.jpg	default	Event	10 - I Want to Believe	10 - I Want to Believe	playerNDeck	4 RP	Artifact|Event|Resource	Place this card next to your X-File. You may draw one card for free in each of your opponents' Briefing Phases. You may only have one of this card in play.			Community	Fight the Future	XF08-0265v1
617edeee-0e0b-426b-ae87-a2a5261e5e11	Electric Anomalies	x-files-ccg/10-i-want-to-believe/XFilesCcg-10IWantToBelieve-ElectricAnomalies.jpg	default	Bluff	10 - I Want to Believe	10 - I Want to Believe	playerNDeck	3 CP	Bluff|Evolutionary	All Agents in a Team must discard all attached Keyword ELECTRICAL Equipment immediately.			Community	D.P.O.	XF08-0083v1
77be8248-433b-49aa-b392-6e5fb55865a6	Electro-Chemical Link	x-files-ccg/10-i-want-to-believe/XFilesCcg-10IWantToBelieve-ElectroChemicalLink.jpg	default	Event	10 - I Want to Believe	10 - I Want to Believe	playerNDeck	3 RP	Event|Criminal Investigation|Resource	Attach this card to an Agent you control and place two tokens on it. During each Briefing Phase, remove one token to add +2 to that Agent's RES value. Discard this card when all tokens are removed.			Community	War of the Coprophages	XF08-0242v1
8324a026-8e59-4fbd-8298-59b6489a4471	Ellen Adderly	x-files-ccg/10-i-want-to-believe/XFilesCcg-10IWantToBelieve-EllenAdderly.jpg	default	Adversary	10 - I Want to Believe	10 - I Want to Believe	playerNDeck	5 CP	Adversary|Occult|Creature	The chosen Agent is the only one who may participate in the Combat. This card is free and Activator requirements are ignored if it is played on a Keyword OCCULT INVESTIGATION Site.	5		Community	Chimera	XF08-0315v1
77a4ca3c-b5f9-4be5-b397-346008b516cf	Eluding the Oubliette	x-files-ccg/10-i-want-to-believe/XFilesCcg-10IWantToBelieve-EludingTheOubliette.jpg	default	Event	10 - I Want to Believe	10 - I Want to Believe	playerNDeck	3X RP	Event	Play this card to remove one token from any Bluff card that forces an Agent to remain in any section (or be removed from the game) for each 3 [RP] spent. (i.e.: if 6 [RP] are paid, you may remove 2 tokens).			Community	Oubliette	XF08-0241v1
59426ac0-61dd-4381-bafd-5dd065c9c2e2	Elusive Fugitive	x-files-ccg/10-i-want-to-believe/XFilesCcg-10IWantToBelieve-ElusiveFugitive.jpg	default	Combat	10 - I Want to Believe	10 - I Want to Believe	playerNDeck	2 *P	Combat|Primordial|Pawn	Play on any PAWN or PRIMORDIAL Adversary to negate all damage allocated to that Adversary this round.			Community	I Want to Believe	XF08-0024v1
7810430e-19ba-4a98-b515-50e08f363681	Elusive Informant	x-files-ccg/10-i-want-to-believe/XFilesCcg-10IWantToBelieve-ElusiveInformant.jpg	default	Event	10 - I Want to Believe	10 - I Want to Believe	playerNDeck	4 *P	Event|Alien Investigation|Bureaucracy	Play this card to add or decrease by two any Team's BUREAUCRACY or ALIEN INVESTIGATION skill check.			Community	Terma	XF08-0245v1
82d8eee5-3adc-425c-bba0-643633507eaa	Emergency Admission	x-files-ccg/10-i-want-to-believe/XFilesCcg-10IWantToBelieve-EmergencyAdmission.jpg	default	Equipment	10 - I Want to Believe	10 - I Want to Believe	playerNDeck	3 RP	Equipment|Healing|Special	Place this card in the Hospital. Once per turn, during the Healing phase, you can remove from play a card from your hand to heal one point of damage to an Agent in the Hospital.			Community	Beyond the Sea	XF08-0314v1
56e1abae-bc8b-4d61-b1cc-420481908964	Emergency Evacuation	x-files-ccg/10-i-want-to-believe/XFilesCcg-10IWantToBelieve-EmergencyEvacuation.jpg	default	Combat	10 - I Want to Believe	10 - I Want to Believe	playerNDeck	3 RP	Combat	Play this card at the end of any Combat round to allow up to two Agents in that Team to leave the Combat if their HEALTH was not reduced to zero yet. Both Agents may still contribute their skills to other skill checks and be moved to the Hospital this turn.			Community	731	XF08-0007v1
7fa583de-abed-41e2-a8ed-ca86192a3b95	Emergency Quarantine	x-files-ccg/10-i-want-to-believe/XFilesCcg-10IWantToBelieve-EmergencyQuarantine.jpg	default	Equipment	10 - I Want to Believe	10 - I Want to Believe	playerNDeck	3 RP	Equipment|Standard	Place this card in the Field. You can avoid an attack of an Adversary played by your opponent by placing it under this card. It will attack on the next Site you play ignoring any activators. Discard this card afterwards.			Community	Darkness Falls	XF08-0292v1
708a280f-15f7-4024-866d-f67765f63f0c	Emily	x-files-ccg/10-i-want-to-believe/XFilesCcg-10IWantToBelieve-Emily.jpg	default	Event	10 - I Want to Believe	10 - I Want to Believe	playerNDeck	2 RP	Event	Apply a +1 modifier to any one skill check made by a Team of Agents in the Field during the Investigation phase.			Community	Emily	XF08-0191v1
88703811-212f-4017-bfdc-146388d7ed85	Erwin Lukesh	x-files-ccg/10-i-want-to-believe/XFilesCcg-10IWantToBelieve-ErwinLukesh.jpg	default	Adversary	10 - I Want to Believe	10 - I Want to Believe	playerNDeck	6 CP	Adversary|Primordial|Creature	Play this card on a team of Agents. The Agents in that team cannot deliver any damage to Erwin Lukesh during the LONG RANGE COMBAT round unless they have OBSERVATION or SUBTERFUGE skills. Erwin Lukesh may use SUBTERFUGE cards.	5		Community	4-D	XF08-0345v1
6d541b7c-5512-4927-afe3-7346f787c19d	Esther Nairn	x-files-ccg/10-i-want-to-believe/XFilesCcg-10IWantToBelieve-EstherNairn.jpg	default	Witness	10 - I Want to Believe	10 - I Want to Believe	playerNDeck	3 RP	Witness|Computer|Resource	Play this card to negate the Adversary card 'Kill Switch'. Alternatively, you can attach Esther Nairn to any Agent in the Field to add 1 to that Agent's COMPUTER skill once per tur while the Agent is in the Field. Discard Esther Nairn when the Agent's HEALTH is reduced to 0.			Community	Kill Switch	XF08-0165v1
596ae325-fef3-4773-93e2-8bb9601dad3e	Evasive Adversary	x-files-ccg/10-i-want-to-believe/XFilesCcg-10IWantToBelieve-EvasiveAdversary.jpg	default	Combat	10 - I Want to Believe	10 - I Want to Believe	playerNDeck	2 CP	Combat|Primordial	Play on any PRIMORDIAL Adversary to reduce damage from all opponent LONG RANGE COMBAT or CLOSE RANGE COMBAT sources by 1 this round.			Community	D-4	XF08-0027v1
7d2aadc3-88e9-4215-add1-1fedaaa58faf	Everything Dies	x-files-ccg/10-i-want-to-believe/XFilesCcg-10IWantToBelieve-EverythingDies.jpg	default	Event	10 - I Want to Believe	10 - I Want to Believe	playerNDeck	9 CP	Event|Killer|Resource	Place this card in the Field. As long as this card is in play, any Agent whose HEALTH value is reduced to zero is instantly killed and removed from the game. If any player loses all their Agents, that player loses the game.			Community	Three Words	XF08-0278v1
671da292-c313-484b-9a6e-7222db333636	Executive Assistant Arlene	x-files-ccg/10-i-want-to-believe/XFilesCcg-10IWantToBelieve-ExecutiveAssistantArlene.jpg	default	Agent	10 - I Want to Believe	10 - I Want to Believe	playerNStarting	2 RP	Agent|FBI|Law		3		Community	S.R. 819	XF08-0122v1
649f5f23-0c61-46d7-b519-4e80cc0fc6dc	Eyes of Obedience	x-files-ccg/10-i-want-to-believe/XFilesCcg-10IWantToBelieve-EyesOfObedience.jpg	default	Bluff	10 - I Want to Believe	10 - I Want to Believe	playerNDeck	1 CP	Bluff|Occult Investigation	Play to change the Site Prerequisite from CRIMINAL INVESTIGATION to OCCULT INVESTIGATION.			Community	All Souls	XF08-0107v1
825d61c7-1370-4946-bed3-c79c683e2b32	Face Mask	x-files-ccg/10-i-want-to-believe/XFilesCcg-10IWantToBelieve-FaceMask.jpg	default	Equipment	10 - I Want to Believe	10 - I Want to Believe	playerNDeck	4 RP	Equipment|Healing|Standard	Adds two to the Agent's HEALTH.			Community	Faciphaga Emasculata	XF08-0311v1
84e688ba-eeb2-4e1e-b05e-3ddbc9cecc79	Faceless Alien Rebel	x-files-ccg/10-i-want-to-believe/XFilesCcg-10IWantToBelieve-FacelessAlienRebel.jpg	default	Adversary	10 - I Want to Believe	10 - I Want to Believe	playerNDeck	7 CP	Adversary|Alien|Creature	At the start of each Combat round you may play one Combat card from your Discard Pile (at normal cost). Remove from the game each Combat card played this way. Subtract one from all damage sources applied to this Adversary during the LRC round.	7		Community	Two Fathers	XF08-0324v1
658d975e-5057-4677-9a1b-ccb3f7f28f49	Faith Departure	x-files-ccg/10-i-want-to-believe/XFilesCcg-10IWantToBelieve-FaithDeparture.jpg	default	Bluff	10 - I Want to Believe	10 - I Want to Believe	playerNDeck	6 CP	Bluff|Alien Investigation|Occult Investigation	Subtract 4 from one Team's ALIEN INVESTIGATION or OCCULT INVESTIGATION skill check.			Community	Amor Fati	XF08-0112v1
664177fe-ec64-447a-aa3f-cbd432fad92d	Fateful Omen	x-files-ccg/10-i-want-to-believe/XFilesCcg-10IWantToBelieve-FatefulOmen.jpg	default	Bluff	10 - I Want to Believe	10 - I Want to Believe	playerNDeck	4 CP	Bluff|Criminal Investigation	Remove from play any Agent with the Keyword FBI in a Team investigating this Site. The Agent may not contribute their skills to any check this turn. Move the Agent back to the Field during the next Briefing Phase.			Community	Clyde Bruckman's Final Repose	XF08-0115v1
6c6d5cf7-2cc8-428d-a1de-5f2721ffb176	Father Joseph Crissman	x-files-ccg/10-i-want-to-believe/XFilesCcg-10IWantToBelieve-FatherJosephCrissman.jpg	default	Witness	10 - I Want to Believe	10 - I Want to Believe	playerNDeck	3 RP	Witness|Behavioral|Resource	Attach this Witness to any Agent in the Field. Adds 1 to that Agent's BEHAVIORAL skill once per turn while the Agent is in the Field. Discard this card when the Agent's HEALTH is reduced to 0.			Community	I Want to Believe	XF08-0159v1
58768cf4-45cc-476e-b1be-74b9e46a4e01	FBI and SWAT Strike	x-files-ccg/10-i-want-to-believe/XFilesCcg-10IWantToBelieve-FBIAndSWATStrike.jpg	default	Combat	10 - I Want to Believe	10 - I Want to Believe	playerNDeck	3 RP	Combat	Play this card on any Agent during LONG RANGE COMBAT to add 2 points to that Agent's LRC skill. Additionally, if there is a CRC round, you can reduce the damage from any source by 2 points.			Community	Tunguska	XF08-0017v1
7fedae4f-1dab-4657-aedb-8035c91f7c5b	FBI Ballistics Lab	x-files-ccg/10-i-want-to-believe/XFilesCcg-10IWantToBelieve-FBIBallisticsLab.jpg	default	Equipment	10 - I Want to Believe	10 - I Want to Believe	playerNDeck	4 RP	Equipment|Electrical|Special	Place this Equipment card in the Bureau section. Once per turn, any Agent in the Bureau may add their COMPUTER or CRIMINAL INVESTIGATION skills to any skill check done by any Team in the Field.			Community	4-D	XF08-0295v1
70ccdbad-8608-44cd-aa11-c8fc575b849f	FBI Credentialed	x-files-ccg/10-i-want-to-believe/XFilesCcg-10IWantToBelieve-FBICredentialed.jpg	default	Event	10 - I Want to Believe	10 - I Want to Believe	playerNDeck	1 *P	Event	Play this card to add the Keyword FBI to any Agent in play (your choice) until the end of the turn.			Community	Scary Monsters	XF08-0194v1
566d4b1f-9ab5-4bf2-8651-fbf2bff3a50f	FBI Crossroads	x-files-ccg/10-i-want-to-believe/XFilesCcg-10IWantToBelieve-FBICrossroads.jpg	default	Combat	10 - I Want to Believe	10 - I Want to Believe	playerNDeck	3 *P	Combat	Play this card during a LONG RANGE COMBAT round on a combatant you control with a LRC skill. That combatant and one other combatant of the owning player's choice will deal no damage in this LRC round. Additionally, reduce any combatant's HEALTH by two during the Combat.			Community	Paper Clip	XF08-0005v1
5e2f10ec-739b-46d1-85c2-0e27a915505e	FBI King County Crime Lab, Seattle	x-files-ccg/10-i-want-to-believe/XFilesCcg-10IWantToBelieve-FBIKingCountyCrimeLabSeattle.jpg	default	Site	10 - I Want to Believe	10 - I Want to Believe	playerNDeck	1 RP	Site|Field Office Crime Lab|Resource				Community	The X-Files Game	XF08-0061v1
56c769c3-bb25-450c-9561-52181a3eb7f0	FBI Raid	x-files-ccg/10-i-want-to-believe/XFilesCcg-10IWantToBelieve-FBIRaid.jpg	default	Combat	10 - I Want to Believe	10 - I Want to Believe	playerNDeck	2 RP	Combat	Play this card during a combat on a Team of Agents to reduce damage from an Adversary's LRC by two points. The team still deals damage during that LRC round.			Community	2Shy	XF08-0006v1
76a72e15-c326-44f8-a14d-381bb8a98c92	FBI Recruit's From Quantico	x-files-ccg/10-i-want-to-believe/XFilesCcg-10IWantToBelieve-FBIRecruitsFromQuantico.jpg	default	Event	10 - I Want to Believe	10 - I Want to Believe	playerNDeck	4 RP	Event|Resource	Once per turn you can pay 4 [RP] to recruit an FBI cadet Agent. Use a token to represent this Agent that can be used to join a Team using these skills: LRC: +2, CRC:+2 and HEALTH: 3. If this card is negated, the token remains. If the Agent is sent to the Hospital, remove it from play. Only one Agent token can be in play.			Community	Daemonicus	XF08-0233v1
78db758a-04d1-4681-bfee-4b32a063541c	FBI Reinforcement	x-files-ccg/10-i-want-to-believe/XFilesCcg-10IWantToBelieve-FBIReinforcement.jpg	default	Event	10 - I Want to Believe	10 - I Want to Believe	playerNDeck	1 RP	Event	Play this card during the Briefing Phase to select any Agent card from any player's Discard Pile and play it for half cost (rounded up). The chosen Agent cannot be similar to any of your Agents already in play, you must ignore the Game Effect and you must discard it at the end of this turn.			Community	Teliko	XF08-0249v1
89b1c09b-01eb-44fa-808f-a3183218d2eb	FBI Safe House, Annandale, Virginia	x-files-ccg/10-i-want-to-believe/XFilesCcg-10IWantToBelieve-FBISafeHouseAnnandaleVirginia.jpg	default	Site	10 - I Want to Believe	10 - I Want to Believe	playerNDeck	2 RP	Site|Multi|Method|Result|Behavioral|Subterfuge				Community	Kitsunegary	PR08-002-RCZ
8648a45c-492b-4241-9861-68440b2b3cac	Fetishist Women Hunter	x-files-ccg/10-i-want-to-believe/XFilesCcg-10IWantToBelieve-FetishistWomenHunter.jpg	default	Adversary	10 - I Want to Believe	10 - I Want to Believe	playerNDeck	4 CP	Adversary|Primordial|Creature	Fetishist Women Hunter can engage in Combat with only one female Agent on a Team investigating a Site (your choice).	5		Community	Fire	XF08-0335v1
5e4bd28f-27b1-4de2-b2fc-96723d545172	Field Office Crime Lab (FBI)	x-files-ccg/10-i-want-to-believe/XFilesCcg-10IWantToBelieve-FieldOfficeCrimeLabFBI.jpg	default	Site	10 - I Want to Believe	10 - I Want to Believe	playerNDeck	1 RP	Site|Field Office Crime Lab|Resource				Community	End Game	XF08-0062v1
5e6fe0a8-45eb-4af1-8457-c19118c6647d	Field Office Crime Lab (FBI)	x-files-ccg/10-i-want-to-believe/XFilesCcg-10IWantToBelieve-FieldOfficeCrimeLabFBI-2.jpg	default	Site	10 - I Want to Believe	10 - I Want to Believe	playerNDeck	1 RP	Site|Field Office Crime Lab|Resource				Community	The End	XF08-0063v1
564f9757-824e-4fb0-ab9a-549c605564bd	Field Treatment	x-files-ccg/10-i-want-to-believe/XFilesCcg-10IWantToBelieve-FieldTreatment.jpg	default	Combat	10 - I Want to Believe	10 - I Want to Believe	playerNDeck	1 RP	Combat|Healing	Play on any Agent in the Field to immediately heal 2 points of damage after an LRC round.			Community	Anasazi	XF08-0004v1
751fb422-eb64-4eff-818a-7a49d2ca18ef	Fight Fire With Fire	x-files-ccg/10-i-want-to-believe/XFilesCcg-10IWantToBelieve-FightFireWithFire.jpg	default	Event	10 - I Want to Believe	10 - I Want to Believe	playerNDeck	2 RP	Event	Play this card any time after Phoebe Green's game effect token has been removed. Place a new token on Green's card. Remove this card from the game.			Community	Fire	XF08-0225v1
60a30c12-269c-40e8-acc8-dac7a0aa0263	Files in Flames	x-files-ccg/10-i-want-to-believe/XFilesCcg-10IWantToBelieve-FilesInFlames.jpg	default	Bluff	10 - I Want to Believe	10 - I Want to Believe	playerNDeck	12 CP	Bluff|Government|Secret	If your opponent asks a question about your X-File at this Site and the answer is 'yes', you may immediately replace your current X-File card with a different one. Each player may only have one copy of this card in their deck.			Community	The End	XF08-0077v1
7412c752-87a4-4623-983e-f0438510ee3a	Finger's Distorted Hypnosis	x-files-ccg/10-i-want-to-believe/XFilesCcg-10IWantToBelieve-FingersDistortedHypnosis.jpg	default	Event	10 - I Want to Believe	10 - I Want to Believe	playerNDeck	2 CP	Event	Play on any Witness card just played to change one skill (and its Keyword) listed on that card to any other skill (your choice) until the end of this turn.			Community	Jose Chung's "From Outer Space"	XF08-0217v1
74268247-bd22-4966-8d0f-a119ec33bcac	Finger's Hypnotic Recall	x-files-ccg/10-i-want-to-believe/XFilesCcg-10IWantToBelieve-FingersHypnoticRecall.jpg	default	Event	10 - I Want to Believe	10 - I Want to Believe	playerNDeck	2 RP	Event	Play on any Witness card just played to change one skill (and its Keyword) listed on that card to any other skill (your choice) until the end of this turn.			Community	Jose Chung's "From Outer Space"	XF08-0218v1
654c2679-1131-45a0-b92f-bd9007f8439b	Fingerprints Erased	x-files-ccg/10-i-want-to-believe/XFilesCcg-10IWantToBelieve-FingerprintsErased.jpg	default	Bluff	10 - I Want to Believe	10 - I Want to Believe	playerNDeck	6 CP	Bluff|Alien Investigation|Evidence Collection	Subtract 4 from one Team's ALIEN INVESTIGATION or EVIDENCE COLLECTION skill check.			Community	Tempus Fugit	XF08-0111v1
5d50f29d-9bf8-49da-8fb6-37534da26a6a	First Cavalry Church, Nova, VA	x-files-ccg/10-i-want-to-believe/XFilesCcg-10IWantToBelieve-FirstCavalryChurchNovaVA.jpg	default	Site	10 - I Want to Believe	10 - I Want to Believe	playerNDeck	1 RP	Site|Multi|Affiliation|Method|Behavioral|Occult Investigation				Community	Hellbound	XF08-0057v1
675c86d3-fced-4d2f-a96e-030d396bb13e	Forensic Analyst John Amis	x-files-ccg/10-i-want-to-believe/XFilesCcg-10IWantToBelieve-ForensicAnalystJohnAmis.jpg	default	Agent	10 - I Want to Believe	10 - I Want to Believe	playerNStarting	2 RP	Agent|FBI|Law		4		Community	The X-Files Game	XF08-0123v1
82238c2f-12c1-427e-a707-309de25228f0	Forensic Collection Kit	x-files-ccg/10-i-want-to-believe/XFilesCcg-10IWantToBelieve-ForensicCollectionKit.jpg	default	Equipment	10 - I Want to Believe	10 - I Want to Believe	playerNDeck	3 RP	Equipment|Standard	Adds 1 to the Agent's EVIDENCE COLLECTION skill. Additionally, you can discard this card to add two to the Agent's BEHAVIORAL skill.			Community	2Shy	XF08-0307v1
8239f27d-5c07-4b7c-8d62-2b2e42ef6bb7	Forensic Face Lab	x-files-ccg/10-i-want-to-believe/XFilesCcg-10IWantToBelieve-ForensicFaceLab.jpg	default	Equipment	10 - I Want to Believe	10 - I Want to Believe	playerNDeck	3 RP	Equipment|Electrical|Special	Adds 1 to the Agent's COMPUTER skill. Additionally,you can discard this card to add two to the Agent's EVIDENCE COLLECTION skill.			Community	Avatar	XF08-0310v1
72dab3c7-a115-48f0-8868-eb4f48d54f12	Fortune's Pick	x-files-ccg/10-i-want-to-believe/XFilesCcg-10IWantToBelieve-FortunesPick.jpg	default	Event	10 - I Want to Believe	10 - I Want to Believe	playerNDeck	2 RP	Event	Play this card to search your Bureau Deck for any one Event card with the ACTIVE activator. Show the chosen card to your opponents, then add it to your hand. Shuffle your deck.			Community	The Amazing Maleeni	XF08-0209v1
816f5684-98bf-47c9-946d-6868015bbe98	Forward-Looking InfraRed (FLIR)	x-files-ccg/10-i-want-to-believe/XFilesCcg-10IWantToBelieve-ForwardLookingInfraRedFLIR.jpg	default	Equipment	10 - I Want to Believe	10 - I Want to Believe	playerNDeck	3 RP	Equipment|Electrical|Special	Adds 1 to the Agent's OBSERVATION skill. Additionally, you can discard this card to skip a LRC round against a PRIMORDIAL or EVOLUTIONARY Adversary attacking the Team of an Agent equipped with a FLIR.			Community	Detour	XF08-0303v1
5f4c9594-5abe-4f89-81b9-93ccb09e8391	Foster City, CA	x-files-ccg/10-i-want-to-believe/XFilesCcg-10IWantToBelieve-FosterCityCA.jpg	default	Site	10 - I Want to Believe	10 - I Want to Believe	playerNDeck	1 RP	Site|Multi|Motive|Result|Occult Investigation|Sciences				Community	Theef	XF08-0067v1
5c3d9faa-a941-4f32-978e-7126c2cf13de	Foum Tataouine, Tunisia	x-files-ccg/10-i-want-to-believe/XFilesCcg-10IWantToBelieve-FoumTataouineTunisia.jpg	default	Site	10 - I Want to Believe	10 - I Want to Believe	playerNDeck	1 RP	Site|Multi|Affiliation|Result|Alien Investigation|Sciences				Community	Fight the Future	XF08-0051v1
72ae5dad-8d1d-4cf1-a263-6abce0778b90	Fox Mulder, Abducted	x-files-ccg/10-i-want-to-believe/XFilesCcg-10IWantToBelieve-FoxMulderAbducted.jpg	default	Event	10 - I Want to Believe	10 - I Want to Believe	playerNDeck	5 CP	Event|Alien|Abduction	Play on a Team of Agents including Fox Mulder to immediately place that Agent ten cards down, face up, in the owning player's Bureau deck. Any equipment and/or token that Mulder had is discarded. When Mulder's card reaches the top of the deck, the Agent's card must be immediately moved to the Hospital (undamaged).			Community	Within	XF08-0207v1
5bf87fc7-7530-4649-81e7-e3ecb7f3faba	FPS Corporate Offices, Inland Empire, CA	x-files-ccg/10-i-want-to-believe/XFilesCcg-10IWantToBelieve-FPSCorporateOfficesInlandEmpireCA.jpg	default	Site	10 - I Want to Believe	10 - I Want to Believe	playerNDeck	2 RP	Site|Mono|Result|Computer				Community	First Person Shooter	XF08-0049v1
66805119-f5aa-4d51-a052-8fb84fd294a7	Frank Black	x-files-ccg/10-i-want-to-believe/XFilesCcg-10IWantToBelieve-FrankBlack.jpg	default	Agent	10 - I Want to Believe	10 - I Want to Believe	playerNStarting	5 RP	Agent|Independent|Believer		4		Community	Millennium	XF08-0118v1
7c8bca4b-1141-4bed-946d-bde5963c82fc	Frohike	x-files-ccg/10-i-want-to-believe/XFilesCcg-10IWantToBelieve-Frohike.jpg	default	Event	10 - I Want to Believe	10 - I Want to Believe	playerNDeck	3 RP	Event|Negate	This card will negate one Event card played on your Team.			Community	Jump the Shark	XF08-0274v1
64861f29-6379-49bc-ac0c-95f31a11e5e6	Frozen Vitrification	x-files-ccg/10-i-want-to-believe/XFilesCcg-10IWantToBelieve-FrozenVitrification.jpg	default	Bluff	10 - I Want to Believe	10 - I Want to Believe	playerNDeck	1 CP	Bluff|Behavioral	Play to change the Site Prerequisite from SCIENCES to BEHAVIORAL .			Community	Synchrony	XF08-0106v1
5ceee182-3cc8-4273-a78f-d878f68c33cb	Galpex-Orpheus Platform, Gulf of Mexico	x-files-ccg/10-i-want-to-believe/XFilesCcg-10IWantToBelieve-GalpexOrpheusPlatformGulfOfMexico.jpg	default	Site	10 - I Want to Believe	10 - I Want to Believe	playerNDeck	1 RP	Site|Multi|Motive|Result|Alien Investigation|Criminal Investigation				Community	Vienen	XF08-0055v1
87ca1a1e-4f71-4ece-b1a2-ce6f5d345b0e	George and Sherman Peacock's Attack	x-files-ccg/10-i-want-to-believe/XFilesCcg-10IWantToBelieve-GeorgeAndShermanPeacocksAttack.jpg	default	Adversary	10 - I Want to Believe	10 - I Want to Believe	playerNDeck	6 CP	Adversary|Evolutionary|Creature	If any Agent on target Team has an Equipment card attached that increases LRC skill you can attach that card to Peacock's brothers instead (only during the LONG RANGE COMBAT round and only one Equipment card, your choice). Discard that Equipment card if the controlling Agent is sent to the Hospital.	8		Community	Home	XF08-0341v1
624e54ae-7f2f-42ed-b674-df680ac7cb35	Ghostly Haunting	x-files-ccg/10-i-want-to-believe/XFilesCcg-10IWantToBelieve-GhostlyHaunting.jpg	default	Bluff	10 - I Want to Believe	10 - I Want to Believe	playerNDeck	4 CP	Bluff	Play this card to provide the keywords necessary to play any one Keyword PHENOMENA Adversary.			Community	Excelsius Dei	XF08-0092v1
6c779d5e-c7d2-46b8-92ba-353635695e55	Gibson Praise	x-files-ccg/10-i-want-to-believe/XFilesCcg-10IWantToBelieve-GibsonPraise.jpg	default	Witness	10 - I Want to Believe	10 - I Want to Believe	playerNDeck	4 RP	Witness|Alien Investigation|Resource	Place this Witness card in the Bureau. You may attach it at any time to an Agent in that section. If any Team including that Agent successfully investigates a Site, you may ask 'Is your X-File's Result Abduction?' in addition to the Site question at no cost. Discard this card afterward.			Community	Without	XF08-0160v1
7283e272-216b-4a3d-9d54-a48a78d4d155	God's Blessing	x-files-ccg/10-i-want-to-believe/XFilesCcg-10IWantToBelieve-GodsBlessing.jpg	default	Event	10 - I Want to Believe	10 - I Want to Believe	playerNDeck	3 CP	Event|Resource	Place this card in the Field. Once during your turn as Directed player you may pay 2 [CP] to move the top card of your opponent's Bureau deck into their Discard Pile. Your opponent may pay 7 [RP] to force you to discard this card.			Community	Amor Fati	XF08-0205v1
705e2549-0c98-4c78-9bd7-d07e7af02bbe	Government Watchlist	x-files-ccg/10-i-want-to-believe/XFilesCcg-10IWantToBelieve-GovernmentWatchlist.jpg	default	Event	10 - I Want to Believe	10 - I Want to Believe	playerNDeck	5 RP	Event|Government|Resource	Play this card to your opponent's Field with three tokens on it. While in play, your opponent must keep all [CP] cost cards in their hand face up on the table. Remove one token during each Briefing phase of any attached Agent. When the last token is removed, discard this card.			Community	Three Words	XF08-0188v1
58adc6da-8e45-43c9-9b1a-354d0d264fae	Hand Bind	x-files-ccg/10-i-want-to-believe/XFilesCcg-10IWantToBelieve-HandBind.jpg	default	Combat	10 - I Want to Believe	10 - I Want to Believe	playerNDeck	3 CP	Combat|Primordial|Martial Arts	Play this card during a CLOSE RANGE COMBAT round on any Adversary with the Keyword PRIMORDIAL or that is capable of using MARTIAL ARTS cards. The Adversary may bind an Agent (your choice), preventing that Agent from dealing damage during the remaining CRC rounds.			Community	Orison	XF08-0020v1
80e505d1-867e-43b6-9cf1-3abd59aa89c5	Handheld Digital Recorder	x-files-ccg/10-i-want-to-believe/XFilesCcg-10IWantToBelieve-HandheldDigitalRecorder.jpg	default	Equipment	10 - I Want to Believe	10 - I Want to Believe	playerNDeck	3 RP	Equipment|Mechanical|Special	Adds 1 to the Agent's EVIDENCE COLLECTION skill. Additionally, you can discard this card to add two to the Agent's CRIMINAL INVESTIGATION skill.			Community	Arcadia	XF08-0300v1
62f9e931-33ae-448c-b665-bb0f24ab1b28	Haunting Trickery	x-files-ccg/10-i-want-to-believe/XFilesCcg-10IWantToBelieve-HauntingTrickery.jpg	default	Bluff	10 - I Want to Believe	10 - I Want to Believe	playerNDeck	2 CP	Bluff|Occult Investigation	Flip the top card of your Bureau deck (flip enough cards until getting a card with a cost number). Use that number as a negative skill modifier on target Agent's skill (your choice) until end of turn. The chosen skill cannot decrease below zero. Shuffle the Drawn cards into the Bureau deck afterwards.			Community	How the Ghosts Stole Christmas	XF08-0096v1
6edc58a5-44c9-4320-ad52-3cd7cd7c6729	Head Calusari	x-files-ccg/10-i-want-to-believe/XFilesCcg-10IWantToBelieve-HeadCalusari.jpg	default	Witness	10 - I Want to Believe	10 - I Want to Believe	playerNDeck	3 RP	Witness|Primordial|Occult Investigation|Resource	Adds 1 [RP] to your pool every time a Keyword PRIMORDIAL or OCCULT INVESTIGATION card is played.			Community	The Calusari	XF08-0173v1
8239929a-aa05-4bd1-92fd-5e5aa894bca3	Head X-Ray Plate	x-files-ccg/10-i-want-to-believe/XFilesCcg-10IWantToBelieve-HeadXRayPlate.jpg	default	Equipment	10 - I Want to Believe	10 - I Want to Believe	playerNDeck	3 RP	Equipment|Special	Adds 1 to the Agent's MEDICAL skill. Additionally, you can discard this card to add two to the Agent's ALIEN INVESTIGATION skill.			Community	The Blessing Way	XF08-0309v1
7b8edc97-1e41-4526-a151-cec1690d3b85	Healing Regurgitation	x-files-ccg/10-i-want-to-believe/XFilesCcg-10IWantToBelieve-HealingRegurgitation.jpg	default	Event	10 - I Want to Believe	10 - I Want to Believe	playerNDeck	X RP	Event|Healing|Killer	Play this card to recover an Agent that was killed and removed from play, where X is the cost of that Agent. Remove this card from the game. Each player may have only one of this card in their deck.			Community	The Gift	XF08-0267v1
70bed8af-00fa-4717-b4e1-c68813e83171	Henry Weems	x-files-ccg/10-i-want-to-believe/XFilesCcg-10IWantToBelieve-HenryWeems.jpg	default	Event	10 - I Want to Believe	10 - I Want to Believe	playerNDeck	4 RP	Event	Apply a +3 modifier to any one skill check made by a Team of Agents in the Field during the Investigation phase.			Community	The Goldberg Variation	XF08-0192v1
56f02bd7-6b40-4990-99cb-2819b5e809d2	Hidden Twin-Barrell	x-files-ccg/10-i-want-to-believe/XFilesCcg-10IWantToBelieve-HiddenTwinBarrell.jpg	default	Combat	10 - I Want to Believe	10 - I Want to Believe	playerNDeck	3 *P	Combat	Play this card on any combatant to increase or decrease that Combatant's LRC by two points during that round.			Community	Piper Maru	XF08-0008v1
81b284f3-02c0-4932-9fdc-e50a9d19609a	High Focus Camera	x-files-ccg/10-i-want-to-believe/XFilesCcg-10IWantToBelieve-HighFocusCamera.jpg	default	Equipment	10 - I Want to Believe	10 - I Want to Believe	playerNDeck	3 RP	Equipment|Mechanical|Special	Adds 1 to the Agent's OBSERVATION skill. Additionally, you can discard this card to add two to the Agent's BEHAVIORAL skill.			Community	Talitha Cumi	XF08-0304v1
63d182c4-ea6f-4d19-a5d7-b8bcb2f56b91	Hog Hideout Hazard	x-files-ccg/10-i-want-to-believe/XFilesCcg-10IWantToBelieve-HogHideoutHazard.jpg	default	Bluff	10 - I Want to Believe	10 - I Want to Believe	playerNDeck	4 CP	Bluff	Force an opposing Team to make a SUBTERFUGE 4+ skill check. If they fail, choose one Agent to go to the Hospital (undamaged).			Community	Home	XF08-0102v1
5bbc0f77-0e5b-4e5c-9c95-b8c46661c139	Hollins, Roanoke County, VA	x-files-ccg/10-i-want-to-believe/XFilesCcg-10IWantToBelieve-HollinsRoanokeCountyVA.jpg	default	Site	10 - I Want to Believe	10 - I Want to Believe	playerNDeck	1 RP	Site|Multi|Motive|Result|Occult Investigation|Subterfuge				Community	Terms of Endearment	XF08-0048v1
7917bb04-eba0-483c-a30b-4fda5c3fbc56	Home Call	x-files-ccg/10-i-want-to-believe/XFilesCcg-10IWantToBelieve-HomeCall.jpg	default	Event	10 - I Want to Believe	10 - I Want to Believe	playerNDeck	3 RP	Event	Search through your Bureau deck for any one Site card with Keyword RESULT. Show the card to your opponent and add it to your hand. Shuffle your Bureau deck.			Community	Brand-X	XF08-0252v1
7a7ee40a-b313-41ce-a6d3-e7ac032eeaae	Hope vs Selfishness	x-files-ccg/10-i-want-to-believe/XFilesCcg-10IWantToBelieve-HopeVsSelfishness.jpg	default	Event	10 - I Want to Believe	10 - I Want to Believe	playerNDeck	X *P	Event	Pay X [CP] to remove X [RP] from your opponent's pool immediately, or vice versa.			Community	Fight the Future	XF08-0260v1
5641e0e9-e384-4a54-bd20-4fefd3bff1c8	Hostages	x-files-ccg/10-i-want-to-believe/XFilesCcg-10IWantToBelieve-Hostages.jpg	default	Combat	10 - I Want to Believe	10 - I Want to Believe	playerNDeck	1 CP	Combat	Play after an Adversary card has been successfully played on a Site. Discard a card from your hand to add X [CP] to your pool. X = Half the cost of the Adversary played (rounded down).			Community	Duane Barry	XF08-0003v1
7cdd6b77-bd09-4891-a63c-f58177ae1ef6	I Want To Believe	x-files-ccg/10-i-want-to-believe/XFilesCcg-10IWantToBelieve-IWantToBelieve.jpg	default	Event	10 - I Want to Believe	10 - I Want to Believe	playerNDeck	1 RP	Event|Alien Investigation|Occult Investigation	Play on one Agent to allow that Agent to use their EVIDENCE COLLECTION skill number for any one ALIEN INVESTIGATION or OCCULT INVESTIGATION skill check.			Community	Alpha	XF08-0277v1
5632671b-31a6-4b0e-98cb-ddfc2249feb1	Identity Intrusion	x-files-ccg/10-i-want-to-believe/XFilesCcg-10IWantToBelieve-IdentityIntrusion.jpg	default	Combat	10 - I Want to Believe	10 - I Want to Believe	playerNDeck	5 CP	Combat|Occult	Play this card to gain control of an Agent during a single Combat round (your choice).			Community	Lazarus	XF08-0002v1
79cbf71e-5af2-430c-8111-016760f8017a	Identity Swap	x-files-ccg/10-i-want-to-believe/XFilesCcg-10IWantToBelieve-IdentitySwap.jpg	default	Event	10 - I Want to Believe	10 - I Want to Believe	playerNDeck	3 RP	Event|Alien Investigation	Play this card at the beginning of the Briefing Phase. Swap one of your Agents with an opponent's Agent of equal or lower cost in the same section (include tokens and attached cards). Players may not control duplicate Agents, and the Game Effect of the swapped Agents cannot be used. At the end of the turn, return both Agents to their final locations (sections).			Community	Dreamland (I)	XF08-0255v1
8b3aa85a-5647-41f5-a3b4-3af81695d559	In Deep Shadows	x-files-ccg/10-i-want-to-believe/XFilesCcg-10IWantToBelieve-InDeepShadows.jpg	default	Event	10 - I Want to Believe	10 - I Want to Believe	playerNDeck	2 CP	Event	Play this card to negate search through your Bureau Deck and add one of the following cards to your hand: 'The End', 'Second's Elder Deliberation', 'Covering Up Evidence', or 'The Toothpick Man'. If you play the chosen card immediately, you may do so at half cost (rounded up). Alternatively, you can use this card to negate the effect of William.			Community	Providence	PR08-012-ASE
7e001d64-bfb5-46d7-ab8d-006f983f0e81	In the Big Inning	x-files-ccg/10-i-want-to-believe/XFilesCcg-10IWantToBelieve-InTheBigInning.jpg	default	Event	10 - I Want to Believe	10 - I Want to Believe	playerNDeck	0 RP	Event|Alien Investigation|Question	Play this card immediately after a Team of Agents has successfully investigated a Site and asked a Characteristic question regarding your X-File. If the question is answered with "yes", add 3 tokens to your [RP] pool.			Community	The Unnatural	XF08-0284v1
6653ba64-292a-4b1d-a67d-66ecb3b4ecd5	Inexplicable Mind Vibes	x-files-ccg/10-i-want-to-believe/XFilesCcg-10IWantToBelieve-InexplicableMindVibes.jpg	default	Bluff	10 - I Want to Believe	10 - I Want to Believe	playerNDeck	4 CP	Bluff|Conspiracy|Alien Manipulation|Move	Move one Agent with the Keyword BELIEVER (your choice) to the Hospital immediately (undamaged). The Agent may not contribute to any skill checks this turn.			Community	The Sixth Extinction	XF08-0116v1
5d8884b4-5bc4-4999-9268-096026da00ba	Inova Fairfax Medical Campus, Falls Church, VA	x-files-ccg/10-i-want-to-believe/XFilesCcg-10IWantToBelieve-InovaFairfaxMedicalCampusFallsChurchVA.jpg	default	Site	10 - I Want to Believe	10 - I Want to Believe	playerNDeck	1 RP	Site|Multi|Motive|Result|Medical|Occult Investigation				Community	Audrey Pauley	XF08-0060v1
5c549c0b-d67f-49cd-9a04-caf6543cefb0	Ivory Coast, West Africa	x-files-ccg/10-i-want-to-believe/XFilesCcg-10IWantToBelieve-IvoryCoastWestAfrica.jpg	default	Site	10 - I Want to Believe	10 - I Want to Believe	playerNDeck	1 RP	Site|Multi|Method|Result|Alien Investigation|Medical				Community	The Sixth Extinction	XF08-0052v1
8336b42c-b8b5-48d4-8ea4-43dde8b883e4	Janke Dacyshyn	x-files-ccg/10-i-want-to-believe/XFilesCcg-10IWantToBelieve-JankeDacyshyn.jpg	default	Adversary	10 - I Want to Believe	10 - I Want to Believe	playerNDeck	6 CP	Adversary|Primordial|Creature|Abduction	The LONG RANGE COMBAT round is skipped. Dacyshyn engages one opposing Agent (your choice) in Combat. If Dacyshyn reduces the Agent to zero HEALTH, place this card on top of the Agent along with 3 tokens. Remove one token during each Briefing Phase. When no tokens are on the Agent, move the Agent to the Hospital including the damage tokens. This card is considered an ABDUCTION card.	5		Community	I Want to Believe	XF08-0316v1
6f25c6a1-1869-445b-904a-745727ff13f0	Jesse Landis	x-files-ccg/10-i-want-to-believe/XFilesCcg-10IWantToBelieve-JesseLandis.jpg	default	Witness	10 - I Want to Believe	10 - I Want to Believe	playerNDeck	4 RP	Witness|Behavioral|Criminal Investigation	Adds 3 to one Team's BEHAVIORAL or adds 2 to one Team's CRIMINAL INVESTIGATION skill check. If played after Adversary card "2Shy" attacked a Team, the cost of this card is halved.			Community	2Shy	XF08-0175v1
88f2b254-c720-480b-8a35-3c522970e300	Jinn's Twisted Wish	x-files-ccg/10-i-want-to-believe/XFilesCcg-10IWantToBelieve-JinnsTwistedWish.jpg	default	Adversary	10 - I Want to Believe	10 - I Want to Believe	playerNDeck	6 CP	Adversary|Occult|Creature|Phenomena	This card does not initiate combat. Place this card face up in your opponent's Bureau deck and reshuffle the deck. When this card reaches the top of the deck, your opponent's turn as Active player ends immediately. This card has no effect if it reaches the top of the deck during your opponent's turn as Directed player.	N/A		Community	Je Souhaite	XF08-0349v1
6c4a8788-81ae-4a93-8db5-220a3cd5221b	John Lee Roche	x-files-ccg/10-i-want-to-believe/XFilesCcg-10IWantToBelieve-JohnLeeRoche.jpg	default	Witness	10 - I Want to Believe	10 - I Want to Believe	playerNDeck	1 RP	Witness|Criminal Investigation	Adds 2 to one Agent's CRIMINAL INVESTIGATION skill check. Your opponent may pay 3 [CP] to negate this Witness.			Community	Paper Hearts	XF08-0157v1
6ee948d9-f30b-4b39-b722-172769bbb91d	Jorge Concepción	x-files-ccg/10-i-want-to-believe/XFilesCcg-10IWantToBelieve-JorgeConcepciN.jpg	default	Witness	10 - I Want to Believe	10 - I Want to Believe	playerNDeck	3 RP	Witness|Alien Investigation|Observation|Resource	Adds 1 [RP] to your pool every time a Keyword ALIEN INVESTIGATION or OBSERVATION card played			Community	Little Green Men	XF08-0174v1
5f6d33f8-b158-4445-a8ab-1b2e98b2f86c	Josepho's Prophecy	x-files-ccg/10-i-want-to-believe/XFilesCcg-10IWantToBelieve-JosephosProphecy.jpg	default	Bluff	10 - I Want to Believe	10 - I Want to Believe	playerNDeck	1 CP	Bluff|Alien Investigation|Behavioral	Play this card on a Site. For each card in your hand with the Keyword ALIEN, ALIEN INVESTIGATION, or BEHAVIORAL that you reveal to your opponent, increase the Site's Pre-requisite by 1.			Community	Providence	XF08-0068v1
5a5d2e42-2e8e-47dc-9a62-e41b3b2f1d71	Kallencheck's Salvage Brokers, San Francisco, CA	x-files-ccg/10-i-want-to-believe/XFilesCcg-10IWantToBelieve-KallenchecksSalvageBrokersSanFranciscoCA.jpg	default	Site	10 - I Want to Believe	10 - I Want to Believe	playerNDeck	1 RP	Site|Multi|Method|Motive|Alien Investigation|Observation				Community	Piper Maru	XF08-0033v1
852c6b8a-c473-4b43-8da7-42f8375d4e38	Karin's Dark Sorcery	x-files-ccg/10-i-want-to-believe/XFilesCcg-10IWantToBelieve-KarinsDarkSorcery.jpg	default	Adversary	10 - I Want to Believe	10 - I Want to Believe	playerNDeck	6 CP	Adversary|Occult|Creature|Phenomena	The LONG RANGE COMBAT round is skipped. For each Agent that Karin's Dark Sorcery sends to the Hospital you may remove up to 4 [RP] from your opponent's Resource Pool.	5		Community	Schizogeny	XF08-0329v1
851bb687-6df6-43ce-9d92-bc2fe1aad9b7	Kill Switch	x-files-ccg/10-i-want-to-believe/XFilesCcg-10IWantToBelieve-KillSwitch.jpg	default	Adversary	10 - I Want to Believe	10 - I Want to Believe	playerNDeck	5 CP	Adversary|Evolutionary|Phenomena|Pawn	The Kill Switch creates a distorted reality on the Team of Agents, dealing a total of 5 damage points, split among any number of opposing Agents (Directed Player's choice). For each chosen Agent, subtract their COMPUTER skill from the assigned damage - damage cannot be reduced below 0.	N/A		Community	Kill Switch	XF08-0327v1
8807214e-6f5c-478c-bb26-243dc781dea1	Knowle Rohrer	x-files-ccg/10-i-want-to-believe/XFilesCcg-10IWantToBelieve-KnowleRohrer.jpg	default	Adversary	10 - I Want to Believe	10 - I Want to Believe	playerNDeck	10 CP	Adversary|Alien|Creature	Knowle Rohrer regenerates (heals) one point of HEALTH at the beginning of each combat round as long as his HEALTH is not at zero.	9		Community	The Truth	XF08-0343v1
5ef7d815-a3ff-4593-a038-6d4bdec3be5b	Kroner, Kansas	x-files-ccg/10-i-want-to-believe/XFilesCcg-10IWantToBelieve-KronerKansas.jpg	default	Site	10 - I Want to Believe	10 - I Want to Believe	playerNDeck	2 RP	Site|Mono|Result|Occult Investigation				Community	The Rain King	XF08-0066v1
77fdcd33-9f57-46fa-9ed7-747946519a0c	Krycek's Amputation	x-files-ccg/10-i-want-to-believe/XFilesCcg-10IWantToBelieve-KryceksAmputation.jpg	default	Event	10 - I Want to Believe	10 - I Want to Believe	playerNDeck	8 CP	Event|Killer|Resource	Play on Agent Krycek when he is in the Field and is involved in an ALIEN INVESTIGATION or BUREAUCRACY skill check. Krycek loses his right arm and all his skills are halved (rounded up). This card cannot be negated and remains attached to Krycek until the end of the game.			Community	Terma	XF08-0244v1
713c7f4a-546b-4b69-b825-19cb085850bb	Krycek's Deadly Ultimatum	x-files-ccg/10-i-want-to-believe/XFilesCcg-10IWantToBelieve-KryceksDeadlyUltimatum.jpg	default	Event	10 - I Want to Believe	10 - I Want to Believe	playerNDeck	3 CP	Event|Alien|Alien Manipulation	Play this card to force any opponent to skip the Healing phase.			Community	Deadalive	XF08-0199v1
7358f2a8-722c-49cf-b641-f46d4a935527	Langly	x-files-ccg/10-i-want-to-believe/XFilesCcg-10IWantToBelieve-Langly.jpg	default	Event	10 - I Want to Believe	10 - I Want to Believe	playerNDeck	2 RP	Event|Negate	Negate any one Bluff card.			Community	All About Yves	XF08-0211v1
84c2cddd-c1d8-471a-8ec0-757ad6fe1ad5	Lasioderma Serricorne Outbreak	x-files-ccg/10-i-want-to-believe/XFilesCcg-10IWantToBelieve-LasiodermaSerricorneOutbreak.jpg	default	Adversary	10 - I Want to Believe	10 - I Want to Believe	playerNDeck	5 CP	Adversary|Primordial|Phenomena	This card does not initiate Combat. Place target Agent under this card. The Agent may not contribute to any skill check this turn nor generate RES while under this card. At the beginning of your opponent's next Healing phase, remove this card from the game and send the Agent to the Hospital with two damage tokens.	N/A		Community	Brand-X	XF08-0322v1
76988ca9-e6d8-4df1-9a7b-b26978a142f1	Last Dial Inquiry	x-files-ccg/10-i-want-to-believe/XFilesCcg-10IWantToBelieve-LastDialInquiry.jpg	default	Event	10 - I Want to Believe	10 - I Want to Believe	playerNDeck	1 *P	Event	Discard a card from your hand. During your next Briefing Phase, draw two additional cards (in addition to the one you would normally draw). Ignore the effects of any card that prevents you from doing so.			Community	Faciphaga Emasculata	XF08-0230v1
778fbaca-4d80-4fdc-bb9b-7f3e59e9bedf	Letter From Samantha	x-files-ccg/10-i-want-to-believe/XFilesCcg-10IWantToBelieve-LetterFromSamantha.jpg	default	Event	10 - I Want to Believe	10 - I Want to Believe	playerNDeck	5 RP	Event|Alien Investigation	Play this card on a Team of Agents. If the Team makes an ALIEN INVESTIGATION Skill check 5+, look through any player's Bureau deck and remove any one card from the game. Shuffle that Bureau deck afterwards. You may only have one of this card in your Bureau Deck.			Community	End Game	XF08-0239v1
66cf4884-6b34-44c6-be9b-9d245a9a0630	Lieutenant Kraskow	x-files-ccg/10-i-want-to-believe/XFilesCcg-10IWantToBelieve-LieutenantKraskow.jpg	default	Agent	10 - I Want to Believe	10 - I Want to Believe	playerNStarting	4 RP	Agent|Law|Neutral		4		Community	Monday	XF08-0120v1
74fa9fbd-55c7-44f8-a4f5-7f9a5ec0953c	Life From Ashes	x-files-ccg/10-i-want-to-believe/XFilesCcg-10IWantToBelieve-LifeFromAshes.jpg	default	Event	10 - I Want to Believe	10 - I Want to Believe	playerNDeck	5 RP	Event|Healing	Play this card to heal all damage done to an Agent only if their HEALTH is reduced to zero after a Combat. The Agent can still contribute with their skills to the Site skill check this turn.			Community	Miracle Man	XF08-0223v1
6115f3f3-44c0-4c53-b510-3854aafe06ff	Limited Choices	x-files-ccg/10-i-want-to-believe/XFilesCcg-10IWantToBelieve-LimitedChoices.jpg	default	Bluff	10 - I Want to Believe	10 - I Want to Believe	playerNDeck	X CP	Bluff	Play this card to cause the Investigating player to discard X number of cards (chosen randomly) from his hand. X = [CP] cost paid.			Community	Fight the Future	XF08-0080v1
613697d1-c1f9-4e17-a697-89bbde5b577f	Linda Bowman	x-files-ccg/10-i-want-to-believe/XFilesCcg-10IWantToBelieve-LindaBowman.jpg	default	Bluff	10 - I Want to Believe	10 - I Want to Believe	playerNDeck	3 CP	Bluff	Play on a Team of three or more Agents investigating a Site. Only Agents with at least one of the skills listed in that Site prerequisite may participate in any skill check or Combat at this Site.			Community	Per Manum	XF08-0082v1
691091f3-0121-46f9-b2ca-450e72740926	Lizzy Gill	x-files-ccg/10-i-want-to-believe/XFilesCcg-10IWantToBelieve-LizzyGill.jpg	default	Agent	10 - I Want to Believe	10 - I Want to Believe	playerNStarting	3 RP	Agent|Independent|Skeptic		3		Community	Essence	XF08-0132v1
8b99e1bd-46ff-4b26-8967-66d35da3cbf5	Lone No More	x-files-ccg/10-i-want-to-believe/XFilesCcg-10IWantToBelieve-LoneNoMore.jpg	default	Event	10 - I Want to Believe	10 - I Want to Believe	playerNDeck	3 CP	Event	Negate one of these cards (your choice): 'Byers', 'Frohike', 'Langly', 'Call on us more often', 'No one so paranoid', 'Three words, one solution', 'The Lone Gunman', 'The Lone Gunmen' or 'Three of a kind'.			Community	Jump the Shark	PR08-015-ASE
7434e0e2-8ade-47e3-887e-396e5ccb484d	Long-Range Combat Training	x-files-ccg/10-i-want-to-believe/XFilesCcg-10IWantToBelieve-LongRangeCombatTraining.jpg	default	Event	10 - I Want to Believe	10 - I Want to Believe	playerNDeck	3 RP	Event|Training	Play on an Agent in the Bureau. The Agent is taken out of play for one full turn. At the start of the Briefing Phase of the second turn, the Agent may be deployed as normal and in addition has a +2 in LRC skill. Place this card below the Agent to remind you of the increased skill.			Community	Pusher	XF08-0219v1
88a03ccc-b5e1-40f4-bcb2-f4e77d93d52c	Lord of the Flies	x-files-ccg/10-i-want-to-believe/XFilesCcg-10IWantToBelieve-LordOfTheFlies.jpg	default	Adversary	10 - I Want to Believe	10 - I Want to Believe	playerNDeck	5 CP	Adversary|Evolutionary|Creature	At the beginning of each combat round, you may choose one Agent. That Agent is webbed and cannot attack or use abilities that round. If that Agent's HEALTH is reduced to 0 by the end of the Combat, you may draw one extra card at the start of your next Briefing Phase.	5		Community	Lord of the flies	XF08-0348v1
736538bc-b554-4b96-b257-e6b02267d576	Lucky Keyword Unlock	x-files-ccg/10-i-want-to-believe/XFilesCcg-10IWantToBelieve-LuckyKeywordUnlock.jpg	default	Event	10 - I Want to Believe	10 - I Want to Believe	playerNDeck	2 RP	Event|Computer|Resource	Play on one Team in the Field. If the Team makes a COMPUTER skill check 5+, then they may add 2 to any Site skill check. Discard this card after you have used the modifier.			Community	Memento Mori	XF08-0212v1
89360793-6f32-4eef-b411-2e9831421107	Lulu Pfeiffer	x-files-ccg/10-i-want-to-believe/XFilesCcg-10IWantToBelieve-LuluPfeiffer.jpg	default	Adversary	10 - I Want to Believe	10 - I Want to Believe	playerNDeck	5 CP	Adversary|Occult|Creature	This You may search your Bureau deck for the "Betty Templeton" Adversary card and play it immediately, ignoring Activator requirements. If you do, both Adversaries attack simultaneously (treat as one Combat). Double both cards' CRC and HEALTH, and skip the LONG RANGE COMBAT round.	3		Community	Fight Club	XF08-0352v1
84ee52f3-b214-432f-bf0f-754c29cbe2ac	Maitreya's Virtual Menace	x-files-ccg/10-i-want-to-believe/XFilesCcg-10IWantToBelieve-MaitreyasVirtualMenace.jpg	default	Adversary	10 - I Want to Believe	10 - I Want to Believe	playerNDeck	4 CP	Adversary|Evolutionary|Phenomena|Pawn	Maitreya may use MARTIAL ARTS Combat cards. The damage dealt by her on any Agent can be considered "virtual": the Agents' controller may remove 1 point of damage (1 token) from any Agent damaged by Maitreya for each 2 [RP]'s spent on that Agent. This action may prevent those Agents to be sent to the Hospital.	5		Community	First Person Shooter	XF08-0325v1
705fa9a1-9c74-4eb6-b126-6b6b12334523	Manhole Surprise	x-files-ccg/10-i-want-to-believe/XFilesCcg-10IWantToBelieve-ManholeSurprise.jpg	default	Event	10 - I Want to Believe	10 - I Want to Believe	playerNDeck	3 CP	Event	Play this card to search your Bureau deck for a card with the BLUFF keyword. Reveal it to your opponent, then add it to your hand. Shuffle your deck.			Community	Fight Club	XF08-0189v1
5fe15c7d-e553-44b7-b9b6-8962ceb65d07	Manipulating the Flock	x-files-ccg/10-i-want-to-believe/XFilesCcg-10IWantToBelieve-ManipulatingTheFlock.jpg	default	Bluff	10 - I Want to Believe	10 - I Want to Believe	playerNDeck	4 CP	Bluff|Alien|Resource	Place this card next to a Site card as a Resource. The next card your opponent plays at this Site must be discarded with no effect after it is paid for, except for cards that negate this card or Combat cards. Then, discard this card. If no such card is played, this card remains in play until the Site is discarded.			Community	This is not happening	XF08-0071v1
6bab73cd-4028-436e-83a9-c7c09103a222	Marita Covarrubias	x-files-ccg/10-i-want-to-believe/XFilesCcg-10IWantToBelieve-MaritaCovarrubias.jpg	default	Agent	10 - I Want to Believe	10 - I Want to Believe	playerNStarting	3 RP	Agent|Independent|Law|Neutral		4		Community	Herrenvolk	XF08-0152v1
6c30dd57-29d1-4522-9cee-358b1d1e821c	Marty Glenn	x-files-ccg/10-i-want-to-believe/XFilesCcg-10IWantToBelieve-MartyGlenn.jpg	default	Witness	10 - I Want to Believe	10 - I Want to Believe	playerNDeck	3 RP	Witness|Criminal Investigation|Resource	Place three tokens on this card. Discard a token to add 2 to one Team's CRIMINAL INVESTIGATION skill check. You may discard a token once per turn. Discard this resource when all tokens have been discarded.			Community	Mind's Eye	XF08-0156v1
586819e6-aca3-49d1-9249-de5e0699846d	Masked Identity	x-files-ccg/10-i-want-to-believe/XFilesCcg-10IWantToBelieve-MaskedIdentity.jpg	default	Combat	10 - I Want to Believe	10 - I Want to Believe	playerNDeck	1 CP	Combat	Play this card any time during a Combat on any Adversary. If the Adversary's HEALTH was not reduced to zero yet, you may allow that Adversary to end Combat and return the card to your hand, but you cannot play the Adversary again this turn.			Community	Sanguinarium	XF08-0016v1
6dca0820-6d3d-451b-b313-19b375e6481b	Melissa Riedal-Ephessian	x-files-ccg/10-i-want-to-believe/XFilesCcg-10IWantToBelieve-MelissaRiedalEphessian.jpg	default	Witness	10 - I Want to Believe	10 - I Want to Believe	playerNDeck	3 RP	Witness|Occult Investigation	Play to change the Site Prerequisite to OCCULT INVESTIGATION 3+.			Community	The Field Where I Died	XF08-0169v1
8aa24539-d203-497e-91a6-29df1d99ff65	Messages From Beyond	x-files-ccg/10-i-want-to-believe/XFilesCcg-10IWantToBelieve-MessagesFromBeyond.jpg	default	Event	10 - I Want to Believe	10 - I Want to Believe	playerNDeck	3 *P	Event	Play this card to draw four cards, then place any two cards from your hand on top of your Bureau deck or in your discard pile.			Community	Closure	PR08-009-RCZ
69c90088-8ef5-4deb-87ab-e1f7e99b175d	Michael Lee Kritschgau	x-files-ccg/10-i-want-to-believe/XFilesCcg-10IWantToBelieve-MichaelLeeKritschgau.jpg	default	Agent	10 - I Want to Believe	10 - I Want to Believe	playerNStarting	4 RP	Agent|Independent|Believer		5		Community	Redux	XF08-0138v1
6d6a57dd-208e-4fa4-bc00-d68ed581ade5	Michelle Fazekas	x-files-ccg/10-i-want-to-believe/XFilesCcg-10IWantToBelieve-MichelleFazekas.jpg	default	Witness	10 - I Want to Believe	10 - I Want to Believe	playerNDeck	2 RP	Witness|Resource	Attach this Witness to any Agent in the Field. Adds 1 to that Agent's RES value during the Briefing Phase if that Agent is in the Field. Discard this card when the Agent's HEALTH is reduced to 0.			Community	Detour	XF08-0166v1
562ccbde-0cd2-4870-b0c8-72439acc75bf	Midnight Chase	x-files-ccg/10-i-want-to-believe/XFilesCcg-10IWantToBelieve-MidnightChase.jpg	default	Combat	10 - I Want to Believe	10 - I Want to Believe	playerNDeck	1 RP	Combat	Play this card on any Agent to immediately skip one combat round for that Agent. The Agent takes no damage that round and may not deal any damage either.			Community	The Erlenmeyer Flask	XF08-0001v1
8236e509-efa8-446e-b84d-ea672a0b6a6e	Midnight Inquisitor	x-files-ccg/10-i-want-to-believe/XFilesCcg-10IWantToBelieve-MidnightInquisitor.jpg	default	Equipment	10 - I Want to Believe	10 - I Want to Believe	playerNDeck	3 RP	Equipment|Special	Discard this card to draw three cards from your Bureau deck during the requisition phase.			Community	Clyde Bruckman's Final Repose	XF08-0308v1
621d0145-4370-4411-864c-4c26060941f0	Mirage of Samantha	x-files-ccg/10-i-want-to-believe/XFilesCcg-10IWantToBelieve-MirageOfSamantha.jpg	default	Bluff	10 - I Want to Believe	10 - I Want to Believe	playerNDeck	4 CP	Bluff|Phenomena	Choose one effect: Add 5 tokens to your [CP] pool or target player discards two cards at random from his hand.			Community	Miracle Man	XF08-0091v1
7a031284-c35e-4c86-97eb-42fadc3e6eb4	Momentary Connection	x-files-ccg/10-i-want-to-believe/XFilesCcg-10IWantToBelieve-MomentaryConnection.jpg	default	Event	10 - I Want to Believe	10 - I Want to Believe	playerNDeck	3 RP	Event	Play this card on a Team including Agent Fox Mulder and Agent Dana Scully. Choose one of these Agents to use one of the other Agent's skills during a single skill check decreased by one (i.e. Scully could use Mulder's ALIEN INVESTIGATION skill as 3). You can only have one of this card in your Bureau deck.			Community	Fight the Future	XF08-0257v1
85349153-67c1-4229-9326-73655c4d8aad	Mothman's Lair	x-files-ccg/10-i-want-to-believe/XFilesCcg-10IWantToBelieve-MothmansLair.jpg	default	Adversary	10 - I Want to Believe	10 - I Want to Believe	playerNDeck	5 CP	Adversary|Primordial|Creature	The Mothman is negated if the Team it attacks makes a successful SUBTERFUGE +4 skill check. The LRC round is skipped. For the first round of CRC, the chosen Agent is the only one who may participate in the Combat. The Mothman may use SUBTERFUGE cards.	4		Community	Detour	XF08-0330v1
5d1eb4e0-4907-4ab3-8be2-5251da99c2e3	Mount Weather Complex, Bluemont, VA	x-files-ccg/10-i-want-to-believe/XFilesCcg-10IWantToBelieve-MountWeatherComplexBluemontVA.jpg	default	Site	10 - I Want to Believe	10 - I Want to Believe	playerNDeck	2 RP	Site|Multi|Affiliation|Method|Alien Investigation|Bureaucracy				Community	The Truth	XF08-0056v1
638490c6-dc84-4549-b5c1-21bb3db5726f	Never Again	x-files-ccg/10-i-want-to-believe/XFilesCcg-10IWantToBelieve-NeverAgain.jpg	default	Bluff	10 - I Want to Believe	10 - I Want to Believe	playerNDeck	4 CP	Bluff|Occult|Resource	Attach this card to any Agent in a Team investigating a Site to decrease all Agent's skills by one (LRC, CRC and HEALTH are not decreased). The final values cannot be negative. Discard this card when the Agent visits the Hospital.			Community	Never Again	XF08-0099v1
7ad4e594-dfd6-4c15-8822-13685afe5f14	No One So Paranoid	x-files-ccg/10-i-want-to-believe/XFilesCcg-10IWantToBelieve-NoOneSoParanoid.jpg	default	Event	10 - I Want to Believe	10 - I Want to Believe	playerNDeck	5 RP	Event	Play this card to gain one of the following: Adds +1 to Computer skill, negates one Event, or discard one Bluff card from a site.			Community	Jump the Shark	XF08-0263v1
5a960487-6e81-4c1b-b80b-da62dd6e6516	Norristown, Pennsylvania	x-files-ccg/10-i-want-to-believe/XFilesCcg-10IWantToBelieve-NorristownPennsylvania.jpg	default	Site	10 - I Want to Believe	10 - I Want to Believe	playerNDeck	1 RP	Site|Multi|Affiliation|Motive|Criminal Investigation|Subterfuge				Community	Paper Hearts	XF08-0037v1
7d971bdc-a756-45ed-bb3d-16f94dd4f257	Nothing Important Happened Today	x-files-ccg/10-i-want-to-believe/XFilesCcg-10IWantToBelieve-NothingImportantHappenedToday.jpg	default	Event	10 - I Want to Believe	10 - I Want to Believe	playerNDeck	2 RP	Event	Play this card to lower a CRIMINAL INVESTIGATION or EVIDENCE COLLECTION Site Prerequisite by 2.			Community	Nothing Important Happened Today	XF08-0281v1
6cd0eb8c-111c-42f0-bdd9-eb18e0cedf0b	Officer Keith Wetzel	x-files-ccg/10-i-want-to-believe/XFilesCcg-10IWantToBelieve-OfficerKeithWetzel.jpg	default	Witness	10 - I Want to Believe	10 - I Want to Believe	playerNDeck	3 RP	Witness|Criminal Investigation|Resource	Attach this Witness to any Agent in the Field. Adds 1 to that Agent's CRIMINAL INVESTIGATION skill once per turn while the Agent is in the Field. Discard this card when the Agent's HEALTH is reduced to 0.			Community	X-Cops	XF08-0162v1
82cfc680-d9f9-4dfd-ba8e-141d1ff57d3a	Ofthalmoscope	x-files-ccg/10-i-want-to-believe/XFilesCcg-10IWantToBelieve-Ofthalmoscope.jpg	default	Equipment	10 - I Want to Believe	10 - I Want to Believe	playerNDeck	3 RP	Equipment|Electrical|Special	Adds 1 to the Agent's MEDICAL skill. Additionally, you can discard this card to add two to the Agent's SCIENCES skill.			Community	The Host	XF08-0313v1
70190f3c-f77b-48c6-87fc-10b13d2aac7d	One Breath	x-files-ccg/10-i-want-to-believe/XFilesCcg-10IWantToBelieve-OneBreath.jpg	default	Event	10 - I Want to Believe	10 - I Want to Believe	playerNDeck	4 *P	Event	Play this card to search through your Bureau Deck and add any one Event card to your hand. Show your opponent which card you have added. Shuffle your deck.			Community	One Breath	XF08-0186v1
581ad065-50e1-4e0b-b9f1-6cc4293a8272	Opening Fire	x-files-ccg/10-i-want-to-believe/XFilesCcg-10IWantToBelieve-OpeningFire.jpg	default	Combat	10 - I Want to Believe	10 - I Want to Believe	playerNDeck	3 *P	Combat	Play on any combatant during one LRC round. That combatant will deal damage to their opponents first. If the HEALTH value of any opponent reaches zero after applying modifiers or healing cards, that combatant is sent to the Hospital and cannot deal any damage back that round.			Community	Redux II	XF08-0014v1
815b1e5b-3ecb-488c-945b-744289e2c76a	Otoscope	x-files-ccg/10-i-want-to-believe/XFilesCcg-10IWantToBelieve-Otoscope.jpg	default	Equipment	10 - I Want to Believe	10 - I Want to Believe	playerNDeck	3 RP	Equipment|Electrical|Special	Adds 1 to the Agent's OBSERVATION skill. Additionally, you can discard this card to add two to the Agent's CRIMINAL INVESTIGATION skill.			Community	Drive	XF08-0302v1
6fb8782b-abb3-4076-9556-13c669ebe79a	Pam	x-files-ccg/10-i-want-to-believe/XFilesCcg-10IWantToBelieve-Pam.jpg	default	Witness	10 - I Want to Believe	10 - I Want to Believe	playerNDeck	3 RP	Witness|Behavioral	Play to change the Site Prerequisite to BEHAVIORAL 3+			Community	Monday	XF08-0181v1
6047804a-e2ee-4c07-b0d5-bbeee5b10a2a	Paralyzing Terror	x-files-ccg/10-i-want-to-believe/XFilesCcg-10IWantToBelieve-ParalyzingTerror.jpg	default	Bluff	10 - I Want to Believe	10 - I Want to Believe	playerNDeck	3 CP	Bluff	If the Team successfully investigates this Site, the Investigation phase ends immediately. Any other Site cards in play without Bluff cards attached must be discarded.			Community	Folie à Deux	XF08-0075v1
6d6c7375-6a98-4332-a350-c024564bd19a	Patti Rich	x-files-ccg/10-i-want-to-believe/XFilesCcg-10IWantToBelieve-PattiRich.jpg	default	Witness	10 - I Want to Believe	10 - I Want to Believe	playerNDeck	3 RP	Witness|Behavioral|Occult Investigation	Adds 2 to one Team's BEHAVIORAL or adds 1 to one Team's OCCULT INVESTIGATION skill check.			Community	Schizogeny	XF08-0167v1
63ca80a4-543a-400d-8c03-173384d08003	Persuasive Push	x-files-ccg/10-i-want-to-believe/XFilesCcg-10IWantToBelieve-PersuasivePush.jpg	default	Bluff	10 - I Want to Believe	10 - I Want to Believe	playerNDeck	5 CP	Bluff	Play to prevent two Agents assigned to a Site from contributing their skills to one skill check (your choice) made by the Team this turn.			Community	Pusher	XF08-0101v1
7fcc420f-8fe1-4c3e-b50f-d5f23f49f59d	Pheromone Bio-Sensor	x-files-ccg/10-i-want-to-believe/XFilesCcg-10IWantToBelieve-PheromoneBioSensor.jpg	default	Equipment	10 - I Want to Believe	10 - I Want to Believe	playerNDeck	2 RP	Equipment|Electrical|Special	Agents equipped with a Pheromone Bio-sensor may discard it to increase the cost of all Adversary cards played in a Site investigated by their Team by 2. This card must be discarded before the Adversary cards are played.			Community	Lord of the flies	XF08-0293v1
5e8bfd0c-a216-4ab7-99c5-ab7be37b649c	Phil's Diner	x-files-ccg/10-i-want-to-believe/XFilesCcg-10IWantToBelieve-PhilsDiner.jpg	default	Site	10 - I Want to Believe	10 - I Want to Believe	playerNDeck	2 RP	Site|Mono|Affiliation|Behavioral				Community	Humbug	XF08-0064v1
8a320510-8bb6-457d-bcc9-dafa3358895b	Pinker Rawls	x-files-ccg/10-i-want-to-believe/XFilesCcg-10IWantToBelieve-PinkerRawls.jpg	default	Adversary	10 - I Want to Believe	10 - I Want to Believe	playerNDeck	6 CP	Adversary|Occult|Creature	LONG RANGE COMBAT attacks cause only half damage (rounded up) to Pinker Rawls.	5		Community	Trevor	PR08-007-ASE
5c62d725-a0fa-4b76-84de-3ec26e4ac0f2	Pittsfield, VI	x-files-ccg/10-i-want-to-believe/XFilesCcg-10IWantToBelieve-PittsfieldVI.jpg	default	Site	10 - I Want to Believe	10 - I Want to Believe	playerNDeck	1 RP	Site|Multi|Affiliation|Result|Sciences|Subterfuge				Community	Rush	XF08-0053v1
89e0f92d-b321-41cb-8ec7-02ceabd56963	Piękny Umysł	x-files-ccg/10-i-want-to-believe/XFilesCcg-10IWantToBelieve-PiKnyUmys.jpg	default	Event	10 - I Want to Believe	10 - I Want to Believe	playerNDeck	1 *P	Event	Zagraj te karte aby zobaczyc 3 karty z gory swojej talii Biura. Nastepnie mozesz umiescic je z powrotem w dowolnej kolejnosci.			Community	The End	PR08-006-RCZ-pl
802f788a-58e8-4ff2-8ad3-621bc7dde51c	Portable Radio	x-files-ccg/10-i-want-to-believe/XFilesCcg-10IWantToBelieve-PortableRadio.jpg	default	Equipment	10 - I Want to Believe	10 - I Want to Believe	playerNDeck	2 RP	Equipment|Electrical|Special	Attach this card to any Agent in the Field. Discard this card when that Agent is investigating a Site and is forced to go back to the Bureau to allow that Agent to contribute their skills to any skill check made by their Team this turn.			Community	Vienen	XF08-0297v1
7f417d6c-21b4-4c60-a4a2-ffff434124b3	Precision Sniper Riffle	x-files-ccg/10-i-want-to-believe/XFilesCcg-10IWantToBelieve-PrecisionSniperRiffle.jpg	default	Equipment	10 - I Want to Believe	10 - I Want to Believe	playerNDeck	5 RP	Equipment|Weapon|Standard	Adds three to the Agent's LONG RANGE COMBAT skill once per combat.			Community	The End	XF08-0290v1
7818dedb-5713-436e-ab76-32dda28d1847	Premonitory Nightmare	x-files-ccg/10-i-want-to-believe/XFilesCcg-10IWantToBelieve-PremonitoryNightmare.jpg	default	Event	10 - I Want to Believe	10 - I Want to Believe	playerNDeck	2 RP	Event|Criminal Investigation|Resource	Play this card during the Briefing Phase. Place the card in the Field. During the Site investigation phase you may discard this card to add 2 to a Site skill check on any Team containing an Agent with the Keyword BELIEVER. Remove the card in any case at the end of your turn.			Community	Paper Hearts	XF08-0246v1
6388bd68-00bc-4c99-a221-676eb5c56a10	Psychotic Episodes	x-files-ccg/10-i-want-to-believe/XFilesCcg-10IWantToBelieve-PsychoticEpisodes.jpg	default	Bluff	10 - I Want to Believe	10 - I Want to Believe	playerNDeck	5 CP	Bluff|Primordial|Resource	Attach this card to any Agent in the Field to lower the Agent's skill levels by one for each additional Agent in their Team. This change includes LRC, CRC, RES, and HEALTH. The final values cannot be negative. Discard this card if the Agent visits the Hospital.			Community	Field Trip	XF08-0100v1
5840aff9-7604-4835-a7f7-7a54be76cac5	Quick Strike	x-files-ccg/10-i-want-to-believe/XFilesCcg-10IWantToBelieve-QuickStrike.jpg	default	Combat	10 - I Want to Believe	10 - I Want to Believe	playerNDeck	3 *P	Combat	Play on any combatant during one CRC round. That combatant will deal damage to their opponents first. If the HEALTH value of any opponent reaches zero after applying modifiers or healing cards, that combatant is sent to the Hospital and cannot deal any damage back that round.			Community	S.R. 819	XF08-0015v1
898498d6-427b-4df0-8ec7-1273a073ae77	Ray Pearce, Metal Fury	x-files-ccg/10-i-want-to-believe/XFilesCcg-10IWantToBelieve-RayPearceMetalFury.jpg	default	Adversary	10 - I Want to Believe	10 - I Want to Believe	playerNDeck	7 CP	Adversary|Evolutionary|Creature	LONG RANGE COMBAT attacks cause only half damage (rounded up) to Ray Pearce.	7		Community	Salvage	XF08-0354v1
57e2f812-b830-4e53-9cdf-37db38d3185a	Renewed Threat	x-files-ccg/10-i-want-to-believe/XFilesCcg-10IWantToBelieve-RenewedThreat.jpg	default	Combat	10 - I Want to Believe	10 - I Want to Believe	playerNDeck	1 CP	Combat|Adversary	Play this card at the end of a Combat round on any Adversary card you control to return that Adversary card back to your hand only if the Adversary has not been defeated yet at the end of that round. You can play the Adversary card again (usual rules and cost).			Community	Kitsunegary	XF08-0013v1
7dd1774d-e54b-4d50-a26e-b7ebb963be8d	Resist or Serve	x-files-ccg/10-i-want-to-believe/XFilesCcg-10IWantToBelieve-ResistOrServe.jpg	default	Event	10 - I Want to Believe	10 - I Want to Believe	playerNDeck	4 CP	Event|Subterfuge	Force an opponent Team investigating a Site to make a SUBTERFUGE 4+ skill check or the current player's turn ends immediately.			Community	Fight the Future	XF08-0283v1
5fc34330-124e-4ca8-97df-27d0743d3936	Restricted Access Notice	x-files-ccg/10-i-want-to-believe/XFilesCcg-10IWantToBelieve-RestrictedAccessNotice.jpg	default	Bluff	10 - I Want to Believe	10 - I Want to Believe	playerNDeck	3 CP	Bluff|Observation|Resource	Play this card to force an opponent Team currently investigating a Site to make an OBSERVATION 4+ skill check. If they fail only Agents with the Keyword FBI may contribute their skills to any skill check made on this Site.			Community	Rush	XF08-0070v1
7004f8ff-b0d1-4807-a97a-c170aba923b8	Revitalizing Rest	x-files-ccg/10-i-want-to-believe/XFilesCcg-10IWantToBelieve-RevitalizingRest.jpg	default	Event	10 - I Want to Believe	10 - I Want to Believe	playerNDeck	3 RP	Event	During the Briefing Phase, place one token on one Agent you control that normally starts with at least one token. This token is usable in the same way that starting tokens can be used. Remove this card from play.			Community	Chinga	XF08-0185v1
61a43e3f-d954-4553-be21-c52edde4d3a9	Rigged Lottery	x-files-ccg/10-i-want-to-believe/XFilesCcg-10IWantToBelieve-RiggedLottery.jpg	default	Bluff	10 - I Want to Believe	10 - I Want to Believe	playerNDeck	3X CP	Bluff	Play this card to examine your opponent's hand and force that player to discard X cards (your choice).			Community	Hell Money	XF08-0084v1
7e849314-7a5f-4663-8827-d09c331a05f3	Road Map	x-files-ccg/10-i-want-to-believe/XFilesCcg-10IWantToBelieve-RoadMap.jpg	default	Equipment	10 - I Want to Believe	10 - I Want to Believe	playerNDeck	3 RP	Equipment|Standard	Attach this card to any Agent in the Field. Discard this card to return a Site card already investigated to your hand instead of discarding it.			Community	Sein und Zeit	XF08-0287v1
887e4c8b-2e90-47fa-9a5d-c3ea3b088d98	Rob Roberts, the Voracious Predator	x-files-ccg/10-i-want-to-believe/XFilesCcg-10IWantToBelieve-RobRobertsTheVoraciousPredator.jpg	default	Adversary	10 - I Want to Believe	10 - I Want to Believe	playerNDeck	6 CP	Adversary|Primordial|Creature	At the start of each Combat round, choose one Agent and reduce their HEALTH by 2. If that Agent is reduced to zero HEALTH during this round, Rob Roberts recovers 2 HEALTH, as long as his own HEALTH is greater than zero at the end of the round.	6		Community	Hungry	XF08-0347v1
849cbb00-5bfe-4020-b61e-170b90f746ff	Ronnie Strickland	x-files-ccg/10-i-want-to-believe/XFilesCcg-10IWantToBelieve-RonnieStrickland.jpg	default	Adversary	10 - I Want to Believe	10 - I Want to Believe	playerNDeck	3 CP	Adversary|Occult|Creature	Only Agents with the Keyword BELIEVER may cause damage to Ronnie Strickland. If at any time during the Combat the Team attacked by Ronnie Strickland contains no Agents with the Keyword BELIEVER,the Combat ends immediately.	5		Community	Bad Blood	XF08-0320v1
5a6857a3-4e1c-4c20-b06b-ead78005ab51	Route 320-A, Craiger, Maryland	x-files-ccg/10-i-want-to-believe/XFilesCcg-10IWantToBelieve-Route320ACraigerMaryland.jpg	default	Site	10 - I Want to Believe	10 - I Want to Believe	playerNDeck	1 RP	Site|Multi|Affiliation|Motive|Alien Investigation|Behavioral				Community	Paper Clip	XF08-0034v1
6a2169e3-0403-4f17-8d93-e9a92777b8f5	SAC Darius Michaud	x-files-ccg/10-i-want-to-believe/XFilesCcg-10IWantToBelieve-SACDariusMichaud.jpg	default	Agent	10 - I Want to Believe	10 - I Want to Believe	playerNStarting	4 RP	Agent|FBI|Law|Believer|Killer		4		Community	Fight the Future	XF08-0140v1
686b8719-8fa4-4f93-92fe-58f00103e489	SAC Fossa	x-files-ccg/10-i-want-to-believe/XFilesCcg-10IWantToBelieve-SACFossa.jpg	default	Agent	10 - I Want to Believe	10 - I Want to Believe	playerNStarting	4 RP	Agent|FBI|Law		4		Community	I Want to Believe	XF08-0127v1
78979738-11bc-436a-a6ed-68bdcca9ddd0	Sacrificing Blast	x-files-ccg/10-i-want-to-believe/XFilesCcg-10IWantToBelieve-SacrificingBlast.jpg	default	Event	10 - I Want to Believe	10 - I Want to Believe	playerNDeck	4 CP	Event|Resource	Place this card on any opponent's Field with two tokens on it. Each time this opponent plays a [RP] card, they must discard one card from their hand (opponent's choice). Remove a token during your opponent's Briefing Phase. When all tokens have been removed, discard this card.			Community	Fight the Future	XF08-0248v1
89c2bb4f-a7cd-4082-9afd-7525dcd0b404	Samantha's Diary	x-files-ccg/10-i-want-to-believe/XFilesCcg-10IWantToBelieve-SamanthasDiary.jpg	default	Equipment	10 - I Want to Believe	10 - I Want to Believe	playerNDeck	1 RP	Equipment|Standard	Discard Samantha's Diary to return one card from your hand to the Bureau deck, then shuffle the deck. At the beginning of your next Briefing Phase, you may draw two additional cards. This draw effect cannot be negated.			Community	Closure	PR08-003-ASE
5b3fc504-0c14-4b42-92be-b7b82816d5bd	San Diego County Hospital, CA	x-files-ccg/10-i-want-to-believe/XFilesCcg-10IWantToBelieve-SanDiegoCountyHospitalCA.jpg	default	Site	10 - I Want to Believe	10 - I Want to Believe	playerNDeck	1 RP	Site|Multi|Affiliation|Motive|Medical|Sciences				Community	Emily	XF08-0041v1
5d84d859-3f02-4cc8-99c6-a591d520a178	Sangradura, Mexico	x-files-ccg/10-i-want-to-believe/XFilesCcg-10IWantToBelieve-SangraduraMexico.jpg	default	Site	10 - I Want to Believe	10 - I Want to Believe	playerNDeck	1 RP	Site|Multi|Affiliation|Motive|Result|Criminal Investigation|Subterfuge				Community	John Doe	XF08-0059v1
5c969e1c-4bf9-4de5-89d9-bee0eac7f299	Santa Monica Peer, Los Angeles, CA	x-files-ccg/10-i-want-to-believe/XFilesCcg-10IWantToBelieve-SantaMonicaPeerLosAngelesCA.jpg	default	Site	10 - I Want to Believe	10 - I Want to Believe	playerNDeck	1 RP	Site|Multi|Motive|Method|Result|Criminal Investigation|Evidence Collection				Community	The Amazing Maleeni	XF08-0054v1
8074d64d-ce46-4f92-985f-d3f421c4861e	Satellite Navigator	x-files-ccg/10-i-want-to-believe/XFilesCcg-10IWantToBelieve-SatelliteNavigator.jpg	default	Equipment	10 - I Want to Believe	10 - I Want to Believe	playerNDeck	3 RP	Equipment|Electrical|Special	Place 2 tokens on this card. Discard a token to look through your Bureau deck to draw any Site that asks a MOTIVE or METHOD question. Add it to your hand and reshuffle your Bureau deck. When no tokens remain, move this card to the Discard Pile.			Community	Fight the Future	XF08-0299v1
8490967c-4039-49ab-939e-114c80467310	Schlugg's Cult	x-files-ccg/10-i-want-to-believe/XFilesCcg-10IWantToBelieve-SchluggsCult.jpg	default	Adversary	10 - I Want to Believe	10 - I Want to Believe	playerNDeck	6 CP	Adversary|Occult|Phenomena	Attach this card to any Agent in a Team. Place five tokens on this card (three if the Team has any Agent with MEDICAL skill). The Agent must remain in the Field and cannot contribute to any Skill check until all tokens have been removed. Remove one token during each Active player's Debriefing Phase. Discard this card when the last token is removed. The Agent remains in the Field. Schlugg's Cult does not initiate Combat.	N/A		Community	Roadrunners	XF08-0319v1
65b29e56-07df-4d1a-9b31-f45f100f21f7	Scripted Fate	x-files-ccg/10-i-want-to-believe/XFilesCcg-10IWantToBelieve-ScriptedFate.jpg	default	Bluff	10 - I Want to Believe	10 - I Want to Believe	playerNDeck	4 CP	Bluff	Write down the question you think your opponent will ask if successfully investigates this Site. Place this card on your opponent's Field with the paper underneath. If your opponent asks that question, you are not forced to answer it. Otherwise, add 2 [CP] to your [CP] pool. Discard this card afterwards.			Community	Milagro	XF08-0113v1
813ca0c4-07cf-4510-bcad-fb6b0e0ab685	Scuba Suit	x-files-ccg/10-i-want-to-believe/XFilesCcg-10IWantToBelieve-ScubaSuit.jpg	default	Equipment	10 - I Want to Believe	10 - I Want to Believe	playerNDeck	3 RP	Equipment|Standard	Once per turn, the Scuba Suit adds 2 to the Agent's OBSERVATION or SUBTERFUGE skills during any skill check on any Site card related to a coastal state or country, or mentioning the words: 'Lake', 'River' or 'Sea'.			Community	Tempus Fugit	XF08-0301v1
71f86f06-33f4-47ed-8c44-d020d2918c7e	Scully's Cancer	x-files-ccg/10-i-want-to-believe/XFilesCcg-10IWantToBelieve-ScullysCancer.jpg	default	Event	10 - I Want to Believe	10 - I Want to Believe	playerNDeck	6 CP	Event|Alien|Alien Manipulation|Resource	Play this card to force Agent Dana Scully's Team to make a BUREAUCRACY 4+ skill check. If they fail, move Scully to the Hospital immediately with zero HEALTH. Scully's recovery rate will be 1 damage token per turn. Attach this card to Scully as a reminder until she is fully healed.			Community	Redux II	XF08-0202v1
5a3cdd8c-7a18-44f3-9fe5-4cdde277386e	Scully's Dream	x-files-ccg/10-i-want-to-believe/XFilesCcg-10IWantToBelieve-ScullysDream.jpg	default	Site	10 - I Want to Believe	10 - I Want to Believe	playerNDeck	2 RP	Site|Mono|Method|Medical				Community	One Breath	XF08-0030v1
7111fd45-6e77-451a-8735-cf401ff60638	Second Chance Memories	x-files-ccg/10-i-want-to-believe/XFilesCcg-10IWantToBelieve-SecondChanceMemories.jpg	default	Event	10 - I Want to Believe	10 - I Want to Believe	playerNDeck	1 RP	Event	Play this card during the Investigation Phase. If a Team of Agents you control fails the Site prerequisite skill check, you may recover up to two cards played on that Site from your Discard Pile (your choice), including Combat cards, but you cannot play them again this turn.			Community	Redux II	XF08-0197v1
70c591e9-ea31-4557-a8db-4c189c36ff7b	First Move	x-files-ccg/10-i-want-to-believe/XFilesCcg-10IWantToBelieve-FirstMove.jpg	default	Event	10 - I Want to Believe	10 - I Want to Believe	playerNDeck	2 *P	Event	Play this card during the Investigation phase (before any Combat has taken place) to search your Bureau deck for any one card with the keyword COMBAT. Reveal the card to your opponent, then add it to your hand. Shuffle your Bureau deck. If the card is playable this turn, you may play it at zero cost.			Community	En Ami	XF08-0193v1
891068e1-7e88-4ff4-b5ed-7e0350950aa1	Sect Leader Anthony Tipet	x-files-ccg/10-i-want-to-believe/XFilesCcg-10IWantToBelieve-SectLeaderAnthonyTipet.jpg	default	Adversary	10 - I Want to Believe	10 - I Want to Believe	playerNDeck	6 CP	Adversary|Occult|Creature|Master	You may play this card in its normal way, or use it to immediately end combat and control one Agent (your choice). Move the Agent to any section of the table. The Agent must remain in that section. Attach this card to the chosen Agent as a reminder. Discard this card during your opponent's next Investigation phase.	9		Community	Via Negativa	XF08-0350v1
7192c997-2db3-497b-9efb-47d42058d80c	Section Chief Scott Blevins Assassinated	x-files-ccg/10-i-want-to-believe/XFilesCcg-10IWantToBelieve-SectionChiefScottBlevinsAssassinated.jpg	default	Event	10 - I Want to Believe	10 - I Want to Believe	playerNDeck	9 CP	Event|Killer|Government	If your opponent uses Agent Blevins as RES 2, while being in the Bureau during the Briefing Phase, Agent Blevins is instantly killed and removed from the game.			Community	Redux II	XF08-0201v1
7fdf2bff-f03c-4d4a-ad31-5a22f48db468	Security Pass	x-files-ccg/10-i-want-to-believe/XFilesCcg-10IWantToBelieve-SecurityPass.jpg	default	Equipment	10 - I Want to Believe	10 - I Want to Believe	playerNDeck	3 RP	Equipment|Government|Standard	Discard this card to change the Site Prerequisite to ALIEN INVESTIGATION or BUREAUCRACY in a Site investigated by the Agent equipped with this card. Keywords of the Site card are also changed			Community	E.B.E.	XF08-0294v1
89c88091-3906-45fb-ac30-b424f8b4b8f2	Senior Director Carter	x-files-ccg/10-i-want-to-believe/XFilesCcg-10IWantToBelieve-SeniorDirectorCarter.jpg	default	Agent	10 - I Want to Believe	10 - I Want to Believe	playerNStarting	5 CP	Agent|FBI|Law|Skeptic		4		Community	Anasazi	PR08-004-PSE
58d83b49-bc6b-4c17-86fc-d926d8b9c8a8	Serpent Siege	x-files-ccg/10-i-want-to-believe/XFilesCcg-10IWantToBelieve-SerpentSiege.jpg	default	Combat	10 - I Want to Believe	10 - I Want to Believe	playerNDeck	1 CP	Combat|Primordial	Play this card on any PRIMORDIAL Adversary. One of that Adversary's opponents (your choice) is paralyzed and will deal no damage during the next round of Combat.			Community	Signs & Wonders	XF08-0022v1
62bf14c4-0de5-42d8-8068-c933b210c8b0	Shadowed Dealings	x-files-ccg/10-i-want-to-believe/XFilesCcg-10IWantToBelieve-ShadowedDealings.jpg	default	Bluff	10 - I Want to Believe	10 - I Want to Believe	playerNDeck	2 CP	Bluff|Government	The printed cost of any Bluff played at this Site is halved (rounded up).			Community	Zero Sum	XF08-0095v1
7b1d4267-565d-453b-80e6-3121c96230f7	Shared Secrets	x-files-ccg/10-i-want-to-believe/XFilesCcg-10IWantToBelieve-SharedSecrets.jpg	default	Event	10 - I Want to Believe	10 - I Want to Believe	playerNDeck	2 RP	Event	Play this card any time after Diana Fowley's successfully investigates a Site with ALIEN INVESTIGATION skill in the same Team as Agent Fox Mulder. Place 3 additional tokens on Mulder's card. Remove this card from the game.			Community	One Son	XF08-0264v1
6c9d98be-1404-428e-abcf-43bd061dc130	Sheriff Lucius Hartwell	x-files-ccg/10-i-want-to-believe/XFilesCcg-10IWantToBelieve-SheriffLuciusHartwell.jpg	default	Witness	10 - I Want to Believe	10 - I Want to Believe	playerNDeck	3 RP	Witness|Occult Investigation|Resource	Attach this Witness to any Agent in the Field. Adds 1 to that Agent's OCCULT INVESTIGATION skill once per turn while the Agent is in the Field. Discard this card when the Agent's HEALTH is reduced to 0. If played on Agent Dana Scully this card costs 1 [RP] less.			Community	Bad Blood	XF08-0161v1
6462356c-2b54-4bfb-ac7a-bb1bc22a2062	Shitstorming the X-Files	x-files-ccg/10-i-want-to-believe/XFilesCcg-10IWantToBelieve-ShitstormingTheXFiles.jpg	default	Bluff	10 - I Want to Believe	10 - I Want to Believe	playerNDeck	1 CP	Bluff|Sciences	Play this card to change the Site Prerequisite from CRIMINAL INVESTIGATION to SCIENCES.			Community	War of the Coprophages	XF08-0105v1
6ead22db-2e93-4ee6-855e-7c0d2f82e27f	Sister Abigail	x-files-ccg/10-i-want-to-believe/XFilesCcg-10IWantToBelieve-SisterAbigail.jpg	default	Witness	10 - I Want to Believe	10 - I Want to Believe	playerNDeck	3 RP	Witness|Behavioral|Subterfuge|Resource	Adds 1 [RP] to your pool every time a Keyword BEHAVIORAL or SUBTERFUGE card is played			Community	Gender Bender	XF08-0172v1
5947afef-0314-4081-997f-c37e6cb952fc	Smoke Grenade	x-files-ccg/10-i-want-to-believe/XFilesCcg-10IWantToBelieve-SmokeGrenade.jpg	default	Combat	10 - I Want to Believe	10 - I Want to Believe	playerNDeck	3 *P	Combat	Play this card on any combatant during a LONG RANGE COMBAT round to reduce the damage from all opponent sources by one point.			Community	John Doe	XF08-0025v1
7f54e100-ea5b-4b26-8548-db4edb52139d	Social Worker Contact	x-files-ccg/10-i-want-to-believe/XFilesCcg-10IWantToBelieve-SocialWorkerContact.jpg	default	Equipment	10 - I Want to Believe	10 - I Want to Believe	playerNDeck	1 RP	Equipment|Standard	Discard this card during the Investigation phase to search through your Discard Pile and add one Keyword RESOURCE card to your hand. Show the card to your opponents.			Community	The Calusari	XF08-0291v1
5d6591b7-47c5-4822-a6ae-6048282a15ac	Somerset, West Virginia, VA	x-files-ccg/10-i-want-to-believe/XFilesCcg-10IWantToBelieve-SomersetWestVirginiaVA.jpg	default	Site	10 - I Want to Believe	10 - I Want to Believe	playerNDeck	1 RP	Site|Multi|Affiliation|Method|Result|Observation|Subterfuge				Community	I Want to Believe	XF08-0058v1
81f40e03-5908-4e4d-b082-00dc777ab33c	Specimen Vessels	x-files-ccg/10-i-want-to-believe/XFilesCcg-10IWantToBelieve-SpecimenVessels.jpg	default	Equipment	10 - I Want to Believe	10 - I Want to Believe	playerNDeck	3 RP	Equipment|Standard	Adds 1 to the Agent's CRIMINAL INVESTIGATION skill. Additionally, you can discard this card to add two to the Agent's EVIDENCE COLLECTION skill.			Community	Unrequited	XF08-0306v1
86576a7a-76c8-437c-8255-783b279d20f2	Subliminal Assault	x-files-ccg/10-i-want-to-believe/XFilesCcg-10IWantToBelieve-SubliminalAssault.jpg	default	Adversary	10 - I Want to Believe	10 - I Want to Believe	playerNDeck	6 CP	Adversary|Evolutionary|Phenomena	Play this card on a Team of two or more Agents. Choose an Agent at random and attach this card to that Agent. The Agent engages in Combat against the rest of Agents on the Team. You control the Agent as an Adversary until the Combat ends. Discard this card afterwards.	N/A		Community	Blood	XF08-0336v1
5878369f-a0a1-46e2-9a89-582a2b9fbd4c	Suicide Run	x-files-ccg/10-i-want-to-believe/XFilesCcg-10IWantToBelieve-SuicideRun.jpg	default	Combat	10 - I Want to Believe	10 - I Want to Believe	playerNDeck	3 CP	Combat	Play this card on any Team of Agents at the end of any Combat round. If the Adversary you control is still alive, you may discard the Adversary to send to the Hospital any one Agent in the Team (your choice). That Agent is reduced to zero HEALTH.			Community	Monday	XF08-0018v1
6cf2cbb3-aecb-4b46-9993-749ea1360b71	Sussane Modeski	x-files-ccg/10-i-want-to-believe/XFilesCcg-10IWantToBelieve-SussaneModeski.jpg	default	Witness	10 - I Want to Believe	10 - I Want to Believe	playerNDeck	3 RP	Witness|Bureaucracy|Resource	Attach this Witness to any Agent in the Field. Adds 1 to that Agent's BUREAUCRACY skill once per turn while the Agent is in the Field. Discard this card when the Agent's HEALTH is reduced to 0.			Community	Unusual Suspects	XF08-0164v1
5c0b1473-5017-420f-909a-99c95b867c76	T3 Connection, Fairfax County, Virginia	x-files-ccg/10-i-want-to-believe/XFilesCcg-10IWantToBelieve-T3ConnectionFairfaxCountyVirginia.jpg	default	Site	10 - I Want to Believe	10 - I Want to Believe	playerNDeck	1 RP	Site|Mono|Affiliation|Computer				Community	Kill Switch	XF08-0050v1
74406d86-fb23-4c39-b932-e2c86e64fb6c	Tandem Investigations	x-files-ccg/10-i-want-to-believe/XFilesCcg-10IWantToBelieve-TandemInvestigations.jpg	default	Event	10 - I Want to Believe	10 - I Want to Believe	playerNDeck	4 CP	Event|Criminal Investigation	Play this card when Agent Bill Patterson is about to use his Game Effect and only if Agent Nemhauser is in his same Team. Patterson's LRC and CRC skills are doubled during the Combat. Any opponents sent to the Hospital as a result of Patterson's LRC damage do not cause him any damage that round.			Community	Grotesque	XF08-0220v1
80116190-42bf-4265-a330-85d80f60ec3d	Telemedicine Tools	x-files-ccg/10-i-want-to-believe/XFilesCcg-10IWantToBelieve-TelemedicineTools.jpg	default	Equipment	10 - I Want to Believe	10 - I Want to Believe	playerNDeck	2 RP	Equipment|Electrical|Special	Place this Equipment card in your Hospital section. During your Healing phase, you may place one Keyword MEDICAL or SCIENCES ACTIVE card under this card, face down. During your Investigation phase, you may play one of these cards for 2 [RP] less. No more than 2 cards may be under this card.			Community	Sunshine days	XF08-0296v1
795321fc-dbd2-46de-a919-f98e5ff988e4	Tempus Fugit	x-files-ccg/10-i-want-to-believe/XFilesCcg-10IWantToBelieve-TempusFugit.jpg	default	Event	10 - I Want to Believe	10 - I Want to Believe	playerNDeck	4 CP	Event	Play this card during the Briefing Phase to force any opponent to skip the next Healing, Requisition and Deployment phases and go directly to the Case Assignment phase. Remove this card from the game. The effects of this card may not be negated.			Community	Max	XF08-0253v1
7efaf340-29ee-44af-82a7-65444b8e7e5f	The African Artifact	x-files-ccg/10-i-want-to-believe/XFilesCcg-10IWantToBelieve-TheAfricanArtifact.jpg	default	Equipment	10 - I Want to Believe	10 - I Want to Believe	playerNDeck	5 RP	Equipment|Mystic|Killer	Attach this card to an Agent with cost higher than three. Once you had successfully investigated a Site, you may remove this card and the Agent from play to ask an extra characteristic question regarding one opponent's X-File.			Community	Biogenesis	XF08-0289v1
847f090a-658e-4a73-b32b-fa3c2125bc06	The Bat Thing	x-files-ccg/10-i-want-to-believe/XFilesCcg-10IWantToBelieve-TheBatThing.jpg	default	Adversary	10 - I Want to Believe	10 - I Want to Believe	playerNDeck	4 CP	Adversary|Occult|Creature	The LONG RANGE COMBAT round is skipped. This card may be played in its normal way or on any Team that includes at least one Agent with the keyword SKEPTIC, ignoring Activator requirements. The Bat Thing may use SUBTERFUGE Combat cards.	5		Community	Patience	XF08-0318v1
7a0eba99-b494-4eff-84c3-c12e8ecca51f	The Devil's Choice	x-files-ccg/10-i-want-to-believe/XFilesCcg-10IWantToBelieve-TheDevilsChoice.jpg	default	Event	10 - I Want to Believe	10 - I Want to Believe	playerNDeck	2 *P	Event	Discard the top card from both players' Bureau decks. If your card has higher cost than your opponent's, you may add 8 tokens to your [RP] pool (if you are the active player) or to the [CP] pool (if you are the Directed player). If lower, only empty your [RP] and [CP] pools, your opponent's pools remain unaffected. Then, shuffle both Bureau Decks.			Community	All Souls	XF08-0259v1
89dd02b0-f3a1-4574-8cae-d22c794bee4c	The Elder's Call	x-files-ccg/10-i-want-to-believe/XFilesCcg-10IWantToBelieve-TheEldersCall.jpg	default	Event	10 - I Want to Believe	10 - I Want to Believe	playerNDeck	4 RP	Event|Resource	Put two tokens on this card. You can use a token to keep at your side a non-resource Witness card or a Site for an additional turn. Remove a token each time you use this ability. You can use both in the same turn. Remove this card from the game once all the tokens have been removed.			Community	731	PR08-005-GRG
7e59bc37-7184-416b-a862-fa14911e276c	The End	x-files-ccg/10-i-want-to-believe/XFilesCcg-10IWantToBelieve-TheEnd.jpg	default	Event	10 - I Want to Believe	10 - I Want to Believe	playerNDeck	X+1 CP	Event|Question|Resource	Play this card after answering "no" to a Characteristic Question regarding your X-File. Your opponent cannot ask about the same Characteristic for the next X turns, up to a maximum of three. X = [CP] cost paid.			Community	The End	XF08-0286v1
5bb2b3ae-6ec9-4cf6-a0f9-eefee9fe8b1a	The Falls at Arcadia, San Diego County, CA	x-files-ccg/10-i-want-to-believe/XFilesCcg-10IWantToBelieve-TheFallsAtArcadiaSanDiegoCountyCA.jpg	default	Site	10 - I Want to Believe	10 - I Want to Believe	playerNDeck	1 RP	Site|Multi|Affiliation|Motive|Evidence Collection|Observation				Community	Arcadia	XF08-0047v1
7386fca8-ea65-4d78-bf81-4e99625b8def	The Great Mutato	x-files-ccg/10-i-want-to-believe/XFilesCcg-10IWantToBelieve-TheGreatMutato.jpg	default	Event	10 - I Want to Believe	10 - I Want to Believe	playerNDeck	1 RP	Event|Resource	Play this card during the Case Assignment phase and place it in the Field. Discard this card to negate one ADVERSARY card played by your opponent this turn (or discard it in any case at the end of the Investigation Phase).			Community	The Post-Modern Prometheus	XF08-0214v1
87918a48-7ba5-4bb7-820c-b7f9a6de3220	The Grey-Haired Man	x-files-ccg/10-i-want-to-believe/XFilesCcg-10IWantToBelieve-TheGreyHairedMan.jpg	default	Adversary	10 - I Want to Believe	10 - I Want to Believe	playerNDeck	6 CP	Adversary|Government|Pawn|Creature	Reduce each Agent's LRC to 1. If target Team has more than one Agent, Your opponent may select one of those Agents not to participate in the Combat. If no Agent is chosen, then an additional LRC round will be played until your opponent selects an Agent to skip the Combat.	5		Community	Herrenvolk	XF08-0340v1
7cc02e35-974b-48a1-be3d-d35af5428ff4	The Lone Gunman	x-files-ccg/10-i-want-to-believe/XFilesCcg-10IWantToBelieve-TheLoneGunman.jpg	default	Event	10 - I Want to Believe	10 - I Want to Believe	playerNDeck	2 RP	Event	Play this card to search through your Bureau Deck and draw one Keyword ACTIVE card that increases an Agent or Team skill check during the Investigation phase. Add the card to your hand and reveal it to your opponent. Shuffle your deck.			Community	Jump the Shark	XF08-0276v1
8b869d78-13cf-4968-8cb7-0a0752b27e02	The Overcoat Woman	x-files-ccg/10-i-want-to-believe/XFilesCcg-10IWantToBelieve-TheOvercoatWoman.jpg	default	Bluff	10 - I Want to Believe	10 - I Want to Believe	playerNDeck	4 CP	Bluff	Force your opponent to reveal their hand. Select one [CP] card. You may either play the selected card immediately (at its normal cost) or send it directly to its owner's Discard Pile. If played, the card is discarded afterwards.			Community	Provenance	PR08-014-RCZ
61a6bbc9-9032-4199-bd95-87c4477a7306	The Right Hand's Toll	x-files-ccg/10-i-want-to-believe/XFilesCcg-10IWantToBelieve-TheRightHandsToll.jpg	default	Bluff	10 - I Want to Believe	10 - I Want to Believe	playerNDeck	2 CP	Bluff|Government|Occult	Pay 2 [CP] to move up to 3 [RP] from your opponent's [RP] pool to your [CP] pool immediately.			Community	Unrequited	XF08-0085v1
885954c2-ffee-4f00-aa2a-ecf7502e3179	The Siddhi Mystic's Curse	x-files-ccg/10-i-want-to-believe/XFilesCcg-10IWantToBelieve-TheSiddhiMysticsCurse.jpg	default	Adversary	10 - I Want to Believe	10 - I Want to Believe	playerNDeck	6 CP	Adversary|Primordial|Creature	Draw a number of cards from your Bureau deck equal to the number of Agents on target team. Use the cost value of each drawn card to assign damage to any Agent in that team (your choice) as separated LRC attacks. Draw enough cards until you have numerical values to assign the damage. Shuffle the deck (including the drawn cards.	N/A		Community	Badlaa	XF08-0344v1
8b323a5a-cf61-4bcb-b677-789ae23c8548	The Toothpick Man	x-files-ccg/10-i-want-to-believe/XFilesCcg-10IWantToBelieve-TheToothpickMan.jpg	default	Event	10 - I Want to Believe	10 - I Want to Believe	playerNDeck	3 CP	Event|Negate	Play this card to negate one Witness card played by your opponent. Each player may only have one of this card in their deck. Remove this card from the game.			Community	The Truth	PR08-011-RCZ
7e017adc-470f-4d96-b9e0-9d25f02a5043	The Truth	x-files-ccg/10-i-want-to-believe/XFilesCcg-10IWantToBelieve-TheTruth.jpg	default	Event	10 - I Want to Believe	10 - I Want to Believe	playerNDeck	3 RP	Event|Question	Play this card after having successfully investigated a Site to ask an X-File's identity without incurring a penalty question. Remove this card from the game.			Community	The Truth	XF08-0285v1
8637a182-f171-4cf3-9a52-db4de570ea10	The Twins Poisonous Attack	x-files-ccg/10-i-want-to-believe/XFilesCcg-10IWantToBelieve-TheTwinsPoisonousAttack.jpg	default	Adversary	10 - I Want to Believe	10 - I Want to Believe	playerNDeck	3 CP	Adversary|Evolutionary|Creature	This card does not initiate combat. The Team must make an OBSERVATION 5+ skill check. If unsuccessful, choose one Agent in the Team. That Agent receives 4 points of damage but can still contribute with his skills if HEALTH rating has not been reduced to 0. Healing cards can be played to avoid the damage, as usual.	N/A		Community	Eve	XF08-0334v1
8696ccea-3565-49ba-bb17-08b3938f2221	The Walk	x-files-ccg/10-i-want-to-believe/XFilesCcg-10IWantToBelieve-TheWalk.jpg	default	Adversary	10 - I Want to Believe	10 - I Want to Believe	playerNDeck	5 CP	Adversary|Evolutionary|Phenomena	Subtract one from all damage sources applied to this Adversary.	4		Community	The Walk	XF08-0337v1
62010ac7-555f-49ec-9bb7-8cf7e22a5f70	They are Watching	x-files-ccg/10-i-want-to-believe/XFilesCcg-10IWantToBelieve-TheyAreWatching.jpg	default	Bluff	10 - I Want to Believe	10 - I Want to Believe	playerNDeck	4 CP	Bluff	Play this card to force your opponent to play with an open hand (all cards face up) until end of turn. If a card forces your opponent to discard any card randomly from their hand, you may choose them directly.			Community	Biogenesis	XF08-0089v1
6fdcc011-209b-45ac-9d13-f0e5bb7e9042	Third Elder's Deliberation	x-files-ccg/10-i-want-to-believe/XFilesCcg-10IWantToBelieve-ThirdEldersDeliberation.jpg	default	Event	10 - I Want to Believe	10 - I Want to Believe	playerNDeck	3 CP	Event	During the Briefing Phase, remove one Game Effect token on any Agent that normally starts with at least one token. You may only have one of this card in your Bureau deck. Remove this card from play.			Community	The Red and the Black	XF08-0184v1
736ed69a-1d73-4d51-9c1f-17df75d72a6a	Three of a Kind	x-files-ccg/10-i-want-to-believe/XFilesCcg-10IWantToBelieve-ThreeOfAKind.jpg	default	Event	10 - I Want to Believe	10 - I Want to Believe	playerNDeck	3 RP	Event|Resource	You may use this card to place up to six cards under it (face down) at any time. These cards cannot contain the Activator CONSPIRACY. You can play cards from here as if they were in your hand, with their cost increased by 1. Discard all cards if this card is negated. Each player may only have one of this card in their deck.			Community	Three of a Kind	XF08-0213v1
729df5f1-93b1-45ea-861b-1a8cb41447ef	Three Words, One Solution	x-files-ccg/10-i-want-to-believe/XFilesCcg-10IWantToBelieve-ThreeWordsOneSolution.jpg	default	Event	10 - I Want to Believe	10 - I Want to Believe	playerNDeck	0 RP	Event	Play this card to discard all [CP] tokens from your opponent's pool. The first card with [CP] cost played by your opponent may be played for free this turn.			Community	Three Words	XF08-0206v1
77374504-8ff0-4ec2-bf20-4520e1637ee0	Time Rush	x-files-ccg/10-i-want-to-believe/XFilesCcg-10IWantToBelieve-TimeRush.jpg	default	Event	10 - I Want to Believe	10 - I Want to Believe	playerNDeck	2 *P	Event|Phenomena|Resource	Place this card in the Field. At the beginning of each player's Debriefing Phase, each player must draw one card from their Bureau Deck and then discard one card from their Bureau Deck. Afterwards, both players must reduce their hand to seven cards, as usual.			Community	Død Kalm	XF08-0235v1
612f29c1-9240-4aa6-8570-203298af3384	Too Close To The Truth	x-files-ccg/10-i-want-to-believe/XFilesCcg-10IWantToBelieve-TooCloseToTheTruth.jpg	default	Bluff	10 - I Want to Believe	10 - I Want to Believe	playerNDeck	3 CP	Bluff	Play this card to allow you to exchange [CP] Pools with your opponent.			Community	Fight the Future	XF08-0081v1
5948b003-4b24-44d2-a6d9-9bb01054f0f2	Tossing Maneuver	x-files-ccg/10-i-want-to-believe/XFilesCcg-10IWantToBelieve-TossingManeuver.jpg	default	Combat	10 - I Want to Believe	10 - I Want to Believe	playerNDeck	1 *P	Combat	Negates the effects of any one Equipment card that adds to CLOSE RANGE COMBAT Skill for the duration of this combat.			Community	The Truth	XF08-0026v1
5a256464-7710-4f4b-8b7e-d5a725607622	Tracking the Killer	x-files-ccg/10-i-want-to-believe/XFilesCcg-10IWantToBelieve-TrackingTheKiller.jpg	default	Site	10 - I Want to Believe	10 - I Want to Believe	playerNDeck	2 RP	Site|Mono|Motive|Criminal Investigation				Community	Colony	XF08-0029v1
7479daf0-177e-42dc-8f6d-0ea89748c01f	Tracking the Trail	x-files-ccg/10-i-want-to-believe/XFilesCcg-10IWantToBelieve-TrackingTheTrail.jpg	default	Event	10 - I Want to Believe	10 - I Want to Believe	playerNDeck	2 RP	Event|Resource	Put this card in your Bureau section. Add 1 [RP] to your [RP] pool for every Event card you play as Active player.			Community	E.B.E.	XF08-0222v1
72c609d4-6412-4503-8eaa-42263d5195a8	Tricky Trick	x-files-ccg/10-i-want-to-believe/XFilesCcg-10IWantToBelieve-TrickyTrick.jpg	default	Event	10 - I Want to Believe	10 - I Want to Believe	playerNDeck	1 RP	Event|Question	Play this card immediately after you have received a "yes" answer to the X-File Characteristic. You may take one [RP] card from your Discard Pile and add it to your hand.			Community	The Amazing Maleeni	XF08-0208v1
62876d0b-9431-40fb-abb7-cf8870e09355	Trust Conflict	x-files-ccg/10-i-want-to-believe/XFilesCcg-10IWantToBelieve-TrustConflict.jpg	default	Bluff	10 - I Want to Believe	10 - I Want to Believe	playerNDeck	4 CP	Bluff	Discard X cards from your hand to draw X cards from the top of your Bureau deck.			Community	Nothing Important Happened Today (II)	XF08-0093v1
739159c1-15e3-4bf4-bd4b-43dfae3a9496	Trust_no1@mail.com	x-files-ccg/10-i-want-to-believe/XFilesCcg-10IWantToBelieve-TrustNo1MailCom.jpg	default	Event	10 - I Want to Believe	10 - I Want to Believe	playerNDeck	1 CP	Event|Government	Select one card with the Keyword CONSPIRACY from your Discard Pile and reveal it to your opponent. Place it in your hand. You cannot use the card this turn.			Community	Trust no 1	XF08-0215v1
722de920-142d-4eb8-a234-b82b691985c3	Truthful Journey	x-files-ccg/10-i-want-to-believe/XFilesCcg-10IWantToBelieve-TruthfulJourney.jpg	default	Event	10 - I Want to Believe	10 - I Want to Believe	playerNDeck	2 RP	Event|Move	You may move up to two Agents from the Bureau Section to the Field immediately. This card may not be played once an Adversary has forced combat until after the combat is resolved. If two Agents are moved, they must join the same Team in the Field.			Community	The Truth	XF08-0204v1
5a9669d6-400d-4c77-883e-07ca5d47df74	Tunguska, Siberian Forest, Russia	x-files-ccg/10-i-want-to-believe/XFilesCcg-10IWantToBelieve-TunguskaSiberianForestRussia.jpg	default	Site	10 - I Want to Believe	10 - I Want to Believe	playerNDeck	1 RP	Site|Multi|Affiliation|Method|Alien Investigation|Subterfuge				Community	Tunguska	XF08-0038v1
60af70d2-03eb-48bd-9e70-914f213a9f65	Ultimate Deception	x-files-ccg/10-i-want-to-believe/XFilesCcg-10IWantToBelieve-UltimateDeception.jpg	default	Bluff	10 - I Want to Believe	10 - I Want to Believe	playerNDeck	7 CP	Bluff|Government	Force an opposing Agent (your choice) to go to the Hospital immediately and may not contribute to the Site skill check. The Agent takes two points of damage and must be fully healed to leave the Hospital.			Community	S.R. 819	XF08-0078v1
7eed267f-b14d-4ade-b70d-87ddfb5614e0	Unclassified Reports	x-files-ccg/10-i-want-to-believe/XFilesCcg-10IWantToBelieve-UnclassifiedReports.jpg	default	Equipment	10 - I Want to Believe	10 - I Want to Believe	playerNDeck	3 RP	Equipment|Government|Special	Attach this card to any Agent and put three cards from your Discard Pile under it. Any time during the game, you may discard one of the cards to gain a +1 modifier on one of the Keywords listed on that card. Discard this card when no cards remain under it.			Community	Closure	XF08-0288v1
7449ecdf-462b-4ed8-8556-bb3d66575ca3	Undercovered Broadcast	x-files-ccg/10-i-want-to-believe/XFilesCcg-10IWantToBelieve-UndercoveredBroadcast.jpg	default	Event	10 - I Want to Believe	10 - I Want to Believe	playerNDeck	2 CP	Event|Resource	Put this card in your Bureau section. Add 1 [CP] to your [CP] pool for every Event card you play as Directed player.			Community	E.B.E.	XF08-0221v1
5fc0a732-6ff4-45e2-8bde-3c0317ddee9c	Unearthly Exposure	x-files-ccg/10-i-want-to-believe/XFilesCcg-10IWantToBelieve-UnearthlyExposure.jpg	default	Bluff	10 - I Want to Believe	10 - I Want to Believe	playerNDeck	6 CP	Bluff|Alien Manipulation|Resource	Place this card on any Agent in the Field investigating a Site with two tokens on it. The Agent is removed from play. Remove one token during each of the controlling player's Healing Phases. When no tokens remain, move the Agent to the Field.			Community	Tunguska	XF08-0069v1
7ba0853c-7394-424c-9d4b-8d84ce96aea7	Unearthly Harvest	x-files-ccg/10-i-want-to-believe/XFilesCcg-10IWantToBelieve-UnearthlyHarvest.jpg	default	Event	10 - I Want to Believe	10 - I Want to Believe	playerNDeck	4 *P	Event	Play this card to exchange both pools ([RP] and [CP]) with your opponent.			Community	The Red and the Black	XF08-0268v1
637e31ab-8570-4fe8-a899-6e309f798533	Unexpected Hospital Visit	x-files-ccg/10-i-want-to-believe/XFilesCcg-10IWantToBelieve-UnexpectedHospitalVisit.jpg	default	Bluff	10 - I Want to Believe	10 - I Want to Believe	playerNDeck	5 CP	Bluff|Alien Manipulation|Resource	Attach this card to any Agent with cost of 5 [RP] or less who is investigating this Site. Each time this Agent investigates any Site, you may pay that cost to force that Agent to go to the Hospital (undamaged). This card is removed when a Healing card is played on the Agent.			Community	The Sixth Extinction	XF08-0098v1
61e44791-5d8a-46a8-9aed-aed612922879	Unexpected Stroke	x-files-ccg/10-i-want-to-believe/XFilesCcg-10IWantToBelieve-UnexpectedStroke.jpg	default	Bluff	10 - I Want to Believe	10 - I Want to Believe	playerNDeck	2 CP	Bluff	Discard two cards from your hand (your choice) to apply a -2 modifier to any Agent's skill check on this Site.			Community	Biogenesis	XF08-0088v1
6fd8dca3-d34c-4b69-bbd1-1e050083d8fb	Unnatural Illusion	x-files-ccg/10-i-want-to-believe/XFilesCcg-10IWantToBelieve-UnnaturalIllusion.jpg	default	Event	10 - I Want to Believe	10 - I Want to Believe	playerNDeck	4 CP	Event	Negate any one Keyword ALIEN, ALIEN MANIPULATION or ALIEN INVESTIGATION card.			Community	The Unnatural	XF08-0183v1
8a94623c-c082-4b71-839b-c62cc77a792b	Unstoppable Ally	x-files-ccg/10-i-want-to-believe/XFilesCcg-10IWantToBelieve-UnstoppableAlly.jpg	default	Combat	10 - I Want to Believe	10 - I Want to Believe	playerNDeck	3 *P	Combat	Play this card during a Close Range Combat round to search your Bureau Deck for any one card with the keyword COMBAT. Reveal the card to your opponent and add it to your hand. Shuffle your Bureau deck. If the card is immediately playable, You may do so for zero cost.			Community	Nothing Important Happened Today (II)	PR08-008-ASE
70f4da22-3b99-4c0b-88a6-24a3ebc0e7d0	Unstoppable Pursuit	x-files-ccg/10-i-want-to-believe/XFilesCcg-10IWantToBelieve-UnstoppablePursuit.jpg	default	Event	10 - I Want to Believe	10 - I Want to Believe	playerNDeck	3 CP	Event|Move	Play this card during the Case Assignment phase to move one Agent in a Team assigned to a Site to another Team in the Field assigned to a different Site.			Community	Drive	XF08-0196v1
5a5213d6-b1c4-48a4-9f04-a7883bbb8e99	US Naval Station, San Diego	x-files-ccg/10-i-want-to-believe/XFilesCcg-10IWantToBelieve-USNavalStationSanDiego.jpg	default	Site	10 - I Want to Believe	10 - I Want to Believe	playerNDeck	1 RP	Site|Multi|Method|Motive|Result|Observation|Alien Investigation				Community	Piper Maru	XF08-0031v1
887ac4e0-dc28-415f-b2fd-593795d9faeb	Van Allen's Revenge	x-files-ccg/10-i-want-to-believe/XFilesCcg-10IWantToBelieve-VanAllensRevenge.jpg	default	Adversary	10 - I Want to Believe	10 - I Want to Believe	playerNDeck	5 CP	Adversary|Occult|Creature	Once the Combat ends, you may pay 2 [CP] to return Van Allen's Revenge to your hand. It may be played again at the same Site. Your opponent may pay 3 [RP] to cancel this effect.	7		Community	Hellbound	XF08-0346v1
8804101b-9e69-44c3-b692-749bcfd5a822	Vassily Peskow	x-files-ccg/10-i-want-to-believe/XFilesCcg-10IWantToBelieve-VassilyPeskow.jpg	default	Adversary	10 - I Want to Believe	10 - I Want to Believe	playerNDeck	5 CP	Adversary|Government|Pawn|Creature	The chosen Agent is the only one who may participate in the Combat. This card cannot be played over Agent Alex Krycek. Vassily Peskow can use SUBTERFUGE cards.	4		Community	Terma	XF08-0342v1
6c217dd1-608e-4e97-8957-ecde5396ac28	Vicki Burdick	x-files-ccg/10-i-want-to-believe/XFilesCcg-10IWantToBelieve-VickiBurdick.jpg	default	Witness	10 - I Want to Believe	10 - I Want to Believe	playerNDeck	4 RP	Witness|Behavioral|Observation	Adds 3 to one Team's OBSERVATION or adds 2 to one Team's BEHAVIORAL skill check.			Community	Improbable	XF08-0154v1
5882c8e1-3bae-4c4f-977f-80e5d3838c57	Virtual Training	x-files-ccg/10-i-want-to-believe/XFilesCcg-10IWantToBelieve-VirtualTraining.jpg	default	Combat	10 - I Want to Believe	10 - I Want to Believe	playerNDeck	3 RP	Combat	This card adds 2 points to an Agent's LRC or CRC skill (your choice) during the Combat.			Community	First Person Shooter	XF08-0019v1
86b0a3d6-1eef-43a8-b949-1d83f48a7153	Visions of a Shaman	x-files-ccg/10-i-want-to-believe/XFilesCcg-10IWantToBelieve-VisionsOfAShaman.jpg	default	Adversary	10 - I Want to Believe	10 - I Want to Believe	playerNDeck	5 CP	Adversary|Occult Creature|Master	Pick the top three cards of your Bureau deck. Use the cost of the first one for the Shaman's LRC skill, the cost of the second as CRC, and the last one as HEALTH value (draw additional cards if needed if the cost of any of those cards is not a specific number). Shuffle your Bureau afterwards (including the drawn cards).	SPECIAL		Community	Teso dos Bichos	XF08-0338v1
77266169-b03b-4ccc-9128-58279cfa2512	Visions of Homicide	x-files-ccg/10-i-want-to-believe/XFilesCcg-10IWantToBelieve-VisionsOfHomicide.jpg	default	Event	10 - I Want to Believe	10 - I Want to Believe	playerNDeck	2 *P	Event|Phenomena	Play this card to allow you to look the top five cards of your opponent's Bureau deck. You can perform this action at the beginning of your opponent's Briefing Phase.			Community	Aubrey	XF08-0234v1
61d7f68c-0baa-4a0f-9cb9-2cc413bf8ded	Voodoo Ritual	x-files-ccg/10-i-want-to-believe/XFilesCcg-10IWantToBelieve-VoodooRitual.jpg	default	Bluff	10 - I Want to Believe	10 - I Want to Believe	playerNDeck	1 CP	Bluff|Occult	Play this card to decrease the cost of the first Adversary card you play in this Site by two.			Community	Theef	XF08-0087v1
773a6c44-3641-4105-8a2d-5315f260ddcc	Voodoo Unleashed	x-files-ccg/10-i-want-to-believe/XFilesCcg-10IWantToBelieve-VoodooUnleashed.jpg	default	Event	10 - I Want to Believe	10 - I Want to Believe	playerNDeck	2 RP	Event|Occult Investigation|Resource	Play on one Team in the Field. If the Team makes an OCCULT INVESTIGATION skill check 5+, then they may add 2 to any Site skill check. Discard this card after you have used the Modifier.			Community	Fresh Bones	XF08-0236v1
7c38177a-2efc-4d18-adc4-e8f8bc0b191e	We Are Not Alone	x-files-ccg/10-i-want-to-believe/XFilesCcg-10IWantToBelieve-WeAreNotAlone.jpg	default	Event	10 - I Want to Believe	10 - I Want to Believe	playerNDeck	1 *P	Event	The next cards that you play on this site will have their cost increased by 1. Your opponents may not negate any of those cards this turn.			Community	Providence	XF08-0272v1
602cecb3-be64-44ab-9437-12dc8b7384b2	Weakening Grip	x-files-ccg/10-i-want-to-believe/XFilesCcg-10IWantToBelieve-WeakeningGrip.jpg	default	Bluff	10 - I Want to Believe	10 - I Want to Believe	playerNDeck	3 CP	Bluff	Discard a card at random from your opponent's hand for each Agent investigating this Site.			Community	Trevor	XF08-0073v1
85560064-1b48-499a-b824-84cd579b2ef8	Wetwired	x-files-ccg/10-i-want-to-believe/XFilesCcg-10IWantToBelieve-Wetwired.jpg	default	Adversary	10 - I Want to Believe	10 - I Want to Believe	playerNDeck	9 CP	Adversary|Government|Phenomena	Play on an Agent in a Team of 2 or more Agents. That Agent initiates Combat against another Agent in the Team (your choice). Follow usual Combat rules until any of the Agents' HEALTH is reduced to zero. The Combat ends and that Agent (or both) must go to the Hospital. The remaining Team may still contribute to the Site skill check as usual.	N/A		Community	Wetwired	XF08-0332v1
84d1fde8-f106-44f3-bf36-2c30b6dcc330	Whanshang Dole	x-files-ccg/10-i-want-to-believe/XFilesCcg-10IWantToBelieve-WhanshangDole.jpg	default	Adversary	10 - I Want to Believe	10 - I Want to Believe	playerNDeck	6 CP	Adversary|Occult|Creature	Wanshang Dhole deals damage to its opponents first during each CRC round. If the HEALTH value of any opponent reaches zero after applying modifiers or healing cards,that combatant is sent to the Hospital and cannot deliver any damage back that round.	8		Community	Alpha	XF08-0323v1
7864aea8-5f4d-479b-9451-ed29c00a5195	Whispers of Hearts	x-files-ccg/10-i-want-to-believe/XFilesCcg-10IWantToBelieve-WhispersOfHearts.jpg	default	Event	10 - I Want to Believe	10 - I Want to Believe	playerNDeck	1 RP	Event|Behavioral|Criminal Investigation	Play on one Agent to allow that Agent to use their EVIDENCE COLLECTION skill number for any one BEHAVIORAL or CRIMINAL INVESTIGATION skill check.			Community	Paper Hearts	XF08-0247v1
70856bce-5182-40b7-84c0-26deb82cce5b	William	x-files-ccg/10-i-want-to-believe/XFilesCcg-10IWantToBelieve-William.jpg	default	Event	10 - I Want to Believe	10 - I Want to Believe	playerNDeck	3 RP	Event	Apply a +2 modifier to any one skill check made by a Team of Agents in the Field during the Investigation phase.			Community	Trust no 1	XF08-0190v1
776125b2-58f1-4a28-a663-6d03f7614749	Witch Hunter	x-files-ccg/10-i-want-to-believe/XFilesCcg-10IWantToBelieve-WitchHunter.jpg	default	Event	10 - I Want to Believe	10 - I Want to Believe	playerNDeck	2 *P	Event|Occult Investigation	Search your Bureau deck and choose any one keyword OCCULT or OCCULT INVESTIGATION card. Show this card to your opponent, add it to your hand and shuffle your Bureau Deck.			Community	Die Hand Die Verletzt	XF08-0238v1
5987f7fd-3332-4adc-9a5d-1e7c66a97f59	Women's Health Clinic, Richville, MD	x-files-ccg/10-i-want-to-believe/XFilesCcg-10IWantToBelieve-WomensHealthClinicRichvilleMD.jpg	default	Site	10 - I Want to Believe	10 - I Want to Believe	playerNDeck	2 RP	Site|Mono|Motive|Subterfuge				Community	End Game	XF08-0028v1
7abf67ad-47e7-4887-993b-6abc29826579	X	x-files-ccg/10-i-want-to-believe/XFilesCcg-10IWantToBelieve-X.jpg	default	Event	10 - I Want to Believe	10 - I Want to Believe	playerNDeck	3 RP	Event|Negate	Negate any one Keyword ADVERSARY card.			Community	Wetwired	XF08-0262v1
78e79036-f85e-4948-99c5-c98dbb4f76e9	X's Final Struggle	x-files-ccg/10-i-want-to-believe/XFilesCcg-10IWantToBelieve-XsFinalStruggle.jpg	default	Event	10 - I Want to Believe	10 - I Want to Believe	playerNDeck	4 CP	Event|Resource	Place this card on your opponent's side. While this card is in play, your opponent cannot use cards nor Agent's Game Effects that allow them to draw cards (or search for cards) from the Bureau deck or from the Discard Pile. During your Briefing Phase pay 1 [CP] or discard this card.			Community	Herrenvolk	XF08-0251v1
5a554e79-dcc4-4c60-97f1-4cf95850c08b	Zelma's Palm Readings, North Minneapolis, MN	x-files-ccg/10-i-want-to-believe/XFilesCcg-10IWantToBelieve-ZelmasPalmReadingsNorthMinneapolisMN.jpg	default	Site	10 - I Want to Believe	10 - I Want to Believe	playerNDeck	2 RP	Site|Mono|Affiliation|Criminal Investigation				Community	Clyde Bruckman's Final Repose	XF08-0032v1
5a881f25-5e2f-44cf-9f6c-3ea11e5fd047	Zeus Storage, Maryland	x-files-ccg/10-i-want-to-believe/XFilesCcg-10IWantToBelieve-ZeusStorageMaryland.jpg	default	Site	10 - I Want to Believe	10 - I Want to Believe	playerNDeck	2 RP	Site|Mono|Method|Alien Investigation				Community	The Erlenmeyer Flask	XF08-0036v1
6530ac7f-cf53-457d-9422-3f70fc91ee8b	Éí 'Aaníígóó 'Áhoot'é	x-files-ccg/10-i-want-to-believe/XFilesCcg-10IWantToBelieve-AanGHoot.jpg	default	Bluff	10 - I Want to Believe	10 - I Want to Believe	playerNDeck	3 CP	Bluff|Government|Alien Investigation	Play to change a Site Prerequisite to ALIEN INVESTIGATION 3+.			Community	Anasazi	XF08-0109v1
54c8aa1b-2adc-4a5e-aea0-f2ebb239fa28	Cape Flattery Trail, Neah Bay, WA	x-files-ccg/08-here-there-be-monsters/XFilesCcg-08HereThereBeMonsters-CapeFlatteryTrailNeahBayWA.jpg	default	Site	08 - Here There Be Monsters	08 - Here There Be Monsters	playerNDeck	1 RP	Site|Multi|Motive|Method|Occult Investigation|Behavioral				Community	Real Vampires Don't Sparkle	XF19-0031x42
5450fe7f-636f-4166-9465-99b3cf331a91	Choléra the Cat	x-files-ccg/08-here-there-be-monsters/XFilesCcg-08HereThereBeMonsters-CholRaTheCat.jpg	default	Equipment	08 - Here There Be Monsters	08 - Here There Be Monsters	playerNDeck	3 RP	Equipment|Special|Weapon	Adds 1 to the Agent's CLOSE RANGE COMBAT skill. Place a token on this card. Remove a token to search through your Bureau Deck and add any one Keyword HEALING card to your hand. Shuffle your deck.			Community	Les Naufrageurs	XF19-0028x42
53706eaa-9655-4411-9a57-52ed9ba24222	Confronting the Shape	x-files-ccg/08-here-there-be-monsters/XFilesCcg-08HereThereBeMonsters-ConfrontingTheShape.jpg	default	Event	08 - Here There Be Monsters	08 - Here There Be Monsters	playerNDeck	1 RP	Event|Criminal Investigation	Play this card when an Adversary is about to enter Combat with a single Agent. Search through your Bureau Deck and add any one Combat card to your hand. Reshuffle your Bureau Deck.			Community	Halloween	XF19-0018x42
54847987-97de-4c35-aad2-d9736b043b15	David Pease	x-files-ccg/08-here-there-be-monsters/XFilesCcg-08HereThereBeMonsters-DavidPease.jpg	default	Agent	08 - Here There Be Monsters	08 - Here There Be Monsters	playerNStarting	4 RP	Agent|Independent|Information|Believer		3		Community	Real Vampires Don't Sparkle	XF19-0029x42
50d5bd12-a92b-40cf-8525-2b1c224ab832	Delaney Arvidson	x-files-ccg/08-here-there-be-monsters/XFilesCcg-08HereThereBeMonsters-DelaneyArvidson.jpg	default	Agent	08 - Here There Be Monsters	08 - Here There Be Monsters	playerNStarting	4 RP	Agent|Independent|Cute|Believer		4		Community	Fragile	XF19-0001x42
54467338-4e90-468c-ac29-ebded5db2a3b	Don't Turn Around!	x-files-ccg/08-here-there-be-monsters/XFilesCcg-08HereThereBeMonsters-DontTurnAround.jpg	default	Bluff	08 - Here There Be Monsters	08 - Here There Be Monsters	playerNDeck	4 CP	Bluff|Evolutionary	Play this card to apply a -2 modifier to the Site skill check. In addition, one Agent on the Team (your choice) may not contribute their Combat skills this turn.			Community	Les Naufrageurs	XF19-0027x42
55454f24-fa97-41c3-83ca-ea48b0a97e90	FN Herstal Five-seveN	x-files-ccg/08-here-there-be-monsters/XFilesCcg-08HereThereBeMonsters-FNHerstalFiveSeveN.jpg	default	Equipment	08 - Here There Be Monsters	08 - Here There Be Monsters	playerNDeck	6 RP	Equipment|Weapon|Standard	Adds 3 to the Agent's CLOSE RANGE COMBAT skill.			Community	Real Vampires Don't Sparkle	XF19-0034x42
54a3925b-8ee7-43d0-b3d6-80b7fdce8842	Forks High School, Forks, WA	x-files-ccg/08-here-there-be-monsters/XFilesCcg-08HereThereBeMonsters-ForksHighSchoolForksWA.jpg	default	Site	08 - Here There Be Monsters	08 - Here There Be Monsters	playerNDeck	1 RP	Site|Multi|Method|Result|Computer|Evidence Collection				Community	Real Vampires Don't Sparkle	XF19-0030x42
54e07c23-4eda-4126-9896-b0e0d652da58	Forks Timber Museum, Forks, WA	x-files-ccg/08-here-there-be-monsters/XFilesCcg-08HereThereBeMonsters-ForksTimberMuseumForksWA.jpg	default	Site	08 - Here There Be Monsters	08 - Here There Be Monsters	playerNDeck	1 RP	Site|Multi|Affiliation|Method|Computer|Occult Investigation				Community	Real Vampires Don't Sparkle	XF19-0032x42
54184aec-af0a-43ec-b080-c466501702d9	Fort Boyard, Coastal West France	x-files-ccg/08-here-there-be-monsters/XFilesCcg-08HereThereBeMonsters-FortBoyardCoastalWestFrance.jpg	default	Site	08 - Here There Be Monsters	08 - Here There Be Monsters	playerNDeck	1 RP	Site|Multi|Method|Result|Evidence Collection|Observation				Community	Les Naufrageurs	XF19-0026x42
53fa284a-8010-401a-b138-349255319453	Funicular	x-files-ccg/08-here-there-be-monsters/XFilesCcg-08HereThereBeMonsters-Funicular.jpg	default	Equipment	08 - Here There Be Monsters	08 - Here There Be Monsters	playerNDeck	4 RP	Equipment|Electrical|Move	Attach this card to an Agent in the Field. Discard this card to search through your Bureau Deck and add any one Keyword MOVE card to your hand. Show the card to your opponent and shuffle your Bureau Deck. If the card is immediately playable, you may do so for zero [RP] cost.			Community	Storm-Sun's Bale	XF19-0023x42
556caa72-d5e9-4a57-8c36-907fe0d2f974	Grey Wind - Coastal Northwest Werewolf	x-files-ccg/08-here-there-be-monsters/XFilesCcg-08HereThereBeMonsters-GreyWindCoastalNorthwestWerewolf.jpg	default	Adversary	08 - Here There Be Monsters	08 - Here There Be Monsters	playerNDeck	5 CP	Adversary|Occult|Creature|Pawn	This card may be played at a Site where another Coastal Northwest Werewolf has been played, ignoring Activator requirements. The LONG RANGE COMBAT round is skipped.	5		Community	Real Vampires Don't Sparkle	XF19-0036x42
5415a3e2-6a56-4ef5-8668-466c7777db4d	Guillaume Saladin	x-files-ccg/08-here-there-be-monsters/XFilesCcg-08HereThereBeMonsters-GuillaumeSaladin.jpg	default	Agent	08 - Here There Be Monsters	08 - Here There Be Monsters	playerNStarting	4 RP	Agent|Independent|Believer		4		Community	Les Naufrageurs	XF19-0025x42
5331054e-51fa-4f5c-b488-a40746fb841e	Haddonfield, IL	x-files-ccg/08-here-there-be-monsters/XFilesCcg-08HereThereBeMonsters-HaddonfieldIL.jpg	default	Site	08 - Here There Be Monsters	08 - Here There Be Monsters	playerNDeck	1 RP	Site|Multi|Affiliation|Motive|Criminal Investigation|Subterfuge				Community	Halloween	XF19-0017x42
53cd791d-40af-4be0-9dc1-399939c47e58	Hanseatic Quarter, Bergen, Norway	x-files-ccg/08-here-there-be-monsters/XFilesCcg-08HereThereBeMonsters-HanseaticQuarterBergenNorway.jpg	default	Site	08 - Here There Be Monsters	08 - Here There Be Monsters	playerNDeck	1 RP	Site|Multi|Motive|Method|Observation|Occult Investigation				Community	Storm-Sun's Bale	XF19-0021x42
5618f86a-91a6-4f7a-a098-d4c482e5e098	Johnathon Woods	x-files-ccg/08-here-there-be-monsters/XFilesCcg-08HereThereBeMonsters-JohnathonWoods.jpg	default	Witness	08 - Here There Be Monsters	08 - Here There Be Monsters	playerNDeck	4 RP	Witness|Occult Investigation|Resource	Attach this card to an OCCULT INVESTIGATION Site during your Case Assignment Phase together with two tokens. The Site stays in the Field as long as this card is attached. Remove a token every time you send a Team of Agents to investigate the Site. Discard this card when the last token is removed.			Community	Real Vampires Don't Sparkle	XF19-0041x42
516f7ab4-3b50-4a70-b0a0-8dcf7d441b85	Katina Arvidson	x-files-ccg/08-here-there-be-monsters/XFilesCcg-08HereThereBeMonsters-KatinaArvidson.jpg	default	Witness	08 - Here There Be Monsters	08 - Here There Be Monsters	playerNDeck	3 RP	Witness|Behavioral|Occult Investigation	Adds 2 to one Team's BEHAVIORAL or adds 1 to one Team's OCCULT INVESTIGATION skill check. The Witness's modifier is doubled if played on a Team that includes Delaney Arvidson.			Community	Fragile	XF19-0006x42
50f3c10a-7196-41c7-ae1d-243673ce8769	Knuffle Bunny	x-files-ccg/08-here-there-be-monsters/XFilesCcg-08HereThereBeMonsters-KnuffleBunny.jpg	default	Equipment	08 - Here There Be Monsters	08 - Here There Be Monsters	playerNDeck	4 RP	Equipment|Mystic|Artifact	Adds 2 to the Agent's EVIDENCE COLLECTION skill. OCCULT Adversaries must assign damage to this Agent. This card is free if the attached Agent has the Keyword CUTE.			Community	Fragile	XF19-0002x42
52a9a6d6-a1a8-45a0-a0cc-14172ab637ba	Lauren Evans Osborne	x-files-ccg/08-here-there-be-monsters/XFilesCcg-08HereThereBeMonsters-LaurenEvansOsborne.jpg	default	Witness	08 - Here There Be Monsters	08 - Here There Be Monsters	playerNDeck	3 RP	Witness|Observation|Resource	Place three tokens on this card. Discard a token to add 2 to one Team's OBSERVATION skill check. You may discard a token once per turn. Discard this resource when all tokens have been discarded.			Community	Schooled	XF19-0012x42
517f4fd4-52fd-419b-a708-fe0ff506b82f	Living Scarecrow	x-files-ccg/08-here-there-be-monsters/XFilesCcg-08HereThereBeMonsters-LivingScarecrow.jpg	default	Adversary	08 - Here There Be Monsters	08 - Here There Be Monsters	playerNDeck	6 CP	Adversary|Occult|Creature|Pawn	The cost to play this card is 3 [CP] if the Site Prerequisite is OCCULT INVESTIGATION. LRC and CRC attacks cause only half damage (rounded up) to this Adversary.	6		Community	Fragile	XF19-0007x42
5326fe27-37d0-4e0e-97f9-50ef912803a7	Lurking in Plain Sight	x-files-ccg/08-here-there-be-monsters/XFilesCcg-08HereThereBeMonsters-LurkingInPlainSight.jpg	default	Event	08 - Here There Be Monsters	08 - Here There Be Monsters	playerNDeck	5 CP	Event|Primordial|Observation	Force an opponent Team to make an OBSERVATION 4+ skill check. If they fail, apply a -3 modifier to the Site skill check and your opponent must discard all Witness cards from their hand.			Community	Halloween	XF19-0015x42
55f4d70e-3882-46e1-bb8c-58e438d7e5a2	Maggi Forrester	x-files-ccg/08-here-there-be-monsters/XFilesCcg-08HereThereBeMonsters-MaggiForrester.jpg	default	Witness	08 - Here There Be Monsters	08 - Here There Be Monsters	playerNDeck	2 RP	Witness|Computer|Occult Investigation	Play this card to reduce the Site Prerequisite of any one COMPUTER or OCCULT INVESTIGATION Site by 1. This card is free is played at "Forks High School".			Community	Real Vampires Don't Sparkle	XF19-0040x42
53bd9877-6b52-4fb0-87c7-8751787b7a98	Martin Shultz	x-files-ccg/08-here-there-be-monsters/XFilesCcg-08HereThereBeMonsters-MartinShultz.jpg	default	Witness	08 - Here There Be Monsters	08 - Here There Be Monsters	playerNDeck	3 RP	Witness|Observation|Occult Investigation	Adds 2 to one Team's OBSERVATION or OCCULT INVESTIGATION skill check. This card is free if played on a Team that includes Yumi Sagiuchi Shultz.			Community	Storm-Sun's Bale	XF19-0020x42
55ee155c-db60-4810-b64f-a0afb2018d71	Maya - Coastal Northwest Vampire	x-files-ccg/08-here-there-be-monsters/XFilesCcg-08HereThereBeMonsters-MayaCoastalNorthwestVampire.jpg	default	Adversary	08 - Here There Be Monsters	08 - Here There Be Monsters	playerNDeck	10 CP	Adversary|Occult|Creature|Master	LONG RANGE COMBAT will cause no damage to the Vampire. This Adversary gains +1 CLOSE RANGE COMBAT for each subsequent round of CRC that her HEALTH is no at zero.	7		Community	Real Vampires Don't Sparkle	XF19-0039x42
532fb88a-d535-4be8-941e-9c103ce6a315	Michael Myers	x-files-ccg/08-here-there-be-monsters/XFilesCcg-08HereThereBeMonsters-MichaelMyers.jpg	default	Adversary	08 - Here There Be Monsters	08 - Here There Be Monsters	playerNDeck	10 CP	Adversary|Primordial|Creature|Master	This Adversary regenerates (Heals) two points of HEALTH at the beginning of each combat round as long as his HEALTH is not at 0. Michael Myers may use SUBTERFUGE cards. If killed in combat, return Myers to your Bureau deck and shuffle.	8		Community	Halloween	XF19-0016x42
521d7863-ae0c-4cb7-97af-c80498fbacac	More Men in Black	x-files-ccg/08-here-there-be-monsters/XFilesCcg-08HereThereBeMonsters-MoreMenInBlack.jpg	default	Event	08 - Here There Be Monsters	08 - Here There Be Monsters	playerNDeck	2 CP	Event|Government|Subterfuge	Force an opponent Team to make a SUBTERFUGE 4+ skill check. If unsuccessful, the Site Prerequisite is increased by 1 for each Agent on the Team that does not have a SUBTERFUGE skill value.			Community	Schooled	XF19-0009x42
53d3f100-3ff1-4680-a155-5966e4025df7	Old Leprosy Hospital, Bergen, Norway	x-files-ccg/08-here-there-be-monsters/XFilesCcg-08HereThereBeMonsters-OldLeprosyHospitalBergenNorway.jpg	default	Site	08 - Here There Be Monsters	08 - Here There Be Monsters	playerNDeck	1 RP	Site|Multi|Method|Result|Medical|Observation				Community	Storm-Sun's Bale	XF19-0022x42
52a85802-61d1-400e-bb76-aff81f677523	Peter Shultz	x-files-ccg/08-here-there-be-monsters/XFilesCcg-08HereThereBeMonsters-PeterShultz.jpg	default	Witness	08 - Here There Be Monsters	08 - Here There Be Monsters	playerNDeck	3 RP	Witness|Computer|Evidence Collection	Adds 2 to one Team's COMPUTER or adds 1 to one Team's EVIDENCE COLLECTION skill check.			Community	Schooled	XF19-0011x42
51874e1d-a327-4fb1-97d2-c457ce138c89	Psychokinetic Attack	x-files-ccg/08-here-there-be-monsters/XFilesCcg-08HereThereBeMonsters-PsychokineticAttack.jpg	default	Combat	08 - Here There Be Monsters	08 - Here There Be Monsters	playerNDeck	4 RP	Combat	Play this card on any Agent with OCCULT INVESTIGATION skill of 1+ to make one LONG RANGE COMBAT attack at LRC skill: 7. The opposing side's LRC attack is negated if the damaged combatant's Health is reduced to 0.			Community	Fragile	XF19-0008x42
525d8ec5-e28b-42be-a39d-7593143a85ed	Reproduction Movie Props	x-files-ccg/08-here-there-be-monsters/XFilesCcg-08HereThereBeMonsters-ReproductionMovieProps.jpg	default	Equipment	08 - Here There Be Monsters	08 - Here There Be Monsters	playerNDeck	4 RP	Equipment|Government|Special	Adds 2 to the Agent's COMPUTER and SUBTERFUGE skills.			Community	Schooled	XF19-0010x42
558401b3-0233-4e9b-aafa-e295d49c4736	Sahale - Coastal Northwest Werewolf	x-files-ccg/08-here-there-be-monsters/XFilesCcg-08HereThereBeMonsters-SahaleCoastalNorthwestWerewolf.jpg	default	Adversary	08 - Here There Be Monsters	08 - Here There Be Monsters	playerNDeck	5 CP	Adversary|Occult|Creature|Pawn	This card may be played at a Site where another Coastal Northwest Werewolf has been played, ignoring Activator requirements. The LONG RANGE COMBAT round is skipped.	5		Community	Real Vampires Don't Sparkle	XF19-0037x42
51046f97-bd61-4704-aead-6912735e10f6	Seamus the Cat	x-files-ccg/08-here-there-be-monsters/XFilesCcg-08HereThereBeMonsters-SeamusTheCat.jpg	default	Bluff	08 - Here There Be Monsters	08 - Here There Be Monsters	playerNDeck	2 CP	Bluff|Occult	Play this card to gently push two cards off the top of your opponent's Bureau deck. The two cards are discarded.			Community	Fragile	XF19-0003x42
55569107-d0c0-4370-a413-c09ae561d859	Shadow - Coastal Northwest Werewolf	x-files-ccg/08-here-there-be-monsters/XFilesCcg-08HereThereBeMonsters-ShadowCoastalNorthwestWerewolf.jpg	default	Adversary	08 - Here There Be Monsters	08 - Here There Be Monsters	playerNDeck	5 CP	Adversary|Occult|Creature|Pawn	This card may be played at a Site where another Coastal Northwest Werewolf has been played, ignoring Activator requirements. The LONG RANGE COMBAT round is skipped.	5		Community	Real Vampires Don't Sparkle	XF19-0035x42
552357fc-3edb-4c70-97b8-55944fff809c	Silver Bullets	x-files-ccg/08-here-there-be-monsters/XFilesCcg-08HereThereBeMonsters-SilverBullets.jpg	default	Combat	08 - Here There Be Monsters	08 - Here There Be Monsters	playerNDeck	3 RP	Combat|Occult	Adds 3 to an Agent's LONG RANGE COMBAT and CLOSE RANGE COMBAT skills when played against an OCCULT Adversary for the duration of this combat.			Community	Real Vampires Don't Sparkle	XF19-0033x42
530b4384-d546-4862-8399-e16953f0a029	Slender Man	x-files-ccg/08-here-there-be-monsters/XFilesCcg-08HereThereBeMonsters-SlenderMan.jpg	default	Adversary	08 - Here There Be Monsters	08 - Here There Be Monsters	playerNDeck	6 CP	Adversary|Occult|Creature|Phenomena	Play this card on a Team in the Field that plays a Witness. The Witness is discarded and the Team is attacked! Agents must immediately discard all attached "Camera" Equipment cards. Slender Man is unaffected by MARTIAL ARTS cards. Damage caused by this Adversary may be split among all opponents (Directed Player's choice).	7		Community	Schooled	XF19-0014x42
513030f5-1c98-48ec-a4a5-45f337784a26	Stephen Arvidson	x-files-ccg/08-here-there-be-monsters/XFilesCcg-08HereThereBeMonsters-StephenArvidson.jpg	default	Agent	08 - Here There Be Monsters	08 - Here There Be Monsters	playerNStarting	4 RP	Agent|Independent|Information|Believer		4		Community	Fragile	XF19-0004x42
55c57ce1-8ecf-4a6d-b30f-c35e25c06e33	Tahoma - Coastal Northwest Werewolf	x-files-ccg/08-here-there-be-monsters/XFilesCcg-08HereThereBeMonsters-TahomaCoastalNorthwestWerewolf.jpg	default	Adversary	08 - Here There Be Monsters	08 - Here There Be Monsters	playerNDeck	5 CP	Adversary|Occult|Creature|Pawn	This card may be played at a Site where another Coastal Northwest Werewolf has been played, ignoring Activator requirements. The LONG RANGE COMBAT round is skipped.	5		Community	Real Vampires Don't Sparkle	XF19-0038x42
5407f164-4616-4f10-8f42-6160a4a05aef	Troll Territory	x-files-ccg/08-here-there-be-monsters/XFilesCcg-08HereThereBeMonsters-TrollTerritory.jpg	default	Bluff	08 - Here There Be Monsters	08 - Here There Be Monsters	playerNDeck	1 CP	Bluff|Subterfuge|Phenomena	Play this card to reduce the [CP] Cost of all Keyword SUBTERFUGE cards played at this Site by 1. While this card is in play, any OCCULT or EVOLUTIONARY Adversaries played at this Site may use SUBTERFUGE Combat cards.			Community	Storm-Sun's Bale	XF19-0024x42
515ed3ca-41b7-4498-ad53-e0f7599bb3d5	Unearthing the Monster	x-files-ccg/08-here-there-be-monsters/XFilesCcg-08HereThereBeMonsters-UnearthingTheMonster.jpg	default	Event	08 - Here There Be Monsters	08 - Here There Be Monsters	playerNDeck	2 RP	Event|Observation	Play on a Team in the Field. If the Team makes an OBSERVATION 4+ skill check then you may search through your Bureau Deck and add any keyword CREATURE Adversary to your hand. Show the card to your opponent and shuffle your deck.			Community	Fragile	XF19-0005x42
52d48dbe-a824-4d77-a61d-d49d754a4d2c	Whitman College, Walla Walla, WA	x-files-ccg/08-here-there-be-monsters/XFilesCcg-08HereThereBeMonsters-WhitmanCollegeWallaWallaWA.jpg	default	Site	08 - Here There Be Monsters	08 - Here There Be Monsters	playerNDeck	1 RP	Site|Multi|Affiliation|Result|Computer|Sciences				Community	Schooled	XF19-0013x42
539072f4-360c-4af9-be6c-78cbc6aa0698	Yumi Sagiuchi Shultz	x-files-ccg/08-here-there-be-monsters/XFilesCcg-08HereThereBeMonsters-YumiSagiuchiShultz.jpg	default	Agent	08 - Here There Be Monsters	08 - Here There Be Monsters	playerNStarting	3 RP	Agent|Independent|Believer		4		Community	Storm-Sun's Bale	XF19-0019x42
24c913b9-b80c-4ace-aeb4-a323eca8fdef	040460 - Believe The Lie (2nd Edition)	x-files-ccg/05-believe-the-lie/XFilesCcg-05BelieveTheLie-040460BelieveTheLie2ndEdition.jpg	default	Credits	05 - Believe the Lie	05 - Believe the Lie	playerNDeck						Preservation Society		PR23-0005-CRE
2d4bd172-d701-49d6-888d-5367e2c735d2	14th Precinct House, Buffalo, NY	x-files-ccg/05-believe-the-lie/XFilesCcg-05BelieveTheLie-14thPrecinctHouseBuffaloNY.jpg	default	Site	05 - Believe the Lie	05 - Believe the Lie	playerNDeck	1 RP	Site|Multi|Motive|Result|Occult Investigation|Behavioral				Preservation Society	Born Again	XF23-0060x3v2
36b25a49-4d29-4bab-a002-9c1cc75f108f	A Scully Family Gathering	x-files-ccg/05-believe-the-lie/XFilesCcg-05BelieveTheLie-AScullyFamilyGathering.jpg	default	Event	05 - Believe the Lie	05 - Believe the Lie	playerNDeck	2 RP	Event	Play this card on a Team with Dana Scully to search through your Bureau Deck and add one of the following cards to your hand: "Margaret Scully", "Queequeg", "Melissa Scully", "Tara Scully", or "Father McCue". If you play the chosen card immediately, then you may do so for half cost (rounded up).			Preservation Society	Gethsemane	XF23-0131x3v2
324f8836-57ee-41c3-9894-f1b2e1e176fe	A Well-Placed Patsy	x-files-ccg/05-believe-the-lie/XFilesCcg-05BelieveTheLie-AWellPlacedPatsy.jpg	default	Event	05 - Believe the Lie	05 - Believe the Lie	playerNDeck	1 CP	Event|Government|Negate	Play this card when your opponent either uses a token or plays a card to negate your GOVERNMENT Adversary or Event. Discard one Witness card from your hand to negate the effect.			Preservation Society	Musings of a Cigarette-Smoking Man	XF23-0097x3v2
2eb657ba-3790-4e2d-bf60-bcd9b808214f	Abandoned Bus Terminal, Revere, MA	x-files-ccg/05-believe-the-lie/XFilesCcg-05BelieveTheLie-AbandonedBusTerminalRevereMA.jpg	default	Site	05 - Believe the Lie	05 - Believe the Lie	playerNDeck	2 RP	Site|Mono|Affiliation|Criminal Investigation				Preservation Society	Paper Hearts	XF23-0069x3v2
36154cd8-8a99-4c0a-b3fa-bc3f682d1bca	Advice From a Loser	x-files-ccg/05-believe-the-lie/XFilesCcg-05BelieveTheLie-AdviceFromALoser.jpg	default	Event	05 - Believe the Lie	05 - Believe the Lie	playerNDeck	5 RP	Event|Criminal Investigation|Negate|Question	Negate one EVOLUTIONARY Adversary. In addition, if the Team makes a CRIMINAL INVESTIGATION skill check 6+, they may ask either one MOTIVE or one METHOD question.			Preservation Society	Small Potatoes	XF23-0126x3v2
2447b6f1-7584-4740-981b-9354e39199f0	Agent Dana Scully	x-files-ccg/05-believe-the-lie/XFilesCcg-05BelieveTheLie-AgentDanaScully.jpg	default	Agent	05 - Believe the Lie	05 - Believe the Lie	playerNStarting	7 RP	Agent|FBI|Law|Skeptic		4		Preservation Society	The Field Where I Died	PR23-0002-SCU
25212cb3-c79a-4468-9acd-d93e8c1a0247	Agent Dana Scully	x-files-ccg/05-believe-the-lie/XFilesCcg-05BelieveTheLie-AgentDanaScully-2.jpg	default	Agent	05 - Believe the Lie	05 - Believe the Lie	playerNStarting	7 RP	Agent|FBI|Law|Skeptic		4		Preservation Society	Gethsemane	PR23-0007-FOIL
23eb3955-ac65-4465-af81-48cde1fd5856	Agent Fox Mulder	x-files-ccg/05-believe-the-lie/XFilesCcg-05BelieveTheLie-AgentFoxMulder.jpg	default	Agent	05 - Believe the Lie	05 - Believe the Lie	playerNStarting	7 RP	Agent|FBI|Law|Believer		5		Preservation Society	Home	PR23-0001-MUL
24debe21-3502-41d0-a85d-60809ad32dbd	Agent Fox Mulder	x-files-ccg/05-believe-the-lie/XFilesCcg-05BelieveTheLie-AgentFoxMulder-2.jpg	default	Agent	05 - Believe the Lie	05 - Believe the Lie	playerNStarting	7 RP	Agent|FBI|Law|Believer		5		Preservation Society	Memento Mori	PR23-0006-FOIL
25b12dc2-5ddf-4c63-ade8-e5b1a348b92b	Agent Hedin	x-files-ccg/05-believe-the-lie/XFilesCcg-05BelieveTheLie-AgentHedin.jpg	default	Agent	05 - Believe the Lie	05 - Believe the Lie	playerNStarting	3 RP	Agent|FBI|Law		3		Preservation Society	Gethsemane	XF23-0005x3v2
244df57f-1d60-42b6-9e04-7af641a7b720	Agent John Doggett	x-files-ccg/05-believe-the-lie/XFilesCcg-05BelieveTheLie-AgentJohnDoggett.jpg	default	Agent	05 - Believe the Lie	05 - Believe the Lie	playerNStarting	6 RP	Agent|FBI|Law|Skeptic		5		Preservation Society		PR23-0003-DOG
25a228d7-0c26-4a5c-8293-72fdeac32b2e	Agent Kautz	x-files-ccg/05-believe-the-lie/XFilesCcg-05BelieveTheLie-AgentKautz.jpg	default	Agent	05 - Believe the Lie	05 - Believe the Lie	playerNStarting	4 RP	Agent|FBI|Law|Neutral		4		Preservation Society	Zero Sum	XF23-0003x3v2
36ac72e9-963d-4894-bea5-dbd6814f4be8	Aggressive Recall Therapy	x-files-ccg/05-believe-the-lie/XFilesCcg-05BelieveTheLie-AggressiveRecallTherapy.jpg	default	Event	05 - Believe the Lie	05 - Believe the Lie	playerNDeck	2 RP	Event|Medical|Resource	Attach this card to one of your Agents to apply a -1 modifier to the Agent's HEALTH. While this Agent is in the Field, your opponent must randomly reveal one card in their hand, once per turn. When this Resource is discarded, the Agent's HEALTH is restored.			Preservation Society	Demons	XF23-0130x3v2
33c84219-073b-48ab-9734-7e51f0a9be95	Airlift	x-files-ccg/05-believe-the-lie/XFilesCcg-05BelieveTheLie-Airlift.jpg	default	Event	05 - Believe the Lie	05 - Believe the Lie	playerNDeck	2 RP	Event|Move|Alien Investigation	Play on a Team during the Deployment Phase. If the Team makes an ALIEN INVESTIGATION 5+ skill check, they may investigate two Sites in either the same state or neighboring states this turn.			Preservation Society	Terma	XF23-0106x3v2
314fd00b-1f40-43db-a2b6-d107cd7eb264	Alien Bounty Healer	x-files-ccg/05-believe-the-lie/XFilesCcg-05BelieveTheLie-AlienBountyHealer.jpg	default	Event	05 - Believe the Lie	05 - Believe the Lie	playerNDeck	4 RP	Event|Alien|Healing	Play on an Agent in the Hospital. The Agent heals up to three tokens of damage and any afflicting Keywords (i.e. CANCER, INSANITY) are removed.			Preservation Society	Herrenvolk	XF23-0087x3v2
3c1e301d-a843-4b5d-9f6c-0f6ba15b6bd8	Alien Death Grip	x-files-ccg/05-believe-the-lie/XFilesCcg-05BelieveTheLie-AlienDeathGrip.jpg	default	Combat	05 - Believe the Lie	05 - Believe the Lie	playerNDeck	2 CP	Combat|Alien	Play on any Adversary to add 1 to its CLOSE RANGE COMBAT skill check. In addition, if the Adversary is ALIEN, play on the chosen Agent in Combat to negate their combat skills this round.			Preservation Society	Herrenvolk	XF23-0172x3v2
2c83710b-560a-4bcd-bc98-ade89915c677	Angie Pintero	x-files-ccg/05-believe-the-lie/XFilesCcg-05BelieveTheLie-AngiePintero.jpg	default	Witness	05 - Believe the Lie	05 - Believe the Lie	playerNDeck	2 RP	Witness|Bureaucracy|Observation	Adds 1 to one Team's BUREAUCRACY or OBSERVATION skill check.			Preservation Society	Elegy	XF23-0055x3v2
30f0f3ac-2827-4de4-afa8-41ade865d787	Angie's Midnight Bowl, Washington, D.C.	x-files-ccg/05-believe-the-lie/XFilesCcg-05BelieveTheLie-AngiesMidnightBowlWashingtonDC.jpg	default	Site	05 - Believe the Lie	05 - Believe the Lie	playerNDeck	2 RP	Site|Mono|Affiliation|Observation				Preservation Society	Elegy	XF23-0081x3v2
3bb7f8b0-54cd-47c5-80d0-69de604ce4f5	Apollo 11 Keychain	x-files-ccg/05-believe-the-lie/XFilesCcg-05BelieveTheLie-Apollo11Keychain.jpg	default	Equipment	05 - Believe the Lie	05 - Believe the Lie	playerNDeck	3 RP	Equipment|Special	Adds 1 to the Agent's RES value. This card may be attached at zero cost if played after one of your Agents has been removed from the game. Each player may only have one of this card in their decks.			Preservation Society	Max	XF23-0168x3v2
2b5eb1d7-d7c1-481c-b0f2-a7522b73c56d	Ariel Weiss	x-files-ccg/05-believe-the-lie/XFilesCcg-05BelieveTheLie-ArielWeiss.jpg	default	Witness	05 - Believe the Lie	05 - Believe the Lie	playerNDeck	3 RP	Witness|Occult Investigation|Resource|Negate	Adds 1 to one Team's OCCULT INVESTIGATION skill check once per turn. Alternately, you may discard this card to negate the Adversary "The Golem Exacts Revenge".			Preservation Society	Kaddish	XF23-0047x3v2
35a34fdc-541f-4cec-931d-efe1012b49a5	Ariel's Wedding Ring	x-files-ccg/05-believe-the-lie/XFilesCcg-05BelieveTheLie-ArielsWeddingRing.jpg	default	Event	05 - Believe the Lie	05 - Believe the Lie	playerNDeck	2 RP	Event|Occult|Artifact|Mystic|Resource	Attach this card to a Witness RESOURCE. While in play, this card enables your Agents to attack OCCULT CREATURES otherwise unaffected by Combat attacks. This card remains in play until the attached Witness is discarded or removed from the game.			Preservation Society	Kaddish	XF23-0121x3v2
34bb45c2-1390-483a-842e-33ec639fbf4c	Aura Photography	x-files-ccg/05-believe-the-lie/XFilesCcg-05BelieveTheLie-AuraPhotography.jpg	default	Event	05 - Believe the Lie	05 - Believe the Lie	playerNDeck	1 RP	Event|Sciences|Evidence	If the Team makes a SCIENCES 4+ skill check, add five tokens to the [RP] Pool.			Preservation Society	Leonard Betts	XF23-0112x3v2
2d9450c3-33f8-444f-95a3-cb5081fd6c92	Bee Husbandry Farm, Alberta, Canada	x-files-ccg/05-believe-the-lie/XFilesCcg-05BelieveTheLie-BeeHusbandryFarmAlbertaCanada.jpg	default	Site	05 - Believe the Lie	05 - Believe the Lie	playerNDeck	1 RP	Site|Multi|Affiliation|Method|Alien Investigation|Sciences				Preservation Society	Herrenvolk	XF23-0061x3v2
2f54ed47-e91c-4a06-a9a6-712dbf9225b0	Ben Zion Cemetery, Brooklyn, NY	x-files-ccg/05-believe-the-lie/XFilesCcg-05BelieveTheLie-BenZionCemeteryBrooklynNY.jpg	default	Site	05 - Believe the Lie	05 - Believe the Lie	playerNDeck	2 RP	Site|Mono|Result|Occult Investigation				Preservation Society	Kaddish	XF23-0074x3v2
3abbb0f4-3ef7-48a4-9f1d-7af3c2b3fbc9	Biohazard Suit	x-files-ccg/05-believe-the-lie/XFilesCcg-05BelieveTheLie-BiohazardSuit.jpg	default	Equipment	05 - Believe the Lie	05 - Believe the Lie	playerNDeck	4 RP	Equipment|Standard	Agents equipped with a Biohazard Suit have access to the Field Office Crime Lab. Adds 2 to the Agent's SCIENCES skill.			Preservation Society	Tunguska	XF23-0162x3v2
326c0147-5480-4c72-8026-5d6909ff1264	Bitter Defeat	x-files-ccg/05-believe-the-lie/XFilesCcg-05BelieveTheLie-BitterDefeat.jpg	default	Event	05 - Believe the Lie	05 - Believe the Lie	playerNDeck	4 RP	Event|Resource	Place in your Field section with two tokens on this card. Remove a token to double the [CP] cost of any one Bluff played by your opponent. If your opponent is unable to pay the augmented cost, the Bluff is discarded. Discard this resource after both tokens are removed.			Preservation Society	Musings of a Cigarette-Smoking Man	XF23-0099x3v2
3c244b3a-8016-4096-b5d2-d6f1a4b6f0cd	Blindside	x-files-ccg/05-believe-the-lie/XFilesCcg-05BelieveTheLie-Blindside.jpg	default	Combat	05 - Believe the Lie	05 - Believe the Lie	playerNDeck	3 CP	Combat|Primordial	Play on any PRIMORDIAL Adversary to allow it to deal all of its damage in the round before its opponents. Any opponents sent to the Hospital as a result of this damage do not cause damage this round.			Preservation Society	Home	XF23-0173x3v2
374aca79-52f9-48b4-af1a-38419ca59053	Booby Trap	x-files-ccg/05-believe-the-lie/XFilesCcg-05BelieveTheLie-BoobyTrap.jpg	default	Bluff	05 - Believe the Lie	05 - Believe the Lie	playerNDeck	5 CP	Bluff|Primordial|Behavioral	Play on a Team of two or more Agents investigating a Keyword MONO Site to increase the Site Prerequisite to 5+. If the Team makes a BEHAVIORAL 4+ skill check, this card is negated. If they fail to make the Site skill check, one Agent (your choice) takes 3 points of damage and the increased Site Prerequisite remains in effect.			Preservation Society	Home	XF23-0137x3v2
35564aeb-8803-4688-b75f-fd9bc70599c1	Cancer Diagnosis	x-files-ccg/05-believe-the-lie/XFilesCcg-05BelieveTheLie-CancerDiagnosis.jpg	default	Event	05 - Believe the Lie	05 - Believe the Lie	playerNDeck	5 CP	Event|Government|Cancer|Resource	Play this card to add CANCER to an opposing Agent's Keywords. The Agent's HEALTH is reduced by 1 for each of your opponent's Debriefing Phases that the Agent doesn't spend in the Hospital. If the Agent's HEALTH is reduced to zero, they must remain in the Hospital until HEALTH is restored. This card is removed when a Healing card is played on the Agent.			Preservation Society	Memento Mori	XF23-0118x3v2
39075108-2749-461f-a972-248f71e57d2e	Cancerous Nosebleed	x-files-ccg/05-believe-the-lie/XFilesCcg-05BelieveTheLie-CancerousNosebleed.jpg	default	Bluff	05 - Believe the Lie	05 - Believe the Lie	playerNDeck	5 CP	Bluff|Government|Cancer|Resource	Play this card to add CANCER to an opposing Agent's Keywords. The Agent's HEALTH is reduced by one for each of the opponent's Debriefing Phases that the Agent spends outside of the Hospital. If the Agent's HEALTH is reduced to zero, they must remain in the Hospital until HEALTH is restored. This card is removed when a Healing card is played on the Agent.			Preservation Society	Leonard Betts	XF23-0149x3v2
31288c7b-c8e9-42d7-a4d1-b8654e7c9ccc	Carver's Accommodation	x-files-ccg/05-believe-the-lie/XFilesCcg-05BelieveTheLie-CarversAccommodation.jpg	default	Event	05 - Believe the Lie	05 - Believe the Lie	playerNDeck	3 RP	Event|Occult Investigation	Play on a Team in which one Agent has just been abducted or removed from the game. Search your Bureau Deck and draw one Keyword LAW Agent card and use it immediately at no cost. Reshuffle your Deck. Discard the Agent at the end of your turn.			Preservation Society	3	XF23-0084x3v2
30f9f988-9348-4bc4-bf61-b7408d3c85d6	Cassandra House, Chepachet, RI	x-files-ccg/05-believe-the-lie/XFilesCcg-05BelieveTheLie-CassandraHouseChepachetRI.jpg	default	Site	05 - Believe the Lie	05 - Believe the Lie	playerNDeck	1 RP	Site|Multi|Method|Result|Behavioral|Criminal|Investigation				Preservation Society	Demons	XF23-0082x3v2
357d3a9d-59db-43e9-8eff-328d42236b5a	Chemotherapy	x-files-ccg/05-believe-the-lie/XFilesCcg-05BelieveTheLie-Chemotherapy.jpg	default	Event	05 - Believe the Lie	05 - Believe the Lie	playerNDeck	2 RP	Event|Healing	Play this card on an Agent in the Hospital. The Agent heals one token of damage immediately. This card heals up to two tokens of damage if the Agent has the Keyword CANCER.			Preservation Society	Memento Mori	XF23-0119x3v2
3c0c3013-c335-4c35-a93c-e69dcf15b832	Chimera Man	x-files-ccg/05-believe-the-lie/XFilesCcg-05BelieveTheLie-ChimeraMan.jpg	default	Equipment	05 - Believe the Lie	05 - Believe the Lie	playerNDeck	4 RP	Equipment|Evidence|Alien|Artifact	Adds 1 to the Agent's ALIEN INVESTIGATION and EVIDENCE COLLECTION skills. While this card is in play any Keyword GOVERNMENT Adversary may ignore Activator requirements when attacking the Agent's Team.			Preservation Society	Gethsemane	XF23-0170x3v2
34d93011-c937-4d27-b808-0de9620b8efb	Chuck's Resources	x-files-ccg/05-believe-the-lie/XFilesCcg-05BelieveTheLie-ChucksResources.jpg	default	Event	05 - Believe the Lie	05 - Believe the Lie	playerNDeck	2 RP	Event|Sciences	Play this card any time after Dr. Charles Burks' game effect token has been removed. Place a new token on Burks' card. Remove this card from the game.			Preservation Society	Leonard Betts	XF23-0113x3v2
3c5eeabf-06c3-4bf3-8421-092d33f09814	Close-Quarters Battle	x-files-ccg/05-believe-the-lie/XFilesCcg-05BelieveTheLie-CloseQuartersBattle.jpg	default	Combat	05 - Believe the Lie	05 - Believe the Lie	playerNDeck	3 CP	Combat|Primordial|Evolutionary	Play on any PRIMORDIAL or EVOLUTIONARY Adversary during a round of CLOSE RANGE COMBAT. The round will be fought between the Adversary and one Agent of your choice. No other combatants may participate in this CRC round. This card is free if the target Agent has the Keyword CANCER.			Preservation Society	Leonard Betts	XF23-0175x3v2
3b0de0eb-398c-44a0-b999-e31d5894c8ec	Cloth Hearts	x-files-ccg/05-believe-the-lie/XFilesCcg-05BelieveTheLie-ClothHearts.jpg	default	Equipment	05 - Believe the Lie	05 - Believe the Lie	playerNDeck	4 RP	Equipment|Evidence	Place 2 tokens on this card. Remove a token to take any one Witness from your Discard Pile that modifies a skill check and use it immediately for zero cost. Discard this card when both tokens have been removed.			Preservation Society	Paper Hearts	XF23-0164x3v2
3bf87d4a-0d2c-4e88-b610-8be007ee3b71	Composite Sketch	x-files-ccg/05-believe-the-lie/XFilesCcg-05BelieveTheLie-CompositeSketch.jpg	default	Equipment	05 - Believe the Lie	05 - Believe the Lie	playerNDeck	4 RP	Equipment|Evidence	Adds 1 to the Agent's CRIMINAL INVESTIGATION and EVIDENCE COLLECTION skills.			Preservation Society	Synchrony	XF23-0169x3v2
2aaaf8b1-fd73-4445-9011-840f68096e34	Conrad Lozano	x-files-ccg/05-believe-the-lie/XFilesCcg-05BelieveTheLie-ConradLozano.jpg	default	Witness	05 - Believe the Lie	05 - Believe the Lie	playerNDeck	3 RP	Witness|Subterfuge|Criminal Investigation	Adds 2 to one Team's SUBTERFUGE or 1 to one Team's CRIMINAL INVESTIGATION skill check. If your opponent plays a PHENOMENA CREATURE Adversary while this card is in play, Lozano is negated and removed from the game.			Preservation Society	El Mundo Gira	XF23-0044x3v2
29410e66-f9ca-4060-b1cb-d1a4842b7716	Coroner Glenna	x-files-ccg/05-believe-the-lie/XFilesCcg-05BelieveTheLie-CoronerGlenna.jpg	default	Witness	05 - Believe the Lie	05 - Believe the Lie	playerNDeck	3 RP	Witness|Medical|Resource	Place three tokens on this card. Discard a token to add 2 to one Team's MEDICAL skill check. You may discard a token once per turn. Discard this Resource when all tokens have been removed.			Preservation Society	The Jersey Devil	XF23-0029x3v2
32dfc051-36de-4309-a8ca-437d8c72a160	Cover Credentials	x-files-ccg/05-believe-the-lie/XFilesCcg-05BelieveTheLie-CoverCredentials.jpg	default	Event	05 - Believe the Lie	05 - Believe the Lie	playerNDeck	5 RP	Event|Subterfuge|Resource	Prior to the Requisition Phase, play this card on a Team of two Agents. This Team may use the [CP] Pool to pay for Equipment and a Site in their respective phases. In addition, your opponent cannot play Bluffs on this Site nor attack the Team with GOVERNMENT Adversaries. Discard this card at the end of your turn.			Preservation Society	Tunguska	XF23-0101x3v2
36a0c328-f3f9-4f21-af7e-4501b317b773	Crisis Counseling	x-files-ccg/05-believe-the-lie/XFilesCcg-05BelieveTheLie-CrisisCounseling.jpg	default	Event	05 - Believe the Lie	05 - Believe the Lie	playerNDeck	1 RP	Event|Resource|Healing	Play this card on an Agent when they are in the Bureau with Agent Karen Kosseff. At the start of your next turn, you may discard this resource to either heal one token of damage or remove any one afflicted Keyword (i.e. CANCER, INSANITY) from the Agent.			Preservation Society	Elegy	XF23-0129x3v2
290ff9af-3979-4f2d-bc18-2a85096c71c6	Darlene Morris	x-files-ccg/05-believe-the-lie/XFilesCcg-05BelieveTheLie-DarleneMorris.jpg	default	Witness	05 - Believe the Lie	05 - Believe the Lie	playerNDeck	3 RP	Witness|Alien Investigation|Resource	Place three tokens on this card. Discard a token to add 2 to one Team's ALIEN INVESTIGATION skill check. You may discard a token once per turn. Discard this Resource when all tokens have been removed.			Preservation Society	Conduit	XF23-0027x3v2
3b84634b-4cc7-4e32-ae32-762d3a78516a	Defibrillator	x-files-ccg/05-believe-the-lie/XFilesCcg-05BelieveTheLie-Defibrillator.jpg	default	Equipment	05 - Believe the Lie	05 - Believe the Lie	playerNDeck	4 RP	Equipment|Electrical|Healing	Attach this card to any Agent with a MEDICAL skill of 1+ and place two tokens on the card. Remove a token to either heal one point of damage or to negate any one EVOLUTIONARY Adversary. Discard the Defibrillator when all tokens have been removed.			Preservation Society	Leonard Betts	XF23-0166x3v2
2bcdf634-79dc-4a69-9f9c-dbb336fd738d	Denny Markham	x-files-ccg/05-believe-the-lie/XFilesCcg-05BelieveTheLie-DennyMarkham.jpg	default	Witness	05 - Believe the Lie	05 - Believe the Lie	playerNDeck	2 RP	Witness|Subterfuge|Resource	Attach this Witness to any one Keyword INDEPENDENT Agent. Adds 1 to the Agent's SUBTERFUGE skill once per turn. Discard this card when the Agent's HEALTH is reduced to zero.			Preservation Society	Unrequited	XF23-0049x3v2
295e8a6e-7e43-43b0-8fe6-09ca132e1bd1	Denny Murphy, Geologist	x-files-ccg/05-believe-the-lie/XFilesCcg-05BelieveTheLie-DennyMurphyGeologist.jpg	default	Witness	05 - Believe the Lie	05 - Believe the Lie	playerNDeck	3 RP	Witness|Sciences|Alien Investigation	Adds 2 to one Team's SCIENCES or adds 1 to one Team's ALIEN INVESTIGATION skill check. If your opponent plays an ALIEN Adversary while this card is in play, Murphy is negated and removed from the game.			Preservation Society	Ice	XF23-0030x3v2
253d64aa-53d1-4e38-9730-207df2ae68c6	Deputy Barney Paster	x-files-ccg/05-believe-the-lie/XFilesCcg-05BelieveTheLie-DeputyBarneyPaster.jpg	default	Agent	05 - Believe the Lie	05 - Believe the Lie	playerNStarting	4 RP	Agent|Independent|Law|Neutral		4		Preservation Society	Home	XF23-0001x3v2
29951f08-82f4-401c-8f4c-28045d2b4333	Deputy Dennis Tyson	x-files-ccg/05-believe-the-lie/XFilesCcg-05BelieveTheLie-DeputyDennisTyson.jpg	default	Witness	05 - Believe the Lie	05 - Believe the Lie	playerNDeck	2 RP	Witness|Criminal Investigation|Occult Investigation|Negate	Adds 1 to one Team's CRIMINAL INVESTIGATION or OCCULT INVESTIGATION skill check, or play this card to negate "Sheriff Daniels".			Preservation Society	Miracle Man	XF23-0032x3v2
3533f32d-a2cd-4fd7-b015-8a9f07f89ed5	Desk Jockey	x-files-ccg/05-believe-the-lie/XFilesCcg-05BelieveTheLie-DeskJockey.jpg	default	Event	05 - Believe the Lie	05 - Believe the Lie	playerNDeck	5 CP	Event|Government|Resource	Play on an opposing Agent in the Bureau. The Agent may not leave the Bureau or add their skills to a skill check until a Team has successfully investigated a Site with Keywords CRIMINAL INVESTIGATION or OCCULT INVESTIGATION.			Preservation Society	Never Again	XF23-0117x3v2
25ad71a4-b770-4269-b92d-b30668a0eac8	Detective Hudak	x-files-ccg/05-believe-the-lie/XFilesCcg-05BelieveTheLie-DetectiveHudak.jpg	default	Agent	05 - Believe the Lie	05 - Believe the Lie	playerNStarting	3 RP	Agent|Independent|Law|Skeptic		3		Preservation Society	Elegy	XF23-0004x3v2
3a0af94a-0bf8-45c5-b4e5-2ddaf29c3856	Detective Joe Curtis	x-files-ccg/05-believe-the-lie/XFilesCcg-05BelieveTheLie-DetectiveJoeCurtis.jpg	default	Bluff	05 - Believe the Lie	05 - Believe the Lie	playerNDeck	5 CP	Bluff|Criminal|Criminal Investigation|Resource	Force your opponent to discard one Witness from their hand. If your opponent has no Witnesses in their hand, this card has no effect. If your opponent has a Witness to discard, attach Detective Curtis to one Investigating Agent (your choice). The Agent is arrested and removed from play until the remaining Agents make a CRIMINAL INVESTIGATION 4+ skill check.			Preservation Society	Demons	XF23-0158x3v2
25c07f57-3529-4b42-888e-40f13bf5b707	Detective John Munch	x-files-ccg/05-believe-the-lie/XFilesCcg-05BelieveTheLie-DetectiveJohnMunch.jpg	default	Agent	05 - Believe the Lie	05 - Believe the Lie	playerNStarting	6 RP	Agent|Independent|Law		4		Preservation Society	Unusual Suspects	XF23-0006x3v2
2ce9f340-5f67-4ae5-a85d-053452cea1f3	Dr. Arlinsky	x-files-ccg/05-believe-the-lie/XFilesCcg-05BelieveTheLie-DrArlinsky.jpg	default	Witness	05 - Believe the Lie	05 - Believe the Lie	playerNDeck	2 RP	Witness|Sciences|Resource	Adds 1 to one Team's SCIENCES skill check once per turn. If your opponent plays a GOVERNMENT Adversary while this card is in play, Arlinsky is negated and removed from the game.			Preservation Society	Gethsemane	XF23-0058x3v2
267ce1a2-fd3b-4dc8-aae5-ca1537da442a	Dr. Jack Franklin	x-files-ccg/05-believe-the-lie/XFilesCcg-05BelieveTheLie-DrJackFranklin.jpg	default	Adversary	05 - Believe the Lie	05 - Believe the Lie	playerNDeck	8 CP	Adversary|Occult|Creature|Phenomena	If this Adversary is played on a Witness that contributes to a MEDICAL skill check, the Witness is removed from the game. The LONG RANGE COMBAT round is skipped for the opposing Team but not for Dr. Jack Franklin. Agents must use their MEDICAL skill as their value in CLOSE RANGE COMBAT. If an Agent has no MEDICAL skill, their value is 1.	5		Preservation Society	Sanguinarium	XF23-0010x3v2
2a9da566-e500-4ebc-803c-894918d0fef3	Dr. Larry Steen	x-files-ccg/05-believe-the-lie/XFilesCcg-05BelieveTheLie-DrLarrySteen.jpg	default	Witness	05 - Believe the Lie	05 - Believe the Lie	playerNDeck	4 RP	Witness|Sciences|Computer|Healing	Adds 3 to one Team's SCIENCES or adds 2 to one Team's COMPUTER skill check, or play this card to heal any one Agent damaged by the effects of "El Chupacabra".			Preservation Society	El Mundo Gira	XF23-0043x3v2
2c323120-f503-4a58-9784-42ee5ed39136	Dr. Lisa Ianelli	x-files-ccg/05-believe-the-lie/XFilesCcg-05BelieveTheLie-DrLisaIanelli.jpg	default	Witness	05 - Believe the Lie	05 - Believe the Lie	playerNDeck	2 RP	Witness|Computer|Resource	Adds 1 to one Team's COMPUTER skill check once per turn.			Preservation Society	Synchrony	XF23-0052x3v2
2a9c6b65-42b7-4f04-9ea6-e4253dfd4e93	Dr. Shannon	x-files-ccg/05-believe-the-lie/XFilesCcg-05BelieveTheLie-DrShannon.jpg	default	Witness	05 - Believe the Lie	05 - Believe the Lie	playerNDeck	3 RP	Witness|Medical|Computer	Adds 2 to one Team's MEDICAL or adds 1 to one Team's COMPUTER skill check.			Preservation Society	Sanguinarium	XF23-0042x3v2
2ceaed6e-34ad-479c-b1fc-b331cdcabe6f	Dr. Vitagliano	x-files-ccg/05-believe-the-lie/XFilesCcg-05BelieveTheLie-DrVitagliano.jpg	default	Witness	05 - Believe the Lie	05 - Believe the Lie	playerNDeck	3 RP	Witness|Sciences|Resource	Place three tokens on this card. Discard a token to add 2 to one Team's SCIENCES skill check. You may discard a token once per turn. Discard this Resource when all tokens have been Resource.			Preservation Society	Gethsemane	XF23-0059x3v2
334601cb-0c81-4b32-968e-7585d9739c73	Early Parole	x-files-ccg/05-believe-the-lie/XFilesCcg-05BelieveTheLie-EarlyParole.jpg	default	Event	05 - Believe the Lie	05 - Believe the Lie	playerNDeck	1 RP	Event|Alien Investigation	Play on an Agent in the section of the table designated The Gulag to immediately remove one token of imprisonment.			Preservation Society	Tunguska	XF23-0102x3v2
2790b1ed-0b28-4922-a2db-8eed334be72d	Ed Jerse and His Talking Tattoo	x-files-ccg/05-believe-the-lie/XFilesCcg-05BelieveTheLie-EdJerseAndHisTalkingTattoo.jpg	default	Adversary	05 - Believe the Lie	05 - Believe the Lie	playerNDeck	4 CP	Adversary|Primordial|Pawn|Insanity	The LONG RANGE COMBAT round is skipped. Any Agent wounded by this Adversary is afflicted with the Keyword INSANITY. This effect remains in place until all damage tokens are removed.	5		Preservation Society	Never Again	XF23-0017x3v2
2760b72b-bb16-4136-8078-84b42f1579f2	El Chupacabra	x-files-ccg/05-believe-the-lie/XFilesCcg-05BelieveTheLie-ElChupacabra.jpg	default	Adversary	05 - Believe the Lie	05 - Believe the Lie	playerNDeck	4 CP	Adversary|Alien|Phenomena|Creature|Killer	Place five tokens on any Agent damaged by El Chupacabra's attack. Discard a token in each of the afflicted Agent's Briefing Phases. When the last token is removed, the Agent is removed from the game. This effect can only be negated by the remaining Team making a SCIENCES 3+ skill check or by playing a HEALING card prior to the Agent being removed.	4		Preservation Society	El Mundo Gira	XF23-0015x3v2
38f7b06f-d975-4f54-b7bb-76ad8ff5c15a	Elaine Tanner	x-files-ccg/05-believe-the-lie/XFilesCcg-05BelieveTheLie-ElaineTanner.jpg	default	Bluff	05 - Believe the Lie	05 - Believe the Lie	playerNDeck	4 CP	Bluff|Evolutionary|Primordial	Play this card to increase the applicable HEALTH of any Keyword EVOLUTIONARY or PRIMORDIAL Adversaries played at this Site by 2.			Preservation Society	Leonard Betts	XF23-0148x3v2
319c3f91-bf23-4a77-ab8d-61333d83a325	Encore	x-files-ccg/05-believe-the-lie/XFilesCcg-05BelieveTheLie-Encore.jpg	default	Event	05 - Believe the Lie	05 - Believe the Lie	playerNDeck	5 CP	Event|Occult|Phenomena	Play this card immediately after discarding an OCCULT Adversary as a result of either Combat or a Negate effect. The Adversary is returned to the Field at no cost and may attack the Team again.			Preservation Society	The Field Where I Died	XF23-0092x3v2
3b2d9968-4ad2-4ee6-92c4-1c633d3c2e49	Epoxy Vat	x-files-ccg/05-believe-the-lie/XFilesCcg-05BelieveTheLie-EpoxyVat.jpg	default	Equipment	05 - Believe the Lie	05 - Believe the Lie	playerNDeck	4 RP	Equipment|Mechanical|Special	Agents equipped with an Epoxy Vat have access to the Field Office Crime Lab. Adds 1 to the Agent's MEDICAL and SCIENCES skills.			Preservation Society	Leonard Betts	XF23-0165x3v2
3745c52f-3bd8-4f33-a35c-3e5b490ef326	Everything Dies	x-files-ccg/05-believe-the-lie/XFilesCcg-05BelieveTheLie-EverythingDies.jpg	default	Bluff	05 - Believe the Lie	05 - Believe the Lie	playerNDeck	5 CP	Bluff|Alien|Phenomena	Play this card to prevent any Adversaries that initiate combat from being negated at this Site. Combat must take place and is resolved normally.			Preservation Society	Herrenvolk	XF23-0136x3v2
3514e917-c66b-4520-a841-598734fad8ab	Exhumation	x-files-ccg/05-believe-the-lie/XFilesCcg-05BelieveTheLie-Exhumation.jpg	default	Event	05 - Believe the Lie	05 - Believe the Lie	playerNDeck	2 CP	Event	Select one Adversary card from your Discard Pile and add it to your hand.			Preservation Society	Leonard Betts	XF23-0115x3v2
3350daa7-8749-46e1-a382-f8e8616e0fb8	Extended Sentence	x-files-ccg/05-believe-the-lie/XFilesCcg-05BelieveTheLie-ExtendedSentence.jpg	default	Event	05 - Believe the Lie	05 - Believe the Lie	playerNDeck	2 CP	Event|Alien	Play on an Agent in the section of the table designated The Gulag. Place an additional token of imprisonment on the Agent. The Agent must remain in The Gulag until all tokens are removed.			Preservation Society	Tunguska	XF23-0103x3v2
36d1bc74-c1c4-4c7c-a0d5-f1d88a261cfd	Father McCue	x-files-ccg/05-believe-the-lie/XFilesCcg-05BelieveTheLie-FatherMcCue.jpg	default	Event	05 - Believe the Lie	05 - Believe the Lie	playerNDeck	2 RP	Event|Healing|Mystic	Play on any one Agent in the Field or Hospital. An Agent with the Keyword BELIEVER immediately heals two tokens of damage. All other Agents immediately heal one token of damage. If played on either Scully or Mulder, treat Scully as a Keyword BELIEVER and treat Mulder as a Keyword SKEPTIC.			Preservation Society	Gethsemane	XF23-0132x3v2
2f910a8d-1a5f-4849-86ca-68ae57979f55	Flight 549 Crash Site, Upstate New York	x-files-ccg/05-believe-the-lie/XFilesCcg-05BelieveTheLie-Flight549CrashSiteUpstateNewYork.jpg	default	Site	05 - Believe the Lie	05 - Believe the Lie	playerNDeck	1 RP	Site|Multi|Motive|Result|Bureaucracy|Evidence Collection				Preservation Society	Tempus Fugit	XF23-0076x3v2
340ca69b-cafd-4673-b35d-c67ad9f6a4ae	Forensic Excavation	x-files-ccg/05-believe-the-lie/XFilesCcg-05BelieveTheLie-ForensicExcavation.jpg	default	Event	05 - Believe the Lie	05 - Believe the Lie	playerNDeck	3 RP	Event|Sciences	Take any two Keyword EVIDENCE or WITNESS cards from your discard pile. Add one card to your hand and play the other card immediately at no cost.			Preservation Society	Paper Hearts	XF23-0108x3v2
264369a1-327b-41e8-a80b-17fbacd08923	Gerry Schnauz Senses Your Unrest	x-files-ccg/05-believe-the-lie/XFilesCcg-05BelieveTheLie-GerrySchnauzSensesYourUnrest.jpg	default	Adversary	05 - Believe the Lie	05 - Believe the Lie	playerNDeck	4 CP	Adversary|Primordial|Abduction|Killer	This card does not initiate Combat. Select one opposing Agent for abduction. Place this card on top of the Agent along with five tokens. Remove a token in each of the Agent's Briefing Phases. When the last token is discarded, the Agent is removed from the game. This effect can only be negated by the remaining Agents making an EVIDENCE COLLECTION 4+ skill check prior to the Agent being removed.	N/A		Preservation Society	Unruhe	XF23-0009x3v2
2de5225f-b089-4e25-a49e-6db623c8a7df	Gerry Schnauz's RV, Traverse City, MI	x-files-ccg/05-believe-the-lie/XFilesCcg-05BelieveTheLie-GerrySchnauzsRVTraverseCityMI.jpg	default	Site	05 - Believe the Lie	05 - Believe the Lie	playerNDeck	2 RP	Site|Mono|Result|Criminal Investigation				Preservation Society	Unruhe	XF23-0064x3v2
369649ff-eba2-473a-b9d1-7294ebbd5696	Ghostly Visitations	x-files-ccg/05-believe-the-lie/XFilesCcg-05BelieveTheLie-GhostlyVisitations.jpg	default	Event	05 - Believe the Lie	05 - Believe the Lie	playerNDeck	3 RP	Event|Mystic|Occult Investigation|Resource	Attach this card to one of your Agents. While this card is in play, your opponent must play with all Keyword OCCULT cards in their hand face-up on the table. This card is free if played on an Agent with the Keyword CANCER. Discard this card if your Agent's HEALTH is reduced to zero.			Preservation Society	Elegy	XF23-0128x3v2
3a240451-e70f-4316-b12d-db6287b6ea00	Goldstein's Complicity	x-files-ccg/05-believe-the-lie/XFilesCcg-05BelieveTheLie-GoldsteinsComplicity.jpg	default	Bluff	05 - Believe the Lie	05 - Believe the Lie	playerNDeck	2 CP	Bluff|Criminal|Criminal Investigation	Play this card to change the Site Prerequisite from MEDICAL to CRIMINAL INVESTIGATION. If your opponent fails this Site skill check, add 5 [CP] to your pool.			Preservation Society	Demons	XF23-0159x3v2
38eccb96-3a48-4e99-9bdb-d6f57a2657db	Grainy Footage	x-files-ccg/05-believe-the-lie/XFilesCcg-05BelieveTheLie-GrainyFootage.jpg	default	Bluff	05 - Believe the Lie	05 - Believe the Lie	playerNDeck	1 CP	Bluff|Evolutionary|Phenomena	Once this card is played, the opposing Team may not use or apply skill values from any Keyword ELECTRICAL Equipment while investigating this Site.			Preservation Society	Leonard Betts	XF23-0147x3v2
2e841f68-fcb8-442a-849e-4839a56b4aa3	Greenwood Memorial Hospital, Chicago, IL	x-files-ccg/05-believe-the-lie/XFilesCcg-05BelieveTheLie-GreenwoodMemorialHospitalChicagoIL.jpg	default	Site	05 - Believe the Lie	05 - Believe the Lie	playerNDeck	1 RP	Site|Multi|Affiliation|Method|Medical|Occult Investigation				Preservation Society	Sanguinarium	XF23-0066x3v2
26cc34bd-aec4-4ef5-9fdb-bb0636adacb5	Gulag Commandant	x-files-ccg/05-believe-the-lie/XFilesCcg-05BelieveTheLie-GulagCommandant.jpg	default	Adversary	05 - Believe the Lie	05 - Believe the Lie	playerNDeck	3 CP	Adversary|Government|Creature	Play in conjunction with any GOVERNMENT Adversary. If an Agent's HEALTH is reduced to zero, place the Agent in a section of the table designated The Gulag and discard any Equipment. The Agent remains imprisoned for three full turns or until a Keyword ESCAPE card is played on them. Place three tokens on the Agent and remove one during each of the Agent's Briefing Phases. When the last token is removed, move the Agent to the Bureau (undamaged).	N/A		Preservation Society	Tunguska	XF23-0012x3v2
380b5628-29b8-47ce-a96c-ec7ee8a017fd	Gulag-Bird	x-files-ccg/05-believe-the-lie/XFilesCcg-05BelieveTheLie-GulagBird.jpg	default	Bluff	05 - Believe the Lie	05 - Believe the Lie	playerNDeck	6 CP	Bluff|Abduction	Place this card beneath an Agent to move them to a section of the table designated The Gulag. Place three tokens on the Agent (two tokens if played on Alex Krycek). Remove one token during each of your opponent's Debriefing Phases. While in play, the Agent may not move or contribute to any skill checks. All Equipment attached to the imprisoned Agent is discarded immediately. Discard this card when the last token is removed and move the Agent to the Bureau.			Preservation Society	Terma	XF23-0143x3v2
35c72e8b-745e-4aa0-8f2e-2194d5e8602b	Happy Birthday	x-files-ccg/05-believe-the-lie/XFilesCcg-05BelieveTheLie-HappyBirthday.jpg	default	Event	05 - Believe the Lie	05 - Believe the Lie	playerNDeck	0 RP	Event	Play on one Agent during the Briefing Phase to double the Agent's RES for one turn. In addition, you may requisition one Equipment card to the Agent at no cost. Each player may only have one of this card in their decks.			Preservation Society	Tempus Fugit	XF23-0123x3v2
2cd8373c-6eb2-4bda-8430-9b380cd0c82f	Harold Spuller	x-files-ccg/05-believe-the-lie/XFilesCcg-05BelieveTheLie-HaroldSpuller.jpg	default	Witness	05 - Believe the Lie	05 - Believe the Lie	playerNDeck	2 RP	Witness|Occult|Resource	Place three tokens on this card. Remove a token and pick a number between 0 and 12. Your opponent must show you all cards in their hand that cost the same as the chosen number. Discard this card when all tokens have been removed.			Preservation Society	Elegy	XF23-0057x3v2
3ba4054f-c7ed-46f6-83cb-b3a2fc906769	Hospital Gown	x-files-ccg/05-believe-the-lie/XFilesCcg-05BelieveTheLie-HospitalGown.jpg	default	Equipment	05 - Believe the Lie	05 - Believe the Lie	playerNDeck	3 RP	Equipment|Healing|Standard	Attach this card to an Agent in the Hospital and place two tokens on it. Discard a token to either heal one point of damage or to remove a game effect token from the Agent. Discard the Hospital Gown when all tokens have been removed.			Preservation Society	Memento Mori	XF23-0167x3v2
303ef13e-d2e7-46e8-8782-159c3375954d	Hotel James Monroe, Boston, MA	x-files-ccg/05-believe-the-lie/XFilesCcg-05BelieveTheLie-HotelJamesMonroeBostonMA.jpg	default	Site	05 - Believe the Lie	05 - Believe the Lie	playerNDeck	2 RP	Site|Mono|Method|Computer				Preservation Society	Synchrony	XF23-0078x3v2
37ec06e6-8a1d-47b4-8b9d-992c7d1a7f39	In the Crosshairs	x-files-ccg/05-believe-the-lie/XFilesCcg-05BelieveTheLie-InTheCrosshairs.jpg	default	Bluff	05 - Believe the Lie	05 - Believe the Lie	playerNDeck	3 CP	Bluff|Government	Flip a coin in the air. If the coin lands on heads, your opponent must discard the following cards from their hand: "No One So Paranoid", "The Lone Gunmen", "Langly", "Frohike", "Byers", and "Call On Us More Often". The listed cards may not be used to negate this card.			Preservation Society	Musings of a Cigarette-Smoking Man	XF23-0140x3v2
35280513-7f58-4bed-ba38-f15ee76bd9cc	Insanity on Rye	x-files-ccg/05-believe-the-lie/XFilesCcg-05BelieveTheLie-InsanityOnRye.jpg	default	Event	05 - Believe the Lie	05 - Believe the Lie	playerNDeck	1 CP	Event|Insanity|Phenomena|Resource	Place this card on an opposing Agent in the Field to change one Keyword LAW or INDEPENDENT to INSANITY. This card is removed when a Healing card is played on the afflicted Agent.			Preservation Society	Never Again	XF23-0116x3v2
2a4b8270-0d6b-4f93-a4a8-bfd78a20266d	Inspector Puett	x-files-ccg/05-believe-the-lie/XFilesCcg-05BelieveTheLie-InspectorPuett.jpg	default	Witness	05 - Believe the Lie	05 - Believe the Lie	playerNDeck	2 RP	Witness|Criminal Investigation|Evidence Collection	Adds 1 to one Team's CRIMINAL INVESTIGATION or EVIDENCE COLLECTION skill check, or play this card to force your opponent to randomly shuffle one card from their hand back into their Bureau Deck.			Preservation Society	Unruhe	XF23-0039x3v2
336bd34a-f4a6-42cd-b59b-c4e8108444d2	Jailbreak	x-files-ccg/05-believe-the-lie/XFilesCcg-05BelieveTheLie-Jailbreak.jpg	default	Event	05 - Believe the Lie	05 - Believe the Lie	playerNDeck	2 RP	Event|Escape|Move	Play on an Agent in the section of the table designated The Gulag. The imprisoned Agent is immediately moved to the Bureau (undamaged).			Preservation Society	Terma	XF23-0104x3v2
37418149-3c84-45d9-9316-a08918bbe690	Jason Ludwig	x-files-ccg/05-believe-the-lie/XFilesCcg-05BelieveTheLie-JasonLudwig.jpg	default	Bluff	05 - Believe the Lie	05 - Believe the Lie	playerNDeck	3 CP	Bluff|Primordial|Behavioral	Play to change a Site Prerequisite to BEHAVIORAL 3+.			Preservation Society	Firewalker	XF23-0135x3v2
37f079bd-5689-4f5e-8caa-2f125e90487c	Keep Your Distance	x-files-ccg/05-believe-the-lie/XFilesCcg-05BelieveTheLie-KeepYourDistance.jpg	default	Bluff	05 - Believe the Lie	05 - Believe the Lie	playerNDeck	3 CP	Bluff|Government|Observation	Unless this card is negated, your opponent may not negate any cards that would send an Agent to The Gulag section of the table (or cards affecting Agents in The Gulag) while this Site is being investigated.			Preservation Society	Tunguska	XF23-0141x3v2
2bbec90b-64da-43d1-b2c1-72348ce8a045	Kenneth Ungar	x-files-ccg/05-believe-the-lie/XFilesCcg-05BelieveTheLie-KennethUngar.jpg	default	Witness	05 - Believe the Lie	05 - Believe the Lie	playerNDeck	3 RP	Witness|Occult Investigation|Resource	Place three tokens on this card. Discard a token to add 2 to one Team's OCCULT INVESTIGATION skill check. You may discard a token once per turn. Discard this Resource when all tokens have been removed.			Preservation Society	Kaddish	XF23-0048x3v2
2b078422-f6f3-4baa-85e2-2455b52b4b37	Kurt Crawford	x-files-ccg/05-believe-the-lie/XFilesCcg-05BelieveTheLie-KurtCrawford.jpg	default	Witness	05 - Believe the Lie	05 - Believe the Lie	playerNDeck	2 RP	Witness|Healing	Play this card to remove the Keyword CANCER from an afflicted Agent. You may have up to five Kurt Crawford cards in your deck.			Preservation Society	Memento Mori	XF23-0046x3v2
3a0198f1-384f-4c89-8103-254904223ecc	Legal Representation	x-files-ccg/05-believe-the-lie/XFilesCcg-05BelieveTheLie-LegalRepresentation.jpg	default	Bluff	05 - Believe the Lie	05 - Believe the Lie	playerNDeck	2 CP	Bluff|Criminal|Criminal Investigation	Play this card to increase the cost of all Witnesses played at this Site by 2 [RP].			Preservation Society	Elegy	XF23-0157x3v2
2776a89b-ec68-4aab-9cf8-64b7bdc98bd9	Leonard Betts	x-files-ccg/05-believe-the-lie/XFilesCcg-05BelieveTheLie-LeonardBetts.jpg	default	Adversary	05 - Believe the Lie	05 - Believe the Lie	playerNDeck	7 CP	Adversary|Evolutionary|Creature	This card is free if played on a Keyword CANCER card and Activator requirements are ignored. Leonard Betts regenerates 1 point of HEALTH for each Witness discarded from your hand.	5		Preservation Society	Leonard Betts	XF23-0016x3v2
2dd783bc-7fe5-428f-b3bd-e4f8f497834b	Liberty Plaza, Philadelphia, PA	x-files-ccg/05-believe-the-lie/XFilesCcg-05BelieveTheLie-LibertyPlazaPhiladelphiaPA.jpg	default	Site	05 - Believe the Lie	05 - Believe the Lie	playerNDeck	2 RP	Site|Mono|Method|Sciences				Preservation Society	Teliko	XF23-0063x3v2
2f533119-2199-4c94-9e93-019d93ec33ee	Lombard Research Facility, Allentown, PA	x-files-ccg/05-believe-the-lie/XFilesCcg-05BelieveTheLie-LombardResearchFacilityAllentownPA.jpg	default	Site	05 - Believe the Lie	05 - Believe the Lie	playerNDeck	2 RP	Site|Mono|Method|Medical				Preservation Society	Memento Mori	XF23-0073x3v2
29b23b75-545c-4bbf-a3f5-026de1084337	Lt. Terry Wilmer	x-files-ccg/05-believe-the-lie/XFilesCcg-05BelieveTheLie-LtTerryWilmer.jpg	default	Witness	05 - Believe the Lie	05 - Believe the Lie	playerNDeck	4 RP	Witness|Alien Investigation|Resource	Adds 1 to one Team's ALIEN INVESTIGATION skill check once during your turn. While in play, you may Discard this Resource during your opponent's turn to play the "Alien Bounty Hunter" at no cost, Activator requirements permitting.			Preservation Society	End Game	XF23-0033x3v2
35ae20b6-4e41-4220-a65f-4d738d25bac5	Maintain Deniability	x-files-ccg/05-believe-the-lie/XFilesCcg-05BelieveTheLie-MaintainDeniability.jpg	default	Event	05 - Believe the Lie	05 - Believe the Lie	playerNDeck	2 RP	Event|Bureaucracy	For the remainder of this turn, your opponent may only play Keyword GOVERNMENT cards.			Preservation Society	Unrequited	XF23-0122x3v2
326171dd-0771-4585-8760-e2b2fd09cf42	Make History	x-files-ccg/05-believe-the-lie/XFilesCcg-05BelieveTheLie-MakeHistory.jpg	default	Event	05 - Believe the Lie	05 - Believe the Lie	playerNDeck	5 *P	Event|Negate|Alien|Alien Investigation	Negate any one Keyword ALIEN or Keyword ALIEN INVESTIGATION card.			Preservation Society	Musings of a Cigarette-Smoking Man	XF23-0098x3v2
2a25fc46-eaa4-44c6-ab07-b9523f911039	Marcus Duff, INS	x-files-ccg/05-believe-the-lie/XFilesCcg-05BelieveTheLie-MarcusDuffINS.jpg	default	Witness	05 - Believe the Lie	05 - Believe the Lie	playerNDeck	3 RP	Witness|Bureaucracy|Computer	Adds 2 to onr Team's BUREAUCRACY or adds 1 to one Team's COMPUTER skill check, or play this card to return "Samuel Aboah" to the bottom of the owning player's Bureau Deck.			Preservation Society	Teliko	XF23-0037x3v2
24708152-6dd0-41cb-98a3-c53a1619ad6b	Marita Covarrubias, UN Representative	x-files-ccg/05-believe-the-lie/XFilesCcg-05BelieveTheLie-MaritaCovarrubiasUNRepresentative.jpg	default	Agent	05 - Believe the Lie	05 - Believe the Lie	playerNStarting	4 RP	Agent|Independent|Neutral|Believer		4		Preservation Society	Zero Sum	PR23-0004-COV
2ca0876c-0aca-4f2c-8a1a-91255e1cce46	Martin Alpert	x-files-ccg/05-believe-the-lie/XFilesCcg-05BelieveTheLie-MartinAlpert.jpg	default	Witness	05 - Believe the Lie	05 - Believe the Lie	playerNDeck	3 RP	Witness|Behavioral|Bureaucracy	Adds 2 to one Team's BEHAVIORAL or BUREAUCRACY skill check. While this card is in play, the Witness card "Harold Spuller" may be played for free.			Preservation Society	Elegy	XF23-0056x3v2
2970bcb4-6d23-4198-81ab-d740caaee19c	Michel the Clubgoer	x-files-ccg/05-believe-the-lie/XFilesCcg-05BelieveTheLie-MichelTheClubgoer.jpg	default	Witness	05 - Believe the Lie	05 - Believe the Lie	playerNDeck	2 RP	Witness|Alien Investigation|Observation|Negate	Adds 1 to one Team's ALIEN INVESTIGATION or OBSERVATION skill check. Alternately, play this card when one of your Agents is the target of "Brother Martin is Attracted to You". Discard Michel to negate the Adversary.			Preservation Society	Gender Bender	XF23-0031x3v2
2ac8f62c-d64c-4fe8-9eda-8414b67efafe	Michelle Wilkes	x-files-ccg/05-believe-the-lie/XFilesCcg-05BelieveTheLie-MichelleWilkes.jpg	default	Witness	05 - Believe the Lie	05 - Believe the Lie	playerNDeck	2 RP	Witness|Medical|Resource	Adds 1 to one Team's MEDICAL skill check once per turn. If your opponent plays an EVOLUTIONARY Adversary while this card is in play, Michelle Wilkes is negated and removed from the game.			Preservation Society	Leonard Betts	XF23-0045x3v2
39996e6c-0725-4cae-bb60-0257d76c099c	Mid-Air Abduction	x-files-ccg/05-believe-the-lie/XFilesCcg-05BelieveTheLie-MidAirAbduction.jpg	default	Bluff	05 - Believe the Lie	05 - Believe the Lie	playerNDeck	4 CP	Bluff|Alien|Abductee|Phenomena|Resource	Play to force the Investigating player to discard all Keyword ALIEN INVESTIGATION and OBSERVATION cards in their hand. In addition, any and all Witnesses played at this Site are immediately afflicted with the Keyword ABDUCTEE (due to residual radiation) even after this card is resolved.			Preservation Society	Max	XF23-0152x3v2
2ebb02b2-4ab6-4ae8-83e8-402e52f28619	Migrant Workers Camp, San Joaquin, CA	x-files-ccg/05-believe-the-lie/XFilesCcg-05BelieveTheLie-MigrantWorkersCampSanJoaquinCA.jpg	default	Site	05 - Believe the Lie	05 - Believe the Lie	playerNDeck	2 RP	Site|Mono|Motive|Sciences				Preservation Society	El Mundo Gira	XF23-0070x3v2
255f09e8-2bf8-46e5-b1c7-bf85d81e6dcf	Mike Millar, NTSB	x-files-ccg/05-believe-the-lie/XFilesCcg-05BelieveTheLie-MikeMillarNTSB.jpg	default	Agent	05 - Believe the Lie	05 - Believe the Lie	playerNStarting	5 RP	Agent|Independent|Skeptic		4		Preservation Society	Tempus Fugit	XF23-0002x3v2
2a386f6c-30bb-4803-b0b9-2dcf744779f4	Minister Diabria	x-files-ccg/05-believe-the-lie/XFilesCcg-05BelieveTheLie-MinisterDiabria.jpg	default	Witness	05 - Believe the Lie	05 - Believe the Lie	playerNDeck	3 RP	Witness|Bureaucracy|Subterfuge|Resource	Adds 1 [RP] to your Pool every time a Keyword BUREAUCRACY or SUBTERFUGE card is played.			Preservation Society	Teliko	XF23-0038x3v2
2c7a2ee7-ea87-4d17-ad3c-a0d6796d294d	Misty Nagata	x-files-ccg/05-believe-the-lie/XFilesCcg-05BelieveTheLie-MistyNagata.jpg	default	Witness	05 - Believe the Lie	05 - Believe the Lie	playerNDeck	2 RP	Witness|Evidence|Collection|Resource	Attach this card to Assistant Director Skinner. Adds 1 to Skinner's EVIDENCE COLLECTION skill once per turn. Discard this card when Skinner's HEALTH is reduced to zero.			Preservation Society	Zero Sum	XF23-0054x3v2
2efe2403-25aa-4d2c-bacd-dbdcfcd2c9ef	Monongahela Medical Center, Pittsburgh, PA	x-files-ccg/05-believe-the-lie/XFilesCcg-05BelieveTheLie-MonongahelaMedicalCenterPittsburghPA.jpg	default	Site	05 - Believe the Lie	05 - Believe the Lie	playerNDeck	1 RP	Site|Multi|Motive|Method|Medical|Evidence Collection				Preservation Society	Leonard Betts	XF23-0071x3v2
368c534f-f30c-4ef8-a215-1fc9163f99ff	Moral Quagmire	x-files-ccg/05-believe-the-lie/XFilesCcg-05BelieveTheLie-MoralQuagmire.jpg	default	Event	05 - Believe the Lie	05 - Believe the Lie	playerNDeck	4 CP	Event|Government|Traitor|Resource	Attach this card to either an Agent in the Bureau section or one that is investigating a Site. The Agent is afflicted with the Keyword TRAITOR and may only contribute to SUBTERFUGE and Combat skill checks until this card is removed. Discard this card when an Agent is part of a Team that successfully investigates a Site. This card is free if played on a Keyword NEUTRAL Agent.			Preservation Society	Zero Sum	XF23-0127x3v2
36faf1eb-b9f0-404f-9205-4527faa674bd	Mortality Imminent	x-files-ccg/05-believe-the-lie/XFilesCcg-05BelieveTheLie-MortalityImminent.jpg	default	Event	05 - Believe the Lie	05 - Believe the Lie	playerNDeck	4 CP	Event|Cancer|Move|Resource	Place this card on an opposing Agent afflicted with the Keyword CANCER. The Agent is immediately moved to the Hospital (if not already there) and must remain in the Hospital until the Keyword CANCER is removed.			Preservation Society	Gethsemane	XF23-0133x3v2
37a7d381-dd96-4819-b462-e54698213c18	Mrs. Peacock	x-files-ccg/05-believe-the-lie/XFilesCcg-05BelieveTheLie-MrsPeacock.jpg	default	Bluff	05 - Believe the Lie	05 - Believe the Lie	playerNDeck	3 CP	Bluff|Primordial	Force your opponent to discard one Witness RESOURCE in play. In addition, PRIMORDIAL Adversaries may ignore Activator requirements to attack Agents at this Site.			Preservation Society	Home	XF23-0138x3v2
282eee83-66e2-4bf7-8d1f-1e538e24cfdb	Nathaniel Teager	x-files-ccg/05-believe-the-lie/XFilesCcg-05BelieveTheLie-NathanielTeager.jpg	default	Adversary	05 - Believe the Lie	05 - Believe the Lie	playerNDeck	8 CP	Adversary|Primordial|Creature|Master	Only Agents with OBSERVATION as a skill may apply their LRC and CRC skills in Combat. This Adversary may use SUBTERFUGE cards at no cost.	5		Preservation Society	Unrequited	XF23-0020x3v2
3c113643-93a4-4020-99ff-1d90813419cd	Needle Neck	x-files-ccg/05-believe-the-lie/XFilesCcg-05BelieveTheLie-NeedleNeck.jpg	default	Combat	05 - Believe the Lie	05 - Believe the Lie	playerNDeck	4 CP	Combat|Alien|Government	Play on any ALIEN or GOVERNMENT Adversary to negate all damage allocated to that Adversary this round. This card may be played to negate the effects of "Alien Stiletto."			Preservation Society	Herrenvolk	XF23-0171x3v2
3200cf96-f889-4589-ab5c-511845cd13dc	Next Patient	x-files-ccg/05-believe-the-lie/XFilesCcg-05BelieveTheLie-NextPatient.jpg	default	Event	05 - Believe the Lie	05 - Believe the Lie	playerNDeck	1 CP	Event|Occult|Phenomena	Discard one Witness card from your hand to apply a -2 modifier to one Team's OCCULT INVESTIGATION or MEDICAL skill check.			Preservation Society	Sanguinarium	XF23-0094x3v2
3979d35a-d85b-442a-8f40-62f36c170e42	No Trespassing	x-files-ccg/05-believe-the-lie/XFilesCcg-05BelieveTheLie-NoTrespassing.jpg	default	Bluff	05 - Believe the Lie	05 - Believe the Lie	playerNDeck	3 CP	Bluff|Conspiracy|Government	Play this card to prevent all Agents with the Keyword FBI from contributing to any skill checks occurring at this Site.			Preservation Society	Unrequited	XF23-0150x3v2
38ae5861-3679-4e0a-b0ea-9702ddb0aff3	Nobody Cares	x-files-ccg/05-believe-the-lie/XFilesCcg-05BelieveTheLie-NobodyCares.jpg	default	Bluff	05 - Believe the Lie	05 - Believe the Lie	playerNDeck	1 CP	Bluff|Phenomena	Any Adversaries played at this Site are shuffled back into your Bureau Deck instead of the Discard Pile.			Preservation Society	El Mundo Gira	XF23-0146x3v2
28c6d84f-731e-41fe-91f7-6edaefc46ffb	Nurse Innes	x-files-ccg/05-believe-the-lie/XFilesCcg-05BelieveTheLie-NurseInnes.jpg	default	Adversary	05 - Believe the Lie	05 - Believe the Lie	playerNDeck	3 CP	Adversary|Primordial|Creature	Play this card on a Team in the Field that plays a Witness. Discard the Witness and skip the LONG RANGE COMBAT round. For the first round of CLOSE RANGE COMBAT, the chosen Agent is the only one who may participate in the Combat.	4		Preservation Society	Elegy	XF23-0024x3v2
2a952a22-ac19-4ce4-952c-732bfc56bdd0	Nurse Rebecca Waite	x-files-ccg/05-believe-the-lie/XFilesCcg-05BelieveTheLie-NurseRebeccaWaite.jpg	default	Witness	05 - Believe the Lie	05 - Believe the Lie	playerNDeck	4 RP	Witness|Medical|Occult Investigation	Adds 3 to one Team's MEDICAL or adds 2 to one Team's OCCULT INVESTIGATION skill check. If your opponent plays an OCCULT Adversary while this card is in play, Nurse Waite is negated and removed from the game.			Preservation Society	Sanguinarium	XF23-0041x3v2
2a5e08c1-edfe-42f5-aa4f-da4a220804b6	Officer Corning	x-files-ccg/05-believe-the-lie/XFilesCcg-05BelieveTheLie-OfficerCorning.jpg	default	Witness	05 - Believe the Lie	05 - Believe the Lie	playerNDeck	3 RP	Witness|Criminal Investigation|Primordial|Resource	Adds 1 to your [RP] Pool every time a Keyword CRIMINAL INVESTIGATION or PRIMORDIAL card is played.			Preservation Society	Unruhe	XF23-0040x3v2
3c597e0b-b38a-42bf-ba0e-ebaaf99a628a	Officer Down!	x-files-ccg/05-believe-the-lie/XFilesCcg-05BelieveTheLie-OfficerDown.jpg	default	Combat	05 - Believe the Lie	05 - Believe the Lie	playerNDeck	2 CP	Combat|Subterfuge	Negates the effects of any one Witness that modifies a LONG RANGE COMBAT or CLOSE RANGE COMBAT skill check. The Witness is discarded prior to dealing damage in the Combat round. This card is free if played on an Adversary that is capable of using SUBTERFUGE Combat cards.			Preservation Society	Unruhe	XF23-0174x3v2
2eabb729-95de-4ab4-8f9b-40e367eddd11	Oil Refinery, Alberta, Canada	x-files-ccg/05-believe-the-lie/XFilesCcg-05BelieveTheLie-OilRefineryAlbertaCanada.jpg	default	Site	05 - Believe the Lie	05 - Believe the Lie	playerNDeck	2 RP	Site|Mono|Motive|Evidence Collection				Preservation Society	Terma	XF23-0068x3v2
28baabc5-caac-4e71-af2a-a2ccfbd53153	Old Man Nichols	x-files-ccg/05-believe-the-lie/XFilesCcg-05BelieveTheLie-OldManNichols.jpg	default	Adversary	05 - Believe the Lie	05 - Believe the Lie	playerNDeck	6 CP	Adversary|Primordial|Phenomena|Creature|Killer	If this Adversary is played on a Keyword SCIENCES Witness, the Witness is negated and removed from the game. The Long Range Combat round is skipped. Any Agent wounded by Nichols is instantly frozen and may not move, contribute their skills and effects, add to the Pools, or heal wounds until a HEALING card is played on the Agent.	3		Preservation Society	Synchrony	XF23-0022x3v2
3095e29f-a81f-4cf9-9134-bc184f6c5e50	Payson, SC	x-files-ccg/05-believe-the-lie/XFilesCcg-05BelieveTheLie-PaysonSC.jpg	default	Site	05 - Believe the Lie	05 - Believe the Lie	playerNDeck	1 RP	Site|Multi|Affiliation|Method|Bureaucracy|Observation				Preservation Society	Zero Sum	XF23-0080x3v2
2da36ad4-78b4-4ceb-95fe-d038935c747c	Peacock Residence, Home, PA	x-files-ccg/05-believe-the-lie/XFilesCcg-05BelieveTheLie-PeacockResidenceHomePA.jpg	default	Site	05 - Believe the Lie	05 - Believe the Lie	playerNDeck	2 RP	Site|Mono|Motive|Behavioral				Preservation Society	Home	XF23-0062x3v2
31642fb2-8515-4344-b0a6-8b6c675054c4	Postmortem	x-files-ccg/05-believe-the-lie/XFilesCcg-05BelieveTheLie-Postmortem.jpg	default	Event	05 - Believe the Lie	05 - Believe the Lie	playerNDeck	1 RP	Event|Medical|Evidence	If the Team makes a MEDICAL 4+ skill check, add five tokens to the [RP] Pool.			Preservation Society	Teliko	XF23-0089x3v2
347fcdcf-fe61-48de-bec4-e3f93c3f2dae	Quarantine Zone	x-files-ccg/05-believe-the-lie/XFilesCcg-05BelieveTheLie-QuarantineZone.jpg	default	Event	05 - Believe the Lie	05 - Believe the Lie	playerNDeck	5 CP	Event|Phenomena|Resource	Place this card on top of an opponent's Site and place two tokens on it. Remove a token during each of their following Briefing Phases. While this card is in play, the Site cannot be resolved. The Team may not move or contribute their skills until the last token is removed, except for Agents equipped with a "Biohazard Suit".			Preservation Society	El Mundo Gira	XF23-0110x3v2
33cca73f-bfdc-4899-a7f2-d7832ff58372	Ratboy's Prosthesis	x-files-ccg/05-believe-the-lie/XFilesCcg-05BelieveTheLie-RatboysProsthesis.jpg	default	Event	05 - Believe the Lie	05 - Believe the Lie	playerNDeck	2 RP	Event|Subterfuge|Resource	Attach this card to an Agent with the Keyword NEUTRAL or a SUBTERFUGE skill of 1+. As long as the Agent in the Field, their SUBTERFUGE skill value is increased by 1 for each point of damage affecting them.			Preservation Society	Terma	XF23-0107x3v2
3157e7f8-d77f-468d-95a6-cf5da4e6ceea	Reconnaissance	x-files-ccg/05-believe-the-lie/XFilesCcg-05BelieveTheLie-Reconnaissance.jpg	default	Event	05 - Believe the Lie	05 - Believe the Lie	playerNDeck	3 RP	Event|Observation	Play this card during the Investigation Phase. Make an OBSERVATION 4+ skill check to search through your Bureau Deck and draw one Keyword WEAPON or ARMOR Equipment card. Attach the Equipment to an Agent at half-cost (rounded up), ignoring Activator requirements.			Preservation Society	Home	XF23-0088x3v2
349d68e0-eaef-4fee-97db-3938dceb14d4	Regeneration	x-files-ccg/05-believe-the-lie/XFilesCcg-05BelieveTheLie-Regeneration.jpg	default	Event	05 - Believe the Lie	05 - Believe the Lie	playerNDeck	5 CP	Event|Evolutionary|Phenomena	Play immediately after discarding an EVOLUTIONARY Adversary as a result of either Combat or a Negate effect. The Adverary is returned to the Field at no cost and may attack the Team again.			Preservation Society	Leonard Betts	XF23-0111x3v2
342b390a-20fa-4999-b5c6-a5bee0380050	Roche Takes a Hostage	x-files-ccg/05-believe-the-lie/XFilesCcg-05BelieveTheLie-RocheTakesAHostage.jpg	default	Event	05 - Believe the Lie	05 - Believe the Lie	playerNDeck	4 CP	Event|Primordial|Subterfuge	Force an opponent Team to make a SUBTERFUGE 4+ skill check. If they fail, apply a -2 modifier to the Site skill check and negate all prior Witnesses that are modifying the Team's skill check.			Preservation Society	Paper Hearts	XF23-0109x3v2
26cba9c0-3e88-4ef5-adcb-e3efac0420fa	Russian Horsemen	x-files-ccg/05-believe-the-lie/XFilesCcg-05BelieveTheLie-RussianHorsemen.jpg	default	Adversary	05 - Believe the Lie	05 - Believe the Lie	playerNDeck	7 CP	Adversary|Primordial|Creature|Pawn	If an Agent's HEALTH is reduced to zero by this Adversary, place the Agent in a section of the table designated The Gulag and discard any Equipment. The Agent remains imprisoned for three full turns or until a Keyword ESCAPE card is played on them. Place three tokens on the Agent and remove one during each of the Agent's Briefing Phases. When the last token is removed, move the Agent to the Bureau (undamaged).	5		Preservation Society	Tunguska	XF23-0011x3v2
3a6af512-92ff-476b-b511-7e4124601807	S.W.A.T. Tactical Gear	x-files-ccg/05-believe-the-lie/XFilesCcg-05BelieveTheLie-SWATTacticalGear.jpg	default	Equipment	05 - Believe the Lie	05 - Believe the Lie	playerNDeck	6 RP	Equipment|Weapon|Armor|Standard	Adds 1 to the Agent's LRC and CRC skills. Additionally, place 3 tokens on this card. Remove a token to prevent one point of damage. Discard the Tactical Gear when all tokens have been removed. Excess damage is applied to the Agent as normal. This card cannot be sold for [CP].			Preservation Society	Tunguska	XF23-0161x3v2
31207ac8-5ebc-47ca-b74f-d3f0c481328e	Saint Elias Mountains, Yukon Territory, Canada	x-files-ccg/05-believe-the-lie/XFilesCcg-05BelieveTheLie-SaintEliasMountainsYukonTerritoryCanada.jpg	default	Site	05 - Believe the Lie	05 - Believe the Lie	playerNDeck	1 RP	Site|Multi|Motive|Method|Sciences|Subterfuge				Preservation Society	Gethsemane	XF23-0083x3v2
2a23b78b-f8ea-4197-8a46-6cac418c474c	Samantha, Agrarian Clone	x-files-ccg/05-believe-the-lie/XFilesCcg-05BelieveTheLie-SamanthaAgrarianClone.jpg	default	Witness	05 - Believe the Lie	05 - Believe the Lie	playerNDeck	3 RP	Witness|Alien|Alien Investigation|Resource	Adds 1 [RP] to your Pool each time a Keyword ALIEN or ALIEN INVESTIGATION card is played.			Preservation Society	Herrenvolk	XF23-0035x3v2
262053fc-3866-4838-88c3-8cfd302832d7	Samuel Aboah	x-files-ccg/05-believe-the-lie/XFilesCcg-05BelieveTheLie-SamuelAboah.jpg	default	Adversary	05 - Believe the Lie	05 - Believe the Lie	playerNDeck	4 CP	Adversary|Evolutionary|Creature	The LONG RANGE COMBAT round is skipped. One opposing Agent (your choice) is considered paralyzed and may not move or contribute to the Combat. The target Agent is still vulnerable to Aboah's attack. This Adversary may use SUBTERFUGE cards.	3		Preservation Society	Teliko	XF23-0008x3v2
28872b80-242d-4bde-8ecf-c5fd035b4966	Scott Garrett	x-files-ccg/05-believe-the-lie/XFilesCcg-05BelieveTheLie-ScottGarrett.jpg	default	Adversary	05 - Believe the Lie	05 - Believe the Lie	playerNDeck	3 CP	Adversary|Government|Pawn|Creature	This Adversary can attack one Agent (your choice) and is then discarded. If Agent Pendrell is in the Investigating Team, then he takes the LRC damage instead of the selected Agent. Agents attacked by this Adversary must immediately discard all attached Keyword ALIEN Equipment.	4		Preservation Society	Max	XF23-0021x3v2
28e683da-c3bd-49f9-ad61-53e6064bab6a	Scott Ostelhoff	x-files-ccg/05-believe-the-lie/XFilesCcg-05BelieveTheLie-ScottOstelhoff.jpg	default	Adversary	05 - Believe the Lie	05 - Believe the Lie	playerNDeck	7 CP	Adversary|Government|Pawn|Creature	This card is free if the Site prerequisite is ALIEN INVESTIGATION. Any Witnesses contributing to the Site skill check are immediately discarded. This Adversary may use MARTIAL ARTS and SUBTERFUGE cards.	5		Preservation Society	Gethsemane	XF23-0026x3v2
35090a86-2604-4a61-8f86-f982e6eea653	Search Warrant	x-files-ccg/05-believe-the-lie/XFilesCcg-05BelieveTheLie-SearchWarrant.jpg	default	Event	05 - Believe the Lie	05 - Believe the Lie	playerNDeck	5 RP	Event|Criminal Investigation	Play this card to examine your opponent's hand. Your opponent must discard two cards from their hand (your choice).			Preservation Society	Leonard Betts	XF23-0114x3v2
3802f9f5-bc73-4c21-8638-928487cf7b58	Senator Sorenson	x-files-ccg/05-believe-the-lie/XFilesCcg-05BelieveTheLie-SenatorSorenson.jpg	default	Bluff	05 - Believe the Lie	05 - Believe the Lie	playerNDeck	6 CP	Bluff|Conspiracy|Government|Move	Force one Agent with the Keyword FBI (your choice, but excluding Fox Mulder and Alex Krycek), back to the Bureau immediately. The Agent may not leave the Bureau, requisition Equipment, or contribute their skills until either the controlling player pays 7 [RP] or reveals all the cards in their hand.			Preservation Society	Tunguska	XF23-0142x3v2
31333f9f-5ffa-466d-b6a0-bb02980a6256	Serial Ovatypes	x-files-ccg/05-believe-the-lie/XFilesCcg-05BelieveTheLie-SerialOvatypes.jpg	default	Event	05 - Believe the Lie	05 - Believe the Lie	playerNDeck	1 CP	Event|Alien|Phenomena	Discard one Witness card from your hand to apply a -2 modifier to one Team's ALIEN INVESTIGATION or SCIENCES skill check.			Preservation Society	Herrenvolk	XF23-0085x3v2
2bf53b0d-1459-444e-898d-b38316dfe313	Sgt. Louis Frisch	x-files-ccg/05-believe-the-lie/XFilesCcg-05BelieveTheLie-SgtLouisFrisch.jpg	default	Witness	05 - Believe the Lie	05 - Believe the Lie	playerNDeck	3 RP	Witness|Alien Investigation|Subterfuge	Adds 2 to one Team's ALIEN INVESTIGATION or SUBTERFUGE skill check.			Preservation Society	Tempus Fugit	XF23-0051x3v2
2be6ec9c-7755-46d6-b9bc-d1f3aae3a83f	Sharon Graffia	x-files-ccg/05-believe-the-lie/XFilesCcg-05BelieveTheLie-SharonGraffia.jpg	default	Witness	05 - Believe the Lie	05 - Believe the Lie	playerNDeck	2 RP	Witness|Observation|Resource	Adds 1 to one Team's OBSERVATION skill check once per turn. When one of your Agents is the target of an abduction, Sharon Graffia is abducted instead. Discard this card and the abduction is negated.			Preservation Society	Tempus Fugit	XF23-0050x3v2
37e8878a-d065-4cd4-95a1-7561ca342ea3	She Had a Date	x-files-ccg/05-believe-the-lie/XFilesCcg-05BelieveTheLie-SheHadADate.jpg	default	Bluff	05 - Believe the Lie	05 - Believe the Lie	playerNDeck	2 CP	Bluff|Medical	Play to change the Site Prerequisite from EVIDENCE COLLECTION to MEDICAL.			Preservation Society	Teliko	XF23-0139x3v2
2a25363e-e104-4c26-9f3d-e5aad4fc6c13	Sheriff Andy Taylor	x-files-ccg/05-believe-the-lie/XFilesCcg-05BelieveTheLie-SheriffAndyTaylor.jpg	default	Witness	05 - Believe the Lie	05 - Believe the Lie	playerNDeck	4 RP	Witness|Resource	Attach this Witness to a Team. Sheriff Taylor will add his skills to the appropriate skill check like an Agent, CI:1, CRC:1, LRC:2, and HEALTH:3. If his HEALTH is reduced to zero, or at any time there are no Agents in the Team, Taylor is removed from the game.			Preservation Society	Home	XF23-0036x3v2
29deb762-5953-4703-afc1-e34a79cc0c0b	Sheriff Hamilton	x-files-ccg/05-believe-the-lie/XFilesCcg-05BelieveTheLie-SheriffHamilton.jpg	default	Witness	05 - Believe the Lie	05 - Believe the Lie	playerNDeck	4 RP	Witness|Criminal Investigation|Behavioral	Adds 3 to one Team's CRIMINAL INVESTIGATION or adds 2 to one Team's BEHAVIORAL skill check.			Preservation Society	Humbug	XF23-0034x3v2
29202f81-80ee-4f34-8e13-7feb5f257d73	Sheriff Withers	x-files-ccg/05-believe-the-lie/XFilesCcg-05BelieveTheLie-SheriffWithers.jpg	default	Witness	05 - Believe the Lie	05 - Believe the Lie	playerNDeck	2 RP	Witness|Criminal Investigation|Resource	Adds 1 to one Team's CRIMINAL INVESTIGATION skill check once per turn.			Preservation Society	Conduit	XF23-0028x3v2
3ae40bb0-425c-42fc-94d1-2c2cedde664e	Shiv	x-files-ccg/05-believe-the-lie/XFilesCcg-05BelieveTheLie-Shiv.jpg	default	Equipment	05 - Believe the Lie	05 - Believe the Lie	playerNDeck	3 RP	Equipment|Weapon|Special|Escape	Adds 1 to the Agent's CLOSE RANGE COMBAT skill. Discard this card to escape The Gulag and return to the Bureau (undamaged).			Preservation Society	Terma	XF23-0163x3v2
39bf1bc0-fd93-48a9-aeda-f37d606721d6	Skin-Cognito	x-files-ccg/05-believe-the-lie/XFilesCcg-05BelieveTheLie-SkinCognito.jpg	default	Bluff	05 - Believe the Lie	05 - Believe the Lie	playerNDeck	4 CP	Bluff|Government|Resource	Play to force the Investigating player to discard all Keyword COMPUTER and EVIDENCE COLLECTION cards in their hand. In addition, if Skinner is part of the Team investigating this Site, his SUBTERFUGE skill is permanently reduced by one. Place this card beneath Skinner as a reminder of his reduced skill.			Preservation Society	Zero Sum	XF23-0154x3v2
28c235e0-0098-43e7-bdd9-90a6b0d43ae6	Small Potatoes	x-files-ccg/05-believe-the-lie/XFilesCcg-05BelieveTheLie-SmallPotatoes.jpg	default	Adversary	05 - Believe the Lie	05 - Believe the Lie	playerNDeck	6 CP	Adversary|Evolutionary|Phenomena|Creature	Place this card beneath an opposing Agent (your choice) and place two tokens on the Agent. Remove a token during each of your opponent's Debriefing Phases. While in play, the Agent's skills (except HEALTH) become -1 and all Equipment is discarded. During your opponent's turn, you may deploy the Agent as desired and contribute (negatively) to an Investigating Team's skill checks. Discard this card when the last token is removed.	N/A		Preservation Society	Small Potatoes	XF23-0023x3v2
382cda56-1899-4be8-8ad3-2736325f175a	Soledad's Revenge	x-files-ccg/05-believe-the-lie/XFilesCcg-05BelieveTheLie-SoledadsRevenge.jpg	default	Bluff	05 - Believe the Lie	05 - Believe the Lie	playerNDeck	6 CP	Bluff|Primordial	Subtract 4 from one Team's OCCULT INVESTIGATION or SCIENCES skill check.			Preservation Society	El Mundo Gira	XF23-0145x3v2
3199b052-6157-4b14-a511-987189569a63	Soul Bond Eternal	x-files-ccg/05-believe-the-lie/XFilesCcg-05BelieveTheLie-SoulBondEternal.jpg	default	Event	05 - Believe the Lie	05 - Believe the Lie	playerNDeck	4 RP	Event|Occult Investigation|Phenomena|Resource	Attach this card to an Agent in the Field. You may place any Witnesses that modify skill checks under this card. No more than three cards may be under this card at any one time. Once per turn, you may play cards stored under this card for 1[RP] less. Discard this Resource and the cards under it when the card is negated or when the Agent's HEALTH is reduced to zero.			Preservation Society	The Field Where I Died	XF23-0091x3v2
36058ab5-5294-4aa7-bb31-8696b4780951	Spontaneous Combustion	x-files-ccg/05-believe-the-lie/XFilesCcg-05BelieveTheLie-SpontaneousCombustion.jpg	default	Event	05 - Believe the Lie	05 - Believe the Lie	playerNDeck	8 RP	Event|Killer|Medical	Play this card when a Keyword HEALING Card is played on an opposing Agent. The Agent is instantly killed and removed from the game.			Preservation Society	Synchrony	XF23-0125x3v2
3169d10d-93c6-412d-860c-b895687712c1	Suspect Booked	x-files-ccg/05-believe-the-lie/XFilesCcg-05BelieveTheLie-SuspectBooked.jpg	default	Event	05 - Believe the Lie	05 - Believe the Lie	playerNDeck	1 RP	Event|Criminal Investigation|Resource	Play after negating an Adversary when no Combat was involved. If the Team makes a CRIMINAL INVESTIGATION 4+ skill check, place this card in your Bureau Section. You may discard this card during your Investigation Phase to add 2 to a Site skill check.			Preservation Society	Unruhe	XF23-0090x3v2
2f3da22a-c12a-40aa-9f11-6d2e2c4d44dc	Svo's Tattoo Parlor, Philadelphia, PA	x-files-ccg/05-believe-the-lie/XFilesCcg-05BelieveTheLie-SvosTattooParlorPhiladelphiaPA.jpg	default	Site	05 - Believe the Lie	05 - Believe the Lie	playerNDeck	1 RP	Site|Multi|Method|Result|Behavioral|Computer				Preservation Society	Never Again	XF23-0072x3v2
320c4964-01a2-4b4d-9221-e5fc65a6d52a	Symbol of Protection	x-files-ccg/05-believe-the-lie/XFilesCcg-05BelieveTheLie-SymbolOfProtection.jpg	default	Event	05 - Believe the Lie	05 - Believe the Lie	playerNDeck	2 RP	Event|Occult|Mystic|Phenomena	Play on a Team investigating a Site with OCCULT INVESTIGATION skill as a prerequisite. As long as the Team can make an OCCULT INVESTIGATION skill check of 5+, no OCCULT Adversaries may be played on the Agents at this Site.			Preservation Society	Sanguinarium	XF23-0095x3v2
305429f3-b061-4277-acf6-1f2c38699f5c	Tablers Community Hospital, Martinsburg, VA	x-files-ccg/05-believe-the-lie/XFilesCcg-05BelieveTheLie-TablersCommunityHospitalMartinsburgVA.jpg	default	Site	05 - Believe the Lie	05 - Believe the Lie	playerNDeck	1 RP	Site|Multi|Method|Result|Medical|Sciences				Preservation Society	Small Potatoes	XF23-0079x3v2
2dfa3b5d-c5e6-4713-9d00-c4d88b65df17	Temple of the Seven Stars, Apison, TN	x-files-ccg/05-believe-the-lie/XFilesCcg-05BelieveTheLie-TempleOfTheSevenStarsApisonTN.jpg	default	Site	05 - Believe the Lie	05 - Believe the Lie	playerNDeck	1 RP	Site|Multi|Motive|Result|Observation|Subterfuge				Preservation Society	The Field Where I Died	XF23-0065x3v2
3298d201-99bd-4ce1-811f-9763f47c1e92	The Cigarette-Smoking Man's Warning	x-files-ccg/05-believe-the-lie/XFilesCcg-05BelieveTheLie-TheCigaretteSmokingMansWarning.jpg	default	Event	05 - Believe the Lie	05 - Believe the Lie	playerNDeck	5 CP	Event|Government|Resource	Play after your opponent has identified your X-File's METHOD. While this card is in play, you (as the Directed Player) may play Keyword GOVERNMENT cards for free and your GOVERNMENT Adversaries may ignore activator requirements.			Preservation Society	Tunguska	XF23-0100x3v2
398ad9a7-07e2-4881-aba1-43c68c5adefa	The Death Card	x-files-ccg/05-believe-the-lie/XFilesCcg-05BelieveTheLie-TheDeathCard.jpg	default	Bluff	05 - Believe the Lie	05 - Believe the Lie	playerNDeck	2 CP	Bluff|Phenomena	Play to add 4 [CP] to your pool immediately.			Preservation Society	Unrequited	XF23-0151x3v2
31e25cab-67a4-41f4-a984-aad6cf4b14c8	The Goal In Sight Again	x-files-ccg/05-believe-the-lie/XFilesCcg-05BelieveTheLie-TheGoalInSightAgain.jpg	default	Event	05 - Believe the Lie	05 - Believe the Lie	playerNDeck	1 RP	Event|Phenomena|Resource	Play this card after one of your Teams successfully investigates a Site with OBSERVATION skill as a prerequisite. Place this card in your Bureau. Discard this Resource to add 1 to an OBSERVATION skill check.			Preservation Society	The Field Where I Died	XF23-0093x3v2
28182472-b713-4936-a933-745897b15c5b	The Golem Exacts Revenge	x-files-ccg/05-believe-the-lie/XFilesCcg-05BelieveTheLie-TheGolemExactsRevenge.jpg	default	Adversary	05 - Believe the Lie	05 - Believe the Lie	playerNDeck	6 CP	Adversary|Occult|Creature|Phenomena	The Golem is unaffected by Combat attacks. This Adversary will attack for two CLOSE RANGE COMBAT rounds and is then discarded.	3		Preservation Society	Kaddish	XF23-0019x3v2
28094837-21d5-4a43-9fc3-56907a6b0130	The Grey-Haired Man	x-files-ccg/05-believe-the-lie/XFilesCcg-05BelieveTheLie-TheGreyHairedMan.jpg	default	Adversary	05 - Believe the Lie	05 - Believe the Lie	playerNDeck	8 CP	Adversary|Government|Creature|Master	Any Witness RESOURCE cards in play are immediately discarded. The Grey-Haired Man may use MARTIAL ARTS and SUBTERFUGE cards. Damage caused by this Adversary during LONG RANGE COMBAT may be split among all opponents (Directed Player's choice).	6		Preservation Society	Memento Mori	XF23-0018x3v2
272cd349-dc12-463f-af82-f088058c89d7	The Mad Hatter	x-files-ccg/05-believe-the-lie/XFilesCcg-05BelieveTheLie-TheMadHatter.jpg	default	Adversary	05 - Believe the Lie	05 - Believe the Lie	playerNDeck	5 CP	Adversary|Primordial|Creature|Abduction	Play this card on a Team in the Field that plays a Witness. The Mad Hatter abducts the Witness and the Team must make a CRIMINAL INVESTIGATION 5+ skill check. If unsuccessful, the Site skill check is failed and the Witness is removed from the game. If the Team makes the skill check, this card is negated and removed from the game.	N/A		Preservation Society	Paper Hearts	XF23-0014x3v2
3234d507-f800-415f-8f40-e9ed7fc36333	The Mulder Family Legacy	x-files-ccg/05-believe-the-lie/XFilesCcg-05BelieveTheLie-TheMulderFamilyLegacy.jpg	default	Event	05 - Believe the Lie	05 - Believe the Lie	playerNDeck	2 RP	Event	Play this card on a Team with Fox Mulder to search through your Bureau Deck and add one of the following cards to your hand: "Bill Mulder", "Mrs. Mulder", "Samantha Mulder", or "Samantha, Agrarian Clone". If you play the chosen card immediately, then you may do so for half cost (rounded up).			Preservation Society	Musings of a Cigarette-Smoking Man	XF23-0096x3v2
2c627e22-8d35-44cb-bb08-8ed2673203ac	The Niemans	x-files-ccg/05-believe-the-lie/XFilesCcg-05BelieveTheLie-TheNiemans.jpg	default	Witness	05 - Believe the Lie	05 - Believe the Lie	playerNDeck	2 RP	Witness|Observation|Subterfuge|Negate	Adds 1 to one Team's OBSERVATION or SUBTERFUGE skill check, or play this card to negate the Bluff "You've Got a Tail".			Preservation Society	Small Potatoes	XF23-0053x3v2
25e42d21-5ea9-4a48-af5d-d0cfbbb4c583	The Peacock Brothers	x-files-ccg/05-believe-the-lie/XFilesCcg-05BelieveTheLie-ThePeacockBrothers.jpg	default	Adversary	05 - Believe the Lie	05 - Believe the Lie	playerNDeck	8 CP	Adversary|Primordial|Creature	Apply -1 to any Equipment cards attached to the Team that modify LONG RANGE COMBAT or CLOSE RANGE COMBAT. Damage caused by this Adversary may be split among all opponents (Directed Player's choice).	10		Preservation Society	Home	XF23-0007x3v2
338cd78c-834c-4b4b-bb86-69784e005e73	The Well-Manicured Man's Vendetta	x-files-ccg/05-believe-the-lie/XFilesCcg-05BelieveTheLie-TheWellManicuredMansVendetta.jpg	default	Event	05 - Believe the Lie	05 - Believe the Lie	playerNDeck	3 RP	Event|Resource	Attach this card to a Witness RESOURCE. If at any time the Witness is negated or removed from the game, your opponent loses 5 [CP] and must discard all GOVERNMENT Adversaries in their deck.			Preservation Society	Terma	XF23-0105x3v2
3a594f9d-8a23-41d5-abd6-e19827cb3fed	Thoughtographs	x-files-ccg/05-believe-the-lie/XFilesCcg-05BelieveTheLie-Thoughtographs.jpg	default	Equipment	05 - Believe the Lie	05 - Believe the Lie	playerNDeck	2 RP	Equipment|Evidence	Adds 1 to the Agent's EVIDENCE COLLECTION skill.			Preservation Society	Unruhe	XF23-0160x3v2
3715b3cb-9504-4693-b4f8-4c3d6a0b843d	Trail Gone Cold	x-files-ccg/05-believe-the-lie/XFilesCcg-05BelieveTheLie-TrailGoneCold.jpg	default	Event	05 - Believe the Lie	05 - Believe the Lie	playerNDeck	3 CP	Event|Government	Play this card on a Site any time after your opponent has assigned Agents to the Site. Unless this card is negated, only Agents with an OBSERVATION skill of 1+ may contribute their skills to any checks occurring at this Site.			Preservation Society	Gethsemane	XF23-0134x3v2
28c7a69b-bb4a-4877-93c5-2ecb63b29735	Trepanning Operative	x-files-ccg/05-believe-the-lie/XFilesCcg-05BelieveTheLie-TrepanningOperative.jpg	default	Adversary	05 - Believe the Lie	05 - Believe the Lie	playerNDeck	4 CP	Adversary|Primordial|Pawn	This card does not initiate Combat. Choose one Agent on the opposing Team. Your opponent must flip over and discard the top card from their Bureau deck. If the card has a [CP] cost, the target Agent inflicts damage on another Agent equal to the cost of the card. If the card has a [RP] cost, the target Agent receives damage equal to the cost of the card. If the card has a [*P] cost, then no damage is applied and this card is discarded.	N/A		Preservation Society	Demons	XF23-0025x3v2
39c5309d-b3e9-462d-8a1b-5ec478594184	Trial Run	x-files-ccg/05-believe-the-lie/XFilesCcg-05BelieveTheLie-TrialRun.jpg	default	Bluff	05 - Believe the Lie	05 - Believe the Lie	playerNDeck	2 CP	Bluff|Conspiracy|Government	Play this card to add 2X [CP] to your pool. X = the number of Witnesses in your Discard Pile.			Preservation Society	Zero Sum	XF23-0155x3v2
3594b130-65fb-4e73-a3d5-720e44e8390f	Tricks of the Trade	x-files-ccg/05-believe-the-lie/XFilesCcg-05BelieveTheLie-TricksOfTheTrade.jpg	default	Event	05 - Believe the Lie	05 - Believe the Lie	playerNDeck	2 RP	Event|Computer	Show this card to your opponent to retrieve all Keyword RESOURCE cards from your Discard Pile. Shuffle them back into your Bureau Deck and discard this card.			Preservation Society	Memento Mori	XF23-0120x3v2
2e88d16e-7100-4bfd-b515-9dbb9ddad5ab	Tunguska, Siberian Forest, Russia	x-files-ccg/05-believe-the-lie/XFilesCcg-05BelieveTheLie-TunguskaSiberianForestRussia.jpg	default	Site	05 - Believe the Lie	05 - Believe the Lie	playerNDeck	1 RP	Site|Multi|Affiliation|Result|Alien Investigation|Subterfuge				Preservation Society	Tunguska	XF23-0067x3v2
2f964e41-bb99-4e1d-900b-305d6b9112e9	U.F.O. Crash Site, Great Sacandaga Lake, NY	x-files-ccg/05-believe-the-lie/XFilesCcg-05BelieveTheLie-UFOCrashSiteGreatSacandagaLakeNY.jpg	default	Site	05 - Believe the Lie	05 - Believe the Lie	playerNDeck	1 RP	Site|Multi|Affiliation|Result|Alien Investigation|Observation				Preservation Society	Tempus Fugit	XF23-0077x3v2
39a004cc-6467-447c-b570-fb853126e31c	Uncanny Seduction	x-files-ccg/05-believe-the-lie/XFilesCcg-05BelieveTheLie-UncannySeduction.jpg	default	Bluff	05 - Believe the Lie	05 - Believe the Lie	playerNDeck	1 CP	Bluff|Evolutionary|Primordial	The cost of any PRIMORDIAL or EVOLUTIONARY Adversaries played at this Site is reduced by 2 for each female Agent on the Team.			Preservation Society	Small Potatoes	XF23-0153x3v2
2714e781-aaa9-477c-a8ff-0344c0ca4f2d	Vassily Peskow	x-files-ccg/05-believe-the-lie/XFilesCcg-05BelieveTheLie-VassilyPeskow.jpg	default	Adversary	05 - Believe the Lie	05 - Believe the Lie	playerNDeck	5 CP	Adversary|Government|Pawn	Vassily Peskow can attack one Agent (your choice) and is then discarded. If the target Agent has any Equipment cards that modify LRC or CRC, Peskow may steal that Equipment and use it in Combat. Discard the Equipment when combat is resolved. This Adversary may use MARTIAL ARTS and SUBTERFUGE cards.	4		Preservation Society	Terma	XF23-0013x3v2
2f80f874-fe07-4c46-ac8a-5d60d0a30c38	Vietnam War Memorial, Washington, D.C.	x-files-ccg/05-believe-the-lie/XFilesCcg-05BelieveTheLie-VietnamWarMemorialWashingtonDC.jpg	default	Site	05 - Believe the Lie	05 - Believe the Lie	playerNDeck	2 RP	Site|Mono|Motive|Bureaucracy				Preservation Society	Unrequited	XF23-0075x3v2
35da6634-b961-42d2-8ac9-277427ba90b3	Warning From the Future	x-files-ccg/05-believe-the-lie/XFilesCcg-05BelieveTheLie-WarningFromTheFuture.jpg	default	Event	05 - Believe the Lie	05 - Believe the Lie	playerNDeck	5 RP	Event|Computer|Sciences	Play this card on a Site card with COMPUTER or SCIENCES as a prerequisite. Immediately discard all Active and Conspiracy cards attached to the Site, along with the Site itself. The Case Assignment Phase starts over and the turn resumes as normal.			Preservation Society	Synchrony	XF23-0124x3v2
3823c38d-8d7d-401c-92ff-33d5977e7db2	Wellhead Explosion	x-files-ccg/05-believe-the-lie/XFilesCcg-05BelieveTheLie-WellheadExplosion.jpg	default	Bluff	05 - Believe the Lie	05 - Believe the Lie	playerNDeck	2 CP	Bluff|Conspiracy|Government	Force an opponent to remove one Keyword ARTIFACT card from the game.			Preservation Society	Terma	XF23-0144x3v2
3a0026d7-2473-4812-9b53-cf8bce3210ab	Writing on the Wall	x-files-ccg/05-believe-the-lie/XFilesCcg-05BelieveTheLie-WritingOnTheWall.jpg	default	Bluff	05 - Believe the Lie	05 - Believe the Lie	playerNDeck	2 CP	Bluff|Phenomena	Attach this card to a Keyword MULTI Site to choose which prerequisite your opponent's Team must meet for this Site.			Preservation Society	Elegy	XF23-0156x3v2
313a2bf4-8200-43a9-8074-995d962605be	X-Terminated	x-files-ccg/05-believe-the-lie/XFilesCcg-05BelieveTheLie-XTerminated.jpg	default	Event	05 - Believe the Lie	05 - Believe the Lie	playerNDeck	4 CP	Event|Government|Negate	Play this card to negate one Keyword NEGATE card. If "X" is the negated card, it is removed from the game along with this card.			Preservation Society	Herrenvolk	XF23-0086x3v2
