databaseId	name	imageUrl	cardBack	type	attributes	languages	value	sanity	summon	unique	dimension	past	region	city	beginningSanity	maxSanity	education	handSize	minimum	maximum	rarity	text	packName	set	loadGroupId
B1MU_B1MU101	A Day In The Life Of A Miskatonic University Student	mythos/miskatonic-university/Mythos-MiskatonicUniversity-ADayInTheLifeOfAMiskatonicUniversityStudent.jpg	default	Adventure	Mythos Experience		8	2													C	Sometimes, University life can be exciting. Today is one of those days. This day take you to THREE different MISCATONIC UNIVERSITY LOCATIONS. In your Speculative Civilizations course, you practice casting one SPELL with either Barrier, Circle, Sign or Chant in the card title. During Biology you dissect a MONSTER. Finally, you go on a field trip to a COUNTRY SITE where you attract an ALLY of the opposite sex as your Investigator	Miskatonic University	B1MU	playerNDeck
B1MU_B1MU102	Lost in the Catacombs	mythos/miskatonic-university/Mythos-MiskatonicUniversity-LostInTheCatacombs.jpg	default	Adventure	Heroic Adventure		6	2													C	Catacombs and other burial mounds have fascinated humankind for aeons. Growing up near the old Roman cities of Europe, you frequently sneak into those forbidden passages. In the CATACOMBS OF ROME or the CATACOMBS BENEATH PARIS you discover that Death is not always final, as a SKELETON, ZOMBIE, and MUMMY claw their way after you. Even if you flee to a nearby CHURCH, you dicover that their master, a VAMPIRE awaits. Only if you live until the DAWN OF A NEW DAY do you survive	Miskatonic University	B1MU	playerNDeck
B1MU_B1MU103	The Auction	mythos/miskatonic-university/Mythos-MiskatonicUniversity-TheAuction.jpg	default	Adventure	Mythos Experience		9	3													U	Auctions are frequently good places to find extraordinary bargains for extraordinary items. Beginning in any CITY LOCATION located in Lovecraft Country, travel to THE AUCTION HOUSE in Vienna, Austria. Before the auction begins, find THIEVES IN THE ATTIC, and have a POLICE INVESTIGATION. Then, bid for an ARTIFACT or TOME that costs you two Sanity Points. Bring the item back to a second, different, CITY LOCATION in Lovecraft Country	Miskatonic University	B1MU	playerNDeck
B1MU_B1MU104	The Dunwich Horror	mythos/miskatonic-university/Mythos-MiskatonicUniversity-TheDunwichHorror.jpg	default	Adventure	Heroic Adventure		15	5													R	Henry Armitage asks that you accompy him to Dunwich. Begin at MISCATONIC UNIVERSITY. TRAVEL BY LAND to 3 different DUNWICH LOCATIONS with HENRY ARMITAGE and ONE OTHER PROFESSOR. On SENTINEL HILL bring together LAVINIA WHATELEY, WILBUR WHATELEY, and the SON OF YOG-SOTHOTH during the FULL MOON. Find the NECRONOMICON and the VOOLA RITUAL spell, and then return the book to a second MISCATONIC UNIVERSITY LOCATION.	Miskatonic University	B1MU	playerNDeck
B1MU_B1MU105	The Expedition	mythos/miskatonic-university/Mythos-MiskatonicUniversity-TheExpedition.jpg	default	Adventure	Heroic Adventure		11	3													U	When you left this MISCATONIC UNIVERSITY Location with your TWO ALLIES, you dreamt only of the glory of exploration. What you found however, was a harrowing voyage of TRAVEL BY SEA, a STORM of suprising strength, the UNEXPECTED CALAMITY of a shipwreck, and the lost years in AMNESIA. Waking at a SITE, you discovered that wierd old TOME - the only possession you salvaged when forced to flee from THREE MONSTERS.	Miskatonic University	B1MU	playerNDeck
B1MU_B1MU106	The Secret of Power & Glory is Yours	mythos/miskatonic-university/Mythos-MiskatonicUniversity-TheSecretOfPowerGloryIsYours.jpg	default	Adventure	Mythos Experience		6	3													U	If one is diligent and discovers the proper sources of knowledge, one can learn to master the universe. But you can only achieve your goal if you study and travel the world. Visit 5 different GATE LOCATIONS. Find a TOME of forbidden knowledge featuring the EYE ICON. Find an ALLY that costs you Sanity	Miskatonic University	B1MU	playerNDeck
B1MU_B1MU107	The Unspeakable Oath	mythos/miskatonic-university/Mythos-MiskatonicUniversity-TheUnspeakableOath.jpg	default	Adventure	Corrupt Adventure		6	2													R	Procuring 'hard-to-find' goods for a select clientele is good business, but that MARSH fellow (any MARSH ALLY) sure is odd with that oath on that funny TOME and all. They must be building an army! Recently they've bought THREE WEAPONS shipments. My unease soon grew to PHOBIA proportions, but if I ever break that oath, I just know that I am doomed to CATASTROPHIC FAILURE and my wife and CHILDREN HAVE NIGHTMARES	Miskatonic University	B1MU	playerNDeck
B1MU_B1MU201	Arthur Jermyn	mythos/miskatonic-university/Mythos-MiskatonicUniversity-ArthurJermyn.jpg	default	Ally	Steadfast Scholar & Artist	English	2	1					Europe	Any House							C		Miskatonic University	B1MU	playerNDeck
B1MU_B1MU202	Capt. Edward Norrys	mythos/miskatonic-university/Mythos-MiskatonicUniversity-CaptEdwardNorrys.jpg	default	Ally	Steadfast Soldier	English	3						Europe	Any City							C	As long as he is chosen as a defending Ally, he raises the card value of all other Attributes: Steadfast defending Allies by one point per card. Not cumulative with another Ally's Command Ability	Miskatonic University	B1MU	playerNDeck
B1MU_B1MU203	Capt. Karl Heinrich	mythos/miskatonic-university/Mythos-MiskatonicUniversity-CaptKarlHeinrich.jpg	default	Ally	Steadfast Soldier	German	3						Europe	Any City							C	As long as he is chosen as a defending Ally, he raises the card value of all other Attributes: Steadfast defending Allies by 1 point per card. Not cumulative with another Ally's Command Ability	Miskatonic University	B1MU	playerNDeck
B1MU_B1MU204	Dennys Barry	mythos/miskatonic-university/Mythos-MiskatonicUniversity-DennysBarry.jpg	default	Ally	Steadfast Gentleman	English	2						Europe	Any House							C	If you are using a female Investigator, Dennys must be chosen as a defending Ally in Combat, and add 2 points to the value of this card	Miskatonic University	B1MU	playerNDeck
B1MU_B1MU205	Dr. Allen Halsey	mythos/miskatonic-university/Mythos-MiskatonicUniversity-DrAllenHalsey.jpg	default	Ally	Steadfast Scholar & Doctor	English, Latin	2						Lovecraft	Arkham							U	The Doctor and one Ally of your choice are excluded when determining the results of an Epidemic	Miskatonic University	B1MU	playerNDeck
B1MU_B1MU206	Erich Zann	mythos/miskatonic-university/Mythos-MiskatonicUniversity-ErichZann.jpg	default	Ally	Steadfast Musician	French & German	1	1					Europe	Paris							R	While this card is in play, subtract one from the Minimum number of cards that you may keep in your Hand. Not cumulative with other Allies that lower your Minimum	Miskatonic University	B1MU	playerNDeck
B1MU_B1MU207	Eusapia Paladino	mythos/miskatonic-university/Mythos-MiskatonicUniversity-EusapiaPaladino.jpg	default	Ally	Steadfast Spiritualist	Latin & Atlantean	1						Europe	Any City							R	As a Turn, Bury this card to keep one Great Old One or Outer God in play for one additional round. Eusapia and one Ally of your choice are excluded when determining the results of an Epidemic	Miskatonic University	B1MU	playerNDeck
B1MU_B1MU208	Henry Armitage	mythos/miskatonic-university/Mythos-MiskatonicUniversity-HenryArmitage.jpg	default	Ally	Steadfast Professor	English, Latin, French & German	1			Unique			Lovecraft	Arkham							U		Miskatonic University	B1MU	playerNDeck
B1MU_B1MU209	Herbert West	mythos/miskatonic-university/Mythos-MiskatonicUniversity-HerbertWest.jpg	default	Ally	Corrupt Student	English	1			Unique			Lovecraft	Arkham							C	When played, choose an Ally Buried in your Story Deck and slip it beneath this card. Add their card values, and both function as one Ally card. This medical student and one Ally of your choice are excuded when determining the results of an Epidemic	Miskatonic University	B1MU	playerNDeck
B1MU_B1MU210	Lavinia Whateley	mythos/miskatonic-university/Mythos-MiskatonicUniversity-LaviniaWhateley.jpg	default	Ally	Corrupt Mother	English	1						Lovecraft	Dunwich							C	While this card is in play, add one to the Maximum number of cards that you may keep in your Hand. cumulative with other Allies that raise your Maximum	Miskatonic University	B1MU	playerNDeck
B1MU_B1MU211	Lord Edward Dunsany	mythos/miskatonic-university/Mythos-MiskatonicUniversity-LordEdwardDunsany.jpg	default	Ally	Steadfast Author	English & Atlantean	2						Europe	London							R		Miskatonic University	B1MU	playerNDeck
B1MU_B1MU212	Madame Blavatsky	mythos/miskatonic-university/Mythos-MiskatonicUniversity-MadameBlavatsky.jpg	default	Ally	Steadfast Occultist	English	1						Europe	Any City							R	Discuss philosophy with her in any Europian Location for one Turn, and Bury one Phobia	Miskatonic University	B1MU	playerNDeck
B1MU_B1MU213	Nathaniel Wingate Peaslee	mythos/miskatonic-university/Mythos-MiskatonicUniversity-NathanielWingatePeaslee.jpg	default	Ally	Steadfast Professor	English, Glyph & Atlantean	1						Lovecraft	Arkham							C		Miskatonic University	B1MU	playerNDeck
B1MU_B1MU214	Old Man Whateley	mythos/miskatonic-university/Mythos-MiskatonicUniversity-OldManWhateley.jpg	default	Ally	Corrupt Cultist	English, Latin	2			Unique			Lovecraft	Dunwich							R	Can know any one Spell. Bury Spell in your Story Deck after it is cast. As long as he is chosen as a defending Ally, he raises the card value of all other defending Whateleys by 1 point per card. Not cumulative with another Ally's Command Ability	Miskatonic University	B1MU	playerNDeck
B1MU_B1MU215	Prof. Wingate Peaslee	mythos/miskatonic-university/Mythos-MiskatonicUniversity-ProfWingatePeaslee.jpg	default	Ally	Steadfast Professor	English, Latin & Chinese	2						Lovecraft	Arkham							R		Miskatonic University	B1MU	playerNDeck
B1MU_B1MU216	Wilbur Whateley	mythos/miskatonic-university/Mythos-MiskatonicUniversity-WilburWhateley.jpg	default	Ally	Corrupt Cultist	English	3			Unique			Lovecraft	Dunwich							U	Use Wilbur to steal a Tome (cause it to be Buried) from your opponent, then Bury Wilbur	Miskatonic University	B1MU	playerNDeck
B1MU_B1MU217	Zachariah Whateley	mythos/miskatonic-university/Mythos-MiskatonicUniversity-ZachariahWhateley.jpg	default	Ally	Steadfast Farmer	Knows no languages	2						Lovecraft	Dunwich							C	While this card is in play, add one to the Maximum number of cards that you may keep in your Hand. Cumulative with other Allies that raise your Maximum	Miskatonic University	B1MU	playerNDeck
B1MU_B1MU401	Closed-Cockpit Monoplane	mythos/miskatonic-university/Mythos-MiskatonicUniversity-ClosedCockpitMonoplane.jpg	default	Event	Travel by Air																U	Immediately play a new Location card in a different Region, right-side up on top of your Story Deck. May not play a Location within the same Region.	Miskatonic University	B1MU	playerNDeck
B1MU_B1MU402	Dirigible	mythos/miskatonic-university/Mythos-MiskatonicUniversity-Dirigible.jpg	default	Event	Travel by Air			1													C	On a following turn, play any new Location card either in same Region or in a new Region, right-side up on top of your Story Deck	Miskatonic University	B1MU	playerNDeck
B1MU_B1MU403	Mauretania	mythos/miskatonic-university/Mythos-MiskatonicUniversity-Mauretania.jpg	default	Event	Travel by Sea																U	On a following turn, play a new Location card featuring the Water icon in a different Region, right-side up on top of your Story Deck. May not play a new Location in the same Region	Miskatonic University	B1MU	playerNDeck
B1MU_B1MU404	Titanic	mythos/miskatonic-university/Mythos-MiskatonicUniversity-Titanic.jpg	default	Event	Travel by Sea																R	On a following turn, play a new Location card featuring the Water attribute in a different Region, right-side up on top of your Story Deck. May not play a new Location in the same Region. Remain at sea for one turn and bury one Phobia card	Miskatonic University	B1MU	playerNDeck
B1MU_B1MU405	Typhoon	mythos/miskatonic-university/Mythos-MiskatonicUniversity-Typhoon.jpg	default	Event	Storm																C	Bury Travel by Sea cards currently on top of any Story Deck, returning to former location. Ignore Sanity loss/gain, no Gate use. No Travel by Sea cards may be played while this card is in play. Bury this card if any Day or Night Event is played	Miskatonic University	B1MU	playerNDeck
B1MU_B1MU501	Bibliotheque Nationale	mythos/miskatonic-university/Mythos-MiskatonicUniversity-BibliothequeNationale.jpg	default	Location	Inside, Tome, City, Library,								Europe	Paris							C		Miskatonic University	B1MU	playerNDeck
B1MU_B1MU502	Bishop's Brook Bridge	mythos/miskatonic-university/Mythos-MiskatonicUniversity-BishopsBrookBridge.jpg	default	Location	Forest, Outside, Gate, Country, Site,			1					Lovecraft	Dunwich							C		Miskatonic University	B1MU	playerNDeck
B1MU_B1MU503	British Museum	mythos/miskatonic-university/Mythos-MiskatonicUniversity-BritishMuseum.jpg	default	Location	Water, Inside, Artifact, Tome, City, Museum,			1					Europe	London							C	Founded in 1753. Either your Investigator or an Ally must be a Professor, Student, or Scholar to play a Tome or Artifact while this is your current Location	Miskatonic University	B1MU	playerNDeck
B1MU_B1MU504	Catacombs of Rome	mythos/miskatonic-university/Mythos-MiskatonicUniversity-CatacombsOfRome.jpg	default	Location	Cemetery, Inside, Artifact, Gate, City, Underground,								Europe	Rome							C	Rather than playing a Monster card from your hand, you may instead use this Gate to summon a Living Dead Monster or Ally from your Story Deck to your Threat	Miskatonic University	B1MU	playerNDeck
B1MU_B1MU505	Chateau Des Fausses Flames	mythos/miskatonic-university/Mythos-MiskatonicUniversity-ChateauDesFaussesFlames.jpg	default	Location	Cemetery, Forest, Inside, Artifact, Gate, City, House,								Europe	Averoigne							R		Miskatonic University	B1MU	playerNDeck
B1MU_B1MU506	Cold Spring Glen	mythos/miskatonic-university/Mythos-MiskatonicUniversity-ColdSpringGlen.jpg	default	Location	Forest, Outside, Gate, Country, Site,								Lovecraft	Dunwich							U		Miskatonic University	B1MU	playerNDeck
B1MU_B1MU507	Congregational Church	mythos/miskatonic-university/Mythos-MiskatonicUniversity-CongregationalChurch.jpg	default	Location	Cemetery, Inside, Gate, Church, Country,								Lovecraft	Dunwich							R	You may remain here for one Turn and Bury one Phobia	Miskatonic University	B1MU	playerNDeck
B1MU_B1MU508	Devil's Hop Yard	mythos/miskatonic-university/Mythos-MiskatonicUniversity-DevilsHopYard.jpg	default	Location	Cemetery, Outside, Gate, Country, Site,								Lovecraft	Dunwich							U		Miskatonic University	B1MU	playerNDeck
B1MU_B1MU509	Exham Priory	mythos/miskatonic-university/Mythos-MiskatonicUniversity-ExhamPriory.jpg	default	Location	Inside, Artifact, Tome, Country, House,								Europe	Exham							C		Miskatonic University	B1MU	playerNDeck
B1MU_B1MU510	Huntingdon Asylum for Lunatics	mythos/miskatonic-university/Mythos-MiskatonicUniversity-HuntingdonAsylumForLunatics.jpg	default	Location	Forest, Inside, Country, Sanitorium,			5		Unique			Europe	Huntingdon							U	Gain 5 Sanity points now, but you must spend next Turn i therapy (playing no cards, and not passing). You may remain here for one further Turn and Bury one Phobia	Miskatonic University	B1MU	playerNDeck
B1MU_B1MU511	Il Mondo Occulto	mythos/miskatonic-university/Mythos-MiskatonicUniversity-IlMondoOcculto.jpg	default	Location	Inside, Tome, City, Press,								Europe	Turin							R	All Reporters add 1point to their card value when this card is your current Location	Miskatonic University	B1MU	playerNDeck
B1MU_B1MU512	Jermyn House	mythos/miskatonic-university/Mythos-MiskatonicUniversity-JermynHouse.jpg	default	Location	Forest, Inside, Artifact, Tome, Gate, Country, House,			-1					Europe	Huntingdon							R		Miskatonic University	B1MU	playerNDeck
B1MU_B1MU513	Knight's Head inn	mythos/miskatonic-university/Mythos-MiskatonicUniversity-KnightsHeadInn.jpg	default	Location	Inside, Gate, Business, Country,								Europe	Huntingdon							C	You may remain here for one Turn and Bury one Phobia	Miskatonic University	B1MU	playerNDeck
B1MU_B1MU514	La Mole Antonelliana	mythos/miskatonic-university/Mythos-MiskatonicUniversity-LaMoleAntonelliana.jpg	default	Location	Outside, Artifact, Gate, City, Site,								Europe	Turin							C	May use this Gate more than once, but you must bury one Spiritualist, Occultist, Musician, or Artist Ally for each additional use	Miskatonic University	B1MU	playerNDeck
B1MU_B1MU515	Miskatonic University Medical School	mythos/miskatonic-university/Mythos-MiskatonicUniversity-MiskatonicUniversityMedicalSchool.jpg	default	Location	Forest, Water, Inside, Gate, City, University,								Lovecraft	Arkham							U		Miskatonic University	B1MU	playerNDeck
B1MU_B1MU516	Miskatonic University Memorial Hall	mythos/miskatonic-university/Mythos-MiskatonicUniversity-MiskatonicUniversityMemorialHall.jpg	default	Location	Forest, Water, Inside, City, University,			1					Lovecraft	Arkham							C	All Professors and Students add 1 point to their card value when this card is your current Location	Miskatonic University	B1MU	playerNDeck
B1MU_B1MU517	Miskatonic University Orne Library	mythos/miskatonic-university/Mythos-MiskatonicUniversity-MiskatonicUniversityOrneLibrary.jpg	default	Location	Forest, Water, Inside , City, University,								Lovecraft	Arkham							C	All Professors and Students add 1 point to their card value when this card is your current Location on your Story Deck	Miskatonic University	B1MU	playerNDeck
B1MU_B1MU518	Miskatonic University Science Annex	mythos/miskatonic-university/Mythos-MiskatonicUniversity-MiskatonicUniversityScienceAnnex.jpg	default	Location	Forest, Water, Inside, City, University,								Lovecraft	Arkham							R	All Professors and Students add 1 point to their card value when this card is your current Location	Miskatonic University	B1MU	playerNDeck
B1MU_B1MU519	Old Mill Ruins	mythos/miskatonic-university/Mythos-MiskatonicUniversity-OldMillRuins.jpg	default	Location	Forest, Water, Outside, Artifact, Gate, Country, Site,								Lovecraft	Dunwich							C		Miskatonic University	B1MU	playerNDeck
B1MU_B1MU520	Osborn's General Store	mythos/miskatonic-university/Mythos-MiskatonicUniversity-OsbornsGeneralStore.jpg	default	Location	Inside, Artifact, Business, Country,			1					Lovecraft	Dunwich							C		Miskatonic University	B1MU	playerNDeck
B1MU_B1MU521	Remote Whateley Farmhouse	mythos/miskatonic-university/Mythos-MiskatonicUniversity-RemoteWhateleyFarmhouse.jpg	default	Location	Inside, Tome, Gate, Country, House,			-1					Lovecraft	Dunwich							C	All Whateley's add 1 point to their card value when this card is your current Location	Miskatonic University	B1MU	playerNDeck
B1MU_B1MU522	Sentinel Hill	mythos/miskatonic-university/Mythos-MiskatonicUniversity-SentinelHill.jpg	default	Location	Forest, Outside, Gate, Country, Site,			-1					Lovecraft	Dunwich							U		Miskatonic University	B1MU	playerNDeck
B1MU_B1MU523	Seth Bishop Ruins	mythos/miskatonic-university/Mythos-MiskatonicUniversity-SethBishopRuins.jpg	default	Location	Forest, Outside, Artifact, Gate, Country, Site,								Lovecraft	Dunwich							R		Miskatonic University	B1MU	playerNDeck
B1MU_B1MU524	Stonehenge	mythos/miskatonic-university/Mythos-MiskatonicUniversity-Stonehenge.jpg	default	Location	Outside, Gate, Country, Site,								Europe	Salisbury							C	The stars are right! You may use this Gate more than once when Aldebaran Moves in the Sky or another Star is in play	Miskatonic University	B1MU	playerNDeck
B1MU_B1MU525	The Auction House	mythos/miskatonic-university/Mythos-MiskatonicUniversity-TheAuctionHouse.jpg	default	Location	Inside, Artifact, Tome, Business, City,								Europe	Vienna							C		Miskatonic University	B1MU	playerNDeck
B1MU_B1MU526	The Catacombs Beneath Paris	mythos/miskatonic-university/Mythos-MiskatonicUniversity-TheCatacombsBeneathParis.jpg	default	Location	Cemetery, Inside, Artifact, Gate, City, Underground,								Europe	Paris							U	Rather than playing a Monster card from your hand, you may instead use this Gate to summon a Living Dead Monster or Ally from your Story Deck to your Threat.	Miskatonic University	B1MU	playerNDeck
B1MU_B1MU527	The Highland Loch	mythos/miskatonic-university/Mythos-MiskatonicUniversity-TheHighlandLoch.jpg	default	Location	Water, Outside, Artifact, Gate, Country, Site,								Europe	Scotland							C		Miskatonic University	B1MU	playerNDeck
B1MU_B1MU528	The Necropolis	mythos/miskatonic-university/Mythos-MiskatonicUniversity-TheNecropolis.jpg	default	Location	Cemetery, Inside, Tome, Gate, Country, Site, Underground,								Europe	Cerveteri							R	Rather than playing a Monster card from your hand, you may instead use this Gate to resurrect a Living Dead Monster or Ally from your Story Deck to your Threat	Miskatonic University	B1MU	playerNDeck
B1MU_B1MU529	The Office of Dr. Freud	mythos/miskatonic-university/Mythos-MiskatonicUniversity-TheOfficeOfDrFreud.jpg	default	Location	Inside, Tome, City, Sanitorium,			4		Unique			Europe	Vienna							U	Each opponent reveals the top card of their Mythos Deck. If it is a Phobia, apply to you immediatly. Otherwise, Discard it. You may not bury Phobias here	Miskatonic University	B1MU	playerNDeck
B1MU_B1MU701	Son of Yog-Sothoth	mythos/miskatonic-university/Mythos-MiskatonicUniversity-SonOfYogSothoth.jpg	default	Monster	Greater Independent		4	-2		Unique											U	Will always bypass Whateleys. Add 2 points to the value of this card when attacking an Investigator in Dunwich	Miskatonic University	B1MU	playerNDeck
B1MU_B1MU801	Angles if Tagh Clatur	mythos/miskatonic-university/Mythos-MiskatonicUniversity-AnglesIfTaghClatur.jpg	default	Spell	Eye			-1													C	Summon or Control a Lesser Servitor	Miskatonic University	B1MU	playerNDeck
B1MU_B1MU802	Dominate	mythos/miskatonic-university/Mythos-MiskatonicUniversity-Dominate.jpg	default	Spell	Cthulhu			-2													C	Replace the languages and card benefits of one of your Allies with the target Ally's languages and card benefits, for as long as your Ally remains in play. Flip target Ally	Miskatonic University	B1MU	playerNDeck
B1MU_B1MU901	De Vermiis Mysteriis	mythos/miskatonic-university/Mythos-MiskatonicUniversity-DeVermiisMysteriis.jpg	default	Tome	Eye, Folk, Water	Laton	3	-2													R		Miskatonic University	B1MU	playerNDeck
B1MU_B1MU902	Eltdown Shards Winters-Hall Ed	mythos/miskatonic-university/Mythos-MiskatonicUniversity-EltdownShardsWintersHallEd.jpg	default	Tome	Eye	English	1														C		Miskatonic University	B1MU	playerNDeck
B1MU_B1MU903	Liber Ivonis	mythos/miskatonic-university/Mythos-MiskatonicUniversity-LiberIvonis.jpg	default	Tome	Skull, Water	Latin	3	-2													C		Miskatonic University	B1MU	playerNDeck
B1MU_B1MU904	Nameless Cults Golden Goblin Ed	mythos/miskatonic-university/Mythos-MiskatonicUniversity-NamelessCultsGoldenGoblinEd.jpg	default	Tome	Eye	English	1														C		Miskatonic University	B1MU	playerNDeck
B1MU_B1MU905	Necronomicon (Greek)	mythos/miskatonic-university/Mythos-MiskatonicUniversity-NecronomiconGreek.jpg	default	Tome	Cthulhu, Yellow Sign	Greek	2	-2													C	Draw one additional card at the beginning of each Round while this card is in play. Not cumulative with other cards that allow you to increase hand size	Miskatonic University	B1MU	playerNDeck
B1MU_B1MU906	Necronomicon (Latin)	mythos/miskatonic-university/Mythos-MiskatonicUniversity-NecronomiconLatin.jpg	default	Tome	Cthulhu, Skull	Latin	3	-3													U	Draw one additional card at the beginning of each Round while this card is in play. Not cumulative with other cards that allow you to increase hand size.	Miskatonic University	B1MU	playerNDeck
B2CR_B2CR101	Assault on Y'ha Nthlei	mythos/cthulhu-rising/Mythos-CthulhuRising-AssaultOnYhaNthlei.jpg	default	Adventure	Heroic Adventure		12	4													R	After your STAND AGAINST THE ORDER, find amidst the rubble the PONAPE SCRIPTURE, R'LYEH TEXT, or CTHAAT AQUADINGEN (one of these, not in English), revealing a dire plot against humanity. Convince a STEADFAST SOLDIER of this threat, and he calls in the Navy. A U-BOAT (Travel Underwater) attacks the underwater city of Y'HA-NTHLEI. Two DEEP ONES and a SHOGGOTH counterattacks lead by FATHER DAGON or MOTHER HYDRA. Clad only in a DIVING SUIT, dash your SPHERE OF NATH to the ground, burying the inhuman edifice forever	Cthulhu Rising	B2CR	playerNDeck
B2CR_B2CR102	One of the Circle	mythos/cthulhu-rising/Mythos-CthulhuRising-OneOfTheCircle.jpg	default	Adventure	Mythos Experience		7	2													U	The Cthulhu Mythos took form when various writers wrote to one another and built on each others' creations. You, too, can become one of this circle. Of course, take inspiration from EDGAR ALLEN POE and LORD DUSANY. Then, start writing to H.P. LOVECRAFT, ROBERT W. CHAMBERS, and ARTHUR MACHEN. Finally, write a TOME of your own	Cthulhu Rising	B2CR	playerNDeck
B2CR_B2CR103	The Cruise	mythos/cthulhu-rising/Mythos-CthulhuRising-TheCruise.jpg	default	Adventure	Mythos Experience		5	2													U	Begin in a CITY/WATER LOCATION, TRAVEL BY SEA to sail to a SOUTH PACIFIC LOCATION and speak with the STEADFAST CHIEF. Then use another TRAVEL BY SEA to get back to a different CITY. There must, of course, be a STORM at sea along the way	Cthulhu Rising	B2CR	playerNDeck
B2CR_B2CR104	The Royal Geographic Society	mythos/cthulhu-rising/Mythos-CthulhuRising-TheRoyalGeographicSociety.jpg	default	Adventure	Heroic Adventure		7	2													U	Tell us tales of (one Location each) Lovecraft Country SITES, CATACOMBS in Europe, and TOMBS in the Middle East. We expect your circle of friends to include (four total Allies) AUTHORS, ARTISTS, a SCHOLAR or PROFESSOR, and an INVENTOR or EXPLORER. Your fine gift to our humble Lodge of a scandalously dangerous ARTIFACT or TOME costing at least 1 Sanity point only proves your generosity. Welcome to the Society!	Cthulhu Rising	B2CR	playerNDeck
B2CR_B2CR105	The Strange Case Of Charles Fort	mythos/cthulhu-rising/Mythos-CthulhuRising-TheStrangeCaseOfCharlesFort.jpg	default	Adventure	Heroic Adventure		11	4													R	Working with a PROFESSOR or INVENTOR, you uncover disturbing correlations between certain celestial phenomena (ALDEBARAN MOVES IN THE SKY, the FULL MOON, and an ECLIPSE) and earthly disasters including EARTHQUAKE, STORM, and DROUGHT. Field work takes you to two LOCATIONS in two different REGIONS.	Cthulhu Rising	B2CR	playerNDeck
B2CR_B2CR106	The Temple	mythos/cthulhu-rising/Mythos-CthulhuRising-TheTemple.jpg	default	Adventure	Mythos Experience		7	2													U	The legend of Lost Atlantis thrive in every culture. Behind every legend, however, lies a kernel of truth. TRAVEL UNDERWATER (U-BOAT) from any WATER LOCATION to the LOST TEMPLE OF ATLANTIS, using the DISC OF THE HYADES to find your way. Go to the Temple, and find a TOME. Then, return to a different WATER LOCATION	Cthulhu Rising	B2CR	playerNDeck
B2CR_B2CR201	Arthur Machen	mythos/cthulhu-rising/Mythos-CthulhuRising-ArthurMachen.jpg	default	Ally	Steadfast Author	English & Hyperborean	1						Europe	Any City							C	While this card is in play, subtract one from the Minimum number of cards that you may keep in your Hand. Not cumulative with other Allies that lower your Minimum	Cthulhu Rising	B2CR	playerNDeck
B2CR_B2CR202	Edgar Allen Poe	mythos/cthulhu-rising/Mythos-CthulhuRising-EdgarAllenPoe.jpg	default	Ally	Steadfast Author	English & Atlantean	2						Lovecraft	Providence							C		Cthulhu Rising	B2CR	playerNDeck
B2CR_B2CR203	George Gammell Angel	mythos/cthulhu-rising/Mythos-CthulhuRising-GeorgeGammellAngel.jpg	default	Ally	Steadfast Professor	English, Glyph	1						Lovecraft	Providence							C		Cthulhu Rising	B2CR	playerNDeck
B2CR_B2CR204	Robert W. Chambers	mythos/cthulhu-rising/Mythos-CthulhuRising-RobertWChambers.jpg	default	Ally	Steadfast Author & Artist	English & French	1						Any Site								C		Cthulhu Rising	B2CR	playerNDeck
B2CR_B2CR205	Wakalea	mythos/cthulhu-rising/Mythos-CthulhuRising-Wakalea.jpg	default	Ally	Steadfast Chief	Glyph & Hyperborean	2						South Pacific								C	Bury this card to either keep a Great Old One or Outer God in play for an additional Round, or Bury a Great Old One or Outer God in play	Cthulhu Rising	B2CR	playerNDeck
B2CR_B2CR206	William Channing Webb	mythos/cthulhu-rising/Mythos-CthulhuRising-WilliamChanningWebb.jpg	default	Ally	Steadfast Professor	English & Glyph	2						Any City								C		Cthulhu Rising	B2CR	playerNDeck
B2CR_B2CR301	Disk of the Hyades	mythos/cthulhu-rising/Mythos-CthulhuRising-DiskOfTheHyades.jpg	default	Artifact				-2													C	While this card is in play, no Living Dead Monsters may Join	Cthulhu Rising	B2CR	playerNDeck
B2CR_B2CR302	Diving Suit (v1)	mythos/cthulhu-rising/Mythos-CthulhuRising-DivingSuitV1.jpg	default	Artifact																	C	Your Investigator and all Allies are able to Breath Underwater while this card is in play	Cthulhu Rising	B2CR	playerNDeck
B2CR_B2CR303	Orne Formulae & Diagrams	mythos/cthulhu-rising/Mythos-CthulhuRising-OrneFormulaeDiagrams.jpg	default	Artifact			2	-1													R	Increase the value of any one Ally card by 2 points. If that Ally is a Corrupt Cultist, increase Spell capacity by one. If Ally is Simon Orne increase Spell capacity by two	Cthulhu Rising	B2CR	playerNDeck
B2CR_B2CR304	R'lyeh Disk Left Fragment	mythos/cthulhu-rising/Mythos-CthulhuRising-RlyehDiskLeftFragment.jpg	default	Artifact				-1		Unique											U	There are three parts to this Artifact; you must have all three to play the R'lyeh Card. Each portion of the disk in your possesion increase the value of Star Spawn by one point	Cthulhu Rising	B2CR	playerNDeck
B2CR_B2CR305	R'lyeh Disk Right Fragment	mythos/cthulhu-rising/Mythos-CthulhuRising-RlyehDiskRightFragment.jpg	default	Artifact				-1		Unique											U	There are three parts to this Artifact; you must have all three to play the R'lyeh Card. Each portion of the disk in your possesion increase the value of Star Spawn by one point	Cthulhu Rising	B2CR	playerNDeck
B2CR_B2CR306	R'lyeh Disk Top Fragment	mythos/cthulhu-rising/Mythos-CthulhuRising-RlyehDiskTopFragment.jpg	default	Artifact				-1		Unique											U	There are three parts to this Artifact; you must have all three to play the R'lyeh Card. Each portion of the disk in your possesion increase the value of Star Spawn by one point	Cthulhu Rising	B2CR	playerNDeck
B2CR_B2CR307	Space Mead	mythos/cthulhu-rising/Mythos-CthulhuRising-SpaceMead.jpg	default	Artifact				-1													U	Enchantedour Investigator and all Allies are protected while Space is an attribute of your current Location	Cthulhu Rising	B2CR	playerNDeck
B2CR_B2CR401	Aldebaran Moves in the Sky	mythos/cthulhu-rising/Mythos-CthulhuRising-AldebaranMovesInTheSky.jpg	default	Event	Star																C	If Aldebaran is not already in play, then play this card as normal. If it is already in play, then Bury it and Bury this card. When revealed, Bury all other Events (except Travel cards). While in play, only one Phobia can affect any Investigator (randomly choosen).	Cthulhu Rising	B2CR	playerNDeck
B2CR_B2CR402	Astrophobia	mythos/cthulhu-rising/Mythos-CthulhuRising-Astrophobia.jpg	default	Event	Phobia																R	Fear of the Stars. Event is played concerning a Star or Stars, and whenever it changes from Day to Night	Cthulhu Rising	B2CR	playerNDeck
B2CR_B2CR403	Schizophrenia	mythos/cthulhu-rising/Mythos-CthulhuRising-Schizophrenia.jpg	default	Event	Phobia																C	Multiple personalities. Lose 1 additional Sanity point each time that you cast a Spell	Cthulhu Rising	B2CR	playerNDeck
B2CR_B2CR404	Seaplane	mythos/cthulhu-rising/Mythos-CthulhuRising-Seaplane.jpg	default	Event	Travel by Air																R	On a following turn, play any new Location card featuring the Water attribute, in either the same or different Region, right-side up on top of your Story Deck. May travel to Locations (except Exotic) where Air Travel is normally forbidden	Cthulhu Rising	B2CR	playerNDeck
B2CR_B2CR405	Tramp Steamer	mythos/cthulhu-rising/Mythos-CthulhuRising-TrampSteamer.jpg	default	Event	Travel by Sea																C	On a following Turn play a new Location card featuring the Water attribute in either the same Region or a different Region, right-side up on top of your Story Deck	Cthulhu Rising	B2CR	playerNDeck
B2CR_B2CR406	U-Boat	mythos/cthulhu-rising/Mythos-CthulhuRising-UBoat.jpg	default	Event	Travel by Sea																U	Play this card at a Location featuring the Water attribute. On a following turn play a new Location card featuring the Water attribute either in the same Region, in a different Region, or Underwater	Cthulhu Rising	B2CR	playerNDeck
B2CR_B2CR501	Bal Sagoth	mythos/cthulhu-rising/Mythos-CthulhuRising-BalSagoth.jpg	default	Location	Cemetery, Forest, Water, Artifact, Gate, Island,			-1					South Pacific								R	This island has no airstrips. You must use a Travel by Sea card to get to this Location. May use this Gate more than once, but must pay this card's Sanity cost for each subsequent Gate use	Cthulhu Rising	B2CR	playerNDeck
B2CR_B2CR502	Celeano	mythos/cthulhu-rising/Mythos-CthulhuRising-Celeano.jpg	default	Location	Inside, Tome, Gate, Library, Site, Space,			-2		Unique			Exotic								U	Beginning each Turn, you must be able to Survive in Space or lose 5 points of Sanity. Celeano is not affected by Events or Spells that directly affect the top Location card of your Story Deck. May use this Gate more than once, but must pay this card's Sanity cost for each subsequent Gate use	Cthulhu Rising	B2CR	playerNDeck
B2CR_B2CR503	Devil Reef	mythos/cthulhu-rising/Mythos-CthulhuRising-DevilReef.jpg	default	Location	Water, Outside, Gate, Country, Site,								Lovecraft	Innsmouth							C	From this Location, just off the coast of Innsmouth, you may Walk to Y'ha-Nthlei	Cthulhu Rising	B2CR	playerNDeck
B2CR_B2CR504	Easter Island	mythos/cthulhu-rising/Mythos-CthulhuRising-EasterIsland.jpg	default	Location	Cemetery, Water, Outside, Artifact, Gate, Island, Site,								South Pacific								C	This island has no airstrips. You must use a Travel by Sea card to get to this Location.	Cthulhu Rising	B2CR	playerNDeck
B2CR_B2CR505	Harvard University Houghton Library	mythos/cthulhu-rising/Mythos-CthulhuRising-HarvardUniversityHoughtonLibrary.jpg	default	Location	Water, Inside, Tome, City, Library, Press, University,			1					Lovecraft	Boston							U	All Professors and Students add 1 point to their card value when this card is your current Location	Cthulhu Rising	B2CR	playerNDeck
B2CR_B2CR506	Lost Temple of Atlantis	mythos/cthulhu-rising/Mythos-CthulhuRising-LostTempleOfAtlantis.jpg	default	Location	Forest, Water, Inside, Tome, Gate, Site, Underwater			-2		Unique			Exotic								U	Beginning each turn, your Investigator must be able to Breath Underwater or lose 5 points of Sanity. The Lost Temple is not affected by Events or Spells that directly affects the top Location card of your Story Deck. May use this Gate more than once, but must pay this card's Sanity cost for each subsequent Gate use	Cthulhu Rising	B2CR	playerNDeck
B2CR_B2CR507	Otaheite	mythos/cthulhu-rising/Mythos-CthulhuRising-Otaheite.jpg	default	Location	Cemetery, Forest, Water, Artifact, Island, Site,			1					South Pacific								C	This island has no airstrips. You must use a Travel by Sea card to get to this Location	Cthulhu Rising	B2CR	playerNDeck
B2CR_B2CR508	Ponape	mythos/cthulhu-rising/Mythos-CthulhuRising-Ponape.jpg	default	Location	Cemetery, Forest, Water, Outside, Tome, Gate, Island, Sit			-1					South Pacific								C	This island has no airstrips. You must use a Travel by Sea card to get to this Location. May use this Gate more than once, but must pay this card's Sanity cost for each subsequent Gate use.	Cthulhu Rising	B2CR	playerNDeck
B2CR_B2CR509	Retoka	mythos/cthulhu-rising/Mythos-CthulhuRising-Retoka.jpg	default	Location	Cemetery, Forest, Water, Outside, Tome, Gate, Island, Site								South Pacific								C	This island has no airstrips. You must use a Travel by Sea card to get to this Location	Cthulhu Rising	B2CR	playerNDeck
B2CR_B2CR510	R'lyeh	mythos/cthulhu-rising/Mythos-CthulhuRising-Rlyeh.jpg	default	Location	Cemetery, Forest, Water, Outside, Tome, Gate, Island,			-2		Unique			Exotic								U	You can only play this card if your Investigator has all three pieces of the R'lyeh Disk. You must use a Travel by Sea card to get to this location. May use this Gate more than once, but must pay this card's Sanity cost for each subsequent Gate use	Cthulhu Rising	B2CR	playerNDeck
B2CR_B2CR511	Y'ha-Nthlei	mythos/cthulhu-rising/Mythos-CthulhuRising-YhaNthlei.jpg	default	Location	Forest, Water, Inside, Gate, Site, Underwater			-2		Unique			Exotic								R	Beginning each Turn, you must be able to Breath Underwater or lose 5 points of Sanity. Y'ha-Nthlei is not affected by Events or Spells that directly affect the top Location card of your Story Deck. May use this Gate more than once, but must pay this card's Sanity cost for each subsequent Gate use.	Cthulhu Rising	B2CR	playerNDeck
B2CR_B2CR701	Abhoth	mythos/cthulhu-rising/Mythos-CthulhuRising-Abhoth.jpg	default	Monster	Outer God		OG		Underground, Eclipse												U	Every Location gains the Gate attribute and each Gate can be used more than once (pay Location Sanity cost each time). Investigators may not gain Sanity.	Cthulhu Rising	B2CR	playerNDeck
B2CR_B2CR702	Byakhee	mythos/cthulhu-rising/Mythos-CthulhuRising-Byakhee.jpg	default	Monster	Lesser Servitor		4														C	Value is 6 when Aldebaran Moves in the Sky is in play. Can only affect Allies/Investigator at an Outside Location. If Contolled, can be used to Travel by Air. Can Fly to Space Locations.	Cthulhu Rising	B2CR	playerNDeck
B2CR_B2CR703	Cthulhu	mythos/cthulhu-rising/Mythos-CthulhuRising-Cthulhu.jpg	default	Monster	Great Old One		GOO		Island, Waxing Moon												U	All Monsters may join. Investigators may not gain Sanity.	Cthulhu Rising	B2CR	playerNDeck
B2CR_B2CR704	Dimensional Shambler (v2)	mythos/cthulhu-rising/Mythos-CthulhuRising-DimensionalShamblerV2.jpg	default	Monster	Lesser Independent		4	-1													C	Bypasses your Opponents Threat. Add 1 point to the va of this card if your Investigator is in any Time other than the present, or in any Exotic Location, during Combat. Joins Dimensional Shamblers.	Cthulhu Rising	B2CR	playerNDeck
B2CR_B2CR705	Hastur	mythos/cthulhu-rising/Mythos-CthulhuRising-Hastur.jpg	default	Monster	Great Old One		GOO		Outside/Country/Gate, Aldebaran Moves in the Sky												R	It is always Night. Bury all Day cards in play. Day cards may not be played. Treat all Locations (including Exotic) as if they belong to the same Region. Investigators may not gain Sanity.	Cthulhu Rising	B2CR	playerNDeck
B2CR_B2CR706	Star Spawn of Cthulhu	mythos/cthulhu-rising/Mythos-CthulhuRising-StarSpawnOfCthulhu.jpg	default	Monster	Greater Servitor		5	-2													C	Add 1 point to the value of this card for each portion of the R'lyeh Disk that your Investigator has in play. Subtract 1 point from the value of this card for each Tome featuring the Cthulhu sign possessed by the opponent this Monster attacks	Cthulhu Rising	B2CR	playerNDeck
B2CR_B2CR801	Become Spectral Hunter	mythos/cthulhu-rising/Mythos-CthulhuRising-BecomeSpectralHunter.jpg	default	Spell	Eye			-2													R	Treat target Ally as if bearing an Enchanted Weapon, and Invisible, for the remainder of this Round. Bury Ally at the conclusion of Combat.	Cthulhu Rising	B2CR	playerNDeck
B2CR_B2CR802	Body Warping of Gorgoroth	mythos/cthulhu-rising/Mythos-CthulhuRising-BodyWarpingOfGorgoroth.jpg	default	Spell	Yellow Sign			-1													R	Place target Ally face-down in his or her Investigator's Threat. Ally now functions as a Monster. Bury Ally after Combat	Cthulhu Rising	B2CR	playerNDeck
B2CR_B2CR803	Call Power of Nyambe	mythos/cthulhu-rising/Mythos-CthulhuRising-CallPowerOfNyambe.jpg	default	Spell	Yellow Sign			-2													R	Choose Allies to be affected. Tally value of cards chosen excluding Weapons or other Artifacts, and add that value to your Investigator's Sanity points. Bury the chosen Allies.	Cthulhu Rising	B2CR	playerNDeck
B2CR_B2CR804	Create Time Warp	mythos/cthulhu-rising/Mythos-CthulhuRising-CreateTimeWarp.jpg	default	Spell	Eye			-2													R	Move any Location in your Story Deck to the top of the deck. Ignore Sanity gain/loss; may reuse Gate	Cthulhu Rising	B2CR	playerNDeck
B2CR_B2CR805	Devolution	mythos/cthulhu-rising/Mythos-CthulhuRising-Devolution.jpg	default	Spell	Yellow Sign			-2													C	Replace target Corrupt Ally with a Monster card chosen from that Investigator's Story Deck. That Monster now functions as an Ally	Cthulhu Rising	B2CR	playerNDeck
B2CR_B2CR806	Dread Curse of Azathoth	mythos/cthulhu-rising/Mythos-CthulhuRising-DreadCurseOfAzathoth.jpg	default	Spell	Yellow Sign			-3													R	Bury the target Ally	Cthulhu Rising	B2CR	playerNDeck
B2CR_B2CR807	Elder Sign	mythos/cthulhu-rising/Mythos-CthulhuRising-ElderSign.jpg	default	Spell	Eye			-2													C	Make this sign to cause a Great Old One or Outer God card to be Buried. Bury this spell when used	Cthulhu Rising	B2CR	playerNDeck
B2CR_B2CR808	Fly	mythos/cthulhu-rising/Mythos-CthulhuRising-Fly.jpg	default	Spell	Folk			-1													C	Travel to any location as if Walking. May travel between Regions. May not travel to Exotic Locations	Cthulhu Rising	B2CR	playerNDeck
B2CR_B2CR809	Kiss of Dagon	mythos/cthulhu-rising/Mythos-CthulhuRising-KissOfDagon.jpg	default	Spell	Water			-1													C	Growing gills temporarily, your Investigator and all Allies are able to Breathe Underwater until the start of the next Round	Cthulhu Rising	B2CR	playerNDeck
B2CR_B2CR810	Mao Ceremony	mythos/cthulhu-rising/Mythos-CthulhuRising-MaoCeremony.jpg	default	Spell	Cthulhu			-1													R	Use this Spell to avoid the effects of all Great Old Ones or Outer Gods in play for the remainder of this Round, including Combat. You may gain Sanity	Cthulhu Rising	B2CR	playerNDeck
B2CR_B2CR811	Mist of R'lyeh	mythos/cthulhu-rising/Mythos-CthulhuRising-MistOfRlyeh.jpg	default	Spell	Cthulhu			-1													C	Target Monster becomes invisible for the remainder of this Round	Cthulhu Rising	B2CR	playerNDeck
B2CR_B2CR812	Powder of Ibn Ghazi	mythos/cthulhu-rising/Mythos-CthulhuRising-PowderOfIbnGhazi.jpg	default	Spell	Eye			-1													C	Attacking Invisible Monsters are now Visible for the remainder of this Round	Cthulhu Rising	B2CR	playerNDeck
B2CR_B2CR813	Radiance of Alsophocus	mythos/cthulhu-rising/Mythos-CthulhuRising-RadianceOfAlsophocus.jpg	default	Spell	Eye			-1													C	Eliminate the benefits of Night for all Threats for the remainder of this Round and through Combat	Cthulhu Rising	B2CR	playerNDeck
B2CR_B2CR814	Sarnath Sigil	mythos/cthulhu-rising/Mythos-CthulhuRising-SarnathSigil.jpg	default	Spell	Cthulhu			-1													C	Reduce the attack of all Greater Servitors by 3 points per Monster Card	Cthulhu Rising	B2CR	playerNDeck
B2CR_B2CR815	Song of Hastur	mythos/cthulhu-rising/Mythos-CthulhuRising-SongOfHastur.jpg	default	Spell	Yellow Sign			-2													R	Destroy knowledge! A random Spell from chosen Tome or Ally is Buried. If cast while a Waning Moon is in play, choose any Tome (plus all Spells) for your opponent to Bury	Cthulhu Rising	B2CR	playerNDeck
B2CR_B2CR816	Soul Singing	mythos/cthulhu-rising/Mythos-CthulhuRising-SoulSinging.jpg	default	Spell	Skull			-1													C	Gain 3 Sanity points when cast during a Full Moon	Cthulhu Rising	B2CR	playerNDeck
B2CR_B2CR817	Steal Life	mythos/cthulhu-rising/Mythos-CthulhuRising-StealLife.jpg	default	Spell	Yellow Sign			-2													R	Transfer to your Investigator's Sanity points the value of one opponent's Ally, excluding the value of any Artifacts or Weapons. Flip that Ally face-down	Cthulhu Rising	B2CR	playerNDeck
B2CR_B2CR818	Thirty-Five Abominable Adulations	mythos/cthulhu-rising/Mythos-CthulhuRising-ThirtyFiveAbominableAdulations.jpg	default	Spell	Yellow Sign			-1													R	Extend the time that a Great Old One or Outer God card remain in play by one full Round	Cthulhu Rising	B2CR	playerNDeck
B2CR_B2CR819	Voola Ritual	mythos/cthulhu-rising/Mythos-CthulhuRising-VoolaRitual.jpg	default	Spell	Cthulhu			-2													C	Summon or Control a Greater Servitor	Cthulhu Rising	B2CR	playerNDeck
B2CR_B2CR901	Book of Dzyan (Atlantean)	mythos/cthulhu-rising/Mythos-CthulhuRising-BookOfDzyanAtlantean.jpg	default	Tome	Folk, Yellow Sign, Water	Atlantean	3	-3													U	You know the languages of Chinese and Hyperborean while this card is in play.	Cthulhu Rising	B2CR	playerNDeck
B2CR_B2CR902	Book of Eibon (Atlantean)	mythos/cthulhu-rising/Mythos-CthulhuRising-BookOfEibonAtlantean.jpg	default	Tome	Skull, Water	Atlantean	3	-3													C	Draw one additional card at the beginning of each Round while this card is in play. Not cumulative with other cards that allow you to increase hand size	Cthulhu Rising	B2CR	playerNDeck
B2CR_B2CR903	Book of Eibon (Hyperborean)	mythos/cthulhu-rising/Mythos-CthulhuRising-BookOfEibonHyperborean.jpg	default	Tome	Skull, Water	Hyperborean	4	-4													U	Draw one additional card at the beginning of each Round while this card is in play. Not cumulative with other cards that allow you to increase Hand size	Cthulhu Rising	B2CR	playerNDeck
B2CR_B2CR904	Eltdown Shards	mythos/cthulhu-rising/Mythos-CthulhuRising-EltdownShards.jpg	default	Tome	Eye, Folk	Glyphs	2	-2													C	Yithian Mental Contact cannot be played against you while this card is in play.	Cthulhu Rising	B2CR	playerNDeck
B2CR_B2CR905	Ponape Scripture	mythos/cthulhu-rising/Mythos-CthulhuRising-PonapeScripture.jpg	default	Tome	Cthulhu, Folk, Water	Glyphs	3	-2													C	You may Breathe Underwater while this card is in play	Cthulhu Rising	B2CR	playerNDeck
B2CR_B2CR906	R'lyeh Text (Atlantean)	mythos/cthulhu-rising/Mythos-CthulhuRising-RlyehTextAtlantean.jpg	default	Tome	Cthulhu, Yellow Sign, Water	Atlantean	4	-3													C	This Tome can serve as any one of the three pieces of the R'lyeh Disk that you need in play before you can play the R'lyeh Location (no effect on Star Spawn).	Cthulhu Rising	B2CR	playerNDeck
B3LN_B3LN101	Brotherhood of the Black Pharaoh	mythos/legends-of-the-necronomicon/Mythos-LegendsOfTheNecronomicon-BrotherhoodOfTheBlackPharaoh.jpg	default	Adventure	Corrupt Adventure		9	3													R	The Brotherhood is most exclusive. First, you must find a sponsor (an ALLY who knows Arabic). You must aquire a personal collection of Mythos ARTIFACTS or TOMES that required at least 7 Sanity points to comprehend. You must have travelled to at least SIX different LOCATIONS in the Middle East. You are now a member of a Secret Society	Legends of the Necronomicon	B3LN	playerNDeck
B3LN_B3LN102	Make Money Fast	mythos/legends-of-the-necronomicon/Mythos-LegendsOfTheNecronomicon-MakeMoneyFast.jpg	default	Adventure	Corrupt Adventure		10	3													U	The OBSESSIVE/COMPULSIVE types are always collecting something. Take, for example, those collectable Mythos cards such as great CTHULHU, evil HERBERT WEST, and the mysterious KITAB AL-AZIF. Keep them out of the harmful rays of DIRECT SUNLIGHT and avoid the UNEXPECTED CALAMITY, and you might find a sucker buyer through a SURPRISE MEETING. They might even bring you enough money to put yourself through a UNIVERSITY.	Legends of the Necronomicon	B3LN	playerNDeck
B3LN_B3LN103	Save The World!	mythos/legends-of-the-necronomicon/Mythos-LegendsOfTheNecronomicon-SaveTheWorld.jpg	default	Adventure	Heroic Adventure		18	3													C	Following a MYTHOS EXPERIENCE, you spy an evil CORRUPT ALLY down by THE DOCKS loading an akward container onto a rusty TRAMP STEAMER. Stealing aboard, you search his cabin, finding two odd TOMES and the ORNE FORMULA. Hide during the DAY. The ship finally anchors at an unknown ISLAND. At a clearing, you develop a PHOBIA from their weird chanting but, screaming, you end their unholy ritual with WEAPON blazing, slaying the foul CULTIST FROM THE PAST. Your quick ELDER SIGN seals the portal just as a GREAT OLD ONE or OUTER GOD begins to manifest. The world is saved... or is it?	Legends of the Necronomicon	B3LN	playerNDeck
B3LN_B3LN104	Secrets of the Silver Twilight	mythos/legends-of-the-necronomicon/Mythos-LegendsOfTheNecronomicon-SecretsOfTheSilverTwilight.jpg	default	Adventure	Corrupt Adventure		8	2													U	The Silver Twilight demands that you find and translate a TOME in a language that you do not already speak, and learn at least two SPELLS. Come with three ALLIES to our SILVER TWILIGHT LODGE and, before JOHN SCOTT or CARL STANFORD, summon any Greater MONSTER You are now a member of the Silver Twilight Secret Society	Legends of the Necronomicon	B3LN	playerNDeck
B3LN_B3LN105	Seeking Everlasting Life I	mythos/legends-of-the-necronomicon/Mythos-LegendsOfTheNecronomicon-SeekingEverlastingLifeI.jpg	default	Adventure	Corrupt Adventure		5	1													U	The search for everlasting life has consumed the imaginations of dreamers for thousands of years. Ignoring the sage advice of two STEADFAST ALLIES, you shun their company and instead fall in with a CORRUPT ALLY offering the secret of Everlasting Life. He reveals the existence of this exclusive goal by showing you a TOME that bears the Skull icon. Here you discover the RESURRECTION spell. Your dream is possible! Your goal is within reach! (to be continued...)	Legends of the Necronomicon	B3LN	playerNDeck
B3LN_B3LN106	Seeking Everlasting Life II	mythos/legends-of-the-necronomicon/Mythos-LegendsOfTheNecronomicon-SeekingEverlastingLifeII.jpg	default	Adventure	Corrupt Adventure		6	3													U	After completing the SEEKING EVERLASTING LIFE I Adventure, you must now find a greater teacher (and more dangerous knowledge). Knowing the RESURRECTION spell now find a GRECIAN LEKYTHOS containing the "essential saltes" of an ancient magus, and successfully use the spell and artifact to Resurrect a CULTIST FROM THE PAST during the NEW MOON. He reveals that you will find everlasting life only by devoting yourself utterly to a GREAT OLD ONE or OUTER GOD	Legends of the Necronomicon	B3LN	playerNDeck
B3LN_B3LN107	Summon Great Cthulhu	mythos/legends-of-the-necronomicon/Mythos-LegendsOfTheNecronomicon-SummonGreatCthulhu.jpg	default	Adventure	Corrupt Adventure		7	5													R	In seeking ultimate power one sometimes finds ultimate power. As a member of a SECRET SOCIETY, you must gather the THREE PIECES OF THE R'LYEH DISK. Then, TRAVEL to the lost island of R'LYEH. By the light of the WAXING MOON invoke CTHULHU with your monstrous chant. You must play this Adventure card while CTHULHU is in play. From this moment on, discard or bury the CTHULHU card as a result of card play only.	Legends of the Necronomicon	B3LN	playerNDeck
B3LN_B3LN108	The Sun Worshipper	mythos/legends-of-the-necronomicon/Mythos-LegendsOfTheNecronomicon-TheSunWorshipper.jpg	default	Adventure	Corrupt Adventure		10	3													U	TRAVEL BY CAMEL to three different LOCATIONS in the MIDDLE EAST and meet two ALLIES who SPEAK ARABIC. They speak of an ancient legend foretelling of a coming DROUGHT where the searing eye of god will be revealed in a shaft of DIRECT SUNLIGHT. Using a second CAMEL card, hasten to the GREAT TEMPLE AT KARNAK. There, Summon a FIRE VAMPIRE in propitiatory worship of Amun-Ra, the Sun-God	Legends of the Necronomicon	B3LN	playerNDeck
B3LN_B3LN201	Abdul Alhazrad	mythos/legends-of-the-necronomicon/Mythos-LegendsOfTheNecronomicon-AbdulAlhazrad.jpg	default	Ally	Corrupt Cultist	Arabic & Hyperborean	3	-2		Unique		Past	Middle East								U	Can know any two Spells. Bury Spells in your Story Deck after they are cast	Legends of the Necronomicon	B3LN	playerNDeck
B3LN_B3LN202	Ahmed	mythos/legends-of-the-necronomicon/Mythos-LegendsOfTheNecronomicon-Ahmed.jpg	default	Ally	Steadfast Guide	Arabic	3						Middle East	Cairo							C	Protection from Police Investigation and from cards that cause you to lose Artifacts and Tomes. At the moment when you would lose an Artifact or Tome, you may choose to Bury this card instead. Your opponent must then Bury his or her card.	Legends of the Necronomicon	B3LN	playerNDeck
B3LN_B3LN203	Brown Jenkin	mythos/legends-of-the-necronomicon/Mythos-LegendsOfTheNecronomicon-BrownJenkin.jpg	default	Ally	Corrupt Cultist	Knows all languages	1	-1		Unique		Past	Lovecraft	Arkham							R	Can be played only with Keziah Mason, or if she is already in play. Joins with Keziah Mason	Legends of the Necronomicon	B3LN	playerNDeck
B3LN_B3LN204	Carl Stanford	mythos/legends-of-the-necronomicon/Mythos-LegendsOfTheNecronomicon-CarlStanford.jpg	default	Ally	Corrupt Cultist & Living Dead	English, Latin, Greek, Arabic, Chinese	2	-1		Unique			Lovecraft	Boston							R	A member of the Silver Twilight. Can know any one Spell. Bury Spell in your Story Deck after it is cast	Legends of the Necronomicon	B3LN	playerNDeck
B3LN_B3LN205	Faraz Najir	mythos/legends-of-the-necronomicon/Mythos-LegendsOfTheNecronomicon-FarazNajir.jpg	default	Ally	Corrupt Merchant	English & Arabic	2			Unique			Middle East	Cairo							C	You may place an Artifact card beneath this card as your Turn in any Location. If this card is Discarded or Buried, the Artifact suffers the same fate. The Artifact can be replaced with another, if lost	Legends of the Necronomicon	B3LN	playerNDeck
B3LN_B3LN206	Ibrahim Amin	mythos/legends-of-the-necronomicon/Mythos-LegendsOfTheNecronomicon-IbrahimAmin.jpg	default	Ally	Steadfast Scholar	English, French & Arabic	2						Middle East	Cairo							C	While this card is in play, subtract one from the Minimum number of cards that you may keep in your Hand. Not cumulative with another card that lowers your Minimum	Legends of the Necronomicon	B3LN	playerNDeck
B3LN_B3LN207	John Scott	mythos/legends-of-the-necronomicon/Mythos-LegendsOfTheNecronomicon-JohnScott.jpg	default	Ally	Corrupt Cultist & Living Dead	English & Greek	2						Lovecraft	Boston							U	A member of the Silver Twilight. Can know any one Spell. Bury Spell in your Story Deck after it is cast.	Legends of the Necronomicon	B3LN	playerNDeck
B3LN_B3LN208	Joseph Curwen	mythos/legends-of-the-necronomicon/Mythos-LegendsOfTheNecronomicon-JosephCurwen.jpg	default	Ally	Corrupt Cultist	Knows English, Latin, Greek	2	-1		Unique		Past	Lovecraft	Providence							R	Can know any one Spell. Bury Spell in your Story Deck after it is cast.	Legends of the Necronomicon	B3LN	playerNDeck
B3LN_B3LN209	Kalil Kareem	mythos/legends-of-the-necronomicon/Mythos-LegendsOfTheNecronomicon-KalilKareem.jpg	default	Ally	Steadfast Scholar	Arabic	1	1					Middle East	Cairo							C	While this card is in play, subtract one from the Minimum number of cards that you may keep in you Hand. Not cumulative with other Allies that lower your Minimum	Legends of the Necronomicon	B3LN	playerNDeck
B3LN_B3LN210	Keziah Mason	mythos/legends-of-the-necronomicon/Mythos-LegendsOfTheNecronomicon-KeziahMason.jpg	default	Ally	Corrupt Cultist	English	2	-1		Unique		Past	Lovecraft	Arkham							U	Can know any one Spell. Bury Spell in your Story Deck after it is cast. Joins with Brown Jenkin	Legends of the Necronomicon	B3LN	playerNDeck
B3LN_B3LN211	Olaus Wormius	mythos/legends-of-the-necronomicon/Mythos-LegendsOfTheNecronomicon-OlausWormius.jpg	default	Ally	Corrupt Cultist	Latin, Greek, Chinese, German, Atlantean	1			Unique		Past	Europe								U		Legends of the Necronomicon	B3LN	playerNDeck
B3LN_B3LN212	Richard Upton Pickman (v1)	mythos/legends-of-the-necronomicon/Mythos-LegendsOfTheNecronomicon-RichardUptonPickmanV1.jpg	default	Ally	Steadfast Artist	English	1						Lovecraft	Boston							C	If a defending Ally, you may Discard any Ghoul in any Threats attacking your Investigator at the moment that they are revealed. Then, Bury this card.	Legends of the Necronomicon	B3LN	playerNDeck
B3LN_B3LN213	Simon Orne	mythos/legends-of-the-necronomicon/Mythos-LegendsOfTheNecronomicon-SimonOrne.jpg	default	Ally	Corrupt Cultist & Living Dead	English, Hyperborean & German	2	-1		Unique			Boston or Europe	Boston							R	Can know any one Spell. Bury Spell in your Story Deck after it is cast. Simon can use the Orne Formula Artifact. Palce the card beneath this, and treat both as one card	Legends of the Necronomicon	B3LN	playerNDeck
B3LN_B3LN214	T.E. Lawrence	mythos/legends-of-the-necronomicon/Mythos-LegendsOfTheNecronomicon-TELawrence.jpg	default	Ally	Steadfast Adventurer	English & Arabic	3						Middle East	Any Country							U	As long as he is chosen as a defending Ally, he raises the card value of all other Attributes: Steadfast defending Allies by 1 point per card. Not cumulative with another Ally's Command Ability	Legends of the Necronomicon	B3LN	playerNDeck
B3LN_B3LN215	Thomas F. Malone	mythos/legends-of-the-necronomicon/Mythos-LegendsOfTheNecronomicon-ThomasFMalone.jpg	default	Ally	Steadfast Private Eye	English	3						Lovecraft	Boston							C	Protection from Police Investigation and from cards that cause you to lose Artifacts and Tomes. At the moment when you would lose an Artifact or Tome, you may choose to Bury this card instead. Your opponent must then Bury his or her card.	Legends of the Necronomicon	B3LN	playerNDeck
B3LN_B3LN301	Grecian Lekythos	mythos/legends-of-the-necronomicon/Mythos-LegendsOfTheNecronomicon-GrecianLekythos.jpg	default	Artifact																	C	While this card is in play, you can use the Resurrection Spell to play an Ally Card from the Past. Enchantedou must be in the proper Location to summon him or her	Legends of the Necronomicon	B3LN	playerNDeck
B3LN_B3LN302	Lamp of Alhazrad	mythos/legends-of-the-necronomicon/Mythos-LegendsOfTheNecronomicon-LampOfAlhazrad.jpg	default	Artifact				-1													U	Spend 1 Sanity point to add the Past attribute to your current Location. Ally cards that you play must be found in that Location in the Past. Play no new Locations until the Lamp's effects are ended	Legends of the Necronomicon	B3LN	playerNDeck
B3LN_B3LN401	Acrophobia	mythos/legends-of-the-necronomicon/Mythos-LegendsOfTheNecronomicon-Acrophobia.jpg	default	Event	Phobia																C	Fear of Heights. Lose 1 Sanity point if currently Traveling by Air and at the beginning of each Turn that you are in the Air	Legends of the Necronomicon	B3LN	playerNDeck
B3LN_B3LN402	Camel	mythos/legends-of-the-necronomicon/Mythos-LegendsOfTheNecronomicon-Camel.jpg	default	Event	Travel by Land																C	Immediately play a new Location in the same Region right-side up on top of your Story Deck	Legends of the Necronomicon	B3LN	playerNDeck
B3LN_B3LN403	Surprise Meeting	mythos/legends-of-the-necronomicon/Mythos-LegendsOfTheNecronomicon-SurpriseMeeting.jpg	default	Event																	C	Immediately play an Ally who would not normally come from this Location. Ally may come from a different Region, though not from different time or dimension. Then, Bury this card	Legends of the Necronomicon	B3LN	playerNDeck
B3LN_B3LN501	Akhenaten's Tomb	mythos/legends-of-the-necronomicon/Mythos-LegendsOfTheNecronomicon-AkhenatensTomb.jpg	default	Location	Cemetery, Inside, Artifact, Tome, Country,			-1					Middle East	Tel El-Amarna							R	May use this Gate more than once while the New Moon card is in play, but must pay this card's Sanity cost for each subsequent Gate use	Legends of the Necronomicon	B3LN	playerNDeck
B3LN_B3LN502	Al-Azhar University	mythos/legends-of-the-necronomicon/Mythos-LegendsOfTheNecronomicon-AlAzharUniversity.jpg	default	Location	Inside, City, Library, University,			2					Middle East	Cario							R	Either your Investigator or an Ally must know Arabic to play this card. All Professors and Students add one to their card value when this card is your current Location	Legends of the Necronomicon	B3LN	playerNDeck
B3LN_B3LN503	Alexandria Museum of Antiquities	mythos/legends-of-the-necronomicon/Mythos-LegendsOfTheNecronomicon-AlexandriaMuseumOfAntiquities.jpg	default	Location	Inside, Artifact, Tome, City, Museum,								Middle East	Alexandria							F		Legends of the Necronomicon	B3LN	playerNDeck
B3LN_B3LN504	Boston Globe	mythos/legends-of-the-necronomicon/Mythos-LegendsOfTheNecronomicon-BostonGlobe.jpg	default	Location	Water, Inside, Tome, City, Press,								Lovecraft	Boston							C	All Reporters add 1 point to their card value when this card is your current Location	Legends of the Necronomicon	B3LN	playerNDeck
B3LN_B3LN505	Cairo Qahwa	mythos/legends-of-the-necronomicon/Mythos-LegendsOfTheNecronomicon-CairoQahwa.jpg	default	Location	Inside, Business, City,			1					Middle East	Cairo							C	You may remain here for one Turn and Bury one Phobia	Legends of the Necronomicon	B3LN	playerNDeck
B3LN_B3LN506	City Morgue	mythos/legends-of-the-necronomicon/Mythos-LegendsOfTheNecronomicon-CityMorgue.jpg	default	Location	Cemetery, Water, Inside, City, Underground,								Lovecraft	Boston							C		Legends of the Necronomicon	B3LN	playerNDeck
B3LN_B3LN507	Copp's Hill Burying Ground	mythos/legends-of-the-necronomicon/Mythos-LegendsOfTheNecronomicon-CoppsHillBuryingGround.jpg	default	Location	Cemetery, Forest, Water, Outside, Gate, City,								Lovecraft	Boston							R		Legends of the Necronomicon	B3LN	playerNDeck
B3LN_B3LN508	Great Temple at Karnak	mythos/legends-of-the-necronomicon/Mythos-LegendsOfTheNecronomicon-GreatTempleAtKarnak.jpg	default	Location	Inside, Artifact, Tome, Gate, Country, Site,			-1					Middle East	Luxor							R	May use this Gate more than once while the Dawn of a New Day card is in play, but must pay this card's Sanity cost for each subsequent Gate use	Legends of the Necronomicon	B3LN	playerNDeck
B3LN_B3LN509	Grivas Old and New Books	mythos/legends-of-the-necronomicon/Mythos-LegendsOfTheNecronomicon-GrivasOldAndNewBooks.jpg	default	Location	Tome, Business, City								Middle East	Alexandria							C		Legends of the Necronomicon	B3LN	playerNDeck
B3LN_B3LN510	Hospital for the Insane	mythos/legends-of-the-necronomicon/Mythos-LegendsOfTheNecronomicon-HospitalForTheInsane.jpg	default	Location	Insidre, City, Sanitorium,			5		Unique			Middle East	Cairo							U	Gain 5 Sanity points now, but you must spend next turn in therapy (playing no cards, and not passing). You may reamin here for one Turn and Bury one Phobia	Legends of the Necronomicon	B3LN	playerNDeck
B3LN_B3LN511	Mosque of Amr	mythos/legends-of-the-necronomicon/Mythos-LegendsOfTheNecronomicon-MosqueOfAmr.jpg	default	Location	Inside, City, Mosque,			1					Middle East	Cairo							C	You may remain here for one Turn and Bury one Phobia	Legends of the Necronomicon	B3LN	playerNDeck
B3LN_B3LN512	Mosque of Ibn Tulun	mythos/legends-of-the-necronomicon/Mythos-LegendsOfTheNecronomicon-MosqueOfIbnTulun.jpg	default	Location	Inside, City, Mosque, Sanitorium,			4		Unique			Middle East	Cairo							U	Gain 4 Sanity points, but reveal the top card of your Mythos Deck. Allpy any Sanity gain or loss indicated on the card, then Discard it. You may remain here for a Turn and Bury one Phobia	Legends of the Necronomicon	B3LN	playerNDeck
B3LN_B3LN513	Pickmans Apartment	mythos/legends-of-the-necronomicon/Mythos-LegendsOfTheNecronomicon-PickmansApartment.jpg	default	Location	Water, Inside , Tome, City, House, Underground,								Lovecraft	Boston							R		Legends of the Necronomicon	B3LN	playerNDeck
B3LN_B3LN514	Silver Twilight Lodge	mythos/legends-of-the-necronomicon/Mythos-LegendsOfTheNecronomicon-SilverTwilightLodge.jpg	default	Location	Water, Inside, Artifact, Tome, Gate, City, Society,			-1					Lovecraft	Boston							U	May use this Gate more than once whenever a Night card is in play, but must pay this card's Sanity cost for each subsequent Gate use	Legends of the Necronomicon	B3LN	playerNDeck
B3LN_B3LN515	Societe Royale De Geographic D'egypte	mythos/legends-of-the-necronomicon/Mythos-LegendsOfTheNecronomicon-SocieteRoyaleDeGeographicDegypte.jpg	default	Location	Inside, Tome, City, Society,								Middle East	Cairo							C		Legends of the Necronomicon	B3LN	playerNDeck
B3LN_B3LN516	The Docks	mythos/legends-of-the-necronomicon/Mythos-LegendsOfTheNecronomicon-TheDocks.jpg	default	Location	Water, Outside, Artifact, City, Site,			1					Lovecraft	Boston							C	While this is your current Location, as your Turn you may spend 2 Sanity points to recover one Artifact chosen from your Story Deck	Legends of the Necronomicon	B3LN	playerNDeck
B3LN_B3LN517	The Muski	mythos/legends-of-the-necronomicon/Mythos-LegendsOfTheNecronomicon-TheMuski.jpg	default	Location	Outside, Artifact, Tome, Business, City,								Middle East	Cairo							C		Legends of the Necronomicon	B3LN	playerNDeck
B3LN_B3LN518	The Sphinx	mythos/legends-of-the-necronomicon/Mythos-LegendsOfTheNecronomicon-TheSphinx.jpg	default	Location	Outside, Gate, Country, Site,								Middle East	Gize							C	You may remain here for one Turn and Bury one Phobia	Legends of the Necronomicon	B3LN	playerNDeck
B3LN_B3LN519	Tomb of the Prophet Daniel	mythos/legends-of-the-necronomicon/Mythos-LegendsOfTheNecronomicon-TombOfTheProphetDaniel.jpg	default	Location	Cemetery, Water, Inside, Artifact, City, Underground,								Middle East	Alexandria							R		Legends of the Necronomicon	B3LN	playerNDeck
B3LN_B3LN520	Tree of Sayede Mandura	mythos/legends-of-the-necronomicon/Mythos-LegendsOfTheNecronomicon-TreeOfSayedeMandura.jpg	default	Location	Forest, Outside, Gate, City, Site,								Middle East	Cairo							C	While this is your current Location, one Ally of your choice is excluded when determining the results of an Epidemic	Legends of the Necronomicon	B3LN	playerNDeck
B3LN_B3LN521	Valley of the Kings	mythos/legends-of-the-necronomicon/Mythos-LegendsOfTheNecronomicon-ValleyOfTheKings.jpg	default	Location	Cemetery, Outside, Artifact, Tome, Gate, Country, Site, Underground,			-1					Middle East	Luxor							U		Legends of the Necronomicon	B3LN	playerNDeck
B3LN_B3LN701	Dhole (v2)	mythos/legends-of-the-necronomicon/Mythos-LegendsOfTheNecronomicon-DholeV2.jpg	default	Monster	Greater Independent		3	-1													C	+2 Value if you are in an Underground Location during Combat. Summon to Travel Underground (Can play any Underground region next turn). Joins Dholes.	Legends of the Necronomicon	B3LN	playerNDeck
B3LN_B3LN702	Mummy	mythos/legends-of-the-necronomicon/Mythos-LegendsOfTheNecronomicon-Mummy.jpg	default	Monster	Lesser Servitor		3	-1													C	Add 1 to the value of this card if either you or your opponent is in a Cemetery. Joins with Mummies	Legends of the Necronomicon	B3LN	playerNDeck
B3LN_B3LN703	Sand Dwellers	mythos/legends-of-the-necronomicon/Mythos-LegendsOfTheNecronomicon-SandDwellers.jpg	default	Monster	Lesser Servitor		3	-1													C	Subtract 1 from the value of this card if your opponent is in a Water Location. Add 2 during Drought. Joins other Sand Dwellers	Legends of the Necronomicon	B3LN	playerNDeck
B3LN_B3LN704	The Chosen of Bast	mythos/legends-of-the-necronomicon/Mythos-LegendsOfTheNecronomicon-TheChosenOfBast.jpg	default	Monster	Lesser Servitor		2														C	Add 1 to the value of this card if either you or your opponent is in a Middle East Location. Joins Chosen of Bast	Legends of the Necronomicon	B3LN	playerNDeck
B3LN_B3LN801	Command the Dead	mythos/legends-of-the-necronomicon/Mythos-LegendsOfTheNecronomicon-CommandTheDead.jpg	default	Spell	Skull			-2													C	Summon or Control a Living Dead Monster	Legends of the Necronomicon	B3LN	playerNDeck
B3LN_B3LN802	Consume Likeness	mythos/legends-of-the-necronomicon/Mythos-LegendsOfTheNecronomicon-ConsumeLikeness.jpg	default	Spell	Skull			-1													R	Replace target Ally with any Ally Buried in your Story Deck. You must pay any Sanity costs listed on replacement Ally card	Legends of the Necronomicon	B3LN	playerNDeck
B3LN_B3LN803	Create Bad Corpse Dust	mythos/legends-of-the-necronomicon/Mythos-LegendsOfTheNecronomicon-CreateBadCorpseDust.jpg	default	Spell	Skull			-1													C	Reduce the attack of any Living Dead in opponent's Threat by 2 points per card to a minimum of 1 per card	Legends of the Necronomicon	B3LN	playerNDeck
B3LN_B3LN804	Create Gate	mythos/legends-of-the-necronomicon/Mythos-LegendsOfTheNecronomicon-CreateGate.jpg	default	Spell	Eye			-1													C	Immediately play a Monster card to your Mythos Threat, whether or not you previously played a Monster card at your current Location. You must pay any Sanity cost for playing the Monster card.	Legends of the Necronomicon	B3LN	playerNDeck
B3LN_B3LN805	Eibon's Wheel of Mist	mythos/legends-of-the-necronomicon/Mythos-LegendsOfTheNecronomicon-EibonsWheelOfMist.jpg	default	Spell	Skull			-1													R	Reduce the attack of Greater and Lesser Servitors by 2 points per Monster card	Legends of the Necronomicon	B3LN	playerNDeck
B3LN_B3LN806	Orne's Black	mythos/legends-of-the-necronomicon/Mythos-LegendsOfTheNecronomicon-OrnesBlack.jpg	default	Spell	Skull			-1													C	Protects all Monsters in all Threats from the effects of any Day Event card for the remainder of this Round and through Combat	Legends of the Necronomicon	B3LN	playerNDeck
B3LN_B3LN807	Remortification	mythos/legends-of-the-necronomicon/Mythos-LegendsOfTheNecronomicon-Remortification.jpg	default	Spell	Skull			-2													R	Just after Combat is concluded, all Allies lost during this round's Combat rise against the Investigator whose Threat caused their demise. That Investigator may use his or her Allies in defense	Legends of the Necronomicon	B3LN	playerNDeck
B3LN_B3LN808	Resurrection	mythos/legends-of-the-necronomicon/Mythos-LegendsOfTheNecronomicon-Resurrection.jpg	default	Spell	Skull			-2													C	Bring one Ally back into play from your Story Deck. Resurrected Allies count as Living Dead. Place two pennies on the Ally card to indicate Living Dead status. Alternatively, with Grecian Lekythos can play an Ally card from the Past	Legends of the Necronomicon	B3LN	playerNDeck
B3LN_B3LN809	Sign of Barzai	mythos/legends-of-the-necronomicon/Mythos-LegendsOfTheNecronomicon-SignOfBarzai.jpg	default	Spell	Skull			-2													C	Bury an opponent's Ally up to 3 points (excluding Weapon) except Living Dead	Legends of the Necronomicon	B3LN	playerNDeck
B3LN_B3LN901	Book of Eibon (English)	mythos/legends-of-the-necronomicon/Mythos-LegendsOfTheNecronomicon-BookOfEibonEnglish.jpg	default	Tome	Skull	English	1														C		Legends of the Necronomicon	B3LN	playerNDeck
B3LN_B3LN902	Kitab Al Azif-Arabic	mythos/legends-of-the-necronomicon/Mythos-LegendsOfTheNecronomicon-KitabAlAzifArabic.jpg	default	Tome	Cthulhu, Eye, Skull, Yellow Sign	Arabic	4	-4		Unique											U	While this card is in play, you may choose to play Monster cards face-up as Allies, or Allies face-down as Monsters, becoming part of your Threat.	Legends of the Necronomicon	B3LN	playerNDeck
B3LN_B3LN903	Livre d'Ivon	mythos/legends-of-the-necronomicon/Mythos-LegendsOfTheNecronomicon-LivreDIvon.jpg	default	Tome	Cthulhu, Skull	French	2	-1													U		Legends of the Necronomicon	B3LN	playerNDeck
B3LN_B3LN904	R'lyeh Text (Chinese)	mythos/legends-of-the-necronomicon/Mythos-LegendsOfTheNecronomicon-RlyehTextChinese.jpg	default	Tome	Cthulhu, Yellow Sign, Water	Chinese	2	-2													R	This Tome can serve as any one of the three pieces of the R'lyeh Disk that you need in play before you can play the R'lyeh Location (no effect on Star Spawn).	Legends of the Necronomicon	B3LN	playerNDeck
B3LN_B3LN905	Seven Cryptical Books of H'san (Chinese	mythos/legends-of-the-necronomicon/Mythos-LegendsOfTheNecronomicon-SevenCrypticalBooksOfHsanChinese.jpg	default	Tome	Folk, Yellow Sign	Chinese	4	-3													R	Draw one additional card at the beginning of each Round while this card is in play. Not cumulative with other cards that allow you to increase hand size.	Legends of the Necronomicon	B3LN	playerNDeck
Dreamlands_DL101	A Lender Be	mythos/dreamlands/Mythos-Dreamlands-ALenderBe.jpg	default	Adventure	Fantastic Dream		5	2													C	You were so enamored of books that your goal was to be a librarian like your mentor TUKOR. He set you a task: You must discover 2 TOMES in different languages, and within them 2 SPELLS with different icons. You had to travel to 3 different GREAT LIBRARY OF THE DREAMLANDS cards, but in the end you succeeded. (When you play this card you may move your Spells among legal Tomes and Allies who can know a Spell)	Dreamlands	Dreamlands	playerNDeck
Dreamlands_DL102	A Midsummer Night's Dream	mythos/dreamlands/Mythos-Dreamlands-AMidsummerNightsDream.jpg	default	Adventure	Mythos Experience		8	2													R	When THE CHILDREN HAVE SWEET DREAMS, you are finally able to rest. Falling asleep, you leave your Waking World HOUSE behind and find yourself wandering through the GATE OF DEEPER SLUMBER and into the CAVERN OF FLAME. Then the NIGHTMARE strikes! You wake to find yourself at a Waking World SITE! How did you get here? And what's that you're holding? (If you are in the Waking Wlord when this card is played, you may also play one Dreamlands Artifact or Tome).	Dreamlands	Dreamlands	playerNDeck
Dreamlands_DL103	Armed and Clueless	mythos/dreamlands/Mythos-Dreamlands-ArmedAndClueless.jpg	default	Adventure	Fantastic Dream		7	3													R	You first came across it in the old RUINS. What is this ENCHANTED WEAPON, and how does it work? You knew the ancient DREAMER could figure it out, but how to find him? You travelled to a LOCATION in the EAST, and then a LOCATION in the WEST, and finally found him in an EXOTIC LOCATION.	Dreamlands	Dreamlands	playerNDeck
Dreamlands_DL104	Beyond Your Wildest Dreams	mythos/dreamlands/Mythos-Dreamlands-BeyondYourWildestDreams.jpg	default	Adventure	Fantastic Dream		5	2													C	All your life you thought magic a child's myth, but now you know the magnificent truth! To begin you journey to a distant EXOTIC LOCATION - first TRAVEL BY LAND, and then TRAVEL BY AIR. Once there, with the proper STAR in the sky, you take out the ancient TOME and chant the SPELL found within. You perform the magical rites of inititiation, and now may call yourself a PRIEST of the eternal powers.	Dreamlands	Dreamlands	playerNDeck
Dreamlands_DL105	Carter's Quest	mythos/dreamlands/Mythos-Dreamlands-CartersQuest.jpg	default	Adventure	Heroic Adventure		12	4													R	Using CARTER'S CLOCK, you met up with fellow explorer RANDOLPH CARTER at a SITE during a FANTASTIC DREAM. He told you about THE SNAKE-DEN, near the LAIR of a MONSTER. To reach it you traveled on a ZEBRA or YAK (choose one) and met a CORRUPT CULTIST who knew the way to the ISLAND LOCATION. You and your FRIEND went on to the CASTLE OF THE GREAT ONES ON KADATH, and then retruned to tell your story to the KING.	Dreamlands	Dreamlands	playerNDeck
Dreamlands_DL106	Come Sail Away	mythos/dreamlands/Mythos-Dreamlands-ComeSailAway.jpg	default	Adventure	Mythos Experience		6	2													C	Living in a quiet KINGSPORT LOCATION, you thought your life would never change. But one day the old SEAMAN invited you to TRAVEL BY SEA to lands he said you had never even imagined. Saying good-bye to your old friend BASIL ELTON, you set sail across the starlit seas. After what seemed like months of drifting with the winds, you saw a LIGHTHOUSE in the distance, and finally made PORT at a DREAMLANDS LOCATION.	Dreamlands	Dreamlands	playerNDeck
Dreamlands_DL107	Days of Wine and Roses	mythos/dreamlands/Mythos-Dreamlands-DaysOfWineAndRoses.jpg	default	Adventure	Fantastic Dream		10	3													R	The roses were blooming by the HOUSE LOCATION in Kingsport when you first noticed the SUN SPOTS. As if in a dream you travelled to the HARBOR OF CELEPHAIS, where you played the LUTE OF OONAI and drank the WINE OF PNOTH. But alas, with EVENING comes sorrow, and you lost your beloved STEADFAST ALLY to the AWFUL DOOM OF CERRIT.	Dreamlands	Dreamlands	playerNDeck
Dreamlands_DL108	Doomed if You Do	mythos/dreamlands/Mythos-Dreamlands-DoomedIfYouDo.jpg	default	Adventure	Corrupt Adventure		8	3													C	The power must be yours! You listened to the whispers of your LIVING DEAD ALLY and became obsessed with learning the secrets of the Gods. Searching all over MNAR (3 different locations), you finally discovered an elusive BEING OF IB who would teach you the rites to propitiate the Great Old One BOKRUG. In the favor of the god, you were taught the SPELL that can only be found in the TOME with a Dream Icon.	Dreamlands	Dreamlands	playerNDeck
Dreamlands_DL109	Four-Armed is Forewarned	mythos/dreamlands/Mythos-Dreamlands-FourArmedIsForewarned.jpg	default	Adventure	Heroic Adventure		5	2													C	Ah, the lure of the mysterious underworld - what will you meet in the dark land of the realm of dream? It is wise to go prepared, and so you bring your favourite WEAPON and an EXPLORER. By NIGHT you travel deep to TWO different UNDERWORLD LOCATIONS. But how could you have known of the terrible horror of the towering GUG?!? Your Weapon and Ally protect you; still you cannot erase that dark memory that etched a PHOBIA into your psyche.	Dreamlands	Dreamlands	playerNDeck
Dreamlands_DL110	If I Ran the Zoog	mythos/dreamlands/Mythos-Dreamlands-IfIRanTheZoog.jpg	default	Adventure	Heroic Adventure		13	3													U	I'd galumpf on the back of my big hairy Yak, to TRAVEL so far by the light of a STAR. To the dark OPAL THRONE where the KING sits alone, corralling, at noonith, a burrowing VOONITH. And in the VALE OF PNOTH snag a big BUOPOTH. I would capture a GUG in the TEMPLE OF BOKRUG, and then to the glen where they're dancing to fugues those whirlingly, twirlingly, ANGRY ZOOGS.	Dreamlands	Dreamlands	playerNDeck
Dreamlands_DL111	Moon Quest	mythos/dreamlands/Mythos-Dreamlands-MoonQuest.jpg	default	Adventure	Corrupt Adventure		8	4													U	One NIGHT, as the Moon's silvery light slides across your sleeping face, you are met by the KING OF ILEK-VAD, who asks you to accompany him on his journey to capture an exotic creature on the Moon. To get there, you must meet with a disreputable MERCHANT in an unsavoury LOCATION (any Location that costs Sanity). He takes the two of you in the hold of his noisome BLACK GALLEY to the FAR SIDE OF THE MOON, where you encounter a MOON-BEAST and return with to his kingdom.	Dreamlands	Dreamlands	playerNDeck
Dreamlands_DL112	Perchance	mythos/dreamlands/Mythos-Dreamlands-Perchance.jpg	default	Adventure	Fantastic Dream		5	1													C	It was a quiet DAY as you sat dreamily enjoying the WINE OF PNOTH that your friend had brought back from her trip to the old country. Then in what seemed an instant, the sky turned black; a TWISTER ripped your HOUSE into the sky and dropped you down outside a glittering PALACE. Luckily your house crushed a MONSTER. What an EVENT! Was it all a dream?	Dreamlands	Dreamlands	playerNDeck
Dreamlands_DL113	The Art of Magic	mythos/dreamlands/Mythos-Dreamlands-TheArtOfMagic.jpg	default	Adventure	Corrupt Adventure		5	2													U	Learning the Art of Magic is not simple. You must visit a LIBRARY, a SITE, and a COUNTRY GATE LOCATION to gain knowledge. Meet with TWO ALLIES that are either Spiritualists, Occultists, Priests, or Dreamers. Only then will you be able to translate a TOME with the Dream Icon, and learn a SPELL.	Dreamlands	Dreamlands	playerNDeck
Dreamlands_DL114	The Even Stranger Case of Charles Fort	mythos/dreamlands/Mythos-Dreamlands-TheEvenStrangerCaseOfCharlesFort.jpg	default	Adventure	Mythos Experience		6	2													R	When you began investigating strange phenomena for that fine GENTLEMAN, you didn't quite know what you were getting into . The RAIN OF FISH and SWARM OF INSECTS scared you a bit, but you didn't develop a PHOBIA until the STRANGE HUMANOID ENCOUNTER. You've decided to try and get away from it all in the COUNTRY. If that doesn't work, you'll head out to a PORT or STATION and leave town. The truth is out there...	Dreamlands	Dreamlands	playerNDeck
Dreamlands_DL115	The Gathering	mythos/dreamlands/Mythos-Dreamlands-TheGathering.jpg	default	Adventure	Heroic Adventure		7	2													C	Before any great quest, there must first come a gathering of forces. To unite your companions, the CHIEF, the PRIEST, the MERCHANT, and the DREAMER, you must journey to THREE LOCATIONS in different cities, towns or villages. To equip yourself, you must find your destined WEAPON and the ACCOUTERMENTS OF HEROES. Finally, to purify yourself, you must visit a holy place (a CHURCH or a TEMPLE). You are ready... (When this card is played, you may take any one Chief, Priest, Merchant, or Dreamer from your Story Deck and return it to play.)	Dreamlands	Dreamlands	playerNDeck
Dreamlands_DL116	The Great Menagerie	mythos/dreamlands/Mythos-Dreamlands-TheGreatMenagerie.jpg	default	Adventure	Corrupt Adventure		6	2													C	It is your goal to gather together a fantastic menagerie of the most splendid creatures in the world. With the help of your friend (any ADVENTURER or EXPLORER), journey to THREE different OUTSIDE LOCATIONS, and discover FOUR MONSTERS of different subtypes. Once your creatures have been gathered, you will need to find a nice CITY LOCATION to house your menagerie in.	Dreamlands	Dreamlands	playerNDeck
Dreamlands_DL117	The Hero's Journey	mythos/dreamlands/Mythos-Dreamlands-TheHerosJourney.jpg	default	Adventure	Heroic Adventure		7	2													U	After THE GATHERING, your heroic journey can begin. You travel extensively, using TWO TRAVEL EVENTS, to track the evil that lies across the land. You even descend to the UNDERWORLD (any Location in the Underworld region). From this realm of death you return reborn, emerging at any non-Underworld LOCATION. Finally, finding the evil that plagues the land (any GREAT OLD ONE or OUTER GOD), you dispatch it! A new DAY dawns... (When this card is played, Bury all Great Old Ones and Outer Gods currently in play. Then gain the Sanity bonus for playing this card.)	Dreamlands	Dreamlands	playerNDeck
Dreamlands_DL118	The Meow Ceremony	mythos/dreamlands/Mythos-Dreamlands-TheMeowCeremony.jpg	default	Adventure	Heroic Adventure		7	2													C	Catastrophe! Who's been killing the CATS OF ULTHAR? Who left that corpse at THE MARKET-PLACE, or the other at THE WHITE WHALE INN? Is it the hated CAT FROM SATURN, as some suggest? The CAT CHIEFTAN calls a meeting of all cats, and they converge upon the HOVEL OF THE CAT HATERS, putting an end to this horror with the PETITION OF MENES.	Dreamlands	Dreamlands	playerNDeck
Dreamlands_DL119	The Sorcerer's Apprentice	mythos/dreamlands/Mythos-Dreamlands-TheSorcerersApprentice.jpg	default	Adventure	Fantastic Dream		9	2													R	You should never have messed with the Master's TOME! How could you know that the SPELL would sweep you away to THE ENCHANTED WOOD? You may never have escaped those dancing mushrooms if the pink ELEPHANT CARAVAN hadn't shown up. Just when you thought you were safe, tittering NIGHTGAUNTS carried you off to the PEAKS OF THOK. There a giant demon reveled amongst the flames threatening a nearby TOWN. If it were not for the monks of the TEMPLE OF LOVELINESS you would never again have seen the light of DAY.	Dreamlands	Dreamlands	playerNDeck
Dreamlands_DL201	Atal the High Priest	mythos/dreamlands/Mythos-Dreamlands-AtalTheHighPriest.jpg	default	Ally	Steadfast Priest	English & Latin	1				Dreamlands		The West	Ulthar							U	You may Bury Atal the High Priest instead of paying the Sanity cost for casting a Spell.	Dreamlands	Dreamlands	playerNDeck
Dreamlands_DL202	Basil Elton	mythos/dreamlands/Mythos-Dreamlands-BasilElton.jpg	default	Ally	Steadfast Dreamer	English	2						Lovecraft	Kingsport							C	You may use any Travel by Sea Event to travel within the same Region	Dreamlands	Dreamlands	playerNDeck
Dreamlands_DL203	Barzai The Wise	mythos/dreamlands/Mythos-Dreamlands-BarzaiTheWise.jpg	default	Ally	Steadfast Occultist	English	1			Unique	Dreamlands			Ulthar								Can know any two Dream icon Spells; can know any one Spell otherwise. Bury Speel after it is cast.	Dreamlands	Dreamlands	playerNDeck
Dreamlands_DL204	Captain of the White Ship	mythos/dreamlands/Mythos-Dreamlands-CaptainOfTheWhiteShip.jpg	default	Ally	Steadfast Dreamer & Seaman	English	1						Any Water								C	This card can be played in the Dreamlands or in the Waking World. You may play a Travel by Sea Event when normally prohibited by a Storm Event	Dreamlands	Dreamlands	playerNDeck
Dreamlands_DL205	Cat Chieftain	mythos/dreamlands/Mythos-Dreamlands-CatChieftain.jpg	default	Ally	Steadfast Chief	Knows no languages	1	1			Dreamlands		The West	Ulthar							C	If your current Location features the City attribute you may flip this card face-down and immediately play a new Location that features the City attribute from the same Region right-side up on top of your Story Deck.	Dreamlands	Dreamlands	playerNDeck
Dreamlands_DL206	Etienne-Laurent de Marigny	mythos/dreamlands/Mythos-Dreamlands-EtienneLaurentDeMarigny.jpg	default	Ally	Steadfast Dreamer & Explorer	English, Greek & French	1						Lovecraft	Any City							R		Dreamlands	Dreamlands	playerNDeck
Dreamlands_DL207	Ghost-Being of Ib	mythos/dreamlands/Mythos-Dreamlands-GhostBeingOfIb.jpg	default	Ally	Corrupt Cultist & Living Dead	Glyph	1				Dreamlands		The West	Mnar							U	Flip the Ghost-Being of Ib face down to cause an opponent to Flip an Artifact of your choice face down.	Dreamlands	Dreamlands	playerNDeck
Dreamlands_DL208	Haragrim	mythos/dreamlands/Mythos-Dreamlands-Haragrim.jpg	default	Ally	Steadfast Soldier	English	3				Dreamlands		The East	Celephais							R	Protection from cards that cause you to lose Artifacts and Tomes. At the moment when you would lose an Artifact or Tome, you may Bury Haragrim instead. Your opponent must then Bury his or her card.	Dreamlands	Dreamlands	playerNDeck
Dreamlands_DL209	Hesper Payne	mythos/dreamlands/Mythos-Dreamlands-HesperPayne.jpg	default	Ally	Corrupt Cultist & Spiritualist	English & Greek	2	-1		Unique	Dreamlands		The East	Rinar							R	Can know any one Spell. Bury Spell after it is cast.	Dreamlands	Dreamlands	playerNDeck
Dreamlands_DL210	Howard Lovecraft (v2)	mythos/dreamlands/Mythos-Dreamlands-HowardLovecraftV2.jpg	default	Ally	Steadfast Author & Dreamer	English & Hyperborean	1	1			Dreamlands		Any Dreamland								C	Flip this card face-down to draw a new card from the top of your Mythos deck.	Dreamlands	Dreamlands	playerNDeck
Dreamlands_DL211	Ibbix the Harbormaster	mythos/dreamlands/Mythos-Dreamlands-IbbixTheHarbormaster.jpg	default	Ally	Steadfast Seaman	English	2				Dreamlands		The East	Celephais							R	If your current Location is a Travel by Sea Event, you may play a Location that does not feature the Water attribute but otherwise meets the requirements of the Travel by Sea Event.	Dreamlands	Dreamlands	playerNDeck
Dreamlands_DL212	Iranon the Explorer	mythos/dreamlands/Mythos-Dreamlands-IranonTheExplorer.jpg	default	Ally	Steadfast Musician & Explorer	English	2				Dreamlands		Any Site								C	Spend a turn with Iranon in any Country Site Location and Bury one Phobia affecting your Investigator	Dreamlands	Dreamlands	playerNDeck
Dreamlands_DL213	King Kuranes	mythos/dreamlands/Mythos-Dreamlands-KingKuranes.jpg	default	Ally	Steadfast King & Gentleman	English	3				Dreamlands		The East	Celephais							U	As long as he is chosen as a defending Ally, King Kuranes raises the value of all Defending Attributes: Steadfast Allies by 1 point per card. Not cumulative with another Ally's Command Ability	Dreamlands	Dreamlands	playerNDeck
Dreamlands_DL214	Kranon	mythos/dreamlands/Mythos-Dreamlands-Kranon.jpg	default	Ally	Steadfast Gentleman	English	2				Dreamlands		The West	Ulthar							C	Burgomaster of Ulthar. During combat, if your current location is in Ulthar, subtract 1 from each Directed Threat attacking your Investigator	Dreamlands	Dreamlands	playerNDeck
Dreamlands_DL215	Lin Carter	mythos/dreamlands/Mythos-Dreamlands-LinCarter.jpg	default	Ally	Steadfast Author & Dreamer	English & Atlantean	1						Any Site								U	As a Turn you may Flip this card face-down and draw a new card from the top of your Mythos deck.	Dreamlands	Dreamlands	playerNDeck
Dreamlands_DL216	Merchant of Ill Repute	mythos/dreamlands/Mythos-Dreamlands-MerchantOfIllRepute.jpg	default	Ally	Corrupt Cultist & Merchant	English	1			Unique			The West	Dylath-Leen							C	Bury the Merchant of Ill Repute to cause an opponent to Bury a random Artifact.	Dreamlands	Dreamlands	playerNDeck
Dreamlands_DL217	Nasht & Kaman-Thah	mythos/dreamlands/Mythos-Dreamlands-NashtKamanThah.jpg	default	Ally	Steadfast Priest	English & Latin	2	1			Dreamlands		Any Temple								C	While your current Location is The Cavern of Flame, Bury Nasht & Kaman-Thah to play immediately any Waking World Location (except Exotic) right-side-up.	Dreamlands	Dreamlands	playerNDeck
Dreamlands_DL218	Old Woman of the Enchanted Wood	mythos/dreamlands/Mythos-Dreamlands-OldWomanOfTheEnchantedWood.jpg	default	Ally	Corrupt Cultist	English	1	-1		Unique	Dreamlands		The West	Oukranos Wilds							U	Bury The Old Woman of the Enchanted Wood to cause an opponent to Discard one random Steadfast Ally.	Dreamlands	Dreamlands	playerNDeck
Dreamlands_DL219	Randolph Carter	mythos/dreamlands/Mythos-Dreamlands-RandolphCarter.jpg	default	Ally	Steadfast Dreamer	English	2						Any Country								C	This card can be played in the Dreamlands or in the Waking World. If your Current Location is in the Dreamlands, Randoph Carter can join with any one Attributes: Steadfast Ally.	Dreamlands	Dreamlands	playerNDeck
Dreamlands_DL220	Richard Upton Pickman (v2)	mythos/dreamlands/Mythos-Dreamlands-RichardUptonPickmanV2.jpg	default	Ally	Corrupt Friend	English	1						Any Cemetery								C	This card can be played in the Dreamlands or in the Waking World. You may use a Gate at Cemetery Locations to play Ghouls as Allies.	Dreamlands	Dreamlands	playerNDeck
Dreamlands_DL221	Taran-Ish	mythos/dreamlands/Mythos-Dreamlands-TaranIsh.jpg	default	Ally	Steadfast Priest & Living Dead	English & Glyph	1			Unique	Dreamlands		The West	Mnar							C	Can know any one Spell. When Spell is cast you may choose to Flip the Spell face-down and pay its Sanity cost instead of Burying it.	Dreamlands	Dreamlands	playerNDeck
Dreamlands_DL222	The Hunter	mythos/dreamlands/Mythos-Dreamlands-TheHunter.jpg	default	Ally	Steadfast Adventurer	English	2				Dreamlands		Any Country								U	You may Bury The Hunter instead of paying the Sanity cost for playing one Mythos card to your threat.	Dreamlands	Dreamlands	playerNDeck
Dreamlands_DL223	The King of Ilek-Vad	mythos/dreamlands/Mythos-Dreamlands-TheKingOfIlekVad.jpg	default	Ally	Steadfast King	English & Hyperborean	3	1			Dreamlands		The East	Iiek-Vad							C	To play this card you must also Bury Randolph Carter; you may not play Carter while you have the King of Ilek-Vad in play. Flip this card face-down to draw two new cards from the top of your Mythos deck.	Dreamlands	Dreamlands	playerNDeck
Dreamlands_DL224	Tukor	mythos/dreamlands/Mythos-Dreamlands-Tukor.jpg	default	Ally	Steadfast Scholar	Glyph, Hyperborean & Atlantean	1				Dreamlands		Any Library								C	Master Librarian of the Great Library of the Dreamlands. As your Turn you may Bury this card and play a Tome in any Location	Dreamlands	Dreamlands	playerNDeck
Dreamlands_DL225	Wandering Peddler	mythos/dreamlands/Mythos-Dreamlands-WanderingPeddler.jpg	default	Ally	Steadfast Merchant	English	2				Dreamlands		Any Country								U	You may Bury the Wandering Peddler instead of paying the Sanity cost for playing one Artifact.	Dreamlands	Dreamlands	playerNDeck
Dreamlands_DL226	Zoog Chieftain	mythos/dreamlands/Mythos-Dreamlands-ZoogChieftain.jpg	default	Ally	Corrupt Chief	Knows no languages	1	1			Dreamlands		The West	Oukranos Wilds							C	If your Current Location features the Country attribute you may flip this card face-down and immediately play a new Location that features the Country attribute from the same sub-region right-side up on top of your Story Deck.	Dreamlands	Dreamlands	playerNDeck
Dreamlands_DL301	Accouterments of Heroes	mythos/dreamlands/Mythos-Dreamlands-AccoutermentsOfHeroes.jpg	default	Artifact				-1													U	This Artifact has constant effect: Ignore the bonus values of Weapons in Directed Threats opposing, and held by Allies Assaulting, your Investigator.	Dreamlands	Dreamlands	playerNDeck
Dreamlands_DL302	Battle Axe	mythos/dreamlands/Mythos-Dreamlands-BattleAxe.jpg	default	Artifact	Weapon		3														R	Add 3 points to Ally's value; Ally is now Steadfast.	Dreamlands	Dreamlands	playerNDeck
Dreamlands_DL303	Carter's Clock	mythos/dreamlands/Mythos-Dreamlands-CartersClock.jpg	default	Artifact				-1													R	Bury this card to move any Location in your Story Deck to the top of the deck. Ignore Sanity gain/loss; may reuse Gate	Dreamlands	Dreamlands	playerNDeck
Dreamlands_DL304	Crystal Sword	mythos/dreamlands/Mythos-Dreamlands-CrystalSword.jpg	default	Artifact	Enchanted Weapon		2	-1													C	If the Ally bearing the Crystal Sword opposes an opponent's Defending or Assaulting Allies, Flip one random Corrupt Ally of opponent before resolving Combat.	Dreamlands	Dreamlands	playerNDeck
Dreamlands_DL305	Idol of Bokrug	mythos/dreamlands/Mythos-Dreamlands-IdolOfBokrug.jpg	default	Artifact							Dreamlands										C	This Artifact has constant effect: Enchantedour Investigator is able to Breathe Underwater. Bury this card to keep Bokrug in play for an additional round.	Dreamlands	Dreamlands	playerNDeck
Dreamlands_DL306	Lute of Oonai	mythos/dreamlands/Mythos-Dreamlands-LuteOfOonai.jpg	default	Artifact				-1		Unique											U	This Artifact has constant effect: Enchantedour Musician Allies add 1 point to their value. Bury the Lute of Oonai to cancel a Spell just cast on you.	Dreamlands	Dreamlands	playerNDeck
Dreamlands_DL307	Magic Spear	mythos/dreamlands/Mythos-Dreamlands-MagicSpear.jpg	default	Artifact	Enchanted Weapon		2	-1			Dreamlands										U	If the Ally on which this Weapon is played blocks 1 or 2 points of damage, Bury this Weapon but not the Ally.	Dreamlands	Dreamlands	playerNDeck
Dreamlands_DL308	Monolith of Ib	mythos/dreamlands/Mythos-Dreamlands-MonolithOfIb.jpg	default	Artifact				-1		Unique	Dreamlands										C	This Artifact has constant effect: All Tomes featuring the Folk icon may hold one additional Folk Spell. If this card is lost, Bury all extra Folk Spells (your choice).	Dreamlands	Dreamlands	playerNDeck
Dreamlands_DL309	Thag Weed	mythos/dreamlands/Mythos-Dreamlands-ThagWeed.jpg	default	Artifact							Dreamlands										C	This Artifact has constant effect: Enchantedour investigator is able to survive in Space. Burn (Bury) Thag Weed to give all your Allies the Dreamer attribute for the remainder of the round.	Dreamlands	Dreamlands	playerNDeck
Dreamlands_DL310	The Silver Key	mythos/dreamlands/Mythos-Dreamlands-TheSilverKey.jpg	default	Artifact																	C	Use a Gate to walk to any Location (except Exotic) in another Dimension. Flip this card when used.	Dreamlands	Dreamlands	playerNDeck
Dreamlands_DL311	War Horse	mythos/dreamlands/Mythos-Dreamlands-WarHorse.jpg	default	Artifact	Weapon		1	1													R	The Ally on which this card is played may also use one additional weapon with the War Horse.	Dreamlands	Dreamlands	playerNDeck
Dreamlands_DL312	Wine of Pnoth	mythos/dreamlands/Mythos-Dreamlands-WineOfPnoth.jpg	default	Artifact				1													c	Give this card to an Ally in play. This card adds the Dreamer attribute to that Ally.	Dreamlands	Dreamlands	playerNDeck
Dreamlands_DL313	Zenig of Aphorat	mythos/dreamlands/Mythos-Dreamlands-ZenigOfAphorat.jpg	default	Artifact				-1		Unique											U	Play only at an Exotic Location. May serve as any one card required to complete an Adventure. Bury when the Adventure card is played.	Dreamlands	Dreamlands	playerNDeck
Dreamlands_DL401	Algol	mythos/dreamlands/Mythos-Dreamlands-Algol.jpg	default	Event	Star																C	Bury all Star Events in play. While in play, the Spell capacity of Tomes increases by one. These extra Spells remain if this card is Buried.	Dreamlands	Dreamlands	playerNDeck
Dreamlands_DL402	Angry Zoogs	mythos/dreamlands/Mythos-Dreamlands-AngryZoogs.jpg	default	Event				-1			Dreamlands										C	Investigator with the highest Sanity (high Education if tied) must either Bury all Allies in play lacking the Dreamer attribute, or spend 3 points of Sanity to keep them all in play.	Dreamlands	Dreamlands	playerNDeck
Dreamlands_DL403	Batophobia	mythos/dreamlands/Mythos-Dreamlands-Batophobia.jpg	default	Event	Phobia																C	Fear of things falling on you. Lose 1 point of Sanity at the beginning of each Turn that your Current Location features the City attribute	Dreamlands	Dreamlands	playerNDeck
Dreamlands_DL404	Beast in the Cataract	mythos/dreamlands/Mythos-Dreamlands-BeastInTheCataract.jpg	default	Event																	R	Add 1 point to the cost of casting any Spell. This card is immune to the effects of any Star Event. Bury this card at the end of the Round.	Dreamlands	Dreamlands	playerNDeck
Dreamlands_DL405	Betrayal	mythos/dreamlands/Mythos-Dreamlands-Betrayal.jpg	default	Event				-1													R	A random Corrupt Ally immediately attacks the other Allies. Opponent chooses how to absorb this damage. Opponent's Investigator is not attacked and loses no Sanity. Bury target Corrupt Ally	Dreamlands	Dreamlands	playerNDeck
Dreamlands_DL406	Black Galley	mythos/dreamlands/Mythos-Dreamlands-BlackGalley.jpg	default	Event				-2			Dreamlands										R	Target player must choose either to Bury a Corrupt Ally or Discard a Steadfast Ally.	Dreamlands	Dreamlands	playerNDeck
Dreamlands_DL407	Blizzard	mythos/dreamlands/Mythos-Dreamlands-Blizzard.jpg	default	Event	Storm																C	No Travel by Land Events may be played while this card is in play. Bury this card if any Day or Night Event is played. Does not affect Travel Events in play	Dreamlands	Dreamlands	playerNDeck
Dreamlands_DL408	Cats of Ulthar	mythos/dreamlands/Mythos-Dreamlands-CatsOfUlthar.jpg	default	Event	Travel by Cats			1			Dreamlands										U	You must have the Cat Chieftain in play to play this card. Immediately play a new Dreamlands Location, or Exotic Location in any dimension, right-side-up on top of your Story Deck, regardless of Travel requirements.	Dreamlands	Dreamlands	playerNDeck
Dreamlands_DL409	Elephant Caravan	mythos/dreamlands/Mythos-Dreamlands-ElephantCaravan.jpg	default	Event	Travel by Land						Dreamlands										C	On a following turn, play a new Location card in the same Region, right-side-up on top of your Story Deck. Remain with the Elephant Caravan for a Turn to play one Tome or Artifact card (only one card per Elephant Caravan).	Dreamlands	Dreamlands	playerNDeck
Dreamlands_DL410	Evening	mythos/dreamlands/Mythos-Dreamlands-Evening.jpg	default	Event	Day																U	It is now Day. Bury any Day or Night Event in play. All Invisible Monsters add 1 point to their value	Dreamlands	Dreamlands	playerNDeck
Dreamlands_DL411	Guardians of the Great Ones	mythos/dreamlands/Mythos-Dreamlands-GuardiansOfTheGreatOnes.jpg	default	Event				-1			Dreamlands										U	All opponents must play Monster cards to their Threat face-up. Bury this card if any Day or Night Event is played. When this card is Buried, face-up Monster cards are flipped face-down.	Dreamlands	Dreamlands	playerNDeck
Dreamlands_DL412	Highway Robbery	mythos/dreamlands/Mythos-Dreamlands-HighwayRobbery.jpg	default	Event				-1													U	Cause an opponent to Bury a random Artifact, or if it is Night and opponent's Investigator is Outside or in a Country Location, cause opponent to Discard a random Artifact. Then Bury this card.	Dreamlands	Dreamlands	playerNDeck
Dreamlands_DL413	Lunar Eclipse	mythos/dreamlands/Mythos-Dreamlands-LunarEclipse.jpg	default	Event	Night																C	It is now night. Bury any Day or Night Event in play. All Living Dead Allies add 1 point to their value.	Dreamlands	Dreamlands	playerNDeck
Dreamlands_DL414	Nightmare	mythos/dreamlands/Mythos-Dreamlands-Nightmare.jpg	default	Event				-1		Unique											U	Use a Gate to play this card face-down to your Threat. Monsters in a Directed Threat with this card and the Monsters opposing them receive the benefit of their Special Effects, whether or not they are lost during the Cosmic Battle, as if they survived to affect the Investigator.	Dreamlands	Dreamlands	playerNDeck
Dreamlands_DL415	Phobophobia	mythos/dreamlands/Mythos-Dreamlands-Phobophobia.jpg	default	Event	Phobia																U	Fear of Phobias. Any one Phobia currently affecting your Investigator is redirected against the opponent of your choice. Then Bury this card.	Dreamlands	Dreamlands	playerNDeck
Dreamlands_DL416	Polaris	mythos/dreamlands/Mythos-Dreamlands-Polaris.jpg	default	Event	Star																R	Bury any Star Event in play. All Monsters are Invisible	Dreamlands	Dreamlands	playerNDeck
Dreamlands_DL417	Rain of Fish	mythos/dreamlands/Mythos-Dreamlands-RainOfFish.jpg	default	Event	Storm																U	Play this card when a Storm is in play. All locations featuring the Water attribute gain the Gate attribute. Bury this card when any Day or Night Event is played.	Dreamlands	Dreamlands	playerNDeck
Dreamlands_DL418	Rude Awakening	mythos/dreamlands/Mythos-Dreamlands-RudeAwakening.jpg	default	Event						Unique											R	Target opponent may play a Waking World Location next turn. If not, opponent suffers an attack worth 3 points (Allies may defend). Then Bury this card.	Dreamlands	Dreamlands	playerNDeck
Dreamlands_DL419	Ship of Clouds	mythos/dreamlands/Mythos-Dreamlands-ShipOfClouds.jpg	default	Event	Travel by Air						Dreamlands										C	Immediately play a new Location card in a different Region, right-side up on top of your Story Deck. May not play a Location within the same Region.	Dreamlands	Dreamlands	playerNDeck
Dreamlands_DL420	Shipwreck	mythos/dreamlands/Mythos-Dreamlands-Shipwreck.jpg	default	Event																	R	Each opponent at a Travel by Sea Event as his or her current Location immediately plays a random Location card from his or her hand (no effect if he or she has no Location cards).	Dreamlands	Dreamlands	playerNDeck
Dreamlands_DL421	Sky Galleon	mythos/dreamlands/Mythos-Dreamlands-SkyGalleon.jpg	default	Event	Travel by Air, Travel by Sea						Dreamlands										C	On a following Turn play a new Location card in either the same or a different Region (including Space), right-side-up on top of your Story Deck.	Dreamlands	Dreamlands	playerNDeck
Dreamlands_DL422	Strange Humanoid Encounter	mythos/dreamlands/Mythos-Dreamlands-StrangeHumanoidEncounter.jpg	default	Event																	R	Playable only at Night. All Locations featuring the Forest attribute gain the Gate attribute. Bury this card when any Day or Night Event is played.	Dreamlands	Dreamlands	playerNDeck
Dreamlands_DL423	Sun Spots	mythos/dreamlands/Mythos-Dreamlands-SunSpots.jpg	default	Event	Day																C	It is now Day. Bury any Day or Night Event in play. Bury all Star Events in play.	Dreamlands	Dreamlands	playerNDeck
Dreamlands_DL424	Swarm of Insects	mythos/dreamlands/Mythos-Dreamlands-SwarmOfInsects.jpg	default	Event	Night																U	Bury any Day or Night Event in play. All Outside Investigators lose 1 point of Sanity when this card is played. Bury this card if a Day, Night, or Storm Event is played	Dreamlands	Dreamlands	playerNDeck
Dreamlands_DL425	Tachyphobia	mythos/dreamlands/Mythos-Dreamlands-Tachyphobia.jpg	default	Event	Phobia																C	: Fear of Speed. Lose 1 Sanity point each time you play a Travel Event.	Dreamlands	Dreamlands	playerNDeck
Dreamlands_DL426	The Children Have Sweet Dreams	mythos/dreamlands/Mythos-Dreamlands-TheChildrenHaveSweetDreams.jpg	default	Event				-1													R	While this card is in play, add 1 point to the value of all your Allies. Bury this card at the end of the round.	Dreamlands	Dreamlands	playerNDeck
Dreamlands_DL427	The Stars are Right	mythos/dreamlands/Mythos-Dreamlands-TheStarsAreRight.jpg	default	Event	Star																U	Bury any Star Event in play. You may use opponent's Event cards currently in play to meet conditions required to summon a Great Old One or Outer God	Dreamlands	Dreamlands	playerNDeck
Dreamlands_DL428	The White Ship	mythos/dreamlands/Mythos-Dreamlands-TheWhiteShip.jpg	default	Event	Travel by Sea																U	On a following Turn, play a new Location featuring the Water attribute in a different Region. If you have a Dreamer Ally that Location may be in any Dimension. If you have the Captain of the White Ship in play that Location may be any Exotic Location regardless of travel restrictions or the Water requirement.	Dreamlands	Dreamlands	playerNDeck
Dreamlands_DL429	Twister	mythos/dreamlands/Mythos-Dreamlands-Twister.jpg	default	Event	Storm																C	Replace all Travel by Air cards with the Location card closest to the bottom of the Story Deck, right-side-up. Ignore revealed Sanity gain/loss. No Travel by Air Events may be played. Bury Twister if any Day or Night Event is played.	Dreamlands	Dreamlands	playerNDeck
Dreamlands_DL430	Yak	mythos/dreamlands/Mythos-Dreamlands-Yak.jpg	default	Event	Travel by Land						Dreamlands										U	On a later Turn play a new Location in the same Region. You may as your turn remain on the Yak and Bury one Phobia affecting your Investigator	Dreamlands	Dreamlands	playerNDeck
Dreamlands_DL431	Zebra	mythos/dreamlands/Mythos-Dreamlands-Zebra.jpg	default	Event	Travel by Land						Dreamlands										C	Immediately play a new Location card in the same Region right-side-up on top of your Story Deck.	Dreamlands	Dreamlands	playerNDeck
Dreamlands_DL001	Bored Housewife	mythos/dreamlands/Mythos-Dreamlands-BoredHousewife.jpg	default	Investigator		English, French									14	20	10	13	5	6		While a Dreamlands Location is the top card of your Story Deck, your Education rises to 14.	Dreamlands	Dreamlands	playerNInvestigator
Dreamlands_DL002	Enthusiastic Chorus Girl	mythos/dreamlands/Mythos-Dreamlands-EnthusiasticChorusGirl.jpg	default	Investigator		English									13	20	11	13	2	5		Have opponent to your right cut his or her deck and look at the bottom card of the cut. Add Sanity gain or loss indicated in that card's pentagram (if any).	Dreamlands	Dreamlands	playerNInvestigator
Dreamlands_DL003	Exploited Coal Miner	mythos/dreamlands/Mythos-Dreamlands-ExploitedCoalMiner.jpg	default	Investigator		English									14	20	6	13	3	4		As your Turn one time during a Round, you may Discard two cards and replace them with two new cards drawn from your Mythos Deck.	Dreamlands	Dreamlands	playerNInvestigator
Dreamlands_DL004	Falsely Imprisoned Convict	mythos/dreamlands/Mythos-Dreamlands-FalselyImprisonedConvict.jpg	default	Investigator		English									14	20	4	13	4	6		Have opponent to your right cut his or her deck and look at the bottom card of the cut. Add Sanity gain or loss indicated in that card's pentagram (if any).	Dreamlands	Dreamlands	playerNInvestigator
Dreamlands_DL005	Homeless Waif	mythos/dreamlands/Mythos-Dreamlands-HomelessWaif.jpg	default	Investigator		None									16	20	3	7	0	7		At the beginning of each turn, draw ("beg") one card from your Mythos Deck. You may not Pass (to try to end the Round). You must play or you must discard one card.	Dreamlands	Dreamlands	playerNInvestigator
Dreamlands_DL006	Lyric Poet	mythos/dreamlands/Mythos-Dreamlands-LyricPoet.jpg	default	Investigator		English, Greek									12	20	14	13	4	4		As your Turn one time during a Round, you may Discard one card and replace it with a new card drawn from your Mythos Deck.	Dreamlands	Dreamlands	playerNInvestigator
Dreamlands_DL007	Overworked Telephone Operator	mythos/dreamlands/Mythos-Dreamlands-OverworkedTelephoneOperator.jpg	default	Investigator		English, *French									15	20	9	13	4	5		While a Dreamlands Location is the top card of your Story Deck, you also know French	Dreamlands	Dreamlands	playerNInvestigator
Dreamlands_DL008	Unacknowledged Author	mythos/dreamlands/Mythos-Dreamlands-UnacknowledgedAuthor.jpg	default	Investigator		English, Latin									13	20	15	13	4	6		While a Dreamlands Location is the top card of your Story Deck, lower both Minimum and Maximum by 2.	Dreamlands	Dreamlands	playerNInvestigator
Dreamlands_DL009	Utopian Socialist	mythos/dreamlands/Mythos-Dreamlands-UtopianSocialist.jpg	default	Investigator		English, Latin									12	20	13	13	3	5		When Sanity is tied, this investigator always declines to go first.	Dreamlands	Dreamlands	playerNInvestigator
Dreamlands_DL010	Widowed Seamstress	mythos/dreamlands/Mythos-Dreamlands-WidowedSeamstress.jpg	default	Investigator		English									16	20	8	13	4	5		While a Dreamlands Location is the top card of your Story Deck, lower both Minimum and Maximum by 1.	Dreamlands	Dreamlands	playerNInvestigator
Dreamlands_DL501	Basalt Pillars of the West	mythos/dreamlands/Mythos-Dreamlands-BasaltPillarsOfTheWest.jpg	default	Location	Water, Outside, Island, Site,						Dreamlands		The West	Edge of the World							C	You may walk to Splendid Cathuria, the Far Side of the Moon, or any Space Location.	Dreamlands	Dreamlands	playerNDeck
Dreamlands_DL502	Castle of the Great Ones on Kadath	mythos/dreamlands/Mythos-Dreamlands-CastleOfTheGreatOnesOnKadath.jpg	default	Location	Outside, Artifact, Tome, Gate, City, Palace,			-2			Dreamlands		Exotic								R	There must be a Star Event in play to play this card. You must Travel by Air to reach the Castle of the Great Ones on Kadath and Travel by Air to leave it. While this is your Current Location, all Spells cost no Sanity for your Investigator to cast.	Dreamlands	Dreamlands	playerNDeck
Dreamlands_DL503	Cavern of Flame	mythos/dreamlands/Mythos-Dreamlands-CavernOfFlame.jpg	default	Location	Inside, Artifact, Gate, Country, Site, Underground,						Dreamlands		The West	Oukranos Wilds							U	All Dreamer Allies add 2 points to their value while this is your current Location	Dreamlands	Dreamlands	playerNDeck
Dreamlands_DL504	City of Gugs	mythos/dreamlands/Mythos-Dreamlands-CityOfGugs.jpg	default	Location	Outside, Gate, City, Lair, Underground,						Dreamlands		The Underworld	Gug City							C	You may use this Gate to Summon one Gug and immediately attack with it. Opponent may defend with Allies but not use Spells or Artifacts	Dreamlands	Dreamlands	playerNDeck
Dreamlands_DL505	Cornwall-by-the-Sea	mythos/dreamlands/Mythos-Dreamlands-CornwallByTheSea.jpg	default	Location	Water, Outside, Country, Town,			2			Dreamlands		The East	Celephais							R	All Gentleman Allies add 1 point to their value while this is your current Location.	Dreamlands	Dreamlands	playerNDeck
Dreamlands_DL506	Crag of Ghouls	mythos/dreamlands/Mythos-Dreamlands-CragOfGhouls.jpg	default	Location	Cemetery, Outside, Gate, Country, Lair, Underground,						Dreamlands		The Underworld	The Wildlands							U	You may use this Gate to Summon one Ghoul and immediately attack with it. Opponent may defend with Allies but not use Spells or Artifacts.	Dreamlands	Dreamlands	playerNDeck
Dreamlands_DL507	Far Side of the Moon	mythos/dreamlands/Mythos-Dreamlands-FarSideOfTheMoon.jpg	default	Location	Outside, Artifact, Tome, Gate, Site, Space,			-2			Dreamlands		Exotic								C	Beginning each Turn you must be able to survive in Space or lose 5 points of Sanity. You may reuse this Gate. For each Turn that you remain here you may Bury one Star Event. You must Travel by Air to leave this Location.	Dreamlands	Dreamlands	playerNDeck
Dreamlands_DL508	Gate of Deeper Slumber	mythos/dreamlands/Mythos-Dreamlands-GateOfDeeperSlumber.jpg	default	Location	Forest, Inside, Gate, Country, Site,			1			Dreamlands		The West	Oukranos Wilds							R	You may use this Gate more than once but you must Flip a Dreamer Ally face-down for each subsequent use.	Dreamlands	Dreamlands	playerNDeck
Dreamlands_DL509	Great Abyss	mythos/dreamlands/Mythos-Dreamlands-GreatAbyss.jpg	default	Location	Inside, Artifact, Gate, Country, Site, Underground,						Dreamlands		The Underworld	The Wildlands							C	On a following turn you may play Sarkomand right-side-up on top of your Story Deck.	Dreamlands	Dreamlands	playerNDeck
Dreamlands_DL510	Great Library of the Dreamlands (Celephais)	mythos/dreamlands/Mythos-Dreamlands-GreatLibraryOfTheDreamlandsCelephais.jpg	default	Location	Inside, Artifact, Tome, City, Library,						Dreamlands		The West	Ulthar							U	You may, on a later Turn, play any Great Library of the Dreamlands card right-side-up, or you may walk to Celaeno	Dreamlands	Dreamlands	playerNDeck
Dreamlands_DL511	Great Library of the Dreamlands (Dylathleen)	mythos/dreamlands/Mythos-Dreamlands-GreatLibraryOfTheDreamlandsDylathleen.jpg	default	Location	Inside, Artifact, Tome, City, Library,			-1			Dreamlands		The West	Dylath-Leen							R	You may, on a later Turn, play any Great Library of the Dreamlands card right-side-up, or you may walk to Celaeno	Dreamlands	Dreamlands	playerNDeck
Dreamlands_DL512	Great Library of the Dreamlands (Ilek-vad)	mythos/dreamlands/Mythos-Dreamlands-GreatLibraryOfTheDreamlandsIlekVad.jpg	default	Location	Water, Inside, Tome, City, Library,						Dreamlands		The East	Celephais							C	You may, on a later Turn, play any Great Library of the Dreamlands card right-side-up, or you may walk to Celaeno	Dreamlands	Dreamlands	playerNDeck
Dreamlands_DL513	Great Library of the Dreamlands (Ulthar)	mythos/dreamlands/Mythos-Dreamlands-GreatLibraryOfTheDreamlandsUlthar.jpg	default	Location	Water, Inside, Tome, City, Library,						Dreamlands		The East	Ilek-Vad							C	You may, on a later Turn, play any Great Library of the Dreamlands card right-side-up, or you may walk to Celaeno	Dreamlands	Dreamlands	playerNDeck
Dreamlands_DL514	Harbor of the Black Galley	mythos/dreamlands/Mythos-Dreamlands-HarborOfTheBlackGalley.jpg	default	Location	Water, Outside, Artifact, Gate, City, Port,			-1			Dreamlands		The West	Dylath-Leen							C	Bury a Monster from your Threat to Bury opponent's random Ally	Dreamlands	Dreamlands	playerNDeck
Dreamlands_DL515	Hesper Payne's House	mythos/dreamlands/Mythos-Dreamlands-HesperPaynesHouse.jpg	default	Location	Water, Inside, Tome, City, House,						Dreamlands		The East	Rinar							C	You may cast a Spell from your Hand. Pay Sanity cost for Casting Spell, and Discard Spell after it has been cast.	Dreamlands	Dreamlands	playerNDeck
Dreamlands_DL516	Hovel of the Cat Haters	mythos/dreamlands/Mythos-Dreamlands-HovelOfTheCatHaters.jpg	default	Location	Inside, Tome, Gate, City, House,			-1			Dreamlands		The West	Ulthar							C		Dreamlands	Dreamlands	playerNDeck
Dreamlands_DL517	Ilarnek	mythos/dreamlands/Mythos-Dreamlands-Ilarnek.jpg	default	Location	Forest, Water, Outside, Artifact, Country, Town,			1			Dreamlands		The West	Mnar							C	When this becomes your Current Location, Flip face-up all face-down Artifacts you have in play.	Dreamlands	Dreamlands	playerNDeck
Dreamlands_DL518	Kuranes' Manor-House	mythos/dreamlands/Mythos-Dreamlands-KuranesManorHouse.jpg	default	Location	Water, Inside, Tome, City, House,						Dreamlands		The East	Celephais							R		Dreamlands	Dreamlands	playerNDeck
Dreamlands_DL519	Labyrinths of the Gnorri	mythos/dreamlands/Mythos-Dreamlands-LabyrinthsOfTheGnorri.jpg	default	Location	Water, Outside, Artifact, Gate, Country, Town, Underwater						Dreamlands		The East	Iiek-Vad							C	Beginning each Turn that this card is your Current Location, you must be able to Breathe Underwater or lose 5 points of Sanity. When Threats are revealed Bury any Greater Monster Directed at your Investigator.	Dreamlands	Dreamlands	playerNDeck
Dreamlands_DL520	Merchant's Quarter	mythos/dreamlands/Mythos-Dreamlands-MerchantsQuarter.jpg	default	Location	Water, Outside, Artifact, Tome, Business, City,			-1			Dreamlands		The East	Rinar							R	All Merchant Allies add 1 point to their value while this is your Current Location	Dreamlands	Dreamlands	playerNDeck
Dreamlands_DL521	Mt. Ngranek	mythos/dreamlands/Mythos-Dreamlands-MtNgranek.jpg	default	Location	Forest, Water, Outside, Artifact, Gate, Island, Site,						Dreamlands		The South	The Isles							C	You may walk to any Underworld Location from Mt. Ngranek. This card is not affected by Events or Spells played by your opponents that directly affect the top card of your Story Deck	Dreamlands	Dreamlands	playerNDeck
Dreamlands_DL522	North Point Lighthouse	mythos/dreamlands/Mythos-Dreamlands-NorthPointLighthouse.jpg	default	Location	Water, Inside, Artifact, Gate, Country, Lighthouse,								Lovecraft	Kingsport							C	You may play this card immediately after playing a Travel by Sea Event.	Dreamlands	Dreamlands	playerNDeck
Dreamlands_DL523	Old Brick Powerderhouse	mythos/dreamlands/Mythos-Dreamlands-OldBrickPowerderhouse.jpg	default	Location	Forest, Inside, Artifact, City, Ruins,								Lovecraft	Kingsport							C	Spend 1 point of Sanity to bring into play a Weapon buried in your Story Deck. Ignore Sanity gain/loss from playing the Weapon.	Dreamlands	Dreamlands	playerNDeck
Dreamlands_DL524	Peaks of Thok	mythos/dreamlands/Mythos-Dreamlands-PeaksOfThok.jpg	default	Location	Outside, Artifact, Gate, Country, Lair, Underground,						Dreamlands		The Underworld	The Wildlands							U	You may use this Gate to Summon one Nightgaunt and immediately attack with it. Opponent may defend with Allies but not use Spells or Artifacts.	Dreamlands	Dreamlands	playerNDeck
Dreamlands_DL525	Plateau of Leng	mythos/dreamlands/Mythos-Dreamlands-PlateauOfLeng.jpg	default	Location	Cemetery, Outside, Gate, Country, Site,						Dreamlands		The North	The North							C	You may use this Gate more than once. You must spend 1 point of Sanity for each subsequent use unless there is a Star Event in play.	Dreamlands	Dreamlands	playerNDeck
Dreamlands_DL526	Processional Boulevard	mythos/dreamlands/Mythos-Dreamlands-ProcessionalBoulevard.jpg	default	Location	Water, Outside, Gate, City, Site,						Dreamlands		The East	Rinar							R	All Priest Allies add 1 point to their value while this is your Current Location.	Dreamlands	Dreamlands	playerNDeck
Dreamlands_DL527	Rope & Anchor Tavern	mythos/dreamlands/Mythos-Dreamlands-RopeAnchorTavern.jpg	default	Location	Water, Inside, Business, City,								Lovecraft	Kingsport							U	For each Turn that you remain here you may Bury one Phobia affecting your Investigator	Dreamlands	Dreamlands	playerNDeck
Dreamlands_DL528	Sarkomand	mythos/dreamlands/Mythos-Dreamlands-Sarkomand.jpg	default	Location	Cemetery, Outside, Artifact, Gate, Country, Ruins,						Dreamlands		The North	The North							C	On a following Turn you may play The Great Abyss right-side-up on top of your Story Deck. Add 1 point to the value of each Man of Leng while this is your Current Location	Dreamlands	Dreamlands	playerNDeck
Dreamlands_DL529	Serranian	mythos/dreamlands/Mythos-Dreamlands-Serranian.jpg	default	Location	Outside, Artifact, Tome, Island, Palace,			1			Dreamlands		The East	Celephais							C	You must Travel by Air to play this Location and Travel by Air to leave it. You may remain here for an additional Turn and bury all Phobias affecting your Investigator	Dreamlands	Dreamlands	playerNDeck
Dreamlands_DL530	Splendid Cathuria	mythos/dreamlands/Mythos-Dreamlands-SplendidCathuria.jpg	default	Location	Forest, Water, Outside, Artifact, Tome, Country, Site,			-2			Dreamlands		Exotic								U	You must have the Basalt Pillars of the West to play this card. Spend a Turn in Splendid Cathuria to gain 1 Sanity point. You must play a Waking World Location right-side-up on top of your Story Deck as your next Location.	Dreamlands	Dreamlands	playerNDeck
Dreamlands_DL531	Street of Tears	mythos/dreamlands/Mythos-Dreamlands-StreetOfTears.jpg	default	Location	Water, Outside, Gate, City, Site,			-1			Dreamlands		The West	Dylath-Leen							C	During Combat, add 1 point to each of your Directed Threats	Dreamlands	Dreamlands	playerNDeck
Dreamlands_DL532	Temple of the Elder Ones	mythos/dreamlands/Mythos-Dreamlands-TempleOfTheElderOnes.jpg	default	Location	Forest, Inside, City, Temple,			6		Unique	Dreamlands		The West	Ulthar							C	Reveal the top card of your Mythos Deck. If card revealed is a Monster, it attacks you immediately (Allies may defend), then Discard it. Discard any other card drawn. For each additional Turn that you remain here you may Bury one Phobia affecting your Investigator.	Dreamlands	Dreamlands	playerNDeck
Dreamlands_DL533	Temple of the Great Ones	mythos/dreamlands/Mythos-Dreamlands-TempleOfTheGreatOnes.jpg	default	Location	Water, Inside, City, Temple,			5		Unique	Dreamlands		The East	Rinar							C	Set aside this card and shuffle your Story Deck. Randomly Discard one Story Deck card, then replace this card. For each additional Turn that you remain here you may Bury one Phobia affecting your Investigator.	Dreamlands	Dreamlands	playerNDeck
Dreamlands_DL534	The Bridge over the River Skai	mythos/dreamlands/Mythos-Dreamlands-TheBridgeOverTheRiverSkai.jpg	default	Location	Cemetery, Water, Outside, Gate, City, Site,						Dreamlands		The West	Ulthar							R		Dreamlands	Dreamlands	playerNDeck
Dreamlands_DL535	The Causeway and Father Neptune	mythos/dreamlands/Mythos-Dreamlands-TheCausewayAndFatherNeptune.jpg	default	Location	Water, Outside, City, Site,			1					Lovecraft	Kingsport							R	During combat, bury any Monster directed at your Investigator whose value increases at Locations featuring the Water attribute	Dreamlands	Dreamlands	playerNDeck
Dreamlands_DL536	The Cliffs Of Glass	mythos/dreamlands/Mythos-Dreamlands-TheCliffsOfGlass.jpg	default	Location	Gate, Water, Country, Port						Dreamlands		The East	Iiek-Vad									Dreamlands	Dreamlands	playerNDeck
Dreamlands_DL537	The Enchanted Stone	mythos/dreamlands/Mythos-Dreamlands-TheEnchantedStone.jpg	default	Location	Forest, Outside, Country, Site,			1			Dreamlands		The West	Oukranos Wilds							C	: On a following turn you may play Tower of Koth right-side-up on top of your Story Deck.	Dreamlands	Dreamlands	playerNDeck
Dreamlands_DL538	The Enchanted Wood	mythos/dreamlands/Mythos-Dreamlands-TheEnchantedWood.jpg	default	Location	Forest, Outside, Gate, Country, Site,			1			Dreamlands		The West	Oukranos Wilds							C	All Chief Allies add 2 points to their value while this is your Current Location.	Dreamlands	Dreamlands	playerNDeck
Dreamlands_DL539	The Great Bazaar	mythos/dreamlands/Mythos-Dreamlands-TheGreatBazaar.jpg	default	Location	Water, Outside, Business, City,						Dreamlands		The East	Celephais							C	You may join two Artifacts each Turn at The Great Bazaar	Dreamlands	Dreamlands	playerNDeck
Dreamlands_DL540	The Harbor of Celephais	mythos/dreamlands/Mythos-Dreamlands-TheHarborOfCelephais.jpg	default	Location	Water, Outside, Artifact, Gate, City, Port,			-1			Dreamlands		The East	Celephais							C	Spend 2 Sanity points to recover one Artifact from your Story Deck and bring it into play. Ignore Sanity gain/loss for playing Weapons.	Dreamlands	Dreamlands	playerNDeck
Dreamlands_DL541	The Market-Place	mythos/dreamlands/Mythos-Dreamlands-TheMarketPlace.jpg	default	Location	Forest, Outside, Artifact, Business, City,						Dreamlands		The West	Ulthar							C	All Merchant Allies add 1 point to their value while this is your Current Location	Dreamlands	Dreamlands	playerNDeck
Dreamlands_DL542	The Nameless Lake	mythos/dreamlands/Mythos-Dreamlands-TheNamelessLake.jpg	default	Location	Forest, Water, Outside, Gate, Country, Site,						Dreamlands		The West	Mnar							R	When this becomes your Current Location, each opponent reveals the top card of his or her Mythos Deck; you add or subract the Sanity cost for every card revealed. Discard revealed cards	Dreamlands	Dreamlands	playerNDeck
Dreamlands_DL543	The Onyx Temple	mythos/dreamlands/Mythos-Dreamlands-TheOnyxTemple.jpg	default	Location	Water, Inside, City, Temple,			5		Unique	Dreamlands		The West	Dylath-Leen							U	Make an appropriate sacrifice! Discard 1 random card from your hand. Remain here for one additional Turn and Discard 1 random card from your hand for each Phobia affecting your Investigator you wish to Bury	Dreamlands	Dreamlands	playerNDeck
Dreamlands_DL544	The Opal Throne	mythos/dreamlands/Mythos-Dreamlands-TheOpalThrone.jpg	default	Location	Water, Inside, Artifact, City, Palace,			1			Dreamlands		The East	Iiek-Vad							C		Dreamlands	Dreamlands	playerNDeck
Dreamlands_DL545	The Palace of Seventy Delights	mythos/dreamlands/Mythos-Dreamlands-ThePalaceOfSeventyDelights.jpg	default	Location	Water, Inside, City, Palace,						Dreamlands		The East	Celephais							R	For each Turn that you remain here you may Bury one Phobia affecting your Investigator	Dreamlands	Dreamlands	playerNDeck
Dreamlands_DL546	The Ruins of Ib	mythos/dreamlands/Mythos-Dreamlands-TheRuinsOfIb.jpg	default	Location	Cemetery, Forest, Water, Outside, Artifact, Gate, Country, Ruins,						Dreamlands		The West	Mnar							C	Add 1 point to the value of each Being of Ib or Ghost-Being of Ib while this is your Current Location.	Dreamlands	Dreamlands	playerNDeck
Dreamlands_DL547	The Ruins of Sarnath	mythos/dreamlands/Mythos-Dreamlands-TheRuinsOfSarnath.jpg	default	Location	Cemetery, Forest, Water, Outside, Artifact, Tome, Gate, Country, Ruins,			-1			Dreamlands		The West	Mnar							C		Dreamlands	Dreamlands	playerNDeck
Dreamlands_DL548	The Snake-Den	mythos/dreamlands/Mythos-Dreamlands-TheSnakeDen.jpg	default	Location	Forest, Inside, Gate, Country, Site, Underground,								Lovecraft	Miskatonic Valley							C	You may use this gate to play Dreamlands Monsters to your Threat	Dreamlands	Dreamlands	playerNDeck
Dreamlands_DL549	The Strange High House in the Mist	mythos/dreamlands/Mythos-Dreamlands-TheStrangeHighHouseInTheMist.jpg	default	Location	Water, Inside, Tome, Gate, Country, House,								Lovecraft	Kingsport							C	You may use this gate to play Dreamlands Monsters to your Threat	Dreamlands	Dreamlands	playerNDeck
Dreamlands_DL550	The Street of Pillars	mythos/dreamlands/Mythos-Dreamlands-TheStreetOfPillars.jpg	default	Location	Water, Outside, Gate, City, Site,						Dreamlands		The East	Celephais							C	All Priest Allies add 1 point to their value while this is your Current Location.	Dreamlands	Dreamlands	playerNDeck
Dreamlands_DL551	The Tall Lighthouse	mythos/dreamlands/Mythos-Dreamlands-TheTallLighthouse.jpg	default	Location	Water, Inside, Tome, City, Lighthouse,						Dreamlands		The West	Dylath-Leen							R	You may play this card immediately after playing a Travel by Sea Event	Dreamlands	Dreamlands	playerNDeck
Dreamlands_DL552	The Temple of Bokrug	mythos/dreamlands/Mythos-Dreamlands-TheTempleOfBokrug.jpg	default	Location	Forest, Water, Outside, Country, Ruins, Temple,			5		Unique	Dreamlands		The West	Mnar							U	Gain 5 Sanity. You must either Bury a Steadfast Ally or remain at this Location for an additional Turn to perform appropriate rites. For each additional Turn that you remain here you may Bury one Phobia affecting your Investigator	Dreamlands	Dreamlands	playerNDeck
Dreamlands_DL553	The Temple of Loveliness at Kiran	mythos/dreamlands/Mythos-Dreamlands-TheTempleOfLovelinessAtKiran.jpg	default	Location	Forest, Inside, Tome, Country, Temple,			4		Unique	Dreamlands		The West	Oukranos Wilds							U	Gain 4 Sanity points, but reveal the top card of your Mythos Deck. Apply any Sanity gain or loss indicated in the pentagram on the card, then Discard it. During each additional Turn that you remain here you may bury one Phobia affecting your Investigator.	Dreamlands	Dreamlands	playerNDeck
Dreamlands_DL554	The Turquoise Temple of Nath-Horthath	mythos/dreamlands/Mythos-Dreamlands-TheTurquoiseTempleOfNathHorthath.jpg	default	Location	Water, Inside, City, Temple,			5		Unique	Dreamlands		The East	Celephais							U	Gain 5 Sanity. You must either Bury a Corrupt Ally or remain here for an additional Turn in abject contemplation. For each additional Turn that you remain here you may Bury one Phobia affecting your Investigator	Dreamlands	Dreamlands	playerNDeck
Dreamlands_DL555	The White Whale Inn	mythos/dreamlands/Mythos-Dreamlands-TheWhiteWhaleInn.jpg	default	Location	Outside, Business, City,						Dreamlands		The West	Ulthar							C	For each turn that you remain here you may bury one phobia affecting your investigator.	Dreamlands	Dreamlands	playerNDeck
Dreamlands_DL556	Tower of Koth	mythos/dreamlands/Mythos-Dreamlands-TowerOfKoth.jpg	default	Location	Inside, Tome, City, Site, Underground,						Dreamlands		The Underworld	Gug City							C	On a following Turn you may play The Enchanted Stone right-side-up on top of your Story Deck.	Dreamlands	Dreamlands	playerNDeck
Dreamlands_DL557	Vale of Pnoth	mythos/dreamlands/Mythos-Dreamlands-ValeOfPnoth.jpg	default	Location	Cemetery, Outside, Gate, Country, Lair, Underground,						Dreamlands		The Underworld	The Wildlands							R	You may use this Gate to Summon one Dhole and immediately attack with it. Opponent may defend with Allies but not use Spells or Artifacts.	Dreamlands	Dreamlands	playerNDeck
Dreamlands_DL558	Vaults of Zin	mythos/dreamlands/Mythos-Dreamlands-VaultsOfZin.jpg	default	Location	Cemetery, Inside, Gate, City, Lair, Underground,						Dreamlands		The Underworld	Gug City							C	You may use this Gate to Summon one Ghast and immediately attack with it. Opponent may defend with Allies but not use Spells or Artifacts.	Dreamlands	Dreamlands	playerNDeck
Dreamlands_DL701	Basilisk	mythos/dreamlands/Mythos-Dreamlands-Basilisk.jpg	default	Monster	Lesser Independent		2	-1													R	When revealed, Flip all of opponent's Defending Allies whose current value is an odd number.	Dreamlands	Dreamlands	playerNDeck
Dreamlands_DL702	Being of Ib	mythos/dreamlands/Mythos-Dreamlands-BeingOfIb.jpg	default	Monster	Lesser Servitor		1			Unique	Dreamlands										C	When revealed, +1 Value for each Ally opponent has committed to defend against it. Joins Beings of Ib.	Dreamlands	Dreamlands	playerNDeck
Dreamlands_DL703	Bokrug	mythos/dreamlands/Mythos-Dreamlands-Bokrug.jpg	default	Monster	Great Old One		GOO		Ruins, Storm												C	All Locations feature the Water attribute. Do not Bury Storm Events. Investigators may not gain Sanity unless they are in Mnar.	Dreamlands	Dreamlands	playerNDeck
Dreamlands_DL704	Buopoth	mythos/dreamlands/Mythos-Dreamlands-Buopoth.jpg	default	Monster	Lesser Independent					Unique	Dreamlands										C	Monsters opposing do not Bypass. Joins with all Monsters.	Dreamlands	Dreamlands	playerNDeck
Dreamlands_DL705	Cat from Saturn	mythos/dreamlands/Mythos-Dreamlands-CatFromSaturn.jpg	default	Monster	Greater Independent		3	-1		Unique	Dreamlands										C	Bypasser. Cannot be Summoned or Controlled. Joins Cats from Saturn.	Dreamlands	Dreamlands	playerNDeck
Dreamlands_DL706	Chorazin	mythos/dreamlands/Mythos-Dreamlands-Chorazin.jpg	default	Monster	Great Old One		GOO		Dreamlands Site, Lunar Eclipse												R	[Dreamlands Site, Lunar Eclipse] All Phobias affect only the Investigator who played them. Investigators may not gain Sanity.	Dreamlands	Dreamlands	playerNDeck
Dreamlands_DL707	Dhole  (v1)	mythos/dreamlands/Mythos-Dreamlands-DholeV1.jpg	default	Monster	Greater Independent		4	-1		Unique											R	When revealed, if opponent's Current Location is Underground, you may Bury this card and cause opponent to Bury his Current Location (Ignore revealed Sanity gain/loss). Joins Dholes. UNIQUE	Dreamlands	Dreamlands	playerNDeck
Dreamlands_DL708	Fireworm of Parg	mythos/dreamlands/Mythos-Dreamlands-FirewormOfParg.jpg	default	Monster	Greater Independent		5	-2			Dreamlands										U	All Monsters in the same Directed Threat function as if it is Day.	Dreamlands	Dreamlands	playerNDeck
Dreamlands_DL709	Ghasts (v1)	mythos/dreamlands/Mythos-Dreamlands-GhastsV1.jpg	default	Monster	Lesser Independent		2														C	-1 Value if it is Day. When revealed, +2 Value if opposing Gugs. Joins Ghasts.	Dreamlands	Dreamlands	playerNDeck
Dreamlands_DL710	Ghoul (v2)	mythos/dreamlands/Mythos-Dreamlands-GhoulV2.jpg	default	Monster	Lesser Independent		2														C	+1 Value if you or your opponent is in an Underground Location. Joins Ghouls.	Dreamlands	Dreamlands	playerNDeck
Dreamlands_DL711	Gnor	mythos/dreamlands/Mythos-Dreamlands-Gnor.jpg	default	Monster	Lesser Independent		2				Dreamlands										C	+2 Value if you or your opponent is in an Underwater Location. Joins Gnor.	Dreamlands	Dreamlands	playerNDeck
Dreamlands_DL712	Gug	mythos/dreamlands/Mythos-Dreamlands-Gug.jpg	default	Monster	Lesser Independent		3	-1			Dreamlands										C	+1 Value if opposing Ghouls or Ghasts. +1 Value if you or your opponent is Underground. Joins Gugs.	Dreamlands	Dreamlands	playerNDeck
Dreamlands_DL713	Leng Spider	mythos/dreamlands/Mythos-Dreamlands-LengSpider.jpg	default	Monster	Lesser Independent		4	-2													R	When revealed, Bury one random Lesser Monster in the Directed Threat which it opposes.	Dreamlands	Dreamlands	playerNDeck
Dreamlands_DL714	Lesser Shantak	mythos/dreamlands/Mythos-Dreamlands-LesserShantak.jpg	default	Monster	Lesser Servitor		2														C	When revealed, -1 Value if opposing Nightgaunts. Joins Lesser Shantaks and Corrupt Cultists.	Dreamlands	Dreamlands	playerNDeck
Dreamlands_DL715	Man of Leng	mythos/dreamlands/Mythos-Dreamlands-ManOfLeng.jpg	default	Monster	Lesser Independent		1														U	Joins with any Lesser Independent	Dreamlands	Dreamlands	playerNDeck
Dreamlands_DL716	Minion of Karakal	mythos/dreamlands/Mythos-Dreamlands-MinionOfKarakal.jpg	default	Monster	Greater Servitor		3	-1	Invisible												U	Randomly choose one of your opponent's Artifacts to Bury for each Minion of Karakal that survives the Cosmic Battle.	Dreamlands	Dreamlands	playerNDeck
Dreamlands_DL717	Moon-Beast	mythos/dreamlands/Mythos-Dreamlands-MoonBeast.jpg	default	Monster	Lesser Independent		2				Dreamlands										C	Add 1 point to the value of this card if it is Night. Add 2 points to the value of this card if the Current Location of you or your opponent features the Space attribute, or if the Lunar Eclipse or Full Moon is in play.	Dreamlands	Dreamlands	playerNDeck
Dreamlands_DL718	Nightgaunts (v2)	mythos/dreamlands/Mythos-Dreamlands-NightgauntsV2.jpg	default	Monster	Lesser Servitor		2														C	If Summoned, use Nightgaunts as a Travel by Air Event; immediately play a new Location right-side-up in any region. Joins Nightgaunts.	Dreamlands	Dreamlands	playerNDeck
Dreamlands_DL719	Nodens	mythos/dreamlands/Mythos-Dreamlands-Nodens.jpg	default	Monster	Outer God		OG		Underground Location, Star												U	No Monsters are Invisible. No Monsters Bypass Combat. No Investigator may gain Sanity.	Dreamlands	Dreamlands	playerNDeck
Dreamlands_DL720	Shantaks (v2)	mythos/dreamlands/Mythos-Dreamlands-ShantaksV2.jpg	default	Monster	Lesser Servitor		3														C	When revealed, Bury this card if opposing Nightgaunts. If summoned, use Shantaks as a Travel by Air Event and immediately play a new Location in any Region including Space.	Dreamlands	Dreamlands	playerNDeck
Dreamlands_DL721	Tcho-Tcho People	mythos/dreamlands/Mythos-Dreamlands-TchoTchoPeople.jpg	default	Monster	Lesser Servitor		1														U	Joins with any Lesser Servitor.	Dreamlands	Dreamlands	playerNDeck
Dreamlands_DL722	Voonith	mythos/dreamlands/Mythos-Dreamlands-Voonith.jpg	default	Monster	Lesser Independent		2				Dreamlands										U	When Voonith is revealed you may declare that it is in hibernation: set it aside. It does not participate in Combat this round. Begin the next round with the hibernating Voonith in your Threat. Joins Voonith.	Dreamlands	Dreamlands	playerNDeck
Dreamlands_DL801	Anathema	mythos/dreamlands/Mythos-Dreamlands-Anathema.jpg	default	Spell	Dream			-1													U	Choose a Spell in target Tome and flip it face down.	Dreamlands	Dreamlands	playerNDeck
Dreamlands_DL802	Barrier of Seol Seril	mythos/dreamlands/Mythos-Dreamlands-BarrierOfSeolSeril.jpg	default	Spell	Eye			-1													C	This Spell may be cast during Combat only. No Monsters in any Threat Bypass Combat.	Dreamlands	Dreamlands	playerNDeck
Dreamlands_DL803	Channel Prophecy	mythos/dreamlands/Mythos-Dreamlands-ChannelProphecy.jpg	default	Spell	Dream			-1													U	Take a 13-second glance at a numbe of cards on top of your Mythos Deck equal to your Investigators current Maximum	Dreamlands	Dreamlands	playerNDeck
Dreamlands_DL804	Command Lamp-Eft	mythos/dreamlands/Mythos-Dreamlands-CommandLampEft.jpg	default	Spell	Dream			-1													C	It is now Day; put this card in Event area. Bury any Day or Night Event in play. Night Events may not be played. Once cast, Bury this card if any Day Event is played.	Dreamlands	Dreamlands	playerNDeck
Dreamlands_DL805	Concentric Rings of the Worm	mythos/dreamlands/Mythos-Dreamlands-ConcentricRingsOfTheWorm.jpg	default	Spell	Folk			-2													C	This Spell may be cast during Combat only. Bury one random Monster card chosen from any one Directed Threat attacking your Investigator.	Dreamlands	Dreamlands	playerNDeck
Dreamlands_DL806	Crystal World	mythos/dreamlands/Mythos-Dreamlands-CrystalWorld.jpg	default	Spell	Eye			-1													R	Your Investigator is able to Breathe Underwater for the remainder of the round. If a Star Event is in play, your Investigator is also able to survive in Space.	Dreamlands	Dreamlands	playerNDeck
Dreamlands_DL807	Deflection	mythos/dreamlands/Mythos-Dreamlands-Deflection.jpg	default	Spell	Dream			-3													U	This Spell may be cast during Combat only. Target Defending Ally becomes your Defending Ally for the remainder of Combat. Return Ally to opponent or Bury Ally in opponent's Story Deck, as appropriate, at the end of Combat	Dreamlands	Dreamlands	playerNDeck
Dreamlands_DL808	Dream Sending of Glaaki	mythos/dreamlands/Mythos-Dreamlands-DreamSendingOfGlaaki.jpg	default	Spell	Yellow Sign			-2													R	Cancel a Spell just cast on you and choose a new appropriate target, as if you are casting the same Spell.	Dreamlands	Dreamlands	playerNDeck
Dreamlands_DL809	Embody Charnal Odor of Xura	mythos/dreamlands/Mythos-Dreamlands-EmbodyCharnalOdorOfXura.jpg	default	Spell	Dream			-1													C	Summon or Control one Lesser Servitor Monster	Dreamlands	Dreamlands	playerNDeck
Dreamlands_DL810	Equilateral Screen	mythos/dreamlands/Mythos-Dreamlands-EquilateralScreen.jpg	default	Spell	Eye			-1													U	Take a 13-second glance at all cards in one opponent's Threat	Dreamlands	Dreamlands	playerNDeck
Dreamlands_DL811	Gate of Oneirology	mythos/dreamlands/Mythos-Dreamlands-GateOfOneirology.jpg	default	Spell	Folk			-1													C	If you are in the Waking World immediately play any Dreamlands Location as if walking. If you are in the Dreamlands immediately play any Waking World Location as if walking. You may not play Exotic Locations	Dreamlands	Dreamlands	playerNDeck
Dreamlands_DL812	Green Mist of Doom	mythos/dreamlands/Mythos-Dreamlands-GreenMistOfDoom.jpg	default	Spell	Dream			-2													C	If it is Day, Bury opponent's Current Location. If it is Night, Discard opponent's Current Location.	Dreamlands	Dreamlands	playerNDeck
Dreamlands_DL813	Ironmind	mythos/dreamlands/Mythos-Dreamlands-Ironmind.jpg	default	Spell	Dream			-1													R	Increase your maximum by three for the remainder of the Round. Not cumulative with other cards that raise your maximum	Dreamlands	Dreamlands	playerNDeck
Dreamlands_DL814	Lassitude of Phein	mythos/dreamlands/Mythos-Dreamlands-LassitudeOfPhein.jpg	default	Spell	Folk			-1													C	Flip a target Ally	Dreamlands	Dreamlands	playerNDeck
Dreamlands_DL815	Mysteries of Thalarion	mythos/dreamlands/Mythos-Dreamlands-MysteriesOfThalarion.jpg	default	Spell	Water			-2													C	Summon or Control one Greater Independent Monster	Dreamlands	Dreamlands	playerNDeck
Dreamlands_DL816	Petition of Menes	mythos/dreamlands/Mythos-Dreamlands-PetitionOfMenes.jpg	default	Spell	Dream			-2													C	Randomly Bury one of your opponent's Allies lacking the Dreamer attribute.	Dreamlands	Dreamlands	playerNDeck
Dreamlands_DL817	Ravening Madness	mythos/dreamlands/Mythos-Dreamlands-RaveningMadness.jpg	default	Spell	Yellow Sign			-1													R	Cause opponent's Investigator to lose 1 point of Sanity	Dreamlands	Dreamlands	playerNDeck
Dreamlands_DL818	The Awful Doom of Cerrit	mythos/dreamlands/Mythos-Dreamlands-TheAwfulDoomOfCerrit.jpg	default	Spell	Yellow Sign			-3													R	Discard a random Ally.	Dreamlands	Dreamlands	playerNDeck
Dreamlands_DL819	Throth's Stalwart	mythos/dreamlands/Mythos-Dreamlands-ThrothsStalwart.jpg	default	Spell	Water			-2													R	During Combat this round, target is Buried only if it takes its full card value in Sanity loss.	Dreamlands	Dreamlands	playerNDeck
Dreamlands_DL820	Vortex of Far Journeying	mythos/dreamlands/Mythos-Dreamlands-VortexOfFarJourneying.jpg	default	Spell	Dream			-2													U	Target opponent reveals the top card of his or her Mythos Deck. If it is a Location it immediately becomes his or her Current Location. If it is a Monster it attacks him or her (Allies may defend), then is Discarded. If it is some other kind of card, it is Discarded.	Dreamlands	Dreamlands	playerNDeck
Dreamlands_DL821	Whirligig	mythos/dreamlands/Mythos-Dreamlands-Whirligig.jpg	default	Spell	Water			-1													R	Flip all face-down cards you currently have in play face-up, except Spells	Dreamlands	Dreamlands	playerNDeck
Dreamlands_DL901	Book of Beautiful Devices	mythos/dreamlands/Mythos-Dreamlands-BookOfBeautifulDevices.jpg	default	Tome	Dream	Hyperborean	2	-1			Dreamlands										C	You may find Dreamlands Artifacts in the Waking World	Dreamlands	Dreamlands	playerNDeck
Dreamlands_DL902	Cultus Maleficarum	mythos/dreamlands/Mythos-Dreamlands-CultusMaleficarum.jpg	default	Tome	Yellow Sign	English	1	-1													R		Dreamlands	Dreamlands	playerNDeck
Dreamlands_DL903	Monstres and Their Kynde	mythos/dreamlands/Mythos-Dreamlands-MonstresAndTheirKynde.jpg	default	Tome	Eye, Folk	English	1	-1													C		Dreamlands	Dreamlands	playerNDeck
Dreamlands_DL904	Necronomicon Dreamlands Edition	mythos/dreamlands/Mythos-Dreamlands-NecronomiconDreamlandsEdition.jpg	default	Tome	Dream, Eye, Yellow Sign	Glyphs	4	-3													U	This card may be found at an Exotic Location only. You may walk between the Waking World and the Dreamlands as if they were in the same Region.	Dreamlands	Dreamlands	playerNDeck
Dreamlands_DL905	Papyrus of Ilarnek	mythos/dreamlands/Mythos-Dreamlands-PapyrusOfIlarnek.jpg	default	Tome	Dream, Water	Glyphs	2	-1			Dreamlands										C		Dreamlands	Dreamlands	playerNDeck
Dreamlands_DL906	Pnakotic Manuscripts	mythos/dreamlands/Mythos-Dreamlands-PnakoticManuscripts.jpg	default	Tome	Folk, Water	Atlantean or Hyperborean	2	-2													U	Bury this card to cancel the effects of an Event just played. Then Bury the Event.	Dreamlands	Dreamlands	playerNDeck
Dreamlands_DL907	Thaumaturgical Prodigies in the New English Canaan (v1)	mythos/dreamlands/Mythos-Dreamlands-ThaumaturgicalProdigiesInTheNewEnglishCanaanV1.jpg	default	Tome	Folk	English	2	-1													U		Dreamlands	Dreamlands	playerNDeck
Dreamlands_DL908	Thaumaturgical Prodigies in the New English Canaan (v2)	mythos/dreamlands/Mythos-Dreamlands-ThaumaturgicalProdigiesInTheNewEnglishCanaanV2.jpg	default	Tome	Folk	English	1														C		Dreamlands	Dreamlands	playerNDeck
Dreamlands_DL909	The Book of the Black Stones	mythos/dreamlands/Mythos-Dreamlands-TheBookOfTheBlackStones.jpg	default	Tome	Dream	English	2	-2			Dreamlands										R	You may find Dreamlands Artifacts in the Waking World	Dreamlands	Dreamlands	playerNDeck
Dreamlands_DL910	The Voynich Manuscript	mythos/dreamlands/Mythos-Dreamlands-TheVoynichManuscript.jpg	default	Tome	Eye, Yellow Sign	Greek & Latin	3	-2													R		Dreamlands	Dreamlands	playerNDeck
Limited_Ltd101	A Heroic Rescue	mythos/limited/Mythos-Limited-AHeroicRescue.jpg	default	Adventure	Mythos Experience		7	3													U	A STEADFAST AUTHOR, friend ally of yours, has been abducted by agents of the Mythos. Gathering your friends, you know you can rely on the REPORTER, the DOCTOR, the PRIVATE EYE, and the WIFE. The CORRUPT CULTIST has his lair in a CEMETERY, where you corner him with a WEAPON and capture his terrible TOME.	Limited	Limited	playerNDeck
Limited_Ltd102	Knee-Deep in Doom	mythos/limited/Mythos-Limited-KneeDeepInDoom.jpg	default	Adventure	Mythos Experience		5	2													C	Many of the Mythos tales feature a poor unfortunate fellow who, despite the best of intentions and regardless of merit, is wholly consumed by the horrors from beyond. Before your Sanity runs out, you must have discovered physical proof of the existence of the Mythos (20 POINTS-WORTH OF MONSTERS in your Story Deck).	Limited	Limited	playerNDeck
Limited_Ltd103	On The Edge	mythos/limited/Mythos-Limited-OnTheEdge.jpg	default	Adventure	Mythos Experience		6	4													R	Ah! The brink of Insanity can bring enlightment. Find a way to drive your own SANITY below SIX POINTS. Of course, thay then carry you off to the SANATARIUM. The DOCTOR there, a CORRUPT CULTIST in disguise, chooses your for his diabolical experiments. First he tries to induce TWO different PHOBIAS. Then, using the instructions in his CALL OF CTHULHU TOME, he "REROLLS" YOUR INVESTIGATOR	Limited	Limited	playerNDeck
Limited_Ltd104	One Dark and Stormy Night	mythos/limited/Mythos-Limited-OneDarkAndStormyNight.jpg	default	Adventure	Mythos Experience		6	2													C	It just seems that things always go from bad to worse. During a POWERFUL STORM, travel to THREE different LOCATIONS along the MISCATONIC VALLEY, using at least one TRAVEL BY CAR and finding refuge in a nearby CHURCH	Limited	Limited	playerNDeck
Limited_Ltd105	Stand Against the Order	mythos/limited/Mythos-Limited-StandAgainstTheOrder.jpg	default	Adventure	Heroic Adventure		9	4													R	You and two STEADFAST ALLIES are (at first) greatly impressed by the strange magnetic charisma of BARNABAS MARSH, JEREMIAH BREWSTER and ROBERT MARSH (two of these three), leaders of the Order. You soon notice evidence of the INNSMOUTH LOOK among their followers. Stealthy investigation of the MARSH MANSION and the MARSH REFINERY reveals convincing evidence of their terrible customs and foul plot for humankind. In a desperate attempt to rid the world of this menace, you DYNAMITE the ESOTERIC ORDER OF DAGON	Limited	Limited	playerNDeck
Limited_Ltd106	The Birds and the Byakhees	mythos/limited/Mythos-Limited-TheBirdsAndTheByakhees.jpg	default	Adventure	Heroic Adventure		6	2													R	Many strange and unusual species inhabit the surrounding terrain. Your job is to study them. Arising at the DAWN OF A NEW DAY, you travel to TWO different WATER LOCATIONS to meet an ALLY of the opposite sex as your Investigator. Together you travel to TWO different FOREST/COUNTRY LOCATIONS to go MONSTER watching. Bring your journal back to any PRESS LOCATION or SOCIETY LOCATION.	Limited	Limited	playerNDeck
Limited_Ltd107	The Curious Parcel	mythos/limited/Mythos-Limited-TheCuriousParcel.jpg	default	Adventure	Mythos Experience		6	2													C	Old, eccentric Uncle Eliott has done it this time. Now he's disappeared, and is presumed dead by the authorities. But wait... a package today has been delivered to you! Find a TOME in a language other than English. Learn at least ONE SPELL in that Tome. Travel to ONE LIBRARY, ONE CEMETERY, and a GATE LOCATION (3 cards). Finally meet TWO ALLIES that are either AUTHORS, SCHOLARS, PROFESSORS, or ARTISTS	Limited	Limited	playerNDeck
Limited_Ltd108	The Great Epidemic	mythos/limited/Mythos-Limited-TheGreatEpidemic.jpg	default	Adventure	Heroic Adventure		9	4													R	That year, a terrible plague fell on Arkham. Assisting the DOCTOR, you struggle THREE DAYS against the worst TYPHOID EPIDEMIC in memory. You marvel at the skill of one student in particular, HERBERT WEST, who works tirelessly, often late into the NIGHT. Many in town die, including the DOCTOR (he must be in your Story Deck). Later, a mad ZOMBIE-thing runs amok and kills several people. It is now incarcerated at a SANITARIUM	Limited	Limited	playerNDeck
Limited_Ltd109	The Interesting Shop	mythos/limited/Mythos-Limited-TheInterestingShop.jpg	default	Adventure	Mythos Experience		5	1													C	Spend the day traveling about town searching for that just-right knick-knack to adorn your mantle. Visit 4 different CITY LOCATIONS where you might find an ARTIFACT or TOME and find one thing that costs you at least 1 sanity point	Limited	Limited	playerNDeck
Limited_Ltd110	The Outsider	mythos/limited/Mythos-Limited-TheOutsider.jpg	default	Adventure	Heroic Adventure		7	3													R	A eerie CORRUPT CULTIST moved into the HOUSE with a Gate at the edge of town. You spied him hauling THREE ARTIFACTS or TOMES into the storied place by the light of the WAXING MOON. Rushing back to the BUSINESS, the TOWNSFOLK RIOT in response to your warning, interrupting his foul ritual IN THE NICK OF TIME	Limited	Limited	playerNDeck
Limited_Ltd111	The Theron Marks Society	mythos/limited/Mythos-Limited-TheTheronMarksSociety.jpg	default	Adventure	Heroic Adventure		6	2													U	You are not alone. The Theron-Marks Society believes your wild stories of a MONSTER. We'll help you take care of that PHOBIA, as well. Our members will examine that odd TOME with that supposed SPELL that you found in the COUNTRY HOUSE. When you are feeling better, you and those TWO STEADFAST ALLIES are welcome to return as proud members of the Theron-Marks Society. One final thing - bring a WEAPON	Limited	Limited	playerNDeck
Limited_Ltd112	Your First Big Story	mythos/limited/Mythos-Limited-YourFirstBigStory.jpg	default	Adventure	Mythos Experience		6	2													C	The local newspaper wants your story! To get this story published, you must include the following elements that show a disturbing trend: search for evidence in THREE GATE LOCATIONS located in tree different cities or towns; have known an ALLY that costs you Sanity; discover a TOME or ARTIFACT as evidence, and get back to a PRESS LOCATION while it is DAY.	Limited	Limited	playerNDeck
Limited_Ltd201	Abigail Winthrop Marsh	mythos/limited/Mythos-Limited-AbigailWinthropMarsh.jpg	default	Ally	Steadfast Wife	English	2						Lovecraft	Innsmouth							C	Add 2 points to the value of this card while any other Marsh card is in play as an Ally	Limited	Limited	playerNDeck
Limited_Ltd202	Albert N. Wilmarth	mythos/limited/Mythos-Limited-AlbertNWilmarth.jpg	default	Ally	Steadfast Professor	English, Latin & Greek	2						Lovecraft	Arkham							U		Limited	Limited	playerNDeck
Limited_Ltd203	Albert Shiny	mythos/limited/Mythos-Limited-AlbertShiny.jpg	default	Ally	Corrupt Friend	English	4			Unique			Lovecraft	Any City							R	Does not use Weapons. While this card is in play, you may Discard any Shoggoth that attacks your Investigator at the moment that it is revealed. At the end of that Round, bury poor Albert in your Story Deck.	Limited	Limited	playerNDeck
Limited_Ltd204	Ammi Pierce	mythos/limited/Mythos-Limited-AmmiPierce.jpg	default	Ally	Steadfast Farmer	English	2						Lovecraft	Miskatonic Valley							C	While he is in play, add one to the Maximum number of cards that you may keep in your Hand. Cumulative with other Allies that raise your Maximum.	Limited	Limited	playerNDeck
Limited_Ltd205	Ann White	mythos/limited/Mythos-Limited-AnnWhite.jpg	default	Ally	Steadfast Housekeeper	English	1						Lovecraft	Providence							C	Add 1 point to this card's value when either Rhoby Harris or Mercy Dexter is in play.	Limited	Limited	playerNDeck
Limited_Ltd206	Arthur Munroe	mythos/limited/Mythos-Limited-ArthurMunroe.jpg	default	Ally	Steadfast Reporter	English	2						Any City								C	While this card is in play, subtract one from the Minimum number of cards that you may keep in your Hand. Not cumulative with other Allies that lower your Minimum.	Limited	Limited	playerNDeck
Limited_Ltd207	Asenath Waite Derby	mythos/limited/Mythos-Limited-AsenathWaiteDerby.jpg	default	Ally	Corrupt Wife & Living Dead	English	1	-1		Unique			Lovecraft	Arkham							R	Cannot be played if you have Ephraim Waite in play. Can know any one Spell. Bury Spell in your Story Deck after it is cast.	Limited	Limited	playerNDeck
Limited_Ltd208	Barnabas Marsh	mythos/limited/Mythos-Limited-BarnabasMarsh.jpg	default	Ally	Corrupt Cultist	English	1	-1		Unique			Lovecraft	Innsmouth							R	Add 1 point to the value of this card if your Investigator has the Jewelry of the Deep Ones.	Limited	Limited	playerNDeck
Limited_Ltd209	Charles Dexter Ward	mythos/limited/Mythos-Limited-CharlesDexterWard.jpg	default	Ally	Corrupt Student	English	2						Lovecraft	Providence							U	Add 2 points to the value of this card while you have any Attributes: Corrupt Cultist in play as an ally.	Limited	Limited	playerNDeck
Limited_Ltd210	Crawford Tillinghast	mythos/limited/Mythos-Limited-CrawfordTillinghast.jpg	default	Ally	Corrupt Inventor	English	2			Unique			Lovecraft	Providence							U	You may place an Artifact card beneath this card on your Turn in any Location. If this card is discarded or Buried, the Artifact suffers the same fate. The Artifact can be replaced with another, if lost.	Limited	Limited	playerNDeck
Limited_Ltd211	Dr. Marinus Bicknell Willett	mythos/limited/Mythos-Limited-DrMarinusBicknellWillett.jpg	default	Ally	Steadfast Doctor	English	1						Lovecraft	Providence							C	This Doctor and one Ally of your choice are excluded when determing the results of an Epidemic	Limited	Limited	playerNDeck
Limited_Ltd212	Edward Pickman Derby	mythos/limited/Mythos-Limited-EdwardPickmanDerby.jpg	default	Ally	Steadfast Poet	English	2						Lovecraft	Arkham							R	Add 1 point to the value of this card while you have Asenath Waite Derby in play	Limited	Limited	playerNDeck
Limited_Ltd213	Ephraim Waite	mythos/limited/Mythos-Limited-EphraimWaite.jpg	default	Ally	Corrupt Cultist & Living Dead	English	2	-1		Unique		Past	Lovecraft	Innsmouth							R	Cannot be played if you have Asenath Waite in play. When you bury Ephraim, you may immediately play Asenath Waite Derby card. Can know any one Spell. Bury Spell in your Story Deck after it is cast.	Limited	Limited	playerNDeck
Limited_Ltd214	George Birch	mythos/limited/Mythos-Limited-GeorgeBirch.jpg	default	Ally	Corrupt Undertaker	English	3						Any Cemetery								C	Add 1 point to the value of this card while your current Location is a cemetery.	Limited	Limited	playerNDeck
Limited_Ltd215	Harvey Walters	mythos/limited/Mythos-Limited-HarveyWalters.jpg	default	Ally	Steadfast Reporter	English	2						Lovecraft	Arkham							C	While this card is in play, subtract one from the Minimum number of cards that you may keep in your Hand. Not cumulative with other Allies that lower your Minimum.	Limited	Limited	playerNDeck
Limited_Ltd216	Howard Lovecraft (v1)	mythos/limited/Mythos-Limited-HowardLovecraftV1.jpg	default	Ally	Steadfast Author	English & Hyperborean	1	1					Lovecraft	Providence							U	Remain in any Providence Location with Lovecraft for one Turn and Bury one Phobia	Limited	Limited	playerNDeck
Limited_Ltd217	Jeremiah Brewster	mythos/limited/Mythos-Limited-JeremiahBrewster.jpg	default	Ally	Corrupt Cultist	English	3	-1					Lovecraft	Innsmouth							C	Add 1 point to the value of this card if your Investigator has the Jewelry of the Deep Ones.	Limited	Limited	playerNDeck
Limited_Ltd218	K.J. Hooper	mythos/limited/Mythos-Limited-KJHooper.jpg	default	Ally	Steadfast Private Eye	English	3						Lovecraft	Arkham							C	Protection from Police Investigation and from cards that cause you to lose Artifacts and Tomes. At the moment when you would lose an Artifact or Tome, you may choose to Bury this card instead. Your opponent must then Bury his or her card.	Limited	Limited	playerNDeck
Limited_Ltd219	Mercy Dexter	mythos/limited/Mythos-Limited-MercyDexter.jpg	default	Ally	Steadfast Sister	English	3						Lovecraft	Providence							C	Add 1 point to this card's value when either Rhoby Harris or Ann White is in play.	Limited	Limited	playerNDeck
Limited_Ltd220	Nahum Gardner	mythos/limited/Mythos-Limited-NahumGardner.jpg	default	Ally	Steadfast Farmer	English	2	1					Lovecraft	Miskatonic Valley							C		Limited	Limited	playerNDeck
Limited_Ltd221	Randolph Carter	mythos/limited/Mythos-Limited-RandolphCarter.jpg	default	Ally	Steadfast Dreamer	Knows English & French	2						Any City								R	As long as he is chosen as a defending Ally, he raises the card value of all other Attributes: Steadfast defending Allies by one point per card. Not cumulative with another Ally's Command Ability	Limited	Limited	playerNDeck
Limited_Ltd222	Raymond Legrasse	mythos/limited/Mythos-Limited-RaymondLegrasse.jpg	default	Ally	Steadfast Police Detective	English & French	3						Lovecraft	Any City							C	Protection from Police Investigation and from cards that cause you to lose Artifacts and Tomes. At the moment when you would lose an Artifact or Tome, you may choose to Bury this card instead. Your opponent must then Bury his or her card.	Limited	Limited	playerNDeck
Limited_Ltd223	Rhoby Harris	mythos/limited/Mythos-Limited-RhobyHarris.jpg	default	Ally	Steadfast Wife	English & French	2						Lovecraft	Providence							R	Add point to this card's value when either Mercy Dexter or Ann White is in play.	Limited	Limited	playerNDeck
Limited_Ltd224	Robert Harrison Blake	mythos/limited/Mythos-Limited-RobertHarrisonBlake.jpg	default	Ally	Steadfast Artist	English	1	1					Lovecraft	Providence							R		Limited	Limited	playerNDeck
Limited_Ltd225	Robert Marsh	mythos/limited/Mythos-Limited-RobertMarsh.jpg	default	Ally	Corrupt Cultist	English	2	-1		Unique			Lovecraft	Innsmouth							U	Add 1 point to the value of this card if your Investigator has the Jewelry of the Deep Ones.	Limited	Limited	playerNDeck
Limited_Ltd226	Zadok Allen	mythos/limited/Mythos-Limited-ZadokAllen.jpg	default	Ally	Steadfast Bum	Knows no languages	1						Any Outside								C	While this card is in play, add one to the Maximum number of cards that you may keep in your Hand. Cumulative with other Allies that raise your Maximum.	Limited	Limited	playerNDeck
Limited_Ltd301	Chime of Tezchaptl	mythos/limited/Mythos-Limited-ChimeOfTezchaptl.jpg	default	Artifact				-2													R	Flip this card face-down to cancel an opponent's Spell that was just cast.	Limited	Limited	playerNDeck
Limited_Ltd302	Dynamite (v1)	mythos/limited/Mythos-Limited-DynamiteV1.jpg	default	Artifact	Weapon		6	-1													C	Add 6 points to Ally's value. One weapon per Ally. If Ally is Buried, also Bury this card. Discard both Dynamite and Ally after use in Combat.	Limited	Limited	playerNDeck
Limited_Ltd303	Elephant Gun	mythos/limited/Mythos-Limited-ElephantGun.jpg	default	Artifact			3														U	Add 3 points to Ally's value. One weapon per Ally. If Ally is Discarded or Buried, this card also suffers the same fate.	Limited	Limited	playerNDeck
Limited_Ltd304	Enchanted Cane	mythos/limited/Mythos-Limited-EnchantedCane.jpg	default	Artifact				-1		Unique											R	Increase your Investigator's maximum Sanity by five while this card is in play. If this card is Discarded or Buried, Sanity points above your maximum are immediately lost.	Limited	Limited	playerNDeck
Limited_Ltd305	Jewelry of the Deep Ones	mythos/limited/Mythos-Limited-JewelryOfTheDeepOnes.jpg	default	Artifact				-1		Unique											U	Increase the card value of all Deep Ones, Father Dagon, Mother Hydra, and certain Corrupt Cultists by 1 point.	Limited	Limited	playerNDeck
Limited_Ltd306	Mi-Go Braincase	mythos/limited/Mythos-Limited-MiGoBraincase.jpg	default	Artifact				-1													R	Place this artifact with an Ally. That Ally can now know one Spell. Bury Spell when cast. If this Artifact is Discarded or Buried, the Spell suffers the same fate.	Limited	Limited	playerNDeck
Limited_Ltd307	Mist Projector	mythos/limited/Mythos-Limited-MistProjector.jpg	default	Artifact	Enchanted Weapon		3	-1													R	Add 3 points to Ally's value. One weapon per Ally. If Ally is lost, also lose this card	Limited	Limited	playerNDeck
Limited_Ltd308	Paracelsus' Sword	mythos/limited/Mythos-Limited-ParacelsusSword.jpg	default	Artifact	Enchanted Weapon		2	-1													U	Add 2 points to Ally's value. One Weapon per Ally. If Ally is Discarded or Buried, this card also suffers the same fate.	Limited	Limited	playerNDeck
Limited_Ltd309	Ring of Eibon	mythos/limited/Mythos-Limited-RingOfEibon.jpg	default	Artifact				-1		Unique											R	Spend 2 Sanity points to gain a 13-second glacne at one opponent's hand and choose their next legal play (cannot be a Pass) of a card from their hand to the table. Flip this card face down after use.	Limited	Limited	playerNDeck
Limited_Ltd310	Seal of Isis	mythos/limited/Mythos-Limited-SealOfIsis.jpg	default	Artifact				-1													C	Protects against theft. If opponent plays a card that would cause you to lose an Artifact, Tome, or Spell from a Tome, you may choose to Bury this card instead. Opponent also immediately Buries card used.	Limited	Limited	playerNDeck
Limited_Ltd311	Shining Trapezohedron	mythos/limited/Mythos-Limited-ShiningTrapezohedron.jpg	default	Artifact				-2		Unique											U	Can be used in the place of any one of the cards needed to play Great Old One or an Outer God. Bury this card when used	Limited	Limited	playerNDeck
Limited_Ltd312	Shotgun	mythos/limited/Mythos-Limited-Shotgun.jpg	default	Artifact	Weapon		2	1													C	Add 2 points to Ally's value. One Weapon per Ally. If Ally is Discarded or Buried, this card also suffers the same fate.	Limited	Limited	playerNDeck
Limited_Ltd313	Sphere of Nath	mythos/limited/Mythos-Limited-SphereOfNath.jpg	default	Artifact				-2		Unique											R	Take the top card of your opponent's Story Deck and Discard it. If acard revealed is not a Location, bury it. Repeat until a Location card is revealed. Ignore Sanity gain/loss; may use Gate. Then, bury this card.	Limited	Limited	playerNDeck
Limited_Ltd314	Star Stone of Mnar	mythos/limited/Mythos-Limited-StarStoneOfMnar.jpg	default	Artifact				-1													U	Designate one Threat to be affected before Monsters are revealed. Halves the attack from Lesser Servitors and Lesser Independents.	Limited	Limited	playerNDeck
Limited_Ltd315	The Brazen Head	mythos/limited/Mythos-Limited-TheBrazenHead.jpg	default	Artifact				-2		Unique											U	Can know any one spell. Bury Spell in your Story Deck after it's cast. Knows Greek, Latin & Chinese.	Limited	Limited	playerNDeck
Limited_Ltd316	The Ultra-Violet	mythos/limited/Mythos-Limited-TheUltraViolet.jpg	default	Artifact				-1													R	While in play, this card makes all Invisible monsters in any attacking Threat Visible, but adds 1 point to the card value of each affected Monster	Limited	Limited	playerNDeck
Limited_Ltd317	Tommygun	mythos/limited/Mythos-Limited-Tommygun.jpg	default	Artifact	Weapon		3														C	Add 3 points to Ally's value; Ally is now corrupt. One weapon per Ally. If Ally is Discarded or Buried, this card also suffers the same fate.	Limited	Limited	playerNDeck
Limited_Ltd401	Amnesia	mythos/limited/Mythos-Limited-Amnesia.jpg	default	Event																	C	Randomly choose one card from your opponent's Hand that he or she must Discard, then Bury this card.	Limited	Limited	playerNDeck
Limited_Ltd402	An Unexpected Calamity (v1)	mythos/limited/Mythos-Limited-AnUnexpectedCalamityV1.jpg	default	Event																	U	Play this card and announce "Pass." This Pass ends the current Round, even if it is the only Pass in the Round.	Limited	Limited	playerNDeck
Limited_Ltd403	Bacteriophobia	mythos/limited/Mythos-Limited-Bacteriophobia.jpg	default	Event	Phobia																C	Fear of Germs. Lose 1 Sanity point if you or your Allies have a Weapon, Tome, or Artifact when this card is played, and each time you play an Artifact, Tome or Weapon card.	Limited	Limited	playerNDeck
Limited_Ltd404	Beatrice is Released From the Attic	mythos/limited/Mythos-Limited-BeatriceIsReleasedFromTheAttic.jpg	default	Event				-1													R	Choose one Ally up to 4 points in value (including Weapon) that your opponent must Bury, then Bury this card.	Limited	Limited	playerNDeck
Limited_Ltd405	Car (v1)	mythos/limited/Mythos-Limited-CarV1.jpg	default	Event	Travel by Land																C	Immediately play a new Location in the same Region right-side up on top of your Story Deck.	Limited	Limited	playerNDeck
Limited_Ltd406	Catastrophic Failure	mythos/limited/Mythos-Limited-CatastrophicFailure.jpg	default	Event																	C	The Weapon held by one Ally malfuctions catastrophically and dramatically. Bury the target Ally and Discard his or her Weapon.	Limited	Limited	playerNDeck
Limited_Ltd407	Children Have Nightmares	mythos/limited/Mythos-Limited-ChildrenHaveNightmares.jpg	default	Event				-1													U	All Allies of one opponent are reduced by 2 points for the remainder of this Round, to a minimum of 1. Bury this card at the end of the Round.	Limited	Limited	playerNDeck
Limited_Ltd408	Claustrophiobia	mythos/limited/Mythos-Limited-Claustrophiobia.jpg	default	Event	Phobia																C	Fear of Enclosed Spaces. Lose 1 Sanity point if you are currently at an Inside Location and at the beginning of each Turn that you are Inside.	Limited	Limited	playerNDeck
Limited_Ltd409	Dawn of a New Day	mythos/limited/Mythos-Limited-DawnOfANewDay.jpg	default	Event	Day			1													C	Bury any Night or Day Event in play. Bury this card if any Day or Night Event is played.	Limited	Limited	playerNDeck
Limited_Ltd410	Demophobia	mythos/limited/Mythos-Limited-Demophobia.jpg	default	Event	Phobia																C	Fear of Crowds. Lose 1 Sanity point each time you play an Ally card, by whatever means, alongside your Investigator.	Limited	Limited	playerNDeck
Limited_Ltd411	Dendrophobia	mythos/limited/Mythos-Limited-Dendrophobia.jpg	default	Event	Phobia																R	Fear of Trees. Lose 1 Sanity point if you are currently at a Forest Location and at the beginning of each Turn that you are in a Forest Location.	Limited	Limited	playerNDeck
Limited_Ltd412	Direct Sunlight	mythos/limited/Mythos-Limited-DirectSunlight.jpg	default	Event	Day																U	It is now Day. Bury any Night or Day Event in play. Bury this card if any Day or Night Event is played.	Limited	Limited	playerNDeck
Limited_Ltd413	Discover Secret Cache	mythos/limited/Mythos-Limited-DiscoverSecretCache.jpg	default	Event																	U	Immediately play an Artifact or a Tome card regardless of current Location's attributes. You or your Allies must still know the proper Languages, if neede. Then, Bury this card.	Limited	Limited	playerNDeck
Limited_Ltd414	Drought	mythos/limited/Mythos-Limited-Drought.jpg	default	Event																	U	No Location bears the Water symbol while this card is in play. Bury any Storm event in play. Bury this card if any Storm Event is played.	Limited	Limited	playerNDeck
Limited_Ltd415	Earthquake	mythos/limited/Mythos-Limited-Earthquake.jpg	default	Event				-1													U	Take the top card of your opponent's Sotry Deck, and Bury it. If card revealed is not a Location, Bury it also. Repeat until a Location is revealed. Ignore Sanity gain/loss; may use Gate. Then, Bury this card.	Limited	Limited	playerNDeck
Limited_Ltd416	Eclipse of the Sun	mythos/limited/Mythos-Limited-EclipseOfTheSun.jpg	default	Event	Day																R	Bury any Night or Day Event in play. Bury this card if any Day or Night Event is played.	Limited	Limited	playerNDeck
Limited_Ltd417	Eosophobia	mythos/limited/Mythos-Limited-Eosophobia.jpg	default	Event	Phobia																C	: Fear of Dawn. Lose 1 Sanity point if it is Day and each time a Day Event is played.	Limited	Limited	playerNDeck
Limited_Ltd418	Flee to Special Room	mythos/limited/Mythos-Limited-FleeToSpecialRoom.jpg	default	Event																	C	Cancel the effects of a card played since your last Turn that would otherwise cause you to Bury or Discard an Ally or Allies. Then, Bury this card	Limited	Limited	playerNDeck
Limited_Ltd419	Full Moon	mythos/limited/Mythos-Limited-FullMoon.jpg	default	Event	Night																U	Bury any Day Event or any other Night Event in play. Bury this card if any Day or Night Event is played.	Limited	Limited	playerNDeck
Limited_Ltd420	Harney Reginald Opens Fire	mythos/limited/Mythos-Limited-HarneyReginaldOpensFire.jpg	default	Event																	C	Bury opponent's Ally of up to 2 points (excluding the value of any Weapons). Then, Bury this card	Limited	Limited	playerNDeck
Limited_Ltd421	Hound of the Tindalos	mythos/limited/Mythos-Limited-HoundOfTheTindalos.jpg	default	Event				-1													U	Can only be used against Allies who are Inside. Bury any Ally of your opponent. Then, Bury this card	Limited	Limited	playerNDeck
Limited_Ltd422	Hurricane	mythos/limited/Mythos-Limited-Hurricane.jpg	default	Event	Storm					Unique											U	Bury Travel by Air or Sea cards on top of any Story Deck (return to former Location). Ignore sanity/loss gain; no Gate use. Neither may be played. Every Location now bears the Water Attribute. Bury this card if any Day or Night Event is played	Limited	Limited	playerNDeck
Limited_Ltd423	Hydrophobia	mythos/limited/Mythos-Limited-Hydrophobia.jpg	default	Event	Phobia																U	Fear of Water. Lose 1 Sanity point if you are currently in a Water Location and at the beginning of each Turn that you are in a Water Location	Limited	Limited	playerNDeck
Limited_Ltd424	Iatrophobia	mythos/limited/Mythos-Limited-Iatrophobia.jpg	default	Event	Phobia																R	Fear of Doctors. Lose 1 Sanity point at the beginning of each turn that a Sanitarium is the top card of your Story Deck. You may not remove this Phobia in a Sanitarium	Limited	Limited	playerNDeck
Limited_Ltd425	In the Nick of Time	mythos/limited/Mythos-Limited-InTheNickOfTime.jpg	default	Event																	U	Play this card, and the Pass by a player on an earlier Turn is voided - no Passes have been announced for the the current Round. You may immediately play a second card.	Limited	Limited	playerNDeck
Limited_Ltd426	Influenza	mythos/limited/Mythos-Limited-Influenza.jpg	default	Event	Epidemic			-1													C	Randomly choose one Ally that opponent must Bury. Each other player's Investigator also in the same Region must also randomly Bury one Ally. Then, Bury this card	Limited	Limited	playerNDeck
Limited_Ltd427	Instability in the Mythos (v1)	mythos/limited/Mythos-Limited-InstabilityInTheMythosV1.jpg	default	Event																	C	If the target Threat contains more than three cards, including any Great Old One or Outer Gods, randomly Discard three. Then, Bury this card.	Limited	Limited	playerNDeck
Limited_Ltd428	Instability in the Mythos (v2)	mythos/limited/Mythos-Limited-InstabilityInTheMythosV2.jpg	default	Event																	C	If the target Threat contains more than three cards, randomly choose two cards and add them to your Threat as if you summoned them (place crosswise). Bury them in your opponent's Story Deck at the end of Combat. Then, Bury this card	Limited	Limited	playerNDeck
Limited_Ltd429	Monophobia	mythos/limited/Mythos-Limited-Monophobia.jpg	default	Event	Phobia																C	Fear of Being Alone. Lose 1 Sanity point each time you lose an Ally	Limited	Limited	playerNDeck
Limited_Ltd430	New Moon	mythos/limited/Mythos-Limited-NewMoon.jpg	default	Event	Day																U	No effect on Day Events, but if none are in play then it is Day. Bury Night Events. Bury this card if any Day or Night Event is played	Limited	Limited	playerNDeck
Limited_Ltd431	Obsessive/Compulsive	mythos/limited/Mythos-Limited-ObsessiveCompulsive.jpg	default	Event	Phobia					Unique											R	Repeated behavior. At the beginning of each Round, lose 1 Sanity point and reshuffle your Mythos Deck and all discards	Limited	Limited	playerNDeck
Limited_Ltd432	Police investigation	mythos/limited/Mythos-Limited-PoliceInvestigation.jpg	default	Event																	C	At the beginning of the next Round, the local police confiscate four cards from opponent's hand. Opponent draws four cards fewer than usual. Bury this card at the end of the Round	Limited	Limited	playerNDeck
Limited_Ltd433	Powerful Storms	mythos/limited/Mythos-Limited-PowerfulStorms.jpg	default	Event	Storm																C	Bury Travel By Air cards on top of any Story Deck (return to former Location). Ignore Sanity loss/gain; no Gate use. No Travel By Air cards may be played while this card is in play. Bury this card if any Day or Night Event is played	Limited	Limited	playerNDeck
Limited_Ltd434	Rhabdophobia	mythos/limited/Mythos-Limited-Rhabdophobia.jpg	default	Event	Phobia																U	Fear of being eaten. Lose 1 Sanity point any time that any player plays a card that begins a new Threat (not that is added to an existing Threat).	Limited	Limited	playerNDeck
Limited_Ltd435	Scotophobia	mythos/limited/Mythos-Limited-Scotophobia.jpg	default	Event	Phobia																C	Fear of Darkness. Lose 1 Sanity point if it is Night, and each time a Night Event is played	Limited	Limited	playerNDeck
Limited_Ltd436	The Innsmouth Look	mythos/limited/Mythos-Limited-TheInnsmouthLook.jpg	default	Event																	R	Move opponent's Ally to his or her Threat, face down. Ally functions as a Lesser Independent Monster for the remainder of this Round. Bury that Ally after Combat is concluded. Bury this card once the ally has been moved	Limited	Limited	playerNDeck
Limited_Ltd437	Thieves in your Attic	mythos/limited/Mythos-Limited-ThievesInYourAttic.jpg	default	Event																	C	Randomly select one Artifact card (not a Tome) that your opponent must Bury, then Bury this card	Limited	Limited	playerNDeck
Limited_Ltd438	Townsfolk Riot	mythos/limited/Mythos-Limited-TownsfolkRiot.jpg	default	Event																	U	Your opponent's foul deeds are exposed. Even if already Walking, opponent must play a Travel Event or a new Location next Turn or suffer an attack worth 5 points. Allies may defend. Then, Bury this card	Limited	Limited	playerNDeck
Limited_Ltd439	Train (v1)	mythos/limited/Mythos-Limited-TrainV1.jpg	default	Event	Travel by Land																	On a following Turn, play a new Location in the same Region, right-side up on top of your Story Deck. Or, remain on the Train for a Turn to play an Ally card that could be played in this Region. (only 1 Ally per Train card played).	Limited	Limited	playerNDeck
Limited_Ltd440	Triskaidekaphobia	mythos/limited/Mythos-Limited-Triskaidekaphobia.jpg	default	Event	Phobia					Unique											R	Fear of the number 13. Lose 1 Sanity point at the beginning of each Turn that the cards in your hand number 13	Limited	Limited	playerNDeck
Limited_Ltd441	Typhoid	mythos/limited/Mythos-Limited-Typhoid.jpg	default	Event	Epidemic			-1													C	Randomly choose and Bury half (round up) of your opponent's Allies. Any other players whose Investigators are in the same City as target are similary affected	Limited	Limited	playerNDeck
Limited_Ltd442	Waning Moon	mythos/limited/Mythos-Limited-WaningMoon.jpg	default	Event	Night																C	Bury any Day or Night Event in play. Bury this card if any Day or Night Event is played	Limited	Limited	playerNDeck
Limited_Ltd443	Waxing Moon	mythos/limited/Mythos-Limited-WaxingMoon.jpg	default	Event	Night																C	Bury any Day or Night Event in play. Bury this card if any Day or Night Event is played	Limited	Limited	playerNDeck
Limited_Ltd444	Yithian Mental Contact	mythos/limited/Mythos-Limited-YithianMentalContact.jpg	default	Event				-1		Unique											U	Your opponent changes his or her mind and Buries the card(s) that were just played or whose orientations were altered, except Adventure cards. Ignore any effects that those card(s) might otherwise have had	Limited	Limited	playerNDeck
Limited_Ltd001	Adventurous Dilettante	mythos/limited/Mythos-Limited-AdventurousDilettante.jpg	default	Investigator		English, French									12	20	16	13	7	7		As your Turn one time during a Round, you may Discard up to two cards and replace them with new cards drawn from your Mythos Deck.	Limited	Limited	playerNInvestigator
Limited_Ltd002	Brilliant Egyptian Archaeologist	mythos/limited/Mythos-Limited-BrilliantEgyptianArchaeologist.jpg	default	Investigator		Arabic, Greek									12	20	19	13	5	6			Limited	Limited	playerNInvestigator
Limited_Ltd003	Capable Graduate Student	mythos/limited/Mythos-Limited-CapableGraduateStudent.jpg	default	Investigator		English									14	20	15	13	3	5			Limited	Limited	playerNInvestigator
Limited_Ltd004	Cleric of Fading Faith	mythos/limited/Mythos-Limited-ClericOfFadingFaith.jpg	default	Investigator		English, Latin									12	20	14	13	5	5		As your Turn one time during a Round, you may Discard one card and replace it with a new card drawn from your Mythos Deck.	Limited	Limited	playerNInvestigator
Limited_Ltd005	Controversial French Mystic	mythos/limited/Mythos-Limited-ControversialFrenchMystic.jpg	default	Investigator		French									13	20	6	13	3	4			Limited	Limited	playerNInvestigator
Limited_Ltd006	Earnest Reporter	mythos/limited/Mythos-Limited-EarnestReporter.jpg	default	Investigator		English									15	20	11	13	4	5			Limited	Limited	playerNInvestigator
Limited_Ltd007	Exuberant Boston Flapper	mythos/limited/Mythos-Limited-ExuberantBostonFlapper.jpg	default	Investigator		English									15	20	10	13	2	3			Limited	Limited	playerNInvestigator
Limited_Ltd008	Grizzled Boston Detective	mythos/limited/Mythos-Limited-GrizzledBostonDetective.jpg	default	Investigator		English									15	20	13	13	4	6			Limited	Limited	playerNInvestigator
Limited_Ltd009	Hardened Chicago Gangster	mythos/limited/Mythos-Limited-HardenedChicagoGangster.jpg	default	Investigator		English									15	20	5	13	5	6			Limited	Limited	playerNInvestigator
Limited_Ltd010	Haunted French Sculptor	mythos/limited/Mythos-Limited-HauntedFrenchSculptor.jpg	default	Investigator		French									14	20	9	13	4	5			Limited	Limited	playerNInvestigator
Limited_Ltd011	Inquisitive Chinese Intellectual	mythos/limited/Mythos-Limited-InquisitiveChineseIntellectual.jpg	default	Investigator		Chineese									15	20	18	13	4	5			Limited	Limited	playerNInvestigator
Limited_Ltd012	Mad German Inventor	mythos/limited/Mythos-Limited-MadGermanInventor.jpg	default	Investigator		German									14	20	17	13	3	5			Limited	Limited	playerNInvestigator
Limited_Ltd013	Morose Veteran of the Great War	mythos/limited/Mythos-Limited-MoroseVeteranOfTheGreatWar.jpg	default	Investigator		English									16	20	7	13	5	7			Limited	Limited	playerNInvestigator
Limited_Ltd014	Pragmatic Hobo	mythos/limited/Mythos-Limited-PragmaticHobo.jpg	default	Investigator		None									16	20	4	7				At the beginning of each turn, draw ("beg") one card from your Mythos Deck. You may not Pass (to try to end the Round). You must play or you must discard one card.	Limited	Limited	playerNInvestigator
Limited_Ltd015	Proud Prussian Submariner	mythos/limited/Mythos-Limited-ProudPrussianSubmariner.jpg	default	Investigator		German									15	20	8	13	4	5			Limited	Limited	playerNInvestigator
Limited_Ltd016	Respected New England Doctor	mythos/limited/Mythos-Limited-RespectedNewEnglandDoctor.jpg	default	Investigator		English, German									13	20	20	13	6	6		As your Turn one time during a Round, you may Discard one card and replace it with a new card drawn from your Mythos Deck.	Limited	Limited	playerNInvestigator
Limited_Ltd017	Staid University Professor	mythos/limited/Mythos-Limited-StaidUniversityProfessor.jpg	default	Investigator		English, Latin									13	20	21	13	6	6		As your Turn one time during a Round, you may Discard one card and replace it with a new card drawn from your Mythos Deck.	Limited	Limited	playerNInvestigator
Limited_Ltd018	The Unfortunate Nephew	mythos/limited/Mythos-Limited-TheUnfortunateNephew.jpg	default	Investigator		English									14	20	12	13	4	4		As your Turn one time during a Round, you may Discard one card and replace it with a new card drawn from your Mythos Deck.	Limited	Limited	playerNInvestigator
Limited_Ltd501	197 E. Pickman Street	mythos/limited/Mythos-Limited-197EPickmanStreet.jpg	default	Location	Water, Inside, Artifact, Gate, City, House,			-1					Lovecraft	Arkham							C	May use this Gate more than once, but must pay this card's Sanity cost for each subsequent Gate use	Limited	Limited	playerNDeck
Limited_Ltd502	Ammi Pierce's Tottering Cottage	mythos/limited/Mythos-Limited-AmmiPiercesTotteringCottage.jpg	default	Location	Forest, Outside, Artifact, Country, House,								Lovecraft	Miskatonic Valley							C		Limited	Limited	playerNDeck
Limited_Ltd503	Arkham Historical Society	mythos/limited/Mythos-Limited-ArkhamHistoricalSociety.jpg	default	Location	Water, Inside, Tome, City, Museum, Society,			1					Lovecraft	Arkham							C		Limited	Limited	playerNDeck
Limited_Ltd504	Arkham Rare Books & Maps	mythos/limited/Mythos-Limited-ArkhamRareBooksMaps.jpg	default	Location	Water, Inside, Tome, Business, City,								Lovecraft	Arkham							R		Limited	Limited	playerNDeck
Limited_Ltd505	Arkham Sanitarium	mythos/limited/Mythos-Limited-ArkhamSanitarium.jpg	default	Location	Forest, Water, Inside , City, Sanitorium,			6		Unique			Lovecraft	Arkham							U	Reveal the top card of your Mythos Deck. If it is a Monster, it attacks immediately. Allies may defend you, then Discard it. Discard any other card drawn. You may remain here for one turn and Bury one Phobia	Limited	Limited	playerNDeck
Limited_Ltd506	Assembly Hall	mythos/limited/Mythos-Limited-AssemblyHall.jpg	default	Location	Water, Inside, Artifact, City, Site,								Lovecraft	Innsmouth							C		Limited	Limited	playerNDeck
Limited_Ltd507	Asylum for the Deranged	mythos/limited/Mythos-Limited-AsylumForTheDeranged.jpg	default	Location	Forest, Inside, Gate, Country, Sanitorium,			6		Unique			Lovecraft	Greenwood							U	Reveal the top card of your Mythos Deck. If it is a Monster, it attacks you immediately. Allies may defend you, then Discard it. Discard any other cards drawn. You may remain here for one turn and Bury one Phobia	Limited	Limited	playerNDeck
Limited_Ltd508	Aylesbury	mythos/limited/Mythos-Limited-Aylesbury.jpg	default	Location	Forest, Outside, Country, Village			1					Lovecraft	Miskatonic Valley							C		Limited	Limited	playerNDeck
Limited_Ltd509	Bolton	mythos/limited/Mythos-Limited-Bolton.jpg	default	Location	Forest, Outside, Tome, Gate, Country, Village			1					Lovecraft	Miskatonic Valley							C		Limited	Limited	playerNDeck
Limited_Ltd510	Brown University John Hay Library	mythos/limited/Mythos-Limited-BrownUniversityJohnHayLibrary.jpg	default	Location	Water, Inside, Tome, City, Library, University,			1					Lovecraft	Providence							C	All Professors and Students add 1 point to their card value when this card is your current Location	Limited	Limited	playerNDeck
Limited_Ltd511	Chapman Farmhouse	mythos/limited/Mythos-Limited-ChapmanFarmhouse.jpg	default	Location	Forest, Water, Inside, Tome, City, House,								Lovecraft	Arkham							R		Limited	Limited	playerNDeck
Limited_Ltd512	Christchurch Cemetery (Arkham)	mythos/limited/Mythos-Limited-ChristchurchCemeteryArkham.jpg	default	Location	Cemetery, Forest, Water, Outside, City,			1					Lovecraft	Arkham							R	Remain here for a Turn and Bury one Phobia	Limited	Limited	playerNDeck
Limited_Ltd513	Christchurch Cemetery (Innsmouth)	mythos/limited/Mythos-Limited-ChristchurchCemeteryInnsmouth.jpg	default	Location	Cemetery, Forest, Water, Outside, Church, City,								Lovecraft	Innsmouth							R	You may remain here for one Turn and Bury one Phobia	Limited	Limited	playerNDeck
Limited_Ltd514	Church of Starry Wisdom	mythos/limited/Mythos-Limited-ChurchOfStarryWisdom.jpg	default	Location	Water, Inside, Tome, Gate, Church, City,			-1					Lovecraft	Providence							U	May use this Gate more than once when Aldebaran or another star is in play, but must pay this card's Sanity cost for each subsequent Gate use. You may remain here for one turn and Bury one Phobia	Limited	Limited	playerNDeck
Limited_Ltd515	Conanicut Island Private Hospital	mythos/limited/Mythos-Limited-ConanicutIslandPrivateHospital.jpg	default	Location	Forest, Water, Inside, Country, Sanitorium,			5		Unique			Lovecraft	Conanicut							U	Gain 5 Sanity points now, but you must spend next Turn in therapy (playing no cards, and not Passing). You may remain here for one Turn and Bury one Phobia	Limited	Limited	playerNDeck
Limited_Ltd516	Crowninshield House	mythos/limited/Mythos-Limited-CrowninshieldHouse.jpg	default	Location	Water, Inside, Tome, Gate, City, House,								Lovecraft	Arkham							C		Limited	Limited	playerNDeck
Limited_Ltd517	Esoteric Order of Dagon	mythos/limited/Mythos-Limited-EsotericOrderOfDagon.jpg	default	Location	Water, Inside, Tome, Gate, City, Society,			-1					Lovecraft	Innsmouth							R	May use this Gate more than once when any Storm is in play, but must pay this card's Sanity cost for each subsequent Gate use. You may remain here for one Turn and Bury one Phobia	Limited	Limited	playerNDeck
Limited_Ltd518	Faith Baptist Church	mythos/limited/Mythos-Limited-FaithBaptistChurch.jpg	default	Location	Cemetery, Forest, Water, Inside, Church, City,								Lovecraft	Innsmouth							C	You may remain here for one Turn and Bury one Phobia	Limited	Limited	playerNDeck
Limited_Ltd519	First Baptist Church	mythos/limited/Mythos-Limited-FirstBaptistChurch.jpg	default	Location	Forest, Water, Inside, Church, City,			1					Lovecraft	Providence							C	You may remain here for one Turn and Bury one Phobia	Limited	Limited	playerNDeck
Limited_Ltd520	Golden Eye Society	mythos/limited/Mythos-Limited-GoldenEyeSociety.jpg	default	Location	Forest, Water, Inside, Artifact, Gate, City, Society,								Lovecraft	Arkham							U		Limited	Limited	playerNDeck
Limited_Ltd521	Hangman's Hill	mythos/limited/Mythos-Limited-HangmansHill.jpg	default	Location	Cemetery, Forest, Water, Gate, City, Site,								Lovecraft	Arkham							R		Limited	Limited	playerNDeck
Limited_Ltd522	Home of Laban Shrewsbury	mythos/limited/Mythos-Limited-HomeOfLabanShrewsbury.jpg	default	Location	Water, Inside, Artifact, City, House,								Lovecraft	Arkham							R		Limited	Limited	playerNDeck
Limited_Ltd523	Innsmouth Courier	mythos/limited/Mythos-Limited-InnsmouthCourier.jpg	default	Location	Water, Inside, City, Press,								Lovecraft	Innsmouth							C	All Reporters add 1 point to their value when this card is your current Location on your Story Deck	Limited	Limited	playerNDeck
Limited_Ltd524	Marsh Refining Co.	mythos/limited/Mythos-Limited-MarshRefiningCo.jpg	default	Location	Water, Inside, Tome, Gate, Business, City,								Lovecraft	Innsmouth							U	All Marshes add 1 to their card value when this card is your current Location	Limited	Limited	playerNDeck
Limited_Ltd525	Martense Mansion	mythos/limited/Mythos-Limited-MartenseMansion.jpg	default	Location	Forest, Inside, Artifact, Tome, Gate, Country, House,			-1					Lovecraft	Catskills							R	All Martense family members (including Martense Kin) add 1 point to the card value when this is your current Location	Limited	Limited	playerNDeck
Limited_Ltd526	Massachusetts State Hospital	mythos/limited/Mythos-Limited-MassachusettsStateHospital.jpg	default	Location	Forest, Water, Inside, Tome, Country, Sanitorium,			4		Unique			Lovecraft	Danvers							U	Gain 4 Sanity points, but reveal the top card of your Mythos Deck. Apply any Sanity gain or loss indicated on the card, then Discard it. You may remain here for one Turn and Bury one Phobia	Limited	Limited	playerNDeck
Limited_Ltd527	Nahum Gardner Place	mythos/limited/Mythos-Limited-NahumGardnerPlace.jpg	default	Location	Forest, Inside, Artifact, Gate, Country, House,								Lovecraft	Miskatonic Valley							U		Limited	Limited	playerNDeck
Limited_Ltd528	North Burial Ground	mythos/limited/Mythos-Limited-NorthBurialGround.jpg	default	Location	Cemetery, Forest, Outside, Gate, Country,								Lovecraft	Providence							C		Limited	Limited	playerNDeck
Limited_Ltd529	Old Arkham Cemetery	mythos/limited/Mythos-Limited-OldArkhamCemetery.jpg	default	Location	Cemetery, Forest, Water, City,								Lovecraft	Arkham							C		Limited	Limited	playerNDeck
Limited_Ltd530	Peck Valley Cemetery	mythos/limited/Mythos-Limited-PeckValleyCemetery.jpg	default	Location	Cemetery, Forest, Outside, Gate, Country,								Lovecraft	Miskatonic Valley							R		Limited	Limited	playerNDeck
Limited_Ltd531	Potter's Field	mythos/limited/Mythos-Limited-PottersField.jpg	default	Location	Cemetery, Forest, Water,								Lovecraft	Arkham							C		Limited	Limited	playerNDeck
Limited_Ltd532	Robert Blake's Study	mythos/limited/Mythos-Limited-RobertBlakesStudy.jpg	default	Location	Artifact, Gate, City, House,								Lovecraft	Providence							C		Limited	Limited	playerNDeck
Limited_Ltd534	Sefton Asylum	mythos/limited/Mythos-Limited-SeftonAsylum.jpg	default	Location	Forest, Water, Inside, Tome, Country, Sanitorium,			5		Unique			Lovecraft	Miskatonic Valley							U	Your Electro-Shock Therapy is a success. Set aside this card and shuffle Story Deck. Randomly Discard one Story Deck card, then replace this card. You may remain here for one Turn and Bury one Phobia	Limited	Limited	playerNDeck
Limited_Ltd535	South Woods Memorial Cemetery	mythos/limited/Mythos-Limited-SouthWoodsMemorialCemetery.jpg	default	Location	Cemetery, Forest, Water, Outside, City,								Lovecraft	Innsmouth							C		Limited	Limited	playerNDeck
Limited_Ltd536	St. John's Churchyard	mythos/limited/Mythos-Limited-StJohnsChurchyard.jpg	default	Location	Cemetery, Forest, Water, Outside, Church, City,								Lovecraft	Providence							R		Limited	Limited	playerNDeck
Limited_Ltd537	Tempest Mountain	mythos/limited/Mythos-Limited-TempestMountain.jpg	default	Location	Forest, Outside, Gate, Country, Site,								Lovecraft	Catskills							C		Limited	Limited	playerNDeck
Limited_Ltd538	The Arkham Advertiser	mythos/limited/Mythos-Limited-TheArkhamAdvertiser.jpg	default	Location	Water, Inside, City, Press,								Lovecraft	Arkham							C	All Reporters add 1 point to their card value when this card is your current Location on your Story Deck	Limited	Limited	playerNDeck
Limited_Ltd539	The House on Olney Court	mythos/limited/Mythos-Limited-TheHouseOnOlneyCourt.jpg	default	Location	Water, Inside, Artifact, Tome, Gate, City, House,			-1					Lovecraft	Providence							R		Limited	Limited	playerNDeck
Limited_Ltd540	The Lonely House in the Woods	mythos/limited/Mythos-Limited-TheLonelyHouseInTheWoods.jpg	default	Location	Forest, Inside, Tome, Country, House,								Lovecraft	Miskatonic Valley							R		Limited	Limited	playerNDeck
Limited_Ltd541	The Lowell Street Cafe	mythos/limited/Mythos-Limited-TheLowellStreetCafe.jpg	default	Location	Forest, Water, Inside, Business, City,								Lovecraft	Arkham							C	You may remain here for one Turn and Bury one Phobia	Limited	Limited	playerNDeck
Limited_Ltd542	The Marsh Mansion	mythos/limited/Mythos-Limited-TheMarshMansion.jpg	default	Location	Forest, Water, Inside, Tome, Gate, City, House,								Lovecraft	Innsmouth							R	All Marshes add 1 point to their card value when this card is your current Location	Limited	Limited	playerNDeck
Limited_Ltd543	The Shunned House	mythos/limited/Mythos-Limited-TheShunnedHouse.jpg	default	Location	Forest, Water, Inside, Artifact, Gate, City, House,								Lovecraft	Providence							R		Limited	Limited	playerNDeck
Limited_Ltd544	The Unnameable House	mythos/limited/Mythos-Limited-TheUnnameableHouse.jpg	default	Location	Forest, Water, Inside, Gate, City, House,								Lovecraft	Arkham							U		Limited	Limited	playerNDeck
Limited_Ltd545	The Waite House	mythos/limited/Mythos-Limited-TheWaiteHouse.jpg	default	Location	Water, Inside, Artifact, Tome, Gate, City, House,			-1					Lovecraft	Innsmouth							C	All Waites add 1 to their value when this card is your current Location	Limited	Limited	playerNDeck
Limited_Ltd546	Thurston's Tavern	mythos/limited/Mythos-Limited-ThurstonsTavern.jpg	default	Location	Water, Inside, Business, City,								Lovecraft	Providence							C	You may remain here for one Turn and Bury one Phobia	Limited	Limited	playerNDeck
Limited_Ltd547	Ward Mansion	mythos/limited/Mythos-Limited-WardMansion.jpg	default	Location	Water, Inside, Tome, City, House,								Lovecraft	Providence							U		Limited	Limited	playerNDeck
Limited_Ltd701	Colour Out Of Space (v2)	mythos/limited/Mythos-Limited-ColourOutOfSpaceV2.jpg	default	Monster	Greater Independent		6/4	-2	Visible/Invisible												C	When revealed, decide if Visible (Value 6) or Invisible (Value 4). Remains thus for the remainder of Combat. Half Strength in Direct Sunlight.	Limited	Limited	playerNDeck
Limited_Ltd702	Deep One (v2)	mythos/limited/Mythos-Limited-DeepOneV2.jpg	default	Monster	Lesser Servitor		1														C	+1 Value if your opponent is at a Water Location. +1 Value if you have Jewelry of the Deep Ones in play. Joins Mother Hydra, Father Dagon, Shoggoths.	Limited	Limited	playerNDeck
Limited_Ltd703	Elder Things	mythos/limited/Mythos-Limited-ElderThings.jpg	default	Monster	Lesser Independent		2														R	Bypasses all Monsters except for Shoggoths. +2 Value if you or your opponent is in a Water Location. Never Buried in your Story Deck; discard after Combat. Joins Elder Things.	Limited	Limited	playerNDeck
Limited_Ltd704	Father Dagon	mythos/limited/Mythos-Limited-FatherDagon.jpg	default	Monster	Greater Servitor		4	-1		Unique											U	+1 Value if you have Jewelry of the Deep Ones in play. Joins Mother Hydra, Deep Ones, Shoggoths. UNIQUE	Limited	Limited	playerNDeck
Limited_Ltd705	Fire Vampires	mythos/limited/Mythos-Limited-FireVampires.jpg	default	Monster	Lesser Servitor		3	-1	Invisible												C	Invisible during the Day. +1 Value if your opponent is in a Forest Location. Joins Fire Vampires.	Limited	Limited	playerNDeck
Limited_Ltd706	Flying Polyp	mythos/limited/Mythos-Limited-FlyingPolyp.jpg	default	Monster	Greater Independent		5	-2													R	+1 Value if there are any Invisible Monsters in opposing Threat. Bury if Direct Sunlight is in play when revealed.	Limited	Limited	playerNDeck
Limited_Ltd707	Formless Spawn	mythos/limited/Mythos-Limited-FormlessSpawn.jpg	default	Monster	Lesser Servitor		1														C	+1 Value per each other Formless Spawn in Threat at time that Combat is resolved. Joins Formless Spawn.	Limited	Limited	playerNDeck
Limited_Ltd708	Ghasts (v2)	mythos/limited/Mythos-Limited-GhastsV2.jpg	default	Monster	Lesser Independent		3	-1													C	Bury if Direct Sunlight is in play when revealed. Joins Ghasts.	Limited	Limited	playerNDeck
Limited_Ltd709	Ghatanathoa	mythos/limited/Mythos-Limited-Ghatanathoa.jpg	default	Monster	Great Old One		GOO		Outside/Country/Gate, Drought												U	Each Investigator Flips face down one random Ally at the start of each Turn. Investigators may not gain Sanity.	Limited	Limited	playerNDeck
Limited_Ltd710	Ghoul (v1)	mythos/limited/Mythos-Limited-GhoulV1.jpg	default	Monster	Lesser Independent		2														C	+1 Value if opponent is in a Cemetery Location. Joins Ghouls.	Limited	Limited	playerNDeck
Limited_Ltd711	Giant Albino Penguins	mythos/limited/Mythos-Limited-GiantAlbinoPenguins.jpg	default	Monster	Lesser Independent		0	?													C	Choose Sanity Loss when playing this card, from 0 to -2 points. Joins with all Monsters.	Limited	Limited	playerNDeck
Limited_Ltd712	Gnoph Keh	mythos/limited/Mythos-Limited-GnophKeh.jpg	default	Monster	Greater Independent		5	-2		Unique											R	Randomly choose and Bury one Defending Ally when Threat is revealed. UNIQUE	Limited	Limited	playerNDeck
Limited_Ltd713	Goody Fowler's Ghost	mythos/limited/Mythos-Limited-GoodyFowlersGhost.jpg	default	Monster	Living Dead		3	-1	Invisible	Unique											C	Invisible. Bypasser. Joins Living Dead. UNIQUE	Limited	Limited	playerNDeck
Limited_Ltd714	Ithaqua	mythos/limited/Mythos-Limited-Ithaqua.jpg	default	Monster	Great Old One		GOO		Storm, Waning Moon												C	Investigator loses 1 Sanity point when he plays a Travel card or alters a Location card's orientation. Investigators may not gain Sanity.	Limited	Limited	playerNDeck
Limited_Ltd715	Martense Kin	mythos/limited/Mythos-Limited-MartenseKin.jpg	default	Monster	Lesser Independent		2														C	Add 2 points to the value of this card if your Investigator is in any Catskills Location or if any Night card is in play. Joins other Martense Kin	Limited	Limited	playerNDeck
Limited_Ltd716	Mi-Go (v1)	mythos/limited/Mythos-Limited-MiGoV1.jpg	default	Monster	Lesser Independent		2														C	Each Mi-Go surviving to affect your opponent's Allies or Investigator also steals one chosen Artifact. Your opponent must Bury the card in his or her Story Deck. Joins Mi-Go	Limited	Limited	playerNDeck
Limited_Ltd717	Mother Hydra	mythos/limited/Mythos-Limited-MotherHydra.jpg	default	Monster	Greater Servitor		3	-1		Unique											U	Add one to the value of this card if your Investigator has the Jewelry of the Deep Ones. Joins Father Dagon, Deep Ones and Shoggoths	Limited	Limited	playerNDeck
Limited_Ltd718	Nightgaunts (v1)	mythos/limited/Mythos-Limited-NightgauntsV1.jpg	default	Monster	Lesser Servitor		3	-1													C	Each Nightgaunt surviving to affect your opponent's Allies or Investigator also carries off one random defending Ally. Discard such Allies. Joins other Nightgaunts	Limited	Limited	playerNDeck
Limited_Ltd719	Nyarlathotep	mythos/limited/Mythos-Limited-Nyarlathotep.jpg	default	Monster	Outer God		OG		Outside/Gate Location, New Moon												R	Spells no longer cost Sanity points to cast while this card is in play. No Investigator may gain Sanity	Limited	Limited	playerNDeck
Limited_Ltd720	Pack of Rat Things	mythos/limited/Mythos-Limited-PackOfRatThings.jpg	default	Monster	Lesser Servitor		2														C	Add 1 point to the value of this card if your opponent is in any Inside Location. Joins other Rat Things	Limited	Limited	playerNDeck
Limited_Ltd721	Rhan Tegoth	mythos/limited/Mythos-Limited-RhanTegoth.jpg	default	Monster	Great Old One		GOO		Forest/Cemetary Location, Waxing Moon												C	No Allies are Buried or Discarded while this card is in play. Instead, they become Living Dead. Place two pennies on each Living Dead card. No Investigator may gain Sanity	Limited	Limited	playerNDeck
Limited_Ltd722	Serpent People (v1)	mythos/limited/Mythos-Limited-SerpentPeopleV1.jpg	default	Monster	Lesser Independent		3	-1													C	Joins other Serpent People, and with Weapons	Limited	Limited	playerNDeck
Limited_Ltd723	Shantaks (v1)	mythos/limited/Mythos-Limited-ShantaksV1.jpg	default	Monster	Lesser Servitor		4	-1													C	Card value is 2 if Nightgaunts are part of your opponent's Threat. If Controlled, use Shantak as a Travel Card (Air or Water) to any Location including Space, except Underground	Limited	Limited	playerNDeck
Limited_Ltd724	Shoggoth	mythos/limited/Mythos-Limited-Shoggoth.jpg	default	Monster	Lesser Servitor		6	-2		Unique											U	Add 2 points to the value of this card if your opponent's Threat includes Elder Things. Joins Deep Ones, Father Dagon & Mother Hydra	Limited	Limited	playerNDeck
Limited_Ltd725	Skeletons	mythos/limited/Mythos-Limited-Skeletons.jpg	default	Monster	Living Dead		1														C	Skeletons Bypass Combat with all cards in your opponent's Threat. Add 1 point to their value at Night, or if either you or your opponent is in a Cemetery. Joins other Living Dead	Limited	Limited	playerNDeck
Limited_Ltd726	Vampire	mythos/limited/Mythos-Limited-Vampire.jpg	default	Monster	Living Dead		3	-1	Invisible												U	Add 1 to the value of this card at Night. Discard this card if Direct Sunlight is in play when it is revealed. Joins other Living Dead	Limited	Limited	playerNDeck
Limited_Ltd727	Zombies (v1)	mythos/limited/Mythos-Limited-ZombiesV1.jpg	default	Monster	Living Dead		1														C	Bury if revealed when Dawn of a New Day is in play. Add 1 to the value of this card at Night, or if either you or opponent is in a Cemetery. Instead of Burying it, begin the next Round with one Zombie card in your Threat if Allies were lost in Combat. Joins other Living Dead	Limited	Limited	playerNDeck
Limited_Ltd801	Barrier of Naach-Tith	mythos/limited/Mythos-Limited-BarrierOfNaachTith.jpg	default	Spell	Water			-1													C	Reduce the value of Lesser or Greater Independent Monsters in target Threat by 2 points per card	Limited	Limited	playerNDeck
Limited_Ltd802	Black Binding	mythos/limited/Mythos-Limited-BlackBinding.jpg	default	Spell	Folk			-1													U	Target Ally must participate in any Combat this Round	Limited	Limited	playerNDeck
Limited_Ltd803	Chant of Thoth	mythos/limited/Mythos-Limited-ChantOfThoth.jpg	default	Spell	Folk			-1													U	Immediately Discard up to four cards and replace them with an equal number of new cards drawn from your Mythos Deck	Limited	Limited	playerNDeck
Limited_Ltd804	Circles of Thaol	mythos/limited/Mythos-Limited-CirclesOfThaol.jpg	default	Spell	Water			-1													C	Summon or Control a Lesser Independent Monster. If used while the Star Stone of Mnar is in play, you may summon or Control a Greater Independent as well	Limited	Limited	playerNDeck
Limited_Ltd805	Cloud Memory	mythos/limited/Mythos-Limited-CloudMemory.jpg	default	Spell	Cthulhu			-1													C	Bury all Phobias affecting your Investigator	Limited	Limited	playerNDeck
Limited_Ltd806	Curse of the Rat-Thing	mythos/limited/Mythos-Limited-CurseOfTheRatThing.jpg	default	Spell	Folk			-1													C	Your opponent's Investigator is now also affected by all Phobias he or she has put in play, for the remainder of the Round	Limited	Limited	playerNDeck
Limited_Ltd807	Hands of Colubra	mythos/limited/Mythos-Limited-HandsOfColubra.jpg	default	Spell	Folk			-1													C	Increase the value of one Ally by 2 points for the remainder of this Round	Limited	Limited	playerNDeck
Limited_Ltd808	Keeness of Two Alike	mythos/limited/Mythos-Limited-KeenessOfTwoAlike.jpg	default	Spell	Folk			-1													R	Cast this spell upon an Ally in your Hand. Ally may be immediately played, even during Combat, but you must be legally able to play that Ally card in your current Region	Limited	Limited	playerNDeck
Limited_Ltd809	Nyhargo Dirge	mythos/limited/Mythos-Limited-NyhargoDirge.jpg	default	Spell	Water			-1													C	ury one Living Dead Monster or Ally in opponent's Threat	Limited	Limited	playerNDeck
Limited_Ltd810	Pipes of Madness	mythos/limited/Mythos-Limited-PipesOfMadness.jpg	default	Spell	Folk			-1													U	During the Day; Bury opponent's 1 point Ally. At Night Bury opponent's Ally of up to 2 points. During the Full Moon Bury opponent's Ally of up to 3 points	Limited	Limited	playerNDeck
Limited_Ltd811	Shrivelling	mythos/limited/Mythos-Limited-Shrivelling.jpg	default	Spell	Water			-2													C	Target Ally weakens and loses 2 points of value ta a 1 point minimum, until the end of Combat. Bury any Artifact held by that Ally	Limited	Limited	playerNDeck
Limited_Ltd812	Sign of Eibon	mythos/limited/Mythos-Limited-SignOfEibon.jpg	default	Spell	Folk			-2													C	Bury one random Monster card from one player's Threat	Limited	Limited	playerNDeck
Limited_Ltd813	Sign of Kish	mythos/limited/Mythos-Limited-SignOfKish.jpg	default	Spell	Water			-1													C	Reduce the attack of each Lesser Servitor in all Threats attacking your Investigator by 2 points	Limited	Limited	playerNDeck
Limited_Ltd814	Voorish Sign	mythos/limited/Mythos-Limited-VoorishSign.jpg	default	Spell	Folk			-1													R	After casting, you may immediately transfer one or more Spells from one Tome to another, and from or to any Allies who can know a Spell. Spell icons for Tomes and Spells must match. Spells can not be transferred from or to your hand	Limited	Limited	playerNDeck
Limited_Ltd815	Wave of Oblivion	mythos/limited/Mythos-Limited-WaveOfOblivion.jpg	default	Spell	Water			-2													R	Take the top card of your opponent's Story Deck and Discard it. If card revealed is not a Location, bury it. Repeat until a Location card is revealed. Ignore Sanity gain/loss; may use Gate	Limited	Limited	playerNDeck
Limited_Ltd816	Wrack	mythos/limited/Mythos-Limited-Wrack.jpg	default	Spell	Folk			-1													C	Flip one Ally card face down	Limited	Limited	playerNDeck
Limited_Ltd901	Book of Dzyan (English)	mythos/limited/Mythos-Limited-BookOfDzyanEnglish.jpg	default	Tome	Water	English	1	-1													C	Can also find one Yellow Sign Spell in this Tome if Aldebaran Moves in the Sky is in play	Limited	Limited	playerNDeck
Limited_Ltd902	Call of Cthulhu	mythos/limited/Mythos-Limited-CallOfCthulhu.jpg	default	Tome	Folk	English	1														C	Re-roll your Investigator. As your turn and while a Waning Moon is in play, Bury this card (plus any spell) and exchange your Investigator Card for another. The Education value on the new card may not be the same as that of another Investigator already in play. Current Sanity points do not change	Limited	Limited	playerNDeck
Limited_Ltd903	Cthaat Aquadingen	mythos/limited/Mythos-Limited-CthaatAquadingen.jpg	default	Tome	Water	German	3	-2													R	While this Tome is in play, increase the total value of your Threat by 1 point if Deep Ones, Father Dagon, or Mother Hydra are part of your Threat	Limited	Limited	playerNDeck
Limited_Ltd904	Cultes Des Goules	mythos/limited/Mythos-Limited-CultesDesGoules.jpg	default	Tome	Folk, Skull	French	2	-2													C	While this Tome is in play, increase the total value of your Threat by 1 point if any Living Dead are a part of it	Limited	Limited	playerNDeck
Limited_Ltd905	King in Yellow (English)	mythos/limited/Mythos-Limited-KingInYellowEnglish.jpg	default	Tome	Folk	English	1														C		Limited	Limited	playerNDeck
Limited_Ltd906	King in Yellow (French)	mythos/limited/Mythos-Limited-KingInYellowFrench.jpg	default	Tome	Yellow Sign, Water	French	2	-2													R		Limited	Limited	playerNDeck
Limited_Ltd907	Nameless Cults Bridewell Ed	mythos/limited/Mythos-Limited-NamelessCultsBridewellEd.jpg	default	Tome	Folk	English	2	-1													C		Limited	Limited	playerNDeck
Limited_Ltd908	Necronomicon Dee Ed.	mythos/limited/Mythos-Limited-NecronomiconDeeEd.jpg	default	Tome	Cthulhu, Eye	English	1	-1													C		Limited	Limited	playerNDeck
Limited_Ltd909	Ponape Scripture Hoag Ms	mythos/limited/Mythos-Limited-PonapeScriptureHoagMs.jpg	default	Tome	Folk, Water	English	1	-1													C		Limited	Limited	playerNDeck
Limited_Ltd910	Seven Cryptical Books of H'san (English)	mythos/limited/Mythos-Limited-SevenCrypticalBooksOfHsanEnglish.jpg	default	Tome	Folk, Yellow Sign	English	1	-1													U		Limited	Limited	playerNDeck
Limited_Ltd911	Unaussprechlichen Kulten	mythos/limited/Mythos-Limited-UnaussprechlichenKulten.jpg	default	Tome	Folk, Skull	German	3	-2													C	While this Tome is in play and if your Threat includes Living Dead, increase the value of your Threat by one	Limited	Limited	playerNDeck
Movieland_Movie101	A Good Day In A Bad City	mythos/movieland/Mythos-Movieland-AGoodDayInABadCity.jpg	default	Adventure	Movie Experience		8	3														You seek the autograph of your favorite AUTHOR at a BUSINESS where the author is releasing a new book.  On the way, MRS. SHAND takes you to SIX NEW YORK GATE LOCATIONS but she won't say why.  A PHOBIA sets in as you begin to see an unmistakable BAD AURA forming around her.  A SHADOW emerges from the darkness, into the DAY light, and makes your soul reel with panic.  In an act of utter desperation, you flee the Bradford by climbing the FIRE ESCAPE but end up paralyzed with fear and unable to move as your brain swells with insanity.	Movieland	Movieland	playerNDeck
Movieland_Movie102	A Narrow Escape	mythos/movieland/Mythos-Movieland-ANarrowEscape.jpg	default	Adventure	Heroic Adventure		6	2														Dropping the contents of your PURSE to CREATE CONFUSION, you hop in THE ELEVATOR of the Bradford to evade the covenists hot on your trail. You manage to lose them by going to THREE NON-GATE LOCATIONS before running into the very person who can save you: MITCH McALISTER. He takes you on his personal sea-plane and flies far away from all the commotion.	Movieland	Movieland	playerNDeck
Movieland_Movie103	A Penny Saved...	mythos/movieland/Mythos-Movieland-APennySaved.jpg	default	Adventure	Corrupt Adventure		10	4														While at a BUSINESS you refer to as the pawn shop, you see MR. SHAND and he is there pawning his MASONIC BAROMETER. He begs you to loan him money and offers you a copy of LUTHER. As you put it in your PURSE, he takes some PAIN BE GONE to help with his depression over losing his favorite items. He says to you that he will jump from THE ROOF of the Bradford if he loses his precious things.	Movieland	Movieland	playerNDeck
Movieland_Movie104	A Promising Start	mythos/movieland/Mythos-Movieland-APromisingStart.jpg	default	Adventure	Heroic Adventure		5	1														You meet ROSEMARY WOODHOUSE AND GUY WOODHOUSE at their housewarming party at APT 7-E.  THey have lots of friends and you meet ONE FEMALE STEADFAST ALLY.  She shows you how she survives life in the big city: she carries a WEAPON in her purse.	Movieland	Movieland	playerNDeck
Movieland_Movie105	A Thorough Investigation	mythos/movieland/Mythos-Movieland-AThoroughInvestigation.jpg	default	Adventure	Heroic Adventure		12	4														After a MOVIE EXPERIENCE, you team up with OFFICER NETTLER and together, you research the goings-on of the Bradford. FOUR TOMES provide necessary details that you need to locate the FOUR COVENISTS that are out to destroy the world. Before long, THERESA GENOFRIO finds herself in a sticky situation while trying to cenverly gather incriminating data on the Castevet's and plummets to her death from the window of APT 7-D. Seeking out her relatives, you find that she had a brother in the navy named PVT. GERALD GENOFRIO, who coincidentally is a.w/o l. and presumed to be hiding at TCH-KULOO'S IGLOO.	Movieland	Movieland	playerNDeck
Movieland_Movie106	Anyone For Tanis	mythos/movieland/Mythos-Movieland-AnyoneForTanis.jpg	default	Adventure	Movie Experience		7	2														Despite reason and fate, you become friends with FOUR COVENISTS.  Your best friend, the AUTHOR, attempts to warn you of their evil nature, but his DOCTOR tells you he is in a coma.  While you chat on the phone, the smell of TANIS ROOT surrounds you as RABID MICE (at least one in your Story Deck) invade your apartment.  You tell the doctor of the MOUSE BITE which you believe gave you RABIES.	Movieland	Movieland	playerNDeck
Movieland_Movie107	Become The Foresaken	mythos/movieland/Mythos-Movieland-BecomeTheForesaken.jpg	default	Adventure	Movie Experience		8	3														You are beginning to think that evil forces are out to get you.  You suffer more and more from PARANOIA because of the strange noises you hear coming from APT 7-D.  Exhausted and waiting, you fall fast asleep while listening to the chanting next door.  You dream of a FORBIDDEN STAIRCASE, and THE POPE leads you to the safety of a TRAVEL BY SEA event.	Movieland	Movieland	playerNDeck
Movieland_Movie108	Born & Bread To Be A Dreamer	mythos/movieland/Mythos-Movieland-BornBreadToBeADreamer.jpg	default	Adventure	Movie Experience		7	1														PLAY THIS ADVENTURE ONLY IF YOU ARE CURRENTLY IN THE DREAMLANDS.      You are piecing it all together because you can't remember much and you woke up in THE BEDROOM OF APT. 7-E IN THE DREAMLANDS with a screaming hangover. While at a PARTY!, you met THREE ALLIES FEATURING THE DREAMER ATTRIBUTE. Together, you shared WINE OF PNOTH and VODKA BLUSH until morning came. How you got from the Bradford to the dreamlands is still a mystery, and you'll probably never know exactly what was in that bitter wine.	Movieland	Movieland	playerNDeck
Movieland_Movie109	Decipher A Strange Reality	mythos/movieland/Mythos-Movieland-DecipherAStrangeReality.jpg	default	Adventure	Heroic Adventure		8	2														Shortly after finding MRS. GARDENIA'S DIARY, your good friend EDWARD 'HUTCH' HUTCHINS (buried in your story deck) tells you to meet him at the TIME-LIFE BUILDING to tell you something important about the diary and it's author.  Unfortunately, while travelling to TWO DREAMLANDS LOCATIONS, Hutch becomes a victim of a CHANT OF ILL DOING and dies.	Movieland	Movieland	playerNDeck
Movieland_Movie110	Deep Into The Subplot	mythos/movieland/Mythos-Movieland-DeepIntoTheSubplot.jpg	default	Adventure	Corrupt Adventure		11	3														While searching for a place to live, you come across the LOBBY OF THE BRADFORD one day and the manager shows you TWO OTHER BRADFORD LOCATIONS.  Your friend Hutch tells your of the hideous mob that attacked and killed ADRIAN MERCATO in that very lobby, in the 1890's.  You dream of the place called ST-BERNADETTE SCHOOL FOR GIRLS and encounter TWO NUNS who speak of terrible things that the TRENCH SISTERS did in the Bradford.	Movieland	Movieland	playerNDeck
Movieland_Movie111	Discover An Evolutionary Blunder	mythos/movieland/Mythos-Movieland-DiscoverAnEvolutionaryBlunder.jpg	default	Adventure	Corrupt Adventure		10	3														Something is amiss at GUY WOODHOUSES' HOUSE. It seems that MRS.TEMPLETON has been doing the 'nasty' with MR. WANG'S WANG. In some sort of ritual, the DEMONIC INSEMINATION took place and gave rise to one of history's most horrible evolutionary blunders. To try and save the world from the hideous thing begat by those covenists, you travel to an OMAHA LOCATION where you are given TWO TOMES THAT COST SANITY TO FIND.	Movieland	Movieland	playerNDeck
Movieland_Movie112	Journey Of All Journeys	mythos/movieland/Mythos-Movieland-JourneyOfAllJourneys.jpg	default	Adventure	Quest		12	4														At ST-VINCENT'S HOSPITAL you are poked and prodded until well enough to complain and be sent to THE OFFICE OF DR. HILL.  There, you are hypnotized, and you are made to remember what led up to your mental collapse.  It seems that a PVT. GERALD GENOFRIO found you snooping arround the army base one NIGHT, and caught you fumbling with the controls of some indescribable machine hidden in one of the hangars.  He apparently tried to arrest you but was thrown, along with you, into the vast machine.  From there you both travelled to TWO DREAMLANDS LOCATIONS and TWO NEW AEON LOCATIONS where you meet a NEW AEON ALLY.  Then you TRAVEL BY SEA in hopes of getting home.	Movieland	Movieland	playerNDeck
Movieland_Movie113	Knee Depp In Death	mythos/movieland/Mythos-Movieland-KneeDeppInDeath.jpg	default	Adventure	Corrupt Adventure		5	2														Living in the big city leads to lots of friendships and lots of death.  Accumulate TEN POINTS WORTH OF ALLIES IN YOUR STORY DECK.  (printed value on card only).  Since there is such an accumulation of bodies, unprepared for the stench of death, a terrible bout of SEPLOPHOBIA sets in.	Movieland	Movieland	playerNDeck
Movieland_Movie114	Moving Day	mythos/movieland/Mythos-Movieland-MovingDay.jpg	default	Adventure	Movie Experience		7	2														While at EDWARD HUTCHINS' APT. you ask him for a reference so that you can move to a new apartment.  He agrees and the DAY is moving day.  The CAB driver takes you to THE BRADFORD FRONT SIDEWALK where he drops you and your luggage.  TWO STEADFAST ALLIES who call themselves movers, struggle to get the KING SIZE MATRESS through the doorway.	Movieland	Movieland	playerNDeck
Movieland_Movie115	One Of The Coven	mythos/movieland/Mythos-Movieland-OneOfTheCoven.jpg	default	Adventure	Corrupt Adventure		11	4														After being very hesitant, GUY WOODHOUSE meets ROMAN AND MINNIE CASTEVET, his new neighbors.  He discovers that TANIS ROOT and BABY'S BLOOD & FLESH can be used to further his career.  Before becoming a member of the coven, he must still meet a COVENIST FROM THE PAST and a TOME FROM THE DREAMLANDS.	Movieland	Movieland	playerNDeck
Movieland_Movie116	Sent Through Time And Hell	mythos/movieland/Mythos-Movieland-SentThroughTimeAndHell.jpg	default	Adventure	Quest		8	3														All your life you were told you are a DREAMER, but you rather fancy yourself more of an adventurer.  Becoming more familiar with covenists in your building, you spend most of your time talking in THE STUDY OF APT 7-D.  You learn of TWO ARTIFACTS (NOT WEAPONS) that allow the folding of space-time.  With great haste, you travel back in history and meet a PAST ALLY and show that person THREE MOVIELAND LOCATIONS.  You then want to see how things used to be and travel through time to TWO WAKING WORLD LOCATIONS.  Ah, the good ol' days...	Movieland	Movieland	playerNDeck
Movieland_Movie117	Terror In The Gulf	mythos/movieland/Mythos-Movieland-TerrorInTheGulf.jpg	default	Adventure	Quest		9	3														You and PVT. GERALD GENOFRIO have been called in to fight in the Gulf War.  Beginning your training (ONE MOVIELAND EVENT) at the U.S. NAVAL INSTALLATION, you proceed to THREE MIDDLE EAST LOCATIONS.  As you become more and more familiar with the arid country, you meet FOUR ARABIC SPEAKING ALLIES who tell you not to go out adventuring unless it is DAY.  You then try to evade the action and TRAVEL BY SEA until the battle subsides.	Movieland	Movieland	playerNDeck
Movieland_Movie118	The Haunted Appartment	mythos/movieland/Mythos-Movieland-TheHauntedAppartment.jpg	default	Adventure	Mythos Experience		3	0		Unique												Find your way to an APARTMENT where a MONSTER devours your favorite STEADFAST ALLY.  Your CORRUPT ALLY says that it''s really no problem, and that all you must do to survive is go to an OUTSIDE location and read a TOME.	Movieland	Movieland	playerNDeck
Movieland_Movie119	The Muse	mythos/movieland/Mythos-Movieland-TheMuse.jpg	default	Adventure	Corrupt Adventure		9	3														When opened and first read, NOBODY LOVES AN ALBATROS seems like a mediocre play by some standards, but on the overall, proves to cause some sanity loss to the reader.  The copy you have was given to you one morning when you met AGYRON STAVROPOLOUS in the park.  He was walking along with his WALKING STICK and a BAD AURA was all around him.  He proved to be some use when he helped discover THREE NON-GATE LOCATIONS in which to hide from the VORTEX OF PAIN.	Movieland	Movieland	playerNDeck
Movieland_Movie120	The Pursuit Of Unhappiness	mythos/movieland/Mythos-Movieland-ThePursuitOfUnhappiness.jpg	default	Adventure	Corrupt Adventure		18	6														You have found yourself UNDERGROUND and your're losing sanity fast.  You have FOUR SPELLS with EITHER THE SKULL OR EYE ICONS.  One of you THREE STEADFAST ALLIES screams as THE DEVIL (MUST BE IN PLAY) appears and grants you knowledge beyond belief.  Mr. Wang becomes more and more nervous and decides to be a hero but is horribly killed by the Devil.  In his remains you find MR. WANGS' CAMERA and decide to see what develops from the film.  The photos seem to be a trip Mr. Wang took some time ago.  He went to THREE MOVIELAND REGIONS and had a very scary picture of ADRIAN MERCATO holding ROSEMARY'S BABY in his arms.	Movieland	Movieland	playerNDeck
Movieland_Movie121	The Unfortunate Eskimo	mythos/movieland/Mythos-Movieland-TheUnfortunateEskimo.jpg	default	Adventure	Heroic Adventure		7	2														Alaska is a nice place to be, when you know people like AH-TOOKI.  He takes you to the GLACIER WATER REFLECTING POOL at NIGHT to see the AURORA BOREALIS in full effect.  You gasp as you witness an UNIMAGINABLE APPARITION (TWO OF THEM BURIED IN YOUR STORY DECK).  Then you are taken to MOOSE HEAD LODGE to shake it off.  That's where you bump into TILIK-OUK-KOOK, the bouncer, who throws you out into the snow.	Movieland	Movieland	playerNDeck
Movieland_Movie122	The Year One	mythos/movieland/Mythos-Movieland-TheYearOne.jpg	default	Adventure	Corrupt Adventure		9	3														In order to succeed with the plan to take over the world, ROMAN AND MINNIE CASTEVET attempt to unleash TWO MONSTERS OF DIFFERENT SUBTYPES on the world with the help of TWO OTHER COVENISTS.  They manage to get an unsuspecting female victim to wear the TANIS ROOT charm which helps ensure the evil spawn known as ROSEMARY'S BABY.	Movieland	Movieland	playerNDeck
Movieland_Movie123	Uncover An Unspeakable Plot	mythos/movieland/Mythos-Movieland-UncoverAnUnspeakablePlot.jpg	default	Adventure	Heroic Adventure		9	3														TWO CORRUPT ALLIES have been going around the big city to as least FOUR CITY LOCATIONS.  They seem to carry around at least TWO TOMES that you can see, but there might be more.  After felling like something is terribly wrong, you use a PAY PHONE to call anyone who will listen.  You eventually end up at THE OFFICE OF DR. HILL that same DAY and tell him all the details you know about this unspeakable plot against you.	Movieland	Movieland	playerNDeck
Movieland_Movie124	Voyage To The Beyond	mythos/movieland/Mythos-Movieland-VoyageToTheBeyond.jpg	default	Adventure	Quest		9	3														While rotting in THE MENTAL HOSPITAL for days on end, the doctors give you some reading materials to pass the time.  You fall fast asleep and begin to dream of THREE TRAVEL EVENTS FROM DIFFERENT DIMENSIONS that take you to THREE REGIONS.  You happen accross TWO ALLIES THAT ARE NOT 'ANY CITY' or 'NEW YORK'.  THey decide to travel with you and begin searching for strange and unusual things.  The only thing found, however, is an ABOMINATION that topples your already fragile sanity.	Movieland	Movieland	playerNDeck
Movieland_Movie125	Your Big Break	mythos/movieland/Mythos-Movieland-YourBigBreak.jpg	default	Adventure	Corrupt Adventure		8	2														Day after day, you suffer KAKORRHAPHIOPHOBIA, so you ask ROMAN CASTEVET for tips on becoming a success.  After he casts TWO FOLK ICON SPELLS, Roman tells you to stay by the phone and wait while he investigates TWO GATE LOCATIONS.  All of a sudden, the phone rings and it's your agent.  He tells you to TRAVEL BY YAMAHA to his office and sign some new movie deal.  I GOT THE PART! you exclaim.	Movieland	Movieland	playerNDeck
Movieland_Movie201	Adrian Mercato	mythos/movieland/Mythos-Movieland-AdrianMercato.jpg	default	Ally	Corrupt Cultist, Living Dead	English & Glyphs	2	-2		Unique	Movieland	Past										Can know two spells.  Add one to his value if you have Tanis Root in play.  If you have Baby's Blood & Flesh in play, you may bury one of you Artifacts to bury opponent's Ally.	Movieland	Movieland	playerNDeck
Movieland_Movie202	Agyron Stavropolous	mythos/movieland/Mythos-Movieland-AgyronStavropolous.jpg	default	Ally	Covenist, Corrupt Cultist	Arabic, English & Greek	2	1		Unique	Movieland		Any	Any City								You must have three Covenists in play to play this card.  Bury this card to play from your hand a Greater Independent Monster as an Ally.  It cannot bear Weapons.	Movieland	Movieland	playerNDeck
Movieland_Movie203	Ah-Tooki	mythos/movieland/Mythos-Movieland-AhTooki.jpg	default	Ally	Steadfast Dog-Musher	English & Inuit	1	0			Movieland		Alaska	Fairbanks								While this card is in play, your current Alaska location features the Site attribute.	Movieland	Movieland	playerNDeck
Movieland_Movie204	Almost Familiar Passengers	mythos/movieland/Mythos-Movieland-AlmostFamiliarPassengers.jpg	default	Ally	Steadfast Passengers	English, Italian & French	4	0			Dreamlands		Any	Any Travel By Sea								These travelers have seen places that most people only dream about.	Movieland	Movieland	playerNDeck
Movieland_Movie205	Captain Of The 40' Yacht	mythos/movieland/Mythos-Movieland-CaptainOfThe40Yacht.jpg	default	Ally	Steadfast Dreamer & Seaman	Greek & Italian	2	0		Unique	Dreamlands		Mediterranian	Italy								When travelling by sea, add two to the value of this card and raise all your other Steadfast Defending Allies by one point per card	Movieland	Movieland	playerNDeck
Movieland_Movie206	Conductor of the Girls Choir	mythos/movieland/Mythos-Movieland-ConductorOfTheGirlsChoir.jpg	default	Ally	Steadfast Nun	English	1	0			Dreamlands		The East	Omaha								Can know any one 'Chant' Spell.  Bury spell in your story deck when cast.  Joins other Nuns.	Movieland	Movieland	playerNDeck
Movieland_Movie207	Dr. Abraham Sapirstein	mythos/movieland/Mythos-Movieland-DrAbrahamSapirstein.jpg	default	Ally	Covenist, Corrupt Doctor	English	1	-1			Movieland		New York	New York								Add one to the value of this card if you have Tanis Root in play.  Joins Covenists.	Movieland	Movieland	playerNDeck
Movieland_Movie208	Dr. Hill	mythos/movieland/Mythos-Movieland-DrHill.jpg	default	Ally	Steadfast Doctor	English	1	0			Movieland		New York	New York								I don't believe in Withcraft but there are plenty of maniacs and crazy people in this city" - Dr. Hill	Movieland	Movieland	playerNDeck
Movieland_Movie209	Dr. Shand	mythos/movieland/Mythos-Movieland-DrShand.jpg	default	Ally	Covenist, Corrupt Doctor & Artist	English	1	-1		Unique	Movieland		New York	New York								Add two if you have the Tanis Root in play.  Joins other Covenists.  This is the artist who make the chain which adorns the tanis charm.	Movieland	Movieland	playerNDeck
Movieland_Movie210	Edward 'Hutch' Hutchinson	mythos/movieland/Mythos-Movieland-EdwardHutchHutchinson.jpg	default	Ally	Steadfast Author, Scholar, Dreamer	English & Latin	1	0			Movieland		New York	New York								THIS CARD MAY BE PLAYED IN MOVIELAND OR IN THE DREAMLANDS.  Author of litterature for young boys, 'Hutch' has secret knowledge of the Bradford's checkered past.	Movieland	Movieland	playerNDeck
Movieland_Movie211	Guy Woodhouse	mythos/movieland/Mythos-Movieland-GuyWoodhouse.jpg	default	Ally	Covenist, Corrupt Actor	English	2	0		Unique	Movieland		New York	New York								Bury Guy Woodhouse to cause one opponent of your choice to bury a random Tome.  Joins Rosemary Woodhouse	Movieland	Movieland	playerNDeck
Movieland_Movie212	Laure-Louise	mythos/movieland/Mythos-Movieland-LaureLouise.jpg	default	Ally	Covenist, Corrupt Cultist	English	2	-1			Movieland		New York	New York								Add one to the value of this card if you have Tanis Root in play.  Joins Covenists.	Movieland	Movieland	playerNDeck
Movieland_Movie213	Minnie Castevet	mythos/movieland/Mythos-Movieland-MinnieCastevet.jpg	default	Ally	Covenist, Corrupt Cultist & Wife	English	1	0			Movieland		New York	New York								Add one to the value of this card if you have Tanis Root in play.  Joins other Covenists.  Wife to Roman Castevet.	Movieland	Movieland	playerNDeck
Movieland_Movie214	Mitch McAlister	mythos/movieland/Mythos-Movieland-MitchMcAlister.jpg	default	Ally	Corrupt Bush Pilot	English	1	-1			Movieland		Any	Any Water								Bury this card to Travel By Air to an new location in a new region featuring the water attribute, right side up on top of your story deck, including islands.  "Don't quite know what he looks like, he won't come out of the plane" - Pvt. Gerald Genofrio	Movieland	Movieland	playerNDeck
Movieland_Movie215	Mr. Wang	mythos/movieland/Mythos-Movieland-MrWang.jpg	default	Ally	Covenist, Corrupt Cultist	Japanese & English	2	1		Unique	Movieland		Any	Any City								You must have three Covenists in play to play this card.  Bury this card to play from your hand a Greater Servitor Monster as an Ally.  It cannot bear Weapons.	Movieland	Movieland	playerNDeck
Movieland_Movie216	Mrs. Gardenia	mythos/movieland/Mythos-Movieland-MrsGardenia.jpg	default	Ally	Covenist, Corrupt Cultist, Living Dead & Botanist	English	1	-1			Movieland	Past	New York	New York Past								Add 1 to the value of this card if you have Tanis Root in play.  Can know any one spell.  Bury spell after it is cast.  Joins other covenists	Movieland	Movieland	playerNDeck
Movieland_Movie217	Mrs. Shand	mythos/movieland/Mythos-Movieland-MrsShand.jpg	default	Ally	Covenist, Corrupt Wife	English	1	0		Unique	Movieland		New York	New York								Joins with Dr. Shand.  Add two when you have Tanis Root in play.  Bury this card to play from your hand a Lesser Servitor as an Ally.  It cannot bear Weapons.	Movieland	Movieland	playerNDeck
Movieland_Movie218	Mrs. Templeton	mythos/movieland/Mythos-Movieland-MrsTempleton.jpg	default	Ally	Covenist, Corrupt Cultist	English	1	-1		Unique	Movieland		New York	New York								Joins with Covenists.  Add one when you have Tanis Root in play.  Bury this card to play from your hand a Lesser Independent Monster as an Ally.  It may bear weapons.	Movieland	Movieland	playerNDeck
Movieland_Movie219	Office Nettler	mythos/movieland/Mythos-Movieland-OfficeNettler.jpg	default	Ally	Steadfast Cop	English	3	0		Unique	Movieland		New York	New York								To play this card you must not have Baby's Blood & Flesh in play.  You may not play Baby's Blood & Flesh while this in play.  Bury this card to cause one opponent to draw four less cards at the beginning of the next round.	Movieland	Movieland	playerNDeck
Movieland_Movie220	Private Gerald Genofrio	mythos/movieland/Mythos-Movieland-PrivateGeraldGenofrio.jpg	default	Ally	Corrupt Seaman	English	1	0		Unique	Movieland		Alaska	Sitka								Lower your Minimum by two cards and raise your Maximum by two cards.  Cummulative with cards that raise or lower you Maximum and Minimum.  "He should be easy to find" - Roman Castevet	Movieland	Movieland	playerNDeck
Movieland_Movie221	Roman Castevet	mythos/movieland/Mythos-Movieland-RomanCastevet.jpg	default	Ally	Covenist, Corrupt Cultist	English, Chinese, Arabic, English & Latin	1	-1		Unique	Movieland		New York	New York								Add 1 to the value of this card if you have Tanis Root in play.  If you have Baby's Blood & Flesh in play, you may bury one of your Artifacts to bury opponent's ally.  Joins Covenists.	Movieland	Movieland	playerNDeck
Movieland_Movie222	Roman Polanksi	mythos/movieland/Mythos-Movieland-RomanPolanksi.jpg	default	Ally	Steadfast Director	English & French	1	0			Movieland		New York	New York								THIS CARD MAY BE PLAYED IN MOVIELAND OR THE DREAMLANS.  "Whenever I get happy, I always have a terrible feeling." - Roman Polanski	Movieland	Movieland	playerNDeck
Movieland_Movie223	Rosemary Woodhouse	mythos/movieland/Mythos-Movieland-RosemaryWoodhouse.jpg	default	Ally	Steadfast Dreamer & Wife	English	1	0			Movieland		New York	New York								Add 1 to the value of this card if you have 'Hutch' in play.  This card can be played in Movieland or in the Dreamlands.  Joins Guy Woodhouse.	Movieland	Movieland	playerNDeck
Movieland_Movie224	Sister Hope	mythos/movieland/Mythos-Movieland-SisterHope.jpg	default	Ally	Steadfast Nun	English	1	1			Dreamlands		The East	Omaha								Joins other Nuns	Movieland	Movieland	playerNDeck
Movieland_Movie225	Sister Veronica	mythos/movieland/Mythos-Movieland-SisterVeronica.jpg	default	Ally	Corrupt Nun	English & Latin	1	-1			Dreamlands		The East	Omaha								Bury this card to cause opponent to dicard a card at random from their hand.  Joins other Nuns.	Movieland	Movieland	playerNDeck
Movieland_Movie226	Stella Lauden	mythos/movieland/Mythos-Movieland-StellaLauden.jpg	default	Ally	Corrupt Author	English	1	0			Movieland		New York	New York								Author of "Withcraft, Book of Ceremonial Magic	Movieland	Movieland	playerNDeck
Movieland_Movie227	Tch-Kuloo	mythos/movieland/Mythos-Movieland-TchKuloo.jpg	default	Ally	Corrupt Storyteller	English & Inuit	2	-1			Movieland		Alaska	Nome								Can know any one spell.  Bury spell after casting.  Bury this card to bury a Great Old One or Outer God.	Movieland	Movieland	playerNDeck
Movieland_Movie228	The Pope	mythos/movieland/Mythos-Movieland-ThePope.jpg	default	Ally	Corrupt Cultist & Dreamer	All Languages	1	0		Unique	Dreamlands		Any	Any Church								Flip this card to use attributes from one opponent's current location.  Counts as a Priest.  "No Pope ever visits a city where the newspapers are on stike." - Roman Castevet	Movieland	Movieland	playerNDeck
Movieland_Movie229	Theresa Genofrio	mythos/movieland/Mythos-Movieland-TheresaGenofrio.jpg	default	Ally	Steadfast Drug Addict	English	1	0			Movieland		New York	New York								Taken in by the Castevets, she is rehabilitated and made to wear a powerful smelling Tanis Root charm.  "I knew she wouldn't be open minded" - Minnie Castevet	Movieland	Movieland	playerNDeck
Movieland_Movie230	Tilik-Ouk-Kook	mythos/movieland/Mythos-Movieland-TilikOukKook.jpg	default	Ally	Corrupt Bouncer	English & Inuit	3	0			Movieland		Alaska	Juneau								Add one to this card while at any Lodge or Tavern.  Raises all your other defending allies by one point per card.  Cumulative with other allies' command ability.	Movieland	Movieland	playerNDeck
Movieland_Movie231	Trench Sisters	mythos/movieland/Mythos-Movieland-TrenchSisters.jpg	default	Ally	Covenist, Corrupt Cultist, Living Dead	English & Glyphs	2	-2		Unique	Movieland	Past	New York	New York Past								Add two to the value of this card when you have Tanis Root in play.  Can know any one spell.  Bury spell after it is cast.  While Baby's Blood and Flesh in play, can know two spells instead.	Movieland	Movieland	playerNDeck
Movieland_Movie301	Baby's Blood & Flesh	mythos/movieland/Mythos-Movieland-BabysBloodFlesh.jpg	default	Artifact				-2		Unique	Movieland											They killed and ate several young children, including a niece." - Edward 'Hutch' Hutchison	Movieland	Movieland	playerNDeck
Movieland_Movie302	Blunt Object	mythos/movieland/Mythos-Movieland-BluntObject.jpg	default	Artifact	Weapon		1	0														Joins with Allies.  In a desperate attempt to evade her captors, Rosemary uses a telephone as an effective weapon.	Movieland	Movieland	playerNDeck
Movieland_Movie303	Carving Knife	mythos/movieland/Mythos-Movieland-CarvingKnife.jpg	default	Artifact	Weapon		2	0														It slices, it dices!" - Door-to-door salesman	Movieland	Movieland	playerNDeck
Movieland_Movie304	Marijuana	mythos/movieland/Mythos-Movieland-Marijuana.jpg	default	Artifact		Affects Travel Between Dimensions		1														Bury this card to play a Dreamlands Travel card right-side-up on top of your story deck regardless of your current dimension and travel restrictions.	Movieland	Movieland	playerNDeck
Movieland_Movie305	Masonic Barometer	mythos/movieland/Mythos-Movieland-MasonicBarometer.jpg	default	Artifact				-1		Unique	Dreamlands											Bury this card to bury a Storm event in play.  OR  Bury this card to bury a Star event in play.	Movieland	Movieland	playerNDeck
Movieland_Movie306	Mr. Wang's Camera	mythos/movieland/Mythos-Movieland-MrWangsCamera.jpg	default	Artifact				-1		Unique	Movieland											Flip this card to play an Ally from your hand that you or an opponent already has in play.  Regardless of location or attribute requirements.  Other restrictions still apply.	Movieland	Movieland	playerNDeck
Movieland_Movie307	Purse	mythos/movieland/Mythos-Movieland-Purse.jpg	default	Artifact						Unique	Movieland											Discard this card and play an artifact from your hand that would be legal to play at any location in your Story Deck, including Exotic.	Movieland	Movieland	playerNDeck
Movieland_Movie308	Scrabble	mythos/movieland/Mythos-Movieland-Scrabble.jpg	default	Artifact		Affects Your Opponent's Investigator					Movieland											Bury this card to cause one chosen opponent to re-roll their investigator.  That player may play a Travel Event or a new location to not play Scrabble.	Movieland	Movieland	playerNDeck
Movieland_Movie309	Syringe	mythos/movieland/Mythos-Movieland-Syringe.jpg	default	Artifact	Weapon		1	1														It's nothing but a mild sedative to calm you down." - Dr. Abraham Sapirstein, MD	Movieland	Movieland	playerNDeck
Movieland_Movie310	Tanis Root	mythos/movieland/Mythos-Movieland-TanisRoot.jpg	default	Artifact	Enchanted Weapon	Affects Your Allies		-1			Movieland											Also known as Devil's Pepper, Tanis Root is actually a fungus, or some type of mold.  It is given as a gift in the form of a lucky charm for an unsuspecting victim to wear.  The charm is rumoured to be over 300 years old.	Movieland	Movieland	playerNDeck
Movieland_Movie311	Vodka Blush	mythos/movieland/Mythos-Movieland-VodkaBlush.jpg	default	Artifact							Movieland											While this card is in play, all of your Dreamers add one to their value.	Movieland	Movieland	playerNDeck
Movieland_Movie312	Walking Stick	mythos/movieland/Mythos-Movieland-WalkingStick.jpg	default	Artifact						Unique	Movieland											This card has a constant effect.  Raise your investigator's Education by two points, to a maximum of twenty one.	Movieland	Movieland	playerNDeck
Movieland_Movie401	40' Yacht	mythos/movieland/Mythos-Movieland-40Yacht.jpg	default	Event	Artifact, Water, Outside	Travel By Sea					Dreamlands											On a following turn, play a new location featuring water attribute either in the same region or a different region, right-side-up on top of your Story Deck.  This card may only be played if your are currently at a water location.	Movieland	Movieland	playerNDeck
Movieland_Movie402	Aurora Borealis	mythos/movieland/Mythos-Movieland-AuroraBorealis.jpg	default	Event				1			Movieland											Frozen In Time.  It must currently be Night to play this.  When any player plays an adventure card, that player may keep one random Story Deck card in their new Story Deck, not cummulative with other Aurora Borealis in play.  Bury this during the day.	Movieland	Movieland	playerNDeck
Movieland_Movie403	Cab	mythos/movieland/Mythos-Movieland-Cab.jpg	default	Event	Inside	Travel By Land					Movieland											You may remain in the Cab or, immediately play a new location in the same region right-side-up on top of your Story Deck.  During combat, if this is your current location, reduce one chosen directed threat by one point per card.	Movieland	Movieland	playerNDeck
Movieland_Movie404	Coincidence	mythos/movieland/Mythos-Movieland-Coincidence.jpg	default	Event	Threat Event	Affects your current location		-1		Unique	Movieland											You are considered to be at the same location as opponent to which this threat is directed.  Bury this card when revealed if opponent is at an Exotic location or in a different dimension than your own.	Movieland	Movieland	playerNDeck
Movieland_Movie405	Heat Wave	mythos/movieland/Mythos-Movieland-HeatWave.jpg	default	Event	Day																	All investigators in the city must flip over all Allies that do not speak Arabic.  All investigators in the city who do not speak Arabic must pay one sanity when heat wave is played.	Movieland	Movieland	playerNDeck
Movieland_Movie406	Hidden Door	mythos/movieland/Mythos-Movieland-HiddenDoor.jpg	default	Event							Movieland											Immediately play a location from your Story Deck as if walking.  Must walk to same dimension.  When that location becomes your current location, ignore sanity gain or loss, may use gate.	Movieland	Movieland	playerNDeck
Movieland_Movie407	I Got The Part!	mythos/movieland/Mythos-Movieland-IGotThePart.jpg	default	Event	Star					Unique	Movieland											Star.  Play only if you have a Covenist in play.  This event counts as one requirement towards an adventure.  Bury this event if any player plays an adventure.  Discard this event when used.  * Errata: This is a Star event	Movieland	Movieland	playerNDeck
Movieland_Movie408	Kakorrhaphiphobia	mythos/movieland/Mythos-Movieland-Kakorrhaphiphobia.jpg	default	Event	Phobia																	Fear of failure.  Lose one sanity at the beginning of each turn that your opponent has more adventure points than you.  If the investigator who played this card does not have any completed adventures, bury this card.	Movieland	Movieland	playerNDeck
Movieland_Movie409	King Size Matress	mythos/movieland/Mythos-Movieland-KingSizeMatress.jpg	default	Event	Water, Outside	Travel By Sea					Dreamlands											On a following turn, walk to a location featuring water attribute either in the same region or a different region.  If you have a Dreamer in play, you may walk to a different dimension, including Exotic.  Remain here to bury a Phobia.	Movieland	Movieland	playerNDeck
Movieland_Movie410	Mob Attack!	mythos/movieland/Mythos-Movieland-MobAttack.jpg	default	Event				-1			Movieland											Cause one opponent to suffer a three point attack.  If opponent has Baby's Blood & Flesh in play, that opponent suffers a five point attack instead.  Allies may defend.	Movieland	Movieland	playerNDeck
Movieland_Movie411	Mouse Bite	mythos/movieland/Mythos-Movieland-MouseBite.jpg	default	Event		Poison		-1			Movieland											Cause one opponent to bury a random Ally.  If you have Baby's Blood & Flesh in play, you may cause opponent to discard an Ally of your choice instead.	Movieland	Movieland	playerNDeck
Movieland_Movie412	Nyctophobia	mythos/movieland/Mythos-Movieland-Nyctophobia.jpg	default	Event	Phobia					Unique												Fear of Night.  Lose one sanity if it is currently Night and at the beginning of each turn that it is Night.	Movieland	Movieland	playerNDeck
Movieland_Movie413	Oh No! The Carpet!	mythos/movieland/Mythos-Movieland-OhNoTheCarpet.jpg	default	Event							Movieland											Play this card only if opponent has Roman Castevet in play and you have Minnie Castevet in play.  That opponent must remain doing nothing and not pass as their next turn.  This does not cancel a pass.  "He's So Clumsy!" - Minnie Castevet	Movieland	Movieland	playerNDeck
Movieland_Movie414	Pain Be Gone	mythos/movieland/Mythos-Movieland-PainBeGone.jpg	default	Event				2			Movieland											Play this card only if you have an unflipped Doctor in play along side your investigator.	Movieland	Movieland	playerNDeck
Movieland_Movie415	Paranoia	mythos/movieland/Mythos-Movieland-Paranoia.jpg	default	Event	Phobia																	Fear of plots against you.  Lose one sanity if any opponent has an Artifact in play with a red sanity pentagram and each time any opponent plays an Artifact that has a red sanity pentagram.	Movieland	Movieland	playerNDeck
Movieland_Movie416	Party!	mythos/movieland/Mythos-Movieland-Party.jpg	default	Event				-1														Draw two cards from the top of your Mythos Deck.  If they are not allies from your current dimension, they are discarded.  If they are allies from your current dimension, they are immediately put into play along side your investigator regardless of location restrictions.  Other restrictions still apply.	Movieland	Movieland	playerNDeck
Movieland_Movie417	Pharmacophobia	mythos/movieland/Mythos-Movieland-Pharmacophobia.jpg	default	Event	Phobia																	Fear of being drugged.  Lose one sanity at the beginning of each turn that you control a Corrupt Ally.	Movieland	Movieland	playerNDeck
Movieland_Movie418	Rabies	mythos/movieland/Mythos-Movieland-Rabies.jpg	default	Event	Epidemic																	Flip all chosen opponent's Allies.  Other opponent's Allies in the same subregion are also flipped.	Movieland	Movieland	playerNDeck
Movieland_Movie419	Seplophobia	mythos/movieland/Mythos-Movieland-Seplophobia.jpg	default	Event	Phobia						Movieland											Fear of decaying matter.  Lose one sanity if you are currently in a cemetary and at the beginning of each turn that you are in a cemetary.	Movieland	Movieland	playerNDeck
Movieland_Movie420	The Elevator Of The Bradford	mythos/movieland/Mythos-Movieland-TheElevatorOfTheBradford.jpg	default	Event	Inside	Travel By Elevator					Movieland											You must be at the Bradford to play this card.  Unless you are the Neglected Elevator Operator, lose one sanity at the beginning of each turn that you are here.  Opponents may not play Townsfolk Riot, Mob Attack or Terrorist Strike on you while you are in the Elevator.	Movieland	Movieland	playerNDeck
Movieland_Movie421	The Fire-Escape	mythos/movieland/Mythos-Movieland-TheFireEscape.jpg	default	Event	Outside	Travel By Fire-Escape					Movieland											You must be at the Bradford to play this card.  Lose one Sanity at the beginning of each turn that you are on The Fire-Escape.  On a following turn, return to any Bradford location in your Story Deck or play a new Bradford location.	Movieland	Movieland	playerNDeck
Movieland_Movie422	The Tender Of The 40' Yacht	mythos/movieland/Mythos-Movieland-TheTenderOfThe40Yacht.jpg	default	Event	Water, Outside	Travel By Sea																On a following turn, play a new location featuring the water attribute, rith-side-up on top of your Story Deck.  If you have a Dreamer in play, you may play a Travel By Sea from any dimension.	Movieland	Movieland	playerNDeck
Movieland_Movie423	Unspeakable Darkness	mythos/movieland/Mythos-Movieland-UnspeakableDarkness.jpg	default	Event	Night						Movieland											Bury any Day or Night card in play.  It is now Night.	Movieland	Movieland	playerNDeck
Movieland_Movie424	Very Weird Dream	mythos/movieland/Mythos-Movieland-VeryWeirdDream.jpg	default	Event		Travel By Astral Projection																May not be played in the Dreamlands.  On a following turn, play a new location featuring the Dreamlands icon (not Exotic), right-side-up on top of your Story Deck.	Movieland	Movieland	playerNDeck
Movieland_Movie425	Wiccaphobia	mythos/movieland/Mythos-Movieland-Wiccaphobia.jpg	default	Event	Phobia																	Fear of witchcraft.  Lose one sanity whenever any player, including you, casts a spell.  Sanity loss occurs at the moment that each spell is cast.	Movieland	Movieland	playerNDeck
Movieland_Movie426	Yamaha Motorcycle	mythos/movieland/Mythos-Movieland-YamahaMotorcycle.jpg	default	Event		Travel By Yamaha					Movieland											Immediately play a new location in the same region, right-side-up on top of your Story Deck.  You may draw a card from the top of your Mythos Deck instead of immediately playing a new location.	Movieland	Movieland	playerNDeck
Movieland_Movie001	Bewildered Apartment House Manager	mythos/movieland/Mythos-Movieland-BewilderedApartmentHouseManager.jpg	default	Investigator		English									12	20	12	13	3	6		Ignore Red Sanity Pentagrams of Bradford Locations that become your Current Location.	Movieland	Movieland	playerNInvestigator
Movieland_Movie002	Neglected Elevator Operator	mythos/movieland/Mythos-Movieland-NeglectedElevatorOperator.jpg	default	Investigator											12	20	12	13	3	6		You may Re Roll this Investigator to fulfull any one Bradford Location Requirement on an Adventure Card.	Movieland	Movieland	playerNInvestigator
Movieland_Movie501	Apt. 7-D of The Bradford	mythos/movieland/Mythos-Movieland-Apt7DOfTheBradford.jpg	default	Location	Water, Forest, Inside, Gate, City, Artifact, Tome			-1			Movieland		New York	New York								While this is your current location, you may spend one sanity to recover one Covenist from your Story Deck to your hand.  Home to Minnie & Roman Castevet.	Movieland	Movieland	playerNDeck
Movieland_Movie502	Apt. 7-E of The Bradford	mythos/movieland/Mythos-Movieland-Apt7EOfTheBradford.jpg	default	Location	Water, Forest, Inside, CIty			1			Movieland		New York	New York								Add one to the value of Guy Woodhouse and Rosemary Woodhouse while this is your current location.  Home to Guy & Rosemary Woodhouse.	Movieland	Movieland	playerNDeck
Movieland_Movie503	Apt. 9-B of The Bradford	mythos/movieland/Mythos-Movieland-Apt9BOfTheBradford.jpg	default	Location	Water, Forest, Inside, City			-1		Unique	Movieland		New York	New York								Add two to the value of all your female Allies and all your female Allies must absorb their full value before Dying in combat while this is your current location.	Movieland	Movieland	playerNDeck
Movieland_Movie504	Bushman's Lodge	mythos/movieland/Mythos-Movieland-BushmansLodge.jpg	default	Location	Water, Inside, Cemetary, Australia, City, Tome					Unique	Movieland		Australia	Sydney								Use this gate to play monsters as Allies.  May reuse gate but pay two sanity each time.  Flip one of your Allies to draw a card from the top of your Mythos Deck.	Movieland	Movieland	playerNDeck
Movieland_Movie505	Central Park	mythos/movieland/Mythos-Movieland-CentralPark.jpg	default	Location	Water, Forest, Outside, Gate, Country			-1			Movieland		New York	New York								You may use this gate to give the Past attribute to this location.  You must spend a turn to end this effect before travelling.	Movieland	Movieland	playerNDeck
Movieland_Movie506	Discount Books	mythos/movieland/Mythos-Movieland-DiscountBooks.jpg	default	Location	Water, Forest, Inside, City, Business, Tome						Movieland		New York	New York								They carry almost everything, and they can order the rest.	Movieland	Movieland	playerNDeck
Movieland_Movie507	Edward Hutchins' Apt.	mythos/movieland/Mythos-Movieland-EdwardHutchinsApt.jpg	default	Location	Water, Forest, Inside, City, Tome			1			Movieland		New York	New York								During combat, reduce each directed threat attacking your investigator by one point.	Movieland	Movieland	playerNDeck
Movieland_Movie508	Forbidden Staircase	mythos/movieland/Mythos-Movieland-ForbiddenStaircase.jpg	default	Location	Water, Forest, Inside, Gate, Country, Site, Ruins			-2			Dreamlands		Exotic	Exotic								You must use a Dreamlands Travel card to get to this location.  You must walk to Movieland when leaving this location.	Movieland	Movieland	playerNDeck
Movieland_Movie509	Glacier Water Reflecting Pool	mythos/movieland/Mythos-Movieland-GlacierWaterReflectingPool.jpg	default	Location	Water, Forest, Outside, Alaska, Country, Artfact			1			Movieland		Alaska	Fairbanks								Remain here for a turn to draw a card from the top or bottom of your Mythos Deck.	Movieland	Movieland	playerNDeck
Movieland_Movie510	Guy Woodhouse's House	mythos/movieland/Mythos-Movieland-GuyWoodhousesHouse.jpg	default	Location	Water, Forest, Inside, City, House, Tome			-1		Unique	Movieland		Maryland	Baltimore								You may play Guy Woodhouse from your hand or from you Story Deck while this is your current location.  You may find Tomes in English at no sanity cost at this location if you have Guy Woodhouse in play.	Movieland	Movieland	playerNDeck
Movieland_Movie511	Kennedy Airport	mythos/movieland/Mythos-Movieland-KennedyAirport.jpg	default	Location	Water, Forest, Outside, Cemetary, City, Business, Artifact			-1			Movieland		New York	New York								Found your luggage!  Remain here for a turn to recover an Artifact from your Story Deck to your hand.  One Artifact only for each Kennedy Airport card played.	Movieland	Movieland	playerNDeck
Movieland_Movie512	Mediteranean Yacht Club	mythos/movieland/Mythos-Movieland-MediteraneanYachtClub.jpg	default	Location	Water, Outside, Country			1			Dreamlands		Mediterranian	Italy								You may remain here for a turn to bury a Phobia.	Movieland	Movieland	playerNDeck
Movieland_Movie513	Moose Head Lodge	mythos/movieland/Mythos-Movieland-MooseHeadLodge.jpg	default	Location	Water, Forest, Inside, Alaska, City, Lodge, Artifact			1			Movieland		Alaska	Juneau								Remain here for a turn to bury a phobia.  Gain one sanity each time that you bury a phobia in this way.  While at this location, your investigator's Maximum Sanity is increased by five points.	Movieland	Movieland	playerNDeck
Movieland_Movie514	Office of Dr. Hill	mythos/movieland/Mythos-Movieland-OfficeOfDrHill.jpg	default	Location	Water, Forest, Inside, City, Sanitarium			5		Unique	Movieland		New York	New York								Gain five sanity now, but flip the top card of your mythos deck.  Apply the sanity gain or loss.  You may remain here to bury a phobia.	Movieland	Movieland	playerNDeck
Movieland_Movie515	Office of Dr. Sapirstein	mythos/movieland/Mythos-Movieland-OfficeOfDrSapirstein.jpg	default	Location	Water, Forest, Inside, Gate, City, Tome			-1			Movieland		New York	New York								You may reuse this gate but you must pay one sanity each time reused.  If you have Dr. Sapirstein in play, You may remain to bury a phobia.	Movieland	Movieland	playerNDeck
Movieland_Movie516	Pay Phone	mythos/movieland/Mythos-Movieland-PayPhone.jpg	default	Location	Water, Forest, Outside, City						Movieland		New York	New York								Remain here for a turn to bury a phobia.	Movieland	Movieland	playerNDeck
Movieland_Movie517	Saint Bernadette School For Girls	mythos/movieland/Mythos-Movieland-SaintBernadetteSchoolForGirls.jpg	default	Location	Water, Forest, Inside, Country, Church, Artifact, Tome			-1			Dreamlands		The East	Omaha								Add one to all Nuns and Priests you have in play while this is your current location.	Movieland	Movieland	playerNDeck
Movieland_Movie518	Saint Vincents' Hospital	mythos/movieland/Mythos-Movieland-SaintVincentsHospital.jpg	default	Location	Water, Forest, Inside, Cemetary, City, Sanitarium			5		Unique	Movieland		New York	New York								Group therapy.  Gain five sanity but you must discard one random card from your hand.  Remain here for a turn to bury a phobia.	Movieland	Movieland	playerNDeck
Movieland_Movie519	Tch-Kuloo's Igloo	mythos/movieland/Mythos-Movieland-TchKuloosIgloo.jpg	default	Location	Water, Forest, Inside, Gate, Alaska, Country, Artifact, Tome			1			Movieland		Alaska	Nome								You may use this gate to recover an event card from your Story Deck back to your hand.  While at this location, you may bury Tch-Kuloo Instead of using the gate to get an event back in this way.	Movieland	Movieland	playerNDeck
Movieland_Movie520	Temple of Pain	mythos/movieland/Mythos-Movieland-TempleOfPain.jpg	default	Location	Water, Inside, Cemetary, Japan, City, Site, Artifact, Tome			-2		Unique	Movieland		Japan	Tokyo								One of your Allies in play must speak Japanese to play this card.  You may reuse this gate at no sanity cost.  Remain here for a turn to redirect a Phobia affecting your investigator to another player.	Movieland	Movieland	playerNDeck
Movieland_Movie521	The Basement of The Bradford	mythos/movieland/Mythos-Movieland-TheBasementOfTheBradford.jpg	default	Location	Water, Forest, Inside, Cemetary, Gate, City, Underground			-1		Unique	Movieland		New York	New York								If you have Baby's Blood & Flesh in play, being at this location fulfills the Site requirement for playing The Devil.	Movieland	Movieland	playerNDeck
Movieland_Movie522	The Bedroom of Apt. 7-E of The Bradford	mythos/movieland/Mythos-Movieland-TheBedroomOfApt7EOfTheBradford.jpg	default	Location	Water, Forest, Inside, Gate, City			1		Unique	Movieland		New York	New York								You may use the gate to walk to The Bedroom of Apt 7-E in the Dreamlands while this is your current location.	Movieland	Movieland	playerNDeck
Movieland_Movie523	The Bedroom of APT. 7-E of The Bradford	mythos/movieland/Mythos-Movieland-TheBedroomOfAPT7EOfTheBradford-2.jpg	default	Location	Water, Forest, Inside, Gate, Dreamlands, City			-1			Dreamlands		New York	New York								You may walk to the Bedroom of Apt. 7-E in Movieland while this is your current location.	Movieland	Movieland	playerNDeck
Movieland_Movie524	The Bradford Front Sidewalk	mythos/movieland/Mythos-Movieland-TheBradfordFrontSidewalk.jpg	default	Location	Water, Forest, Outside, City						Movieland		New York	New York								It is at this location, that both Adrian Mercato and Theresa Genofrio met their demise.	Movieland	Movieland	playerNDeck
Movieland_Movie525	The Lobby of The Bradford	mythos/movieland/Mythos-Movieland-TheLobbyOfTheBradford.jpg	default	Location	Water, Forest, Inside, City						Movieland		New York	New York								While this is your current location, opponents cannot play phobias on you.  Remain here to bury a phobia.	Movieland	Movieland	playerNDeck
Movieland_Movie526	The Mental Hospital	mythos/movieland/Mythos-Movieland-TheMentalHospital.jpg	default	Location	Water, Forest, Inside, Gate, City, Sanitarium			7		Unique	Movieland		New York	New York								Isolation.  Gain seven sanity but you must remain here for two turns in Isolation (Playing no cards and not passing).  You may not bury phobia's at this location.	Movieland	Movieland	playerNDeck
Movieland_Movie527	The Roof	mythos/movieland/Mythos-Movieland-TheRoof.jpg	default	Location	Water, Forest, Outside, Gate, City, Site, Artifact			-1			Movieland		New York	New York								You must use a Monster as a Travel By Air or The Elevator Of The Bradford to play this location.  May reuse gate but pay one Sanity each time.	Movieland	Movieland	playerNDeck
Movieland_Movie528	The Sistine Chapel	mythos/movieland/Mythos-Movieland-TheSistineChapel.jpg	default	Location	Water, Inside, Gate, Country, Ruins, Church			1			Dreamlands		Mediterranian	Italy								Add one to all Nuns and Priests you have in play while this is your current location.  Remain here to bury a Phobia.	Movieland	Movieland	playerNDeck
Movieland_Movie529	The Study of Apt 7-D of The Bradford	mythos/movieland/Mythos-Movieland-TheStudyOfApt7DOfTheBradford.jpg	default	Location	Water, Forest, Inside, City, Artifact, Tome			-1		Unique	Movieland		New York	New York								If you have Roman Castevet in play, you may flip him to walk to, on a following turn, a new location in a different region.  "Name a place, and I've been there.  Go ahead, name a place." - Roman Castevet	Movieland	Movieland	playerNDeck
Movieland_Movie530	Time-Life Building	mythos/movieland/Mythos-Movieland-TimeLifeBuilding.jpg	default	Location	Water, Forest, Outside, City, Artifact						Movieland		New York	New York								One of the easiest places to rendez-vous in New York CIty.  You might even run into a friend by coincidence.	Movieland	Movieland	playerNDeck
Movieland_Movie531	U.S. Naval Installation	mythos/movieland/Mythos-Movieland-USNavalInstallation.jpg	default	Location	Water, Forest, Inside, Gate, Alaska, Country, Artifact			1			Movieland		Alaska	Sitka								User this gate to play an artifact, or monster from any dimension.  This gate is reusable but pay two sanity every time it is reused.  Artifacts normally found in Exotic Locations may not be played here unless you have an unflipped Dreamer, in play, along-side your investigator	Movieland	Movieland	playerNDeck
Movieland_Movie532	Yankee Stadium	mythos/movieland/Mythos-Movieland-YankeeStadium.jpg	default	Location	Water, Forest, Outside, Gate, City, Business			-1			Movieland		New York New York									When this becomes your current location you may immediately use this gate to play monsters, or during the Day user this gate to play The Pope as an Ally.	Movieland	Movieland	playerNDeck
Movieland_Movie701	Abomination	mythos/movieland/Mythos-Movieland-Abomination.jpg	default	Monster	Greater Independent		6	-2			Movieland											When revealed, Bury All defending Priests and Nuns.	Movieland	Movieland	playerNDeck
Movieland_Movie702	Bad Aura	mythos/movieland/Mythos-Movieland-BadAura.jpg	default	Monster	Lesser Servitor		1	0														This monster may be assigned to an ally instead of being placed face down in your threat.  Add Bad Aura's value to that Ally.	Movieland	Movieland	playerNDeck
Movieland_Movie703	Bursting Accumulations Of Blasphemy	mythos/movieland/Mythos-Movieland-BurstingAccumulationsOfBlasphemy.jpg	default	Monster	Lesser Independent		2	-1			Movieland											Oppoent must Discard one random Story Deck card for each Bursting Accumulations of Blasphemy that survives the Comic Battle. Does not affect opponents' current Location. Discard this card after combat. Joins Bursting Accumulations.	Movieland	Movieland	playerNDeck
Movieland_Movie704	Embodiment Of Ill Will	mythos/movieland/Mythos-Movieland-EmbodimentOfIllWill.jpg	default	Monster	Greater Servitor		2	-2		Unique												Add Two to the Value of this Card for each Ally you know that is a Corrupt Cultist.	Movieland	Movieland	playerNDeck
Movieland_Movie705	Fallen Angels	mythos/movieland/Mythos-Movieland-FallenAngels.jpg	default	Monster	Greater Servitor		3	-1														Add one to the Value of this card if you have Baby's Blood & Flesh in play, OR Add two to the value of this card if you have Baby's Blood & Flesh in Play while it is Night. Joins Fallen Angels.	Movieland	Movieland	playerNDeck
Movieland_Movie706	Ghost of Mrs. Gardenia	mythos/movieland/Mythos-Movieland-GhostOfMrsGardenia.jpg	default	Monster	Living Dead	Invisible	3	-1		Unique	Movieland											Discard this card when revealed if there is Mrs. Gardenia in Play. Add one to the Value of this card if you have Tanis Root in play.  Bypasses Cosmic Battle. Joins Living Dead.	Movieland	Movieland	playerNDeck
Movieland_Movie707	Ghost Of Theresa Genofrio	mythos/movieland/Mythos-Movieland-GhostOfTheresaGenofrio.jpg	default	Monster	Living Dead	Invisible	3			Unique	Movieland											Discard this card when revealed if there is Theresa Genofrio in Play.  Bypasses Cosmic Battle. Joins Living Dead.	Movieland	Movieland	playerNDeck
Movieland_Movie708	Mr. Wang's Want	mythos/movieland/Mythos-Movieland-MrWangsWant.jpg	default	Monster	Living Dead		2	0		Unique	Movieland											Invisible during Night.  If you have Mr. Wang in play, add two to the value of this card.  When revealed, flip all defending female allies.	Movieland	Movieland	playerNDeck
Movieland_Movie709	Rabid Mice	mythos/movieland/Mythos-Movieland-RabidMice.jpg	default	Monster	Lesser Independent		1															If Rabid Mice survive to affect Opponents' Investigator or Allies, Randomly choose and Bury one of those Allies, defending or not, unless the Ally is protected from Epidemics.	Movieland	Movieland	playerNDeck
Movieland_Movie710	Rosemary's Baby	mythos/movieland/Mythos-Movieland-RosemarysBaby.jpg	default	Monster	Greater Servitor, Corrupt Baby		0	1		Unique	Movieland											Use a gate to play this monster as an Ally and assign it to one of your Female Allies. If one or the other leaves play, the other suffers the same fate. While this card is in play, all Covenists' are raised by one point.	Movieland	Movieland	playerNDeck
Movieland_Movie711	Shadow	mythos/movieland/Mythos-Movieland-Shadow.jpg	default	Monster	Lesser Independent		2	0														Bury this card when revealed if it is Night or if it is High Noon.  Add one to the value of this card during the Day.  Add two to the value of this card during Direct Sunlight.  Joins Shadows.	Movieland	Movieland	playerNDeck
Movieland_Movie712	The Devil	mythos/movieland/Mythos-Movieland-TheDevil.jpg	default	Monster	Great Old One	Site, Unspeakable Darkness, Baby's Blood & Flesh																Investigators may use a turn to pay any amount of Sanity to draw that amount of cards from the top of their Mythos Deck. No Investigator may gain Sanity.	Movieland	Movieland	playerNDeck
Movieland_Movie713	Unimaginable Apparition	mythos/movieland/Mythos-Movieland-UnimaginableApparition.jpg	default	Monster	Lesser Servitor		0	-1														When revealed, Bury one random Defending Ally.	Movieland	Movieland	playerNDeck
Movieland_Movie714	Vortex Of Pain	mythos/movieland/Mythos-Movieland-VortexOfPain.jpg	default	Monster	Greater Independent		6	-2		Unique												When revealed, opponent to which this is directed may pay two sanity to redirect the Vortex Of Pain to another opponent.  That opponent may also pay two sanity to redirect the Vortex Of Pain again, and so on.	Movieland	Movieland	playerNDeck
Movieland_Movie801	A Terrible Thing To Do	mythos/movieland/Mythos-Movieland-ATerribleThingToDo.jpg	default	Spell	Yellow Sign			-2														Opponent must Bury a random Tome. If that tome has a red sanity pentagram, the opponent may save the tome by paying the Sanity Cost.	Movieland	Movieland	playerNDeck
Movieland_Movie802	Chant Of Cursed Resolve	mythos/movieland/Mythos-Movieland-ChantOfCursedResolve.jpg	default	Spell	Folk			-1														Until the beginning of the next round, cancel the affects of cards played by opponents that affect the top card of your Story Deck.	Movieland	Movieland	playerNDeck
Movieland_Movie803	Chant Of Ill Doing	mythos/movieland/Mythos-Movieland-ChantOfIllDoing.jpg	default	Spell	Folk			-1														One random Opponent must Bury one random Ally. If you have Baby's Blood & Flesh in play you may gain Sanity equal to that Ally's value.	Movieland	Movieland	playerNDeck
Movieland_Movie804	Conjure Up The Living Devil	mythos/movieland/Mythos-Movieland-ConjureUpTheLivingDevil.jpg	default	Spell	Death			-1														Use a Gate to play a Monster as an Ally. If you have Baby's Blood & Flesh in play, Use a Gate to play The Devil, regardless of Site requirement. (Must still have Unspeakable Darkness)	Movieland	Movieland	playerNDeck
Movieland_Movie805	Consume Life & Being	mythos/movieland/Mythos-Movieland-ConsumeLifeBeing.jpg	default	Spell	Yellow Sign			-1														Discard three cards at random from your Story Deck while Unspeakable Darkness is in play and gain four sanity.	Movieland	Movieland	playerNDeck
Movieland_Movie806	Create Confusion	mythos/movieland/Mythos-Movieland-CreateConfusion.jpg	default	Spell	Eye			-2														Even if walking, a random opponent places a random Travel or Location card from their Story Deck into play as their curent location.  Ignore sanity gain or loss, may use Gate.	Movieland	Movieland	playerNDeck
Movieland_Movie807	Create Driven Killer	mythos/movieland/Mythos-Movieland-CreateDrivenKiller.jpg	default	Spell	Folk			-1														Choose one of your allies at random.  One opponent of your choice suffers an attack equal to that allie's value, without weapons.  Discard that ally after casting this spell.	Movieland	Movieland	playerNDeck
Movieland_Movie808	Demonic Insemination	mythos/movieland/Mythos-Movieland-DemonicInsemination.jpg	default	Spell	Dreamlands			-1		Unique												Cast only on a Female Ally. Remove a Monster from your Threat and place it beneath one Ally. Monster functions as an Enchanted Weapon and adds it's Value to that Ally.	Movieland	Movieland	playerNDeck
Movieland_Movie809	Devil On Your Shoulder	mythos/movieland/Mythos-Movieland-DevilOnYourShoulder.jpg	default	Spell	Skull			-1														Opponent must use the unused gate before leaving their curent location or suffer a loss of two sanity.  If the gate has been used or if there is no gate, do not cast.	Movieland	Movieland	playerNDeck
Movieland_Movie810	Dietary Experiments	mythos/movieland/Mythos-Movieland-DietaryExperiments.jpg	default	Spell	Yellow sign			-3														Choose one of Opponents' Allies lacking the Dreamer Attribute. Opponent must Bury that Ally. If you have the Trench Sisters in play you may also gain 2 Sanity. If you have Baby's Blood & Flesh in play, you may draw a card.	Movieland	Movieland	playerNDeck
Movieland_Movie811	Oath Of The Coven	mythos/movieland/Mythos-Movieland-OathOfTheCoven.jpg	default	Spell	Death			-1														Return one Covenist from your Story Deck to play alongside your Investigator. Ally my block even if cast during Combat. Bury Ally at the end of Combat.	Movieland	Movieland	playerNDeck
Movieland_Movie812	Truth Extraction	mythos/movieland/Mythos-Movieland-TruthExtraction.jpg	default	Spell	Folk			-1														Draw a Card from the top of your Mythos Deck and Draw a Card from the bottom of your Mythos Deck.	Movieland	Movieland	playerNDeck
Movieland_Movie901	All Of Them Witches	mythos/movieland/Mythos-Movieland-AllOfThemWitches.jpg	default	Tome	Folk	English	1				Movieland											Published in 1933, J.R. Hewitt reveals various witches throughout history that have been known to perform rituals and worship demi-gods.	Movieland	Movieland	playerNDeck
Movieland_Movie902	Book With No Name	mythos/movieland/Mythos-Movieland-BookWithNoName.jpg	default	Tome	Yellow Sign	Chinese	1															Rumoured to be a very special copy of the original plates which make up the Book Of Dzyan.  It is never revealed fully to the audience, and probably never should be.	Movieland	Movieland	playerNDeck
Movieland_Movie903	Luther	mythos/movieland/Mythos-Movieland-Luther.jpg	default	Tome	Death, Eye	English	1	-2		Unique	Movieland											If you have an Author in play you may bury the current unflipped Spell in this Tome to play a new Spell in this tome, that features the appropriate Spell Icon	Movieland	Movieland	playerNDeck
Movieland_Movie904	Mrs Gardenia's Diary	mythos/movieland/Mythos-Movieland-MrsGardeniasDiary.jpg	default	Tome	Dreamlands, Folk, Yellow Sign	English	1	-1			Dreamlands											May hold two Additional Spells when you have Baby's Blood & Flesh in play. Spells remain if Baby's Blood & Flesh leaves play.	Movieland	Movieland	playerNDeck
Movieland_Movie905	Nobody Loves An Albatros	mythos/movieland/Mythos-Movieland-NobodyLovesAnAlbatros.jpg	default	Tome	Eye, Folk	English	1	-2		Unique	Movieland											If you have an Author in play you may bury the current unflipped Spell in this Tome to play a new Spell in this tome that features the appropriate Spell Icon.	Movieland	Movieland	playerNDeck
Movieland_Movie906	Scrolls Of Dimension	mythos/movieland/Mythos-Movieland-ScrollsOfDimension.jpg	default	Tome	Death	latin	1	-1			Dreamlands											Flip this card to give the past attribute to your current location. You must spend a turn to flip this tome and end the effect before travelling.  The book given to Rosemary Woodhouse, published in 1933, was somehow dedicated by Hutch in 1924.  It is apparent now that Hutch was a time traveller.	Movieland	Movieland	playerNDeck
Movieland_Movie907	Witchcraft Book Of Ceremonial Magic	mythos/movieland/Mythos-Movieland-WitchcraftBookOfCeremonialMagic.jpg	default	Tome	Folk	English	1	-1			Movieland											May also hold one Skull Icon Spell when you have Stella Lauden in Play. Spell Remains even if Stella Lauden leaves play.	Movieland	Movieland	playerNDeck
NewAeon_NA101	Ashes Ashes Azathoth	mythos/new-aeon/Mythos-NewAeon-AshesAshesAzathoth.jpg	default	Adventure	Heroic Adventure		7	3													U	MONSTERS (two) have overrun the city. Through the sight of your WEAPON you see a BUSINESS and MUSEUM lying in RUINS, and an Army TANK lies broken and useless. You're on your own. You grab the cold metal of your TACTICAL NUCLEAR BOMB, and take careful aim at the CORRUPT CULTIST summoning his evil lord (a GREAT OLD ONE or OUTER GOD). You know that you are too close to survive yourself, but only you can end this madness.	New Aeon	NewAeon	playerNDeck
NewAeon_NA102	Camp Bright Star	mythos/new-aeon/Mythos-NewAeon-CampBrightStar.jpg	default	Adventure	Mythos Experience		6	2													C	It was exciting to drive through the COUNTRY to Camp Bright Star near the lake (a different COUNTRY/WATER LOCATION). We swam most of the day. That NIGHT we clustered around the fire, listening to ole' Zeke paint a DISTURBING PORTRAIT of a crazed SCIENTIST suffering from a PHOBIA and a PHILIA, who killed a girl at a nearby SITE. After, we can sneak into the old CEMETERY and find her grave. Hey, maybe we'll even see a MONSTER!	New Aeon	NewAeon	playerNDeck
NewAeon_NA103	Dark Horse	mythos/new-aeon/Mythos-NewAeon-DarkHorse.jpg	default	Adventure	Corrupt Adventure		9	3													U	This election, you'll help your candidate any way you can. You slip an IRS AUDITOR incriminating evidence on your opponent and fan MEDIA HYPERBOLE to paint a DISTURBING PORTRAIT of him. You summon a HOUND OF TINDALOS to eliminate his campaign team and your agents, the MEN IN BLACK, fill their places. Onboard the 747, you accompany your candidate to campaign stops in THREE different SUBREGIONS. In the end, you'll vote CTHULHU FOR PRESIDENT. Why settle for the lesser evil	New Aeon	NewAeon	playerNDeck
NewAeon_NA104	Day the Sun Stood Still	mythos/new-aeon/Mythos-NewAeon-DayTheSunStoodStill.jpg	default	Adventure	Corrupt Adventure		7	3													C	The world can change in the BLINK OF AN EYE, especially with help from someone like you. A premonition alerted you to an UNEXPECTED ECLIPSE, visible only from THREE different COUNTRY LOCATIONS. You have long awaited this moment! Searching through the ZANTHU TABLETS you learn how to CALL THE UNNAMED ONE to loose Ye Liveliest Awfullness (a MONSTER) upon the rest of the world.	New Aeon	NewAeon	playerNDeck
NewAeon_NA105	Deliverance	mythos/new-aeon/Mythos-NewAeon-Deliverance.jpg	default	Adventure	Mythos Experience		6	2													C	On vacation at long last, you head upriver through the rugged countryside of TWO CATSKILLS LOCATIONS with your friend, a DREAMER. Then, things go horribly wrong. Your craft capsizes and you are captured by a SERIAL KILLER, who makes you do unspeakable things, giving you a PHOBIA. He takes you to his hideaway SITE where you are enthralled by the banjo playing of his younger cousin, a MUSICIAN. Finally you grab his WEAPON and make good your escape.	New Aeon	NewAeon	playerNDeck
NewAeon_NA106	Different Worlds	mythos/new-aeon/Mythos-NewAeon-DifferentWorlds.jpg	default	Adventure	Heroic Adventure		6	2													C	In college you discovered dark secrets about the world. You must tell the rest of humanity! Refurbishing a RUINS, you found your own publishing company (CHAOSIUM), along with TWO ALLIES who are either AUTHORS, INVENTORS, or ARTISTS. Working on your LAPTOP COMPUTER, you publish at least one TOME per month, now on sale both on the INTERNET and at a BUSINESS LOCATION.	New Aeon	NewAeon	playerNDeck
NewAeon_NA107	Look to the Future	mythos/new-aeon/Mythos-NewAeon-LookToTheFuture.jpg	default	Adventure	Mythos Experience		8	2													C	Deep within the SMUGGLER'S TUNNELS a madman (CORRUPT ALLY) shatters the bonds of Time with new discovery - a crude TIME MACHINE. A wondrous future awaits exploitation! After MUGGING a guard, he breaks into TWO GOVERNMENT ARTIFACT LOCATIONS where he discovers bizarre machines (TWO NEW AEON ARTIFACTS) and a NEW AEON ALLY who may well be his descendent.	New Aeon	NewAeon	playerNDeck
NewAeon_NA108	Make Them Pay!	mythos/new-aeon/Mythos-NewAeon-MakeThemPay.jpg	default	Adventure	Corrupt Adventure		7	2													C	Life stinks! Up before DAYBREAK, but your car had a flat and you had to HITCH A RIDE. Your deliveries to the THREE different CITIES were late because of traffic. On your last delivery, a BLACKOUT hit and you got lost looking for the BUSINESS. Now they've fired you! They better watch out! You're one of the SERVANTS OF THE SILVER TWILIGHT, and you'll get even! (an EVENT costing Sanity)	New Aeon	NewAeon	playerNDeck
NewAeon_NA109	Night at the Opera	mythos/new-aeon/Mythos-NewAeon-NightAtTheOpera.jpg	default	Adventure	Mythos Experience		6	1													C	While on vacation at the GIULIO CESARE HOTEL, a friend (ALLY that knows Italian) invited you to the opera that NIGHT. A STORM broke at dusk, just when were to meet at the ROME LOCATION near the MUSEUM. Fortunately, you love walking in the rain (HYDOPHILIA), though a MONSTER you imagined in the shadows gave you quite a start. Finally, you made it and had a delightful time enjoying the MASSA DI REQUIEM PER SHUGGAY.	New Aeon	NewAeon	playerNDeck
NewAeon_NA110	One Small Step	mythos/new-aeon/Mythos-NewAeon-OneSmallStep.jpg	default	Adventure	Heroic Adventure		10	4													U	By the turn of the millennium our space agencies (KENNEDY SPACE CENTER or EUROPEAN SPACE AGENCY) began exploring the cosmos (SHUTTLE ICARUS and TWO different SPACE LOCATIONS). But even the PROPHECIES OF NOSTRADAMUS could not predict what we found. There are races of MONSTERS (two Greater and two Lesser) inhabiting those nether reaches, ruled by their monstrous dark lords (a GREAT OLD ONE or OUTER GOD). Is there, then, any future for humankind?	New Aeon	NewAeon	playerNDeck
NewAeon_NA111	Operation Nemesis	mythos/new-aeon/Mythos-NewAeon-OperationNemesis.jpg	default	Adventure	Heroic Adventure		7	2													C	Good Morning, DETECTIVE. Here at FBI Headquarters (J. EDGAR HOOVER BUILDING ) we are about to launch Operation NEMESIS. Your mission is to identify a suspected CULTIST, currently a member of a UNITED NATIONS delegation. We believe his ultimate destination to be our nation's Capitol (one WASHINGTON D.C. Location), but beware: he is known to summon a MONSTER to do his bidding. The accompanying TOME will provide you with clues to his motives. Good Luck.	New Aeon	NewAeon	playerNDeck
NewAeon_NA112	Out Of My Mind	mythos/new-aeon/Mythos-NewAeon-OutOfMyMind.jpg	default	Adventure	Quest		8	2													R	Arriving in a simple brown wrapper, the antique book read PNAKOTIC MANUSCRIPTS across the plain cover. For hours I read, about strange creatures called YITHIANs who possessed singular mental powers (YITHIAN MENTAL CONTACT and YITHIAN PSYCHIC POSSESSION). Apparently, they can travel through time at will, stepping from here (WAKING WORLD LOCATION) into the future (NEW AEON LOCATION) as easily as we step from room to room. They could be with us now!	New Aeon	NewAeon	playerNDeck
NewAeon_NA113	Outbreak	mythos/new-aeon/Mythos-NewAeon-Outbreak.jpg	default	Adventure	Heroic Adventure		8	2													U	The carrier contracted the disease in Kingsport (KINGSPORT LOCATION) - he lived just a block from the DAWN BIOZYME RESEARCH LAB. He spread it to the others aboard the plane (TRAVEL BY AIR) and the DOCTOR was quickly overwhelmed despite his EMERGENCY MEDICAL EQUIPMENT. Authorities allowed an emergency landing at the COUNTRY LOCATION, after first establishing a GOVERMENT QUARANTINE about the airport. Evidence collected by the HAZ-MAT TEAM confirmed everyone's worst fear: the dread EBOLA VIRUS was spreading!	New Aeon	NewAeon	playerNDeck
NewAeon_NA114	Plan 9	mythos/new-aeon/Mythos-NewAeon-Plan9.jpg	default	Adventure	Mythos Experience		8	3													U	Here you are a world-famous actor, and all your agent can get you is a B-MOVIE SCRIPT. You've seen this plot before in a dime-store TOME: the SCIENTIST or PROFESSOR invents a goofy-looking TIME MACHINE, which spews forth a shaggy MONSTER. The monster runs rampant, using its hypnotic abilities to ENTHRALL VICTIMS across the world (THREE LOCATIONS in different subregions). Only Our Hero and his sidekick, TOODEE-6, can save humankind.	New Aeon	NewAeon	playerNDeck
NewAeon_NA115	Promises Promises	mythos/new-aeon/Mythos-NewAeon-PromisesPromises.jpg	default	Adventure	Corrupt Adventure		6	2													C	Calling yourself a Reverend, you use your power of MENTAL SUGGESTION over your gullible flock. They actually believe that the secret of eternal happiness can be found on a planet circling SIRIUS! You hold rituals at the rented CARLYLE HOUSE MUSEUM, keep them isolated in the COUNTRY LOCATION, empty their BANK VAULT and take everything they own (TWO ARTIFACTS or TOMES). Now they will follow you anywhere, even unto death (EVENT that affects opponent's ally)	New Aeon	NewAeon	playerNDeck
NewAeon_NA116	Today's Tabloid Headlines	mythos/new-aeon/Mythos-NewAeon-TodaysTabloidHeadlines.jpg	default	Adventure	Mythos Experience		6	2													U	Mysterious CROP CIRCLES Reveal Cancer Cure! Alien UFO Secretly Held at AREA 51! POLICE DETECTIVE Escapes Gruesome ALIEN ABDUCTION! Experimental ANTI-GRAVITY HARNESS Fails Secret Government Test. Alien Spacecraft Destroyed In Midair - TWO BUSINESSES Burned By Fallen Wreckage!	New Aeon	NewAeon	playerNDeck
NewAeon_NA117	With Neighbours Like These�	mythos/new-aeon/Mythos-NewAeon-WithNeighboursLikeThese.jpg	default	Adventure	Mythos Experience		7	2													C	You saw trouble coming when those folk moved into the House next door, from some odd COUNTRY LOCATION. The TELEVISION constantly blares, the eldest kid sawed through your fence with a CHAINSAW, and the young one built a homemade FRAGMENTATION GRENADE. The parents are nothing but T.V. ZOMBIES. You asked for a POLICE INVESTIGATION but when the husband found out he got his gun and began GOING POSTAL. Now, you learn that a GOVERNMENT agency is investigating you!	New Aeon	NewAeon	playerNDeck
NewAeon_NA118	Yuggoth Attacks!	mythos/new-aeon/Mythos-NewAeon-YuggothAttacks.jpg	default	Adventure	Quest		9	4													R	Like a SWARM OF INSECTS your hunting party of at least TWO different MI-GO landed near the naked ape settlement (TOWN or VILLAGE). The apes and their FAITHFUL HOUNDS put up a SIRIUS fight at the CHURCH, but were no match for your blazing rayguns (ENCHANTED WEAPON). The ape you captured, whose mind is now trapped in you MI-GO BRAINCASE, faces his worst NIGHTMARE and will fetch a high price back on YUGGOTH!	New Aeon	NewAeon	playerNDeck
NewAeon_NA201	Alex Cordry	mythos/new-aeon/Mythos-NewAeon-AlexCordry.jpg	default	Ally	Steadfast Explorer	English, Binary	1	1			New Aeon			New York							R	Alex Cordry can join with any one	New Aeon	NewAeon	playerNDeck
NewAeon_NA202	Brother of the Yellow Sign	mythos/new-aeon/Mythos-NewAeon-BrotherOfTheYellowSign.jpg	default	Ally	Corrupt Cultist & Artist	French, German & Italian	1	-1		Unique	New Aeon			Rome							C	Can know two Yellow Sign Spells; can know any Spell otherwise. Bury Spell after it is cast.	New Aeon	NewAeon	playerNDeck
NewAeon_NA203	Delta Green Alpha Squad	mythos/new-aeon/Mythos-NewAeon-DeltaGreenAlphaSquad.jpg	default	Ally	Steadfast Soldier	English	3				New Aeon			Washingtom D.C.							R	Joins with Weapons at Artifact Locations	New Aeon	NewAeon	playerNDeck
NewAeon_NA204	Dr. Carl Jung	mythos/new-aeon/Mythos-NewAeon-DrCarlJung.jpg	default	Ally	Steadfast Doctor	German	1						Any Sanitarium								R	Can be played at either Waking World or New Aeon Locations. You may Bury a Phobia in the same Turn that a Sanitarium becomes your Current Location	New Aeon	NewAeon	playerNDeck
NewAeon_NA205	Dr. Carlos MacDonald	mythos/new-aeon/Mythos-NewAeon-DrCarlosMacDonald.jpg	default	Ally	Steadfast Doctor	English	2				New Aeon			New York							U	This Doctor and one Ally of your choice are excluded when determing the results of an Epidemic	New Aeon	NewAeon	playerNDeck
NewAeon_NA206	G.G. D'Arn	mythos/new-aeon/Mythos-NewAeon-GGDArn.jpg	default	Ally	Steadfast Reporter	English, French & Chinese	1	1			New Aeon			New York							R		New Aeon	NewAeon	playerNDeck
NewAeon_NA207	Giovanni Angellis	mythos/new-aeon/Mythos-NewAeon-GiovanniAngellis.jpg	default	Ally	Steadfast Police Detective	Italian	3				New Aeon			Rome							C	Add 1 point to the value of this card if there are Attributes: Corrupt Allies among those opposing him in Combat.	New Aeon	NewAeon	playerNDeck
NewAeon_NA208	Haz-Mat Team	mythos/new-aeon/Mythos-NewAeon-HazMatTeam.jpg	default	Ally	Steadfast Worker	English	2				New Aeon			Any Government							C	Add 2 points to the value of this card when your Current Location has the government attribute.	New Aeon	NewAeon	playerNDeck
NewAeon_NA209	Henri Zann	mythos/new-aeon/Mythos-NewAeon-HenriZann.jpg	default	Ally	Steadfast Artist	French & Glyph	2	1			New Aeon			Paris							R		New Aeon	NewAeon	playerNDeck
NewAeon_NA210	High Priest of Elvis	mythos/new-aeon/Mythos-NewAeon-HighPriestOfElvis.jpg	default	Ally	Steadfast Cultist	English & Atlantean	1			Unique	New Aeon		Any Exotic								R	Play only at an Exotic Location. Bury this card to choose one Great Old One or Outer God from your Story Deck and immediately play it.	New Aeon	NewAeon	playerNDeck
NewAeon_NA211	Howard Lovecraft (v3)	mythos/new-aeon/Mythos-NewAeon-HowardLovecraftV3.jpg	default	Ally	Steadfast Author & Scientist	English, Hyperborean & Binary	1				New Aeon		Any New Aeon								C	Bury any Howard Lovecraft currently in play, for all Investigators	New Aeon	NewAeon	playerNDeck
NewAeon_NA212	Joe Schienfeld	mythos/new-aeon/Mythos-NewAeon-JoeSchienfeld.jpg	default	Ally	Corrupt Entertainer	English	2				New Aeon			Kingsport							R	As your Turn, you may Discard two cards from your Hand and draw a new card from the top of your Mythos Deck	New Aeon	NewAeon	playerNDeck
NewAeon_NA213	Johnny Booger	mythos/new-aeon/Mythos-NewAeon-JohnnyBooger.jpg	default	Ally	Steadfast Musician	English, French, German	2				New Aeon			Paris							C		New Aeon	NewAeon	playerNDeck
NewAeon_NA214	Napoleon Whateley	mythos/new-aeon/Mythos-NewAeon-NapoleonWhateley.jpg	default	Ally	Steadfast Police Detective	English	3				New Aeon			New York							C	Protection from Alien Abduction and from cards that cuase you to lose Artifacts and Tomes. At the moment that you would lose an Artifact or Tome, you may chose to Vury this card instead. Your opponent must then Bury his or her card	New Aeon	NewAeon	playerNDeck
NewAeon_NA215	Nikola Tesla	mythos/new-aeon/Mythos-NewAeon-NikolaTesla.jpg	default	Ally	Steadfast Inventor & Scientist	English & German	1						Any Artifact								C	Play in either the Waking World or New Aeon. At an Artifact Gate Location you may place an Artifact from any Dimension beneath this card. If this card is lost, the Artifact suffers the same fate. The Artifact can be replaced with another, if lost.	New Aeon	NewAeon	playerNDeck
NewAeon_NA216	Ozzy Orne	mythos/new-aeon/Mythos-NewAeon-OzzyOrne.jpg	default	Ally	Corrupt Cultist, Musician & Living Dead,	English	1			Unique	New Aeon			Kingsport							C	Can know one spell. Bury spell after it is cast.	New Aeon	NewAeon	playerNDeck
NewAeon_NA217	Patricia Bridgitte Jodoin	mythos/new-aeon/Mythos-NewAeon-PatriciaBridgitteJodoin.jpg	default	Ally	Corrupt Dreamer & Occultist	French, Glyph	1				New Aeon			Paris							C	While this card is in play, you may use a Gate to play Men In Black as Allies	New Aeon	NewAeon	playerNDeck
NewAeon_NA218	Professor L.N. Isinwyll	mythos/new-aeon/Mythos-NewAeon-ProfessorLNIsinwyll.jpg	default	Ally	Steadfast Professor & Dre	English, Latin & Glyph	1				New Aeon			Any Tome							C		New Aeon	NewAeon	playerNDeck
NewAeon_NA219	Reverend Baxter Lully	mythos/new-aeon/Mythos-NewAeon-ReverendBaxterLully.jpg	default	Ally	Corrupt Cultist & Priest	English & Latin	2							Washingtom D.C.							C	Flip this card to give your Current Location the Church attribute. During each additional Turn that you remain in this Location and that Reverend Baxter Lully remains Flipped, you may Bury one Phobia affecting your Investigator	New Aeon	NewAeon	playerNDeck
NewAeon_NA220	Robert Bloch	mythos/new-aeon/Mythos-NewAeon-RobertBloch.jpg	default	Ally	Steadfast Author	English & Atlantean	1	1						Any Site							U		New Aeon	NewAeon	playerNDeck
NewAeon_NA221	Sandy Petersen	mythos/new-aeon/Mythos-NewAeon-SandyPetersen.jpg	default	Ally	Steadfast Author	English, Glyph & Binary	2				New Aeon			Any Outside							C		New Aeon	NewAeon	playerNDeck
NewAeon_NA222	Shariil Sophast	mythos/new-aeon/Mythos-NewAeon-ShariilSophast.jpg	default	Ally	Steadfast Spiritualist	English, French	2				New Aeon			Paris							R	Bury this card to remove the Gate attribute from your opponent's Current Location	New Aeon	NewAeon	playerNDeck
NewAeon_NA223	Toodee-6	mythos/new-aeon/Mythos-NewAeon-Toodee6.jpg	default	Ally	Corrupt Worker	Binary	3	-1			New Aeon			Any Government							U	Toodee-6 can see Invisible Monsters, can not be given Weapons, and is immune to Epidemics. Bury Toodee-6 during Combat only if it takes its full card value in Sanity loss.	New Aeon	NewAeon	playerNDeck
NewAeon_NA224	Turquoise Skyhawk	mythos/new-aeon/Mythos-NewAeon-TurquoiseSkyhawk.jpg	default	Ally	Steadfast Spiritualist	English	1			Unique	New Aeon			Kingsport							U	Discard this card and gain 3 Sanity points, but reveal the top card of your Mythos Deck. Apply any Sanity gain or loss indicated in the pentagram on the card, then Discard it.	New Aeon	NewAeon	playerNDeck
NewAeon_NA301	Anti-Gravity Harness	mythos/new-aeon/Mythos-NewAeon-AntiGravityHarness.jpg	default	Artifact							New Aeon										C	Costs 2 Sanity points to use. Travel to any Location in the same Dimension, as if Walking. May Travel between Regions and to Space Locations, but not to other Exotic Locations	New Aeon	NewAeon	playerNDeck
NewAeon_NA302	Bank Vault	mythos/new-aeon/Mythos-NewAeon-BankVault.jpg	default	Artifact																	C	On a Turn following the play of this card, place 1-3 Tomes or Artifacts from your Hand face-down beneath the Bank Vault (max 3). Cards are not in play. Bury this card to return cards to your Hand. Cards are Discarded if this card is lost.	New Aeon	NewAeon	playerNDeck
NewAeon_NA303	Black Belt	mythos/new-aeon/Mythos-NewAeon-BlackBelt.jpg	default	Artifact	Weapon		1														R	Add 1 point to Ally's value. During Combat Ally is Buried only if he or she takes full card value in Sanity loss. If Ally is lost this card suffers the same fate.	New Aeon	NewAeon	playerNDeck
NewAeon_NA304	Bulletproof Vest	mythos/new-aeon/Mythos-NewAeon-BulletproofVest.jpg	default	Artifact							New Aeon										R	Give this card to one of your Allies in play. As long as you have other Allies in play, exclude Ally with Vest when you must randomly choose an Ally	New Aeon	NewAeon	playerNDeck
NewAeon_NA305	Chainsaw	mythos/new-aeon/Mythos-NewAeon-Chainsaw.jpg	default	Artifact	Weapon		2				New Aeon										C	Add 2 points to Ally's value. You may add Ally to a Threat in the Commit Allies phase of Combat.	New Aeon	NewAeon	playerNDeck
NewAeon_NA306	Cloning Chamber	mythos/new-aeon/Mythos-NewAeon-CloningChamber.jpg	default	Artifact				-1			New Aeon										R	Give this card to an Ally in play (except Living Dead). You may have more than one copy of that Ally card in play. If this card is lost, clones remain in play.	New Aeon	NewAeon	playerNDeck
NewAeon_NA307	Cthulhu Statuette	mythos/new-aeon/Mythos-NewAeon-CthulhuStatuette.jpg	default	Artifact																	C	Costs 1 Sanity point to use. May only be used during Combat. Change the nature of one Ally in Combat. If not Defending may now become a Defending Ally. If already Defending may become non-Defending, or may Defend against a different Directed Threat.	New Aeon	NewAeon	playerNDeck
NewAeon_NA308	Disturbing Portrait	mythos/new-aeon/Mythos-NewAeon-DisturbingPortrait.jpg	default	Artifact				-1													C	This card has constant effect. While in the New Aeon, you may find Waking World Allies from your current subregion.	New Aeon	NewAeon	playerNDeck
NewAeon_NA309	Emergency Medical Equipment	mythos/new-aeon/Mythos-NewAeon-EmergencyMedicalEquipment.jpg	default	Artifact							New Aeon										U	Bury this card to cancel the effects of a card played since your last Turn that would otherwise cause you to Bury or Discard an Ally or Allies.	New Aeon	NewAeon	playerNDeck
NewAeon_NA310	Fragmentation Grenade	mythos/new-aeon/Mythos-NewAeon-FragmentationGrenade.jpg	default	Artifact	Weapon		1				New Aeon										C	Add 1 point to Ally's value. If Ally is Discarded or Buried, this Weapon suffers the same fate.During Combat Bury this card to Bury one non-Defending Ally.	New Aeon	NewAeon	playerNDeck
NewAeon_NA311	Laptop Computer	mythos/new-aeon/Mythos-NewAeon-LaptopComputer.jpg	default	Artifact							New Aeon										C	Knows Binary. Can know any one Spell. Bury Spell in your Story Deck after it is cast. Joins with The Internet at Artifact/Enchantedome Locations	New Aeon	NewAeon	playerNDeck
NewAeon_NA312	M16 Assault Rifle	mythos/new-aeon/Mythos-NewAeon-M16AssaultRifle.jpg	default	Artifact			3				New Aeon										C	Add 3 points to Ally's Value; Ally is now Steadfast. If Ally is Discarded or Buried this card suffers the same fate.	New Aeon	NewAeon	playerNDeck
NewAeon_NA313	Plastic Explosive	mythos/new-aeon/Mythos-NewAeon-PlasticExplosive.jpg	default	Artifact			4				New Aeon										R	Add 4 points to Ally's Value. If Ally is Discarded or Buried this card suffers the same fate. Discard Plastic Explosive after use in Combat and Bury the Ally	New Aeon	NewAeon	playerNDeck
NewAeon_NA314	Radiation Suit	mythos/new-aeon/Mythos-NewAeon-RadiationSuit.jpg	default	Artifact				1			New Aeon										R	This card has constant effect. Enchantedour Investigator is immune to any damage described as being caused by Radiation.	New Aeon	NewAeon	playerNDeck
NewAeon_NA315	Regalia of the Outer Gods	mythos/new-aeon/Mythos-NewAeon-RegaliaOfTheOuterGods.jpg	default	Artifact				-1		Unique											R	Play only at an Exotic Location. This card has constant effect. Enchantedou are not affected by any Great Old Ones and Outer Gods in play.	New Aeon	NewAeon	playerNDeck
NewAeon_NA316	Space Suit	mythos/new-aeon/Mythos-NewAeon-SpaceSuit.jpg	default	Artifact				1			New Aeon										R	This card has constant effect. Enchantedour Investigator is able to survive in Space.	New Aeon	NewAeon	playerNDeck
NewAeon_NA317	Stealth Fighter	mythos/new-aeon/Mythos-NewAeon-StealthFighter.jpg	default	Artifact			3	-1			New Aeon										R	Invisible. May join a Directed Threat during the Artifacts Use phase of Combat; treat as a Lesser Servitor Monster.	New Aeon	NewAeon	playerNDeck
NewAeon_NA318	Tactical Nuclear Bomb	mythos/new-aeon/Mythos-NewAeon-TacticalNuclearBomb.jpg	default	Artifact				-1		Unique	New Aeon										U	Discard this card to Bury all Monsters in all Threats except Great Old Ones and Outer Gods. Radiation cuases the player of this card to lose 3 additional Sanity points when it is used.	New Aeon	NewAeon	playerNDeck
NewAeon_NA319	Tank	mythos/new-aeon/Mythos-NewAeon-Tank.jpg	default	Artifact			3	-1			New Aeon										U	May be committed to Defend against one Directed Threat during the Artifacts Use phase of Combat; counts as an Ally. Bury Tank only it if takes its full value in Sanity loss.	New Aeon	NewAeon	playerNDeck
NewAeon_NA320	Taser	mythos/new-aeon/Mythos-NewAeon-Taser.jpg	default	Artifact	Weapon		1				New Aeon										C	Add 1 point to Ally's value. If the Ally bearing this Weapon is lost, this card suffers the same fate. Bury this card to stun a random Monster in a Directed Threat facing your Investigator. It returns to Opponent's Hand.	New Aeon	NewAeon	playerNDeck
NewAeon_NA321	Time Machine	mythos/new-aeon/Mythos-NewAeon-TimeMachine.jpg	default	Artifact				-1													C	Costs 1 Sanity point to use. Flip this card and walk to any Location (except Exotic) in another Dimension. If your new Location is in the same subregion as your Current Location, you may instead play it right-side-up.	New Aeon	NewAeon	playerNDeck
NewAeon_NA401	747	mythos/new-aeon/Mythos-NewAeon-747.jpg	default	Event	Travel by Air			1			New Aeon										C	Play this card and immediately play a new Location in the same Region right-side-up on top of your Story Deck	New Aeon	NewAeon	playerNDeck
NewAeon_NA402	Acid Rain	mythos/new-aeon/Mythos-NewAeon-AcidRain.jpg	default	Event							New Aeon										C	No Location bears the Forest attribute. Bury this card if any Day or Night Event is played.	New Aeon	NewAeon	playerNDeck
NewAeon_NA403	Alien Abduction	mythos/new-aeon/Mythos-NewAeon-AlienAbduction.jpg	default	Event				-1			New Aeon										C	Choose one Ally of up to 4 points in value (including Weapons) that your opponent must Bury . If you have Greys in play as an Ally, Bury a chosen Ally of any value. Then Bury this card.	New Aeon	NewAeon	playerNDeck
NewAeon_NA404	An Unexpected Calamity (v2)	mythos/new-aeon/Mythos-NewAeon-AnUnexpectedCalamityV2.jpg	default	Event				-1													R	This card may only be played after one Pass has already been announced for the Round. Play this card, announce "Pass," then Bury this card. Skip this Round's Combat and go directly to End Of Round.	New Aeon	NewAeon	playerNDeck
NewAeon_NA405	Bibliophobia	mythos/new-aeon/Mythos-NewAeon-Bibliophobia.jpg	default	Event	Phobia																R	Fear of books. Lose 1 Sanity point at the beginning of each Turn that your Current Location features the Tome attribute.	New Aeon	NewAeon	playerNDeck
NewAeon_NA406	Blackout	mythos/new-aeon/Mythos-NewAeon-Blackout.jpg	default	Event	Night																C	It is now night. Bury any Day or Night Event in play. Each opponent loses 1 Sanity point if their Current Location features the City attribute when this card is played.	New Aeon	NewAeon	playerNDeck
NewAeon_NA407	Blink of an Eye	mythos/new-aeon/Mythos-NewAeon-BlinkOfAnEye.jpg	default	Event																	C	Play this card, and the pass by a player on an earlier Turn is voided - no Passes have been announced for the the current Round. You may immediately play a second card. Then, Bury this card	New Aeon	NewAeon	playerNDeck
NewAeon_NA408	Crop Circles	mythos/new-aeon/Mythos-NewAeon-CropCircles.jpg	default	Event							New Aeon										U	You may only play this card if your Current Location features the Outside attribute. Immediately play one Monster to your Threat. Then Bury this card.	New Aeon	NewAeon	playerNDeck
NewAeon_NA409	Cthulhu For President	mythos/new-aeon/Mythos-NewAeon-CthulhuForPresident.jpg	default	Event	Star						New Aeon										U	Bury all Star Events in play. If a card is played that would Bury a GOO Bury this card instead.You may Bury this card instad of rotating or Burying a GOO at the end of the Round.	New Aeon	NewAeon	playerNDeck
NewAeon_NA410	Daybreak	mythos/new-aeon/Mythos-NewAeon-Daybreak.jpg	default	Event	Day																C	It is now Day. Bury any Day or Night Event in Play. Flip one chosen Ally of one Opponent.	New Aeon	NewAeon	playerNDeck
NewAeon_NA411	Ebola Virus	mythos/new-aeon/Mythos-NewAeon-EbolaVirus.jpg	default	Event	Epidemic			-2			New Aeon										U	Discard a random Ally of chosen opponent. Each other player's Investigator also in the same subregion must also randomly Discard one Ally. Then Bury this card.	New Aeon	NewAeon	playerNDeck
NewAeon_NA412	False Dawn	mythos/new-aeon/Mythos-NewAeon-FalseDawn.jpg	default	Event	Night																U	It is now Night. Bury any Day or Night Event in play. Living Dead Monsters do not Join while this card is in play.	New Aeon	NewAeon	playerNDeck
NewAeon_NA413	Frivolous Lawsuit	mythos/new-aeon/Mythos-NewAeon-FrivolousLawsuit.jpg	default	Event							New Aeon										R	Force an opponent to Discard one in-play card of your choice, except their Current Location or an Adventure, that fulfilled the requirements of an Adventure that was just played. Then Bury this card.	New Aeon	NewAeon	playerNDeck
NewAeon_NA414	Going Postal	mythos/new-aeon/Mythos-NewAeon-GoingPostal.jpg	default	Event				-1			New Aeon										C	Bury a random Ally; Discard that Ally if opponent's Current Location is a Business. Then Bury this card.	New Aeon	NewAeon	playerNDeck
NewAeon_NA415	Government Quarantine	mythos/new-aeon/Mythos-NewAeon-GovernmentQuarantine.jpg	default	Event							New Aeon										U	Opponent skips the Discard phase at the end of the Round, and must keep all cards remaining in his or her Hand, even above Maximum. Bury this card at the end of the Round.	New Aeon	NewAeon	playerNDeck
NewAeon_NA416	Halitosiphobia	mythos/new-aeon/Mythos-NewAeon-Halitosiphobia.jpg	default	Event	Phobia																R	Fear of Bad Breath. If target opponent has one or more Allies in play, he or she loses 1 Sanity point at the beginning of each Turn that his or her Current Location features the Inside attribute.	New Aeon	NewAeon	playerNDeck
NewAeon_NA417	Helicopter	mythos/new-aeon/Mythos-NewAeon-Helicopter.jpg	default	Event	Travel by Air						New Aeon										R	On a following Turn play a new Location in the same Region right-side-up on top of your Story Deck. You may flip face-up one card in one opponent's Threat as your Turn while this card is your Current Location	New Aeon	NewAeon	playerNDeck
NewAeon_NA418	Hitch A Ride	mythos/new-aeon/Mythos-NewAeon-HitchARide.jpg	default	Event	Travel by Land																C	On a following Turn, play a new Location in the same Region, right-side up on top of your Story Deck. Hang for a Turn to play an Ally card that could be played in this Region (one Ally per Hitch a Ride).	New Aeon	NewAeon	playerNDeck
NewAeon_NA419	Hitman from Medellin	mythos/new-aeon/Mythos-NewAeon-HitmanFromMedellin.jpg	default	Event				-1			New Aeon										R	Use a Gate to play this card face-down to your Threat. When revealed, each Hitman From Medellin eliminates (Buries) one random Ally, Defending or not. Joins Hitman From Medellin.	New Aeon	NewAeon	playerNDeck
NewAeon_NA420	Hydrophilia	mythos/new-aeon/Mythos-NewAeon-Hydrophilia.jpg	default	Event	Philia																C	An opponent may not play a Phobia on you while their current Location features the Water attribute. Bury this card when you play a Sanitarium or Temple.	New Aeon	NewAeon	playerNDeck
NewAeon_NA421	Ill Omen	mythos/new-aeon/Mythos-NewAeon-IllOmen.jpg	default	Event	Threat			-1													R	: Use a Gate to play this card face-down to your Threat. Monsters in an opposing Directed Threat are Discarded at the end of Combat instead of being Buried.	New Aeon	NewAeon	playerNDeck
NewAeon_NA422	IRS Auditor	mythos/new-aeon/Mythos-NewAeon-IRSAuditor.jpg	default	Event				-1			New Aeon										U	Use a Gate to play this card face-down to your Threat. When revealed, each IRS Auditor confiscates one chosen Artifact. Your opponent must Bury the card in his or her Story Deck.	New Aeon	NewAeon	playerNDeck
NewAeon_NA423	It's Full Of Stars!	mythos/new-aeon/Mythos-NewAeon-ItsFullOfStars.jpg	default	Event				+?		Unique											R	You may only play this card while your Current Location features the Space attribute. If your current Sanity is 1-7 gain 5 points; if 8-13 gain 3; if 14+ gain 1. Then Bury this card.	New Aeon	NewAeon	playerNDeck
NewAeon_NA424	Mechanophobia	mythos/new-aeon/Mythos-NewAeon-Mechanophobia.jpg	default	Event	Phobia																C	Fear of Machines. Lose 1 Sanity point at the beginning of each Turn that you are at an Artifact Location.	New Aeon	NewAeon	playerNDeck
NewAeon_NA425	Media Hyperbole	mythos/new-aeon/Mythos-NewAeon-MediaHyperbole.jpg	default	Event																	U	Opponent may not use Spells or Gates in his or her Current Location. Bury this card when opponent plays a Travel Event or arrives at a new Location.	New Aeon	NewAeon	playerNDeck
NewAeon_NA426	Motion Sickness	mythos/new-aeon/Mythos-NewAeon-MotionSickness.jpg	default	Event																	R	Each opponent that just played a Travel Event (whether or not it is still their top Story Deck card) loses 2 Sanity points. Then Bury this card	New Aeon	NewAeon	playerNDeck
NewAeon_NA427	Mugging	mythos/new-aeon/Mythos-NewAeon-Mugging.jpg	default	Event																	C	Target Investigator loses 1 Sanity point and must remain in his or her Current Location for the next Turn but may play cards other than a new Location card or Travel Event.	New Aeon	NewAeon	playerNDeck
NewAeon_NA428	Nemesis	mythos/new-aeon/Mythos-NewAeon-Nemesis.jpg	default	Event	Star																C	Bury any Star Event. Any Investigator loses 1 Sanity point when he or she declares a Pass	New Aeon	NewAeon	playerNDeck
NewAeon_NA429	Nuclear Winter	mythos/new-aeon/Mythos-NewAeon-NuclearWinter.jpg	default	Event				-2			New Aeon										R	All Investigators must Bury the top card of their Story Decks when this card is played. Bury this card if a Day or Night Even is played	New Aeon	NewAeon	playerNDeck
NewAeon_NA430	Police Investigation	mythos/new-aeon/Mythos-NewAeon-PoliceInvestigation.jpg	default	Event																	C	Bury all Weapons of target opponent that have a card value of 2 or more. Then Bury this card.	New Aeon	NewAeon	playerNDeck
NewAeon_NA431	Poltergeist	mythos/new-aeon/Mythos-NewAeon-Poltergeist.jpg	default	Event				-1													C	You may only play this card if your Current Location features the Inside attribute. Immediately play a Monster to your Threat. Then bury this card.	New Aeon	NewAeon	playerNDeck
NewAeon_NA432	Portophilia	mythos/new-aeon/Mythos-NewAeon-Portophilia.jpg	default	Event	Philia																C	An opponent may not play a Phobia on you while their current Location features the Gate attribute. Bury this card when you play a Sanitarium or Temple.	New Aeon	NewAeon	playerNDeck
NewAeon_NA433	Serial Killer	mythos/new-aeon/Mythos-NewAeon-SerialKiller.jpg	default	Event																	C	Target Discards his or her top Mythos Deck card at the beginning of each Turn. Bury this card once the target plays a Travel Event or arrives at a Location in a different subregion.	New Aeon	NewAeon	playerNDeck
NewAeon_NA434	Shuttle Icarus	mythos/new-aeon/Mythos-NewAeon-ShuttleIcarus.jpg	default	Event	Travel by Space						New Aeon										C	You may play this card only at a Space of Outside Location. On a following Turn play a new Space or Outside Location in any Region right-side-ip.	New Aeon	NewAeon	playerNDeck
NewAeon_NA435	Sirius	mythos/new-aeon/Mythos-NewAeon-Sirius.jpg	default	Event	Star																C	Bury all Star Events in play. All Weapons with card values of 2 points or fewer are enchanted.	New Aeon	NewAeon	playerNDeck
NewAeon_NA436	Television	mythos/new-aeon/Mythos-NewAeon-Television.jpg	default	Event							New Aeon										C	Target Flips all Allies face-down. They remain so while this card is in play. Bury this card if target plays a Day Event, a Tome, or at the end of the Round.	New Aeon	NewAeon	playerNDeck
NewAeon_NA437	Terrorist Strike	mythos/new-aeon/Mythos-NewAeon-TerroristStrike.jpg	default	Event																	R	Even if already Walking, your opponent must play a Travel Event or a new Location next Turn or suffer an attack worth 5 points. Allies may defned. Then Bury this card	New Aeon	NewAeon	playerNDeck
NewAeon_NA438	Thaasophobia	mythos/new-aeon/Mythos-NewAeon-Thaasophobia.jpg	default	Event	Phobia																C	Fear of being idle. Opponent loses 1 Sanity point if he or she passes.	New Aeon	NewAeon	playerNDeck
NewAeon_NA439	Time Flux	mythos/new-aeon/Mythos-NewAeon-TimeFlux.jpg	default	Event																	U	Using a Gate, play this card to immediately play one New Aeon Ally, Artifact, Monster, or Tome that you could otherwise play at your Current Location. Then Bury this card.	New Aeon	NewAeon	playerNDeck
NewAeon_NA440	UFO	mythos/new-aeon/Mythos-NewAeon-UFO.jpg	default	Event	Travel by Space			-1			New Aeon										U	You must have Greys in play as an Ally to play this card. You may immediately play a new Location in any Region or Dimension (except non-space Exotic Locations) right-side-up on top of your Story Deck.	New Aeon	NewAeon	playerNDeck
NewAeon_NA441	Unexpected Eclipse	mythos/new-aeon/Mythos-NewAeon-UnexpectedEclipse.jpg	default	Event	Day																C	This is an Eclipse card. It is now Day, Bury all Day or Night Events and you may also Bury any one other Event card in play, except Travel Events.	New Aeon	NewAeon	playerNDeck
NewAeon_NA442	Yithian Psychic Possession	mythos/new-aeon/Mythos-NewAeon-YithianPsychicPossession.jpg	default	Event						Unique											R	Bury an Ally that was Just Played or who was in play and whose abilites or Special Effect were just used. Then Bury this card.	New Aeon	NewAeon	playerNDeck
NewAeon_NA001	Deep One Hybrid	mythos/new-aeon/Mythos-NewAeon-DeepOneHybrid.jpg	default	Investigator		English									15	15	12	12	3	5		You may use a Water Gate to play Deep Ones as Allies. This Investigator breathes Underwater	New Aeon	NewAeon	playerNInvestigator
NewAeon_NA002	Diabolical Cultist	mythos/new-aeon/Mythos-NewAeon-DiabolicalCultist.jpg	default	Investigator		English, Latin									12	15	9	12	4	6		You may use a Tome Gate to play Servants of the Silver Twilight as Allies. This Investigator is a Member of the Silver Twilight: gain an additional point of Sanity each time you complete a Corrupt Adventure.	New Aeon	NewAeon	playerNInvestigator
NewAeon_NA003	Grinning Ghoul	mythos/new-aeon/Mythos-NewAeon-GrinningGhoul.jpg	default	Investigator		English, French									11	15	16	12	4	6		You may use a Cemetery Gate to play Ghouls as Allies. Reduce Directed Threat attacking this Investigator by one point when Threats are revealed if that opponent's Current Location is Underground or Cemetery.	New Aeon	NewAeon	playerNInvestigator
NewAeon_NA004	Obsequious Televangelist	mythos/new-aeon/Mythos-NewAeon-ObsequiousTelevangelist.jpg	default	Investigator		English, Latin									14	20	10	13	4	4		As your Turn one time during a Round, you may Discard one card and replace it with a new card drawn from your Mythos Deck.	New Aeon	NewAeon	playerNInvestigator
NewAeon_NA005	Obsessed Agent in Mi-Go Braincase	mythos/new-aeon/Mythos-NewAeon-ObsessedAgentInMiGoBraincase.jpg	default	Investigator		English									12	15	14	12	3	6		You may use a Country Gate to play Mi-Go as Allies. This Investigator automatically survives in Space.	New Aeon	NewAeon	playerNInvestigator
NewAeon_NA006	Obsessed Federal Agent	mythos/new-aeon/Mythos-NewAeon-ObsessedFederalAgent.jpg	default	Investigator		English									14	20	14	13	4	6		While in the New Aeon your Education rises to 18.	New Aeon	NewAeon	playerNInvestigator
NewAeon_NA007	Pallid Programmer	mythos/new-aeon/Mythos-NewAeon-PallidProgrammer.jpg	default	Investigator		English, *Binary									12	20	13	13	3	5		While in the New Aeon this Investigator also knows Binary	New Aeon	NewAeon	playerNInvestigator
NewAeon_NA008	Sardonic Serpentman	mythos/new-aeon/Mythos-NewAeon-SardonicSerpentman.jpg	default	Investigator		English, Italian									12	15	7	12	5	7		You may use an Artifact Gate to play Serpent People as Allies. You are immune to the effects of Radiation. You do not lose Sanity points when Radiation is listed as the cause.	New Aeon	NewAeon	playerNInvestigator
NewAeon_NA009	Skeptical Pathologist	mythos/new-aeon/Mythos-NewAeon-SkepticalPathologist.jpg	default	Investigator		English, French									12	20	17	13	5	6		As your Turn one time during a Round, you may Discard up to two cards and replace them with new cards drawn from your Mythos Deck.	New Aeon	NewAeon	playerNInvestigator
NewAeon_NA010	Trigger-Happy Mercenary	mythos/new-aeon/Mythos-NewAeon-TriggerHappyMercenary.jpg	default	Investigator		English, Italian									12	20	8	13	5	7		While in the New Aeon this Investigator has a Maximum of 8	New Aeon	NewAeon	playerNInvestigator
NewAeon_NA501	Area 51	mythos/new-aeon/Mythos-NewAeon-Area51.jpg	default	Location	Outside, Artifact, Tome, Gate, Country, Government,			-1			New Aeon			Groom Lake							C	You may play UFO if this is your Current Location, even if you don't have Greys in play as an Ally.	New Aeon	NewAeon	playerNDeck
NewAeon_NA502	Artist Colony	mythos/new-aeon/Mythos-NewAeon-ArtistColony.jpg	default	Location	Water, Outside , Gate, City, Museum, Site,						New Aeon			Kingsport							U	All Artists and Authors add 1 point to their card value when this is your Current Location.	New Aeon	NewAeon	playerNDeck
NewAeon_NA503	Billington's Woods	mythos/new-aeon/Mythos-NewAeon-BillingtonsWoods.jpg	default	Location	Forest, Outside, Gate, Country, Ruins,			1			New Aeon			Miskatonic Valley							C	This card also fulfills the Nemesis requirements for playing Yog-Sothoth	New Aeon	NewAeon	playerNDeck
NewAeon_NA504	Carlyle House Museum	mythos/new-aeon/Mythos-NewAeon-CarlyleHouseMuseum.jpg	default	Location	Forest, Inside, Artifact, Country, House, Museum,						New Aeon			New York							C		New Aeon	NewAeon	playerNDeck
NewAeon_NA505	Chaosium	mythos/new-aeon/Mythos-NewAeon-Chaosium.jpg	default	Location	Inside, Artifact, Tome, Gate, Business, City, Press,			-1			New Aeon			Oakland							C	Your Author Allies add 1 point to their card value when this is your Current Location.	New Aeon	NewAeon	playerNDeck
NewAeon_NA506	Chrysler Building	mythos/new-aeon/Mythos-NewAeon-ChryslerBuilding.jpg	default	Location	Inside, Artifact, City, Site						New Aeon			New York							R		New Aeon	NewAeon	playerNDeck
NewAeon_NA507	Cite Tatoue	mythos/new-aeon/Mythos-NewAeon-CiteTatoue.jpg	default	Location	Water, Inside, Tome, Gate, Business, City,			-1			New Aeon			Paris							U	Spend 1 Sanity point to tattoo (play) a Spell on any Steadfast Ally. Bury Spell when cast	New Aeon	NewAeon	playerNDeck
NewAeon_NA508	Colosseum	mythos/new-aeon/Mythos-NewAeon-Colosseum.jpg	default	Location	Outside, Artifact, City, Ruins,						New Aeon			Rome							C		New Aeon	NewAeon	playerNDeck
NewAeon_NA509	Cykranosh	mythos/new-aeon/Mythos-NewAeon-Cykranosh.jpg	default	Location	Outside, Forest, Artifact, Tome, Gate, Country, Space, Underground			-2			New Aeon			Exotic							R	Space. +1 Formless Spawn. This card fulfills Blackout requirement for Tsathoggua. Multi-dimensional.	New Aeon	NewAeon	playerNDeck
NewAeon_NA510	Dawn Biozyme Research Lab	mythos/new-aeon/Mythos-NewAeon-DawnBiozymeResearchLab.jpg	default	Location	Water, Inside, Artifact, Gate, City, Government,			-1			New Aeon			Kingsport							C		New Aeon	NewAeon	playerNDeck
NewAeon_NA511	DBZ Spacelab	mythos/new-aeon/Mythos-NewAeon-DBZSpacelab.jpg	default	Location	Inside, Artifact, Tome, Gate, Port, Space,			-2			New Aeon		Exotic								U	Your Investigator automatically survives in Space at this Location. You may play this card immediately after playing Shuttle Icarus. You may walk to Tycho Base	New Aeon	NewAeon	playerNDeck
NewAeon_NA512	Dr. MacDonald's House	mythos/new-aeon/Mythos-NewAeon-DrMacDonaldsHouse.jpg	default	Location	Forest, Water, Inside, Tome, Country, House, Sanitorium,			5		Unique	New Aeon			New York							U	Randomly Discard one card from your hand. During each additional Turn that you remain here you may Bury one Phobia affecting your Investigator.	New Aeon	NewAeon	playerNDeck
NewAeon_NA513	Eiffel Tower	mythos/new-aeon/Mythos-NewAeon-EiffelTower.jpg	default	Location	Outside, Artifact, Gate, City, Site,			-1			New Aeon			Paris							C		New Aeon	NewAeon	playerNDeck
NewAeon_NA514	European Space Agency	mythos/new-aeon/Mythos-NewAeon-EuropeanSpaceAgency.jpg	default	Location	Inside, Artifact, Business, Country, Government,			1			New Aeon			French Guiana							C	While this is your Current Location, you may spend a Turn and Bury one Storm Event or Drought	New Aeon	NewAeon	playerNDeck
NewAeon_NA515	First National Grocery	mythos/new-aeon/Mythos-NewAeon-FirstNationalGrocery.jpg	default	Location	Inside, Water, Artifact, Business, City,								Lovecraft	Innsmouth							R		New Aeon	NewAeon	playerNDeck
NewAeon_NA516	Fish-Head Rock	mythos/new-aeon/Mythos-NewAeon-FishHeadRock.jpg	default	Location	Outside, Water, Gate, Country, Lair,			1					Lovecraft	Innsmouth							R	Summon Deep One. Dimensional Gate: May use Gate to play New Aeon Monsters here.	New Aeon	NewAeon	playerNDeck
NewAeon_NA517	Gilman House Hotel	mythos/new-aeon/Mythos-NewAeon-GilmanHouseHotel.jpg	default	Location	Cemetery, Water, Inside, Tome, Gate, Business, City,			-1					Lovecraft	Innsmouth							U	An Unexpected Calamity can not be played by any player	New Aeon	NewAeon	playerNDeck
NewAeon_NA518	Giulio Cesare Hotel	mythos/new-aeon/Mythos-NewAeon-GiulioCesareHotel.jpg	default	Location	Inside, Gate, Business, City,						New Aeon			Rome							C	An Unexpected Calamity can not be played by any player	New Aeon	NewAeon	playerNDeck
NewAeon_NA519	Greenwich Village	mythos/new-aeon/Mythos-NewAeon-GreenwichVillage.jpg	default	Location	Outside, Water, Tome, City, Library, Site, University						New Aeon			New York							C	+1 Artists/Authors/Students	New Aeon	NewAeon	playerNDeck
NewAeon_NA520	Harbor Place Hotel	mythos/new-aeon/Mythos-NewAeon-HarborPlaceHotel.jpg	default	Location	Inside, Water, Tome, Business, City,						New Aeon			Kingsport							R	An Unexpected Calamity cannot be played by anyone.	New Aeon	NewAeon	playerNDeck
NewAeon_NA521	INTERPOL Headquarters Italy	mythos/new-aeon/Mythos-NewAeon-INTERPOLHeadquartersItaly.jpg	default	Location	Inside, Artifact, Tome, City, Government,			-1			New Aeon			Rome							C	May play any Police Detective or Corrupt Ally from the New Aeon at this Location. Your Police Detective and Private Eye allies add 1 point to their card value when this is your Current Location.	New Aeon	NewAeon	playerNDeck
NewAeon_NA522	J. Edgar Hoover Building	mythos/new-aeon/Mythos-NewAeon-JEdgarHooverBuilding.jpg	default	Location	Inside, Tome, Gate, City, Government,			-1			New Aeon			Washington D.C.							C	Use this Gate and lose 1 Sanity point to play any one Corrupt Cultist from any Dimension. Your Police Detective and Private Eye allies add 1 point to their card value while this is your Current Location.	New Aeon	NewAeon	playerNDeck
NewAeon_NA523	Ju-Ju House	mythos/new-aeon/Mythos-NewAeon-JuJuHouse.jpg	default	Location	Inside, Artifact, Gate, City, House,			-1			New Aeon			New York							C		New Aeon	NewAeon	playerNDeck
NewAeon_NA524	Kennedy Space Center	mythos/new-aeon/Mythos-NewAeon-KennedySpaceCenter.jpg	default	Location	Outside, Water, Artifact, Tome, Country, Government						New Aeon			Cape Canaveral							C	Storm/Drought Burial	New Aeon	NewAeon	playerNDeck
NewAeon_NA525	Lascaux Caves	mythos/new-aeon/Mythos-NewAeon-LascauxCaves.jpg	default	Location	Inside, Artifact, Tome, Country, Site, Underground,						New Aeon			Montignac							C	Your Explorer and Adventurer allies add 1 point to their card value when this is your Current Location.	New Aeon	NewAeon	playerNDeck
NewAeon_NA526	Lefferts Corners	mythos/new-aeon/Mythos-NewAeon-LeffertsCorners.jpg	default	Location	Forest, Inside, Tome, Country, Village			1			New Aeon			Catskills							C		New Aeon	NewAeon	playerNDeck
NewAeon_NA527	Louvre	mythos/new-aeon/Mythos-NewAeon-Louvre.jpg	default	Location	Water, Inside, Artifact, Tome, City, Museum,			-1			New Aeon			Paris							C	Your Artist Allies add 1 point to their card value while this is your Current Location	New Aeon	NewAeon	playerNDeck
NewAeon_NA528	Lovecraft's Grave	mythos/new-aeon/Mythos-NewAeon-LovecraftsGrave.jpg	default	Location	Cemetery, Outside, Gate, City, Site, Tomb,						New Aeon			Providence							U	During each additional Turn that you remain here you may Bury one Phobia affecting your Investigator	New Aeon	NewAeon	playerNDeck
NewAeon_NA529	Maison Nationale De Sant�	mythos/new-aeon/Mythos-NewAeon-MaisonNationaleDeSant.jpg	default	Location	Forest, Outside, City, Sanitorium,			4			New Aeon			Paris							U	Gain 4 Sanity points, but reveal the top card of your Mythos Deck. Apply any Sanity gain or loss indicated in the pentagram on the card, the Discard it. During each additional Turn that you remain here you may bury one Phobia affecting your Investigator.	New Aeon	NewAeon	playerNDeck
NewAeon_NA530	Maple Hill	mythos/new-aeon/Mythos-NewAeon-MapleHill.jpg	default	Location	Cemetery, Forest, Outside, Artifact, Gate, Country, Site,						New Aeon			Catskills							C		New Aeon	NewAeon	playerNDeck
NewAeon_NA531	McCarty's News Stand	mythos/new-aeon/Mythos-NewAeon-McCartysNewsStand.jpg	default	Location	Water, Outside, Tome, City, Press,						New Aeon			Kingsport							U		New Aeon	NewAeon	playerNDeck
NewAeon_NA532	Mr. Shiny's Burger Palace	mythos/new-aeon/Mythos-NewAeon-MrShinysBurgerPalace.jpg	default	Location	Cemetery, Inside, Gate, Business, City,						New Aeon			New York							C	When this card becomes your Current Location you may immediately use its Gate to play Monsters	New Aeon	NewAeon	playerNDeck
NewAeon_NA533	Museo del Palazzo Venezia	mythos/new-aeon/Mythos-NewAeon-MuseoDelPalazzoVenezia.jpg	default	Location	Outside, Artifact, Tome, City, Museum,			-1			New Aeon			Rome							C	Your Artist Allies add 1 point to their card value while this is your Current Location	New Aeon	NewAeon	playerNDeck
NewAeon_NA534	Notre Dame	mythos/new-aeon/Mythos-NewAeon-NotreDame.jpg	default	Location	Cemetery, Water, Inside, Church, City,						New Aeon			Paris							U	For each additional Turn that you remain here you may Bury one Phobia affecting your	New Aeon	NewAeon	playerNDeck
NewAeon_NA535	Obed Marsh Memorial	mythos/new-aeon/Mythos-NewAeon-ObedMarshMemorial.jpg	default	Location	Water, Outside, Gate, City, Site,									Innsmouth							U		New Aeon	NewAeon	playerNDeck
NewAeon_NA536	Pentagon	mythos/new-aeon/Mythos-NewAeon-Pentagon.jpg	default	Location	Forest, Inside , Artifact, Gate, City, Government,			-1			New Aeon			Washington D.C.							C	Use this Gate and lose 1 Sanity point to play any one Weapon Artifact from any Dimension	New Aeon	NewAeon	playerNDeck
NewAeon_NA537	Porta Portese	mythos/new-aeon/Mythos-NewAeon-PortaPortese.jpg	default	Location	Outside, Artifact, Gate, Business, City			-1			New Aeon			Rome							C	Recover 1 Artifact per Turn for 2 Sanity. Apply Sanity gain/loss for artifact.	New Aeon	NewAeon	playerNDeck
NewAeon_NA538	Rue D'Auseil	mythos/new-aeon/Mythos-NewAeon-RueDAuseil.jpg	default	Location	Outside, Gate, City, Site						New Aeon			Paris							R		New Aeon	NewAeon	playerNDeck
NewAeon_NA539	Ruined Top-Secret Warehouse	mythos/new-aeon/Mythos-NewAeon-RuinedTopSecretWarehouse.jpg	default	Location	Water, Outside, Artifact, Gate, City, Ruins,			-1			New Aeon			Washington D.C.							C		New Aeon	NewAeon	playerNDeck
NewAeon_NA540	Second Psychiatric Hospital	mythos/new-aeon/Mythos-NewAeon-SecondPsychiatricHospital.jpg	default	Location	Forest, Water, Inside, Artifact, Gate, City, Sanitorium,			5		Unique	New Aeon			Moscow							U	Gain 5 Sanity points, but remain here for a Turn recovering from the treatment. For each additional Turn that you remain here, Bury one Phobia	New Aeon	NewAeon	playerNDeck
NewAeon_NA541	Smithsonian Institution	mythos/new-aeon/Mythos-NewAeon-SmithsonianInstitution.jpg	default	Location	Inside, Artifact, Gate, City, Museum, Underground,			-1			New Aeon			Washington D.C.							C	Use this Gate and lose 1 Sanity point to play any one non-Weapon Artifact from any Dimension. Your Adventurer and Explorer Allies add 1 point to their card value while this is your Current Location.	New Aeon	NewAeon	playerNDeck
NewAeon_NA542	Smugglers Tunnels	mythos/new-aeon/Mythos-NewAeon-SmugglersTunnels.jpg	default	Location	Water, Inside, Artifact, Gate, City, Site, Underground,			-1					Lovecraft	Innsmouth							C	You may use this Gate to play New Aeon Monsters	New Aeon	NewAeon	playerNDeck
NewAeon_NA543	Temple to Aesathog	mythos/new-aeon/Mythos-NewAeon-TempleToAesathog.jpg	default	Location	Forest, Outside, Artifact, Gate, Country, Ruins,			-1			New Aeon			Scotland							C	This card fulfills the Space requirement for playing Azathoth. You may play Serpent People as Allies. Gate use not required.	New Aeon	NewAeon	playerNDeck
NewAeon_NA544	The Mall	mythos/new-aeon/Mythos-NewAeon-TheMall.jpg	default	Location	Inside, City, Site,			1			New Aeon			Washington D.C.							C		New Aeon	NewAeon	playerNDeck
NewAeon_NA545	The Vatican	mythos/new-aeon/Mythos-NewAeon-TheVatican.jpg	default	Location	Water, Inside, Church, City, Library, Temple,			5		Unique	New Aeon			Rome							U	Gain 5 Sanity points now but you must spend the next turn in atonement (doing nothing else). During each additional Turn you remain here you may Bury one Phobia affecting your Investigator	New Aeon	NewAeon	playerNDeck
NewAeon_NA546	Tycho Base	mythos/new-aeon/Mythos-NewAeon-TychoBase.jpg	default	Location	Inside, Tome, Gate, City, Space, University,			-2			New Aeon		Exotic								U	Your Investigator automatically survives in Space at this Location. For each Turn spent on Tycho Base doing nothing else, gain 1 Sanity point. You may walk to DBZ Spacelab	New Aeon	NewAeon	playerNDeck
NewAeon_NA547	U.S. Coastguard Station	mythos/new-aeon/Mythos-NewAeon-USCoastguardStation.jpg	default	Location	Outside, Water, Artifact, Country, Government			1			New Aeon			Kingsport							C	Recover 1 Artifact per Turn for 2 Sanity. Apply Sanity gain/loss for artifact.	New Aeon	NewAeon	playerNDeck
NewAeon_NA548	United Nations	mythos/new-aeon/Mythos-NewAeon-UnitedNations.jpg	default	Location	Water, Inside, Tome, City, Government,						New Aeon			New York							C		New Aeon	NewAeon	playerNDeck
NewAeon_NA549	Wreck of the Helene	mythos/new-aeon/Mythos-NewAeon-WreckOfTheHelene.jpg	default	Location	Water, Outside Country, Ruins, Tome, Artifact			-1			New Aeon			Kingsport							C	While a Star Event is in play, you may walk between this Location and any other Location card in any Dimension, except Exotic Locations.	New Aeon	NewAeon	playerNDeck
NewAeon_NA550	Yucca Mountain Project	mythos/new-aeon/Mythos-NewAeon-YuccaMountainProject.jpg	default	Location	Outside, Artifact, Tome, Gate, Country, Government,						New Aeon			Yucca Mountain							R	You must be able to survive Radiation or lose 5 Sanity points at the beginning of each Turn. Each Monster played to your Threat at this Gate costs 1 Sanity point less than normal to play, to a minimum of zero.	New Aeon	NewAeon	playerNDeck
NewAeon_NA551	Yuggoth	mythos/new-aeon/Mythos-NewAeon-Yuggoth.jpg	default	Location	Cemetery, Outside, Artifact, Tome, Gate, Country, Library, Space,			-2			New Aeon		Exotic								R	May play this card in any Dimension; assumes Dimension indicator of previous Current Location. Beginning of each turn you must be able to survive in Space or lose 5 Sanity points. For each Turn spent on Yuggoth doing nothing else, you may draw two cards from your Mythos Deck.	New Aeon	NewAeon	playerNDeck
NewAeon_NA701	Azathoth	mythos/new-aeon/Mythos-NewAeon-Azathoth.jpg	default	Monster	Outer God		OG		Space, Eclipse												R	All Investigators suffer 2 points of Radiation damage when this card is played. Ignore red Sanity pentagrams and reverse the effect of green Sanity pentagrams. Investigators may not gain Sanity.	New Aeon	NewAeon	playerNDeck
NewAeon_NA702	Chakota Beast	mythos/new-aeon/Mythos-NewAeon-ChakotaBeast.jpg	default	Monster	Lesser Independent		2			Unique											U	+2 Value if you or your opponent is Underground. Joins Chakota Beast.	New Aeon	NewAeon	playerNDeck
NewAeon_NA703	Colour Out Of Space (v1)	mythos/new-aeon/Mythos-NewAeon-ColourOutOfSpaceV1.jpg	default	Monster	Greater Independent		6	-2													R	-3 Value if opponent has protection from Radiation.	New Aeon	NewAeon	playerNDeck
NewAeon_NA704	Dimensional Shambler (v1)	mythos/new-aeon/Mythos-NewAeon-DimensionalShamblerV1.jpg	default	Monster	Lesser Independent		3	-1													C	Bypasser. +1 Value if your opponent is in an Exotic Location or any Dimension other than Waking World. Joins Dimensional Shambler.	New Aeon	NewAeon	playerNDeck
NewAeon_NA705	Fractal Creatures	mythos/new-aeon/Mythos-NewAeon-FractalCreatures.jpg	default	Monster	Lesser Servitor		4	-1													R	-2 Value if Summoned. Joins Fractal Creatures.	New Aeon	NewAeon	playerNDeck
NewAeon_NA706	Greys	mythos/new-aeon/Mythos-NewAeon-Greys.jpg	default	Monster	Lesser Independent, Corrupt Scientist	Binary	1														C	Use an Outside Gate to play as an Ally. Joins Greys. Dimensional Travel with UFO.	New Aeon	NewAeon	playerNDeck
NewAeon_NA707	Hound of Tindalos	mythos/new-aeon/Mythos-NewAeon-HoundOfTindalos.jpg	default	Monster	Greater Independent		5	-2													C	+1 Value if opponent is Inside.	New Aeon	NewAeon	playerNDeck
NewAeon_NA708	Larva of the Other Gods, First Stage	mythos/new-aeon/Mythos-NewAeon-LarvaOfTheOtherGodsFirstStage.jpg	default	Monster	Greater Independent		1														U	+2 Value if opponent is in Space Location. Summon to Travel in Space (location in any Region). Joins Larva of the Other Gods, First Stage.	New Aeon	NewAeon	playerNDeck
NewAeon_NA709	Larvae of the Other Gods, Second Stage	mythos/new-aeon/Mythos-NewAeon-LarvaeOfTheOtherGodsSecondStage.jpg	default	Monster	Greater Independent		4	-1													U	Summon to Travel by Land (same Region).	New Aeon	NewAeon	playerNDeck
NewAeon_NA710	Men in Black	mythos/new-aeon/Mythos-NewAeon-MenInBlack.jpg	default	Monster	Greater Servitor		3	-1													C	When Threat is revealed, randomly choose one of your opponent's Allies (Defending or not) and flip that card face-down. Joins Men in Black	New Aeon	NewAeon	playerNDeck
NewAeon_NA711	Mi-Go (v2)	mythos/new-aeon/Mythos-NewAeon-MiGoV2.jpg	default	Monster	Lesser Independent, Corrupt Scientist	Glyphs	2														C	Use a City Gate to play this Mi-Go as an Ally. Joins Mi-Go.	New Aeon	NewAeon	playerNDeck
NewAeon_NA712	Serpent People (v2)	mythos/new-aeon/Mythos-NewAeon-SerpentPeopleV2.jpg	default	Monster	Lesser Independent, Corrupt Scientist	Atlantean	3	-1													C	When revealed, Bury all Threat Events in the opposing Directed Threat. They have no effect. Joins Serpent People	New Aeon	NewAeon	playerNDeck
NewAeon_NA713	Servants of the Silver Twilight	mythos/new-aeon/Mythos-NewAeon-ServantsOfTheSilverTwilight.jpg	default	Monster	Lesser Servitor, Corrupt Soldier	English, Greek	2														C	Joins with Servants of the Silver Twilight	New Aeon	NewAeon	playerNDeck
NewAeon_NA714	Shoggoth Lord	mythos/new-aeon/Mythos-NewAeon-ShoggothLord.jpg	default	Monster	Greater Servitor		3	-1		Unique											R	Use a Gate at a Location with a red Sanity pentagram to play Shoggoth Lord as an Ally. Add 2 points value of Shoggoth Lord as an Ally. Add 2 points to value of Shoggoth Lord in your Directed Threat if that Directed Threat contains Shoggoth Lord, or if Shoggoth Lord is an Ally	New Aeon	NewAeon	playerNDeck
NewAeon_NA715	Shub-Niggurath	mythos/new-aeon/Mythos-NewAeon-ShubNiggurath.jpg	default	Monster	Great Old One		GOO		Country/Forested Location, False Dawn												U	All Monsters may be played as Allies (still must use a Gate). Increase the value of all Dark Young by 1 point. No Investigator may gain Sanity.	New Aeon	NewAeon	playerNDeck
NewAeon_NA716	Star Vampire	mythos/new-aeon/Mythos-NewAeon-StarVampire.jpg	default	Monster	Lesser Servitor		3	-1	Invisible												R	Add 1 point to the value of this card if you or your opponent is in a Space Location. Invisible when any Star is in play.	New Aeon	NewAeon	playerNDeck
NewAeon_NA717	Tsathoggua	mythos/new-aeon/Mythos-NewAeon-Tsathoggua.jpg	default	Monster	Great Old One		GOO		Outside/Country Location, Blackout												R	At the end of Combat, prior to the regular Discard phase, all Investigators Discard Monster cards remaining in their Hands. No Investigator may gain Sanity	New Aeon	NewAeon	playerNDeck
NewAeon_NA718	Werewolf	mythos/new-aeon/Mythos-NewAeon-Werewolf.jpg	default	Monster	Lesser Independent		3	-1													U	Add 1 point to the value of this card when any Night Event is in play; add 2 when Full Moon is in play. Joins Werewolf	New Aeon	NewAeon	playerNDeck
NewAeon_NA719	Yog Sothoth	mythos/new-aeon/Mythos-NewAeon-YogSothoth.jpg	default	Monster	Outer God		OG		Country/Forested Location, Nemesis												R	Treat all Locations in all Dimensions as if they belong to the same Region. No Investigator may gain Sanity.	New Aeon	NewAeon	playerNDeck
NewAeon_NA720	Zombies (v2)	mythos/new-aeon/Mythos-NewAeon-ZombiesV2.jpg	default	Monster	Living Dead		2														C	Value is 1 during the Day. If any Allies are lost in Combat involving Zombies, begin next round with one Zombies card face-down in your Threat (forms a new Threat). Joins Living Dead.	New Aeon	NewAeon	playerNDeck
NewAeon_NA801	Bless	mythos/new-aeon/Mythos-NewAeon-Bless.jpg	default	Spell	Eye			-1													R	Target Weapon becomes Enchanted for the remainder of the Round.	New Aeon	NewAeon	playerNDeck
NewAeon_NA802	Call the Unnamed One	mythos/new-aeon/Mythos-NewAeon-CallTheUnnamedOne.jpg	default	Spell	Folk			-1													C	Cast this spell to immediately play one Monster card as an Ally (no Gate needed).	New Aeon	NewAeon	playerNDeck
NewAeon_NA803	Chronoportation	mythos/new-aeon/Mythos-NewAeon-Chronoportation.jpg	default	Spell	Folk			-1													C	Immediately play any Tome or Artifact from another Dimension that would otherwise be legal at your Current Location	New Aeon	NewAeon	playerNDeck
NewAeon_NA804	Create Stasis	mythos/new-aeon/Mythos-NewAeon-CreateStasis.jpg	default	Spell	Eye			-1													U	May only be played during Combat. Set aside one random card in the target Directed Threat: it does not particpate in Combat this Round. Target begins the next Round with that card in his or her Threat.	New Aeon	NewAeon	playerNDeck
NewAeon_NA805	Darkness of the Void	mythos/new-aeon/Mythos-NewAeon-DarknessOfTheVoid.jpg	default	Spell	Eye			-1													R	It is now Night. Place this card in Event area. Bury any Day, Night, Storm, or Drought Events in play. Day Events may not be played. Bury this card if any Night Event is played.	New Aeon	NewAeon	playerNDeck
NewAeon_NA806	Enthrall Victims	mythos/new-aeon/Mythos-NewAeon-EnthrallVictims.jpg	default	Spell	Folk			-2													U	Flip two random Allies of Target opponent.	New Aeon	NewAeon	playerNDeck
NewAeon_NA807	Evoke Doppleganger	mythos/new-aeon/Mythos-NewAeon-EvokeDoppleganger.jpg	default	Spell	Yellow Sign			-2													R	Cast on an Ally (except Living Dead) and immediately play another copy of that Ally card whether or not he or she could be played at your Current Location.	New Aeon	NewAeon	playerNDeck
NewAeon_NA808	Exorcism	mythos/new-aeon/Mythos-NewAeon-Exorcism.jpg	default	Spell	Folk			-1													U	May only be used during Combat. Discard a Monster from your Threat and Bury a random card from target Directed Threat.	New Aeon	NewAeon	playerNDeck
NewAeon_NA809	Flesh Ward	mythos/new-aeon/Mythos-NewAeon-FleshWard.jpg	default	Spell	Folk			-1													U	Once cast, and as long as this card remains face-down, your Investigator is protected from the effects of Radiation. At the end of the Round you may spend 1 Sanity point to keep this card face-down.	New Aeon	NewAeon	playerNDeck
NewAeon_NA810	Grasp Of Cthulhu	mythos/new-aeon/Mythos-NewAeon-GraspOfCthulhu.jpg	default	Spell	Eye			-2													R	All Monsters join, for all Investigators, for the remainder of the Round.	New Aeon	NewAeon	playerNDeck
NewAeon_NA811	Insidious Ululation of the Inv Sup	mythos/new-aeon/Mythos-NewAeon-InsidiousUlulationOfTheInvSup.jpg	default	Spell	Eye			-1													U	Once cast, and as long as this card remains face-down, your Investigator is protected from the effects of Space. At the end of the Round you may spend 1 Sanity point to keep this card face-down.	New Aeon	NewAeon	playerNDeck
NewAeon_NA812	Mental Suggestion	mythos/new-aeon/Mythos-NewAeon-MentalSuggestion.jpg	default	Spell	Yellow Sign			-1													C	Target Investigator must reshuffle his or her Discards and Mythos Deck with no Sanity cost.	New Aeon	NewAeon	playerNDeck
NewAeon_NA813	Monatomic Translocation	mythos/new-aeon/Mythos-NewAeon-MonatomicTranslocation.jpg	default	Spell	Folk			-2													C	You may immediately play a new Location in any Dimension (except Exotic) as your Current Location	New Aeon	NewAeon	playerNDeck
NewAeon_NA814	Shaggai Mental Possession	mythos/new-aeon/Mythos-NewAeon-ShaggaiMentalPossession.jpg	default	Spell	Yellow Sign			-1													U	Replace chosen target Ally with the Ally closest to the bottom of opponent's Story Deck. If none, Spell may not be cast.	New Aeon	NewAeon	playerNDeck
NewAeon_NA815	Song of the Stellar Larvae	mythos/new-aeon/Mythos-NewAeon-SongOfTheStellarLarvae.jpg	default	Spell	Folk			-1													U	You may play one Monster allowing Travel as a Special Effect to the top of your Story Deck. Then, immediately play a new Location, as allowed by the Monster's Special Effect, as your Current Location.	New Aeon	NewAeon	playerNDeck
NewAeon_NA816	Temporal Lash	mythos/new-aeon/Mythos-NewAeon-TemporalLash.jpg	default	Spell	Yellow Sign			-2													R	When cast upon an opponent, you force him or her to Discard the Ally closest to the bottom of his or her Story Deck.	New Aeon	NewAeon	playerNDeck
NewAeon_NA901	Azathoth And Others	mythos/new-aeon/Mythos-NewAeon-AzathothAndOthers.jpg	default	Tome	Eye, Folk	English	2	-1													U	An Unexpected Calamity can not be played by any player	New Aeon	NewAeon	playerNDeck
NewAeon_NA902	B-Movie Script	mythos/new-aeon/Mythos-NewAeon-BMovieScript.jpg	default	Tome	Folk	English	1														C	Bury this card and cause one opponent to "recast" (Flip) his or her Investigator card unless that opponent loses 2 Sanity points by rejecting the script.	New Aeon	NewAeon	playerNDeck
NewAeon_NA903	Massa Di Requiem Per Shuggay	mythos/new-aeon/Mythos-NewAeon-MassaDiRequiemPerShuggay.jpg	default	Tome	Eye, Yellow Sign	Italian	3	-2													C	With a Musician Ally, you may play this Tome regardless of the languages know by your Investigator or Allies.	New Aeon	NewAeon	playerNDeck
NewAeon_NA904	Prophecies of Nostradamus	mythos/new-aeon/Mythos-NewAeon-PropheciesOfNostradamus.jpg	default	Tome	Eye, Folk	French	2	-1													U	You may play Events (except Travel Events) featuring the New Aeon icon	New Aeon	NewAeon	playerNDeck
NewAeon_NA905	The Internet	mythos/new-aeon/Mythos-NewAeon-TheInternet.jpg	default	Tome	Folk	Binary	2				New Aeon										C	If you also have Laptop Computer in play, add 1 point to this card's value (randomly lose spell if Laptop is lost). Joins with Laptop Computer at Artifact/Tome Locations, even if you do not currently know Binary	New Aeon	NewAeon	playerNDeck
NewAeon_NA906	Whispers Pulp Magazine Collection	mythos/new-aeon/Mythos-NewAeon-WhispersPulpMagazineCollection.jpg	default	Tome	Folk, Yellow Sign	English	1	-1			New Aeon										C		New Aeon	NewAeon	playerNDeck
NewAeon_NA907	Zanthu Tablets	mythos/new-aeon/Mythos-NewAeon-ZanthuTablets.jpg	default	Tome	Eye, Folk, Yellow Sign	Glyphs	3	-3													C		New Aeon	NewAeon	playerNDeck
NewAeon_NA908	Zanthu Tablets: A Conjectural Translation	mythos/new-aeon/Mythos-NewAeon-ZanthuTabletsAConjecturalTranslation.jpg	default	Tome	Eye	English	1	-1													C	Spells or Artifacts that affect the top card of your Story Deck can not be used against you.	New Aeon	NewAeon	playerNDeck
Repointed_RP101	A Day In The Life Of A Miskatonic University Student (RP)	mythos/repointed/Mythos-Repointed-ADayInTheLifeOfAMiskatonicUniversityStudentRP.jpg	default	Adventure	Mythos Experience		4	1													C	Sometimes, University life can be exciting. Today is one of those days. This day take you to 3 different MISCATONIC UNIVERSITY LOCATIONS. In your Speculative Civilizations course, you practice casting one SPELL with either Barrier, Circle, Sign or Chant in the card title. During Biology you dissect a MONSTER. Finally, you go on a field trip to a COUNTRY SITE where you attract an ALLY of the opposite sex as your Investigator	Repointed	Repointed	playerNDeck
Repointed_RP102	A Lender Be (RP)	mythos/repointed/Mythos-Repointed-ALenderBeRP.jpg	default	Adventure	Fantastic Dream		6	2													C	You were so enamored of books that your goal was to be a librarian like your mentor TUKOR. He set you a task: You must discover 2 TOMES in different languages, and within them 2 SPELLS with different icons. You had to travel to 3 different GREAT LIBRARY OF THE DREAMLANDS cards, but in the end you succeeded. (When you play this card you may move your Spells among legal Tomes and Allies who can know a Spell)	Repointed	Repointed	playerNDeck
Repointed_RP103	A Midsummer Night's Dream (RP)	mythos/repointed/Mythos-Repointed-AMidsummerNightsDreamRP.jpg	default	Adventure	Mythos Experience		10	3													R	When THE CHILDREN HAVE SWEET DREAMS, you are finally able to rest. Falling asleep, you leave your Waking World HOUSE behind and find yourself wandering through the GATE OF DEEPER SLUMBER and into the CAVERN OF FLAME. Then the NIGHTMARE strikes! You wake to find yourself at a Waking World SITE! How did you get here? And what's that you're holding? (If you are in the Waking Wlord when this card is played, you may also play one Dreamlands Artifact or Tome).	Repointed	Repointed	playerNDeck
Repointed_RP104	Alone in the World (RP)	mythos/repointed/Mythos-Repointed-AloneInTheWorldRP.jpg	default	Adventure	Mythos Experience		8	2													F	Some people are paranoid to PHOBIA levels. They carry a WEAPON and are always afraid of an AMBUSH. Skulking about in CEMETERY LOCATIONS (2 different cards) they often become CORRUPT CULTISTs and summon blasphemous horrors, such as the SERVITOR OF THE OUTER GODS, in rituals held in CATACOMBS or TOMBS.	Repointed	Repointed	playerNDeck
Repointed_RP105	An Heroic Rescue (RP)	mythos/repointed/Mythos-Repointed-AnHeroicRescueRP.jpg	default	Adventure	Mythos Experience		5	1													U	A STEADFAST AUTHOR, friend ally of yours, has been abducted by agents of the Mythos. Gathering your friends, you know you can rely on the REPORTER, the DOCTOR, the PRIVATE EYE, and the WIFE. The CORRUPT CULTIST has his lair in a CEMETERY, where you corner him with a WEAPON and capture his terrible TOME.	Repointed	Repointed	playerNDeck
Repointed_RP106	Arkham Horror (RP)	mythos/repointed/Mythos-Repointed-ArkhamHorrorRP.jpg	default	Adventure	Heroic Adventure		9	3													F	BUSINESS is terrible - the rain has turned into a DOWNPOUR. SAMUEL WINSOR and his FAITHFUL HOUNDS are forced to flee from TWO MONSTERS which erupt from the river near the MISKATONIC UNIVERSITY COMMONS. TWO STEADFAST ALLIES in a nearby house have a WEAPON and offer to help. The monsters destroy the ARKHAM GAZETTE (or ARKHAM ADVERTISER) building, but the group makes a stand at the STATION and defeats them	Repointed	Repointed	playerNDeck
Repointed_RP107	Armed and Clueless (RP)	mythos/repointed/Mythos-Repointed-ArmedAndCluelessRP.jpg	default	Adventure	Fantastic Dream		8	3													R	You first came across it in the old RUINS. What is this ENCHANTED WEAPON, and how does it work? You knew the ancient DREAMER could figure it out, but how to find him? You travelled to a LOCATION in the EAST, and then a LOCATION in the WEST, and finally found him in an EXOTIC LOCATION.	Repointed	Repointed	playerNDeck
Repointed_RP108	Ashes Ashes Azathoth (RP)	mythos/repointed/Mythos-Repointed-AshesAshesAzathothRP.jpg	default	Adventure	Heroic Adventure		8	3													U	MONSTERS (2) have overrun the city. Through the sight of your WEAPON you see a BUSINESS and MUSEUM lying in RUINS, and an Army TANK lies broken and useless. You're on your own. You grab the cold metal of your TACTICAL NUCLEAR BOMB, and take careful aim at the CORRUPT CULTIST summoning his evil lord (a GREAT OLD ONE or OUTER GOD). You know that you are too close to survive yourself, but only you can end this madness.	Repointed	Repointed	playerNDeck
Repointed_RP109	Assault on Y'ha Nthlei (RP)	mythos/repointed/Mythos-Repointed-AssaultOnYhaNthleiRP.jpg	default	Adventure	Heroic Adventure		12	4													R	After a careful reading of  the PONAPE SCRIPTURE, R'LYEH TEXT, or CTHAAT AQUADINGEN (one of these, not in English), suggesting an ancient threat against humanity. Investigating you discover that hte threat is anything but ancient - barely escaping with you life after a cult of DEEP ONES (3) attempts to sacfirifce you to FATERH DAGON or MOTHER HYDRA. You convince a STEADFAST SOLDIER of this threat, and he calls in the Nav which dispatches a U-BOAT  to  attack the underwater city of Y'HA-NTHLEI. , burying the inhuman edifice forever	Repointed	Repointed	playerNDeck
Repointed_RP110	Beyond Your Wildest Dreams (RP)	mythos/repointed/Mythos-Repointed-BeyondYourWildestDreamsRP.jpg	default	Adventure	Fantastic Dream		6	2													C	All your life you thought magic a child's myth, but now you know the magnificent truth! To begin you journey to a distant EXOTIC LOCATION - first TRAVEL BY LAND, and then TRAVEL BY AIR. Once there, with the proper STAR in the sky, you take out the ancient TOME in a Fantastic Language (Atleantean, Glyphs or Hyperborean) and chant the SPELL found within. You perform the magical rites of inititiation, and now may call yourself a PRIEST of the eternal powers. If the Castle of Great ones on Kadath is not in your Story Deck when you play this adventure, score an additional Adventure Point.	Repointed	Repointed	playerNDeck
Repointed_RP111	Brotherhood of the Black Pharaoh (RP)	mythos/repointed/Mythos-Repointed-BrotherhoodOfTheBlackPharaohRP.jpg	default	Adventure	Corrupt Adventure		6	3													R	The Brotherhood is most exclusive. First, you must find a sponsor (an ALLY who knows Arabic). You must aquire a personal collection of Mythos ARTIFACTS or TOMES that required at least 7 Sanity points to comprehend. You must have travelled to at least 6 different LOCATIONS in the Middle East. You are now a member of the Brotherhood of the Black Pharoah Secret Socity	Repointed	Repointed	playerNDeck
Repointed_RP112	Camp Bright Star (RP)	mythos/repointed/Mythos-Repointed-CampBrightStarRP.jpg	default	Adventure	Mythos Experience		7	2													C	It was exciting to drive through the COUNTRY to Camp Bright Star near the lake (a different COUNTRY/WATER LOCATION). We swam most of the day. That NIGHT we clustered around the fire, listening to ole' Zeke paint a DISTURBING PORTRAIT of a crazed SCIENTIST suffering from a PHOBIA and a PHILIA, who killed a girl at a nearby SITE. After, we can sneak into the old CEMETERY and find her grave. Hey, maybe we'll even see a MONSTER!	Repointed	Repointed	playerNDeck
Repointed_RP113	Carter's Quest (RP)	mythos/repointed/Mythos-Repointed-CartersQuestRP.jpg	default	Adventure	Heroic Adventure		16	5													R	Using CARTER'S CLOCK, you met up with fellow explorer RANDOLPH CARTER at a SITE during a FANTASTIC DREAM. He told you about THE SNAKE-DEN, near the LAIR of a MONSTER. To reach it you traveled on a ZEBRA or YAK (choose 1) and met a CORRUPT CULTIST who knew the way to the ISLAND LOCATION. You and your FRIEND went on to the CASTLE OF THE GREAT ONES ON KADATH, and then retruned to tell your story to the KING.	Repointed	Repointed	playerNDeck
Repointed_RP114	Come Sail Away (RP)	mythos/repointed/Mythos-Repointed-ComeSailAwayRP.jpg	default	Adventure	Mythos Experience		6	2													C	Living in a quiet KINGSPORT LOCATION, you thought your life would never change. But one day the old SEAMAN invited you to TRAVEL BY SEA to lands he said you had never even imagined. Saying good-bye to your old friend BASIL ELTON, you set sail across the starlit seas. After what seemed like months of drifting with the winds, you saw a LIGHTHOUSE in the distance, and finally put in at a PORT in the Dreamlands.	Repointed	Repointed	playerNDeck
Repointed_RP115	Dark Horse (RP)	mythos/repointed/Mythos-Repointed-DarkHorseRP.jpg	default	Adventure	Corrupt Adventure		10	3													U	This election, you'll help your candidate any way you can. You slip an IRS AUDITOR incriminating evidence on your opponent and fan MEDIA HYPERBOLE to paint a DISTURBING PORTRAIT of him. You summon a HOUND OF TINDALOS to eliminate his campaign team and your agents, the MEN IN BLACK, fill their places. You accompany your candidate to campaign stops (LOCATIONS in 3 different Subregions). In the end, you'll vote CTHULHU FOR PRESIDENT. Why settle for the lesser evil	Repointed	Repointed	playerNDeck
Repointed_RP116	Day the Sun Stood Still (RP)	mythos/repointed/Mythos-Repointed-DayTheSunStoodStillRP.jpg	default	Adventure	Corrupt Adventure		8	3													C	The world can change in the BLINK OF AN EYE, especially with help from someone like you. A premonition alerted you to an UNEXPECTED ECLIPSE, visible only from 3 different COUNTRY LOCATIONS. You have long awaited this moment! Searching through the ZANTHU TABLETS you learn how to CALL THE UNNAMED ONE to loose Ye Liveliest Awfullness (a MONSTER) upon the rest of the world.	Repointed	Repointed	playerNDeck
Repointed_RP117	Doomed if You Do (RP)	mythos/repointed/Mythos-Repointed-DoomedIfYouDoRP.jpg	default	Adventure	Corrupt Adventure		10	3													C	The power must be yours! You listened to the whispers of your LIVING DEAD ALLY and became obsessed with learning the secrets of the Gods. Searching all of MNAR (3 different locations), you finally discovered an elusive BEING OF IB who would teach you the rites to propitiate the Great Old One BOKRUG. In the favor of the god, you were taught the SPELL that can only be found in the TOME with a Dream Icon.	Repointed	Repointed	playerNDeck
Repointed_RP118	If I Ran the Zoog (RP)	mythos/repointed/Mythos-Repointed-IfIRanTheZoogRP.jpg	default	Adventure	Heroic Adventure		18	4													U	I'd galumpf on the back of my big hairy Yak. To travel  so far by the light of a STAR, to the dark OPAL THRONE where the KING sits alone Ccorralling, at noonith, a burrowing VOONITH. And in the VALE OF PNOTH snag a big BUOPOTH. I would capture a GUG in the TEMPLE OF BOKRUG, and then to the glen where they're dancing to fugues those whirlingly, twirlingly, ANGRY ZOOGS.	Repointed	Repointed	playerNDeck
Repointed_RP119	Look to the Future (RP)	mythos/repointed/Mythos-Repointed-LookToTheFutureRP.jpg	default	Adventure	Mythos Experience		7	3													C	Deep within the SMUGGLER'S TUNNELS a madman (CORRUPT ALLY) shatters the bonds of Time with new discovery - a crude TIME MACHINE. A wondrous future awaits exploitation! After MUGGING a guard, he breaks into 2 GOVERNMENT ARTIFACT LOCATIONS where he discovers bizarre machines (2 NEW AEON ARTIFACTS) and a NEW AEON ALLY who may well be his descendent.	Repointed	Repointed	playerNDeck
Repointed_RP120	Lost in the Catacombs (RP)	mythos/repointed/Mythos-Repointed-LostInTheCatacombsRP.jpg	default	Adventure	Heroic Adventure		10	3													C	Catacombs and other burial mounds have fascinated humankind for aeons. Growing up near the old Roman cities of Europe, you frequently sneak into those forbidden passages. In the CATACOMBS OF ROME or the CATACOMBS BENEATH PARIS you discover that Death is not always final, as a SKELETON, ZOMBIE, and MUMMY claw their way after you. Even if you flee to a nearby CHURCH, you dicover that their master, a VAMPIRE awaits. Only if you live until the DAWN OF A NEW DAY do you survive	Repointed	Repointed	playerNDeck
Repointed_RP121	Make Money Fast (RP)	mythos/repointed/Mythos-Repointed-MakeMoneyFastRP.jpg	default	Adventure	Corrupt Adventure		15	5													U	The OBSESSIVE/COMPULSIVE types are always collecting something. Take, for example, those collectable Mythos cards such as great CTHULHU, evil HERBERT WEST, and the mysterious KITAB AL-AZIF. Keep them out of the harmful rays of DIRECT SUNLIGHT and avoid the UNEXPECTED CALAMITY, and you might find a sucker buyer through a SURPRISE MEETING. They might even bring you enough money to put yourself through a UNIVERSITY.	Repointed	Repointed	playerNDeck
Repointed_RP122	Make Them Pay! (RP)	mythos/repointed/Mythos-Repointed-MakeThemPayRP.jpg	default	Adventure	Corrupt Adventure		8	2													C	Life stinks! Up before DAYBREAK, but your car had a flat and you had to HITCH A RIDE. Your deliveries to the 3 different CITY LOCATIONS were late because of traffic. On your last delivery, a BLACKOUT hit and you got lost looking for the BUSINESS. Now they've fired you! They better watch out! You're one of the SERVANTS OF THE SILVER TWILIGHT, and you'll get even! (an EVENT costing Sanity)	Repointed	Repointed	playerNDeck
Repointed_RP123	Moon Quest (RP)	mythos/repointed/Mythos-Repointed-MoonQuestRP.jpg	default	Adventure	Corrupt Adventure		11	4													U	One NIGHT, as the Moon's silvery light slides across your sleeping face, you are met by the KING OF ILEK-VAD, who asks you to accompany him on his journey to capture an exotic creature on the Moon. To get there, you must meet with a disreputable MERCHANT in an unsavoury LOCATION (any Location that costs Sanity). He takes the two of you in the hold of his noisome BLACK GALLEY to the FAR SIDE OF THE MOON, where you encounter a MOON-BEAST and return with to his kingdom.	Repointed	Repointed	playerNDeck
Repointed_RP124	One Small Step (RP)	mythos/repointed/Mythos-Repointed-OneSmallStepRP.jpg	default	Adventure	Heroic Adventure		11	4													U	By the turn of the millennium our space agencies (KENNEDY SPACE CENTER or EUROPEAN SPACE AGENCY) began exploring the cosmos (SHUTTLE ICARUS and 2 different SPACE LOCATIONS). But even the PROPHECIES OF NOSTRADAMUS could not predict what we found. There are races of MONSTERS 2 Greater and 2 Lesser) inhabiting those nether reaches, ruled by their monstrous dark lords (a GREAT OLD ONE or OUTER GOD). Is there, then, any future for humankind?	Repointed	Repointed	playerNDeck
Repointed_RP125	Operation Nemesis (RP)	mythos/repointed/Mythos-Repointed-OperationNemesisRP.jpg	default	Adventure	Heroic Adventure		6	2													C	Good Morning, DETECTIVE. Here at FBI Headquarters (J. EDGAR HOOVER BUILDING ) we are about to launch Operation NEMESIS. Your mission is to identify a suspected CULTIST, currently a member of a UNITED NATIONS delegation. We believe his ultimate destination to be our nation's Capitol (1 WASHINGTON D.C. Location), but beware: he is known to summon a MONSTER to do his bidding. The accompanying TOME will provide you with clues to his motives. Good Luck.	Repointed	Repointed	playerNDeck
Repointed_RP126	Out Of My Mind (RP)	mythos/repointed/Mythos-Repointed-OutOfMyMindRP.jpg	default	Adventure	Quest		13	5													R	Arriving in a simple brown wrapper, the antique book read PNAKOTIC MANUSCRIPTS across the plain cover. For hours I read, about strange creatures called YITHIANs who possessed singular mental powers (YITHIAN MENTAL CONTACT and YITHIAN PSYCHIC POSSESSION). Apparently, they can travel through time at will, stepping from here (WAKING WORLD LOCATION) into the future (NEW AEON LOCATION) as easily as we step from room to room. They could be with us now!	Repointed	Repointed	playerNDeck
Repointed_RP127	Perchance� (RP)	mythos/repointed/Mythos-Repointed-PerchanceRP.jpg	default	Adventure	Fantastic Dream		4	1													C	It was a quiet DAY as you sat dreamily enjoying the WINE OF PNOTH that your friend had brought back from her trip to the old country. Then in what seemed an instant, the sky turned black; a TWISTER ripped your HOUSE into the sky and dropped you down outside a glittering PALACE. Luckily your house crushed a MONSTER. What an EVENT! Was it all a dream?	Repointed	Repointed	playerNDeck
Repointed_RP128	Plan 9 (RP)	mythos/repointed/Mythos-Repointed-Plan9RP.jpg	default	Adventure	Mythos Experience		7	2													U	Here you are a world-famous actor, and all your agent can get you is a B-MOVIE SCRIPT. You've seen this plot before in a dime-store TOME: the SCIENTIST or PROFESSOR invents a goofy-looking TIME MACHINE, which spews forth a shaggy MONSTER. The monster runs rampant, using its hypnotic abilities to ENTHRALL VICTIMS across the world (3 LOCATIONS in different subregions). Only Our Hero and his sidekick, TOODEE-6, can save humankind.	Repointed	Repointed	playerNDeck
Repointed_RP129	Questionable Judgement (RP)	mythos/repointed/Mythos-Repointed-QuestionableJudgementRP.jpg	default	Adventure	Mythos Experience		4	1													F	It all begain in a boring LIBRARY. All those books waiting to be sorted. There must be a better way� but wait � that must TOME (in a Language other than English). Wow, is it old! It reveals 2 GATE LOCATIONS (in different cities) where one can summon a MONSTER. The tome also contains a blasphemous SPELL, completing the training of a new CORRUPT CULTIST	Repointed	Repointed	playerNDeck
Repointed_RP130	Save The World! (RP)	mythos/repointed/Mythos-Repointed-SaveTheWorldRP.jpg	default	Adventure	Heroic Adventure		12	3													C	Following a MYTHOS EXPERIENCE, you spy an evil CORRUPT ALLY down by THE DOCKS loading an akward container onto a rusty TRAMP STEAMER. Stealing aboard, you search his cabin, finding 2 odd TOMES and the ORNE FORMULA & DIAGRAMS. Hide during the DAY. The ship finally anchors at an unknown ISLAND. At a clearing, you develop a PHOBIA from their weird chanting but, screaming, you end their unholy ritual with WEAPON blazing, slaying the foul CULTIST FROM THE PAST. Your quick ELDER SIGN seals the portal just as a GREAT OLD ONE or OUTER GOD begins to manifest. The world is saved... or is it?	Repointed	Repointed	playerNDeck
Repointed_RP131	Searching for Laban Shrewsbury (RP)	mythos/repointed/Mythos-Repointed-SearchingForLabanShrewsburyRP.jpg	default	Adventure	Heroic Adventure		9	3													F	A LETTER FROM A FRIEND reveals that noted explorer LABAN SHREWSBURY is missing. The ARKHAM POLICE DEPARTMENT has been notified, but Detective LUTHER HARDEN has had no luck in his search. He thinks Dr. Shrewsbury may have been captured by a HUNTING HORROR. After Harden gets his WEAPON, the search lasts into the EVENING before Dr. Shrewbury is found trapped in the OLD CONGREGATIONAL CHURCH	Repointed	Repointed	playerNDeck
Repointed_RP132	Secrets of the Silver Twilight (RP)	mythos/repointed/Mythos-Repointed-SecretsOfTheSilverTwilightRP.jpg	default	Adventure	Corrupt Adventure		4	2													U	The Silver Twilight demands that you find and translate a TOME (in a language that your Investigator does not know), and learn at least two SPELLS with different Icons. Come with 3 ALLIES to our SILVER TWILIGHT LODGE and, before JOHN SCOTT or CARL STANFORD, summon any Greater MONSTER. "You are now a member of the Silver Twilight Secret Society	Repointed	Repointed	playerNDeck
Repointed_RP133	Seeking Everlasting Life I (RP)	mythos/repointed/Mythos-Repointed-SeekingEverlastingLifeIRP.jpg	default	Adventure	Corrupt Adventure		3	1													U	After AN UNEXPECTED CALAMITY claims the life of a STEADFAST ALLY (who must be in your Story Deck), you become obsessed with your own mortality. Ignoring the sage advice of two STEADFAST ALLIES, you shun their company and instead fall in with a CORRUPT ALLY offering the secret of Everlasting Life. He reveals the existence of this exclusive goal by showing you a TOME that bears the Skull icon. Here you discover the RESURRECTION spell. Your dream is possible! Your goal is within reach! (to be continued...)	Repointed	Repointed	playerNDeck
Repointed_RP134	Seeking Everlasting Life II (RP)	mythos/repointed/Mythos-Repointed-SeekingEverlastingLifeIIRP.jpg	default	Adventure	Corrupt Adventure		8	3													U	After completing the SEEKING EVERLASTING LIFE I Adventure, you must now find a greater teacher (and more dangerous knowledge). Knowing the RESURRECTION spell now find a GRECIAN LEKYTHOS containing the "essential saltes" of an ancient magus, and successfully use the spell and artifact to RESURRECT A CULTIST FROM THE PAST during the NEW MOON. He reveals that you will find everlasting life only by devoting yourself utterly to a GREAT OLD ONE or OUTER GOD	Repointed	Repointed	playerNDeck
Repointed_RP135	Summon Great Cthulhu (RP)	mythos/repointed/Mythos-Repointed-SummonGreatCthulhuRP.jpg	default	Adventure	Corrupt Adventure		14	5													R	In seeking ultimate power one sometimes finds ultimate power. As a member of a SECRET SOCIETY, you must gather 3 pieces of the  R'LYEH DISK. Then, TRAVEL to the lost island of R'LYEH. By the light of the WAXING MOON invoke CTHULHU with your monstrous chant.( You must play this Adventure card while CTHULHU is in play. "From this moment on, discard or bury the CTHULHU card as a result of card play only.	Repointed	Repointed	playerNDeck
Repointed_RP136	The Art of Magic (RP)	mythos/repointed/Mythos-Repointed-TheArtOfMagicRP.jpg	default	Adventure	Corrupt Adventure		4	1													U	Learning the Art of Magic is not simple. You must visit a LIBRARY, a SITE, and a COUNTRY GATE LOCATION to gain knowledge. Meet with 2 ALLIES that are either Spiritualists, Occultists, Priests, or Dreamers. Only then will you be able to translate a TOME with a Dream Icon, and learn a SPELL.	Repointed	Repointed	playerNDeck
Repointed_RP137	The Auction (RP)	mythos/repointed/Mythos-Repointed-TheAuctionRP.jpg	default	Adventure	Mythos Experience		7	2													U	Auctions are frequently good places to find extraordinary bargains for extraordinary items. Beginning in any CITY LOCATION  in Lovecraft Country, travel to THE AUCTION HOUSE in Vienna, Austria. Before the auction begins, find THIEVES IN THE ATTIC, and have a POLICE INVESTIGATION. Then, bid for an ARTIFACT or TOME that costs you 2 Sanity Points. Bring the item back to a second, different, CITY LOCATION in Lovecraft Country	Repointed	Repointed	playerNDeck
Repointed_RP138	The Cruise (RP)	mythos/repointed/Mythos-Repointed-TheCruiseRP.jpg	default	Adventure	Mythos Experience		5	2													U	Begin in a CITY/WATER LOCATION, you TRAVEL BY SEA to an ISLAND and there speak with the STEADFAST CHIEF. Then, braving a storm, again TRAVEL BY SEA as you return to a different City Location.	Repointed	Repointed	playerNDeck
Repointed_RP139	The Curious Parcel (RP)	mythos/repointed/Mythos-Repointed-TheCuriousParcelRP.jpg	default	Adventure	Mythos Experience		4	1													C	Old, eccentric Uncle Eliott has done it this time. Now he's disappeared, and is presumed dead by the authorities. But wait... a package today has been delivered to you! Find a TOME in a language other than English. Learn at least ONE SPELL in that Tome. Travel to a LIBRARY, a CEMETERY, and a GATE LOCATION (3 different locations). Finally meet 2 ALLIES that are either Authors, Scholars, Professors, or Artists.	Repointed	Repointed	playerNDeck
Repointed_RP140	The Dunwich Horror (RP)	mythos/repointed/Mythos-Repointed-TheDunwichHorrorRP.jpg	default	Adventure	Heroic Adventure		15	5													R	Something is amiss in Dunwich. Accompanied by the PROFESSOR you TRAVEL BY LAND to 2  different DUNWICH LOCATIONS. There you spot LAVINIA WHATELEY, OLD MAN WHATLEY, WILBUR WHATELEY, and the SON OF YOG-SOTHOTH on SENTINEL HILL during the FULL MOON. Things have gone too far! You recover the NECRONOMICON and flee with it back to MISCATONIC UNIVERSITY.	Repointed	Repointed	playerNDeck
Repointed_RP141	The Expedition (RP)	mythos/repointed/Mythos-Repointed-TheExpeditionRP.jpg	default	Adventure	Heroic Adventure		8	2													U	When you left this MISCATONIC UNIVERSITY Location with your 2 ALLIES, you dreamt only of the glory of exploration. What you found however, was a harrowing voyage of TRAVEL BY SEA, a STORM of suprising strength, the UNEXPECTED CALAMITY of a SHIPWRECK, and the lost years in AMNESIA. Waking at a SITE, you discovered that wierd old TOME - the only possession you salvaged when forced to flee from THREE MONSTERS.	Repointed	Repointed	playerNDeck
Repointed_RP142	The Gathering (RP)	mythos/repointed/Mythos-Repointed-TheGatheringRP.jpg	default	Adventure	Heroic Adventure		6	2													C	Before any great quest, there must first come a gathering of forces. To unite your companions, the CHIEF, the PRIEST, the MERCHANT, and the DREAMER, you must journey to 3 LOCATIONS in different cities, towns or villages. To equip yourself, you must find your destined WEAPON and the ACCOUTERMENTS OF HEROES. Finally, to purify yourself, you must visit a holy place (a CHURCH or a TEMPLE). You are ready... (When this card is played, you may take any one Chief, Priest, Merchant, or Dreamer from your Story Deck and return it to play.)	Repointed	Repointed	playerNDeck
Repointed_RP143	The Great Epidemic (RP)	mythos/repointed/Mythos-Repointed-TheGreatEpidemicRP.jpg	default	Adventure	Heroic Adventure		9	2													R	That year, a terrible plague fell on Arkham. Assisting the DOCTOR, you struggle 3 DAYS against the worst TYPHOID EPIDEMIC in memory. You marvel at the skill of one student in particular, HERBERT WEST, who works tirelessly, often late into the NIGHT. Many in town die, including the DOCTOR (he must be in your Story Deck). Later, a mad ZOMBIE-thing runs amok and kills several people. It is now incarcerated at a SANITARIUM	Repointed	Repointed	playerNDeck
Repointed_RP144	The Hero's Journey (RP)	mythos/repointed/Mythos-Repointed-TheHerosJourneyRP.jpg	default	Adventure	Heroic Adventure		6	2													U	After THE GATHERING, your heroic journey can begin. You travel extensively, using 2 TRAVEL EVENTS, to track the evil that lies across the land. You even descend to the UNDERWORLD LOCATION. From this realm of death you return reborn, emerging at any non-Underworld LOCATION. Finally, finding the evil that plagues the land (any GREAT OLD ONE or OUTER GOD), you dispatch it! A new DAY dawns... (When this card is played, Bury all Great Old Ones and Outer Gods currently in play. Then gain the Sanity bonus for playing this card.)	Repointed	Repointed	playerNDeck
Repointed_RP145	The Interesting Shop (RP)	mythos/repointed/Mythos-Repointed-TheInterestingShopRP.jpg	default	Adventure	Mythos Experience		3	1													C	Spend the day  searching for that just-right knick-knack to adorn your HOUSE. Visit 3 different BUSINESS/ARTIFACT or BUSINESS/TOME LOCATIONS and find an (ARTIFACT or TOME)  that costs Sanity.	Repointed	Repointed	playerNDeck
Repointed_RP146	The Meow Ceremony (RP)	mythos/repointed/Mythos-Repointed-TheMeowCeremonyRP.jpg	default	Adventure	Heroic Adventure		9	3													C	Catastrophe! Who's been killing the CATS OF ULTHAR? Who left that corpse at THE MARKET-PLACE, or the other at THE WHITE WHALE INN? Is it the hated CAT FROM SATURN, as some suggest? The CAT CHIEFTAN calls a meeting of all cats, and they converge upon the HOVEL OF THE CAT HATERS, putting an end to this horror with the PETITION OF MENES.	Repointed	Repointed	playerNDeck
Repointed_RP147	The Mystery at Martin's Beach (RP)	mythos/repointed/Mythos-Repointed-TheMysteryAtMartinsBeachRP.jpg	default	Adventure	Mythos Experience		9	3													F	There is a big party for a STEADFAST ALLY at MARTIN'S BEACH, but it ends in horror when THE MARTIN'S BEACH MONSTER rises from the bowels of the sea. All those present develop a terrible PHOBIA. They must now regularly take DR HAMMOND'S NERVE & BRAIN TABLETS to stop their nightmares of CTHULHU RISING	Repointed	Repointed	playerNDeck
Repointed_RP148	The Outsider (RP)	mythos/repointed/Mythos-Repointed-TheOutsiderRP.jpg	default	Adventure	Heroic Adventure		6	2													R	A eerie CORRUPT CULTIST moved into the HOUSE with a Gate at the edge of town. You spied him hauling 3 ARTIFACTS or TOMES into the storied place by the light of the WAXING MOON. Rushing back to the BUSINESS, the TOWNSFOLK RIOT in response to your warning, interrupting his foul ritual IN THE NICK OF TIME	Repointed	Repointed	playerNDeck
Repointed_RP149	The Price (RP)	mythos/repointed/Mythos-Repointed-ThePriceRP.jpg	default	Adventure	Corrupt Adventure		10	3													F	By summoning a SERVITOR MONSTER, a CORRUPT CULTIST captures a STEADFAST ALLY from a KINSGPORT LOCATION. Taking him to dark N'KAI, the Cultist uses an ENCHANTED KNIFE for his unspeakable ceremony. From the smoke of burning incense, ancient TULZSCHA is brought forth.	Repointed	Repointed	playerNDeck
Repointed_RP150	The Royal Geographic Society (RP)	mythos/repointed/Mythos-Repointed-TheRoyalGeographicSocietyRP.jpg	default	Adventure	Heroic Adventure		8	2													U	Tell us tales of (one Location each) a Lovecraft Country SITE, a LOCATION in Europe with Catacombs in its Title, and a LOCATION in the Middle East with Tomb in its title.  We expect your circle of friends to include  AUTHORS, ARTISTS, a SCHOLAR or PROFESSOR, and an INVENTOR or EXPLORER (4 total ALLIES). Your fine gift to our humble Lodge of a scandalously dangerous ARTIFACT or TOME costing at least 1 Sanity point only proves your generosity. Welcome to the Society!	Repointed	Repointed	playerNDeck
Repointed_RP151	The Secret of Power & Glory is Yours (RP)	mythos/repointed/Mythos-Repointed-TheSecretOfPowerGloryIsYoursRP.jpg	default	Adventure	Mythos Experience		4	2													U	If one is diligent and discovers the proper sources of knowledge, one can learn to master the universe. But you can only achieve your goal if you study and travel the world. Visit 5 different GATE LOCATIONS. Find a TOME of forbidden knowledge featuring the EYE ICON. Find an ALLY that costs you Sanity	Repointed	Repointed	playerNDeck
Repointed_RP152	The Sorcerer's Apprentice (RP)	mythos/repointed/Mythos-Repointed-TheSorcerersApprenticeRP.jpg	default	Adventure	Fantastic Dream		12	3													R	You should never have messed with the Master's TOME (in Hyperborean)! How could you know that the SPELL would sweep you away to THE ENCHANTED WOOD? You may never have escaped those dancing mushrooms if the pink ELEPHANT CARAVAN hadn't shown up. Just when you thought you were safe, tittering NIGHTGAUNTS carried you off to the PEAKS OF THOK. There a giant demon reveled amongst the flames threatening a nearby TOWN. If it were not for the monks of the TEMPLE OF LOVELINESS you would never again have seen the light of DAY.	Repointed	Repointed	playerNDeck
Repointed_RP153	The Strange Case Of Charles Fort (RP)	mythos/repointed/Mythos-Repointed-TheStrangeCaseOfCharlesFortRP.jpg	default	Adventure	Heroic Adventure		9	3													R	Working with a PROFESSOR or INVENTOR, you uncover disturbing correlations between certain celestial phenomena (ALDEBARAN MOVES IN THE SKY, the FULL MOON, and an ECLIPSE) and earthly disasters including EARTHQUAKE, STORM, and DROUGHT. Field work takes you to 2 LOCATIONS in  different Regions.	Repointed	Repointed	playerNDeck
Repointed_RP154	The Temple (RP)	mythos/repointed/Mythos-Repointed-TheTempleRP.jpg	default	Adventure	Mythos Experience		8	3													U	The legend of Lost Atlantis thrive in every culture. Behind every legend, however, lies a kernel of truth. TRAVEL UNDERWATER (U-BOAT) from any WATER LOCATION to the LOST TEMPLE OF ATLANTIS, using the DISC OF THE HYADES to find your way. Go to the Temple, and find a TOME. Then, return to a different WATER LOCATION	Repointed	Repointed	playerNDeck
Repointed_RP155	The Theron Marks Society (RP)	mythos/repointed/Mythos-Repointed-TheTheronMarksSocietyRP.jpg	default	Adventure	Heroic Adventure		3	1													U	You are not alone. The Theron-Marks Society believes your wild stories of a MONSTER. We'll help you take care of that PHOBIA, as well. Our members will examine that odd TOME (in a Langugate your Investigator does not know) with that supposed SPELL that you found in the COUNTRY HOUSE. When you are feeling better, you and those TWO STEADFAST ALLIES are welcome to return as proud members of the Theron-Marks Society. One final thing - bring a WEAPON	Repointed	Repointed	playerNDeck
Repointed_RP156	Today's Tabloid Headlines (RP)	mythos/repointed/Mythos-Repointed-TodaysTabloidHeadlinesRP.jpg	default	Adventure	Mythos Experience		8	3													U	Mysterious CROP CIRCLES Reveal Cancer Cure! Alien UFO Secretly Held at AREA 51! POLICE DETECTIVE Escapes Gruesome ALIEN ABDUCTION! Experimental ANTI-GRAVITY HARNESS Fails Secret Government Test. Alien Spacecraft Destroyed In Midair - 2 BUSINESSES Burned By Fallen Wreckage!	Repointed	Repointed	playerNDeck
Repointed_RP157	Two Cities and a Tale (RP)	mythos/repointed/Mythos-Repointed-TwoCitiesAndATaleRP.jpg	default	Adventure	Mythos Experience		4	1													F	The journey began in a KINGSPORT LOCATION. From there, the TRAIN allowed passage to a NEW YORK Location where MRS SONIA LOVECRAFT introduced you to the famous AUTHOR. The evening was spent listening to his fascinating MONSTER stories. How could he make it all up?	Repointed	Repointed	playerNDeck
Repointed_RP158	With Neighbours Like These�  (RP)	mythos/repointed/Mythos-Repointed-WithNeighboursLikeTheseRP.jpg	default	Adventure	Mythos Experience		10	3													C	You saw trouble coming when those folk moved into the HOUSE next door, from some odd COUNTRY LOCATION. The TELEVISION constantly blares, the eldest kid sawed through your fence with a CHAINSAW, and the young one built a homemade FRAGMENTATION GRENADE. The parents are nothing but T.V. ZOMBIES. You asked for a POLICE INVESTIGATION but when the husband found out he got his gun and began GOING POSTAL. Now, you learn that a GOVERNMENT agency is investigating you!	Repointed	Repointed	playerNDeck
Repointed_RP159	Your First Big Story (RP)	mythos/repointed/Mythos-Repointed-YourFirstBigStoryRP.jpg	default	Adventure	Mythos Experience		5	2													C	The local newspaper wants your story! To get this story published, you must include the following elements that show a disturbing trend: search for evidence in 3 GATE LOCATIONS located in tree different Cities or Towns or Villages; have known an ALLY that costs you Sanity; discover a TOME or ARTIFACT as evidence, and get back to a PRESS LOCATION while it is DAY.	Repointed	Repointed	playerNDeck
Repointed_RP160	Yuggoth Attacks! (RP)	mythos/repointed/Mythos-Repointed-YuggothAttacksRP.jpg	default	Adventure	Quest		15	5													R	Like a SWARM OF INSECTS your hunting party of at least 2 different MI-GO landed near the naked ape settlement (TOWN or VILLAGE). The apes and their FAITHFUL HOUNDS put up a serious fight at the CHURCH, but were no match for your blazing rayguns (ENCHANTED WEAPON). The ape you captured, whose mind is now trapped in you MI-GO BRAINCASE, faces his worst NIGHTMARE and will fetch a high price back on YUGGOTH!	Repointed	Repointed	playerNDeck
Scooby_Scooby101	A Tiki Scare Is No Fair	mythos/scooby/Mythos-Scooby-ATikiScareIsNoFair.jpg	default	Adventure	Scooby Experience		11	4														While vacationing in HAWAII, the gang was enjoying the local luau and dancing at the PINEAPPLE PARLOUR. Unfortunately, the part awoke the spirit of Mano Tiki Tia, and they were given a GHOSTLY WARNING to leave. The gang headed to the HAUNTED TIKI VILLAGE, to learn more about Mano Tiki Tia. The searched the WITCHDOCTOR'S HAUNTED HUT, and surrounding area. The WITCHDOCTOR showed up to chase them, but they gang found a HIDING SPOT and were able to SET A TRAP for the MONSTER.	Scooby	Scooby	playerNDeck
Scooby_Scooby102	Decoy For A Dognapper	mythos/scooby/Mythos-Scooby-DecoyForADognapper.jpg	default	Adventure	Scooby Experience		8	2													C	While at the local HANGOUT, the gang (at least 2 MEDDLING ALLIES) learns of several DOG nappings. After following A CLUE, the trial led straight into an ancient CLIFFSIDE VILLAGE in the COUNTRY. In the middle of searching through an old SACRED INDIAN ALTAR, the gang was suddenly surprised by a GHOST SHAMAN. After escaping they were lucky to DISCOVER A SECRET STASH. What the gang found was a plot by two criminals (2 CORRUPT ALLIES) to kidnap show dogs to righ an international dog sho	Scooby	Scooby	playerNDeck
Scooby_Scooby103	Don't Fool With A Phantom	mythos/scooby/Mythos-Scooby-DontFoolWithAPhantom.jpg	default	Adventure	Scooby Experience		6	3													C	The gane was at a dance party when all of a sudden, THE WAX PHANTOM appeared. Afterwards it's discovered that the general manager and good FRIEND of the gang has been kidnapped. Following a hunch, VELMA, suggests that they check out OLD MAN GRISBY, a war figure maker who was fired by the station years ago and vowed revenge. When they met him at his HOUSE, the claimed that he created the creature at his WAX WORKS in the basement of the WAX MUSUEM with the help of an ancient SPELL.	Scooby	Scooby	playerNDeck
Scooby_Scooby104	Malt Shop Shock Hop	mythos/scooby/Mythos-Scooby-MaltShopShockHop.jpg	default	Adventure	Scooby Experience		6	2													C	it's Saturday NIGHT and you're at the local HANGOUT with the rest of the gang (at leas 2 MEDDLING ALLIES). Someone starts telling a spooky story, when the lights go out. ZOINKS!, It's a MONSTER. As it approaches a CHASE SCENE ensures. Luckily you SET A TRAP, and save the DAY. With a job well done, it's time for a triple deck pastrami on rye with peanut butter, bananas and mustard to hit the spot...	Scooby	Scooby	playerNDeck
Scooby_Scooby105	Mystery Mask Mixup	mythos/scooby/Mythos-Scooby-MysteryMaskMixup.jpg	default	Adventure	Scooby Experience		6	2													C	While hanging out in Chinatown, DAPHNE, stepped into a local BUSINESS and purchased an old ARTIFACT. On the trip home, the gane awas stopped by a couple of MONSTERS (2 Different cards) who demanded an old mask the gang baught. After ditching the two goons, they stopped by a local art dealer who claimed the item was THE MASK OF ZEN TUO, and the GHOST OF ZEN TUO would stop at nothing to get it  back. But after some investigating, the gane discovered that the goons chasing them were art thieves who had the fask mask sent to the curio shop by mistake.	Scooby	Scooby	playerNDeck
Scooby_Scooby106	Scooby Doo And A Mummy Too	mythos/scooby/Mythos-Scooby-ScoobyDooAndAMummyToo.jpg	default	Adventure	Scooby Experience		11	3														SCOOBY and the gang (at least 2 other MEDDLING ALLIES) were visiting their SCHOLAR friend at the DEPARTMETN OF ARCHEOLOGY. The MUSUEM was displaying a new MUMMY and the rare COIN OF ANKH. While at the local MALT SHOP, the gane heard aboue a break in and sighting of a MONSTER over at the UNIVERSITY and rushed over to investigate. After find a TOME and a SPELL, the gang pieced together that the MUMMY was really DR. NAJIB dressed up, and that he wanted the priceless ARTIFACT to himself	Scooby	Scooby	playerNDeck
Scooby_Scooby107	The 13 Ghosts Of Scooby Doo	mythos/scooby/Mythos-Scooby-The13GhostsOfScoobyDoo.jpg	default	Adventure	Scooby Experience		7	2														You and a STEADFAST ACTOR or ACTRESS accidentally set free a bakers dozen of undead nasties. Now you have to hunt them down. (13 Points with of LIVING DEAD MONSTES), in your story deck. Travelling to a SITE, some RUINS, a CEMETARY and even an UNDERGROUND LOCATION (4 DIFFERENT CARDS), you eventually get them all CAPTURED and stored inside of a special ARTIFACT. Whew, maybe next time you won't knock voer that deceased wizard's urn...	Scooby	Scooby	playerNDeck
Scooby_Scooby108	The Grusome Game Of The Gator Ghoul	mythos/scooby/Mythos-Scooby-TheGrusomeGameOfTheGatorGhoul.jpg	default	Adventure	Scooby Experience		8	2														While visiting with MA & PA KETTLE, at the SKILLET SHOWBOATD, the gane (at least 3 MEDDLINGS ALLIES) learned that most of the staff were scared away by THE GATOR GHOUL, a hideous demon infesting the nearby Hokeyfenoke Swamp. The gang stumbled upon some INCRIMINATING EVIDENCE while looking through SAM STINGEY'S CABIN, the janitor at the showboat. Looks like the monster was none other that a disgruntley employee (CORRUPT ALLEY) who had plans on stealing he recipe of rhte Kettle's famous FENOKE FIZZ soda.	Scooby	Scooby	playerNDeck
Scooby_Scooby109	Watch Out! The Willowaw!	mythos/scooby/Mythos-Scooby-WatchOutTheWillowaw.jpg	default	Adventure	Scooby Experience		8	2														Relaxing at UNCLE DAVE'S CABIN was fun, until the gane (at least 2 MEDDLING ALLIES) were surprised by a large creature flying through the night skies. A local indian RED HERON told of the of THEWILLOWAWm who would snatch you up if an owl ever hooted your name. Returning home, the gang found the cabin RANSACKED, and Velma's uncle missing. Heading out to INDIAN PICTURE ROCK at NIGHT, the gang stumbled upon a cache of stolen goods in PICTURE ROCK CAVE. Seems that some thieves used the legend to scare people away.	Scooby	Scooby	playerNDeck
Scooby_Scooby110	What A Night For A Knight	mythos/scooby/Mythos-Scooby-WhatANightForAKnight.jpg	default	Adventure	Scooby Experience		7	2														While driving along in the MYSTERY MACINE, the gang (at least 3 MEDDLING ALLIES) came upon a truck on the side of the road. It carried a large box with the adress to a local MUSEUM and was made out to a PROFESSOR HYDE-WHITE. The gang learned that the professor was missing as was the contents of the box, THE BLACK KNIGHT. During the NIGHT, the gang slipped in through the BACK DOOR, and searched the museum. Upon finding the MUSEUM SECRET ROOM, they knew that the culprit was PROFESSOR WICKLES.	Scooby	Scooby	playerNDeck
Scooby_Scooby111	Which Witch is Which?	mythos/scooby/Mythos-Scooby-WhichWitchIsWhich.jpg	default	Adventure	Scooby Experience		6	2														Taking a back road through an old bayou, the gane almost run over a ZOMBIE that was on the road. When at a local BUSINESS to get directions back to the highway, they learn the monster is under the control of a witch.  After a trip to ZEB PERKINS Place, it is discovered that he and another man are missing. Continuing on to the OLD WITCH's SHACK, VOODOO DOLLS are found! The trail leads down to a DERELICT RIVERBOAT where the truth is revealed! The two spooks are really Zeb and Zeke, who were searching for a lost treasure.	Scooby	Scooby	playerNDeck
Scooby_Scooby201	Alexander Cabot III	mythos/scooby/Mythos-Scooby-AlexanderCabotIII.jpg	default	Ally	Steadfast Musician & manager	English	1				New Aeon		Scooby Doo Country									Join's with any Musician Allies	Scooby	Scooby	playerNDeck
Scooby_Scooby202	Big Ben	mythos/scooby/Mythos-Scooby-BigBen.jpg	default	Ally	Steadfast Gentleman	English	2	1					Scooby Doo Country										Scooby	Scooby	playerNDeck
Scooby_Scooby203	Coast Guard Officer	mythos/scooby/Mythos-Scooby-CoastGuardOfficer.jpg	default	Ally	Steadfast Police Detective	English	2				New Aeon		Any Water									Protection from Police Investigations. You may choose to Bury this card to cause an opponent to Bury a Travel By Sea Event at the moment it is played. May plat Coast Guard Officer immediately when you play any Travel By Sea Event.	Scooby	Scooby	playerNDeck
Scooby_Scooby204	Daphne Blake	mythos/scooby/Mythos-Scooby-DaphneBlake.jpg	default	Ally	Meddling Adventurer	English	1			Unique	New Aeon		Any City									Joins Meddling Allies	Scooby	Scooby	playerNDeck
Scooby_Scooby205	Davy Jones	mythos/scooby/Mythos-Scooby-DavyJones.jpg	default	Ally	Steadfast Musician & Actor	English & French	1				New Aeon		Scooby Doo Country									Whiile at an Inside Water Location, Bury Davy Jones to cause an opponent to Bury a random monster in their threat. Joins with any Musician Allies.	Scooby	Scooby	playerNDeck
Scooby_Scooby206	Dick Van Dyke	mythos/scooby/Mythos-Scooby-DickVanDyke.jpg	default	Ally	Steadfast Actor	English	1				New Aeon		Scooby Doo Country									At the moment you arrive at any Country Gate Location, you may immediately play this card.	Scooby	Scooby	playerNDeck
Scooby_Scooby207	Don Knotts	mythos/scooby/Mythos-Scooby-DonKnotts.jpg	default	Ally	Steadfast Actor	English	1			Unique	New Aeon		Any Hangout									Flip this card face-down to draw a new card from the top of your Mythos deck.	Scooby	Scooby	playerNDeck
Scooby_Scooby208	Dr. Najob	mythos/scooby/Mythos-Scooby-DrNajob.jpg	default	Ally	Corrupt Scholar	Arabic & English	2			Unique	New Aeon		Any Artifact									Use Dr. Najib to steal a random artifact (cause it to be discarded) from an opponent, then discard Dr. Najob	Scooby	Scooby	playerNDeck
Scooby_Scooby209	Fred Jones	mythos/scooby/Mythos-Scooby-FredJones.jpg	default	Ally	Meddlings Adventurer	English	2			Unique	New Aeon		Any City									As long as Fred is chosen as a defending Ally, he raises the card value of all other Meddling defending Allies by one point. Not cumulative with another Ally's Command Ability. Joins Meddling Allies	Scooby	Scooby	playerNDeck
Scooby_Scooby210	Harlem Globetrotters	mythos/scooby/Mythos-Scooby-HarlemGlobetrotters.jpg	default	Ally	Steadfast Athletes	English	3				New Aeon		Any Hangout										Scooby	Scooby	playerNDeck
Scooby_Scooby211	Johnny Briggs	mythos/scooby/Mythos-Scooby-JohnnyBriggs.jpg	default	Ally	Steadfast Worker	English	2				New Aeon		Scooby Doo Country										Scooby	Scooby	playerNDeck
Scooby_Scooby212	Local Deputy	mythos/scooby/Mythos-Scooby-LocalDeputy.jpg	default	Ally	Steadfast Police Detective	English	2						Scooby Doo Country									Protection from Police Investigation and cards that cause you to lose Artifacts and Tomes. At the moment you would lose an Artifact or Tome, you may choose to Bury this card instead. Your opponent must ten Bury his or her card.	Scooby	Scooby	playerNDeck
Scooby_Scooby213	Local Sheriff	mythos/scooby/Mythos-Scooby-LocalSheriff.jpg	default	Ally	Steadfast Police Detective	English	2						Scooby Doo Country									Protection from Police Investigation and cards that cause you to lose Artifacts and Tomes. At the moment you would lose an Artifact or Tome, you may choose to Bury this card instead. Your opponent must ten Bury his or her card.	Scooby	Scooby	playerNDeck
Scooby_Scooby214	Ma & Pa Kettle	mythos/scooby/Mythos-Scooby-MaPaKettle.jpg	default	Ally	Steadfast Friends	English	4			Unique	New Aeon		Scooby Doo Country										Scooby	Scooby	playerNDeck
Scooby_Scooby215	Madame Zokar	mythos/scooby/Mythos-Scooby-MadameZokar.jpg	default	Ally	Corrupt Dreamer & Occultist	English	1			Unique			Scooby Doo Country									Can know any one Spell. When Speel is cast you may choose to Flip the Spell face-down and pay it's sanity cost instead of Burying it.	Scooby	Scooby	playerNDeck
Scooby_Scooby216	Mr. Chi	mythos/scooby/Mythos-Scooby-MrChi.jpg	default	Ally	Steadfast Friends	Chineese & English	2	1					Any Site									Play in either Waking World or New Aeon. You may remain with Mr. Chi for one turn at any Site and Bury one Phobia	Scooby	Scooby	playerNDeck
Scooby_Scooby217	Mr. Creeps	mythos/scooby/Mythos-Scooby-MrCreeps.jpg	default	Ally	Corrupt Gentleman	English	2	-1		Unique			Scooby Doo Country									Protection from Frivolous Lawsuit	Scooby	Scooby	playerNDeck
Scooby_Scooby218	Mr. Hyde	mythos/scooby/Mythos-Scooby-MrHyde.jpg	default	Ally	Corrupt Cultist	English & Latin	2	-1			New Aeon		Scooby Doo Country									To play this card you must also Bury Dr. Jekyll: You may not play Dr. Jekyll while you have Mr. Hyde in play. Flip this card face-down to cause an opponent to flip a random Artifact.	Scooby	Scooby	playerNDeck
Scooby_Scooby219	Norville 'Shaggy' Rogers	mythos/scooby/Mythos-Scooby-NorvilleShaggyRogers.jpg	default	Ally	Meddling Adventurer	English	1			Unique			Any City									Add 1 point to the value of this card while you have Scooby-Doo in Play. Joins Meddling Allies.	Scooby	Scooby	playerNDeck
Scooby_Scooby220	Old Gypsy Woman	mythos/scooby/Mythos-Scooby-OldGypsyWoman.jpg	default	Ally	Corrupt Dreamer	English	1	-1		Unique			Any Cemetary									Flip Old Gypsy Woman one per Round to gain a 13 second glance at any opponents Threat.	Scooby	Scooby	playerNDeck
Scooby_Scooby221	Old Man Grisby	mythos/scooby/Mythos-Scooby-OldManGrisby.jpg	default	Ally	Corrupt Cultist & Artist	English & German	2	-2		Unique	New Aeon		Scooby Doo Country									Bury Old Man Grisby to cause an opponent to Discard one random Meddling Ally.	Scooby	Scooby	playerNDeck
Scooby_Scooby222	Phyllis Diller	mythos/scooby/Mythos-Scooby-PhyllisDiller.jpg	default	Ally	Steadfast Actress	English	1				New Aeon		Any City									You may Bury Phyllis Diller instead of paying the Sanity cost for playing one Artifact.	Scooby	Scooby	playerNDeck
Scooby_Scooby223	Professoer Hyde- White	mythos/scooby/Mythos-Scooby-ProfessoerHydeWhite.jpg	default	Ally	Steadfast Scholar	English & Latin	2				New Aeon		Scooby Doo Country									You may Bury Professor Hyde-White intead of paying the Sanity cost for playing one Tome.	Scooby	Scooby	playerNDeck
Scooby_Scooby224	Professor of Archeology	mythos/scooby/Mythos-Scooby-ProfessorOfArcheology.jpg	default	Ally	Steadfast Professor	English & Glyphs	1	1			New Aeon		Scooby Doo Country									Bury this card if Dr. Najob is brought into play alongside any Investigator. Also, the Professor of Archeology is not turned Corrupt by cards that turn Allies Corrupt.	Scooby	Scooby	playerNDeck
Scooby_Scooby225	Professor Wickles	mythos/scooby/Mythos-Scooby-ProfessorWickles.jpg	default	Ally	Corrupt Professor	English & Arabic	1	-1			New Aeon		Scooby Doo Country									Flip Professor Wickles to cause an opponent to Flip a random Weapon	Scooby	Scooby	playerNDeck
Scooby_Scooby226	Red Heron	mythos/scooby/Mythos-Scooby-RedHeron.jpg	default	Ally	Steadfast Chief	English	2						Scooby Doo Country									While this card is in play, add one to the Maximum number of cards that you may keep in your Hand. Cummulative with other Allies that raise your Maximum.	Scooby	Scooby	playerNDeck
Scooby_Scooby227	Sandy Duncan	mythos/scooby/Mythos-Scooby-SandyDuncan.jpg	default	Ally	Steadfast Actress	English	1	1			New Aeon		Scooby Doo Country									While at an Outside Location, you may Discard Sandy to gain 2 additional Sanity Points. Additionally, all Players must reveal the top card of their Mythos Deck. If card revealed is an Artist or Musician Ally, it immediately comes into play around Owners Investigator regardless of any requirements. Otherwise, Discard it.	Scooby	Scooby	playerNDeck
Scooby_Scooby228	Scooby Dee	mythos/scooby/Mythos-Scooby-ScoobyDee.jpg	default	Ally	Steadfast Dog & Friend	English	1	1		Unique	New Aeon		Scooby Doo Country									Draw one additional card a the beginning of each Round while Scooby Dee is in play. Not cummulative with other cads that allow you to increase Hand Size.	Scooby	Scooby	playerNDeck
Scooby_Scooby229	Scooby Doo	mythos/scooby/Mythos-Scooby-ScoobyDoo.jpg	default	Ally	Meddling Dog	English	2			Unique	New Aeon		Any City									Add 1 point to the value of this card while you have Norville 'Shaggy' Rogers in play. Additionally, add 1 point to the value o this card if Scooby Snacks accompanies Scooby-Doo. Can not be given weapons. Joins Meddling Alies.	Scooby	Scooby	playerNDeck
Scooby_Scooby230	Scooby Dum	mythos/scooby/Mythos-Scooby-ScoobyDum.jpg	default	Ally	Steadfast Dog & Friend	english	2			Unique	New Aeon		Scooby Doo Country									Bury Scooby Dum to add the value of this card including any bonuses to your Investigator's Sanity.	Scooby	Scooby	playerNDeck
Scooby_Scooby231	The Butler	mythos/scooby/Mythos-Scooby-TheButler.jpg	default	Ally	Corrupt Gentleman	English	2	-1					Any City										Scooby	Scooby	playerNDeck
Scooby_Scooby232	Uncle Nathaniel Rogers	mythos/scooby/Mythos-Scooby-UncleNathanielRogers.jpg	default	Ally	Steadfast Gentleman	English	1				New Aeon		Scooby Doo Country									Add 2 points to the value of this card while Norville 'Shaggy' Rogers or Scooby-Doo is in Play.	Scooby	Scooby	playerNDeck
Scooby_Scooby233	Velma Dinkley	mythos/scooby/Mythos-Scooby-VelmaDinkley.jpg	default	Ally	Meddling Adventurer	English & Chineese	1			Unique	New Aeon		Any City									Velma may server as any one card required to complete an Adventure. Discard her when this special ability is used. Joins Meddling Allies.	Scooby	Scooby	playerNDeck
Scooby_Scooby301	Coin of Ankah	mythos/scooby/Mythos-Scooby-CoinOfAnkah.jpg	default	Artifact				-1														Flip this card to re-direct a directed therat to a random Investigator.	Scooby	Scooby	playerNDeck
Scooby_Scooby302	Diving Suit	mythos/scooby/Mythos-Scooby-DivingSuit.jpg	default	Artifact							New Aeon											Your Investigator and all Allies are able to Breathe Underwater while this card is in play.	Scooby	Scooby	playerNDeck
Scooby_Scooby303	Dynamite	mythos/scooby/Mythos-Scooby-Dynamite.jpg	default	Artifact	Weapon		6	-1														Add 6 points to Ally's value. One Weapon per Ally. If Ally is Buried also Bury this card. Discard both Dynamite and Ally after use in Combat.	Scooby	Scooby	playerNDeck
Scooby_Scooby304	Fenokee Fizz	mythos/scooby/Mythos-Scooby-FenokeeFizz.jpg	default	Artifact	Weapon		3	-1														Add 3 points to Ally's value. One Weapon per Ally. If Ally is Discarded or Buried, Fenokee Fizz suffers the same fate.	Scooby	Scooby	playerNDeck
Scooby_Scooby305	Funky Fritter Batter	mythos/scooby/Mythos-Scooby-FunkyFritterBatter.jpg	default	Artifact	Weapon		2	-1														Add 2 points to Ally's value. One Weapon per Ally. If Ally is Discarded or Buried, Funky Fritter Batter suffers the same fate.	Scooby	Scooby	playerNDeck
Scooby_Scooby306	Hypnotist's Coin	mythos/scooby/Mythos-Scooby-HypnotistsCoin.jpg	default	Artifact				-1														Costs 1 Sanity Point to use. Flip this card to cause Opponent to Flip all Steadfast Allies for the remainder of the Round. Allies with the Dreamer atrribute are not affected.	Scooby	Scooby	playerNDeck
Scooby_Scooby307	Kerosene Lamp	mythos/scooby/Mythos-Scooby-KeroseneLamp.jpg	default	Artifact																		While this card is in play, all Monsters in your Threat function as if it is Day. Durning Combat, Bury this card to Bury one Monaster in a Directed Threat facing your Investigator.	Scooby	Scooby	playerNDeck
Scooby_Scooby308	Magic Carpet	mythos/scooby/Mythos-Scooby-MagicCarpet.jpg	default	Artifact				-1		Unique												Costs 1 Sanity Point to use. Flip this card to play a new Location card in the same Dimension, right-side up, regardless of any Travel requirements. Permits Travel between Regions, Islands and Exotic Locations, but not Underwater Locations.	Scooby	Scooby	playerNDeck
Scooby_Scooby309	Map	mythos/scooby/Mythos-Scooby-Map.jpg	default	Artifact																		Flip this card to immediately play a new Location from the same Region right side-up on top of your Story Deck.	Scooby	Scooby	playerNDeck
Scooby_Scooby310	Mask of Zen Tuo	mythos/scooby/Mythos-Scooby-MaskOfZenTuo.jpg	default	Artifact				-1		Unique	New Aeon											Add 1 point (cummulative) to the vale of each Monster in the same threat as Servants of Zen Tuo or Ghost of Zen Tuo.	Scooby	Scooby	playerNDeck
Scooby_Scooby311	Medicine	mythos/scooby/Mythos-Scooby-Medicine.jpg	default	Artifact				1		Unique												Discrd this card to avoid the effects of an Epidemic.	Scooby	Scooby	playerNDeck
Scooby_Scooby312	Mystery Machine	mythos/scooby/Mythos-Scooby-MysteryMachine.jpg	default	Artifact				1		Unique	New Aeon											Flip this card to immediately play a new Location from the same Region right side-up on top of your Story Deck.	Scooby	Scooby	playerNDeck
Scooby_Scooby313	Radar	mythos/scooby/Mythos-Scooby-Radar.jpg	default	Artifact							New Aeon											Costs 1 Sanity Point to use. Flip this card face-down to flip al cards in one opponent's Threat face-up.	Scooby	Scooby	playerNDeck
Scooby_Scooby314	Scooby Snacks	mythos/scooby/Mythos-Scooby-ScoobySnacks.jpg	default	Artifact				1			New Aeon											Place this Artifact on an Ally. Only 1 Scooby Snacks per Ally. Bury this card to give target Ally a temporary bonus of +2. Bury traget Ally only if they take their full card value in Sanity loss, including bonuses. Otherwise, return Ally to Investigator's side. If Ally holding Scooby Snacks is list, this card suffers the same fate.	Scooby	Scooby	playerNDeck
Scooby_Scooby315	Staff of Mano Tiki Tia	mythos/scooby/Mythos-Scooby-StaffOfManoTikiTia.jpg	default	Artifact	Enchanted Weapon		1	-1		Unique												Add 1 point to Ally's value. If Ally is Discard or Bured,  this weapon suffers the same fate. During the Artifacts Use phase of Combat. Discard this card to Discard an Opponent's Artifact or Tome.	Scooby	Scooby	playerNDeck
Scooby_Scooby316	The Talking Skull	mythos/scooby/Mythos-Scooby-TheTalkingSkull.jpg	default	Artifact				-2		Unique												Can know any one Spell. Bury Spell in your Story Deck after it is cast. Knows Arabic, Greek and Latin.	Scooby	Scooby	playerNDeck
Scooby_Scooby317	Time Machine	mythos/scooby/Mythos-Scooby-TimeMachine.jpg	default	Artifact				-1														Costs 1 Sanity point to use. Flip this card and walk to any Location (except Exotic) in another Dimension. If your new Location is in the same subregion as your Current Location, you may instead play it right-sde up.	Scooby	Scooby	playerNDeck
Scooby_Scooby318	Voodoo Dolls	mythos/scooby/Mythos-Scooby-VoodooDolls.jpg	default	Artifact				-1														Costs 1 Sanity to use. Choose one of the following. Flip this card to Flip a target Ally. Bury this card to Bury a target Ally. Discard this card to Discard target Ally.	Scooby	Scooby	playerNDeck
Scooby_Scooby401	A Clue	mythos/scooby/Mythos-Scooby-AClue.jpg	default	Event				4		Unique												When this card is played, subtract 1 from the Sanity Gain of this card for each Adventure card currently in play around your Investigator, then Bury this card.	Scooby	Scooby	playerNDeck
Scooby_Scooby402	Back Door	mythos/scooby/Mythos-Scooby-BackDoor.jpg	default	Event																		A Townsfolk Roit may not be played while this card is in play. Back Door remains in play for the remainder of the Round. Bury at the end of the Round or if you travel to a new Subregion or Dimension.	Scooby	Scooby	playerNDeck
Scooby_Scooby403	Captured	mythos/scooby/Mythos-Scooby-Captured.jpg	default	Event						Unique												Use a gate to play this card face-down to your Threat. When revealed, Skip the remainder of this Round's Combat. Go Directly to End of Round and Bury all Threats.	Scooby	Scooby	playerNDeck
Scooby_Scooby404	Car	mythos/scooby/Mythos-Scooby-Car.jpg	default	Event	Travel by Land						New Aeon											Play this card and immediately play a new Location in the same Region right-side up on top of your Story Deck.	Scooby	Scooby	playerNDeck
Scooby_Scooby405	Chase Scene	mythos/scooby/Mythos-Scooby-ChaseScene.jpg	default	Event																		Play this card on an existing threat. Bury car at end of round. When card is played, flip a coin. Heads: Threat goes after owner of Chase Scene. Tails: Threat goes after a player of Chase Scene's choosing, including original owner of Threat.	Scooby	Scooby	playerNDeck
Scooby_Scooby406	Discover Secret Stash	mythos/scooby/Mythos-Scooby-DiscoverSecretStash.jpg	default	Event				1														Immediately play an Artifact card regardless of current Location's attributes. Then, Bury this card.	Scooby	Scooby	playerNDeck
Scooby_Scooby407	Ghostyl Warning	mythos/scooby/Mythos-Scooby-GhostylWarning.jpg	default	Event																		Even if already Walking opponet must play a Travel Event or a new Location next Turn, or suffer an attack worth 5 points. Alies may defend. Then Bury this card.	Scooby	Scooby	playerNDeck
Scooby_Scooby408	Hiding Spot	mythos/scooby/Mythos-Scooby-HidingSpot.jpg	default	Event	Threat Event					Unique												Use a Gate to play this card face-down to your Threat. When revealed, cards in an opposing Directed Threat are immediately Buried. No Cosmic Battle occurs. Then, Bury this card.	Scooby	Scooby	playerNDeck
Scooby_Scooby409	Incriminating Evidence	mythos/scooby/Mythos-Scooby-IncriminatingEvidence.jpg	default	Event				-1		Unique												Opponent must Bury a random Tome when this card is played. Opponent my choose to Discard a random Corrupt Ally instead. Then, Bury this card.	Scooby	Scooby	playerNDeck
Scooby_Scooby410	Look Behind Your	mythos/scooby/Mythos-Scooby-LookBehindYour.jpg	default	Event																		A Random Monster in chosen opponent's Threat attacks their own Investigator! Allies may defend. Bury this card & target Monster.	Scooby	Scooby	playerNDeck
Scooby_Scooby411	Motor Scooter	mythos/scooby/Mythos-Scooby-MotorScooter.jpg	default	Event	Travel by Land																	Play this card and immediately play a new Location in the same Region right-side up on top of your Story Deck.	Scooby	Scooby	playerNDeck
Scooby_Scooby412	Mr Farmer Opens Fire	mythos/scooby/Mythos-Scooby-MrFarmerOpensFire.jpg	default	Event																		Bury opponent's Ally of up to 2 points (excluding the value of any Weapons). Then, Bury this card.	Scooby	Scooby	playerNDeck
Scooby_Scooby413	Mystery Machine	mythos/scooby/Mythos-Scooby-MysteryMachine-2.jpg	default	Event	Travel by Land																	Play this card and immediately play a new Location in the same Region right-side up on top of your Story Deck.	Scooby	Scooby	playerNDeck
Scooby_Scooby414	Oh No, My Glasses	mythos/scooby/Mythos-Scooby-OhNoMyGlasses.jpg	default	Event																		Flip target Ally. If it is Night, Target Investigator must remain in his or her current Location for the next Turn but may play cars other than a new Location card or Travel Event.	Scooby	Scooby	playerNDeck
Scooby_Scooby415	Pepping Portrait	mythos/scooby/Mythos-Scooby-PeppingPortrait.jpg	default	Event				-1														Play this card to take a 13 second glance at a number of cards on top of an Opponent's Mythos Deck equal to their investigator's Current Minimum. Then, Bury this card.	Scooby	Scooby	playerNDeck
Scooby_Scooby416	Ransacked	mythos/scooby/Mythos-Scooby-Ransacked.jpg	default	Event																		Opponent my not use Artifact or Tome attribute of Current Location. Bury this card when opponent plays a Travel Event or arrives at a new Location.	Scooby	Scooby	playerNDeck
Scooby_Scooby417	Set a Trap	mythos/scooby/Mythos-Scooby-SetATrap.jpg	default	Event				-1		Unique												Use a Gate  to play this card Face-Down to your Threat. When cards is revealed, targetted opponent reveals top card of their Mythos Deck. If it is a Monster, it attacks them immediately. Allies may defend, then Discard it. Discard any other card drawn.	Scooby	Scooby	playerNDeck
Scooby_Scooby418	Someone At the Window	mythos/scooby/Mythos-Scooby-SomeoneAtTheWindow.jpg	default	Event				-1														Take a 13 second glance at one opponent's hand, then Bury this card.	Scooby	Scooby	playerNDeck
Scooby_Scooby419	Staring Statue	mythos/scooby/Mythos-Scooby-StaringStatue.jpg	default	Event				-2														Double the stated Saity Loss of a specific Phobia event affecting target Opponent.	Scooby	Scooby	playerNDeck
Scooby_Scooby420	Teratophobia	mythos/scooby/Mythos-Scooby-Teratophobia.jpg	default	Event	Phobia																	Lose 1 Sanity point for each Directed Threat surviving the Comsic Battle to affect your Investigator.	Scooby	Scooby	playerNDeck
Scooby_Scooby421	Unexpected Surpriuse	mythos/scooby/Mythos-Scooby-UnexpectedSurpriuse.jpg	default	Event																		Immediately play this card to bring an Ally Buried in your Story Deck back into play. Re-apply any Sanity indicated.	Scooby	Scooby	playerNDeck
Scooby_Scooby422	Unmasking The Villian	mythos/scooby/Mythos-Scooby-UnmaskingTheVillian.jpg	default	Event						Unique												Immediatley take a 13 second glance at all cards in one opponent's Threat and Bury one monster in opponent's story Deck.	Scooby	Scooby	playerNDeck
Scooby_Scooby423	Zoinks!	mythos/scooby/Mythos-Scooby-Zoinks.jpg	default	Event				-1														Target Investigator loses 1 Sanity point and must play a new Location in the same Region on their next Turn, even if already Walking. If unable to play a new Location, Target Investigators Turn is skipped. Bury this card after Opponent's Turn is over.	Scooby	Scooby	playerNDeck
Scooby_Scooby501	Abandoned Airfield	mythos/scooby/Mythos-Scooby-AbandonedAirfield.jpg	default	Location	Country, Gate						New Aeon		Scooby Doo Country										Scooby	Scooby	playerNDeck
Scooby_Scooby502	Alter To Mano Tiki Tia	mythos/scooby/Mythos-Scooby-AlterToManoTikiTia.jpg	default	Location	Island, Gate, Site			-1			New Aeon		Scooby Doo Country									You may not use a Travel By Car or Travel by Train event to reach this location.	Scooby	Scooby	playerNDeck
Scooby_Scooby503	Beauregard Mansion	mythos/scooby/Mythos-Scooby-BeauregardMansion.jpg	default	Location	Island, Tome, Artifact			-1			New Aeon		Scooby Doo Country									This island has no airstrips. You must use a Travel By Sea card to travel to this Location. For each Turn you spend at Beauregard mansion doing nothing else, you may draw a card from your Mytos Deck.	Scooby	Scooby	playerNDeck
Scooby_Scooby504	Cliffside Village	mythos/scooby/Mythos-Scooby-CliffsideVillage.jpg	default	Location	Country, Ruins								Scooby Doo Country									All Chief Allies add 1 point to their Value whilst this is your current Location.	Scooby	Scooby	playerNDeck
Scooby_Scooby505	County Museum of Archeology	mythos/scooby/Mythos-Scooby-CountyMuseumOfArcheology.jpg	default	Location	City, University, Museum, Forest,  House						New Aeon		Scooby Doo Country									All Professors, Scholars and Students add 1 point to their card value while this card is your current Location on your Story Deck	Scooby	Scooby	playerNDeck
Scooby_Scooby506	Cutler Lighthouse	mythos/scooby/Mythos-Scooby-CutlerLighthouse.jpg	default	Location	Country, Gate, Site, Artifact						New Aeon		Scooby Doo Country										Scooby	Scooby	playerNDeck
Scooby_Scooby507	Department of Archeology	mythos/scooby/Mythos-Scooby-DepartmentOfArcheology.jpg	default	Location	City, Tome, Artifact			1			New Aeon		Scooby Doo Country									All Professors and Scholars add 1 Point to their value when this card is your current Location on your Story Deck.	Scooby	Scooby	playerNDeck
Scooby_Scooby508	Derelict Riverboad	mythos/scooby/Mythos-Scooby-DerelictRiverboad.jpg	default	Location	County, Gate, Site, Ruins, Artifact																		Scooby	Scooby	playerNDeck
Scooby_Scooby509	Diller Manor	mythos/scooby/Mythos-Scooby-DillerManor.jpg	default	Location	City, Gate, House, Artifact						New Aeon		Scooby Doo Country										Scooby	Scooby	playerNDeck
Scooby_Scooby510	Dixie Queen Showboat	mythos/scooby/Mythos-Scooby-DixieQueenShowboat.jpg	default	Location	County, Gate, Site						New Aeon		Scooby Doo Country										Scooby	Scooby	playerNDeck
Scooby_Scooby511	Fenokee Fizz Bottling Room	mythos/scooby/Mythos-Scooby-FenokeeFizzBottlingRoom.jpg	default	Location	Country, Gate, Artifact								Scooby Doo Country										Scooby	Scooby	playerNDeck
Scooby_Scooby512	Franken Castle	mythos/scooby/Mythos-Scooby-FrankenCastle.jpg	default	Location	Country, Gate, Cemetery, Inside, Water, Site, Forest�			-1					Scooby Doo Country										Scooby	Scooby	playerNDeck
Scooby_Scooby513	Gold City	mythos/scooby/Mythos-Scooby-GoldCity.jpg	default	Location	Country, Town, Ruins, Artifact			-1					Scooby Doo Country									On a following Turn, you may play Gold City Mine or Old Mine Storehouse right-side up on top of your Story Deck.	Scooby	Scooby	playerNDeck
Scooby_Scooby514	Gold City Mine	mythos/scooby/Mythos-Scooby-GoldCityMine.jpg	default	Location	Country, Gate, Undergroudn			-1					Scooby Doo Country										Scooby	Scooby	playerNDeck
Scooby_Scooby515	Gypsy Wagon	mythos/scooby/Mythos-Scooby-GypsyWagon.jpg	default	Location	Country								Scooby Doo Country									Spend 2 Sanity Points to take a 13 second glance at any opponent's hand and choose their next legal move.	Scooby	Scooby	playerNDeck
Scooby_Scooby516	Haunted Tiki Village	mythos/scooby/Mythos-Scooby-HauntedTikiVillage.jpg	default	Location	Island, Artifact, Ruins			-1			New Aeon		Scooby Doo Country									You may not use a Travel By Car or Travel by Train event to reach this location.	Scooby	Scooby	playerNDeck
Scooby_Scooby517	Hawaii	mythos/scooby/Mythos-Scooby-Hawaii.jpg	default	Location	Island, Artifact			1			New Aeon		Scooby Doo Country									You may not use a  Travel by Train event to reach this location.	Scooby	Scooby	playerNDeck
Scooby_Scooby518	Indian Picture Rock	mythos/scooby/Mythos-Scooby-IndianPictureRock.jpg	default	Location	Country, Gate, Site, Artifact			-1					Scooby Doo Country									You may ise this Gate to Summon The Willawaw and immediately attack with it. Opponent may defene with Allies but not use Spells or Artifacts. You mayuse this Gate to play Dreamlands Monsters.	Scooby	Scooby	playerNDeck
Scooby_Scooby519	Kingston Mansion	mythos/scooby/Mythos-Scooby-KingstonMansion.jpg	default	Location	Country, Gate, House, Tome								Scooby Doo Country									All Living Dead Allies add 1 point to their card value when this card is your current Location.	Scooby	Scooby	playerNDeck
Scooby_Scooby520	Mad Scientist's Rompus Room	mythos/scooby/Mythos-Scooby-MadScientistsRompusRoom.jpg	default	Location	Country, Gate, Artifact						New Aeon		Scooby Doo Country										Scooby	Scooby	playerNDeck
Scooby_Scooby521	Malt Shop (v1)	mythos/scooby/Mythos-Scooby-MaltShopV1.jpg	default	Location	City, Hangout, Business, Inside			1		Unique	New Aeon		Scooby Doo Country									You may remain here for one Turn and Bury one Phobia.	Scooby	Scooby	playerNDeck
Scooby_Scooby522	Malt Shop (v2)	mythos/scooby/Mythos-Scooby-MaltShopV2.jpg	default	Location	City, Hangout, Business, Inside			1		Unique	New Aeon		Scooby Doo Country									You may remain here for one Turn and Bury one Phobia.	Scooby	Scooby	playerNDeck
Scooby_Scooby523	Malt Shop (v3)	mythos/scooby/Mythos-Scooby-MaltShopV3.jpg	default	Location	City, Hangout, Business			1			New Aeon		Scooby Doo Country									Upon playing this card, you may immediately play one Ally who speaks a language that your Investigator does not Speak, who would normally be playable in this Region. Remain here for one Turn and Bury a Phobia.	Scooby	Scooby	playerNDeck
Scooby_Scooby524	Malt Shop (v4)	mythos/scooby/Mythos-Scooby-MaltShopV4.jpg	default	Location	City, Hangout, University, Inside			1			New Aeon		Scooby Doo Country									You may immediately play one Professor, Student or Poet Ally when this card becomes your Current Location. Remain here for one Turn and Bury one Phobia.	Scooby	Scooby	playerNDeck
Scooby_Scooby525	Malt Shop (v5)	mythos/scooby/Mythos-Scooby-MaltShopV5.jpg	default	Location	City, Hangout, Business, Inside, Country, Water			1			New Aeon		Scooby Doo Country									You may immediately Bury Hydrophobia affecting your Investigator when this card becomes your current Location. Remain here for one Turn and Bury any one other Phobia	Scooby	Scooby	playerNDeck
Scooby_Scooby526	Moody Manor	mythos/scooby/Mythos-Scooby-MoodyManor.jpg	default	Location	Country, Gate, House, Tome								Scooby Doo Country									All Seaman Allies add 1 point to their values while this is your Current Location.	Scooby	Scooby	playerNDeck
Scooby_Scooby527	Museum Secret Room	mythos/scooby/Mythos-Scooby-MuseumSecretRoom.jpg	default	Location	City, Museum, Artifact, Underground			-1			New Aeon		Scooby Doo Country										Scooby	Scooby	playerNDeck
Scooby_Scooby528	Old Farmhouse	mythos/scooby/Mythos-Scooby-OldFarmhouse.jpg	default	Location	Country, Gate, House, Artifact								Scooby Doo Country										Scooby	Scooby	playerNDeck
Scooby_Scooby529	Old Man Grisby's Place	mythos/scooby/Mythos-Scooby-OldManGrisbysPlace.jpg	default	Location	Country, House						New Aeon		Scooby Doo Country										Scooby	Scooby	playerNDeck
Scooby_Scooby530	Old Masoleum	mythos/scooby/Mythos-Scooby-OldMasoleum.jpg	default	Location	Country, Gate			-1					Scooby Doo Country									Rather than playing a Monster card from your hand, you may instead use this Gate to summon a Living Dead Monster or Ally from your Story deck to your Threat	Scooby	Scooby	playerNDeck
Scooby_Scooby531	Old Mine Storehouse	mythos/scooby/Mythos-Scooby-OldMineStorehouse.jpg	default	Location	Country, Underground			-1			New Aeon		Scooby Doo Country										Scooby	Scooby	playerNDeck
Scooby_Scooby532	Old Saw Mill	mythos/scooby/Mythos-Scooby-OldSawMill.jpg	default	Location	Country, Gate, Site						New Aeon		Scooby Doo Country										Scooby	Scooby	playerNDeck
Scooby_Scooby533	Old Witch's Shack	mythos/scooby/Mythos-Scooby-OldWitchsShack.jpg	default	Location	Country, Gate, House, Artifact, Tome			-1					Scooby Doo Country										Scooby	Scooby	playerNDeck
Scooby_Scooby534	Picture Rock Cave	mythos/scooby/Mythos-Scooby-PictureRockCave.jpg	default	Location	Country, Underground			-1					Scooby Doo Country										Scooby	Scooby	playerNDeck
Scooby_Scooby535	Public Library	mythos/scooby/Mythos-Scooby-PublicLibrary.jpg	default	Location	City, Gate, University, Tome						New Aeon		Scooby Doo Country									You may use this Gate to play a Tome card regardless of language of Investiagor or Allies whilet he Public Library is your Current Location	Scooby	Scooby	playerNDeck
Scooby_Scooby536	Sacred Indian Altar	mythos/scooby/Mythos-Scooby-SacredIndianAltar.jpg	default	Location	Country, Site, Forest, Inside								Scooby Doo Country									For each additional Turn you remain here, you may Bury one Phobia affecting your Investigator	Scooby	Scooby	playerNDeck
Scooby_Scooby537	Sacred Indian Temple	mythos/scooby/Mythos-Scooby-SacredIndianTemple.jpg	default	Location	Country, Forest, Temple, Artifact, Outside			4					Scooby Doo Country									Gain 4 Sanity points, but reveal the top card of your Mythos Deck. Apply any Sanity gain or loss indicated by the pentagram on the card, then Discard it. During each additional turn that you remain here, you may Bury one Phobia affecting your Investigator.	Scooby	Scooby	playerNDeck
Scooby_Scooby538	Sam Stingeyy's Cabin	mythos/scooby/Mythos-Scooby-SamStingeyysCabin.jpg	default	Location	Country, House						New Aeon		Scooby Doo Country										Scooby	Scooby	playerNDeck
Scooby_Scooby539	Skillet Showboat	mythos/scooby/Mythos-Scooby-SkilletShowboat.jpg	default	Location	Country, Gate, Site, Artifact						New Aeon		Scooby Doo Country										Scooby	Scooby	playerNDeck
Scooby_Scooby540	Skull Island	mythos/scooby/Mythos-Scooby-SkullIsland.jpg	default	Location	Country, Gate, Island, Artifact			-1					Scooby Doo Country									This island has no airstrips. You must use a Travel By Sea event to reach it. You may use this Gate more than once, but must pay the card's Sanity cost for each subsequent use.	Scooby	Scooby	playerNDeck
Scooby_Scooby541	Sunken U-Boat	mythos/scooby/Mythos-Scooby-SunkenUBoat.jpg	default	Location	Underwater, Gate, Ruins, Artifact			-2					Scooby Doo Country									Beginning each Turn you must be bale to Breathe Underwater or lose 5 Sanity Points.	Scooby	Scooby	playerNDeck
Scooby_Scooby542	The Pineapple Parlor	mythos/scooby/Mythos-Scooby-ThePineappleParlor.jpg	default	Location	Island, Hangout, Business			1			New Aeon		Scooby Doo Country									You may remain here for one Turn and Bury a Phobia. You may not use a Travel By Train event to reach this location.	Scooby	Scooby	playerNDeck
Scooby_Scooby543	The Temple In The Hills	mythos/scooby/Mythos-Scooby-TheTempleInTheHills.jpg	default	Location	Country, Gate, Temple, Tome								Scooby Doo Country										Scooby	Scooby	playerNDeck
Scooby_Scooby544	Uncle Dave's Cabin	mythos/scooby/Mythos-Scooby-UncleDavesCabin.jpg	default	Location	Country, Hangout, Tome			5		Unique	New Aeon		Scooby Doo Country									Randomly Discard one card from your hand. During each additional Turn that you remain here you may Bury one Phobia affecting your Investigator	Scooby	Scooby	playerNDeck
Scooby_Scooby545	Uncle Nathaniel's Place	mythos/scooby/Mythos-Scooby-UncleNathanielsPlace.jpg	default	Location	Country, Hangout, House			5		Unique			Scooby Doo Country									Reveal the top card of your Mythos deck. If card revealed is a Monster, it attacks you immediately, (Allies my defend), then Discard it. Discard any other card drawn. For each additional Turn that you remain here you may Bury one Phobia affecting your Investigator	Scooby	Scooby	playerNDeck
Scooby_Scooby546	Wax Museum	mythos/scooby/Mythos-Scooby-WaxMuseum.jpg	default	Location	City, Museum, Artifact						New Aeon		Scooby Doo Country									Your Artist Allies add 1 point to their card value when this is your Current Location	Scooby	Scooby	playerNDeck
Scooby_Scooby547	Wax Works	mythos/scooby/Mythos-Scooby-WaxWorks.jpg	default	Location	City, Gate, Museum, Underground			-1			New Aeon		Scooby Doo Country									When this card becomes your Current Location you mayu immediately use its gate to play Monster(s).	Scooby	Scooby	playerNDeck
Scooby_Scooby548	Witchdoctor's Haunted Hut	mythos/scooby/Mythos-Scooby-WitchdoctorsHauntedHut.jpg	default	Location	Island, Gate, Tome			-1			New Aeon		Scooby Doo Country									You ma not use a Travel By Car or Travel By Train event to reach this location.	Scooby	Scooby	playerNDeck
Scooby_Scooby549	Wolfs End Lodge	mythos/scooby/Mythos-Scooby-WolfsEndLodge.jpg	default	Location	Country, Gate, Tome						New Aeon		Scooby Doo Country										Scooby	Scooby	playerNDeck
Scooby_Scooby550	Zeb Perkin's Place	mythos/scooby/Mythos-Scooby-ZebPerkinsPlace.jpg	default	Location	Country, House								Scooby Doo Country										Scooby	Scooby	playerNDeck
Scooby_Scooby701	10,000 Volt Ghost	mythos/scooby/Mythos-Scooby-10000VoltGhost.jpg	default	Monster	Lesser Independent		1				New Aeon											Generates dangerours electric charges. Randomly Bury one defending Ally when Threat is revealed.	Scooby	Scooby	playerNDeck
Scooby_Scooby702	Charlie The Robot	mythos/scooby/Mythos-Scooby-CharlieTheRobot.jpg	default	Monster	Greater Servitor, Corrupt Worker	Binary	4		Invisible at Night	Unique	New Aeon											Use a City/Artifact Gate to play as an Ally. When Charlie The Robot is revealed in Combat, you may Bypass Combat with opponent's Threat.	Scooby	Scooby	playerNDeck
Scooby_Scooby703	Dr. Coffin	mythos/scooby/Mythos-Scooby-DrCoffin.jpg	default	Monster	Living Dead, Corrupt Cultist	English & Latin	1																Scooby	Scooby	playerNDeck
Scooby_Scooby704	Ebenezer Crabb	mythos/scooby/Mythos-Scooby-EbenezerCrabb.jpg	default	Monster	Living Dead, Corrupt Cultist	English & Latin	1																Scooby	Scooby	playerNDeck
Scooby_Scooby705	Evil Henchmen	mythos/scooby/Mythos-Scooby-EvilHenchmen.jpg	default	Monster	Lesser Independent, Corrupt Worker	English & Latin	1															Bury this card if opposing Police Detective Allies in Combat. Joins Evil Henchmen.	Scooby	Scooby	playerNDeck
Scooby_Scooby706	Gator Ghoul	mythos/scooby/Mythos-Scooby-GatorGhoul.jpg	default	Monster	Lesser Independent		2															Add 1 point to the vaue of this card if the Current Location of you or your oppoent features the Water Attribute.	Scooby	Scooby	playerNDeck
Scooby_Scooby707	Ghastly Goons	mythos/scooby/Mythos-Scooby-GhastlyGoons.jpg	default	Monster	Lesser Servitor		1															Joins other Ghastly  Goons	Scooby	Scooby	playerNDeck
Scooby_Scooby708	Ghost of Captain Cutler	mythos/scooby/Mythos-Scooby-GhostOfCaptainCutler.jpg	default	Monster	Living Dead, Corrupt Cultist		1															Add 1 point to the vaue of this card if your opponent is in a Water Location	Scooby	Scooby	playerNDeck
Scooby_Scooby709	Ghost of Elias Kingston	mythos/scooby/Mythos-Scooby-GhostOfEliasKingston.jpg	default	Monster	Living Dead		1															When Directed Threat is revealed randomly choose one of your opponent's Allies (Defending ro not) and Flip cards face-Down.	Scooby	Scooby	playerNDeck
Scooby_Scooby710	Ghost of Injun Joe	mythos/scooby/Mythos-Scooby-GhostOfInjunJoe.jpg	default	Monster	Living Dead		1															Add 1 point to this card's value if your opponent is in an Underground Location. Bury this card if it is currently Day.	Scooby	Scooby	playerNDeck
Scooby_Scooby711	Ghost of Zen Tuo	mythos/scooby/Mythos-Scooby-GhostOfZenTuo.jpg	default	Monster	Lesser Independent		2	-1														Each Ghost of Zen Tuo surviving to affect your oppoent's Allies or Investigator also steals one chosen Artifact. Your opponent must Bury the Card in his or her Story Deck. Joins Servants of Zen Tuo.	Scooby	Scooby	playerNDeck
Scooby_Scooby712	Ghost Shaman	mythos/scooby/Mythos-Scooby-GhostShaman.jpg	default	Monster	Living Dead		2															Add 1 point to the value of this card if your Investigator is in any Ruins Location or if any Night card is in play.	Scooby	Scooby	playerNDeck
Scooby_Scooby713	Headless Specter	mythos/scooby/Mythos-Scooby-HeadlessSpecter.jpg	default	Monster	Living Dead		2															Add 1 point to the value of this card at Night. Joins other Living Dead.	Scooby	Scooby	playerNDeck
Scooby_Scooby714	Kelp Monster	mythos/scooby/Mythos-Scooby-KelpMonster.jpg	default	Monster	Lesser Independent		1															Add 1 point to the value of this card when attacking an Investigator who is at a Water Location. Add 2 points if target Inverstigator is currently using a Travel By Sea Event as their curreny Location.	Scooby	Scooby	playerNDeck
Scooby_Scooby715	Monster From The Future	mythos/scooby/Mythos-Scooby-MonsterFromTheFuture.jpg	default	Monster	Lesser Independent		2				New Aeon											Increase the Value of this Monster by 2 points if Summoned. Joins any Monster From The Future.	Scooby	Scooby	playerNDeck
Scooby_Scooby716	Mummy (v2)	mythos/scooby/Mythos-Scooby-MummyV2.jpg	default	Monster	Living Dead		1															Add 1 point to the value of this card if either you or your Opponent is in a Cemetary or Museum Location.	Scooby	Scooby	playerNDeck
Scooby_Scooby717	Servants Of Zen Tuo	mythos/scooby/Mythos-Scooby-ServantsOfZenTuo.jpg	default	Monster	Lesser Servitor		1															Joins both Ghost of Zen Tuo and Servants of Zen Tuo.	Scooby	Scooby	playerNDeck
Scooby_Scooby718	Spooky Space Kook	mythos/scooby/Mythos-Scooby-SpookySpaceKook.jpg	default	Monster	Lesser Independent		1				New Aeon											Add 1 point to the value of this card if your opponent is in a Country/Gate Location. Joins other Spooky Space Kooks.	Scooby	Scooby	playerNDeck
Scooby_Scooby719	The Black Knight	mythos/scooby/Mythos-Scooby-TheBlackKnight.jpg	default	Monster	Lesser Independent		1															Add 1 point to the value of this card at Night.	Scooby	Scooby	playerNDeck
Scooby_Scooby720	The Creeper	mythos/scooby/Mythos-Scooby-TheCreeper.jpg	default	Monster	Living dead		1															Add 1 point to the value of this card while your Current Location is a Cemetary.	Scooby	Scooby	playerNDeck
Scooby_Scooby721	The Wax Phantom	mythos/scooby/Mythos-Scooby-TheWaxPhantom.jpg	default	Monster	Lesser Independent		2																Scooby	Scooby	playerNDeck
Scooby_Scooby722	The Willawaw	mythos/scooby/Mythos-Scooby-TheWillawaw.jpg	default	Monster	Lesser Independent		1															Add 2 points to the value of this card if your opponent is at an Outside Location.	Scooby	Scooby	playerNDeck
Scooby_Scooby723	The Witchdoctor	mythos/scooby/Mythos-Scooby-TheWitchdoctor.jpg	default	Monster	Lesser Independent		1	-1														For each Witchdoctor suvriving the Cosmic Battle, Bury a random Artifact of Target Investigator.	Scooby	Scooby	playerNDeck
Scooby_Scooby724	Zombie	mythos/scooby/Mythos-Scooby-Zombie.jpg	default	Monster	Living Dead		1															If any Alies are lost in Combat involving a Zombie, begin next Round with one Zombie card face-down in your Threat. (forms a new threat). Joins Living Dead.	Scooby	Scooby	playerNDeck
Scooby_Scooby801	Command of Elias Kingston	mythos/scooby/Mythos-Scooby-CommandOfEliasKingston.jpg	default	Spell	Eye			-1														Target Investigator must Flip random Ally. Spend 1 additional Sanity Point to cause Target Investigator to instead Bury Random Ally lacking the Corrupt Attribute.	Scooby	Scooby	playerNDeck
Scooby_Scooby802	Levitate	mythos/scooby/Mythos-Scooby-Levitate.jpg	default	Spell	Folk			-1														Travvel to any Location as if Walking. May not travel between Regions or Exotic Locations	Scooby	Scooby	playerNDeck
Scooby_Scooby803	Morbid Repose	mythos/scooby/Mythos-Scooby-MorbidRepose.jpg	default	Spell	Death			-1														Randomly choose and Flip face-down half (round up) of Target Opponent's Allies as if suffering the effects of an Epidemic.	Scooby	Scooby	playerNDeck
Scooby_Scooby901	Crystalomancy	mythos/scooby/Mythos-Scooby-Crystalomancy.jpg	default	Tome	Eye, Death	English	2	-1														While this card is in play, all invisible Living Dead Monsters in a Directed Threat are visible.	Scooby	Scooby	playerNDeck
Scooby_Scooby902	Four Cryptical Books of Zen Tuo	mythos/scooby/Mythos-Scooby-FourCrypticalBooksOfZenTuo.jpg	default	Tome	Folk	Chineese	1				New Aeon												Scooby	Scooby	playerNDeck
Scooby_Scooby903	Necrononmicon Doo edition	mythos/scooby/Mythos-Scooby-NecrononmiconDooEdition.jpg	default	Tome	Eye, Death,  Cthulhu, Yellow Sign	Latin	2	-3			New Aeon											Spend 1 Sanity point to turn one Steadfast Ally to a Corrupt Ally. Spend 2 Sanity points to play an Ally card face-down as a Monster becoming part of your Threat.	Scooby	Scooby	playerNDeck
Scooby_Scooby904	Sea Myths & monsters	mythos/scooby/Mythos-Scooby-SeaMythsMonsters.jpg	default	Tome	Eye, Cthulhu	Latin	2	-2														When this Tome is in play, increase the total value of your Threat by 1 point if your opponent is at a Location wth the Water attribute.	Scooby	Scooby	playerNDeck
Scooby_Scooby905	The Dynasty of Ankah	mythos/scooby/Mythos-Scooby-TheDynastyOfAnkah.jpg	default	Tome	Eye	Arabic	1	-1														May Immediately play Coin of Ankah with no Sanity Cost	Scooby	Scooby	playerNDeck
Scooby_Scooby906	The Old Bell	mythos/scooby/Mythos-Scooby-TheOldBell.jpg	default	Tome	Water, Cthulhu	English	2	-1															Scooby	Scooby	playerNDeck
Scooby_Scooby907	Witchcraft Made Easy	mythos/scooby/Mythos-Scooby-WitchcraftMadeEasy.jpg	default	Tome	Death	English	2	-1			New Aeon												Scooby	Scooby	playerNDeck
StdC_StdC101	Alone in the World	mythos/standard-corrupted/Mythos-StandardCorrupted-AloneInTheWorld.jpg	default	Adventure	Mythos Experience		7	2													F	Some people are paranoid to PHOBIA levels. They carry a WEAPON and are always afraid of an AMBUSH. Skulking about in CEMETERY LOCATIONS (two different cards) they often become CORRUPT CULTISTs and summon blasphemous horrors, such as the SERVITOR OF THE OUTER GODS, in THE FORGOTTEN CRYPT.	Standard Corrupted	StdC	playerNDeck
StdC_StdC102	Questionable Judgement	mythos/standard-corrupted/Mythos-StandardCorrupted-QuestionableJudgement.jpg	default	Adventure	Mythos Experience		5	1													F	It all begain in a boring LIBRARY. All those books waiting to be sorted. There must be a better way� but wait � that must TOME. Wow, is it old! It reveals TWO GATE LOCATIONS (in different cities) where one can summon a MONSTER. The tome also contains a blasphemous SPELL, completing the training of a new CORRUPT CULTIST	Standard Corrupted	StdC	playerNDeck
StdC_StdC103	The Price	mythos/standard-corrupted/Mythos-StandardCorrupted-ThePrice.jpg	default	Adventure	Corrupt Adventure		8	3													F	By summoning a SERVITOR MONSTER, a CORRUPT CULTIST captures a STEADFAST ALLY from a KINSGPORT LOCATION. Taking him to dark N'KAI, the Cultist uses an ENCHANTED KNIFE for his unspeakable ceremony. From the smoke of burning incense, ancient TULZSCHA is brought forth.	Standard Corrupted	StdC	playerNDeck
StdC_StdC104	Whispers in Darkness	mythos/standard-corrupted/Mythos-StandardCorrupted-WhispersInDarkness.jpg	default	Adventure	Corrupt Adventure		8	3													F	The letter came from HENRY W. AKELEY. His tales were corroborated by the strange TOME and SPEECH MACHINE in his package. Traveling by CAR to the LONELY AKELEY FARMHOUSE revealed strange buzzing sounds from the building. Inside, Henry was conversing with N'GAH-KTHUN, planning a GOVERNMENTAL COVER-UP.	Standard Corrupted	StdC	playerNDeck
StdC_StdC202	Dr. Allen	mythos/standard-corrupted/Mythos-StandardCorrupted-DrAllen.jpg	default	Ally	Corrupt Cultist	English, Glyph	2	-1		Unique			Lovecraft	Providence							F	Can know any one Spell. Bury Spell in your Story Deck after it is cast. Joins Gomes	Standard Corrupted	StdC	playerNDeck
StdC_StdC203	Gomes	mythos/standard-corrupted/Mythos-StandardCorrupted-Gomes.jpg	default	Ally	Corrupt Cultist	Knows No languages	2						Lovecraft	Providence							F	While this card is in play, subtract one from the Minimum number of cards that you keep in your hand. Not cumulative with other Allies that lower your Minimum. Joins Dr. Allen	Standard Corrupted	StdC	playerNDeck
StdC_StdC204	Henry W. Akeley	mythos/standard-corrupted/Mythos-StandardCorrupted-HenryWAkeley.jpg	default	Ally	Corrupt Cultist & Scholar	English, Greek & Glyph	1						Lovecraft	Vermont							F	Add 1 point to the value of this card whenever you have a Country Location as the top card of your Story Deck.	Standard Corrupted	StdC	playerNDeck
StdC_StdC201	Miss Anna Tilton	mythos/standard-corrupted/Mythos-StandardCorrupted-MissAnnaTilton.jpg	default	Ally	Steadfast Friend	English	1	1					Lovecraft	Vermont							F	While this card is in play, on a later turn you may assign to Mis Anna tilton, curator of the Historical Society, one Artifact card at any Location. This Artifact remains with Anna and suffers any fate that Anna suffers. The Artifact may be replaced with another, if lost.	Standard Corrupted	StdC	playerNDeck
StdC_StdC205	Ray Stuckey	mythos/standard-corrupted/Mythos-StandardCorrupted-RayStuckey.jpg	default	Ally	Corrupt Police Detective	English	3						Lovecraft	Arkham							F	Protection from Police Investigation and from cards that cause you to lose Artifacts and Tomes. At the moment when you would lose an Artifact or Tome, you may choose to Bury this card instead. Your opponent must then Bury his or her card.	Standard Corrupted	StdC	playerNDeck
StdC_StdC206	Squire Sawyer Whateley	mythos/standard-corrupted/Mythos-StandardCorrupted-SquireSawyerWhateley.jpg	default	Ally	Steadfast Gentleman	English	2						Lovecraft	Any Country							F	While this card is in play, add one to the Maximum number of cards that you may keep in your Hand. Cumulative with other Allies that raise your Maximum.	Standard Corrupted	StdC	playerNDeck
StdC_StdC301	.32 Revolver	mythos/standard-corrupted/Mythos-StandardCorrupted-32Revolver.jpg	default	Artifact	Weapon		2	1													F	Add 2 points to Ally's value. One Weapon per Ally. If Ally is Discarded or Buried, this revolver suffers the same fate.	Standard Corrupted	StdC	playerNDeck
StdC_StdC302	Enchanted Knife	mythos/standard-corrupted/Mythos-StandardCorrupted-EnchantedKnife.jpg	default	Artifact	Enchanted Weapon		1														F	Add 1 point to Ally's value. One Weapon per Ally. If Ally is Discarded or Buried, this revolver suffers the same fate.	Standard Corrupted	StdC	playerNDeck
StdC_StdC303	Speech Machine	mythos/standard-corrupted/Mythos-StandardCorrupted-SpeechMachine.jpg	default	Artifact				-1		Unique											F	This Artifact has constant effect. While this cadr is in play, increase the value of all your Mi-Go and Mi-Go Leaders by 1 point each.	Standard Corrupted	StdC	playerNDeck
StdC_StdC304	The Two Scepters	mythos/standard-corrupted/Mythos-StandardCorrupted-TheTwoScepters.jpg	default	Artifact	Enchanted Weapon																F	As long as the wielder is chosen as a Defending Ally, he raises the card value of all other Corrupt Defending Allies by 1 point per card. Not cumulative with another Ally's Command Ability.	Standard Corrupted	StdC	playerNDeck
StdC_StdC401	Ambush	mythos/standard-corrupted/Mythos-StandardCorrupted-Ambush.jpg	default	Event																	F	During the next Combat, if your Current Location is in the same sub-region as opponent's Current Location, and both Locations have the City attribute, your Allies may attack your opponent as if they were in the same Location.	Standard Corrupted	StdC	playerNDeck
StdC_StdC402	Car (v2)	mythos/standard-corrupted/Mythos-StandardCorrupted-CarV2.jpg	default	Event	Travel by Land																C	Immediately play a new Location in the same Region right-side up on top of your Story Deck.	Standard Corrupted	StdC	playerNDeck
StdC_StdC403	Car (v3)	mythos/standard-corrupted/Mythos-StandardCorrupted-CarV3.jpg	default	Event	Travel by Land																C	Immediately play a new Location in the same Region right-side up on top of your Story Deck.	Standard Corrupted	StdC	playerNDeck
StdC_StdC404	Dawn of the Solstice	mythos/standard-corrupted/Mythos-StandardCorrupted-DawnOfTheSolstice.jpg	default	Event	Day			1													F	This is a Solstice card. It is now Day. Bury any Day or Night Event in play.	Standard Corrupted	StdC	playerNDeck
StdC_StdC405	Dysentery	mythos/standard-corrupted/Mythos-StandardCorrupted-Dysentery.jpg	default	Event	Epidemic																F	Your opponent must Flip all Allies face-down. Any other Investigators who are in the same sub-region as the target are similarly affected.	Standard Corrupted	StdC	playerNDeck
StdC_StdC406	Efficiophobia	mythos/standard-corrupted/Mythos-StandardCorrupted-Efficiophobia.jpg	default	Event	Phobia																F	Fear of Success. Lose 2 Sanit points each time an Adventure card is played while this card is in play.	Standard Corrupted	StdC	playerNDeck
StdC_StdC407	Governmental Cover-Up	mythos/standard-corrupted/Mythos-StandardCorrupted-GovernmentalCoverUp.jpg	default	Event																	F	It never happened! When played on your opponent, you may force him or her to Discard the Event closest to the bottom of his or her Story Deck.	Standard Corrupted	StdC	playerNDeck
StdC_StdC408	Midnight	mythos/standard-corrupted/Mythos-StandardCorrupted-Midnight.jpg	default	Event	Night																F	Text: It is now Night. Bury any Day or Night Event in play. At the moment that this card is played, all Steadfast Allies with Weapons are Flipped face-down.	Standard Corrupted	StdC	playerNDeck
StdC_StdC409	Portophobia	mythos/standard-corrupted/Mythos-StandardCorrupted-Portophobia.jpg	default	Event	Phobia																	At the beginning of your Turn,  lose 1 Sanity point if your Current Location features the Gate attribute	Standard Corrupted	StdC	playerNDeck
StdC_StdC410	Succumb to Temptation	mythos/standard-corrupted/Mythos-StandardCorrupted-SuccumbToTemptation.jpg	default	Event				-1													F	A random Steadfast Ally of the chosen opponent goes mad. That Ally immediately attacks his or her Investigator (unaffected Allies of that opponent may Defend). Then, Bury this card and return the affected Ally to that Investigator's side.	Standard Corrupted	StdC	playerNDeck
StdC_StdC001	Bored Clerk	mythos/standard-corrupted/Mythos-StandardCorrupted-BoredClerk.jpg	default	Investigator		English									13	20	14	13	5	7		During the Discard phase, you must keep at least this minimum number of cards in your hand. You may keep up to this Maximum. If you have fewer than your Minimum, you may not Discard any; if you have more than your Maximum, you must Discard some	Standard Corrupted	StdC	playerNInvestigator
StdC_StdC002	Rebellious Youth	mythos/standard-corrupted/Mythos-StandardCorrupted-RebelliousYouth.jpg	default	Investigator		English									15	20	9	13	3	5		During the Discard phase, you must keep at least this minimum number of cards in your hand. You may keep up to this Maximum. If you have fewer than your Minimum, you may not Discard any; if you have more than your Maximum, you must Discard some	Standard Corrupted	StdC	playerNInvestigator
StdC_StdC501	Arkham Mystical Suply	mythos/standard-corrupted/Mythos-StandardCorrupted-ArkhamMysticalSuply.jpg	default	Location	Water, Inside, Artifact, Gate, Business, City,								Lovecraft	Arkham							F		Standard Corrupted	StdC	playerNDeck
StdC_StdC502	Boston & Maine Train Station	mythos/standard-corrupted/Mythos-StandardCorrupted-BostonMaineTrainStation.jpg	default	Location	Forest, Water, Outside , Tome, Gate, City, Station,								Lovecraft	Arkham							F	You may play this card immediately after playing a Train Travel by Land Event, on the same turn.	Standard Corrupted	StdC	playerNDeck
StdC_StdC503	Caverns Beneath the Old Church	mythos/standard-corrupted/Mythos-StandardCorrupted-CavernsBeneathTheOldChurch.jpg	default	Location	Cemetery, Water, Inside, Tome, Gate, City, Underground,			-1					Lovecraft	Kingsport							F		Standard Corrupted	StdC	playerNDeck
StdC_StdC504	Congregational Hospital	mythos/standard-corrupted/Mythos-StandardCorrupted-CongregationalHospital.jpg	default	Location	Cemetery, Forest, Water, Inside, City, Sanitorium,			5		Unique			Lovecraft	Kingsport							F	Your electro-Shock Therapy is a success. Set aside this card and shuffle Story Deck. Randomly Discard one Story Deck card, then replace this card. During each additional Turn that you remain here you may Bury one Phobia affecting your Investigator.	Standard Corrupted	StdC	playerNDeck
StdC_StdC505	King's Church Cemetary	mythos/standard-corrupted/Mythos-StandardCorrupted-KingsChurchCemetary.jpg	default	Location	Cemetery, Forest, Water, Inside, Church, City,								Lovecraft	Providence							F	During each additional Turn that you remain here you may Bury one Phobia affecting your Investigator	Standard Corrupted	StdC	playerNDeck
StdC_StdC506	Lonely Akeley Farmhouse	mythos/standard-corrupted/Mythos-StandardCorrupted-LonelyAkeleyFarmhouse.jpg	default	Location	Forest, Inside, Artifact, Gate, Country, House,			-1					Lovecraft	Vermont							F	You may use this Gate more than once whenever you have the Speech Machine in play, but must pay this card's Sanity cost for each subsequent Gate use	Standard Corrupted	StdC	playerNDeck
StdC_StdC507	Namquit Point	mythos/standard-corrupted/Mythos-StandardCorrupted-NamquitPoint.jpg	default	Location	Forest, Water, Outside, Artifact, Gate, Country, Site,			-1					Lovecraft	Providence							F	A secret place to unload ships. While this is your Current Location, as your Turn you may spend 2 Sanity points to recover one Artifact chosen from your Story Deck and place it on the table beside your Investigator. Pay any Sanity costs for playing that Artifact	Standard Corrupted	StdC	playerNDeck
StdC_StdC508	Newburyport Historical Society	mythos/standard-corrupted/Mythos-StandardCorrupted-NewburyportHistoricalSociety.jpg	default	Location	Forest, Water, Inside, Artifact, Country, Museum, Town,			1					Lovecraft	Vermont							F	While this is your Current Location, all Steadfast Allies add 1 point to their card value.	Standard Corrupted	StdC	playerNDeck
StdC_StdC509	Newburyport Public Library	mythos/standard-corrupted/Mythos-StandardCorrupted-NewburyportPublicLibrary.jpg	default	Location	Forest, Inside, Tome, Country, Library, Town,			1					Lovecraft	Vermont							F	While this is your Current Location, all Steadfast Allies add 1 point to their card value.	Standard Corrupted	StdC	playerNDeck
StdC_StdC510	N'Kai	mythos/standard-corrupted/Mythos-StandardCorrupted-NKai.jpg	default	Location	Outside, Artifact, Tome, Gate, Country, Underground,			-2		Unique			Exotic								F	You may play this card only if your Current Location is Underground. You must walk out of N'kai. While at N'Kai, all Monsters in your Threat function as if it is Night.	Standard Corrupted	StdC	playerNDeck
StdC_StdC511	Providence Historical Society	mythos/standard-corrupted/Mythos-StandardCorrupted-ProvidenceHistoricalSociety.jpg	default	Location	Artifact, City, Museum, Society,								Lovecraft	Providence							F		Standard Corrupted	StdC	playerNDeck
StdC_StdC512	Seventh House on the Left	mythos/standard-corrupted/Mythos-StandardCorrupted-SeventhHouseOnTheLeft.jpg	default	Location	Water, Inside, Tome, Gate, City, House,			-1					Lovecraft	Kingsport							F		Standard Corrupted	StdC	playerNDeck
StdC_StdC513	The Athenaeum	mythos/standard-corrupted/Mythos-StandardCorrupted-TheAthenaeum.jpg	default	Location	Inside, Tome, City, Library,								Lovecraft	Providence							F		Standard Corrupted	StdC	playerNDeck
StdC_StdC514	The Forgotten Crypt	mythos/standard-corrupted/Mythos-StandardCorrupted-TheForgottenCrypt.jpg	default	Location	Cemetery, Water, Inside, Artifact, Gate, City, Tomb, Underground,			-1					Lovecraft	Kingsport							F		Standard Corrupted	StdC	playerNDeck
StdC_StdC515	Waterbury State Hospital	mythos/standard-corrupted/Mythos-StandardCorrupted-WaterburyStateHospital.jpg	default	Location	Forest, Water, Outside, Gate, Country, Sanitorium,			4		Unique			Lovecraft	Vermont							F	Gain 4 Sanity points, but reveal the top card of your Mythos Deck. Apply any Sanity gain or loss indicated in the pentagram on the card, then Discard it. During each additional Turn that you remain here you may bury one Phobia affecting your Investigator.	Standard Corrupted	StdC	playerNDeck
StdC_StdC701	Dark Young	mythos/standard-corrupted/Mythos-StandardCorrupted-DarkYoung.jpg	default	Monster	Greater Servitor		4	-1													C	These creatures are invisible if your oppoent is in a Forested location. Joins Dark Young	Standard Corrupted	StdC	playerNDeck
StdC_StdC702	Mi-Go (v3)	mythos/standard-corrupted/Mythos-StandardCorrupted-MiGoV3.jpg	default	Monster	Lesser Independent	Glyphs	2														F	Each Mi-Go surviving to affect your opponent's Allies or Investigator also steals one chosen Artifact. Your opponent must Bury the card in his or her Story Deck. Joins Mi-Go	Standard Corrupted	StdC	playerNDeck
StdC_StdC703	Mi-Go (v4)	mythos/standard-corrupted/Mythos-StandardCorrupted-MiGoV4.jpg	default	Monster	Lesser Independent	Knows No languages	2														F	Each Mi-Go surviving to affect your opponent's Allies or Investigator also steals one chosen Artifact. Your opponent must Bury the card in his or her Story Deck. Joins Mi-Go	Standard Corrupted	StdC	playerNDeck
StdC_StdC704	N'Gah-Kthun	mythos/standard-corrupted/Mythos-StandardCorrupted-NGahKthun.jpg	default	Monster	Lesser Independent		2			Unique											F	You may play this card as an Ally at any Country/Gate Location (uses Gate). While this card is in play as an Ally, you may play other Mi-Go as Allies at Country/Gate Locations (uses Gate). This Special Effects box is valid even when N'gah-Kthun is in play as an Ally. Joins Mi-Go	Standard Corrupted	StdC	playerNDeck
StdC_StdC705	Servant of Glaaki	mythos/standard-corrupted/Mythos-StandardCorrupted-ServantOfGlaaki.jpg	default	Monster	Lesser Servitor		2														F	Add 1 point to the value of this card if either Revelations of Glaaki or a Night card is in play. Joins Servants of Glaaki	Standard Corrupted	StdC	playerNDeck
StdC_StdC706	Servitor of the Outer Gods	mythos/standard-corrupted/Mythos-StandardCorrupted-ServitorOfTheOuterGods.jpg	default	Monster	Greater Servitor		6	-2		Unique											F	Add 2 points to the value of this card if a Great Old One or an Outer God is in pla when this card is revealed. While a Servitor of the Outer Gods is in a Threat all other Monsters in the same Threat are classified as Lesser Servitors	Standard Corrupted	StdC	playerNDeck
StdC_StdC707	Tulzscha	mythos/standard-corrupted/Mythos-StandardCorrupted-Tulzscha.jpg	default	Monster	Outer God		OG														F	It is Day. Bury any Night or Day cards in play; new ones may not be played while Tulzscha is in play. While this card is in play, three Passes are required to end card play in a Round. No Investigator may gain Sanity.	Standard Corrupted	StdC	playerNDeck
StdC_StdC708	Yithian	mythos/standard-corrupted/Mythos-StandardCorrupted-Yithian.jpg	default	Monster	Greater Independent		3	-1		Unique											F	Can switch bodies with opponent's Ally. When revealed, you may Bury this card and replace it in your Threat with opponent's random Defending Ally for the remainder of Combat. Bury Ally in original player's Story Deck at the end of Combat.	Standard Corrupted	StdC	playerNDeck
StdC_StdC801	Command of the Bloody Tongue	mythos/standard-corrupted/Mythos-StandardCorrupted-CommandOfTheBloodyTongue.jpg	default	Spell	Water			-1													F	May only be cast during Combat. Rotate Defending Ally to indicate it is the target. If the target Defending Ally would be Buried, he or she is Discarded instead	Standard Corrupted	StdC	playerNDeck
StdC_StdC802	Dust of Suleiman	mythos/standard-corrupted/Mythos-StandardCorrupted-DustOfSuleiman.jpg	default	Spell	Folk			-1													F	Summon or Control a Lesser Independent Monster.	Standard Corrupted	StdC	playerNDeck
StdC_StdC803	Petrify	mythos/standard-corrupted/Mythos-StandardCorrupted-Petrify.jpg	default	Spell	Folk			-1													F	Target becomes an Artifact: place Ally and any attached cards face-down on the Artifacts side of opponent's Investigator. Affected Ally may not be Flipped face-up while he or she is an Artifact. At the end of the round return Ally face-up to his or her proper position.	Standard Corrupted	StdC	playerNDeck
StdC_StdC901	Hutchison Cipher	mythos/standard-corrupted/Mythos-StandardCorrupted-HutchisonCipher.jpg	default	Tome	Folk, Water	Glyphs	2	-1													F		Standard Corrupted	StdC	playerNDeck
StdC_StdC902	Revelations of Glaaki	mythos/standard-corrupted/Mythos-StandardCorrupted-RevelationsOfGlaaki.jpg	default	Tome	Folk	English	1														F		Standard Corrupted	StdC	playerNDeck
StdS_StdS101	Arkham Horror	mythos/standard-steadfast/Mythos-StandardSteadfast-ArkhamHorror.jpg	default	Adventure	Heroic Adventure		8	3													F	BUSINESS is terrible - the rain has turned into a DOWNPOUR. SAMUEL WINSOR and his FAITHFUL HOUNDS are forced to flee from TWO MONSTERS which erupt from the river near the MISKATONIC UNIVERSITY COMMONS. TWO STEADFAST ALLIES in a nearby house have a WEAPON and offer to help. The monsters destroy the ARKHAM GAZETTE building, but the group makes a stand at the STATION and defeats them	Standard Steadfast	StdS	playerNDeck
StdS_StdS102	Searching for Laban Shrewsbury	mythos/standard-steadfast/Mythos-StandardSteadfast-SearchingForLabanShrewsbury.jpg	default	Adventure	Heroic Adventure		8	3													F	A LETTER FROM A FRIEND reveals that noted explorer LABAN SHREWSBURY is missing. The ARKHAM POLICE DEPARTMENT has been notified, but Detective LUTHER HARDEN has had no luck in his search. He thinks Dr. Shrewsbury may have been captured by a HUNTING HORROR. After Harden gets his WEAPON, the search lasts into the EVENING before Dr. Shrewbury is found trapped in the OLD CONGREGATIONAL CHURCH	Standard Steadfast	StdS	playerNDeck
StdS_StdS103	The Mystery at Martin's Beach	mythos/standard-steadfast/Mythos-StandardSteadfast-TheMysteryAtMartinsBeach.jpg	default	Adventure	Mythos Experience		7	2													F	There is a big party for a STEADFAST ALLY at MARTIN'S BEACH, but it ends in horror when THE MARTIN'S BEACH MONSTER rises from the bowels of the sea. All those present develop a terrible PHOBIA. They must now regularly take DR HAMMOND'S NERVE & BRAIN TABLETS to stop their nightmares of CTHULHU RISING	Standard Steadfast	StdS	playerNDeck
StdS_StdS104	Two Cities and a Tale	mythos/standard-steadfast/Mythos-StandardSteadfast-TwoCitiesAndATale.jpg	default	Adventure	Mythos Experience		5	1													F	The journey began in a KINGSPORT LOCATION. From there, the TRAIN allowed passage to a NEW YORK LOCATION where MRS SONIA LOVECRAFT introduced you to the famous AUTHOR. The evening was spent listening to his fascinating MONSTER stories. How could he make it all up?	Standard Steadfast	StdS	playerNDeck
StdS_StdS201	Frank Belknap Long	mythos/standard-steadfast/Mythos-StandardSteadfast-FrankBelknapLong.jpg	default	Ally	Steadfast Author	English & Glyph	2						Lovecraft	New York							F	While this card is in play, subtract one from the Minimum number of cards that you keep in your hand. Not cumulative with other Allies that lower your Minimum	Standard Steadfast	StdS	playerNDeck
StdS_StdS202	Granny Orne	mythos/standard-steadfast/Mythos-StandardSteadfast-GrannyOrne.jpg	default	Ally	Steadfast Widow	English	1	1					Lovecraft	Kingsport							F	Remain with Granny Orne for an additional Turn in any Kingsport Location and cause one Phobia affecting your Investigator to be Buried.	Standard Steadfast	StdS	playerNDeck
StdS_StdS203	Harry Houdini	mythos/standard-steadfast/Mythos-StandardSteadfast-HarryHoudini.jpg	default	Ally	Steadfast Entertainer	English	2			Unique			Lovecraft	New York							F	A noted escape artist, Bury Harry Houdini only if he takes his full card value in Sanity loss during Combat.	Standard Steadfast	StdS	playerNDeck
StdS_StdS204	Howard Lovecraft (v4)	mythos/standard-steadfast/Mythos-StandardSteadfast-HowardLovecraftV4.jpg	default	Ally	Steadfast Author	English & Hyperborean	2	1					Lovecraft	New York							F	Add 1 point to the value if this card when you Mrs. Sonia Lovecraft in play. Joins with Mrs. Sonia Lovecraft.	Standard Steadfast	StdS	playerNDeck
StdS_StdS205	Laban Shrewsbury	mythos/standard-steadfast/Mythos-StandardSteadfast-LabanShrewsbury.jpg	default	Ally	Steadfast Explorer	English & Atlantean	1						Lovecraft	Arkham							F	While this card is in play, you may later assign to Laban Shrewsbury one Tome card at any Location. This Tome remains with Laban and suffers any fate that Laban suffers. The Tome may contain Spells. The Tome may be replaced with another, if lost.	Standard Steadfast	StdS	playerNDeck
StdS_StdS206	Luther Harden	mythos/standard-steadfast/Mythos-StandardSteadfast-LutherHarden.jpg	default	Ally	Steadfast Police Detective	English	3						Lovecraft	Arkham							F	Protection from Police Investigation and from cards that cause you to lose Artifacts and Tomes. At the moment when you would lose an Artifact or Tome, you may choose to Bury this card instead. Your opponent must then Bury his or her card.	Standard Steadfast	StdS	playerNDeck
StdS_StdS207	Mrs. Sonia Lovecraft	mythos/standard-steadfast/Mythos-StandardSteadfast-MrsSoniaLovecraft.jpg	default	Ally	Steadfast Wife	English	1						Lovecraft	New York							F	Add 2 points to the value of this card while you have Howard Lovecraft in play. Also, Mrs Sonia Lovecraft is not turned Attributes: Corrupt by cards that turn Allies Attributes: Corrupt . Joins Howard Lovecraft.	Standard Steadfast	StdS	playerNDeck
StdS_StdS208	Samuel Winsor	mythos/standard-steadfast/Mythos-StandardSteadfast-SamuelWinsor.jpg	default	Ally	Steadfast Priest	English & Latin	1						Any Non-Gate								F	As your turn, Flip this card and your Current Location gains the Church attribute as long as Samuel Winsor remains Flipped and that Location remains your top Story Deck card. During each additional Turn that you remain in this Location and that Winsor remains Flipped you may Bury one Phobia affecting your Investigator.	Standard Steadfast	StdS	playerNDeck
StdS_StdS209	The Terrible Old Man	mythos/standard-steadfast/Mythos-StandardSteadfast-TheTerribleOldMan.jpg	default	Ally	Corrupt Cultist & Seaman	English	1			Unique			Lovecraft	Kingsport							F	Can know any one Spell. Bury Spell in your Story Deck after it is cast. Protection from cards that cause you to lose Artifacts. At the moment when you would lose an Artifact, you may choose to Bury this card instead. Your opponent must then Bury his or her card.	Standard Steadfast	StdS	playerNDeck
StdS_StdS301	.30/'06 Bold-Action Rifle	mythos/standard-steadfast/Mythos-StandardSteadfast-3006BoldActionRifle.jpg	default	Artifact	Weapon		3														F	Add 3 points to Ally's value. One Weapon per Ally. If Ally is Discarded or Buried, this Weapon suffers the same fate.	Standard Steadfast	StdS	playerNDeck
StdS_StdS302	Cast-Iron Skillet	mythos/standard-steadfast/Mythos-StandardSteadfast-CastIronSkillet.jpg	default	Artifact	Weapon		1	1													F	Add 1 point to Ally's value. One Weapon per Ally. If Ally is due to be Buried, you may immediately give it to another Ally.	Standard Steadfast	StdS	playerNDeck
StdS_StdS303	Dr. Hammond's Nerve & Brain Tablets	mythos/standard-steadfast/Mythos-StandardSteadfast-DrHammondsNerveBrainTablets.jpg	default	Artifact																	F	Give this card to one of your Allies in play. That Ally and one other of your choice are excluded (as if they weren't present) when determining the results of an Epidemic. If Ally is Buried or Discarded, then this Artifact suffers the same fate.	Standard Steadfast	StdS	playerNDeck
StdS_StdS304	Faithful Hounds	mythos/standard-steadfast/Mythos-StandardSteadfast-FaithfulHounds.jpg	default	Artifact			1														F	Add 1 point to Ally's value. Enchantedou may Discard this card and cause a random Monster in an opponent's Directed Threat to be Buried.	Standard Steadfast	StdS	playerNDeck
StdS_StdS305	Lightning Gun	mythos/standard-steadfast/Mythos-StandardSteadfast-LightningGun.jpg	default	Artifact	Enchanted Weapon		1	-1													F	Add 1 point to Ally's value. One Weapon per Ally. If Ally is Discarded or Buried, this revolver suffers the same fate. If this weapon causes Sanity loss to your opponent's Allies or Investigator, it also destroys (Buries) a random Artifact of opponent	Standard Steadfast	StdS	playerNDeck
StdS_StdS306	Tiara of Opulent Fantasy	mythos/standard-steadfast/Mythos-StandardSteadfast-TiaraOfOpulentFantasy.jpg	default	Artifact				-1													F	Costs 1 point of Sanity to use. Replace all of the attributes (not Title or Special Effects) of your Current Location with all of the attributes on your target's Current Location. If you use a Gate, rotate your own Location card. Flip this card when used	Standard Steadfast	StdS	playerNDeck
StdS_StdS401	Agoraphobia	mythos/standard-steadfast/Mythos-StandardSteadfast-Agoraphobia.jpg	default	Event	Phobia																F	Fear of Open Places. At the beginning of your Turn, lose 1 Sanity point if the top card of your Story Deck features the Outside attribute.	Standard Steadfast	StdS	playerNDeck
StdS_StdS402	Cthulhu Rising	mythos/standard-steadfast/Mythos-StandardSteadfast-CthulhuRising.jpg	default	Event				-2		Unique											F	Your opponent must Discard his or her Current Location if it features the Water attribute, otherwise Bury it. Then, Bury this card.	Standard Steadfast	StdS	playerNDeck
StdS_StdS403	Downpour	mythos/standard-steadfast/Mythos-StandardSteadfast-Downpour.jpg	default	Event	Storm																F	While this card is in play you must walk to all City Locations. Travel Events may be played normally. Bury this card if any Day or Night Event is played.	Standard Steadfast	StdS	playerNDeck
StdS_StdS404	Evening	mythos/standard-steadfast/Mythos-StandardSteadfast-Evening.jpg	default	Event	Night																	It is now Night. Buiry any Day or Night cards in play. When this card is played, the player may Discard one card from his or her hand and replace it with the top card of his or her Mythos Deck.	Standard Steadfast	StdS	playerNDeck
StdS_StdS405	High Noon	mythos/standard-steadfast/Mythos-StandardSteadfast-HighNoon.jpg	default	Event	Day																F	It is now Day. Bury any Night or Day Event in play. At the moment that this card is played, all Corrupt Allies with Weapons are Flipped face-down.	Standard Steadfast	StdS	playerNDeck
StdS_StdS406	Portophobia	mythos/standard-steadfast/Mythos-StandardSteadfast-Portophobia.jpg	default	Event	Phobia																	At the beginning of your Turn,  lose 1 Sanity point if your Current Location features the Gate attribute	Standard Steadfast	StdS	playerNDeck
StdS_StdS407	Train (v2)	mythos/standard-steadfast/Mythos-StandardSteadfast-TrainV2.jpg	default	Event	Travel by Land																C	On a following Turn, play a new Location in the same Region, right-side up on top of your Story Deck. Or, remain on the Train for a Turn to play any Ally card that could be played in this Region (only 1 Ally per Train card played).	Standard Steadfast	StdS	playerNDeck
StdS_StdS408	Train (v3)	mythos/standard-steadfast/Mythos-StandardSteadfast-TrainV3.jpg	default	Event	Travel by Land																C	On a following Turn, play a new Location in the same Region, right-side up on top of your Story Deck. Or, remain on the Train for a Turn to play any Ally card that could be played in this Region (only 1 Ally per Train card played).	Standard Steadfast	StdS	playerNDeck
StdS_StdS001	Gifted Musician	mythos/standard-steadfast/Mythos-StandardSteadfast-GiftedMusician.jpg	default	Investigator		English									14	20	12	13	3	5		During the Discard phase, you must keep at least this minimum number of cards in your hand. You may keep up to this Maximum. If you have fewer than your Minimum, you may not Discard any; if you have more than your Maximum, you must Discard some	Standard Steadfast	StdS	playerNInvestigator
StdS_StdS002	Soulful Jazz Singer	mythos/standard-steadfast/Mythos-StandardSteadfast-SoulfulJazzSinger.jpg	default	Investigator		English									12	20	15	13	4	6		During the Discard phase, you must keep at least this minimum number of cards in your hand. You may keep up to this Maximum. If you have fewer than your Minimum, you may not Discard any; if you have more than your Maximum, you must Discard some	Standard Steadfast	StdS	playerNInvestigator
StdS_StdS501	American Museum of Natural History	mythos/standard-steadfast/Mythos-StandardSteadfast-AmericanMuseumOfNaturalHistory.jpg	default	Location	Water, Inside, Artifact, City, Museum,								Lovecraft	New York							F		Standard Steadfast	StdS	playerNDeck
StdS_StdS502	Arkham Gazette	mythos/standard-steadfast/Mythos-StandardSteadfast-ArkhamGazette.jpg	default	Location	Water, Inside, Tome, Business, City, Press,								Lovecraft	Arkham							F		Standard Steadfast	StdS	playerNDeck
StdS_StdS503	Arkham Police Department	mythos/standard-steadfast/Mythos-StandardSteadfast-ArkhamPoliceDepartment.jpg	default	Location	Water, Inside, Artifact, Business, City,								Lovecraft	Arkham							F	If this is your Current Location during Combat, reduce each Directed Threat attacking you by 1 point when Threats are revealed.	Standard Steadfast	StdS	playerNDeck
StdS_StdS504	Bellevue Hospital	mythos/standard-steadfast/Mythos-StandardSteadfast-BellevueHospital.jpg	default	Location	County, New York , City, Sanitorium,			5		Unique			Lovecraft	New York							F	Gain 5 Sanity points now, but you must spend next Turn in hydrotherapy (play no cards, do not Pass). During each additional Turn that you remain here you may Bury one Phobia affecting your Investigator	Standard Steadfast	StdS	playerNDeck
StdS_StdS505	Boston & Maine Train Station	mythos/standard-steadfast/Mythos-StandardSteadfast-BostonMaineTrainStation.jpg	default	Location	Forest, Water, Outside , Tome, Gate, City, Station,								Lovecraft	Arkham							F	You may play this card immediately after playing a Train Travel by Land Event, on the same turn.	Standard Steadfast	StdS	playerNDeck
StdS_StdS506	Central Hill	mythos/standard-steadfast/Mythos-StandardSteadfast-CentralHill.jpg	default	Location	Cemetery, Water, Outside, Tome, City, Site,								Lovecraft	Kingsport							F		Standard Steadfast	StdS	playerNDeck
StdS_StdS507	Chelsea Book Shop	mythos/standard-steadfast/Mythos-StandardSteadfast-ChelseaBookShop.jpg	default	Location	Forest, Water, Inside, Tome, Business, City,								Lovecraft	New York							F		Standard Steadfast	StdS	playerNDeck
StdS_StdS508	Essex Institute	mythos/standard-steadfast/Mythos-StandardSteadfast-EssexInstitute.jpg	default	Location	Forest, Water, Inside, Country, Sanitorium,			5		Unique			Lovecraft	Salem							F	Trepanning is fun! Randomly Discard one card from your Hand. During each additional Turn that you remain here you may Bury one Phobia affecting your Investigator	Standard Steadfast	StdS	playerNDeck
StdS_StdS509	Granny Orne's House	mythos/standard-steadfast/Mythos-StandardSteadfast-GrannyOrnesHouse.jpg	default	Location	Forest, Water, Inside, Artifact, City, House,								Lovecraft	Kingsport							F		Standard Steadfast	StdS	playerNDeck
StdS_StdS510	Martin's Beach	mythos/standard-steadfast/Mythos-StandardSteadfast-MartinsBeach.jpg	default	Location	Forest, Water, Outside, Artifact, Gate, Country, Village								Lovecraft	Miskatonic Valley							F		Standard Steadfast	StdS	playerNDeck
StdS_StdS511	Miskatonic University Commons	mythos/standard-steadfast/Mythos-StandardSteadfast-MiskatonicUniversityCommons.jpg	default	Location	Forest, Water, Outside, Gate, City, University,								Lovecraft	Arkham							F	All of your Professors and Students add 1 point to their card value while card is your Current Location	Standard Steadfast	StdS	playerNDeck
StdS_StdS512	Miss Greene's Home	mythos/standard-steadfast/Mythos-StandardSteadfast-MissGreenesHome.jpg	default	Location	Artifact, City, House,								Lovecraft	New York							F		Standard Steadfast	StdS	playerNDeck
StdS_StdS513	Old Congregational Church	mythos/standard-steadfast/Mythos-StandardSteadfast-OldCongregationalChurch.jpg	default	Location	Cemetery, Forestm Water, Inside, Church, City,								Lovecraft	Kingsport							F	For each additional Turn that you remain here you may Bury one Phobia affecting your Investigator	Standard Steadfast	StdS	playerNDeck
StdS_StdS514	Penn Central Train Station	mythos/standard-steadfast/Mythos-StandardSteadfast-PennCentralTrainStation.jpg	default	Location	Water, Inside, City, Station,								Lovecraft	New York							F	You may play this card immediately after playing a Train Travel by Land Event, on the same turn.	Standard Steadfast	StdS	playerNDeck
StdS_StdS515	Red Hook	mythos/standard-steadfast/Mythos-StandardSteadfast-RedHook.jpg	default	Location	Water, Outside, Artifact, Gate, City, Site,			-1					Lovecraft	New York							F		Standard Steadfast	StdS	playerNDeck
StdS_StdS516	The House on Water Street	mythos/standard-steadfast/Mythos-StandardSteadfast-TheHouseOnWaterStreet.jpg	default	Location	Forest, Water, Inside, Artifact, Gate, City, House,			-1					Lovecraft	Kingsport							F		Standard Steadfast	StdS	playerNDeck
StdS_StdS517	The Old Gibbett	mythos/standard-steadfast/Mythos-StandardSteadfast-TheOldGibbett.jpg	default	Location	Cemetery, Forest, Water, Artifact, Gate, Country, Site,								Lovecraft	Kingsport							F		Standard Steadfast	StdS	playerNDeck
StdS_StdS701	Deep One (v1)	mythos/standard-steadfast/Mythos-StandardSteadfast-DeepOneV1.jpg	default	Monster	Lesser Servitor		1														C	Add 2 points to the value of this card if any Storm Event is in Play. Joins with Deep Ones.	Standard Steadfast	StdS	playerNDeck
StdS_StdS702	Hunting Horror (v1)	mythos/standard-steadfast/Mythos-StandardSteadfast-HuntingHorrorV1.jpg	default	Monster	Greater Servitor		3	-1													C	Add 1 point to the value of this card during the Day. Joins Hunting Horrors.	Standard Steadfast	StdS	playerNDeck
StdS_StdS703	Hunting Horror (v2)	mythos/standard-steadfast/Mythos-StandardSteadfast-HuntingHorrorV2.jpg	default	Monster	Greater Servitor		3	-1													C	Add 1 point to the value of this card during the Day. Joins Hunting Horrors.	Standard Steadfast	StdS	playerNDeck
StdS_StdS704	Insect from Shaggai (v1)	mythos/standard-steadfast/Mythos-StandardSteadfast-InsectFromShaggaiV1.jpg	default	Monster	Lesser Independent		2														C	Each Insect surviving the Cosmic Battle devours (Buries) one spell of opponent chosen by the player of the Insect card. Joins Insects from Shaggi	Standard Steadfast	StdS	playerNDeck
StdS_StdS705	Insect from Shaggai (v2)	mythos/standard-steadfast/Mythos-StandardSteadfast-InsectFromShaggaiV2.jpg	default	Monster	Lesser Independent		2														C	Each Insect surviving the Cosmic Battle devours (Buries) one spell of opponent chosen by the player of the Insect card. Joins Insects from Shaggi	Standard Steadfast	StdS	playerNDeck
StdS_StdS706	The Martin's Beach Monster	mythos/standard-steadfast/Mythos-StandardSteadfast-TheMartinsBeachMonster.jpg	default	Monster	Greater Independent		4	-2		Unique											F	Able to paralyze victims. When Directed Threat is revealed, randomly choose two of your opponent's Allies (Defending or not) and Flip cards face-down	Standard Steadfast	StdS	playerNDeck
StdS_StdS801	Blasphemous Obeisance	mythos/standard-steadfast/Mythos-StandardSteadfast-BlasphemousObeisance.jpg	default	Spell	Skull			-2													F	May only be cast during Combat. Return a random card in the target Directed Threat to that player's Hand.	Standard Steadfast	StdS	playerNDeck
StdS_StdS901	Letter From a Friend	mythos/standard-steadfast/Mythos-StandardSteadfast-LetterFromAFriend.jpg	default	Tome	Skull	English	1														F		Standard Steadfast	StdS	playerNDeck
