databaseId	name	imageUrl	cardBack	type	packName	set	loadGroupId	player	cost	mu	keywords	stat	text	flavor	rarity	number
1c023752-448e-4c3a-8842-556a0956081d	Badtimes	netrunner-1996/classic/Netrunner1996-Classic-Badtimes.jpg	default	Operation	Classic	Classic	playerNDeck	corp	4	0	Virus	0	Play only if Runner is tagged. Runner's MU is reduced by 2 until end of turn.	"They always think it's a hoax."	Common	1
426f2c05-9db5-4350-b28c-cdb43e9d0b93	Baskerville	netrunner-1996/classic/Netrunner1996-Classic-Baskerville.jpg	default	Ice	Classic	Classic	playerNDeck	corp	10	0	Sentry-AP-Hellhound-Sleepy	4	@ Do 2 Net damage. @ Trace5– If trace is successful, give Runner a Baskerville counter. Each counter does 2 Net damage at the start of each run. Runner may remove a Baskerville counter by taking an action to spend [3]. @ End the run. If Runner has used a noisy icebreaker during this run, the cost to rez Baskerville is reduced by [5].		Rare	2
f6993313-8b94-440a-9bf5-3cf5bbec7b6f	Bolter Swarm	netrunner-1996/classic/Netrunner1996-Classic-BolterSwarm.jpg	default	Ice	Classic	Classic	playerNDeck	corp	8	0	Sentry-AP-Hellbolt-Sleepy	4	@ Do 4 Net damage. @ Runner cannot break any subroutines on the next piece of ice encountered during this run. If Runner has used a noisy icebreaker during this run, the cost to rez Bolter Swarm is reduced by [5].		Common	3
921c6c1c-e838-4b9d-8ef1-f711fb921c43	Brain Drain	netrunner-1996/classic/Netrunner1996-Classic-BrainDrain.jpg	default	Ice	Classic	Classic	playerNDeck	corp	3	0	Sentry-Black Ice-AP	3	@ Roll a die. On a 1, do 3 brain damage.	"Weefs never look 'up.'" -Edger	Rare	4
0cab80e4-a06d-409c-89b4-c96490783fb7	Corporate Shuffle	netrunner-1996/classic/Netrunner1996-Classic-CorporateShuffle.jpg	default	Operation	Classic	Classic	playerNDeck	corp	0	0	Double	0	Draw five cards, then shuffle a card stored in HQ into R&D. (Playing a double operation costs two consecutive actions this turn instead of one.)	"It's a shell game for the shareholders."	Common	5
797b3eb1-8a28-4a5a-a10c-ec84790f99ff	Data Fort Remapping	netrunner-1996/classic/Netrunner1996-Classic-DataFortRemapping.jpg	default	Agenda	Classic	Classic	playerNDeck	corp	4	0	Gray Ops	2	Put a Remap counter on Data Fort Remapping when you score it. Remap Counter: End a run.	"In netspace, the map is often the territory. That's just one more reason we don't hire philosopy grads." -Dave Michaels	Common	6
1e75ce69-610a-4914-9ce6-6ca59c70359d	Deadeye	netrunner-1996/classic/Netrunner1996-Classic-Deadeye.jpg	default	Ice	Classic	Classic	playerNDeck	corp	5	0	Sentry-Killer-Sleepy	0	@ Trash a program. @ End the run. If Runner has used a noisy icebreaker during this run, the cost to rez Deadeye is reduced by [5].	Wakes up shooting at the drop of a hat	Common	7
3d99ea9e-c942-4a7d-86b7-7d16dd2fd7ea	Dumpster	netrunner-1996/classic/Netrunner1996-Classic-Dumpster.jpg	default	Ice	Classic	Classic	playerNDeck	corp	5	0	Code Gate-Deflector	5	Dumpster cannot be installed on the Archives. @ Runner is now encountering the outermost piece of rezzed ice on the Archives, instead of passing Dumpster. The run is now considered to be a run on the Archives. If there is no rezzed ice on the Archives, Runner is considered to have passed the last piece of ice on the Archives.		Rare	8
e0b42f06-6274-4976-937c-947c5002503d	Entrapment	netrunner-1996/classic/Netrunner1996-Classic-Entrapment.jpg	default	Ice	Classic	Classic	playerNDeck	corp	2	0	Code Gate-Deflector	4	@ If you pay [2], Runner is now encountering the outermost piece of rezzed ice on a data fort of your choice, instead of passing Entrapment. The run is now considered to be a run on that data fort. If there is no rezzed ice on that fort, Runner is considered to have passed the last piece of ice on that fort.		Common	9
19ea719d-a121-4ed1-b354-8c2d64e875ee	Glacier	netrunner-1996/classic/Netrunner1996-Classic-Glacier.jpg	default	Ice	Classic	Classic	playerNDeck	corp	0	0	Wall	5	Rezzing Glacier cost 1 agenda point, in addition to the normal cost. @ End the run. @ End the run. [1]: Move Glacier to the outermost position of any other data fort. Use this ability only at the start of a run. You may use this ability even if Glacier is unrezzed, in which case, you reveal it.		Rare	10
c3e0761e-aab9-488e-b0de-a4fe55c12f99	Imperial Guard	netrunner-1996/classic/Netrunner1996-Classic-ImperialGuard.jpg	default	Ice	Classic	Classic	playerNDeck	corp	10	0	Sentry-Killer-Sleepy	5	@ Trash a program. @ End the run. If Runner has used a noisy icebreaker during this run, the cost to rez Imperial Guard is reduced by [5].		Common	11
8b0a0ca5-d6d6-440f-8f81-4486d252a545	Indiscriminate Response Team	netrunner-1996/classic/Netrunner1996-Classic-IndiscriminateResponseTeam.jpg	default	Node	Classic	Classic	playerNDeck	corp	0	0	Black Ops	2	After Runner makes a successful run, you may have Runner shuffle his or her hand into his or her stack and then draw as many cards as he or she had before.	"But did you get him?"	Rare	12
708ccc26-3847-4b3b-8f43-efb40073c08d	London City Grid	netrunner-1996/classic/Netrunner1996-Classic-LondonCityGrid.jpg	default	Upgrade	Classic	Classic	playerNDeck	corp	3	0	Region	6	Runner must pay [1], in addition to the normal cost, to use each subroutine of a noisy icebreaker during runs on this fort.	London: home to Big Ben, Buckingham Palace, and some of the nastiest, most insidious, and downright brilliant code this side of the Pond.	Rare	13
89abe50e-6c37-4fd2-ab8f-f80c5bd5e6e3	Puzzle	netrunner-1996/classic/Netrunner1996-Classic-Puzzle.jpg	default	Ice	Classic	Classic	playerNDeck	corp	2	0	Code Gate	5	@ End the run, and trash Puzzle at end of turn. @ End the run, and trash Puzzle at end of turn.		Common	14
fbb3ee83-c0a7-4437-ae4b-70a39efb44c1	Reclamation Project	netrunner-1996/classic/Netrunner1996-Classic-ReclamationProject.jpg	default	Operation	Classic	Classic	playerNDeck	corp	0	0	Double	0	Search the archives for any number of ice cards. Show those cards to Runner, then store them in HQ. (Playing a double operation costs two consecutive actions this turn instead of one.)	"The code's already there; why let it go to waste?"	Rare	15
08e5f4fc-ab2d-421e-ad04-c59f5a470829	Satellite Monitors	netrunner-1996/classic/Netrunner1996-Classic-SatelliteMonitors.jpg	default	Node	Classic	Classic	playerNDeck	corp	3	0		1	At the start of each of your turns, you may roll a die for each run Runner made during his or her last turn. For each 1, give Runner a tag.	"Say, isn't that your daughter?"	Common	16
7190dac8-aad9-497a-8c0c-58888acb33e6	Self-Destruct	netrunner-1996/classic/Netrunner1996-Classic-SelfDestruct.jpg	default	Upgrade	Classic	Classic	playerNDeck	corp	2	0	Ambush	0	Install Self-Destruct only in a subsidiary data fort. [T] Trash all other cards installed in or on this data fort. Do 1 Net damage for each card successfully trashed in this way. Use this ability only when Runner accesses Self-Destruct.	"This'll ream our bottom line unless we reclassify data-entry clerks as 'consumables.'"	Common	17
f7dae0ad-08c7-4192-92b1-80993eb083b7	Shock Treatment	netrunner-1996/classic/Netrunner1996-Classic-ShockTreatment.jpg	default	Upgrade	Classic	Classic	playerNDeck	corp	2	0	Ambush	5	When Runner accesses Shock Treatment, trash all pieces of hardware and two programs. Ignore this effect unless Runner has four or more tags.	"Yo, Bob, red light. Bob? Red Light! Bob, c'mon - I'm serious! GAH! Now there's a fire and a red light! Bob?"	Rare	18
d19babc7-6f36-492f-9d1b-7215a1561826	Sterdroid	netrunner-1996/classic/Netrunner1996-Classic-Sterdroid.jpg	default	Upgrade	Classic	Classic	playerNDeck	corp	0	0		0	[3], [T]: Choose a piece of ice. That ice's strength is doubled until end of turn. If this would raise the ice's strength above 10, ist strength becomes 10.	"Runners love this one like bikers adore wires across roads." -Norman Niemann, WuTech security director	Common	19
a46e300e-b167-442a-a63a-9b33a559e7da	Strategic Planning Group	netrunner-1996/classic/Netrunner1996-Classic-StrategicPlanningGroup.jpg	default	Node	Classic	Classic	playerNDeck	corp	2	0	Unique	4	Whenever you draw one or more cards, draw an extra card. Then place one of the drawn cards on the bottom of R&D.	"We don't plot; we faciliate."	Rare	20
e256eee9-4cc7-48e1-b8f0-28396d182197	Street Enforcer	netrunner-1996/classic/Netrunner1996-Classic-StreetEnforcer.jpg	default	Upgrade	Classic	Classic	playerNDeck	corp	1	0	Sysop	3	At the start of each run on this data fort, Runner loses [X], where X is equal to the number of tags Runner has.	"I think you know why I'm here."	Rare	21
58188906-00c0-4165-86f6-29149fbf50b8	Superserum	netrunner-1996/classic/Netrunner1996-Classic-Superserum.jpg	default	Agenda	Classic	Classic	playerNDeck	corp	3	0	Research	2	When you score Superserum, remove all Virus counters, and avoid receiving the next two Virus counters Runner gives to you.	"A holisitc approach to system immunology: its AI routines mark both computer viruses and suspect moles for deletion."	Rare	22
81b5d3ba-9197-44df-8de1-a5feaadc24ae	Theorem Proof	netrunner-1996/classic/Netrunner1996-Classic-TheoremProof.jpg	default	Agenda	Classic	Classic	playerNDeck	corp	5	0	Research	3	If Runner accesses Theorem Proof, he or she does not score it, but instead may install it as a 2 MU program that has the ability "[A]: Score Theorem Proof" but is removed from the game if it leaves play in any other way.		Rare	23
642f5b31-5729-4f03-a2fe-3429924d6d38	Trapdoor	netrunner-1996/classic/Netrunner1996-Classic-Trapdoor.jpg	default	Ice	Classic	Classic	playerNDeck	corp	3	0	Code Gate-Deflector	3	Install Trapdoor only on R&D or HQ. @ Runner is now encountering the outermost piece of rezzed ice on a subsidiary data fort of your choice, instead of passing Trapdoor. The run is now considered to be a run on that data fort. If there is no rezzed ice on that fort, Runner is considered to have passed the last piece of ice on that fort. Runner automatically breaks this subroutine if there are no subsidiary data forts.		Rare	24
e1411afc-f6ca-4b32-8ef4-4bfcea9c6b1d	Unlisted Research Lab	netrunner-1996/classic/Netrunner1996-Classic-UnlistedResearchLab.jpg	default	Agenda	Classic	Classic	playerNDeck	corp	3	0	Asset-Gray Ops	2	Draw an additional card at the start of each of your turns.	"You may feel some discomfort."	Common	25
20842690-c6c8-40ab-9463-bc6a55247d04	Vortex	netrunner-1996/classic/Netrunner1996-Classic-Vortex.jpg	default	Ice	Classic	Classic	playerNDeck	corp	0	0	Code Gate-Deflector	2	@ If you pay [2], Runner is now encountering the outermost piece of rezzed ice on a data fort of your choice, instead of passing Vortex. The run is now considered to be a run on that data fort. If there is no rezzed ice on that fort, Runner is considered to have passed the last piece of ice on that fort.		Common	26
9f5db6ba-f834-4fb3-8d74-ee1816174987	Boostergang Connections	netrunner-1996/classic/Netrunner1996-Classic-BoostergangConnections.jpg	default	Prep	Classic	Classic	playerNDeck	runner	7	0		0	Trash your hand. Search your stack for as many cards as were successfuly trashed in this way and bring them into your hand. Shuffle your stack afterward.	"If you don't fear death, they're great to hang with."	Rare	27
35830bc7-f693-4490-af7a-d05153540e88	Corruption	netrunner-1996/classic/Netrunner1996-Classic-Corruption.jpg	default	Prep	Classic	Classic	playerNDeck	runner	0	0		0	Play only if you scored any agendas this turn. Lose all agenda points you scored this turn, and the Corp scores that many agenda points. Gain [10] per agenda point lost in this way, and the Corp gives you a tag.	"Excuse me, Dave? Can I borrow 250,000 eb 'til payday?"	Rare	28
ea3613c6-7321-4c25-a898-39e797ae5bfd	Crash Space	netrunner-1996/classic/Netrunner1996-Classic-CrashSpace.jpg	default	Resource	Classic	Classic	playerNDeck	runner	2	0	Unique	0	Gain [1] at the start of each of your turns. All trace attempts are automatically successful, and give you a tag in addition to their other effects. If Crash Space leaves play lose [2]. [A] Trash Crash Space.		Rare	29
bf70a563-d00a-4580-98a9-64e1826cc887	Do the 'Drine™	netrunner-1996/classic/Netrunner1996-Classic-DoTheDrine.jpg	default	Prep	Classic	Classic	playerNDeck	runner	0	0		0	Suffer any amount of brain damage, but not enough to flatline you or to reduce your hand size to less than 0. Gain [4] for each point of brain damage you suffer in this way. This damage cannot be prevented.	"I may be stupid, but I'm rich!"	Rare	30
1faf731d-9f12-49dd-a3b0-2f2a1bfdaf6e	Early Worm	netrunner-1996/classic/Netrunner1996-Classic-EarlyWorm.jpg	default	Program	Classic	Classic	playerNDeck	runner	4	1	Icebreaker-Worm	2	[1]: Break wall subroutine. [2]: +3 strength	"The Early Worm gets the bird ... from corporate sysops." -AI Boone	Common	31
b735d143-9bd2-4a26-ac8b-123180c7103f	Elena Laskova	netrunner-1996/classic/Netrunner1996-Classic-ElenaLaskova.jpg	default	Resource	Classic	Classic	playerNDeck	runner	3	0	Connection-Unique	0	Whenever you play a prep, gain an additional [1] the first time you gain bits from its effet.	"... But somehow you never go away thinking you got the best of the deal."	Rare	32
b116fdf6-a800-4b80-b35c-a6711db0cb67	Executive File Clerk	netrunner-1996/classic/Netrunner1996-Classic-ExecutiveFileClerk.jpg	default	Resource	Classic	Classic	playerNDeck	runner	0	0	Connection-Hidden	0	[2],[T]: Look at all cards stored in HQ.	"I only signed a noncompete agreement; it didn't say anything about nondisclosure."	Common	33
519f48f3-399d-4145-8c5b-0e55f65c38b9	Finders Keepers	netrunner-1996/classic/Netrunner1996-Classic-FindersKeepers.jpg	default	Prep	Classic	Classic	playerNDeck	runner	7	0	Random	0	Roll three dice. Gain that many bits.	"Looks like both our luck's changed."	Common	34
428c3f35-8048-4dbf-87c9-96de551d84f3	Gypsy™ Schedule Analyzer	netrunner-1996/classic/Netrunner1996-Classic-GypsyScheduleAnalyzer.jpg	default	Prep	Classic	Classic	playerNDeck	runner	2	0		0	Make a run on R&D. If run is successful, do not access any cards. Instead, reveal cards one at a time from R&D until you reveal an agenda card or there are no cards left in R&D. Store the agenda, if any, in HQ and shuffle the other revealed cards, if any, into R&D.		Rare	35
791c1023-edb2-4c92-b12d-8ac919fc445f	Library Search	netrunner-1996/classic/Netrunner1996-Classic-LibrarySearch.jpg	default	Prep	Classic	Classic	playerNDeck	runner	2	0		0	Make a run on R&D or HQ. If run is successful, access two additional cards if you used no noisy icebreakers during the run and if no trace attempts were made during the run.		Common	36
def2c46b-25d6-4238-be92-c7f2b60779d8	Little Black Box	netrunner-1996/classic/Netrunner1996-Classic-LittleBlackBox.jpg	default	Hardware	Classic	Classic	playerNDeck	runner	4	0	Deck	0	Provides +1 MU and +1 hand size. Prevent up to 1 Net or brain damage each turn. Put [1] from the bank on Little Black Box when it is installed. Use this bit only to pay for increasing your link. If you use the bit, replace it from the bank at the start of your next turn.		Rare	37
5080a98c-b2a6-49c3-9ca7-3682c9ef41bf	Matador	netrunner-1996/classic/Netrunner1996-Classic-Matador.jpg	default	Program	Classic	Classic	playerNDeck	runner	4	1	Icebreaker-Killer	0	[1]: Break sentry subroutine. [3]: +5 strength	This little fella really cuts through the bull.	Common	38
ff78c830-06c8-4437-b03f-6912337983cb	Meat Upgrade	netrunner-1996/classic/Netrunner1996-Classic-MeatUpgrade.jpg	default	Prep	Classic	Classic	playerNDeck	runner	2	0	Double	0	Remove up to two tags, at no cost, and draw three cards. (Playing a double prep costs two consecutive actions this turn instead of one.)	They can make you gorgeous cheap, but to make you plain costs extra.	Rare	39
b4c454c6-9964-4110-8c2c-8408a7c189e7	MS-todon	netrunner-1996/classic/Netrunner1996-Classic-MSTodon.jpg	default	Program	Classic	Classic	playerNDeck	runner	4	1	Icebreaker-Killer-Noisy	2	[1]: Break sentry subroutine. [1]: +1 strength. The first time during each run that you break a sentry subroutine with MS-todon, lose all bits from all stealth cards, if you can, and the Corp gives you a tag.	This isn't running - it's stomping.	Common	40
f64a1e25-e1e7-4254-a349-3ca0485810fa	Networking	netrunner-1996/classic/Netrunner1996-Classic-Networking.jpg	default	Prep	Classic	Classic	playerNDeck	runner	3	0	Double	0	Gain [9]. (Playing a double prep costs two consecutive actions this turn instead of one.)	"It's not what you know or even who; it's how often."	Common	41
2c411091-bbd3-443e-a859-981efa6323b0	Omnitech "Spinal Tap" Cybermodem	netrunner-1996/classic/Netrunner1996-Classic-OmnitechSpinalTapCybermodem.jpg	default	Hardware	Classic	Classic	playerNDeck	runner	5	0	Deck-Random	0	Provides +1 Mu. Put [2] from the bank on Omnitech "Spinal Tap" Cybermodem when it is installed. Use this bits only to pay for using icebreakers during runs or increasing your link. If you use any of these bits, replace them at the start of your next turn.  At the start of each of your turns roll a die. On a 1, suffer 2 brain damage. This damage cannot be prevented.  If Omnitech "Spinal Tap" Cyermodem leaves play suffer 2 brain damage.		Rare	42
e2efcb4e-3361-46bb-b3e7-951239a2212d	Omnitech Wet Drive	netrunner-1996/classic/Netrunner1996-Classic-OmnitechWetDrive.jpg	default	Hardware	Classic	Classic	playerNDeck	runner	0	0	Cybernetics	0	Your base MU is equal to the number of cards in your hand instead of 4.	"Now with reduced long-term memory loss!" - Rejected marketing slogan	Rare	43
95545de0-a3f6-423d-a997-d7b4b166f91a	Panzer Run	netrunner-1996/classic/Netrunner1996-Classic-PanzerRun.jpg	default	Prep	Classic	Classic	playerNDeck	runner	1	0	Double	0	Gain [4] and draw two cards.	"So I just drive a truck from Point A to Point B? How hard can that be?"	Common	44
f12aaa95-4b80-4098-83fe-8b313d33f157	Psychic Friend	netrunner-1996/classic/Netrunner1996-Classic-PsychicFriend.jpg	default	Program	Classic	Classic	playerNDeck	runner	2	1	Icebreaker	1	[1]: Break code gate subroutine. [2]: +1 strength until end of turn	"Call now for ten nanoseconds of icebreaking absolutely free! (10 eb each subsequent ns.)"	Common	45
af5bcccc-5aa0-4b8a-9449-b6a1f850a482	Rent-I-Con	netrunner-1996/classic/Netrunner1996-Classic-RentICon.jpg	default	Program	Classic	Classic	playerNDeck	runner	3	2	Icebreaker	2	[1]: Break ice subroutine. At the end of this run, trash Rent-I-Con. [1]: +1 strength.	It's big and mean and lasts about sixteen microseconds.	Rare	46
ad9595d7-509f-449c-8ea4-6a3ebfd139f6	Running Interference	netrunner-1996/classic/Netrunner1996-Classic-RunningInterference.jpg	default	Prep	Classic	Classic	playerNDeck	runner	2	0	Double	0	Make a run. During that run, the Corp must pay [X], in addition to the normal cost, to rez each piece of ice, where X is the rez cost of that piece of ice.	"Look! A distraction!"	Rare	47
57f1e427-a665-4515-b5cf-61d7d214bf64	Sandbox Dig	netrunner-1996/classic/Netrunner1996-Classic-SandboxDig.jpg	default	Resource	Classic	Classic	playerNDeck	runner	0	0	Hidden	0	[3], [T]: Look at the top three cards stored in R&D.	"As long as the drones keep griping online, I'm in business."	Common	48
b63f3b45-e4f1-426d-b1a3-2db0978c8dfd	Schematics Search Engine	netrunner-1996/classic/Netrunner1996-Classic-SchematicsSearchEngine.jpg	default	Program	Classic	Classic	playerNDeck	runner	2	1		0	Whenever you access cards from HQ, expose all of the Corp's installed cards.	"Not only is the map the terrain - somtimes you can only get places by folding the map." -Edger	Rare	49
13cda53f-3daf-4719-8d3a-607b67b84b09	Superglue	netrunner-1996/classic/Netrunner1996-Classic-Superglue.jpg	default	Program	Classic	Classic	playerNDeck	runner	2	1		0	[T]: Derez a piece of ice. Use this ability only if you have just broken all the subroutines of that piece of ice.	"Epoxy both your houses!" -Bard	Common	50
8e3c2b5f-e572-4812-8bff-a85728101972	Vintage Camaro	netrunner-1996/classic/Netrunner1996-Classic-VintageCamaro.jpg	default	Hardware	Classic	Classic	playerNDeck	runner	1	0	Vehicle	0	[1], Forgo your next action: Avoid receiving a tag.	"I'm not firing a LAW at that! It's a classic!"	Common	51
076ee915-b9f8-45f3-b26a-c8e89c391960	Zetatech Portastation	netrunner-1996/classic/Netrunner1996-Classic-ZetatechPortastation.jpg	default	Hardware	Classic	Classic	playerNDeck	runner	3	0		0	Put [1] from the bank on Zetatech Portostation when it is installed. Use this bit only to pay for playing preps. If you use the bit, replace it from the bank at the start of your next turn.	"Zetatech. All you need is a brain, a deck, and a afriend." - Short-lived WNS ad campaign	Common	52
5b084516-f9f2-43a6-94df-5c3cce80f473	AI Chief Financial Officer	netrunner-1996/core-set/Netrunner1996-CoreSet-AIChiefFinancialOfficer.jpg	default	Agenda	Core Set	Core Set	playerNDeck	corp	5	0	Asset	2	A: Shuffle cards stored in HQ and the Archives into R&D  then draw five cards.		Rare	
de901db6-9cb7-4978-8ebf-4c735f93bd63	Artificial Security Directors	netrunner-1996/core-set/Netrunner1996-CoreSet-ArtificialSecurityDirectors.jpg	default	Agenda	Core Set	Core Set	playerNDeck	corp	3	0	Research	1	Difficulty of Black Ops agendas is reduced by 1.		Rare	
493d532f-da48-4a01-be65-d61a0b888ace	Bioweapons Engineering	netrunner-1996/core-set/Netrunner1996-CoreSet-BioweaponsEngineering.jpg	default	Agenda	Core Set	Core Set	playerNDeck	corp	4	0	Research	3	Each source of meat damage inflicts +1 meat damage.		Rare	
3b4cc108-87df-4d0e-8dec-9c04158457a5	Black Ice Quality Assurance	netrunner-1996/core-set/Netrunner1996-CoreSet-BlackIceQualityAssurance.jpg	default	Agenda	Core Set	Core Set	playerNDeck	corp	5	0	Research-Black Ops	2	All black ice has +2 strength.		Rare	
b6838762-3fcc-48bc-8ed8-d3d0370c5b14	Corporate Boon	netrunner-1996/core-set/Netrunner1996-CoreSet-CorporateBoon.jpg	default	Agenda	Core Set	Core Set	playerNDeck	corp	6	0	Asset	2	Put four Boon counters on Corporate Boon when you score it. Boon Counter: Gain an action. Use this ability only once per turn and only during your turn.		Vital	
2ea92dd6-a604-439c-9f91-d96189c3166b	Corporate Coup	netrunner-1996/core-set/Netrunner1996-CoreSet-CorporateCoup.jpg	default	Agenda	Core Set	Core Set	playerNDeck	corp	5	0	Black Ops	2	Put [15] from the bank on Corporate Coup when you score it.A: Take [3] from Corporate Coup, if it has any bits.		Vital	
271ea3ce-3582-4450-b05e-69326a4d6493	Corporate Downsizing	netrunner-1996/core-set/Netrunner1996-CoreSet-CorporateDownsizing.jpg	default	Agenda	Core Set	Core Set	playerNDeck	corp	3	0	Gray Ops	2	When you score Corporate Downsizing, show to Runner any number of agenda cards stored in HQ. Gain bits equal to twice the combined agenda points of these cards  then shuffle them into R&D.		Vital	
bb8dca9f-5072-4592-906a-e4ddb8737519	Corporate Retreat	netrunner-1996/core-set/Netrunner1996-CoreSet-CorporateRetreat.jpg	default	Agenda	Core Set	Core Set	playerNDeck	corp	4	0	Gray Ops	3	You lose the following ability as soon as you rez or install any card. A: Gain [2].		Vital	
23b7487c-7093-47ae-a6e9-d3911ad58c5a	Corporate War	netrunner-1996/core-set/Netrunner1996-CoreSet-CorporateWar.jpg	default	Agenda	Core Set	Core Set	playerNDeck	corp	3	0	Black Ops	3	If you have [12] or more bits in your pool when you score Corporate War, gain [12]  otherwise, lose all bits.		Vital	
bcdf9438-2a81-4804-818b-b08157233078	Data Fort Reclamation	netrunner-1996/core-set/Netrunner1996-CoreSet-DataFortReclamation.jpg	default	Agenda	Core Set	Core Set	playerNDeck	corp	4	0	Gray Ops	2	Gain [10] and choose up to four cards stored in HQ when you score Data Fort Reclamation. Create a new data fort using the cards chosen.  Install the cards one at a time  you may rez them when you install them. Then, return to the bank any of the [10] not spent.		Vital	
8ecd5a3a-77de-43ec-ac9d-de1487fb339e	Detroit Police Contract	netrunner-1996/core-set/Netrunner1996-CoreSet-DetroitPoliceContract.jpg	default	Agenda	Core Set	Core Set	playerNDeck	corp	4	0	Black Ops	1	Put [12] from the bank on Detroit Police Contract when you score it. Take [2] from Detroit Police Contract, if it has any bits, at the start of each of your turns.		Vital	
d58b7cf7-c456-483a-80cd-fb51487ea0d6	Employee Empowerment	netrunner-1996/core-set/Netrunner1996-CoreSet-EmployeeEmpowerment.jpg	default	Agenda	Core Set	Core Set	playerNDeck	corp	4	0	Gray Ops	3	You may choose to draw an additional card at the start of each of your turns. A: Draw two cards.		Vital	
c48c91d0-8253-42b3-9c69-918a464445e0	Encryption Breakthrough	netrunner-1996/core-set/Netrunner1996-CoreSet-EncryptionBreakthrough.jpg	default	Agenda	Core Set	Core Set	playerNDeck	corp	5	0	Research	2	All code gates have +1 strength. When you score Encryption Breakthrough, reveal as many code gates as you wish. Then, gain [1] for each revealed or rezzed code gate.		Rare	
38f8afe5-06bd-46a7-9b15-b7cd9401d05f	Executive Extraction	netrunner-1996/core-set/Netrunner1996-CoreSet-ExecutiveExtraction.jpg	default	Agenda	Core Set	Core Set	playerNDeck	corp	3	0	Black Ops	1	Difficulty of Gray Ops agendas is reduced by 1.		Rare	
37ebb001-a1c5-4601-8313-e3edbbaebbc9	Genetics-Visionary Acquisition	netrunner-1996/core-set/Netrunner1996-CoreSet-GeneticsVisionaryAcquisition.jpg	default	Agenda	Core Set	Core Set	playerNDeck	corp	3	0	Gray Ops	1	Difficulty of Research agendas is reduced by 1.		Rare	
375202f8-166b-4048-9066-aa99f77a99d3	Hostile Takeover	netrunner-1996/core-set/Netrunner1996-CoreSet-HostileTakeover.jpg	default	Agenda	Core Set	Core Set	playerNDeck	corp	3	0	Gray Ops	1	Gain [5] when you score Hostile Takeover.		Vital	
596e0ebb-2936-48ed-9a12-9215dccdc0cb	Ice Transmutation	netrunner-1996/core-set/Netrunner1996-CoreSet-IceTransmutation.jpg	default	Agenda	Core Set	Core Set	playerNDeck	corp	5	0	Research	3	Choose a piece of rezzed ice when you score Ice Transmutation. That ice now has +1 strength, and each subroutine on it is repeated once.  Treat this as if each repeated subroutine appeared immediately after the original subroutine.		Vital	
133a053d-26f1-477a-b4dc-aeac52918576	Main-Office Relocation	netrunner-1996/core-set/Netrunner1996-CoreSet-MainOfficeRelocation.jpg	default	Agenda	Core Set	Core Set	playerNDeck	corp	4	0	Gray Ops	3	Hand size +2		Vital	
3a8ed0bd-478e-47c7-8598-9cbb007d2b4b	Marine Arcology	netrunner-1996/core-set/Netrunner1996-CoreSet-MarineArcology.jpg	default	Agenda	Core Set	Core Set	playerNDeck	corp	3	0	Asset	2	A, A: Gain [3].		Vital	
58a2734d-2243-41ea-9ce6-df5cec5bbdf0	Netwatch Operations Office	netrunner-1996/core-set/Netrunner1996-CoreSet-NetwatchOperationsOffice.jpg	default	Agenda	Core Set	Core Set	playerNDeck	corp	5	0	Asset	2	A:Trace 2 -If trace is successful, give Runner a tag.		Vital	
a042c7e7-90af-4586-8474-4985ef5e4719	On-Call Solo Team	netrunner-1996/core-set/Netrunner1996-CoreSet-OnCallSoloTeam.jpg	default	Agenda	Core Set	Core Set	playerNDeck	corp	4	0	Asset	3	A: Do 1 meat damage. Use this ability only if Runner is tagged.		Vital	
02379962-7a55-4305-a649-69fb5936f022	Political Coup	netrunner-1996/core-set/Netrunner1996-CoreSet-PoliticalCoup.jpg	default	Agenda	Core Set	Core Set	playerNDeck	corp	4	0	Black Ops	2	Put [12] from the bank on Political Coup when you score it. A: Take [3] from Political Coup, if it has any bits.		Vital	
6affcdfc-a8f9-4154-bd0b-48af859c0811	Political Overthrow	netrunner-1996/core-set/Netrunner1996-CoreSet-PoliticalOverthrow.jpg	default	Agenda	Core Set	Core Set	playerNDeck	corp	9	0	Black Ops	6	A: Gain [3].		Rare	
77006d57-0ffe-444f-90d2-2dae1df8c392	Polymer Breakthrough	netrunner-1996/core-set/Netrunner1996-CoreSet-PolymerBreakthrough.jpg	default	Agenda	Core Set	Core Set	playerNDeck	corp	6	0	Research	3	Gain [1] at the start of each of your turns.		Vital	
49ce935a-864f-48f3-9633-a39a73ba7162	Priority Requisition	netrunner-1996/core-set/Netrunner1996-CoreSet-PriorityRequisition.jpg	default	Agenda	Core Set	Core Set	playerNDeck	corp	5	0	Gray Ops	3	You may rez a piece of ice, at no cost, when you score Priority Requisition.		Vital	
e50a73f0-510c-455b-b605-0caadfa03e3a	Private Cybernet Police	netrunner-1996/core-set/Netrunner1996-CoreSet-PrivateCybernetPolice.jpg	default	Agenda	Core Set	Core Set	playerNDeck	corp	7	0	Asset	2	A:Trace 5 -If trace is successful, give Runner a tag.		Vital	
0b1b92c6-d761-4aa8-83fc-350873c2e143	Project Babylon	netrunner-1996/core-set/Netrunner1996-CoreSet-ProjectBabylon.jpg	default	Agenda	Core Set	Core Set	playerNDeck	corp	3	0	Black Ops	1	Score 1 additional agenda point for every two advancement counters over Project Babylon's difficulty that are on Project Babylon when you score it.		Vital	
011e2cc5-1dfe-49ed-809e-bd4eceb57fcb	Security Net Optimization	netrunner-1996/core-set/Netrunner1996-CoreSet-SecurityNetOptimization.jpg	default	Agenda	Core Set	Core Set	playerNDeck	corp	5	0	Gray Ops	3	Choose a fort when you score Security Net Optimization. That fort gives all ice installed on it +1 strength.		Vital	
021db7be-99df-43a3-9f71-833ca5df8313	Security Purge	netrunner-1996/core-set/Netrunner1996-CoreSet-SecurityPurge.jpg	default	Agenda	Core Set	Core Set	playerNDeck	corp	3	0	Gray Ops	2	Show the top three cards of R&D to Runner when you score Security Purge. If any of those cards are ice, install and rez them, at no cost. Trash the rest of those cards.		Rare	
8d25c9a5-65c9-430a-892b-3a6f7082fd4a	Strike Force Kali	netrunner-1996/core-set/Netrunner1996-CoreSet-StrikeForceKali.jpg	default	Agenda	Core Set	Core Set	playerNDeck	corp	6	0	Asset	3	A: Do 2 meat damage. Use this ability only if Runner is tagged.		Rare	
8b6413a8-6656-4c62-bc1a-4bde77ec55d2	Subsidiary Branch	netrunner-1996/core-set/Netrunner1996-CoreSet-SubsidiaryBranch.jpg	default	Agenda	Core Set	Core Set	playerNDeck	corp	6	0	Gray Ops	1	Gain an action during each of your turns.		Vital	
d623ba28-723a-4aeb-a639-13c5e7ad0f3a	Superior Net Barriers	netrunner-1996/core-set/Netrunner1996-CoreSet-SuperiorNetBarriers.jpg	default	Agenda	Core Set	Core Set	playerNDeck	corp	6	0	Research	3	All walls have +1 strength. When you score Superior Net Barriers, reveal as many walls as you wish. Then, gain [1] for each revealed or rezzed wall.		Rare	
1fe116f0-3701-439e-a01d-75fa99db1ade	Tycho Extension	netrunner-1996/core-set/Netrunner1996-CoreSet-TychoExtension.jpg	default	Agenda	Core Set	Core Set	playerNDeck	corp	4	0	Asset-Banned	4			Vital	
5e1e44e3-89aa-428e-b5fa-14bba988dd63	Asp	netrunner-1996/core-set/Netrunner1996-CoreSet-Asp.jpg	default	Ice	Core Set	Core Set	playerNDeck	corp	4	0	Sentry-Flatline	4	@ Trace 5-If trace is successful, end the run, and Runner cannot run again until Runner takes an action to pay [1].		Common	
da29a22f-96c1-4b68-b8cd-e2b8397c74e0	Ball and Chain	netrunner-1996/core-set/Netrunner1996-CoreSet-BallAndChain.jpg	default	Ice	Core Set	Core Set	playerNDeck	corp	2	0	Code Gate	5	@ For the remainder of the run, Runner must pay [2] when encountering a piece of ice, in addition to any other costs, or end the run.		Uncommon	
619d31c7-2925-434a-9e58-295b39eebe96	Banpei	netrunner-1996/core-set/Netrunner1996-CoreSet-Banpei.jpg	default	Ice	Core Set	Core Set	playerNDeck	corp	4	0	Sentry-Killer	0	@ Trash a program.@ End the run.		Common	
856db093-6b22-4fd1-a28a-4c5538ea23ce	Bolter Cluster	netrunner-1996/core-set/Netrunner1996-CoreSet-BolterCluster.jpg	default	Ice	Core Set	Core Set	playerNDeck	corp	7	0	Sentry-AP-Hellbolt	4	@ Do 4 Net damage.@ Runner cannot break any subroutines of the next piece of ice encountered during the run.		Common	
9e2f2e6b-d152-455a-89b4-70f4594d1c4e	Canis Major	netrunner-1996/core-set/Netrunner1996-CoreSet-CanisMajor.jpg	default	Ice	Core Set	Core Set	playerNDeck	corp	0	0	Sentry-Watchdog	4	@ For the remainder of the run, all further ice is encountered at +2 strength.		Uncommon	
1cc00afb-aba9-497b-8166-8233d212d8a5	Canis Minor	netrunner-1996/core-set/Netrunner1996-CoreSet-CanisMinor.jpg	default	Ice	Core Set	Core Set	playerNDeck	corp	0	0	Sentry-Watchdog	5	@ For the remainder of the run, all further ice is encountered at +1 strength.		Uncommon	
55701d77-7a54-4bcc-ab3a-6e21192a8cff	Cerberus	netrunner-1996/core-set/Netrunner1996-CoreSet-Cerberus.jpg	default	Ice	Core Set	Core Set	playerNDeck	corp	11	0	Sentry-Black Ice-AP-Hellhound	5	@ Do 3 Net damage.@ Trace 5-If trace is successful, give Runner a Cerberus counter. Each Cerberus counter does 2 Net damage at the start of each run. Runner may remove a Cerberus counter by taking an action to spend [4].@ End the run.		Common	
d047307c-56df-47d3-ad09-b1787fe146e2	Cinderella	netrunner-1996/core-set/Netrunner1996-CoreSet-Cinderella.jpg	default	Ice	Core Set	Core Set	playerNDeck	corp	8	0	Sentry-Black Ice-AP-Firestarter	6	@ Trace 6-If trace is successful, end the run, trash a piece of hardware, and do 2 meat damage. This damage cannot be prevented.		Uncommon	
c8d67d7d-8a73-4658-a138-231d681e5a1b	Code Corpse	netrunner-1996/core-set/Netrunner1996-CoreSet-CodeCorpse.jpg	default	Ice	Core Set	Core Set	playerNDeck	corp	10	0	Sentry-Black Ice-AP-Zombie	5	@ Do 1 brain damage.@ Do 1 brain damage.@  End the run.		Uncommon	
0f493d5f-84c4-4bea-ad03-a2a68a59eab9	Cortical Scanner	netrunner-1996/core-set/Netrunner1996-CoreSet-CorticalScanner.jpg	default	Ice	Core Set	Core Set	playerNDeck	corp	7	0	Code Gate	3	@ End the run.@ End the run.@ End the run.		Rare	
da1b3988-129b-494f-a04a-97f806fc109b	Cortical Scrub	netrunner-1996/core-set/Netrunner1996-CoreSet-CorticalScrub.jpg	default	Ice	Core Set	Core Set	playerNDeck	corp	7	0	Sentry-Black Ice-AP-Brainwipe	3	@ Do 1 brain damage.@ End the run.		Common	
bfcc5ecf-c4f5-47cb-b1ae-9b4e714e59f3	Crystal Wall	netrunner-1996/core-set/Netrunner1996-CoreSet-CrystalWall.jpg	default	Ice	Core Set	Core Set	playerNDeck	corp	4	0	Wall	3	@ End the run.		Common	
c1129f58-dbc4-4b89-8761-64e7882a8eb7	D'Arc Knight	netrunner-1996/core-set/Netrunner1996-CoreSet-DArcKnight.jpg	default	Ice	Core Set	Core Set	playerNDeck	corp	6	0	Sentry-Killer	2	@ Trash a program.@ End the run.		Common	
0317a9cf-db56-4719-9d91-3cd18c960803	Data Darts	netrunner-1996/core-set/Netrunner1996-CoreSet-DataDarts.jpg	default	Ice	Core Set	Core Set	playerNDeck	corp	5	0	Sentry-AP-Hellbolt	3	@ Do 3 Net damage.@ Runner cannot break any subroutines of the next piece of ice encountered during the run.		Uncommon	
789cc9fd-c638-49ef-a400-7b658b08685f	Data Naga	netrunner-1996/core-set/Netrunner1996-CoreSet-DataNaga.jpg	default	Ice	Core Set	Core Set	playerNDeck	corp	9	0	Sentry-Killer	5	@ Trash a program.@ End the run.		Uncommon	
f3a8b3bf-3b67-49c7-b828-b41070740214	Data Raven	netrunner-1996/core-set/Netrunner1996-CoreSet-DataRaven.jpg	default	Ice	Core Set	Core Set	playerNDeck	corp	5	0	Sentry	5	@ Trace 5 -If trace is successful, give Runner a tag and a Data Raven counter. Each Data Raven counter gives Runner a tag at the start of each of his or her turns. Runner may remove a Data Raven counter by taking an action to pay [1].		Uncommon	
8702c80e-84b5-4439-89b1-6767379d03c2	Data Wall	netrunner-1996/core-set/Netrunner1996-CoreSet-DataWall.jpg	default	Ice	Core Set	Core Set	playerNDeck	corp	1	0	Wall	0	@ End the run.		Common	
5a5a8aa2-b043-4d44-8812-2cdf33ef0f9c	Data Wall 2.0	netrunner-1996/core-set/Netrunner1996-CoreSet-DataWall20.jpg	default	Ice	Core Set	Core Set	playerNDeck	corp	2	0	Wall	1	@ End the run.		Common	
5603f267-61f1-4684-9ae6-8649a273cf8f	Endless Corridor	netrunner-1996/core-set/Netrunner1996-CoreSet-EndlessCorridor.jpg	default	Ice	Core Set	Core Set	playerNDeck	corp	4	0	Code Gate	2	@ End the run.@ End the run.		Rare	
a7d2553a-417f-484e-95e7-a32bc2a4c768	Fang	netrunner-1996/core-set/Netrunner1996-CoreSet-Fang.jpg	default	Ice	Core Set	Core Set	playerNDeck	corp	5	0	Sentry-Pit Bull	4	@ Trace 4-If trace is successful, end the run, and Runner cannot run again until Runner takes an action to pay [2].		Common	
0f290a3c-8f20-4e8f-b3df-39b1b097e439	Fang 2.0	netrunner-1996/core-set/Netrunner1996-CoreSet-Fang20.jpg	default	Ice	Core Set	Core Set	playerNDeck	corp	6	0	Sentry-Pit Bull	5	@ Trace 5-If trace is successful, end the run, and Runner cannot run again until Runner takes an action to pay [2].		Common	
35c3d1bb-2cd1-4b05-bcf5-e76c65b4a37d	Fatal Attractor	netrunner-1996/core-set/Netrunner1996-CoreSet-FatalAttractor.jpg	default	Ice	Core Set	Core Set	playerNDeck	corp	1	0	Sentry-Black Ice-AP	4	@ The next time Runner encounters a piece of ice during the run, do 3 Net damage unless Runner breaks all subroutines of that piece of ice.		Rare	
503f0967-6270-45f0-a0cb-5b78d28bdb00	Fetch 4.0.1	netrunner-1996/core-set/Netrunner1996-CoreSet-Fetch401.jpg	default	Ice	Core Set	Core Set	playerNDeck	corp	0	0	Sentry-Bloodhound	3	@ Trace 3-If trace is successful, give Runner a tag.		Common	
3d6a3768-f3da-452e-9bb3-9fc06349d064	Filter	netrunner-1996/core-set/Netrunner1996-CoreSet-Filter.jpg	default	Ice	Core Set	Core Set	playerNDeck	corp	0	0	Code Gate	0	@ End the run.		Common	
9acbcf66-b56b-4508-bca8-646295ed5e36	Fire Wall	netrunner-1996/core-set/Netrunner1996-CoreSet-FireWall.jpg	default	Ice	Core Set	Core Set	playerNDeck	corp	5	0	Wall	4	@ End the run.		Common	
eabfe52b-d2fa-412c-bf1b-c5af6d53d945	Fragmentation Storm	netrunner-1996/core-set/Netrunner1996-CoreSet-FragmentationStorm.jpg	default	Ice	Core Set	Core Set	playerNDeck	corp	6	0	Sentry-Flatline	4	@ Trace 4-If trace is successful, end the run and trash a program, and Runner cannot run again until Runner takes an action to pay [1].		Uncommon	
7de0f60d-d549-4648-b8a5-be922ee56851	Haunting Inquisition	netrunner-1996/core-set/Netrunner1996-CoreSet-HauntingInquisition.jpg	default	Ice	Core Set	Core Set	playerNDeck	corp	8	0	Code Gate	6	@ Runner cannot make another run during his or her next six actions.@ End the run.		Rare	
18af6f18-20f3-40ea-ab6b-48551e2fe9e6	Homewrecker	netrunner-1996/core-set/Netrunner1996-CoreSet-Homewrecker.jpg	default	Ice	Core Set	Core Set	playerNDeck	corp	7	0	Sentry-Black Ice-AP-Firestarter	5	@ Trace 5-If trace is successful, end the run, trash a piece of hardware, and do 2 meat damage. This damage cannot be prevented.		Common	
cde4ed13-3fc4-4054-a887-7d6ff8befbc0	Hunter	netrunner-1996/core-set/Netrunner1996-CoreSet-Hunter.jpg	default	Ice	Core Set	Core Set	playerNDeck	corp	2	0	Sentry-Bloodhound	5	@ Trace 5-If trace is succesful, give Runner a tag.		Uncommon	
add93be1-f428-4770-8f42-793f70aeb8bb	Ice Pick Willie	netrunner-1996/core-set/Netrunner1996-CoreSet-IcePickWillie.jpg	default	Ice	Core Set	Core Set	playerNDeck	corp	5	0	Sentry-Killer	1	@ Trash a program.@ End the run.		Common	
d6e888c1-43ed-4102-8e4a-e53ab5efb67c	Jack Attack	netrunner-1996/core-set/Netrunner1996-CoreSet-JackAttack.jpg	default	Ice	Core Set	Core Set	playerNDeck	corp	3	0	Sentry-AP	3	@ For the remainder of the run, Runner cannot jack out.@ Trace 5-If trace is successful, give Runner a tag.		Uncommon	
1f681197-fee7-4b1d-a619-361bb88f2d2c	Keeper	netrunner-1996/core-set/Netrunner1996-CoreSet-Keeper.jpg	default	Ice	Core Set	Core Set	playerNDeck	corp	4	0	Code Gate	4	@ End the run.		Common	
6789318d-a0d8-4d4d-bb78-be539bc81de9	Laser Wire	netrunner-1996/core-set/Netrunner1996-CoreSet-LaserWire.jpg	default	Ice	Core Set	Core Set	playerNDeck	corp	4	0	Wall	2	@ Do 1 Net damage.@ End the run.		Rare	
889e793a-0b2d-4408-b894-175649bb1560	Liche	netrunner-1996/core-set/Netrunner1996-CoreSet-Liche.jpg	default	Ice	Core Set	Core Set	playerNDeck	corp	14	0	Sentry-Black Ice-AP	6	@ Do 1 brain damage.@ Do 1 brain damage.@ Do 1 brain damage.@ End the run.		Uncommon	
05dc8c06-e801-4bee-9b01-1b5c47d5a8f6	Mastiff	netrunner-1996/core-set/Netrunner1996-CoreSet-Mastiff.jpg	default	Ice	Core Set	Core Set	playerNDeck	corp	12	0	Sentry-Black Ice-AP-Hellhound-Watchdog	5	@ Do 1 brain damage.@ Do 1 Net damage.@ For the remainder of the run, all ice is encountered at +1 strength.@ Trace 5-If trace is successful, give Runner a Mastiff counter. Each Mastiff counter does 1 brain damage at the start of each run. Runner may removove a Mastiff counter by taking an action to spend[4]. @ End the run		Uncommon	
a0bd6839-5c54-4258-8f2a-2e5e4d1f977d	Mazer	netrunner-1996/core-set/Netrunner1996-CoreSet-Mazer.jpg	default	Ice	Core Set	Core Set	playerNDeck	corp	5	0	Code Gate	5	@ End the run.		Uncommon	
99c59918-1957-4ed9-a1e0-d627eba65e03	Nerve Labyrinth	netrunner-1996/core-set/Netrunner1996-CoreSet-NerveLabyrinth.jpg	default	Ice	Core Set	Core Set	playerNDeck	corp	6	0	Code Gate	4	@ Do 2 Net damage.@ End the run.		Rare	
dd86abe8-e3b7-455e-ac90-cbf0d09d3c26	Neural Blade	netrunner-1996/core-set/Netrunner1996-CoreSet-NeuralBlade.jpg	default	Ice	Core Set	Core Set	playerNDeck	corp	4	0	Sentry-AP-Sword	4	@ Do 1 Net damage.@ Runner cannot break any subroutines of the next piece of ice encountered during the run.		Common	
a5171157-2f02-493c-8201-6e8927664164	PI in the 'Face	netrunner-1996/core-set/Netrunner1996-CoreSet-PIInTheFace.jpg	default	Ice	Core Set	Core Set	playerNDeck	corp	5	0	Sentry-DecKrash	3	@ End the run.		Common	
96f11d49-434d-4f52-b144-cd8346929e30	Pocket Virtual Reality	netrunner-1996/core-set/Netrunner1996-CoreSet-PocketVirtualReality.jpg	default	Ice	Core Set	Core Set	playerNDeck	corp	7	0	Sentry	4	@ Trace 6-If trace is successful, give Runner a tag.@ Trace 6 - If trace is successful, give Runner a tag. Whenever Pocket Virtual Reality is encountered, gain [4]. Use these bits only to pay for the above traces. When the encounter ends, return to the bank any of the [4] you did not spend.		Uncommon	
f97a4334-69ee-4cb6-b2d4-0caaee2497b2	Quandary	netrunner-1996/core-set/Netrunner1996-CoreSet-Quandary.jpg	default	Ice	Core Set	Core Set	playerNDeck	corp	2	0	Code Gate	2	@ End the run.		Common	
ad846d88-b512-4521-b27d-d92d3f8052ba	Razor Wire	netrunner-1996/core-set/Netrunner1996-CoreSet-RazorWire.jpg	default	Ice	Core Set	Core Set	playerNDeck	corp	6	0	Wall	3	@ Do 2 Net damage.@ End the run.		Rare	
1d97c3d9-2f3f-44a2-a939-75d4dee67760	Reinforced Wall	netrunner-1996/core-set/Netrunner1996-CoreSet-ReinforcedWall.jpg	default	Ice	Core Set	Core Set	playerNDeck	corp	8	0	Wall	4	@ End the run.@ End the run.		Rare	
784693e7-b1eb-47b4-a9d1-a7ed097cef6b	Rex	netrunner-1996/core-set/Netrunner1996-CoreSet-Rex.jpg	default	Ice	Core Set	Core Set	playerNDeck	corp	4	0	Sentry-Pit Bull	3	@ Trace 3-If trace is successful, end the run, and Runner cannot run again until Runner takes an action to pay [2].		Common	
3d790e3a-7c1e-4971-94e8-fcadb308fe82	Rock is Strong	netrunner-1996/core-set/Netrunner1996-CoreSet-RockIsStrong.jpg	default	Ice	Core Set	Core Set	playerNDeck	corp	6	0	Wall	5	@ End the run.		Uncommon	
e7b26a5c-2c51-4c35-9d21-34ca77b82211	Scramble	netrunner-1996/core-set/Netrunner1996-CoreSet-Scramble.jpg	default	Ice	Core Set	Core Set	playerNDeck	corp	3	0	Code Gate	3	@ End the run.		Common	
b09464a3-31f4-4f37-8391-07eaf40a888f	Sentinels Prime	netrunner-1996/core-set/Netrunner1996-CoreSet-SentinelsPrime.jpg	default	Ice	Core Set	Core Set	playerNDeck	corp	8	0	Sentry-Killer	4	@ Trash a program.@ End the run.		Uncommon	
0613ca4f-4588-4e76-abf8-0065b9a955ab	Shock.r	netrunner-1996/core-set/Netrunner1996-CoreSet-ShockR.jpg	default	Ice	Core Set	Core Set	playerNDeck	corp	1	0	Sentry-AP-Stun	3	@ Runner cannot break any subroutines of the next piece of ice encountered during the run, and cannot jack out until after that encounter.		Uncommon	
b11fde47-45bf-41b7-83d3-85ea2555f299	Shotgun Wire	netrunner-1996/core-set/Netrunner1996-CoreSet-ShotgunWire.jpg	default	Ice	Core Set	Core Set	playerNDeck	corp	8	0	Wall	5	@ Do 2 Net damage.@ End the run.		Rare	
7e2e85d1-49cb-4b11-b1b8-846e5d0120d5	Sleeper	netrunner-1996/core-set/Netrunner1996-CoreSet-Sleeper.jpg	default	Ice	Core Set	Core Set	playerNDeck	corp	1	0	Code Gate	1	@ End the run.		Common	
901547b2-eae1-43ae-b764-c70623a6c54f	TKO 2.0	netrunner-1996/core-set/Netrunner1996-CoreSet-TKO20.jpg	default	Ice	Core Set	Core Set	playerNDeck	corp	7	0	Sentry-AP-Knockout	4	@ End the run, and Runner forgoes his or her next action.		Common	
4db7976c-72bc-4f22-8158-d77aaf8de56b	Too Many Doors	netrunner-1996/core-set/Netrunner1996-CoreSet-TooManyDoors.jpg	default	Ice	Core Set	Core Set	playerNDeck	corp	1	0	Sentry	3	@ Secretly spend [0], [1], or [2]   Runner does the same. Then you and Runner reveal how much each of you spent. End the run unless you spent as many bits as Runner spent.		Rare	
17f95df9-f238-4e57-9e84-f771013585b5	Triggerman	netrunner-1996/core-set/Netrunner1996-CoreSet-Triggerman.jpg	default	Ice	Core Set	Core Set	playerNDeck	corp	7	0	Sentry-Killer	3	@ Trash a program.@ End the run.		Common	
4d4b8bc5-e77d-442c-b7f2-e1e880fa8efa	Tutor	netrunner-1996/core-set/Netrunner1996-CoreSet-Tutor.jpg	default	Ice	Core Set	Core Set	playerNDeck	corp	4	0	Code Gate	5	@ For the remainder of the run, all ice encountered has an additional subroutine, @ End the run, after all other subroutines.		Rare	
53128597-bf82-49d8-adfd-8604b63fc89c	Vacuum Link	netrunner-1996/core-set/Netrunner1996-CoreSet-VacuumLink.jpg	default	Ice	Core Set	Core Set	playerNDeck	corp	3	0	Sentry-Random	5	@ Roll a die. If you roll a 1, 2, or 3, Runner resumes the run from that many pieces of rezzed ice back, or jacks out. If there are not that many pieces of ice, Runner returns to the first piece of ice.		Rare	
d6a3a96d-6749-4648-a4c8-519c06a8abdb	Viral 15	netrunner-1996/core-set/Netrunner1996-CoreSet-Viral15.jpg	default	Ice	Core Set	Core Set	playerNDeck	corp	5	0	Sentry	3	@ For the remainder of the run, Runner must pay [1] to jack out, in addition to any other costs.@ For the remainder of the run, Runner trashes an installed program after passing each piece of rezzed, including Viral 15, unless Runner jacks out.		Uncommon	
f6624fdf-c82d-480b-bc95-50ec46ed7ba7	Virizz	netrunner-1996/core-set/Netrunner1996-CoreSet-Virizz.jpg	default	Ice	Core Set	Core Set	playerNDeck	corp	2	0	Sentry	4	@ For the remainder of the run, Runner must pay an additional [1] to break each  subroutine.		Uncommon	
d0dd8e5d-e48c-4b4f-a7e7-df5debf770d4	Wall of Ice	netrunner-1996/core-set/Netrunner1996-CoreSet-WallOfIce.jpg	default	Ice	Core Set	Core Set	playerNDeck	corp	13	0	Wall	6	@ Do 2 Net damage.@ Do 2 Net damage.@ End the run.@ End the run.		Rare	
c330e971-e92c-45d7-bc1c-39aaf5f8904c	Wall of Static	netrunner-1996/core-set/Netrunner1996-CoreSet-WallOfStatic.jpg	default	Ice	Core Set	Core Set	playerNDeck	corp	3	0	Wall	2	@ End the run.		Common	
ec86d8d9-d670-4379-a66e-2d053f95b0e6	Zombie	netrunner-1996/core-set/Netrunner1996-CoreSet-Zombie.jpg	default	Ice	Core Set	Core Set	playerNDeck	corp	9	0	Sentry-Black Ice-AP-Zombie	4	@ Do 1 brain damage.@ Do 1 brain damage.@ End the run.		Common	
84764c16-0b4a-4c15-985b-307c518bdb00	Accounts Receivable	netrunner-1996/core-set/Netrunner1996-CoreSet-AccountsReceivable.jpg	default	Operation	Core Set	Core Set	playerNDeck	corp	5	0	Transactions	0	Gain [9].		Common	
8983975a-901d-4632-bca0-1cc1f360b547	Annual Reviews	netrunner-1996/core-set/Netrunner1996-CoreSet-AnnualReviews.jpg	default	Operation	Core Set	Core Set	playerNDeck	corp	0	0		0	Draw three cards.		Uncommon	
eaf07170-c8e8-45cc-a9dd-f6a061d27a9a	Audit of Call Records	netrunner-1996/core-set/Netrunner1996-CoreSet-AuditOfCallRecords.jpg	default	Operation	Core Set	Core Set	playerNDeck	corp	0	0		0	Play only if Runner attempted two or more runs during his or her last turn.  Trace 5-If trace is successful, give Runner a tag.		Common	
2a59259e-f4b5-43a8-8c42-04b03c3b979e	Chance Observation	netrunner-1996/core-set/Netrunner1996-CoreSet-ChanceObservation.jpg	default	Operation	Core Set	Core Set	playerNDeck	corp	2	0		0	Play only if Runner attempted a run during his or her last turn. Trace 5-If trace is successful, give Runner a tag.		Common	
e3cdbb84-a648-4967-8316-ad0ade1f3c32	Closed Accounts	netrunner-1996/core-set/Netrunner1996-CoreSet-ClosedAccounts.jpg	default	Operation	Core Set	Core Set	playerNDeck	corp	1	0	Gray Ops	0	Play only if Runner is tagged. Runner loses all bits.		Uncommon	
22af3df8-f19f-41ad-abc7-f2e873a6fbe7	Corporate Detective Agency	netrunner-1996/core-set/Netrunner1996-CoreSet-CorporateDetectiveAgency.jpg	default	Operation	Core Set	Core Set	playerNDeck	corp	1	0		0	Play only if Runner is tagged. Trash up to two resources, at no cost.		Uncommon	
ff373795-057b-4f8d-9b9e-f61c3057bed6	Datapool by Zetatech	netrunner-1996/core-set/Netrunner1996-CoreSet-DatapoolByZetatech.jpg	default	Operation	Core Set	Core Set	playerNDeck	corp	1	0	Gray Ops	0	Play only if Runner is tagged. Give Runner two tags.		Uncommon	
2125e5bc-0ec5-4383-a3c7-bba7853ac237	Day Shift	netrunner-1996/core-set/Netrunner1996-CoreSet-DayShift.jpg	default	Operation	Core Set	Core Set	playerNDeck	corp	0	0		0	Draw two cards and gain [1].		Uncommon	
54a22e1c-0e7d-4621-9857-28a18edcb98a	Edgerunner, Inc., Temps	netrunner-1996/core-set/Netrunner1996-CoreSet-EdgerunnerIncTemps.jpg	default	Operation	Core Set	Core Set	playerNDeck	corp	1	0		0	Gain three consecutive actions, which you may use only to install cards. You are not required to take all three of these actions.		Uncommon	
90e2061b-b504-4683-ba11-7bb3674c2ffa	Efficiency Experts	netrunner-1996/core-set/Netrunner1996-CoreSet-EfficiencyExperts.jpg	default	Operation	Core Set	Core Set	playerNDeck	corp	0	0	Transactions	0	Gain [3].		Common	
4626f835-dcb2-426f-8207-1a91bebec8fa	Falsified Transactions Expert	netrunner-1996/core-set/Netrunner1996-CoreSet-FalsifiedTransactionsExpert.jpg	default	Operation	Core Set	Core Set	playerNDeck	corp	1	0		0	Move up to three advancement counters from one card to another installed card that can be advanced.		Rare	
621c78ed-011a-401c-bd58-909aa765ee85	Management Shake-Up	netrunner-1996/core-set/Netrunner1996-CoreSet-ManagementShakeUp.jpg	default	Operation	Core Set	Core Set	playerNDeck	corp	10	0		0	Add three advancement counters to any combination of installed cards that can be advanced.		Common	
01f644d6-7bfa-4485-a90f-bcfa46d0f773	Netwatch Credit Voucher	netrunner-1996/core-set/Netrunner1996-CoreSet-NetwatchCreditVoucher.jpg	default	Operation	Core Set	Core Set	playerNDeck	corp	0	0	Gray Ops	0	Play only if Runner is tagged. Give Runner a tag, and gain [1].		Common	
bc5586c5-6488-4c53-81d4-049b9385cec8	New Blood	netrunner-1996/core-set/Netrunner1996-CoreSet-NewBlood.jpg	default	Operation	Core Set	Core Set	playerNDeck	corp	0	0		0	Conceal all revealed but unrezzed ice  then rearrange your installed ice by swapping pairs of ice while Runner looks away.		Rare	
113470ff-af32-46fe-ac55-7fe664ae301c	Night Shift	netrunner-1996/core-set/Netrunner1996-CoreSet-NightShift.jpg	default	Operation	Core Set	Core Set	playerNDeck	corp	0	0		0	Gain [2] and draw one card.		Common	
9f4847bd-4881-4830-a458-be9976ab642a	Off-Site Backups	netrunner-1996/core-set/Netrunner1996-CoreSet-OffSiteBackups.jpg	default	Operation	Core Set	Core Set	playerNDeck	corp	0	0		0	Bring any card from the Archives into HQ.		Uncommon	
d12d1894-da73-4d2e-a13a-9146c83539cf	Overtime Incentives	netrunner-1996/core-set/Netrunner1996-CoreSet-OvertimeIncentives.jpg	default	Operation	Core Set	Core Set	playerNDeck	corp	4	0		0	Gain two actions.		Uncommon	
7c08b121-6cb3-48ea-974c-17a661b839d4	Planning Consultants	netrunner-1996/core-set/Netrunner1996-CoreSet-PlanningConsultants.jpg	default	Operation	Core Set	Core Set	playerNDeck	corp	0	0	Gray Ops	0	Look at the top five cards of R&D and arrange them in any order you choose.		Common	
a805eabe-472e-4a35-9971-84ee526ce910	Power Grid Overload	netrunner-1996/core-set/Netrunner1996-CoreSet-PowerGridOverload.jpg	default	Operation	Core Set	Core Set	playerNDeck	corp	0	0	Gray Ops	0	Play only if Runner is tagged. Trash X pieces of hardware, other than cybernetics.		Uncommon	
a00485de-dd36-4cb9-b794-cbcecfb19bde	Project Consultants	netrunner-1996/core-set/Netrunner1996-CoreSet-ProjectConsultants.jpg	default	Operation	Core Set	Core Set	playerNDeck	corp	12	0		0	Add four advancement counters to any combination of installed cards that can be advanced.		Uncommon	
11b7d12e-6b63-4c4f-83a7-6ca032679813	Punitive Counterstrike	netrunner-1996/core-set/Netrunner1996-CoreSet-PunitiveCounterstrike.jpg	default	Operation	Core Set	Core Set	playerNDeck	corp	0	0	Black Ops	0	Play only if Runner is tagged. Do 2 meat damage.		Uncommon	
c7a61870-b1ab-4a9a-b0ca-b65c3cf295b5	Scorched Earth	netrunner-1996/core-set/Netrunner1996-CoreSet-ScorchedEarth.jpg	default	Operation	Core Set	Core Set	playerNDeck	corp	3	0	Black Ops	0	Play only if Runner is tagged. Do 4 meat damage.		Uncommon	
9564ee0c-7009-42d3-a994-395c8f3cfff0	Silver Lining Recovery Protocol	netrunner-1996/core-set/Netrunner1996-CoreSet-SilverLiningRecoveryProtocol.jpg	default	Operation	Core Set	Core Set	playerNDeck	corp	0	0		0	If any agendas were stolen during Runner's last turn, gain bits equal to three times the number of advancement counters those agendas had.		Rare	
0f2de20b-ae09-488e-a7b7-60703c189125	Systematic Layoffs	netrunner-1996/core-set/Netrunner1996-CoreSet-SystematicLayoffs.jpg	default	Operation	Core Set	Core Set	playerNDeck	corp	5	0		0	Add two advancement counters to any combination of installed cards that can be advanced.		Common	
77974d8f-3f58-4ffc-a186-26749c7c39d6	Team Restructuring	netrunner-1996/core-set/Netrunner1996-CoreSet-TeamRestructuring.jpg	default	Operation	Core Set	Core Set	playerNDeck	corp	1	0		0	Add one advancement counter to each of up to two installed cards that can be advanced.		Uncommon	
59566f06-aa64-4dba-b843-9c58ac190cf4	Trojan Horse	netrunner-1996/core-set/Netrunner1996-CoreSet-TrojanHorse.jpg	default	Operation	Core Set	Core Set	playerNDeck	corp	2	0		0	Play only if Runner stole any agendas during his or her last turn. Give Runner a tag.		Common	
889ee4c2-584d-4d00-8a0c-2431b8649334	Urban Renewal	netrunner-1996/core-set/Netrunner1996-CoreSet-UrbanRenewal.jpg	default	Operation	Core Set	Core Set	playerNDeck	corp	6	0	Black Ops	0	Play only if Runner is tagged. Do 5 meat damage.		Common	
870e8ecb-e4bb-436c-b231-86d602b65c77	Aardvark	netrunner-1996/core-set/Netrunner1996-CoreSet-Aardvark.jpg	default	Upgrade	Core Set	Core Set	playerNDeck	corp	0	0		4	Runner cannot use worms during runs on this fort. If Runner uses a worm during a run on this fort before Aardvark is rezzed, you may rez Aardvark to trash that worm, and any bits spent using that worm on the current piece of ice are lost to no effect. Runney may then use further Icebreakers to break the Ice.		Rare	
413364d6-d82e-430b-b395-ce64e1cae6ff	ACME Savings and Loan	netrunner-1996/core-set/Netrunner1996-CoreSet-ACMESavingsAndLoan.jpg	default	Node	Core Set	Core Set	playerNDeck	corp	0	0	Transactions	0	Rezzing ACME S&L costs 1 agenda point, in addition to the normal cost. When you rez ACME S&L, gain [12] and trash ACME S&L. For the remainder of the game, pay [1] at the end of each of your turns, or lose the game. You can remove this effect, and score 1 agenda point by taking an action to pay [12].		Uncommon	
d15cff67-d0e1-418e-9be0-815bc65aafc2	Antiquated Interface Routines	netrunner-1996/core-set/Netrunner1996-CoreSet-AntiquatedInterfaceRoutines.jpg	default	Upgrade	Core Set	Core Set	playerNDeck	corp	2	0		1	All ice on this fort has +1 strength.		Uncommon	
f7975a97-1c98-4f0b-954c-d9ccbed6ec04	BBS Whispering Campaign	netrunner-1996/core-set/Netrunner1996-CoreSet-BBSWhisperingCampaign.jpg	default	Node	Core Set	Core Set	playerNDeck	corp	0	0	Advertisement	4	Put [16] from the bank on BBS Whispering Campaign when you rez it.  When all the bits have been removed, trash BBS Whispering Campaign. A: Take [2] from BBS Whispering Campaign.		Common	
abb5a8ed-2e77-474c-8ede-ee61bb7f4bdd	Bizarre Encryption Scheme	netrunner-1996/core-set/Netrunner1996-CoreSet-BizarreEncryptionScheme.jpg	default	Upgrade	Core Set	Core Set	playerNDeck	corp	0	0		1	Runner does not score any agenda (or agendas) during a run in which Bizarre Encryption Scheme is accessed  return that agenda to the fort instead. Runner scores the agenda at the start of his or her next turn if neither you nor Runner has scored it by then. This does not affect any further runs.		Uncommon	
496641c2-771a-4523-b752-91063159e076	Blood Cat	netrunner-1996/core-set/Netrunner1996-CoreSet-BloodCat.jpg	default	Node	Core Set	Core Set	playerNDeck	corp	6	0	AI	0	A:Trace 5 -If trace is successful, give Runner a tag.		Rare	
f7d775a1-daab-4c53-9083-621ff53790bf	Braindance Campaign	netrunner-1996/core-set/Netrunner1996-CoreSet-BraindanceCampaign.jpg	default	Node	Core Set	Core Set	playerNDeck	corp	6	0	Advertisement-Gray Ops	7	Put [12] from the bank on Braindance Campaign when you rez it. Take [2] from Braindance Campaign at the start of each of your turns. When all the bits have been removed, trash Braindance Campaign.		Common	
6b19beeb-36c9-4351-955b-a10c3162c388	Chester Mix	netrunner-1996/core-set/Netrunner1996-CoreSet-ChesterMix.jpg	default	Upgrade	Core Set	Core Set	playerNDeck	corp	0	0	Sysop	3	Cost to install ice on this fort is reduced by [2].		Rare	
c4c07717-a67e-41fe-aea3-5c1ce9b58fe8	Chicago Branch	netrunner-1996/core-set/Netrunner1996-CoreSet-ChicagoBranch.jpg	default	Node	Core Set	Core Set	playerNDeck	corp	2	0	Asset	1	A, [3]: Add two advancement counters to an installed card that can be advanced.		Uncommon	
5c5558f7-333e-4919-845e-e3b9e19cb2e0	Chimera	netrunner-1996/core-set/Netrunner1996-CoreSet-Chimera.jpg	default	Upgrade	Core Set	Core Set	playerNDeck	corp	2	0	Ambush	3	When Runner accesses Chimera, trash a daemon.		Rare	
711df130-8fe8-4a34-b181-d67bd252e8e3	City Surveillance	netrunner-1996/core-set/Netrunner1996-CoreSet-CitySurveillance.jpg	default	Node	Core Set	Core Set	playerNDeck	corp	1	0	Gray Ops	2	For each card Runner draws, give Runner a tag unless Runner pays [1], in addition to any other costs, to avoid receiving that tag. You may rez City Surveillance just before the card is drawn.		Rare	
2cd201db-a2fe-49d0-b5e1-14197b88172e	Corporate Negotiating Center	netrunner-1996/core-set/Netrunner1996-CoreSet-CorporateNegotiatingCenter.jpg	default	Node	Core Set	Core Set	playerNDeck	corp	0	0	Asset	3	At the start of each of your turns, gain [1] for each agenda card stored in HQ that you show to Runner.		Rare	
8ca3211f-c65c-4454-bbf4-23ed225bbb8d	Corprunner's Shattered Remains	netrunner-1996/core-set/Netrunner1996-CoreSet-CorprunnersShatteredRemains.jpg	default	Node	Core Set	Core Set	playerNDeck	corp	2	0	Ambush	0	You may advance Shattered Remains before and after you rez it. When Runner accesses Shattered Remains, it destroys one piece of hardware for each advancement counter on it.		Uncommon	
a55bb451-3a9e-4b33-baf3-df49d9df5486	Cowboy Sysop	netrunner-1996/core-set/Netrunner1996-CoreSet-CowboySysop.jpg	default	Node	Core Set	Core Set	playerNDeck	corp	0	0		3	A: Choose one of your installed cards to be uninstalled. Store it in HQ.		Uncommon	
6ec843cd-9867-4ed7-b575-3aeb0cccf448	Crybaby	netrunner-1996/core-set/Netrunner1996-CoreSet-Crybaby.jpg	default	Upgrade	Core Set	Core Set	playerNDeck	corp	1	0	Ambush	2	When Runner accesses Crybaby, give Runner a Crying counter. Each Crying counter reduces Runner's link by 2 during each trace attempt. Runner can remove a Crying counter by taking an action to pay [2].		Rare	
5b7a24c0-da35-4ec0-834c-6568a8f0a28d	Crystal Palace Station Grid	netrunner-1996/core-set/Netrunner1996-CoreSet-CrystalPalaceStationGrid.jpg	default	Upgrade	Core Set	Core Set	playerNDeck	corp	5	0	Region	5	Runner must pay [1], in addition to the normal cost, to break each subroutine of each piece of ice encountered during runs on this fort. Rez a region when you install it. Install a region only if you can pay to rez it. Only one region may be installed in each fort. Trash older ones.		Uncommon	
984e88f0-7570-491b-844f-d3126ee41ca6	Data Masons	netrunner-1996/core-set/Netrunner1996-CoreSet-DataMasons.jpg	default	Node	Core Set	Core Set	playerNDeck	corp	1	0		1	Cost to rez walls is reduced by [2]. All walls have +1 strength.		Rare	
2a84f185-fcab-48fe-bc4c-617e51cd6117	Dedicated Response Team	netrunner-1996/core-set/Netrunner1996-CoreSet-DedicatedResponseTeam.jpg	default	Upgrade	Core Set	Core Set	playerNDeck	corp	1	0	Ambush	2	When Runner accesses Dedicated Response Team, it does 3 meat damage. Ignore this effect unless Runner is tagged.		Uncommon	
59fd07d0-bb92-47af-88bd-9e3b2e9ff83a	Department of Truth Enhancement	netrunner-1996/core-set/Netrunner1996-CoreSet-DepartmentOfTruthEnhancement.jpg	default	Node	Core Set	Core Set	playerNDeck	corp	2	0	Gray Ops	1	A: Put [3] from the bank on Department of Truth Enhancement. A: Take all the bits from Department of Truth Enhancement.		Uncommon	
a93ae07b-b757-4ee6-8c46-e089cb507a82	Dieter Esslin	netrunner-1996/core-set/Netrunner1996-CoreSet-DieterEsslin.jpg	default	Upgrade	Core Set	Core Set	playerNDeck	corp	0	0	Sysop-Ambush	3	When Runner accesses Dieter Esslin, Dieter does 1 Net damage.		Rare	
54a32830-8382-46e6-8aae-8bbeb11afcaf	Disinfectant, Inc.	netrunner-1996/core-set/Netrunner1996-CoreSet-DisinfectantInc.jpg	default	Node	Core Set	Core Set	playerNDeck	corp	0	0		4	You may pay [1] to avoid receiving a Virus counter. Use this ability only once each turn.		Rare	
0b7ac768-183a-4377-9dc7-8ae308dde698	Dr. Dreff	netrunner-1996/core-set/Netrunner1996-CoreSet-DrDreff.jpg	default	Upgrade	Core Set	Core Set	playerNDeck	corp	0	0	Sysop	3	Whenever Runner makes a successful run on this fort, you may choose an ice card stored in HQ. Pay half of that card's rez cost, rounded down, to force Runner to encounter it  the run is not considered successful unless Runner passes that piece of ice. Trash that Ice after the encounter end. Use this ability only once during each run on this fort.		Uncommon	
2a9cad9a-baa4-4918-8323-7a473bca1b6f	Encoder, Inc.	netrunner-1996/core-set/Netrunner1996-CoreSet-EncoderInc.jpg	default	Node	Core Set	Core Set	playerNDeck	corp	0	0		1	Cost to rez code gates is reduced by [1]. All code gates have an additional subroutine, @ End the run, after all other subroutines.		Rare	
b47e5c47-4a86-4c30-a59e-12cab030c666	ESA Contract	netrunner-1996/core-set/Netrunner1996-CoreSet-ESAContract.jpg	default	Node	Core Set	Core Set	playerNDeck	corp	0	0		3	A: Draw two cards.		Uncommon	
0374335d-33a4-4a63-90b2-5aeaff83cd54	Euromarket Consortium	netrunner-1996/core-set/Netrunner1996-CoreSet-EuromarketConsortium.jpg	default	Node	Core Set	Core Set	playerNDeck	corp	2	0		4	Hand size +2. A, [1]: Draw two cards.		Uncommon	
ba51104f-889d-409a-9752-8ef377fb3ba3	Experimental AI	netrunner-1996/core-set/Netrunner1996-CoreSet-ExperimentalAI.jpg	default	Node	Core Set	Core Set	playerNDeck	corp	2	0	AI-Ambush	0	You may advance Experimental AI before and after you rez it. When Runner accesses Experimental AI, it destroys one program for each advancement counter on it.		Uncommon	
7451d3da-9f3b-4945-8fda-dea4c9f1b104	Fortress Architects	netrunner-1996/core-set/Netrunner1996-CoreSet-FortressArchitects.jpg	default	Node	Core Set	Core Set	playerNDeck	corp	0	0		3	Cost to install ice is reduced by [1].		Rare	
5045ca08-46b8-456f-88cd-9ce3acf49f22	Hacker Tracker Central	netrunner-1996/core-set/Netrunner1996-CoreSet-HackerTrackerCentral.jpg	default	Node	Core Set	Core Set	playerNDeck	corp	0	0	Asset	2	After each trace attempt, whether successful or not, put [1] from the bank on Hacker Tracker Central. During a trace attempt, each bit you spend from Hacker Tracker Central increases by 1 both your trace strength and your trace limit.		Uncommon	
2f95d864-48cf-4b8a-870d-2783480554aa	Holovid Campaign	netrunner-1996/core-set/Netrunner1996-CoreSet-HolovidCampaign.jpg	default	Node	Core Set	Core Set	playerNDeck	corp	4	0	Advertisement	7	Put [12] from the bank on Holovid Campaign when you rez it. Take [1] from Holovid Campaign at the start of each of your turns. When all the bits have been removed, trash Holovid Campaign.		Common	
22c5f23d-fe42-454a-b5d2-7c7db7f1b887	I Got a Rock	netrunner-1996/core-set/Netrunner1996-CoreSet-IGotARock.jpg	default	Node	Core Set	Core Set	playerNDeck	corp	3	0	Black Ops	2	A, 3 Agenda Points: Do 15 meat damage to Runner. Use this ability only if Runner has two or more tags.		Rare	
8bdb591b-c2f0-44c9-9d1c-01009038fd30	Information Laundering	netrunner-1996/core-set/Netrunner1996-CoreSet-InformationLaundering.jpg	default	Node	Core Set	Core Set	playerNDeck	corp	0	0	Transactions	1	You may advance Information Laundering before and after you rez it. A, T: Gain [4] for each advancement counter on Information Laundering.		Uncommon	
1d6b7ff9-3a7b-4c31-9fee-d7adc655b56d	Investment Firm	netrunner-1996/core-set/Netrunner1996-CoreSet-InvestmentFirm.jpg	default	Node	Core Set	Core Set	playerNDeck	corp	1	0	Transactions	2	Take [1] from Investment Firm, if it has any bits, at the start of each of your turns. Whenever [1] or more bits are added to your pool, you may put [2] from the bank on Investment Firm for each [1] you choose not to add to your pool. Effects that give you bits at the start of yourn turn cannot be used this way.		Uncommon	
13159785-e241-47fa-b34b-1765ec635650	Jenny Jett	netrunner-1996/core-set/Netrunner1996-CoreSet-JennyJett.jpg	default	Upgrade	Core Set	Core Set	playerNDeck	corp	1	0	Sysop	1	Whenever Runner makes a successful run on this fort, you may choose an ice card stored in HQ. Install that piece of ice on this fort in the innermost position, paying an installation cost of [1] for each piece of ice already on the fort. Runner is now considered to be approaching that piece of ice. Use this ability only once during each run on this fort.		Rare	
44b81156-fc1f-41c6-87d1-6601b723d307	Jerusalem City Grid	netrunner-1996/core-set/Netrunner1996-CoreSet-JerusalemCityGrid.jpg	default	Upgrade	Core Set	Core Set	playerNDeck	corp	2	0	Region	5	Cost to rez walls on this fort is reduced by [2]. All walls on this fort have +1 strength. Rez a region when you install it. Install a region only if you can pay to rez it. Only one region may be installed in each fort. Trash older ones.		Rare	
3695a424-a307-449c-b482-bf2f28a130fb	Krumz	netrunner-1996/core-set/Netrunner1996-CoreSet-Krumz.jpg	default	Node	Core Set	Core Set	playerNDeck	corp	0	0	AI	2	Put [1] from the bank on Krumz when you rez it. Use this bit only to pay for traces. If you use this bit, replace it at the start of your next turn.		Rare	
ab76c255-350f-4a73-b2d8-f40c6a03a91a	Namatoki Plaza	netrunner-1996/core-set/Netrunner1996-CoreSet-NamatokiPlaza.jpg	default	Upgrade	Core Set	Core Set	playerNDeck	corp	3	0		1	Rez Namatoki Plaza when you install it. Install Namatoki Plaza only if you can pay to rez it. Install only inside a subsidiary data fort. That fort may have an additional agenda or node installed inside it. If Namatoki Plaza leaves play while installed, and this results in the fort having too many agendas and nodes installed inside it, trash one of these agendas or nodes.		Uncommon	
7ac408d0-1b44-4e71-828a-b9cb4b59a727	Nevinyrral	netrunner-1996/core-set/Netrunner1996-CoreSet-Nevinyrral.jpg	default	Node	Core Set	Core Set	playerNDeck	corp	3	0	AI-Unique	5	Gain an action during each of your turns. If Nevinyrral leaves play while rezzed, you lose the game. Only one unique card of a particular name can be in play at a time. If for some reason more than one is in play, trash all but one.		Rare	
3bf73948-6761-4fa4-8d12-185623c7b33e	New Galveston City Grid	netrunner-1996/core-set/Netrunner1996-CoreSet-NewGalvestonCityGrid.jpg	default	Upgrade	Core Set	Core Set	playerNDeck	corp	1	0	Region	4	All nodes and other upgrades installed inside this fort cost [2], in addition to the normal cost, to trash. Rez a region when you install it. Install a region only if you can pay to rez it. Only one region may be installed in each fort. Trash older ones.		Rare	
eac1a542-09bc-4bce-bf16-4fe59917e025	Newsgroup Taunting	netrunner-1996/core-set/Netrunner1996-CoreSet-NewsgroupTaunting.jpg	default	Node	Core Set	Core Set	playerNDeck	corp	1	0		0	At the start of each run, Runner must pay [1], in addition to any other costs, or end the run.		Uncommon	
3098006c-b016-4081-9a9c-217df389d5ba	Olivia Salazar	netrunner-1996/core-set/Netrunner1996-CoreSet-OliviaSalazar.jpg	default	Upgrade	Core Set	Core Set	playerNDeck	corp	0	0	Sysop	1	For half cost, rounded down, rez a piece of ice installed on this fort. Derez that ice at the end of the run. Use this ability only once during each run on this fort.		Uncommon	
00b065a9-5325-4f4e-a6df-c64fa536e33c	Omni Kismet, Ph.D	netrunner-1996/core-set/Netrunner1996-CoreSet-OmniKismetPhD.jpg	default	Upgrade	Core Set	Core Set	playerNDeck	corp	0	0	Sysop	3	Swap a piece of unrezzed ice on this fort with an ice card stored in HQ. The new ice card comes into play concealed. Use this ability only once during each run on this fort.		Rare	
89b87157-5fb5-4250-adc9-32df7e2c0aba	Omniscience Foundation	netrunner-1996/core-set/Netrunner1996-CoreSet-OmniscienceFoundation.jpg	default	Node	Core Set	Core Set	playerNDeck	corp	0	0	Gray Ops	1	Give Runner a tag at the end of each turn during which Runner received a tag.		Uncommon	
b3099825-5613-46c7-8cc4-3f8b98db8b02	Pacifica Regional AI	netrunner-1996/core-set/Netrunner1996-CoreSet-PacificaRegionalAI.jpg	default	Node	Core Set	Core Set	playerNDeck	corp	0	0	AI	0	You may advance Pacifica Regional AI before and after you rez it. Regional AI advancement counter: Gain an action.		Rare	
d1b8b537-fd31-487e-8daa-b4bfe6acf691	Paris City Grid	netrunner-1996/core-set/Netrunner1996-CoreSet-ParisCityGrid.jpg	default	Upgrade	Core Set	Core Set	playerNDeck	corp	2	0	Region	6	Put [3] from the bank on Paris City Grid when you rez it. Use these bits only to pay for traces made during runs on this fort. If you use any of these bits, replace them at the start of your next turn. Rez a region when you install it. Install a region only if you can pay to rez it. Only one region may be installed in each fort. Trash older ones.		Uncommon	
036637b9-ef0a-442a-bb6c-7f7792f5aaf7	Red Herrings	netrunner-1996/core-set/Netrunner1996-CoreSet-RedHerrings.jpg	default	Upgrade	Core Set	Core Set	playerNDeck	corp	1	0		1	Runner must pay [5], in addition to any other costs, to steal agendas accessed from this fort, even on the run during which Runner trashes Red Herrings.		Uncommon	
84f56d26-ebe7-458a-b960-91f0cd69d25e	Remote Facility	netrunner-1996/core-set/Netrunner1996-CoreSet-RemoteFacility.jpg	default	Node	Core Set	Core Set	playerNDeck	corp	5	0	Asset	1	Gain an action during each of your turns.		Uncommon	
e3a3cd44-d176-4fd1-a062-626f6d167434	Rescheduler	netrunner-1996/core-set/Netrunner1996-CoreSet-Rescheduler.jpg	default	Node	Core Set	Core Set	playerNDeck	corp	0	0	Gray Ops	3	A: Note the number of cards stored in HQ. Shuffle those cards into R&D, and then draw that many cards.		Uncommon	
d993b08b-108a-4aec-a1ce-6833a31c36d0	Rio de Janeiro City Grid	netrunner-1996/core-set/Netrunner1996-CoreSet-RioDeJaneiroCityGrid.jpg	default	Upgrade	Core Set	Core Set	playerNDeck	corp	1	0	Region-Random	6	Roll a die whenever Runner passes a piece of rezzed ice during a run on this fort. On a 1, end the run. Rez a region when you install it. Install a region only if you can pay to rez it. Only one region may be installed in each fort. Trash older ones.		Uncommon	
135cd835-8477-408c-ac6b-5aafe0f1cdd2	Rockerboy Promotion	netrunner-1996/core-set/Netrunner1996-CoreSet-RockerboyPromotion.jpg	default	Node	Core Set	Core Set	playerNDeck	corp	4	0	Advertisement	3	Put [15] from the bank on Rockerboy Promotion when you rez it. When all the bits have been removed, trash Rockerboy Promotion. A: Take [3] from Rockerboy Promotion.		Common	
72e9fdd9-663a-4a6b-bef5-5187b4e1cff6	Roving Submarine	netrunner-1996/core-set/Netrunner1996-CoreSet-RovingSubmarine.jpg	default	Upgrade	Core Set	Core Set	playerNDeck	corp	3	0	Region	0	Install only inside a subsidiary data fort. This fort may be run only if you installed or advanced a card inside or on this fort during your last turn. Rez a region when you install it. Install a region only if you can pay to rez it. Only one region may be installed in each fort. Trash older ones.		Rare	
da34b686-882f-4b4f-bfde-16c89dcb1a79	Rustbelt HQ Branch	netrunner-1996/core-set/Netrunner1996-CoreSet-RustbeltHQBranch.jpg	default	Node	Core Set	Core Set	playerNDeck	corp	0	0	Asset	2	Hand size +2		Uncommon	
20c29e53-de01-4b9b-89d6-aeba52e03344	Schlaghund	netrunner-1996/core-set/Netrunner1996-CoreSet-Schlaghund.jpg	default	Node	Core Set	Core Set	playerNDeck	corp	2	0	Random-Black Ops	4	A: Roll a die. If you roll less than or equal to the number of tags Runner has, Schlaghund does 10 meat damage and you trash Schlaghund.		Rare	
e6ec8e9e-1107-4957-aef6-11e06a830454	Setup!	netrunner-1996/core-set/Netrunner1996-CoreSet-Setup.jpg	default	Node	Core Set	Core Set	playerNDeck	corp	0	0	Ambush	0	When Runner accesses Setup!, it does 2 Net damage, even if it is not installed. Ignore this effect if Runner accesses it from the Archives. If Setup! is accessed from R&D, Runner must show it to you.		Common	
de283d9e-2c9c-4196-8b3f-586124d91efa	Singapore City Grid	netrunner-1996/core-set/Netrunner1996-CoreSet-SingaporeCityGrid.jpg	default	Upgrade	Core Set	Core Set	playerNDeck	corp	0	0	Region	5	Swap a piece of unrezzed ice on this fort with an ice card stored in HQ. The new ice card comes into play concealed. Use this ability only once during each run on this fort. Rez a region when you install it. Install a region only if you can pay to rez it.		Rare	
ea90c8bf-cbc3-4420-bd26-0a6408351fb9	Skalderviken SA Beta Test Site	netrunner-1996/core-set/Netrunner1996-CoreSet-SkaldervikenSABetaTestSite.jpg	default	Node	Core Set	Core Set	playerNDeck	corp	0	0		2	Cost to rez black ice is reduced by [2].		Rare	
f99d57bb-6a5d-4614-adef-222eed0c6adc	Solo Squad	netrunner-1996/core-set/Netrunner1996-CoreSet-SoloSquad.jpg	default	Node	Core Set	Core Set	playerNDeck	corp	0	0		3	A: Do 1 meat damage. Use this ability only if Runner is tagged.		Uncommon	
9695f33f-e219-4667-bde2-3531be0ef3fd	South African Mining Corp	netrunner-1996/core-set/Netrunner1996-CoreSet-SouthAfricanMiningCorp.jpg	default	Node	Core Set	Core Set	playerNDeck	corp	0	0	Transactions	1	A, A, A: Gain [6].		Uncommon	
02198f51-dc69-4d77-91e2-f8de0d55838f	Spinn Public Relations	netrunner-1996/core-set/Netrunner1996-CoreSet-SpinnPublicRelations.jpg	default	Node	Core Set	Core Set	playerNDeck	corp	1	0	Transactions	4	Take [1] from Spinn(R) Public Relations, if it has any bits, at the start of each of your turns. A: Put [3] from the bank on Spinn(R) Public Relations.		Common	
9033bf12-f078-456b-9eda-d1fdaa5292bc	Tesseract Fort Construction	netrunner-1996/core-set/Netrunner1996-CoreSet-TesseractFortConstruction.jpg	default	Upgrade	Core Set	Core Set	playerNDeck	corp	2	0		3	All ice on this fort has an additional subroutine, @ End the run unless Runner pays [1], after all other subroutines.		Rare	
67d83ab0-decc-4b38-b406-b8a13c7bd733	Tokyo-Chiba Infighting	netrunner-1996/core-set/Netrunner1996-CoreSet-TokyoChibaInfighting.jpg	default	Upgrade	Core Set	Core Set	playerNDeck	corp	0	0	Region	6	Gain [2] after each unsuccessful run on this fort. Rez a region when you install it. Install a region only if you can pay to rez it. Only one region may be installed in each fort. Trash older ones.		Rare	
726c9fbf-11b3-4381-b5cf-790eabee62f9	TRAP!	netrunner-1996/core-set/Netrunner1996-CoreSet-TRAP.jpg	default	Node	Core Set	Core Set	playerNDeck	corp	0	0	Ambush	0	If you pay [4] when Runner accesses TRAP!, it does 3 Net damage and gives Runner a tag, even if TRAP! is not installed. Ignore this effect if Runner accesses it from the Archives. If TRAP! is accessed from R&D, Runner must show it to you.		Uncommon	
61b9d88a-c3af-4e42-b89a-17f0149cac70	Turbeau Delacroix	netrunner-1996/core-set/Netrunner1996-CoreSet-TurbeauDelacroix.jpg	default	Upgrade	Core Set	Core Set	playerNDeck	corp	1	0	Sysop-Ambush	2	Trace 10-If trace is successful, give Runner a tag. Use this ability only when Runner accesses Turbeau Delacroix, and only once during each run on this fort.		Uncommon	
d4609df7-ae08-4d74-a64f-316ad0cc1165	Twenty-Four-Hour Surveillance	netrunner-1996/core-set/Netrunner1996-CoreSet-TwentyFourHourSurveillance.jpg	default	Upgrade	Core Set	Core Set	playerNDeck	corp	1	0		2	During runs on this fort, Runner cannot use bits from stealth sources.		Rare	
67745ade-888a-4bdd-bdd2-59cde9794d87	Vacant Soulkiller	netrunner-1996/core-set/Netrunner1996-CoreSet-VacantSoulkiller.jpg	default	Node	Core Set	Core Set	playerNDeck	corp	2	0	Ambush	0	You may advance Vacant Soulkiller before and after you rez it.When Runner accesses Vacant Soulkiller, it does 1 brain damage for each advancement counter on it.		Uncommon	
21fef1a7-8389-4d9a-9bbd-5c8720154f06	Vapor Ops	netrunner-1996/core-set/Netrunner1996-CoreSet-VaporOps.jpg	default	Node	Core Set	Core Set	playerNDeck	corp	0	0		1	You may advance Vapor Ops before and after you rez it. Vapor Ops advancement counter:  Gain [1]. A: Move any number of advancement counters from Vapor Ops to another installed card that can be advanced.		Uncommon	
74b22b3d-180c-4b19-8a3b-99beb75d25d7	Virus Test Site	netrunner-1996/core-set/Netrunner1996-CoreSet-VirusTestSite.jpg	default	Node	Core Set	Core Set	playerNDeck	corp	0	0	Ambush	0	You may advance Virus Test Site before and after you rez it. When Runner accesses Test Site, it does 2 Net damage per advancement counter on it, or 1 Net damage if it has no counters, even if it is not installed or rezzed. Ignore this effect if Runner accesses it from the Archives.If Test Site is accessed from R&D, Runner must show it to you.		Uncommon	
9583c20a-0ee4-4da0-b7d3-c765fceabf6b	Washington, D.C., City Grid	netrunner-1996/core-set/Netrunner1996-CoreSet-WashingtonDCCityGrid.jpg	default	Upgrade	Core Set	Core Set	playerNDeck	corp	7	0	Region	6	The difficulty of agendas installed inside this fort is reduced by 1. Rez a region when you install it. Install a region only if you can pay to rez it. Only one region may be installed in each fort. Trash older ones.		Rare	
7c9f1acd-f3c6-4e52-b815-06cd2250fa8f	Afreet	netrunner-1996/core-set/Netrunner1996-CoreSet-Afreet.jpg	default	Program	Core Set	Core Set	playerNDeck	runner	2	1	Daemon	0	Afreet can have up to 3 MU of programs installed in it. All icebreakers installed in Afreet have their strength reduced by 1. If Afreet leaves play, trash all programs installed in it.		Uncommon	
8b6d6ad9-f060-4575-94ef-4e98d840ee2a	AI Boon	netrunner-1996/core-set/Netrunner1996-CoreSet-AIBoon.jpg	default	Program	Core Set	Core Set	playerNDeck	runner	12	1	Icebreaker-Random	0	[1]: Break sentry subroutine.[1]: +1 strength.At the start of each run, roll a die to determine AI Boon's strength @  for that run.		Rare	
a2b43ec7-3325-4852-91cd-eda21b53f5a8	Baedeker's Net Map	netrunner-1996/core-set/Netrunner1996-CoreSet-BaedekersNetMap.jpg	default	Program	Core Set	Core Set	playerNDeck	runner	1	1	Base Link	0	[0]: Base link 1.[1]: +1 link.Use only one base link card for each trace attempt made against you.		Common	
ea9d8c1d-2d2a-46f7-a7fc-7fdd1cbe8eb8	Bakdoor	netrunner-1996/core-set/Netrunner1996-CoreSet-Bakdoor.jpg	default	Program	Core Set	Core Set	playerNDeck	runner	2	2	Base Link	0	[0]: Base link 3.[2]: +1 link.Use only one base link card for each trace attempt made against you.		Uncommon	
9ffbf995-19a2-4e26-b9a3-96d3b588d6db	Bartmoss Memorial Icebreaker	netrunner-1996/core-set/Netrunner1996-CoreSet-BartmossMemorialIcebreaker.jpg	default	Program	Core Set	Core Set	playerNDeck	runner	5	1	Icebreaker-Random	0	[1]: Break ice subroutine.[1]: +1 strength. After passing each piece of ice, roll a die if you used Bartmoss Memorial Icebreaker to break any subroutines of that ice. On a 1, trash Memorial Icebreaker.		Rare	
4c5521c9-e2ed-4e86-8c96-2976af65b0de	Black Dahlia	netrunner-1996/core-set/Netrunner1996-CoreSet-BlackDahlia.jpg	default	Program	Core Set	Core Set	playerNDeck	runner	10	1	Icebreaker-Killer	5	[2]: Break sentry subroutine.[2]: +1 strength		Vital	
b5d19051-ddc8-43d0-a8a6-27bddbba573a	Blink	netrunner-1996/core-set/Netrunner1996-CoreSet-Blink.jpg	default	Program	Core Set	Core Set	playerNDeck	runner	5	1	Icebreaker-Random	5	[0]: Roll a die. On a 4, 5, or 6, break ice subroutine  otherwise, suffer that much Net damage. Use this ability only once on each subroutine during each encounter with a piece of ice.		Uncommon	
bf4e2705-43d9-447e-b71f-dcad30dacbcd	Boardwalk	netrunner-1996/core-set/Netrunner1996-CoreSet-Boardwalk.jpg	default	Program	Core Set	Core Set	playerNDeck	runner	0	1	Virus	0	Whenever you make a successful run on HQ, give the Corp a Boardwalk counter. At the start of each of your turns, every two Boardwalk counters require the Corp to show you, at random, a card stored in HQ. If the Corp does not have enough cards stored in HQ, the Corp shows you as many cards as it has.		Uncommon	
dd067e2d-788b-4b59-bfff-52dae7e882eb	Butcher Boy	netrunner-1996/core-set/Netrunner1996-CoreSet-ButcherBoy.jpg	default	Program	Core Set	Core Set	playerNDeck	runner	2	1	Virus	0	Whenever you make a successful run on HQ, give the Corp a Butcher Boy counter. Every two Butcher Boy counters gain you [1] at the start of each of your turns.The Corp may remove all Virus counters by forgoing its next three actions.		Uncommon	
f571feba-4808-4f0f-b8ad-e3366dc6a744	Cascade	netrunner-1996/core-set/Netrunner1996-CoreSet-Cascade.jpg	default	Program	Core Set	Core Set	playerNDeck	runner	4	1	Virus	0	Whenever you make a successful run on R&D, give the Corp a Cascade counter. Every two Cascade counters require the Corp to trash faceup one card stored in R&D, at the start of each of its turns.The Corp may remove all Virus counters by forgoing its next three actions.		Uncommon	
5e9e46c9-b13c-47b0-ae34-5cdd093214e3	Cloak	netrunner-1996/core-set/Netrunner1996-CoreSet-Cloak.jpg	default	Program	Core Set	Core Set	playerNDeck	runner	7	1	Stealth	0	Put [3] from the bank on Cloak when it is installed. Use these bits only to pay for using icebreakers during runs, but not for using noisy icebreakers. If you use any of these bits, replace them at the start of your next turn.		Common	
bdeeaa81-0b20-45bd-9635-3d85e89f5707	Clown	netrunner-1996/core-set/Netrunner1996-CoreSet-Clown.jpg	default	Program	Core Set	Core Set	playerNDeck	runner	4	1		0	All ice is encountered with its strength reduced by 1.		Common	
0612bf98-4990-451b-89c1-f2f2516e4edb	Cockroach	netrunner-1996/core-set/Netrunner1996-CoreSet-Cockroach.jpg	default	Program	Core Set	Core Set	playerNDeck	runner	0	1	Virus	0	Whenever you make a successful run on HQ, give the Corp a Cockroach counter. Two or more Cockroach counters cause all discards from HQ to become random.The Corp may remove all Virus counters by forgoing its next three actions.		Uncommon	
3fcf3ebf-cc85-4956-8a12-8d5e13510eb5	Codecracker	netrunner-1996/core-set/Netrunner1996-CoreSet-Codecracker.jpg	default	Program	Core Set	Core Set	playerNDeck	runner	2	1	Icebreaker	0	[0]: Break code gate subroutine.[1]: +1 strength		Vital	
1e8d09ba-701d-4c7a-815a-b4d390c472fb	Codeslinger	netrunner-1996/core-set/Netrunner1996-CoreSet-Codeslinger.jpg	default	Program	Core Set	Core Set	playerNDeck	runner	7	1	Icebreaker-Killer	3	[1]: Break sentry subroutine.		Vital	
ddae08d6-c091-4424-b025-b831e0e0a97c	Cyfermaster	netrunner-1996/core-set/Netrunner1996-CoreSet-Cyfermaster.jpg	default	Program	Core Set	Core Set	playerNDeck	runner	4	1	Icebreaker	5	[2]: Break code gate subroutine.[1]: +1 strength		Vital	
99a792e1-75f0-41b4-96bb-077eea70c9db	Deep Thought	netrunner-1996/core-set/Netrunner1996-CoreSet-DeepThought.jpg	default	Program	Core Set	Core Set	playerNDeck	runner	0	1	Virus	0	Whenever you make a successful run on R&D, give the Corp a Thought counter. Three or more Thought counters allow you to look at the top card of R&D at the start of each of your turns.The Corp may remove all Virus counters by forgoing its next three actions.		Rare	
80c89561-0a2b-498a-a939-6f404860be32	Dogcatcher	netrunner-1996/core-set/Netrunner1996-CoreSet-Dogcatcher.jpg	default	Program	Core Set	Core Set	playerNDeck	runner	3	1	Icebreaker	3	[1]: Break pit bull, hellhound, bloodhound, or watchdog subroutine.[1]: +1 strength		Uncommon	
04ff43d5-61b8-4609-a891-acaf16fc4dbe	Dropp	netrunner-1996/core-set/Netrunner1996-CoreSet-Dropp.jpg	default	Program	Core Set	Core Set	playerNDeck	runner	3	1	Icebreaker	4	[0]: Break ice subroutine.[1]: +1 strength.Using Dropp [TM] ends your run.		Uncommon	
83795f02-a38a-4250-b478-7f3ba6f99175	Dupre	netrunner-1996/core-set/Netrunner1996-CoreSet-Dupre.jpg	default	Program	Core Set	Core Set	playerNDeck	runner	1	1	Icebreaker	0	[1]: Break code gate subroutine.[2]: +1 strength.Put a +1 strength counter on Dupre' after each run during which it was used to break a subroutine. All strength counters on Dupre' are lost if you use Dupre' on a fort other than the one you last used it		Rare	
c267420a-7312-4d24-b9a0-ea590ed28fc1	Dwarf	netrunner-1996/core-set/Netrunner1996-CoreSet-Dwarf.jpg	default	Program	Core Set	Core Set	playerNDeck	runner	6	1	Icebreaker-Worm	3	[1]: Break wall subroutine.[1]: +1 strength		Common	
4bba7ad5-0c78-4382-bc99-986226ab093a	Emergency Self-Construct	netrunner-1996/core-set/Netrunner1996-CoreSet-EmergencySelfConstruct.jpg	default	Program	Core Set	Core Set	playerNDeck	runner	0	1		0	[T]: Prevent yourself from being flatlined, though you still lose all cards in your hand. Remove all brain damage. For the remainder of the game, you have only three actions per turn, instead of four, your hand size is reduced by 1, and all meat damage is automatically prevented.		Rare	
f23e3180-e3d5-4a8d-a6d6-d7aa67acfdf5	Evil Twin	netrunner-1996/core-set/Netrunner1996-CoreSet-EvilTwin.jpg	default	Program	Core Set	Core Set	playerNDeck	runner	6	1	Icebreaker-Killer	3	[3]: Break sentry subroutine.[1]: +1 strength.Prevents up to 2 Net and/or brain damage total each turn.		Rare	
af0581f9-b9c4-4c44-a885-1fa948e7335d	Expert Schedule Analyzer	netrunner-1996/core-set/Netrunner1996-CoreSet-ExpertScheduleAnalyzer.jpg	default	Program	Core Set	Core Set	playerNDeck	runner	0	1		0	After you access cards from HQ, look at all cards stored in HQ.		Uncommon	
0034728a-693c-45ab-96bc-899c3ca1669b	Fait Accompli	netrunner-1996/core-set/Netrunner1996-CoreSet-FaitAccompli.jpg	default	Program	Core Set	Core Set	playerNDeck	runner	1	1	Virus	0	Whenever you make a successful run on a subsidiary data fort, put a Fait counter in that fort. Every two Fait counters in a fort give +1 difficulty to all agendas installed inside that fort.The Corp may remove all Virus counters by forgoing its next three actions.		Uncommon	
cd5d4128-6a6b-431b-a6b7-1881cd7949e9	False Echo	netrunner-1996/core-set/Netrunner1996-CoreSet-FalseEcho.jpg	default	Program	Core Set	Core Set	playerNDeck	runner	0	1		0	[2]: The Corp must rez as much ice as possible on a fort, beginning with the outermost ice and working in. Use this ability only after a successful run on that fort.		Rare	
e6b4e48c-b0c6-4b60-9c61-995efa3fdddf	Flak	netrunner-1996/core-set/Netrunner1996-CoreSet-Flak.jpg	default	Program	Core Set	Core Set	playerNDeck	runner	4	1	Icebreaker	2	[1]: Break AP subroutine.[1]: +1 strength		Uncommon	
2645b5bb-43ef-4cd5-82c7-c82f7d6b0fcb	Force Shield	netrunner-1996/core-set/Netrunner1996-CoreSet-ForceShield.jpg	default	Program	Core Set	Core Set	playerNDeck	runner	2	1		0	Prevents up to 2 Net and/or brain damage total each turn.		Common	
5b76fb5a-1ae7-4891-be23-5ee3bc20c2be	Gremlins	netrunner-1996/core-set/Netrunner1996-CoreSet-Gremlins.jpg	default	Program	Core Set	Core Set	playerNDeck	runner	2	1	Virus	0	Whenever you make a successful run on HQ, give the Corp a Gremlin counter. Every two Gremlin counters decrease the Corp's hand size by 1.The Corp may remove all Virus counters by forgoing its next three actions.		Uncommon	
fe58ad56-da9d-47e8-aedd-bdf2f23bc51c	Grubb	netrunner-1996/core-set/Netrunner1996-CoreSet-Grubb.jpg	default	Program	Core Set	Core Set	playerNDeck	runner	0	1	Icebreaker-Worm	0	[1]: Break wall subroutine.[2]: +1 strength for the remainder of this run.		Uncommon	
cff2a104-e589-4376-996b-ae65d007a4dc	Hammer	netrunner-1996/core-set/Netrunner1996-CoreSet-Hammer.jpg	default	Program	Core Set	Core Set	playerNDeck	runner	2	1	Icebreaker-Noisy	2	[1]: Break wall subroutine.[1]: +1 strength.Whenever you break a wall subroutine with Hammer, lose a total of [2] from stealth cards.		Vital	
c4e589c5-4141-4477-9d0f-11ebfcdac56d	I Spy	netrunner-1996/core-set/Netrunner1996-CoreSet-ISpy.jpg	default	Program	Core Set	Core Set	playerNDeck	runner	0	1		0	[T]: Put a Spy counter in a data fort. A Spy counter exposes all cards installed inside or on a fort containing it. The Corp may remove a Spy counter by taking an action to pay [4]. Use this ability only immediately after a successful run on that fort.		Uncommon	
442fdaa0-6bfa-49e6-afa1-54a5ed3b9f80	Imp	netrunner-1996/core-set/Netrunner1996-CoreSet-Imp.jpg	default	Program	Core Set	Core Set	playerNDeck	runner	0	1	Daemon	0	Imp can have up to 2 MU of programs installed in it. All icebreakers installed in this way have their strength reduced by 1. If Imp leaves play, trash all programs installed in it.		Uncommon	
33edf37f-aa77-4072-a946-70a68cb8815d	Incubator	netrunner-1996/core-set/Netrunner1996-CoreSet-Incubator.jpg	default	Program	Core Set	Core Set	playerNDeck	runner	0	1	Virus-Random	0	Whenever you make a successful run, give the Corp an Incubate counter. Each Incubate counter necessitates a die roll at the start of each of your turns  on each 6, choose a Virus counter and exchange that counter for two counters of the same type.The Corp may remove all Virus counters by forgoing its next three actions.		Rare	
99c70006-6e6d-4bf4-b7ce-cabc56d2ccab	Invisibility	netrunner-1996/core-set/Netrunner1996-CoreSet-Invisibility.jpg	default	Program	Core Set	Core Set	playerNDeck	runner	0	1	Stealth	0	Put [1] from the bank on Invisibility when it is installed. Use this bit only to pay for using icebreakers during runs, but not for using noisy icebreakers. If you use the bit, replace it at the start of your next turn.		Common	
d1ebb38b-0530-4b08-91eb-a69c6ed2e844	Jackhammer	netrunner-1996/core-set/Netrunner1996-CoreSet-Jackhammer.jpg	default	Program	Core Set	Core Set	playerNDeck	runner	1	1	Icebreaker-Noisy	0	[0]: Break wall subroutine.[1]: +1 strength.Whenever you break a wall subroutine with Jackhammer, lose [1], if you can, from a stealth card.		Vital	
78357861-b3b8-4451-9387-c1632c413a05	Japanese Water Torture	netrunner-1996/core-set/Netrunner1996-CoreSet-JapaneseWaterTorture.jpg	default	Program	Core Set	Core Set	playerNDeck	runner	7	1	Icebreaker	2	[0]: Break wall subroutine.[X]: +X strength, and forgo your next X actions.		Rare	
34d22bb0-58cd-43e9-8dda-8da6d084d8fb	Joan of Arc	netrunner-1996/core-set/Netrunner1996-CoreSet-JoanOfArc.jpg	default	Program	Core Set	Core Set	playerNDeck	runner	0	1		0	[T]: Prevent one or more of your other installed programs from being trashed.[1]: Prevent one or more of your other installed programs from being trashed, and bring Joan of Arc into your hand.		Rare	
ad70d330-ffd3-4b83-96a0-2e58fedc1de3	Krash	netrunner-1996/core-set/Netrunner1996-CoreSet-Krash.jpg	default	Program	Core Set	Core Set	playerNDeck	runner	0	1	Icebreaker	0	[2]: Break ice subroutine.[2]: +1 strength.		Uncommon	
37726d9e-3dc9-46e4-a20b-3c6b18214f26	Loony Goon	netrunner-1996/core-set/Netrunner1996-CoreSet-LoonyGoon.jpg	default	Program	Core Set	Core Set	playerNDeck	runner	4	1	Icebreaker-Killer	0	[1]: Break sentry subroutine.[1]: +1 strength.		Vital	
95b3dd01-9077-409c-8d62-a81d930da813	Microtech AI Interface	netrunner-1996/core-set/Netrunner1996-CoreSet-MicrotechAIInterface.jpg	default	Program	Core Set	Core Set	playerNDeck	runner	0	1		0	Whenever you are about to access cards from R&D, you may first choose to cut any number of cards from the top of R&D to the bottom of R&D.		Rare	
4524d51d-3686-4d06-97f5-507118a3fb57	Mouse	netrunner-1996/core-set/Netrunner1996-CoreSet-Mouse.jpg	default	Program	Core Set	Core Set	playerNDeck	runner	2	1	Detection	0	A: Expose a card installed inside a data fort.		Uncommon	
92725a30-5f2a-439e-a5e1-4c818780ed1c	Mystery Box	netrunner-1996/core-set/Netrunner1996-CoreSet-MysteryBox.jpg	default	Program	Core Set	Core Set	playerNDeck	runner	3	1		0	[0]: Show the top five cards of your stack to the Corp. If any of those cards are programs, trash Mystery Box and then install one of those programs, at no cost. Shuffle your stack afterwards. Use this ability only during a run and only once each run.		Rare	
8e37521d-7ab3-496b-9327-ebaa19b6a744	Netspace Inverter	netrunner-1996/core-set/Netrunner1996-CoreSet-NetspaceInverter.jpg	default	Program	Core Set	Core Set	playerNDeck	runner	0	1		0	Reverse a fort's ice cards so that the outermost piece of ice becomes the innermost piece of ice, and so forth. Use this ability only immediately after a successful run on that data fort.		Rare	
328e1466-e989-4977-8c5d-e6a037513ddf	Newsgroup Filter	netrunner-1996/core-set/Netrunner1996-CoreSet-NewsgroupFilter.jpg	default	Program	Core Set	Core Set	playerNDeck	runner	5	2		0	A: Gain [2].		Uncommon	
1e3ac642-4199-4904-92d8-4d2e994ec5a2	Pattel's Virus	netrunner-1996/core-set/Netrunner1996-CoreSet-PattelsVirus.jpg	default	Program	Core Set	Core Set	playerNDeck	runner	1	1	Virus	0	Whenever you make a successful run, put a Pattel counter on a piece of ice that had all its subroutines broken during that run. Each Pattel counter on a piece of ice reduces its strength by 1.The Corp may remove all Virus counters by forgoing its next three actions.		Uncommon	
0b1afa41-a2ac-4eea-8365-623fba464c68	Pile Driver	netrunner-1996/core-set/Netrunner1996-CoreSet-PileDriver.jpg	default	Program	Core Set	Core Set	playerNDeck	runner	1	1	Icebreaker-Noisy	7	[3]: Break up to four wall subroutines on a single piece of ice.[1]: +1 strength.Whenever you use Pile Driver's break-walls subroutine, lose a total of [3] from stealth cards.		Vital	
da3bbaf9-b3af-42a8-8c8c-f4fa7ab3c6ae	Poltergeist	netrunner-1996/core-set/Netrunner1996-CoreSet-Poltergeist.jpg	default	Program	Core Set	Core Set	playerNDeck	runner	0	1		0	Put [2] on Poltergeist when it is installed. Use these bits only to pay for trashing nodes. If you use any of these bits, replace them at the start of your next turn.		Rare	
5dd70e11-b8a4-4f93-b004-685b39a966a1	Pox	netrunner-1996/core-set/Netrunner1996-CoreSet-Pox.jpg	default	Program	Core Set	Core Set	playerNDeck	runner	0	1	Virus	0	Whenever you make a successful run, put a Pox counter in the fort that was run. Every two Pox counters in a fort require the Corp to pay [1], in addition to any other costs, to install a card inside or on that fort. The Corp may remove all Virus counters by forgoing its next three actions.		Uncommon	
55450c6c-4e00-47eb-8e71-f8697c8a212c	R&D Protocol Files	netrunner-1996/core-set/Netrunner1996-CoreSet-RDProtocolFiles.jpg	default	Program	Core Set	Core Set	playerNDeck	runner	0	1		0	A: Make a run on R&D, but instead of accessing cards, look at the top five cards of R&D.		Uncommon	
3f27254e-869c-40cc-b187-92c26e57e308	Rabbit	netrunner-1996/core-set/Netrunner1996-CoreSet-Rabbit.jpg	default	Program	Core Set	Core Set	playerNDeck	runner	0	1		0	Ice that attempts to trace you has its trace limit reduced by 1.		Uncommon	
01a06dcd-ad0f-4e6d-a2ac-e28eca07b0b6	Raffles	netrunner-1996/core-set/Netrunner1996-CoreSet-Raffles.jpg	default	Program	Core Set	Core Set	playerNDeck	runner	7	1	Icebreaker	4	[1]: Break code gate subroutine.[2]: +1 strength.		Vital	
50a45ab5-9e61-4337-ac34-1b0a05bdf01c	Ramming Piston	netrunner-1996/core-set/Netrunner1996-CoreSet-RammingPiston.jpg	default	Program	Core Set	Core Set	playerNDeck	runner	4	1	Icebreaker-Noisy	5	[2]: Break wall subroutine.[1]: +1 strength.Whenever you break a wall subroutine with Ramming Piston, lose a total of [2] from stealth cards.		Vital	
6fd4c4c1-c15c-4996-aa43-2f3b650c9b64	Raptor	netrunner-1996/core-set/Netrunner1996-CoreSet-Raptor.jpg	default	Program	Core Set	Core Set	playerNDeck	runner	1	1	Icebreaker-Killer	1	[2]: Break sentry subroutine.[1]: +1 strength.		Vital	
f13dbfeb-9655-476d-a999-4f3b274da94f	Reflector	netrunner-1996/core-set/Netrunner1996-CoreSet-Reflector.jpg	default	Program	Core Set	Core Set	playerNDeck	runner	2	1	Icebreaker	4	[0]: Break stun, hellbolt, or knockout subroutine.		Rare	
0caa0273-2126-46cf-8f92-ed35cacdb6cc	Replicator	netrunner-1996/core-set/Netrunner1996-CoreSet-Replicator.jpg	default	Program	Core Set	Core Set	playerNDeck	runner	5	1	Icebreaker	2	[0]: Break ice subroutine that traces.[1]: +1 strength.		Uncommon	
197be271-5adc-4caf-8569-d85423766081	Scatter Shot	netrunner-1996/core-set/Netrunner1996-CoreSet-ScatterShot.jpg	default	Program	Core Set	Core Set	playerNDeck	runner	0	1		0	Put [2] from the bank on Scatter Shot when it is installed. Use these bits only to pay for trashing upgrades. If you use any of these bits, replace them at the start of your next turn.		Rare	
bea38ca0-c1c7-4003-8682-ce75a51c7c35	SeeYa	netrunner-1996/core-set/Netrunner1996-CoreSet-SeeYa.jpg	default	Program	Core Set	Core Set	playerNDeck	runner	3	1	Detection	0	A, [1]: Expose an installed card.		Common	
9674addc-698a-4e13-aecb-c2c2af532693	Self-Modifying Code	netrunner-1996/core-set/Netrunner1996-CoreSet-SelfModifyingCode.jpg	default	Program	Core Set	Core Set	playerNDeck	runner	2	2		0	[T]: Search your stack for a program and install that program, if you can. Shuffle your stack afterwards. Use this ability only during a run.		Rare	
e461de9f-34a1-4153-8c1f-afd01d352df5	Shaka	netrunner-1996/core-set/Netrunner1996-CoreSet-Shaka.jpg	default	Program	Core Set	Core Set	playerNDeck	runner	4	1	Icebreaker-Killer	2	[1]: Break sentry subroutine.[2]: +1 strength.		Vital	
e5a60274-edf8-42f5-827b-b6f4893c364e	Shield	netrunner-1996/core-set/Netrunner1996-CoreSet-Shield.jpg	default	Program	Core Set	Core Set	playerNDeck	runner	0	1		0	Prevents up to 2 Net damage each turn.		Common	
179ba67c-1429-411d-a17c-daa3ec13aeeb	Shredder Uplink Protocol	netrunner-1996/core-set/Netrunner1996-CoreSet-ShredderUplinkProtocol.jpg	default	Program	Core Set	Core Set	playerNDeck	runner	4	2		0	A: Make a run on the Archives. If run is successful, do not access cards from the Archives  instead, treat run as a successful run on HQ.		Uncommon	
22d3ed4a-0f6d-4457-84a2-01002da60939	Signpost	netrunner-1996/core-set/Netrunner1996-CoreSet-Signpost.jpg	default	Program	Core Set	Core Set	playerNDeck	runner	2	1		0	[1]: +2 link. Use this ability only once during each trace attempt, and only after you and the Corp have revealed how much each of you spent.		Uncommon	
4d8bed6e-0484-4fb5-ba39-d3c02208aee8	Skivviss	netrunner-1996/core-set/Netrunner1996-CoreSet-Skivviss.jpg	default	Program	Core Set	Core Set	playerNDeck	runner	3	1	Virus	0	Whenever you make a successful run on R&D, give the Corp a Skivviss counter. Each Skivviss counter requires the Corp to draw one extra card at the start of each of its turns.The Corp may remove all Virus counters by forgoing its next three actions.		Uncommon	
b46b2dc7-9cb5-42f4-a048-5dea13c40212	Smarteye	netrunner-1996/core-set/Netrunner1996-CoreSet-Smarteye.jpg	default	Program	Core Set	Core Set	playerNDeck	runner	2	1	Detection	0	Once during each run, you may expose a piece of unrezzed ice as you approach it. You may then jack out before the Corp decides whether to rez the ice.		Common	
131eba42-9158-4076-9330-9e42942afe82	Snowball	netrunner-1996/core-set/Netrunner1996-CoreSet-Snowball.jpg	default	Program	Core Set	Core Set	playerNDeck	runner	10	1	Icebreaker-Killer	0	Snowball has +1 strength for each subroutine it has broken during a run, until the end of that run.[1]: Break sentry subroutine.[1]: +1 strength		Rare	
9ebf4a75-4424-49bf-be88-d7e5fcbbe54e	Speed Trap	netrunner-1996/core-set/Netrunner1996-CoreSet-SpeedTrap.jpg	default	Program	Core Set	Core Set	playerNDeck	runner	0	1	Detection	0	[0]: Jack out before an upgrade or node takes effect. Use this ability only immediately after the Corp has rezzed that upgrade or node.		Uncommon	
d962a368-b3b0-402d-96e3-210e00a840df	Startup Immolator	netrunner-1996/core-set/Netrunner1996-CoreSet-StartupImmolator.jpg	default	Program	Core Set	Core Set	playerNDeck	runner	0	1		0	[T]: Pay the rez cost of a piece of ice to trash that piece of ice. Use this ability only if you have just broken all the subroutines of that piece of ice.		Uncommon	
a5aef97c-5a56-4186-93ff-90f7d604a4b9	Succubus	netrunner-1996/core-set/Netrunner1996-CoreSet-Succubus.jpg	default	Program	Core Set	Core Set	playerNDeck	runner	3	1	Daemon	0	Succubus can have up to 3 MU of programs installed in it. If Succubus leaves play, trash all programs installed in it.		Rare	
c8613f52-4f27-4425-b8ef-2ee1816f3f9b	Tinweasel	netrunner-1996/core-set/Netrunner1996-CoreSet-Tinweasel.jpg	default	Program	Core Set	Core Set	playerNDeck	runner	5	1	Icebreaker	3	[0]: Break code gate subroutine.		Vital	
82d81992-8305-4ff4-9502-8943dd951de1	Vewy Vewy Quiet	netrunner-1996/core-set/Netrunner1996-CoreSet-VewyVewyQuiet.jpg	default	Program	Core Set	Core Set	playerNDeck	runner	4	1	Stealth	0	Put [2] from the bank on Vewy Vewy Quiet when it is installed. Use these bits only to pay for using icebreakers during runs, but not for using noisy icebreakers. If you use any of these bits, replace them at the start of your next turn.		Common	
d46d4b66-b984-4412-a5a2-e0ea18f953ab	Wild Card	netrunner-1996/core-set/Netrunner1996-CoreSet-WildCard.jpg	default	Program	Core Set	Core Set	playerNDeck	runner	0	1	Icebreaker-Killer	0	[0]: Break sentry subroutine.[3]: +1 strength.		Vital	
c9f09614-550f-442e-9c8c-04d1002ee02a	Wizard's Book	netrunner-1996/core-set/Netrunner1996-CoreSet-WizardsBook.jpg	default	Program	Core Set	Core Set	playerNDeck	runner	5	1	Icebreaker	2	[0]: Break code gate subroutine.[2]: +1 strength.		Vital	
dcec368f-b0cc-4921-af89-7ae71b633751	Worm	netrunner-1996/core-set/Netrunner1996-CoreSet-Worm.jpg	default	Program	Core Set	Core Set	playerNDeck	runner	4	1	Icebreaker-Worm	2	[0]: Break wall subroutine.[3]: +1 strength.		Vital	
8c13d239-1b06-48fc-8239-41d2a57901f0	Zetatech Software Installer	netrunner-1996/core-set/Netrunner1996-CoreSet-ZetatechSoftwareInstaller.jpg	default	Program	Core Set	Core Set	playerNDeck	runner	0	1		0	Put [2] on Software Installer when it is installed. Use these bits only to pay for installing programs. You may use these bits to install a program overwriting Software Installer itself. If you use any of these bits, replace them at the start of your next		Uncommon	
e5843ffd-98b6-481b-9dd0-288fb12e200b	All-Nighter	netrunner-1996/core-set/Netrunner1996-CoreSet-AllNighter.jpg	default	Prep	Core Set	Core Set	playerNDeck	runner	0	0		0	Make a run  whether or not that run is successful, you may then make another run.		Common	
b92f134b-ea26-4a47-b52a-da5a96e6b7a0	Anonymous Tip	netrunner-1996/core-set/Netrunner1996-CoreSet-AnonymousTip.jpg	default	Prep	Core Set	Core Set	playerNDeck	runner	3	0	Sabotage	0	Derez a piece of black ice of your choice.		Rare	
b5712c36-5e00-4e5d-836a-43d9047b5a4a	Arasaka Owns You	netrunner-1996/core-set/Netrunner1996-CoreSet-ArasakaOwnsYou.jpg	default	Prep	Core Set	Core Set	playerNDeck	runner	0	0		0	Do not play Arasaka Owns You as a normal action; instead, play it when you would suffer enough damage to flatline you. Prevent all of that damage, trash Arasaka Owns You, remove any brain damage you have suffered, and then refresh your hand to its maximum size. Gain [10] and remove all tags, at no cost. You forgo your next four actions, and you forfeit the next 3 agenda points you score.		Rare	
4d001a1e-0560-45b7-8208-e2df70273af0	Bodyweight Synthetic Blood	netrunner-1996/core-set/Netrunner1996-CoreSet-BodyweightSyntheticBlood.jpg	default	Prep	Core Set	Core Set	playerNDeck	runner	2	0		0	Draw five cards.		Uncommon	
aed1ca76-901c-4718-a0bb-481f1e6a3b29	Core Command: Jettison Ice	netrunner-1996/core-set/Netrunner1996-CoreSet-CoreCommandJettisonIce.jpg	default	Prep	Core Set	Core Set	playerNDeck	runner	0	0	Sabotage	0	Play only if you made a successful run on HQ this turn. Pay the rez cost of a piece of rezzed ice to trash it.		Uncommon	
c8543203-5475-426b-816c-39b30588f714	Custodial Position	netrunner-1996/core-set/Netrunner1996-CoreSet-CustodialPosition.jpg	default	Prep	Core Set	Core Set	playerNDeck	runner	2	0		0	Make a run on R&D. If run is successful, access two additional cards from R&D.		Common	
03954709-aa33-4957-bc10-0e94cdca5913	Deal with Militech	netrunner-1996/core-set/Netrunner1996-CoreSet-DealWithMilitech.jpg	default	Prep	Core Set	Core Set	playerNDeck	runner	0	0		0	Play only if you liberated any Research agendas this turn. Put a Militech counter on each of your icebreakers. A Militech counter gives the icebreaker it is on +1 strength.		Rare	
ee006c6e-4faa-4bd2-b224-aa3a77a2d896	Desperate Competitor	netrunner-1996/core-set/Netrunner1996-CoreSet-DesperateCompetitor.jpg	default	Prep	Core Set	Core Set	playerNDeck	runner	0	0		0	Play only if you liberated any Gray Ops agendas this turn. Score 1 agenda point.		Rare	
30b18d2e-fb79-465e-bb93-2d48a5dc0d8a	Edited Shipping Manifests	netrunner-1996/core-set/Netrunner1996-CoreSet-EditedShippingManifests.jpg	default	Prep	Core Set	Core Set	playerNDeck	runner	1	0	Sabotage	0	Make a run on HQ. If run is successful, and the Corp has any bits when you would access HQ, do not access cards from HQ  instead, the Corp loses [1] and gives you a tag, and you gain [10].		Common	
d2673e87-8e80-4f16-ad0f-e29cb3c70a28	Executive Wiretaps	netrunner-1996/core-set/Netrunner1996-CoreSet-ExecutiveWiretaps.jpg	default	Prep	Core Set	Core Set	playerNDeck	runner	2	0		0	Make a run on HQ. If run is successful, access two additional cards from HQ.		Common	
7af7ed41-8587-41c9-b9f4-022f7f1db905	Forged Activation Orders	netrunner-1996/core-set/Netrunner1996-CoreSet-ForgedActivationOrders.jpg	default	Prep	Core Set	Core Set	playerNDeck	runner	1	0	Sabotage	0	Choose a piece of ice. The Corp either rezzes that piece of ice or trashes it.		Rare	
94268394-967f-40d8-bd78-69a1e63b2204	Forgotten Backup Chip	netrunner-1996/core-set/Netrunner1996-CoreSet-ForgottenBackupChip.jpg	default	Prep	Core Set	Core Set	playerNDeck	runner	0	0		0	Search your trash for a program and bring it into your hand.		Common	
70f26894-ce06-402b-ac71-6a25b850155e	Fortress Respecification	netrunner-1996/core-set/Netrunner1996-CoreSet-FortressRespecification.jpg	default	Prep	Core Set	Core Set	playerNDeck	runner	0	0	Sabotage	0	Play only if you made a successful run this turn. Rearrange the ice installed on the last fort on which you made a successful run. This does not expose any concealed ice.		Rare	
095141f9-9b2e-4c79-97e5-260c616d78ea	Gideon's Pawnshop	netrunner-1996/core-set/Netrunner1996-CoreSet-GideonsPawnshop.jpg	default	Prep	Core Set	Core Set	playerNDeck	runner	2	0		0	Search your trash for a card and bring it into your hand.		Common	
3c439eb3-1219-4ca0-8586-ead209ca3b28	Hot Tip for WNS	netrunner-1996/core-set/Netrunner1996-CoreSet-HotTipForWNS.jpg	default	Prep	Core Set	Core Set	playerNDeck	runner	0	0		0	Score 1 agenda point if you liberated any Black Ops agendas this turn.		Rare	
6955b9dc-99e9-4421-9c12-b2389ea11fbf	Hunt Club BBS	netrunner-1996/core-set/Netrunner1996-CoreSet-HuntClubBBS.jpg	default	Prep	Core Set	Core Set	playerNDeck	runner	1	0	BBS	0	Expose up to three installed cards.		Common	
e40aa62d-4b9a-45ad-91ee-ad57d6c8eafd	Ice and Data's Guide to the Net	netrunner-1996/core-set/Netrunner1996-CoreSet-IceAndDatasGuideToTheNet.jpg	default	Prep	Core Set	Core Set	playerNDeck	runner	0	0		0	Expose the outermost ice of each data fort.		Uncommon	
3634e802-ff4b-4200-9032-9cfe69bc2c68	If You Want It Done Right...	netrunner-1996/core-set/Netrunner1996-CoreSet-IfYouWantItDoneRight.jpg	default	Prep	Core Set	Core Set	playerNDeck	runner	0	0		0	Look through the top five cards of your stack. Bring one of those cards into your hand, and arrange the rest in any order you choose.		Common	
52bb55a9-1bf4-404b-be3b-0da2477a4421	Inside Job	netrunner-1996/core-set/Netrunner1996-CoreSet-InsideJob.jpg	default	Prep	Core Set	Core Set	playerNDeck	runner	2	0		0	Make a run. You automatically pass the first piece of ice you encounter during that run.		Uncommon	
e5b4e202-e379-4386-8792-059f1aecc7b5	Jack 'n' Joe	netrunner-1996/core-set/Netrunner1996-CoreSet-JackNJoe.jpg	default	Prep	Core Set	Core Set	playerNDeck	runner	0	0		0	Draw three cards.		Common	
a528953e-b0d8-4fa7-a016-e4f72c569afa	Kilroy Was Here	netrunner-1996/core-set/Netrunner1996-CoreSet-KilroyWasHere.jpg	default	Prep	Core Set	Core Set	playerNDeck	runner	0	0	Sabotage	0	Make a run on R&D  you may trash, at no cost, any cards you access that were stored in R&D, even if the cards cannot normally be trashed.		Uncommon	
08d10bb4-053d-4c7c-89a4-73fbd53b985c	Livewire's Contacts	netrunner-1996/core-set/Netrunner1996-CoreSet-LivewiresContacts.jpg	default	Prep	Core Set	Core Set	playerNDeck	runner	0	0		0	Gain [3].		Common	
3fdc9c8f-9656-4740-9d1f-7f3d27ea0feb	Lucidrine Booster Drug	netrunner-1996/core-set/Netrunner1996-CoreSet-LucidrineBoosterDrug.jpg	default	Prep	Core Set	Core Set	playerNDeck	runner	0	0		0	Make a run, and gain [9], which you may use only during that run. After that run is completed, suffer 1 brain damage  this damage cannot be prevented. Then, return to the bank any of the [9] not spent.		Uncommon	
be8a55e8-a029-46af-a3ec-b976414bd614	Mantis, Fixer-at-Large	netrunner-1996/core-set/Netrunner1996-CoreSet-MantisFixerAtLarge.jpg	default	Prep	Core Set	Core Set	playerNDeck	runner	3	0		0	Search your stack for a card, and bring it into your hand. Reshuffle your stack afterwards.		Common	
facbc33b-e8e8-4179-a63b-956e57d5efd2	misc.for-sale	netrunner-1996/core-set/Netrunner1996-CoreSet-MiscForSale.jpg	default	Prep	Core Set	Core Set	playerNDeck	runner	0	0	BBS	0	Trash any number of your installed cards. Gain [3] for each card trashed in this way.		Rare	
838d533c-cf90-4802-ac43-18ccfb2ce2dc	MIT West Tier	netrunner-1996/core-set/Netrunner1996-CoreSet-MITWestTier.jpg	default	Prep	Core Set	Core Set	playerNDeck	runner	3	0		0	Shuffle your hand, trash, and stack together, and then draw five cards. When you play MIT West Tier, remove it from the game instead of trashing it.		Rare	
74571bf9-6a2e-4ad1-ba91-ec438df2da94	Open-Ended Mileage Program	netrunner-1996/core-set/Netrunner1996-CoreSet-OpenEndedMileageProgram.jpg	default	Prep	Core Set	Core Set	playerNDeck	runner	0	0		0	Remove a tag, at no cost. You may pay [1] when you play Open-Ended(R) Mileage Program to take it back into your hand instead of trashing it.		Common	
93f3a0e9-ab58-4368-bc46-cda8a4da0442	Organ Donor	netrunner-1996/core-set/Netrunner1996-CoreSet-OrganDonor.jpg	default	Prep	Core Set	Core Set	playerNDeck	runner	0	0		0	Trash up to five cards from your hand. Gain [2] for each card trashed in this way.		Rare	
bc02cdad-d027-4ac6-b609-13bcbd491bb4	Playful AI	netrunner-1996/core-set/Netrunner1996-CoreSet-PlayfulAI.jpg	default	Prep	Core Set	Core Set	playerNDeck	runner	1	0	AI-Random	0	Roll a die. On a 1, 2, or 3, gain that many bits, set aside that many dice to roll again, or choose some combination thereof. Repeat until you have rolled all the dice you set aside.		Rare	
29ee9d56-931c-441e-a28d-e64980c9989c	Priority Wreck	netrunner-1996/core-set/Netrunner1996-CoreSet-PriorityWreck.jpg	default	Prep	Core Set	Core Set	playerNDeck	runner	0	0	Sabotage	0	Make a run on HQ. If run is successful, do not access cards from HQ  instead, pay any number of bits to force the Corp to lose that many bits.		Rare	
d04a4b25-f9b6-4e20-aee1-a36d77b9bda1	Private LDL Access	netrunner-1996/core-set/Netrunner1996-CoreSet-PrivateLDLAccess.jpg	default	Prep	Core Set	Core Set	playerNDeck	runner	0	0		0	Make a run on HQ. If run is successful, do not access cards from HQ  instead, treat run as a successful run on R&D.		Uncommon	
40ff2e9a-2b2a-45bc-aeb5-8cc8ece908f3	Romp through HQ	netrunner-1996/core-set/Netrunner1996-CoreSet-RompThroughHQ.jpg	default	Prep	Core Set	Core Set	playerNDeck	runner	2	0	Sabotage	0	Make a run on HQ  you may trash, at no cost, any cards you access that were stored in HQ, even if the cards cannot normally be trashed.		Uncommon	
d40fe4d6-0d96-4141-b68b-b387fa1738f5	Score!	netrunner-1996/core-set/Netrunner1996-CoreSet-Score.jpg	default	Prep	Core Set	Core Set	playerNDeck	runner	5	0		0	Gain [9]		Common	
29d3428b-f7db-419e-84c3-90ab4665e254	Security Code WORM Chip	netrunner-1996/core-set/Netrunner1996-CoreSet-SecurityCodeWORMChip.jpg	default	Prep	Core Set	Core Set	playerNDeck	runner	0	0	Sabotage	0	Play only if you made a successful run on HQ this turn. Trash a piece of unrezzed ice.		Uncommon	
869c0410-be3a-4195-b5de-8303db32a7bb	Sneak Preview	netrunner-1996/core-set/Netrunner1996-CoreSet-SneakPreview.jpg	default	Prep	Core Set	Core Set	playerNDeck	runner	3	0		0	Choose a program from your trash or search your stack for a program. Install that program, at no cost. Shuffle your stack afterwards. At the end of the turn, take the program into your hand.		Rare	
f9620ff6-046a-46e0-b502-5807f6de60c7	Social Engineering	netrunner-1996/core-set/Netrunner1996-CoreSet-SocialEngineering.jpg	default	Prep	Core Set	Core Set	playerNDeck	runner	1	0		0	Hide at least 2 from your pool in your hand  the Corp then guesses how many bits you hid. If the Corp guesses correctly, lose that many bits. Otherwise, choose a data fort and a piece of ice on that fort. Then make a run on that fort, during which you automatically pass that piece of ice.		Uncommon	
ba6d39a8-aa9b-46c8-8082-5a9b0549d3f7	Stumble through Wilderspace	netrunner-1996/core-set/Netrunner1996-CoreSet-StumbleThroughWilderspace.jpg	default	Prep	Core Set	Core Set	playerNDeck	runner	2	0		0	Make a run. You have +9 link for every trace attempt made during that run.		Rare	
ef6a4208-2063-430e-a2ce-1868eb839de2	Synchronized Attack on HQ	netrunner-1996/core-set/Netrunner1996-CoreSet-SynchronizedAttackOnHQ.jpg	default	Prep	Core Set	Core Set	playerNDeck	runner	4	0		0	Play only if you made a successful run on HQ this turn. The Corp discards all cards. The Corp can retain cards by paying [2] for each card not discarded.		Rare	
db61fb5f-95fa-497b-be47-4677abc3a210	Temple Microcode Outlet	netrunner-1996/core-set/Netrunner1996-CoreSet-TempleMicrocodeOutlet.jpg	default	Prep	Core Set	Core Set	playerNDeck	runner	1	0	BBS	0	Search your stack for a program. Show that program to the Corp, and then bring it into your hand. Reshuffle your stack afterwards.		Common	
c241c38c-7327-4ec7-aa98-5b55a247fbb1	Terrorist Reprisal	netrunner-1996/core-set/Netrunner1996-CoreSet-TerroristReprisal.jpg	default	Prep	Core Set	Core Set	playerNDeck	runner	2	0		0	Play only if the Corp scored any Black Ops agendas during its last turn. The Corp discards five cards at random.		Rare	
db9a0a51-c3f1-41ac-b1cd-e564f63eced8	Total Genetic Retrofit	netrunner-1996/core-set/Netrunner1996-CoreSet-TotalGeneticRetrofit.jpg	default	Prep	Core Set	Core Set	playerNDeck	runner	3	0		0	Remove all tags, at no cost, and automatically avoid receiving your next tag.		Rare	
dc76935a-1c14-45d7-9bae-154848ef56a4	Valu-Pak Software Bundle	netrunner-1996/core-set/Netrunner1996-CoreSet-ValuPakSoftwareBundle.jpg	default	Prep	Core Set	Core Set	playerNDeck	runner	0	0		0	Gain up to five consecutive actions, which you may use only to install programs, and gain [1]. If you do not spend the bit during these actions, return it to the bank afterwards.		Uncommon	
9963d2e9-98bd-4712-bf82-542e51a156c5	Weather-to-Finance Pipe	netrunner-1996/core-set/Netrunner1996-CoreSet-WeatherToFinancePipe.jpg	default	Prep	Core Set	Core Set	playerNDeck	runner	0	0	Sabotage	0	Make a run on HQ. If run is successful, do not access cards from HQ  instead, the Corp loses [4].		Uncommon	
3b7a8012-9bec-4197-ace4-45aa79286a63	Access Through Alpha	netrunner-1996/core-set/Netrunner1996-CoreSet-AccessThroughAlpha.jpg	default	Resource	Core Set	Core Set	playerNDeck	runner	9	0	Base Link	0	[1]: Base link 9. Use only one base link card for each trace attempt made against you.		Rare	
aaa0d8a1-2817-429c-ad3d-2b2ef1f3763d	Access to Arasaka	netrunner-1996/core-set/Netrunner1996-CoreSet-AccessToArasaka.jpg	default	Resource	Core Set	Core Set	playerNDeck	runner	2	0	Base Link	0	[2]: Base link 4. [2]: +1 link. Use only one base link card for each trace attempt made against you.		Vital	
51fd32b7-cf74-4ce1-8dac-30980c038c5c	Access to Kiribati	netrunner-1996/core-set/Netrunner1996-CoreSet-AccessToKiribati.jpg	default	Resource	Core Set	Core Set	playerNDeck	runner	1	0	Base Link	0	[1]: Base link 1. [1]: +1 link. Use only one base link card for each trace attempt made against you.		Vital	
f4578b74-0574-46bf-a4ea-90802d1fc496	Arasaka Portable Prototype	netrunner-1996/core-set/Netrunner1996-CoreSet-ArasakaPortablePrototype.jpg	default	Hardware	Core Set	Core Set	playerNDeck	runner	11	0	Deck	0	Provides +3 MU. Installing Arasaka Portable Prototype costs 1 agenda point, in addition to the normal cost. Put [3] from the bank on Arasaka Portable Prototype when it is installed. Use these bits only to pay for using icebreakers during runs. If you use any of these bits replace them at the start of your next turn.		Rare	
8934fae5-bb11-4434-8e50-7bd8f23372a1	'Armadillo' Armored Road Home	netrunner-1996/core-set/Netrunner1996-CoreSet-ArmadilloArmoredRoadHome.jpg	default	Hardware	Core Set	Core Set	playerNDeck	runner	2	0	Vehicle	0	Put [2] from the bank on Armored Road Home when it is installed. Use these bits only to pay for removing tags. If you use any of these bits, replace them at the start of your next turn. [T]: Prevent up to 3 meat damage.		Uncommon	
5ef3a7cc-7d0f-4696-9dbf-a79967e2c2bb	Armored Fridge	netrunner-1996/core-set/Netrunner1996-CoreSet-ArmoredFridge.jpg	default	Hardware	Core Set	Core Set	playerNDeck	runner	3	0		0	Put seven Ablative counters on Armored Fridge when it is installed. When the last Ablative counter has been removed, trash Armored Fridge. Ablative counter: Prevent 1 meat damage.		Uncommon	
11a5fc1c-c7bf-4b14-840f-62cbd4b62b98	Artemis 2020	netrunner-1996/core-set/Netrunner1996-CoreSet-Artemis2020.jpg	default	Hardware	Core Set	Core Set	playerNDeck	runner	10	0	Deck	0	Provides +2 MU. Put [2] from the bank on Artemis 2020 when it is installed. Use these bits only to pay for using icebreakers during runs. If you use any of these bits, replace them at the start of your next turn. Only one deck can be in play at a time. Trash any older decks.		Uncommon	
500cf458-a312-465b-b5b7-75701a20a916	Aujourd'Oui	netrunner-1996/core-set/Netrunner1996-CoreSet-AujourdOui.jpg	default	Resource	Core Set	Core Set	playerNDeck	runner	0	0	BBS	0	A: Look at the top five cards of your stack. You may bring any program cards among them into your hand. Pay [1] for each card taken in this way, and show those cards to the Corp. Shuffle your stack.		Rare	
601ed15d-e59d-4aca-ab1e-4022754a71e6	Back Door to Hilliard	netrunner-1996/core-set/Netrunner1996-CoreSet-BackDoorToHilliard.jpg	default	Resource	Core Set	Core Set	playerNDeck	runner	0	0	Base Link	0	[0]: Base link 2. [3]: +1 link. Use only one base link card for each trace attempt made against you.		Common	
f8cbcb47-414b-430a-b7a0-8d0778770245	Back Door to Orbital Air	netrunner-1996/core-set/Netrunner1996-CoreSet-BackDoorToOrbitalAir.jpg	default	Resource	Core Set	Core Set	playerNDeck	runner	0	0	Base Link	0	[1]: Base link 2. [2]: +1 link. Use only one base link card for each trace attempt made against you.		Vital	
0a7fe224-b4b1-4f4f-b33d-2c75fa2bf52b	Bodyweight(tm) Data Creche	netrunner-1996/core-set/Netrunner1996-CoreSet-BodyweightTmDataCreche.jpg	default	Hardware	Core Set	Core Set	playerNDeck	runner	3	0	Deck	0	Provides +1 MU. Once per turn, right after making a successful run, you can choose to make another run without taking an action to do so. Only one deck can be in play at a time. Trash any older decks.		Rare	
28389d71-da54-4cbd-ae99-ed028b37d066	Broker	netrunner-1996/core-set/Netrunner1996-CoreSet-Broker.jpg	default	Resource	Core Set	Core Set	playerNDeck	runner	3	0	Connection	0	Each of your turns, you may take only one action to use Broker. A: Put [3] from the bank on Broker. A: Take all the bits from Broker.		Common	
7eff5be7-7e40-4839-bbc1-ddb445ed77d0	Code Viral Cache	netrunner-1996/core-set/Netrunner1996-CoreSet-CodeViralCache.jpg	default	Resource	Core Set	Core Set	playerNDeck	runner	1	0		0	Play only if you made a successful run on HQ this turn. If the Corp forgoes actions to lose Virus counters, two counters of your choice are not removed. The Corp may trash Viral Cache by taking an action to pay [5]. This trashing cannot be prevented.		Rare	
d987f2d1-be86-4953-a7f1-fab85aa19bd5	Corolla Speed Chip	netrunner-1996/core-set/Netrunner1996-CoreSet-CorollaSpeedChip.jpg	default	Hardware	Core Set	Core Set	playerNDeck	runner	1	0	Chip	0	Put [1] from the bank on Corolla Speed Chip when it is installed. Use this bit only to pay for using killers during runs. If you use the bit, replace it at the start of your next turn.		Common	
bb9848b3-3c32-4070-a6a4-3c7304440ff9	Corporate Ally	netrunner-1996/core-set/Netrunner1996-CoreSet-CorporateAlly.jpg	default	Resource	Core Set	Core Set	playerNDeck	runner	3	0	Connection-Unique	0	Installing Corporate Ally costs 1 agenda point, in addition to the normal cost. The difficulty of all agendas is +1. Only one unique card of a particular name can be in play at a time. If for some reason more than one is in play, trash all but one.		Rare	
365fea7b-d400-49a2-8de8-666732a17e4e	Crash Everett, Inventive Fixer	netrunner-1996/core-set/Netrunner1996-CoreSet-CrashEverettInventiveFixer.jpg	default	Resource	Core Set	Core Set	playerNDeck	runner	2	0	Connection-Unique	0	Whenever you draw one or more cards from your stack, draw an extra card  then choose one of the cards drawn and either trash it or return it to the top of your stack. Only one unique card of a particular name can be in play at a time. If for some reason more than one is in play, trash all but one.		Common	
6a90deed-22d2-4393-9920-8dac868dfd7c	Danshi's Second ID	netrunner-1996/core-set/Netrunner1996-CoreSet-DanshisSecondID.jpg	default	Resource	Core Set	Core Set	playerNDeck	runner	0	0		0	A, [T]: Remove up to three tags, at no cost.		Uncommon	
b14e277e-d681-480e-988f-549e449075e5	Databroker	netrunner-1996/core-set/Netrunner1996-CoreSet-Databroker.jpg	default	Resource	Core Set	Core Set	playerNDeck	runner	0	0	Connection	0	A, [T], 1 agenda point: Gain [10].		Uncommon	
4da5197c-0f42-4f92-b784-d2c905dd048e	Dermatech Bodyplating	netrunner-1996/core-set/Netrunner1996-CoreSet-DermatechBodyplating.jpg	default	Hardware	Core Set	Core Set	playerNDeck	runner	0	0	Cybernetics	0	Prevents 1 meat damage each turn.		Uncommon	
9b8f4ab9-6432-49e7-b830-7dea049f261a	Diplomatic Immunity	netrunner-1996/core-set/Netrunner1996-CoreSet-DiplomaticImmunity.jpg	default	Resource	Core Set	Core Set	playerNDeck	runner	1	0	Unique	0	Prevents all meat damage. The Corp may pay 1 agenda point to cancel this effect until end of turn. Only one unique card of a particular name can be in play at a time. If for some reason more than one is in play, trash all but one.		Rare	
79f9e22a-605e-4a07-868a-8503185d5638	'Drifter' Mobile Environment	netrunner-1996/core-set/Netrunner1996-CoreSet-DrifterMobileEnvironment.jpg	default	Hardware	Core Set	Core Set	playerNDeck	runner	0	0	Vehicle	0	Put [2] from the bank on Mobile Environment when it is installed. Use these bits only to pay for removing tags. If you use any of these bits, replace them at the start of your next turn.		Uncommon	
b6d1e2f3-2b68-47e1-9ade-7c5ee19d45f4	Fall Guy	netrunner-1996/core-set/Netrunner1996-CoreSet-FallGuy.jpg	default	Resource	Core Set	Core Set	playerNDeck	runner	0	0		0	[T]: Avoid receiving a tag.		Vital	
d660828e-99d6-4159-8288-2b4724564370	Field Reporter for Ice and Data	netrunner-1996/core-set/Netrunner1996-CoreSet-FieldReporterForIceAndData.jpg	default	Resource	Core Set	Core Set	playerNDeck	runner	0	0	Position	0	At the end of each of your turns, gain [1] for each piece of ice the Corp rezzed during that turn.		Rare	
a7a78c3d-af6d-481d-9e28-585fe72782cd	Floating Runner BBS	netrunner-1996/core-set/Netrunner1996-CoreSet-FloatingRunnerBBS.jpg	default	Resource	Core Set	Core Set	playerNDeck	runner	6	0	BBS-Position	0	Gain [1] at the start of each of your turns.		Uncommon	
a825e4cf-c0d1-4ded-b869-34616657c078	Full Body Conversion	netrunner-1996/core-set/Netrunner1996-CoreSet-FullBodyConversion.jpg	default	Hardware	Core Set	Core Set	playerNDeck	runner	0	0	Cybernetics	0	Prevents all meat damage. For each [1] the Corp pays when meat damage is done, 1 point of meat damage is not prevented by this card.		Rare	
3ebff079-41c2-4792-9cc5-4c18613de5c5	'Green Knight' Surge Buffers	netrunner-1996/core-set/Netrunner1996-CoreSet-GreenKnightSurgeBuffers.jpg	default	Hardware	Core Set	Core Set	playerNDeck	runner	0	0		0	Prevents 1 Net damage each turn.		Common	
2bead52f-1b8e-443e-af62-97d3be0fd29c	Hell's Run	netrunner-1996/core-set/Netrunner1996-CoreSet-HellsRun.jpg	default	Resource	Core Set	Core Set	playerNDeck	runner	0	0		0	Put [1] from the bank on Hell's Run when it is installed. Use this bit only to pay for increasing your link. If you use the bit, replace it at the start of your next turn.		Uncommon	
c3e963b3-274f-4238-9493-d5be9a213a0c	HQ Interface	netrunner-1996/core-set/Netrunner1996-CoreSet-HQInterface.jpg	default	Hardware	Core Set	Core Set	playerNDeck	runner	4	0		0	Whenever you access cards from HQ, access an additional card from HQ.		Common	
b592e3c2-d372-4bbd-9e5f-b970346d24eb	Junkyard BBS	netrunner-1996/core-set/Netrunner1996-CoreSet-JunkyardBBS.jpg	default	Resource	Core Set	Core Set	playerNDeck	runner	1	0	BBS	0	A, [1]: Bring the top card from your trash into your hand.		Uncommon	
1f445939-e64c-496e-8dce-07ca240b7036	Karl de Veres, Corporate Stooge	netrunner-1996/core-set/Netrunner1996-CoreSet-KarlDeVeresCorporateStooge.jpg	default	Resource	Core Set	Core Set	playerNDeck	runner	2	0	Connection-Unique	0	Gain [1] each time you make a successful run. Only one unique card of a particular name can be in play at a time. If for some reason more than one is in play, trash all but one.		Uncommon	
ef706405-0dd1-4a0a-b118-ef02f6d83013	Leland, Corporate Bodyguard	netrunner-1996/core-set/Netrunner1996-CoreSet-LelandCorporateBodyguard.jpg	default	Resource	Core Set	Core Set	playerNDeck	runner	2	0		0	[1]: Prevent 1 meat damage. [T]: Avoid receiving a tag.		Common	
61e76bea-0bd4-4cc8-9014-ea4cb2ea73bc	Lifesaver Nanosurgeons	netrunner-1996/core-set/Netrunner1996-CoreSet-LifesaverNanosurgeons.jpg	default	Hardware	Core Set	Core Set	playerNDeck	runner	1	0	Cybernetics	0	A: Draw two cards. Use this ability only if you were damaged during any of your last three actions. [T]: Prevent 1 brain damage.		Rare	
40202a4a-74bc-404e-bd64-668e48eb7b99	Loan from Chiba	netrunner-1996/core-set/Netrunner1996-CoreSet-LoanFromChiba.jpg	default	Resource	Core Set	Core Set	playerNDeck	runner	0	0		0	Gain [12] when Loan from Chiba is installed. At the start of each of your turns, lose [1]. If Loan from Chiba leaves play, pay [10] or lose the game. You may trash Loan from Chiba at the end of any of your turns.		Uncommon	
4d488f8d-f154-4bbd-a246-9854586eefe6	Microtech Backup Drive	netrunner-1996/core-set/Netrunner1996-CoreSet-MicrotechBackupDrive.jpg	default	Hardware	Core Set	Core Set	playerNDeck	runner	0	0		0	Whenever one or more installed programs are being sent to the trash at the same time, you may instead choose to put any or all of the programs on top of Microtech Backup Drive in any order you choose. If Backup Drive is removed from play, trash any cards on it. A: Bring the Top card on Backup Drive into your Hand.		Common	
2831bc35-1380-4e0a-9140-06bb74d050c1	Microtech 'Trode Set	netrunner-1996/core-set/Netrunner1996-CoreSet-MicrotechTrodeSet.jpg	default	Hardware	Core Set	Core Set	playerNDeck	runner	1	0		0	Pay [1], in addition to the normal cost, to break each ice subroutine. Ignore all AP subroutines except those that trace, or that do Net damage. Prevents all but 1 Net damage from each AP subroutine you do not break.		Rare	
eed1a666-4a41-412e-b03c-2d84dd6f5f97	Militech MRAM Chip	netrunner-1996/core-set/Netrunner1996-CoreSet-MilitechMRAMChip.jpg	default	Hardware	Core Set	Core Set	playerNDeck	runner	2	0	Chip-Cybernetics	0	Hand size +3.		Uncommon	
f338f3a4-14b9-45e8-b4af-432066f4dfa6	MRAM Chip	netrunner-1996/core-set/Netrunner1996-CoreSet-MRAMChip.jpg	default	Hardware	Core Set	Core Set	playerNDeck	runner	1	0	Chip-Cybernetics	0	Hand size +2.		Uncommon	
80613308-f1c7-4d4f-be61-66c751f4d4ab	N.E.T.O.	netrunner-1996/core-set/Netrunner1996-CoreSet-NETO.jpg	default	Resource	Core Set	Core Set	playerNDeck	runner	0	0	BBS	0	A: Look at the top four cards of your stack. You may bring any prep or resource cards among them into your hand. Pay [1] for each card taken in this way, and show those cards to the Corp. Shuffle the rest back into your stack.		Rare	
24e545cb-42f6-421e-b5f5-994e46b1eae1	Nasuko Cycle	netrunner-1996/core-set/Netrunner1996-CoreSet-NasukoCycle.jpg	default	Hardware	Core Set	Core Set	playerNDeck	runner	1	0	Vehicle	0	[3]: Avoid receiving a tag.		Vital	
ade9335b-e7bf-4e28-bf94-2e9b8203bf40	Nomad Allies	netrunner-1996/core-set/Netrunner1996-CoreSet-NomadAllies.jpg	default	Resource	Core Set	Core Set	playerNDeck	runner	2	0	Connection	0	A, [1]: Remove a tag, at no cost. [T]: Avoid receiving a tag.		Vital	
88edef5f-5b7a-4203-92de-55c0e11c22ff	Pandora's Deck	netrunner-1996/core-set/Netrunner1996-CoreSet-PandorasDeck.jpg	default	Hardware	Core Set	Core Set	playerNDeck	runner	6	0	Deck	0	Provides +2 MU. Put [3] from the bank on Pandora's Deck when it is installed. Use these bits only to pay for increasing your link. If you use any of these bits, replace them at the start of your next turn. Only one deck can be in play at a time. Trash any older decks.		Uncommon	
f269c60f-4236-4bc0-8178-a7caea5a02c6	Parraline 5750	netrunner-1996/core-set/Netrunner1996-CoreSet-Parraline5750.jpg	default	Hardware	Core Set	Core Set	playerNDeck	runner	5	0	Deck	0	Provides +1 MU. Put [1] from the bank on Parraline 5750 when it is installed. Use this bit only to pay for using icebreakers during runs. If you use the bit, replace it at the start of your next turn. Only one deck can be in play at a time. Trash any older decks.		Common	
396a0fdc-69fd-4096-95d7-eae168ecc0ba	PK-6089a	netrunner-1996/core-set/Netrunner1996-CoreSet-PK6089a.jpg	default	Hardware	Core Set	Core Set	playerNDeck	runner	4	0	Deck	0	Provides +1 MU. Put [3] from the bank on PK-6089a when it is installed. Use these bits only to pay for increasing your link. If you use any of these bits, replace them at the start of your next turn. Only one deck can be in play at a time. Trash any older decks.		Common	
ed15dfd2-9d6d-4db9-ae76-65f773e64d8b	Preying Mantis	netrunner-1996/core-set/Netrunner1996-CoreSet-PreyingMantis.jpg	default	Resource	Core Set	Core Set	playerNDeck	runner	0	0	Connection	0	Each of your turns, you may choose to gain an action. If you do, suffer 1 brain damage at the end of the turn. This damage cannot be prevented.		Rare	
f43237a3-70a5-4d01-bf3e-bf5bdc4d7d8e	Quest for Cattekin	netrunner-1996/core-set/Netrunner1996-CoreSet-QuestForCattekin.jpg	default	Resource	Core Set	Core Set	playerNDeck	runner	4	0	Random	0	At the start of each of your turns, roll a die. On a 6, trash Quest for Cattekin, and you gain an action on each of your turns for the remainder of the game. On a 1, suffer 1 brain damage. On a 2, suffer 1 Net damage. Damage from Quest for Cattekin cannot be prevented.		Rare	
8ea7bc23-31f8-4c38-975d-449cfb802ede	R&D Interface	netrunner-1996/core-set/Netrunner1996-CoreSet-RDInterface.jpg	default	Hardware	Core Set	Core Set	playerNDeck	runner	4	0		0	Whenever you access cards from R&D, access an additional card from R&D.		Common	
920257b1-5285-49db-aaeb-976a84c70c41	Raven Microcyb Eagle	netrunner-1996/core-set/Netrunner1996-CoreSet-RavenMicrocybEagle.jpg	default	Hardware	Core Set	Core Set	playerNDeck	runner	6	0	Deck	0	Provides +1 MU. Prevents 1 Net damage each turn. Put [1] from the bank on Microcyb Eagle when it is installed. Use this bit only to pay for using icebreakers during runs. If you use the bit, replace it at the start of your next turn. Only one deck can be in play at a time. Trash any older decks.		Common	
e75e20d8-2f25-4dea-9ac1-eb078877bc6a	Raven Microcyb Owl	netrunner-1996/core-set/Netrunner1996-CoreSet-RavenMicrocybOwl.jpg	default	Hardware	Core Set	Core Set	playerNDeck	runner	11	0	Deck-Stealth	0	Provides +1 MU. Put [3] from the bank on Microcyb Owl when it is installed. Use these bits only to pay for using icebreakers during runs, but not for using noisy icebreakers. If you use any of these bits, replace them at the start of your next turn. Only one deck can be in play at a time. Trash any older decks.		Uncommon	
a5b5935d-c1d9-4652-bf1b-fb9843fa8d06	Record Reconstructor	netrunner-1996/core-set/Netrunner1996-CoreSet-RecordReconstructor.jpg	default	Hardware	Core Set	Core Set	playerNDeck	runner	0	0		0	A: Make a run on the Archives. If run is successful, do not access cards from the Archives  instead, shuffle the face-up pile of the Archives and then put the top two cards from that pile on R&D.		Rare	
9106a632-24e1-4fe7-8d9c-41ed87677dc0	Restrictive Net Zoning	netrunner-1996/core-set/Netrunner1996-CoreSet-RestrictiveNetZoning.jpg	default	Resource	Core Set	Core Set	playerNDeck	runner	1	0		0	Choose a data fort when Restrictive Net Zoning is installed. The Corp must pay [2], in addition to the normal cost, to install ice on that fort.		Uncommon	
158fa070-85f8-4bf4-838a-09bbbc31b240	Rigged Investments	netrunner-1996/core-set/Netrunner1996-CoreSet-RiggedInvestments.jpg	default	Resource	Core Set	Core Set	playerNDeck	runner	4	0		0	Put [12] from the bank on Rigged Investments when it is installed. At the start of each of your turns, take [1] from Investments. When all the bits have been removed, trash Investments.		Common	
b1c0ac0b-d61d-4ac1-9d52-ddbd6442a790	Ronin Around	netrunner-1996/core-set/Netrunner1996-CoreSet-RoninAround.jpg	default	Resource	Core Set	Core Set	playerNDeck	runner	3	0	BBS	0	A: Look at the top five cards of your stack. You may bring any hardware cards among them into your hand. Pay [1] for each card taken in this way, and show those cards to the Corp. Shuffle the rest back into your stack. A, [2]: Expose any card.		Rare	
dae89670-e2ac-4d75-b96a-954eb7f6ee07	Short-Term Contract	netrunner-1996/core-set/Netrunner1996-CoreSet-ShortTermContract.jpg	default	Resource	Core Set	Core Set	playerNDeck	runner	1	0	Position	0	Put [12] from the bank on Short-Term Contract when it is installed. When all the bits have been removed, trash Short-Term Contract. A: Take [2] from Short-Term Contract.		Common	
21bce621-0852-416c-b166-7a23b39a4e38	Silicon Saloon Franchise	netrunner-1996/core-set/Netrunner1996-CoreSet-SiliconSaloonFranchise.jpg	default	Resource	Core Set	Core Set	playerNDeck	runner	8	0	Position	0	A: Gain [1] and draw one card.		Rare	
f7894852-d27a-45c5-a3fc-50b257a1729a	Smith's Pawnshop	netrunner-1996/core-set/Netrunner1996-CoreSet-SmithsPawnshop.jpg	default	Resource	Core Set	Core Set	playerNDeck	runner	0	0	Connection-Unique	0	At the start of each of your turns, you may trash one of your other installed cards to gain [2]. Only one unique card of a particular name can be in play at a time. If for some reason more than one is in play, trash all but one.		Uncommon	
72b85a2d-8035-4c31-8b5d-1e07bd87e159	Submarine Uplink	netrunner-1996/core-set/Netrunner1996-CoreSet-SubmarineUplink.jpg	default	Resource	Core Set	Core Set	playerNDeck	runner	0	0	Base Link	0	[0]: Base link 4. [1]: +1 link. You may use Submarine Uplink only during a run. Using Submarine Uplink forces you to jack out after the current encounter ends. Use only one base link card for each trace attempt made against you.		Uncommon	
a16be754-b364-47db-925b-828be36a7e38	Technician Lover	netrunner-1996/core-set/Netrunner1996-CoreSet-TechnicianLover.jpg	default	Resource	Core Set	Core Set	playerNDeck	runner	2	0		0	A: Look at the top card of R&D.		Uncommon	
d01f66fc-729d-4e41-815f-5ffe6641eeb2	Techtronica Utility Suit	netrunner-1996/core-set/Netrunner1996-CoreSet-TechtronicaUtilitySuit.jpg	default	Hardware	Core Set	Core Set	playerNDeck	runner	6	0	Deck	0	Provides +1 MU. Prevents 1 meat damage each turn. Put [5] on Techtronica [TM] Utility Suit when it is installed. Use these bits only to pay for increasing your link. If you use any of these bits, replace them at the start of your next turn.  Only one deck can be in play at a time. Trash any older decks.		Uncommon	
401763a0-4d29-48d1-a90f-04d9694d986c	The Shell Traders	netrunner-1996/core-set/Netrunner1996-CoreSet-TheShellTraders.jpg	default	Resource	Core Set	Core Set	playerNDeck	runner	0	0		0	A: Choose a program or hardware card from your hand. Set that card aside, and put a number of Shell counters on it equal to its installation cost. When the last Shell counter on that card has been removed, install that card, at no cost. Remove one Shell counter from one card at the start of each of your turns.		Rare	
ce6d0168-57d0-4833-b758-ca27bf4d46ab	The Short Circuit	netrunner-1996/core-set/Netrunner1996-CoreSet-TheShortCircuit.jpg	default	Resource	Core Set	Core Set	playerNDeck	runner	1	0	BBS	0	A, [1]: Search your stack for a program. Show that program to the Corp, and then bring it into your hand. Reshuffle your stack afterwards.		Common	
697f4eb8-953c-4a1f-a6a3-deeec11a03b0	The Springboard	netrunner-1996/core-set/Netrunner1996-CoreSet-TheSpringboard.jpg	default	Resource	Core Set	Core Set	playerNDeck	runner	0	0	BBS	0	[1]: +1 link. Use this ability only once during each trace attempt, and only after you and the Corp have revealed how much each of you spent.		Common	
57acaa59-e427-4310-84e8-6c9835e3494e	Top Runners Conference	netrunner-1996/core-set/Netrunner1996-CoreSet-TopRunnersConference.jpg	default	Resource	Core Set	Core Set	playerNDeck	runner	0	0		0	Gain [2] at the start of each of your turns. Trash Top Runners' Conference when you make a run.		Rare	
85f4fb59-2a57-4738-a51e-c0f9437f24c0	Trauma Team	netrunner-1996/core-set/Netrunner1996-CoreSet-TraumaTeam.jpg	default	Resource	Core Set	Core Set	playerNDeck	runner	0	0		0	Put two Trauma counters on Trauma Team [TM] when it is installed. Trauma counter: Prevent 1 meat damage. A: Put one Trauma counter on Trauma Team [TM].		Uncommon	
a8eed530-6839-4d80-9363-a53b7154b4b6	Tycho Mem Chip	netrunner-1996/core-set/Netrunner1996-CoreSet-TychoMemChip.jpg	default	Hardware	Core Set	Core Set	playerNDeck	runner	5	0	Chip	0	Provides +3 MU.		Common	
90b2e359-57bc-409d-892d-8c16da996cbb	Umbrella Policy	netrunner-1996/core-set/Netrunner1996-CoreSet-UmbrellaPolicy.jpg	default	Resource	Core Set	Core Set	playerNDeck	runner	0	0		0	[T]: Prevent an installed program or hardware card from being trashed.		Uncommon	
9d18a282-1810-4d6d-a804-239db53d7ec2	Wilson, Weeflerunner Apprentice	netrunner-1996/core-set/Netrunner1996-CoreSet-WilsonWeeflerunnerApprentice.jpg	default	Resource	Core Set	Core Set	playerNDeck	runner	4	0		0	Each of your turns, you may choose to gain an action, which you may use only to make a run. You cannot spend more than [3] during that run to pay for using icebreakers or increasing your link. Use this ability only once per turn and only during your turn.		Uncommon	
d77a8cd4-764d-4075-aa01-4812f2c19907	WuTech Mem Chip	netrunner-1996/core-set/Netrunner1996-CoreSet-WuTechMemChip.jpg	default	Hardware	Core Set	Core Set	playerNDeck	runner	1	0	Chip	0	Provides +1 MU.		Common	
70b34d6f-b157-4711-929e-f13269da79da	Zetatech Mem Chip	netrunner-1996/core-set/Netrunner1996-CoreSet-ZetatechMemChip.jpg	default	Hardware	Core Set	Core Set	playerNDeck	runner	3	0	Chip	0	Provides +2 MU.		Common	
eb336c64-6bfc-4762-8126-a66d63a01154	ZZ22 Speed Chip	netrunner-1996/core-set/Netrunner1996-CoreSet-ZZ22SpeedChip.jpg	default	Hardware	Core Set	Core Set	playerNDeck	runner	5	0	Chip	0	Put [2] from the bank on ZZ22 Speed Chip when it is installed. Use these bits only to pay for using killers during runs. If you use any of these bits, replace them at the start of your next turn.		Common	
d1ce8dbf-653c-4a1c-98ec-ca0ad8a0708a	AI Board Member	netrunner-1996/proteus/Netrunner1996-Proteus-AIBoardMember.jpg	default	Agenda	Proteus	Proteus	playerNDeck	corp	5	0	Research-AI-Random	3	You may gain an action during each of your turns. At the start of each of your turns, roll a die to see what the action will be for that turn, and then decide whether to take it. On a 1, you may use the action only to install a card; on a 2 or 3, only to gain [1]; on a 4, 5, or 6, only to draw a card.	"At least it won't be trying to get its family hired."	Rare	1
185ef5c7-5fb5-4b57-b67a-8d1dc311a0b9	Bel-Digmo Antibody	netrunner-1996/proteus/Netrunner1996-Proteus-BelDigmoAntibody.jpg	default	Node	Proteus	Proteus	playerNDeck	corp	0	0	Ambush-Virus	0	Shuffle Bel-Digmo Antibody into R&D when it is rezzed. When Runner accesses Bel-Digmo Antibody from R&D, do 1 Net damage, and Runner must show it to you.		Uncommon	2
675da556-8107-4ce4-8714-1eb2fcfdc005	Brain Wash	netrunner-1996/proteus/Netrunner1996-Proteus-BrainWash.jpg	default	Ice	Proteus	Proteus	playerNDeck	corp	3	0	Sentry-Black Ice-AP-Brainwipe	2	@ Do 1 brain damage.	"I can see clearly now my brain is gone."	Common	3
692b1e14-e381-40f6-beb0-ba55b9bbd3e5	Bug Zapper	netrunner-1996/proteus/Netrunner1996-Proteus-BugZapper.jpg	default	Ice	Proteus	Proteus	playerNDeck	corp	6	0	Sentry-AP-Hellbolt	2	@ Do 2 Net damage for each rezzed piece of ice installed outside Bug Zapper. @ End the run.	"Try it for a month, and if it doesn't flatline anyone, send it back at our expense!"	Uncommon	4
3db0bf1a-f262-4fcd-a3e7-1993f90dffc7	Caryatid	netrunner-1996/proteus/Netrunner1996-Proteus-Caryatid.jpg	default	Ice	Proteus	Proteus	playerNDeck	corp	7	0	Wall	5	@ End the run. When you rez Caryatid, you may pay [1], above the rez cost, to make it a code gate instead of a wall.	"All the form and twice the function of our previous model-the Galatea."	Uncommon	5
6482409a-ee62-4a6e-a85d-7b97f57bc41b	Charity Takeover	netrunner-1996/proteus/Netrunner1996-Proteus-CharityTakeover.jpg	default	Agenda	Proteus	Proteus	playerNDeck	corp	4	0	Black Ops-Bad Publicity	1	Gain [9] and 1 Bad Publicity point.	"We don't call them 'Black Ops' because they're immoral; we call them that because they put us in the black."	Common	6
60eb5179-0764-4ddf-972f-ffd75a983c79	Chihuahua	netrunner-1996/proteus/Netrunner1996-Proteus-Chihuahua.jpg	default	Ice	Proteus	Proteus	playerNDeck	corp	0	0	Sentry-AP-Hellhound	0	@ Trace1– If trace is successful, do 1 Net damage. Gain [2] when you rez Chihuahua.	"Almost too cute to kick. Almost."	Common	7
afff2d0e-8c26-456d-a8fc-8123ea6daab8	Colonel Failure	netrunner-1996/proteus/Netrunner1996-Proteus-ColonelFailure.jpg	default	Ice	Proteus	Proteus	playerNDeck	corp	17	0	Sentry-Killer	6	@ Trash a program. @ Trash a program. @ Trash a program. @ End the run. @ End the run.	War is the continuation of business by other means.	Rare	8
76018711-c56f-4e37-9b01-85abf512d2de	Corporate Guard® Temps	netrunner-1996/proteus/Netrunner1996-Proteus-CorporateGuardTemps.jpg	default	Operation	Proteus	Proteus	playerNDeck	corp	0	0		0	Pay two times [X] when you play Corporate Guard® Temps, to gain an action during each of your next X turns. Forfeit the next [X] you gain.	"Now do you see why they never bill in advance?"	Uncommon	9
4fbc20e7-35f6-4966-b8c7-cb465864728a	Corporate Headhunters	netrunner-1996/proteus/Netrunner1996-Proteus-CorporateHeadhunters.jpg	default	Agenda	Proteus	Proteus	playerNDeck	corp	5	0	Asset	3	Whenever Corporate Headhunters successfully does damage, Runner's hand size is reduced by 1. [A]: Do 1 meat damage. Use this ability only if Runner is tagged.	"He wasn't nuch of a security risk, but we flatlined him anyway."	Common	10
a464c1f5-58b1-4ef4-b756-3f052dfa6276	Coyote	netrunner-1996/proteus/Netrunner1996-Proteus-Coyote.jpg	default	Ice	Proteus	Proteus	playerNDeck	corp	0	0	Sentry-Watchdog	3	@ For the remainder of the run, all further ice is encountered at +1 strength, unless Runner pays [2] while passing Coyote. Gain [3] when you rez Coyote.		Common	11
4b40cade-7d3b-4f1e-af6a-57a73a6e5535	Credit Blocks	netrunner-1996/proteus/Netrunner1996-Proteus-CreditBlocks.jpg	default	Ice	Proteus	Proteus	playerNDeck	corp	6	0	Sentry	3	@ End the run. When you rez Credit Blocks, you may pay [1], above the rez cost, to make it a wall instead of a sentry.	"At the right frequency, the bull-and-bear pulse of a seasoned corp's financial curve will paralyze a sane mind."	Common	12
325e7ea0-69b3-4fdf-ad03-15813181193c	Credit Consolidation	netrunner-1996/proteus/Netrunner1996-Proteus-CreditConsolidation.jpg	default	Operation	Proteus	Proteus	playerNDeck	corp	10	0	Transactions	0	Gain [15].	"Here's the balance sheet on our hidden accounts. I suggest we have Finance consolidate the newly decriminalized activities with the legitimate loan."	Common	13
6628e5b5-3fb9-48c3-91b4-d78b87a4f969	Cybertech Think Tank	netrunner-1996/proteus/Netrunner1996-Proteus-CybertechThinkTank.jpg	default	Node	Proteus	Proteus	playerNDeck	corp	1	0	Asset	3	You may advance Cybertech Think Tank before and after you rez it. Cybertech Think Tank advancement counter: Increase by 1 the meat damage dealt by another source.		Rare	14
324f03e3-5ceb-4ca0-b872-66c7f3030221	Data Sifters	netrunner-1996/proteus/Netrunner1996-Proteus-DataSifters.jpg	default	Operation	Proteus	Proteus	playerNDeck	corp	4	0		0	Play only if Runner trashed any nodes during his or her last turn. Give Runner a tag.	"The runner tried to crash the entire file structure, but the black-box routines on the login records held."	Common	15
24d56bfa-c305-4915-a207-54d2ffac935d	Datacomb	netrunner-1996/proteus/Netrunner1996-Proteus-Datacomb.jpg	default	Ice	Proteus	Proteus	playerNDeck	corp	4	0	Wall	4	@ End the run. If Runner passes Datacomb, pay [1], or uninstall it and store it in HQ.	"Getting at the honey sometimes means taking a sting or two."	Common	16
d7ade1fb-4ed8-4c61-8fa2-39856e2ed9ff	Death Yo-Yo	netrunner-1996/proteus/Netrunner1996-Proteus-DeathYoYo.jpg	default	Ice	Proteus	Proteus	playerNDeck	corp	7	0	Sentry-Black Ice-AP-Brainwipe	2	@ Do 1 brain damage. @ End the run. If Runner passes Death Yo-Yo, you may choose to uninstall it, store it in HQ, and gain [1].	"This is a trick I call 'walkin' the dog.'"	Common	17
fc2a37e4-8297-45e4-b090-ab4b1f2bef0d	Department of Misinformation	netrunner-1996/proteus/Netrunner1996-Proteus-DepartmentOfMisinformation.jpg	default	Node	Proteus	Proteus	playerNDeck	corp	0	0	Asset	4	You may rez Department of Misinformation when Runner attempts to expose a card. [1]: Prevent a card from being exposed.	"I'm sorry, sir, the department you requested does not exist. Could I get your name and number and have them call you back?"	Rare	18
b18bb45c-fe47-482a-8c08-5f0781c44309	Digiconda	netrunner-1996/proteus/Netrunner1996-Proteus-Digiconda.jpg	default	Ice	Proteus	Proteus	playerNDeck	corp	6	0	Sentry-AP-Sword	0	@ Do 2 Net damage. @ End the run. Pay [X], above the rez cost, when you rez Digiconda. X is Digiconda's strength, and X cannot be greater than 6.	"See that lump? It's still digesting the data from the last weeflerunner icon it caught."	Uncommon	19
b79376e0-938e-48b4-a49d-feecd14b9c59	Dog Pile	netrunner-1996/proteus/Netrunner1996-Proteus-DogPile.jpg	default	Ice	Proteus	Proteus	playerNDeck	corp	5	0	Sentry-AP	0	@ Do 1 Net damage for each rezzed piece of ice installed outside Dog Pile. @ End the run. Dog Pile has +1 strength for each rezzed piece of ice installed outside it.		Uncommon	20
a92eaff1-65f4-4717-b1a9-e89b1ed4e647	Doppelganger Antibody	netrunner-1996/proteus/Netrunner1996-Proteus-DoppelgangerAntibody.jpg	default	Node	Proteus	Proteus	playerNDeck	corp	0	0	Ambush-Virus	0	When Runner accesses Doppelganger Antibody, you may pay [2] to give Runner a Doppelganger counter, even if Doppelganger is not installed. Ignore this effect if Runner accesses Doppelganger from the Archives. Each Doppelganger counter causes Runner to lose [1] at the start of each of his or her turns. Runner may take an action to pay [4] to remove a Doppelganger counter. If Doppelganger is accessed from R&D, Runner must show it to you.		Common	21
b08f2b3b-a5b4-4d83-a1e1-f6093e9b4ac7	Emergency Rig	netrunner-1996/proteus/Netrunner1996-Proteus-EmergencyRig.jpg	default	Operation	Proteus	Proteus	playerNDeck	corp	0	0	Transactions	0	Rez a piece of ice, at no cost. Put X Kludge counters on that piece of ice; X cannot be 0. At the start of each of your turns, remove a Kludge counter. Trash that piece of ice when the last Kludge counter is removed from it.		Uncommon	22
a18d1b13-452d-4b33-85ad-f04dceccdfa0	Executive Boot Camp	netrunner-1996/proteus/Netrunner1996-Proteus-ExecutiveBootCamp.jpg	default	Node	Proteus	Proteus	playerNDeck	corp	0	0		2	Discard a card at random: Gain [2]. Use this ability only during a run. At the end of the run, return to the bank any of the [2] you did not spend.	"You're the one who said, 'When times are tough, everyone has to chip in'!"	Rare	23
69c20033-c399-423b-99e5-aa9fcd1dc6ee	Fetal AI	netrunner-1996/proteus/Netrunner1996-Proteus-FetalAI.jpg	default	Agenda	Proteus	Proteus	playerNDeck	corp	5	0	Asset-AI-Ambush	3	When Runner accesses Fetal AI, do 2 Net damage, even if it is not installed. Ignore this effect if Runner accesses Fetal AI from the Archives. If Fetal AI is accessed from R&D, Runner must show it to you. Runner must pay 2 to steal Fetal AI, in addition to any other costs.		Rare	24
8b1d2a26-6a13-430f-8dc6-a0c8174d779d	Food Fight	netrunner-1996/proteus/Netrunner1996-Proteus-FoodFight.jpg	default	Ice	Proteus	Proteus	playerNDeck	corp	4	0	Sentry-DecKrash	3	Food Fight has one "@ End the run" subroutine for every [2] you pay, above the rez cost, when you rez it.	"Frack, Hans, end the run! It's the Food Fight!"	Common	25
59988159-0d99-4f2e-839d-f37e16f91671	Galatea	netrunner-1996/proteus/Netrunner1996-Proteus-Galatea.jpg	default	Ice	Proteus	Proteus	playerNDeck	corp	6	0	Wall	4	@ End the run. When you rez Galatea, you may pay [1], above the rez cost, to make it a code gate instead of a wall.	"She's stonewalling."	Common	26
ab62605a-7b05-4037-97f5-8af58efdc66d	Gatekeeper	netrunner-1996/proteus/Netrunner1996-Proteus-Gatekeeper.jpg	default	Ice	Proteus	Proteus	playerNDeck	corp	3	0	Code Gate	4	Gatekeeper has one "@ End the run" subroutine for every [2] you pay, above the rez cost, when you rez it.	"The icon alone does most of the work for us."	Common	27
b38002e9-f6a5-40a2-a458-cbeab6902d4d	Government Contract	netrunner-1996/proteus/Netrunner1996-Proteus-GovernmentContract.jpg	default	Node	Proteus	Proteus	playerNDeck	corp	2	0	Asset	2	You may advance Government Contract before and after you rez it. Government Contract advancement counter: Gain [3]. Use these bits only to pay for installing or rezzing cards. When the turn ends, return to the bank any of the [3] you did not spend.	"Of course they won't notice if we skim a little off the top. We're dealing with the government here."	Common	28
72025c39-a684-44bc-9fe7-f3cafd65c1cd	Herman Revista	netrunner-1996/proteus/Netrunner1996-Proteus-HermanRevista.jpg	default	Upgrade	Proteus	Proteus	playerNDeck	corp	1	0	Sysop	4	[0]: Rearrange the ice installed on this fort. Use this ability only at the start of a run on this data fort.	"So you say that only a fool would install the Watchdog and Jack Attack inside the black ice? Why don't you run it anyway, just for kicks."	Uncommon	29
67dc3672-3eee-4f7f-ab56-cf6f4a7beb5c	Homing Missile	netrunner-1996/proteus/Netrunner1996-Proteus-HomingMissile.jpg	default	Ice	Proteus	Proteus	playerNDeck	corp	4	0	Sentry	0	@ Trace X – If trace is successful, end the run, and Runner cannot make another run until Runner takes an action to pay [2]. Pay [X], above the rez cost, when you rez Homing Missile. X is Homing Missile 's strength and trace limit, and X cannot be greater than 8.		Uncommon	30
6d78bc38-5d0c-4fe4-97c1-74492c2156e7	Hunting Pack	netrunner-1996/proteus/Netrunner1996-Proteus-HuntingPack.jpg	default	Ice	Proteus	Proteus	playerNDeck	corp	1	0	Sentry-Bloodhound	4	For each rezzed piece of ice installed outside Hunting Pack, Hunting Pack has one subroutine as follows: "@ Trace 5– If trace is successful, give Runner a tag."		Uncommon	31
777b9d2d-c80b-48b7-bfb6-b914506a7c10	Iceberg	netrunner-1996/proteus/Netrunner1996-Proteus-Iceberg.jpg	default	Ice	Proteus	Proteus	playerNDeck	corp	4	0	Wall	4	@ Do 1 Net damage. [2]: Iceberg has one "@ End the run" subroutine for the present encounter. Use this ability only when Runner encounters Iceberg.	The hidden mass of the Iceberg is a corp's bottom line.	Rare	32
805f0899-7abc-41c4-a1a8-3ca78b3a6d37	LDL Traffic Analyzers	netrunner-1996/proteus/Netrunner1996-Proteus-LDLTrafficAnalyzers.jpg	default	Node	Proteus	Proteus	playerNDeck	corp	0	0	Asset	4	You may advance LDL Traffic Analyzers before and after you rez it. You may rez LDL Traffic Analyzers during a trace attempt. LDL Traffic Analyzers advancement counter: Gain [5]. Use this ability only during a trace attempt. When the trace attempt ends, return to the bank any of the [5] you did not spend.		Rare	33
4dc26963-2a6d-45f2-bb38-1b300037f77d	Lesley Major	netrunner-1996/proteus/Netrunner1996-Proteus-LesleyMajor.jpg	default	Upgrade	Proteus	Proteus	playerNDeck	corp	0	0	Sysop	0	Install Lesley Major only in a subsidiary data fort. [5]: Add two advancement counters, at no cost, to a card installed in this data fort. Use this ability only when Runner passes the last piece of ice on this fort, and only once per run.		Rare	34
c4b95101-e8f4-4b5a-9f80-7a2d76b8fa0b	Lesser Arcana	netrunner-1996/proteus/Netrunner1996-Proteus-LesserArcana.jpg	default	Ice	Proteus	Proteus	playerNDeck	corp	7	0	Sentry	4	@ End the run. When you rez Lesser Arcana, you may pay [1], above the rez cost, to make it a wall instead of a sentry.	"You'd think a hammer would blow through a wall of cards without even slowing down."	Common	35
d20f34d2-83a4-47a0-91b7-5b69d9acafa3	Lisa Blight	netrunner-1996/proteus/Netrunner1996-Proteus-LisaBlight.jpg	default	Upgrade	Proteus	Proteus	playerNDeck	corp	0	0	Sysop	2	[1], Discard a card at random: Repeat one subroutine on a piece of ice on this fort, until the end of the run. Treat the copy of the subroutine as if it appeared immediately after the original subroutine. Use this ability only during a run.	"What do you mean she dumped secret plans for world domination? Somebody's got to unplug that witch!"	Rare	36
1cd3e863-fb2e-438f-83ac-6f9cef1d5df2	Manhunt	netrunner-1996/proteus/Netrunner1996-Proteus-Manhunt.jpg	default	Operation	Proteus	Proteus	playerNDeck	corp	4	0	Gray Ops	0	Play only if Runner attempted a run during his or her last turn. Trace 6– If trace is successful, give Runner one tag for each point by which your trace exceeded his or her link.	"I want his friends dead! I want his family dead! I want his deck dead!"	Common	37
b831a447-7e27-46ee-9af0-39280b74809e	Marcel DeSoleil	netrunner-1996/proteus/Netrunner1996-Proteus-MarcelDeSoleil.jpg	default	Upgrade	Proteus	Proteus	playerNDeck	corp	0	0	Sysop	2	[2], Trash the top two cards stored in R&D: Repeat one subroutine on a piece of ice on this fort, until the end of the run. Treat the copy of the subroutine as if it appeared immediately after the original subroutine. Use this ability only during a run.		Rare	38
e5d35872-f442-4f56-a277-478ccc8a43c8	Marionette	netrunner-1996/proteus/Netrunner1996-Proteus-Marionette.jpg	default	Ice	Proteus	Proteus	playerNDeck	corp	3	0	Sentry-Killer	0	@ Trash a program. @ End the run. If Runner passes Marionette, pay [1], or uninstall it and store it in HQ.	"The Marionette's not such a big deal; it's who's pulling the strings."	Common	39
0c6f6ad9-069d-4932-8a1e-bd36624c6908	Marked Accounts	netrunner-1996/proteus/Netrunner1996-Proteus-MarkedAccounts.jpg	default	Agenda	Proteus	Proteus	playerNDeck	corp	4	0	Gray Ops-Ambush	2	When Runner accesses Marked Accounts, give Runner a tag, even if it is not installed. If Marked Accounts is accessed from R&D, Runner must show it to you.	"First Eurobank called, reporting a failed credit transfer from one of our marked funds. They're giving us the perp's address."  "Good. So which fund was broken into?"   "Heh. Get this: 'Counterintrusion Disbursements.'"	Common	40
a7a021a5-7321-42d8-b3b0-7a627b71ca9c	Mastermind	netrunner-1996/proteus/Netrunner1996-Proteus-Mastermind.jpg	default	Ice	Proteus	Proteus	playerNDeck	corp	7	0	Sentry-Black Ice-AP-Zombie	0	@ Do 1 brain damage for each rezzed piece of ice installed outside Mastermind. @ End the run. Mastermind has +1 strength for each rezzed piece of ice installed outside it.		Uncommon	41
cc37ac14-caeb-485f-83ae-d304df24e7ba	Minotaur	netrunner-1996/proteus/Netrunner1996-Proteus-Minotaur.jpg	default	Ice	Proteus	Proteus	playerNDeck	corp	6	0	Sentry	4	For each rezzed code gate or wall installed outside Minotaur, Minotaur has one "@ End the run" subroutine.		Uncommon	42
8e6ab6ce-d8c9-45b5-877d-cec1789e58a1	Misleading Access Menus	netrunner-1996/proteus/Netrunner1996-Proteus-MisleadingAccessMenus.jpg	default	Ice	Proteus	Proteus	playerNDeck	corp	0	0	Code Gate	1	@ End the run unless Runner pays [1]. Gain [3] when you rez Misleading Access Menus.	"You wouldn't believe how many suckers try to access 'Tools/Certain Death.'"	Common	43
12c24446-1d49-4c37-a14d-3bb3c7360317	Mobile Barricade	netrunner-1996/proteus/Netrunner1996-Proteus-MobileBarricade.jpg	default	Ice	Proteus	Proteus	playerNDeck	corp	6	0	Wall	3	@ Do 1 Net damage. @ End the run. [1]: Move Mobile Barricade and insert it in a different position on this data fort. Use this ability only at the start of a run on this data fort. You may use this ability even if Mobile Barricade is unrezzed, in which case, you reveal it.		Rare	44
40ac048d-cce0-4f7a-af06-d0ee8e99bdda	Networked Center	netrunner-1996/proteus/Netrunner1996-Proteus-NetworkedCenter.jpg	default	Upgrade	Proteus	Proteus	playerNDeck	corp	4	0	Region-Asset	3	The difficulty of Gray Ops agendas installed in this fort is reduced by 1.	The LANs and WANs of the late 20th century gave way to SWANs (Super-Wide-Area Networks), which were as graceful at data relay as their acronym suggested.	Rare	45
e7f8c847-2454-4633-a91c-363388f2c925	Obfuscated Fortress	netrunner-1996/proteus/Netrunner1996-Proteus-ObfuscatedFortress.jpg	default	Upgrade	Proteus	Proteus	playerNDeck	corp	4	0		0	At the start of a run on this fort, Runner must announce the number of bits he or she will spend during the run. Runner cannot spend more than this during that run. If Runner does not spend that many bits during that run, the Runner loses the remainder once the run is complete. You may rez Obfuscated Fortress at the start of a run on this fort.		Rare	46
a65d325c-b488-4a4a-99bc-e2991177d732	Panic Button	netrunner-1996/proteus/Netrunner1996-Proteus-PanicButton.jpg	default	Upgrade	Proteus	Proteus	playerNDeck	corp	1	0		4	Install Panic Button only in HQ. [1]: Draw a card. Use this ability only during a run on HQ.	"As a last resort, I'm trying something I learned from Marketing: bombard him with sexy options and chances are he'll choose something he doesn't need."	Uncommon	47
cf31bca5-829e-47ef-ac80-5d881dd72f27	Pattel Antibody	netrunner-1996/proteus/Netrunner1996-Proteus-PattelAntibody.jpg	default	Node	Proteus	Proteus	playerNDeck	corp	0	0	Ambush-Virus	0	When Runner accesses Pattel Antibody, you may pay [3] to put a Pattel counter on all installed icebreakers, even if Pattel Antibody is not installed. Ignore this effect if Runner accesses Pattel Antibody from the Archives. Each Pattel counter on an icebreaker reduces its strength by 1. If Pattel Antibody is accessed from R&D, Runner must show it to you.		Uncommon	48
1ed6f106-3d49-46ad-80e7-9b6f209969aa	Pavit Bharat	netrunner-1996/proteus/Netrunner1996-Proteus-PavitBharat.jpg	default	Upgrade	Proteus	Proteus	playerNDeck	corp	2	0	Sysop	0	Install Pavit only in a subsidiary data fort. When you rez Pavit Bharat, uninstall all cards installed in this fort and store them in HQ. Install an equal number of cards from HQ in this fort. Rez Pavit Bharat only when Runner has passed the last piece of ice on this fort.	"Pavit" means "pious" -but hey, it's not like any parents predict their kid will grow up to be a ruthless security agent.	Rare	49
d0d575f8-fbd4-4da1-8c0e-bca28a7310ea	Please Don't Choke Anyone	netrunner-1996/proteus/Netrunner1996-Proteus-PleaseDontChokeAnyone.jpg	default	Agenda	Proteus	Proteus	playerNDeck	corp	4	0	Gray Ops	2	For each 1 damage you successfully do, you may choose instead to prevent that damage and put a PDCAcounter on Please Don 't Choke Anyone. PDCA counter: Gain an action. Use this ability only once per turn and only during your turn.	"First, let's consider the problem not as a series of independent actions, Bob, But as a series... Oh lord, just kill him."	Rare	50
726261ca-6517-4b4c-86bb-85851d3be67d	Project Venice	netrunner-1996/proteus/Netrunner1996-Proteus-ProjectVenice.jpg	default	Agenda	Proteus	Proteus	playerNDeck	corp	4	0	Asset	2	For every three advancement counters over Project Venice 's difficulty that are on Project Venice when you score it, gain an action during each of your turns.	"Attention all substations: Project Venice has crashed again due to server difficulties. Please observe safety precautions while unplugging any programmers or corprunners."	Common	51
429dc83b-8c45-439b-b31a-b08afcb61314	Project Zurich	netrunner-1996/proteus/Netrunner1996-Proteus-ProjectZurich.jpg	default	Agenda	Proteus	Proteus	playerNDeck	corp	3	0	Asset	2	For every two advancement counters over Project Zurich 's difficulty that are on Project Zurich when you score it, gain [1] at the start of each of your turns.	"With only minor deviation from standard accounting practices, we can improve our bottom line significantly."	Common	52
47351c36-0882-4b7d-9e27-79727712e0c4	Rasmin Bridger	netrunner-1996/proteus/Netrunner1996-Proteus-RasminBridger.jpg	default	Upgrade	Proteus	Proteus	playerNDeck	corp	4	0	Sysop	2	After Runner passes each piece of ice on this fort, Runner must pay [1] or end the run.	"Fifty for the Shotgun Wire, twenty to get past the Filter-even the Hellhound wanted a cool three hundred! That place is worse than a third-world bureaucracy! We should seriously rethink their merger proposal." -Erin Devlin, WuTech COO	Uncommon	53
c7ac08e2-2190-47de-a345-6b1e9e5e770b	Raymond Ellison	netrunner-1996/proteus/Netrunner1996-Proteus-RaymondEllison.jpg	default	Upgrade	Proteus	Proteus	playerNDeck	corp	0	0	Sysop	2	Install Raymond Ellison only in a subsidiary data fort. [T]: Remove any number of advancement counters from cards installed in this data fort. Gain [3] for each advancement counter removed. Use this ability only during a run. At the end of the run, return to the bank any of the bits gained that you did not spend.		Uncommon	54
31cb5ed8-ca36-4637-b78f-ec10c1c28526	Rent-to-Own Contract	netrunner-1996/proteus/Netrunner1996-Proteus-RentToOwnContract.jpg	default	Operation	Proteus	Proteus	playerNDeck	corp	0	0	Transactions	0	Rez a piece of ice, at no cost. Put on that ice a number of Term counters equal to its rez cost. At the start of each of your turns, if you have at least [2], lose [2] and remove one of these Term counters; otherwise, put a Term counter on that piece of ice.		Uncommon	55
0327b572-d2d7-435d-94a8-7beddb944327	Research Bunker	netrunner-1996/proteus/Netrunner1996-Proteus-ResearchBunker.jpg	default	Upgrade	Proteus	Proteus	playerNDeck	corp	4	0	Region-Asset	3	The difficulty of research agendas installed in this fort is reduced by 1.	"I want this Proteus ice tested by dawn."  "But, Dr. Kordite, it's already dawn."  "Do you think anyone in R&D knows that?"	Rare	56
b0aa9187-6519-4128-8465-dc9a980a1270	Riddler	netrunner-1996/proteus/Netrunner1996-Proteus-Riddler.jpg	default	Ice	Proteus	Proteus	playerNDeck	corp	2	0	Code Gate	4	[2]: Riddler has one "Subroutine End the run" "@ for the present encounter. Use this ability only when Runner encounters Riddler.	"Why is a raven like a write-protect?"	Common	57
1e9d314f-ff29-40cc-a0f4-3d19f7cc7aa8	Roadblock	netrunner-1996/proteus/Netrunner1996-Proteus-Roadblock.jpg	default	Ice	Proteus	Proteus	playerNDeck	corp	2	0	Code Gate-Random	0	@ End the run. When Runner encounters Roadblock, roll a die. On a 6, derez Roadblock, and Runner automatically passes it; otherwise, add the result to Roadblock's strength for that encounter.	"Do you have any stolen data to declare?"	Rare	58
2fdecce3-7c7d-425b-9ab5-89c1d3010fa8	Sandstorm	netrunner-1996/proteus/Netrunner1996-Proteus-Sandstorm.jpg	default	Ice	Proteus	Proteus	playerNDeck	corp	4	0	Wall	4	Sandstorm has one "@ End the run" subroutine for every [2] you pay, above the rez cost, when you rez it.	"Like a snow crash, only much grittier."	Common	59
cf9149b7-50b6-40e8-a4ec-8fa51f4b79a7	Scaffolding	netrunner-1996/proteus/Netrunner1996-Proteus-Scaffolding.jpg	default	Ice	Proteus	Proteus	playerNDeck	corp	2	0	Wall	0	@ End the run. If Runner passes Scaffolding, you may choose to uninstall it, store it in HQ, and gain [1].	"Usually it's not the scaffolding that's the problem but whatever it is they're repairing on the other side."	Common	60
040c81ec-b331-4887-895d-66ce004fa135	Schlaghund Pointers	netrunner-1996/proteus/Netrunner1996-Proteus-SchlaghundPointers.jpg	default	Operation	Proteus	Proteus	playerNDeck	corp	6	0		0	Play only if Runner has attempted a run this game. Trace 3– If trace is successful, give Runner a tag. Pay [1], in addition to the normal cost, for each point of trace above 0.	"The mark lives in a city that lets wild dogs run around as a way of curbing the homeless presence, and these puppies will blend right in."	Uncommon	61
4f65a46f-ede7-420f-bd86-7dc7e50f41a8	Simon Francisco	netrunner-1996/proteus/Netrunner1996-Proteus-SimonFrancisco.jpg	default	Upgrade	Proteus	Proteus	playerNDeck	corp	3	0	Sysop	3	Install Simon Francisco only in R&D or HQ. During a run in which Simon Francisco is accessed, Runner accesses one less card stored in this fort.	"No, no, we don't have enforcers here at Futokora. You must've met one of our customer service reps."	Uncommon	62
9c35a81b-c0d4-4c9c-a671-7b7222c02527	Siren	netrunner-1996/proteus/Netrunner1996-Proteus-Siren.jpg	default	Node	Proteus	Proteus	playerNDeck	corp	3	0		0	Rez Siren when you install it. Install Siren only if you can pay to rez it. [1]: If possible, Runner must make a run on the fort Siren is installed in, instead of on the fort he or she was originally going to make a run on. Use this ability only at the start of a run.	"They'll come. Just leak one word: 'oops.'" -Magnificent Curtis	Uncommon	63
356799d4-43ec-4242-845a-1fdd5924bf4e	Snowbank	netrunner-1996/proteus/Netrunner1996-Proteus-Snowbank.jpg	default	Ice	Proteus	Proteus	playerNDeck	corp	0	0	Wall	0	@ End the run unless Runner pays [1]. Gain [3] when you rez Snowbank.	"Sure you can jump right through, but let me tell you a story about a kid on my street who jumped off his fire escape into a snowbank..."	Common	64
d4ba3706-7ef7-4741-9a66-fb5c9f268bcc	Sphinx 2006	netrunner-1996/proteus/Netrunner1996-Proteus-Sphinx2006.jpg	default	Ice	Proteus	Proteus	playerNDeck	corp	6	0	Code Gate	5	@ End the run. When you rez Sphinx 2006, you may pay [4], above the rez cost, to make it a sentry instead of a code gate	"What runs on four megs in the morning, two megs in the afternoon, and three megs in the evening?"	Uncommon	65
9ca6398b-fb09-449c-99c6-37051f854235	Stereogram Antibody	netrunner-1996/proteus/Netrunner1996-Proteus-StereogramAntibody.jpg	default	Node	Proteus	Proteus	playerNDeck	corp	0	0	Ambush-Virus	0	When Runner accesses Stereogram Antibody from the Archives, do 1 Net damage and shuffle Stereogram Antibody into R&D.	"Don't focus on it! Just let your desk's interface routines save you the headache... and the nosebleed from the feedback."	Rare	66
e226864a-d760-4162-be3b-fa73ab14a4eb	Sumo 2008	netrunner-1996/proteus/Netrunner1996-Proteus-Sumo2008.jpg	default	Ice	Proteus	Proteus	playerNDeck	corp	8	0	Sentry	5	@ End the run. When you rez Sumo 2008, you may pay [1], above the rez cost, to make it a wall instead of a sentry.	"I see the kanji characters on his belt translate to 'wide load.'" "Plus, if you look real close, you can see I coded a smiley face in his navel."	Uncommon	67
e2b24f1f-6bf9-44e9-95cc-eafa1377ac9b	Syd Meyer Superstores	netrunner-1996/proteus/Netrunner1996-Proteus-SydMeyerSuperstores.jpg	default	Node	Proteus	Proteus	playerNDeck	corp	0	0	Asset	2	[A]: Trash a rezzed piece of ice. Gain [4].	"Let me get this straight: you ran the databacks of Syd Meyer Superstores with a 'breaker you bought at Syd's? Congrats, you just participated in their standard product-test program."	Common	68
109d1561-e228-4d9d-bbf4-6e04c3135fdf	Toughonium™ Wall	netrunner-1996/proteus/Netrunner1996-Proteus-ToughoniumWall.jpg	default	Ice	Proteus	Proteus	playerNDeck	corp	13	0	Wall	7	@ End the run. @ End the run. @ End the run. @ End the run.	It's so tough you can't even think about breaking it.	Rare	69
0364c25f-f1ee-4b7f-89ea-a3144d4e597f	Tumblers	netrunner-1996/proteus/Netrunner1996-Proteus-Tumblers.jpg	default	Ice	Proteus	Proteus	playerNDeck	corp	5	0	Code Gate	4	@ End the run. If Runner passes Tumblers, you may choose to uninstall it, store it in HQ, and gain [1].	"They're not pistons. They just put the flattened icon in as a sick joke."	Common	70
0d9527f3-d8e5-4e52-a600-1869879d5b9c	Twisty Passages	netrunner-1996/proteus/Netrunner1996-Proteus-TwistyPassages.jpg	default	Ice	Proteus	Proteus	playerNDeck	corp	3	0	Code Gate	4	@ End the run. If Runner passes Twisty Passages, pay [1], or uninstall it and store it in HQ.	It's got routines that specifically target Smarteye; the eyeball becomes a little eight ball that says, "You see a little file here. Do you want to go (n)orth or(s)outh?"	Common	71
2029ab13-205c-4a35-8737-5be0ed03199e	Underworld Mole	netrunner-1996/proteus/Netrunner1996-Proteus-UnderworldMole.jpg	default	Operation	Proteus	Proteus	playerNDeck	corp	6	0	Gray Ops	0	Play only if Runner installed any resources during his or her last turn. Trace 4– If trace is successful, trash a resource Runner installed during his or her last turn and give Runner a tag.	Everybody knows somebody who knows a little too much about anybody.	Common	72
829253e7-7832-440e-b3a7-31546f079c4c	Viral Breeding Ground	netrunner-1996/proteus/Netrunner1996-Proteus-ViralBreedingGround.jpg	default	Agenda	Proteus	Proteus	playerNDeck	corp	4	0	Research-Ambush-Virus	2	When you score Breeding Ground, trash all cards installed in or on the fort Breeding Ground was installed in. When Runner accesses Breeding Ground, choose up to two programs for each advancement counter on Breeding Ground; Runner brings those programs into his or her hand.		Common	73
047f112d-c88c-4959-8559-17e8806a7c9c	Walking Wall	netrunner-1996/proteus/Netrunner1996-Proteus-WalkingWall.jpg	default	Ice	Proteus	Proteus	playerNDeck	corp	5	0	Wall	3	@ End the run. [1]: Move Walking Wall and insert it in a different position on this data fort. Use this ability only at the start of a run on this data fort. You may use this ability even if Walking Wall is unrezzed, in which case, you reveal it.		Common	74
79ae2309-1cbb-4cdf-a9f9-1fdfe7986f87	Washed-Up Solo Construct	netrunner-1996/proteus/Netrunner1996-Proteus-WashedUpSoloConstruct.jpg	default	Ice	Proteus	Proteus	playerNDeck	corp	0	0	Sentry-Killer	0	@ Trash a program unless Runner pays [1]. Gain [3] when you rez Washed-Up Solo Construct.	"Before they made my construct, they told me, 'You're getting too slow for street work, but we can transfer you into software security.' How was I to know?"	Common	75
6d66fd03-44fb-42b5-9d64-07f6a6285ba8	Weapons Depot	netrunner-1996/proteus/Netrunner1996-Proteus-WeaponsDepot.jpg	default	Upgrade	Proteus	Proteus	playerNDeck	corp	4	0	Region-Asset	3	The difficulty of Black Ops agendas installed in this fort is reduced by 1.		Rare	76
9a1d67ec-bbeb-40dd-bf4e-0b0dc0b5c3f6	World Domination	netrunner-1996/proteus/Netrunner1996-Proteus-WorldDomination.jpg	default	Agenda	Proteus	Proteus	playerNDeck	corp	12	0	Black Ops	3	Score an additional 4 agenda points when you score World Domination.	"So, Wilson, how in the frack did you know the fileset was secret plans for world domination?" "'Cause it was labeled 'Secret Plans for World Domination.'"	Rare	77
3a79fdfc-e28f-4f67-8f41-3a64685354d0	Airport Locker	netrunner-1996/proteus/Netrunner1996-Proteus-AirportLocker.jpg	default	Resource	Proteus	Proteus	playerNDeck	runner	0	0	Hidden	0	[5], [T]: Search your stack for a program, and install that program, if you can. Shuffle your stack afterwards. You may use this ability during an encounter with a piece of ice.		Rare	78
59158bb1-09cd-460d-be81-aa79c298bc2b	All-Hands	netrunner-1996/proteus/Netrunner1996-Proteus-AllHands.jpg	default	Prep	Proteus	Proteus	playerNDeck	runner	3	0		0	Make a run on HQ. If run is successful, access three additional cards from HQ. You cannot use noisy icebreakers during the run.	"Now who called this meeting?"	Common	79
defc2d4e-31e4-42f6-b1cf-c137ce810fc0	Armageddon	netrunner-1996/proteus/Netrunner1996-Proteus-Armageddon.jpg	default	Program	Proteus	Proteus	playerNDeck	runner	1	1	Virus-Random	0	After each successful run on R&D, you may choose to give the Corp a Doom counter instead of accessing cards from R&D. Each Doom counter forces the Corp to roll a die whenever it installs a card. On a 6, the card is trashed after it is installed, and the Corp removes a Doom counter.	"Who's up for another Deathmatch 2020?"	Rare	80
6ca431ca-b73e-452a-8cbf-e99ce761de0b	Back Door to Netwatch	netrunner-1996/proteus/Netrunner1996-Proteus-BackDoorToNetwatch.jpg	default	Resource	Proteus	Proteus	playerNDeck	runner	0	0	Hidden-Bad Publicity	0	[3], [T]: Cancel the effect of a successful trace. Give the Corp 1 Bad Publicity point if the trace would have had an effect other than or in addition to giving you any tags.		Rare	81
33e03c90-be13-4760-91f2-243760680758	Back Door to Rivals	netrunner-1996/proteus/Netrunner1996-Proteus-BackDoorToRivals.jpg	default	Resource	Proteus	Proteus	playerNDeck	runner	2	0	Base Link	0	[0]: Base link 2. [3]: +1 link. Gain [1] whenever you successfully use Back Door to Rivals to avoid a trace.	"Some corp just smashed into Iron Willie's place and busted him up real bad." "No kidding. Hunh."	Common	82
20ffb351-1285-4bdd-abd8-7e692b8ed42b	Bargain with Viacox	netrunner-1996/proteus/Netrunner1996-Proteus-BargainWithViacox.jpg	default	Resource	Proteus	Proteus	playerNDeck	runner	3	0	Random	0	After the turn in which you install Viacox, you gain an action during each of your turns, which you must take if possible. Roll a die at the start of each of your turns to find out what the action is. On a 1, draw a card. On a 2, gain [1]. On a 3, make a run on R&D. On a 4, make a run on HQ. On a 5, make a run on a subsidiary data fort. On a 6, reveal a card to the Corp at random from your hand, and play or install that card.		Rare	83
01e88fe2-b430-45a9-8b7c-72ee9c9c5c3b	Big Frackin' Gun	netrunner-1996/proteus/Netrunner1996-Proteus-BigFrackinGun.jpg	default	Program	Proteus	Proteus	playerNDeck	runner	2	1	Icebreaker-Killer	7	[6]: Break up to five sentry subroutines on a single piece of ice. [1]: +1 strength	"Does that have to be your solution to everything?" "Well... yes, now stand back."	Common	84
e165e2e6-64cf-4dd8-ac3a-bb54f890eeb4	Black Widow	netrunner-1996/proteus/Netrunner1996-Proteus-BlackWidow.jpg	default	Program	Proteus	Proteus	playerNDeck	runner	9	1	Icebreaker-Killer	2	[1]: Break sentry subroutine. [2]: +1 strength Choose an installed piece of ice when you install Black Widow. Black Widow gets +5 strength during each encounter with that piece of ice.	"When she pours on the charm, a piece of ice falls hard."	Uncommon	85
8f2c5a2a-d38c-4384-972c-033d00e1a64d	Blackmail	netrunner-1996/proteus/Netrunner1996-Proteus-Blackmail.jpg	default	Prep	Proteus	Proteus	playerNDeck	runner	12	0		0	Make a run on HQ. If run is successful, do not access cards from HQ; instead, score 1 agenda point.	"... only if you fork over the negatives too, chombatta."	Rare	86
eae086e6-b290-420a-bb3a-e6a99fce6493	Bolt Hole	netrunner-1996/proteus/Netrunner1996-Proteus-BoltHole.jpg	default	Resource	Proteus	Proteus	playerNDeck	runner	0	0	Hidden	0	[T]: Prevent 2 meat damage.	"Over there!" BRRRRRRT! "Take out that wall!" Tink, tink, WHUMPF! "Okay, looks clear." ("Whew!") "Did you hear something?"	Common	87
29fd2122-0a2f-491f-891a-b16b7f8e42eb	Boring Bit	netrunner-1996/proteus/Netrunner1996-Proteus-BoringBit.jpg	default	Program	Proteus	Proteus	playerNDeck	runner	7	1	Icebreaker-Worm	4	[2]: Break wall subroutine. [1]: +1 strength	"An effective drill, but pretty dull."	Common	88
988d18f1-f11d-4cd4-ad73-dd62cf487b5e	Bulldozer	netrunner-1996/proteus/Netrunner1996-Proteus-Bulldozer.jpg	default	Program	Proteus	Proteus	playerNDeck	runner	7	1	Icebreaker-Noisy	4	[1]: Break wall subroutine. [2]: +1 strength. If Bulldozer breaks all the subroutines of a wall, and the next piece of ice encountered during this run is a sentry, break one of the subroutines of that sentry, at no cost. Whenever you break a wall subroutine with Bulldozer, lose a total of [2] from stealth cards.		Uncommon	89
b768b06c-f851-40b2-90c9-97b7a9274875	Chiba Bank Account	netrunner-1996/proteus/Netrunner1996-Proteus-ChibaBankAccount.jpg	default	Resource	Proteus	Proteus	playerNDeck	runner	0	0	Hidden	0	[1], [T]: Gain [4]. You may use this ability whenever you pay any cost or penalty.	"We keep your money safe from prying eyes." -Chiba Mutual prospectus, edited draft for English-speaking investors	Common	90
b01f6d6e-cb57-4552-8525-75f5a6515507	Corrosion	netrunner-1996/proteus/Netrunner1996-Proteus-Corrosion.jpg	default	Program	Proteus	Proteus	playerNDeck	runner	3	1	Icebreaker-Worm	0	[0]: Break wall subroutine. [1]: +1 strength	Sometimes all it takes is a little drip to make a big hole.	Common	91
820ade0f-e06c-4c1a-8421-64da01382f4e	Cortical Cybermodem	netrunner-1996/proteus/Netrunner1996-Proteus-CorticalCybermodem.jpg	default	Hardware	Proteus	Proteus	playerNDeck	runner	11	0	Deck-Cybernetics	0	Provides +2 MU and +2 hand size. Put [2] from the bank on Cortical Cybermodem when it is installed. Use these bits only to pay for using icebreakers during runs. If you use any of these bits, replace them from the bank at the start of your next turn.		Common	92
5a392750-396d-469f-a24a-e574d82cd42e	Cortical Stimulators	netrunner-1996/proteus/Netrunner1996-Proteus-CorticalStimulators.jpg	default	Hardware	Proteus	Proteus	playerNDeck	runner	1	0	Cybernetics	0	Prevents 1 Net or brain damage each turn.	"Damn but those Zombies make your head itch!"	Common	93
b9077365-3874-4e38-ae7a-77a31e426a5d	Credit Subversion	netrunner-1996/proteus/Netrunner1996-Proteus-CreditSubversion.jpg	default	Resource	Proteus	Proteus	playerNDeck	runner	0	0	Hidden-Sabotage	0	[T]: The Corp loses [3]. Use this ability immediately after a successful run on HQ.	"What happened to that guy who used to clean the fish tanks?" "He had a family emergency in Crystal Palace right after that screw-up in Finance."	Uncommon	94
d380667d-70ec-4661-9f86-0b426f8dca22	Cruising for Netwatch	netrunner-1996/proteus/Netrunner1996-Proteus-CruisingForNetwatch.jpg	default	Prep	Proteus	Proteus	playerNDeck	runner	0	0		0	Gain [1] and draw two cards.	"Back home on the bayou, before it dried up, the good ole boys would ambush federal patrolmen just to try out their new cyberware. Now we bushwhack stray Netwatch goons just to try out our new programs. Some things just don't go out of style." -Digital Dana	Common	95
9b5a1e1a-3fc7-4b66-aeca-f6cd1a6acccc	Crumble	netrunner-1996/proteus/Netrunner1996-Proteus-Crumble.jpg	default	Program	Proteus	Proteus	playerNDeck	runner	3	1	Virus	0	After each successful run on HQ, give the Corp a Crumble counter. Two or more Crumble counters allow you trash, at no cost, any cards accessed from HQ, even if the cards cannot normally be trashed.		Uncommon	96
f2ddb0b1-af2b-4d8d-bac1-ea0cd8a2a43d	Death from Above	netrunner-1996/proteus/Netrunner1996-Proteus-DeathFromAbove.jpg	default	Resource	Proteus	Proteus	playerNDeck	runner	0	0	Hidden-Sabotage	0	[T]: Trash, at no cost, all cards installed in a subsidiary data fort, even if they cannot normally be trashed. Use this ability only when you have just successfully made a run on that fort, and before accessing cards from that fort.	"They drop rocks; I commandeer battlesats."	Rare	97
cbc6ef9d-85d1-4be2-801b-1d261ba47612	Decoy Signal	netrunner-1996/proteus/Netrunner1996-Proteus-DecoySignal.jpg	default	Prep	Proteus	Proteus	playerNDeck	runner	0	0		0	Make a run. Whenever you approach an unrezzed piece of ice during that run, expose it. You may jack out before the Corp decides whether to rez the ice.	"Neat piece of code. Reminds me of a weef I used to know."-Max Forward	Common	98
c899bd53-a1d3-473c-a253-3a3d17fcacd9	Demolition Run	netrunner-1996/proteus/Netrunner1996-Proteus-DemolitionRun.jpg	default	Prep	Proteus	Proteus	playerNDeck	runner	4	0	Sabotage	0	Make a run. If run is successful, do not access cards; instead, trash all rezzed ice on the fort on which you just made a run, and the Corp gives you three tags.	"Sure it was worth it. Now hurry up and get packed; they'll be here any minute."	Uncommon	99
329cfc5a-851a-4f17-a71d-734c5ec68ddd	Disgruntled Ice Technician	netrunner-1996/proteus/Netrunner1996-Proteus-DisgruntledIceTechnician.jpg	default	Prep	Proteus	Proteus	playerNDeck	runner	2	0	Sabotage	0	Make a run. After passing a piece of ice during this run, you may derez that ice and end your run if you broke all the subroutines of that ice.	"Even if they catch me doing this, they'll have me inproving their ice to the bitter end. Of course, I'd rather that end not be strapped to a couch in Skälderviken."	Uncommon	100
2dc2f819-b7af-4e48-86b1-5aae846449dd	Disintegrator	netrunner-1996/proteus/Netrunner1996-Proteus-Disintegrator.jpg	default	Program	Proteus	Proteus	playerNDeck	runner	6	2		0	[2]: Derez a piece of ice and end your run. Use this ability only when you have just broken all the subroutines of that piece of ice and have successfully passed it.	"Every time Dahlia laid out a sentry, I'd hand her Disintegrator and say: 'You do the honors.' But that got old in a hurry."	Uncommon	101
67886b31-f871-4f16-a297-fb640dc93a35	Drone for a Day	netrunner-1996/proteus/Netrunner1996-Proteus-DroneForADay.jpg	default	Prep	Proteus	Proteus	playerNDeck	runner	4	0		0	Gain [9] and the Corp gives you a tag.	"Sure you won't stay? No one else here understands our business half as well as you do."	Common	102
5a399c09-77de-445d-8a6b-deb610c63f35	Enterprise, Inc., Shields	netrunner-1996/proteus/Netrunner1996-Proteus-EnterpriseIncShields.jpg	default	Program	Proteus	Proteus	playerNDeck	runner	0	1		0	[1]: Prevent up to 2 Net damage. [1]: Prevent 1 brain damage.	"I know I always feel more enterprising when my shields are up." -Advert	Common	103
3a170e21-6bb5-4577-802b-5b59ed77f02a	Eurocorpse™ Spin Chip	netrunner-1996/proteus/Netrunner1996-Proteus-EurocorpseSpinChip.jpg	default	Hardware	Proteus	Proteus	playerNDeck	runner	6	0	Chip	0	Put [2] from the bank on Spin Chip when it is installed. Spin Chip can have an icebreaker installed in it whose MU cost is no greater than 1. Use the bits on Spin Chip only to pay for using this icebreaker during runs. If you use any of these bits, replace them from the bank at the start of your next turn.		Uncommon	104
2c07bf06-6f68-40f9-a4ed-8ee4dc88379c	Expendable Family Member	netrunner-1996/proteus/Netrunner1996-Proteus-ExpendableFamilyMember.jpg	default	Resource	Proteus	Proteus	playerNDeck	runner	0	0	Hidden	0	[1], [T]: Avoid receiving a tag.	"I'm an only child... now."	Common	105
debc8aef-9fc4-4ca0-9bbc-7f461c426c39	Faked Hit	netrunner-1996/proteus/Netrunner1996-Proteus-FakedHit.jpg	default	Prep	Proteus	Proteus	playerNDeck	runner	5	0	Bad Publicity	0	Give the Corp 1 Bad Publicity point. Take 2 brain damage. This damage cannot be prevented.	"I won't need much air with the coma drug, but I could still get hypoxia if you don't get me out of the bog on time"	Uncommon	106
f68992bc-31aa-448e-a96e-272f148e12ca	Forward's Legacy	netrunner-1996/proteus/Netrunner1996-Proteus-ForwardsLegacy.jpg	default	Program	Proteus	Proteus	playerNDeck	runner	9	1	Icebreaker-Killer	0	[0]: Break sentry subroutine. At the start of each run, roll a die and add the result to Legacy 's strength for that run.	Forward was a good runner, but wandered a little too close to the edge...	Uncommon	107
a7c1a3e1-061e-4fdc-8bec-0bbfe7c2073a	Frame-Up	netrunner-1996/proteus/Netrunner1996-Proteus-FrameUp.jpg	default	Prep	Proteus	Proteus	playerNDeck	runner	2	0	Bad Publicity	0	Play only if you made a successful run on both HQ and R&D this turn. Give the Corp 1 Bad Publicity point. Give the Corp 1 additional Bad Publicity point if you liberated or trashed any Black Ops cards during those runs.	"But we weren't going to do that til next week!"	Rare	108
40c7c36e-e055-41d1-abe4-37895d43fc4c	Fubar	netrunner-1996/proteus/Netrunner1996-Proteus-Fubar.jpg	default	Program	Proteus	Proteus	playerNDeck	runner	10	1	Icebreaker-Noisy	3	[1]: Break a subroutine of the type chosen for Fubar. [2]: +1 strength. [0]: Choose whether Fubar breaks code gates, sentries, or walls. Use this ability only once. Whenever you break an ice subroutine with Fubar, lose [1] from a stealth card.		Uncommon	109
dc6ce539-4935-43af-9dcd-7169de22b8dd	Garbage In	netrunner-1996/proteus/Netrunner1996-Proteus-GarbageIn.jpg	default	Program	Proteus	Proteus	playerNDeck	runner	3	1	Virus	0	After each successful run on R&D, give the Corp a Garbage counter. Two or more Garbage counters allow you to trash, at no cost, any cards accessed from R&D, even if the cards cannot normally be trashed. The Corp loses two Garbage counters after any run during which this ability is used.		Uncommon	110
26dd0ed2-9b59-436d-990f-ff40e21d7392	Get Ready to Rumble	netrunner-1996/proteus/Netrunner1996-Proteus-GetReadyToRumble.jpg	default	Resource	Proteus	Proteus	playerNDeck	runner	0	0	Connection-Hidden	0	[T]: The Corp discards two cards at random from HQ. Use this ability only when the Corp successfully does meat damage.		Uncommon	111
c1bf343d-f1f2-4d12-88cd-1180e3ac11ea	Highlighter	netrunner-1996/proteus/Netrunner1996-Proteus-Highlighter.jpg	default	Program	Proteus	Proteus	playerNDeck	runner	3	1	Virus	0	After each successful run on R&D, give the Corp a Highlighter counter. Each Highlighter counter after the first allows you to access an additional card from R&D whenever you access cards from R&D.		Uncommon	112
076ffe36-74ac-4ff9-b6c6-c080aab0cbf0	Hijack	netrunner-1996/proteus/Netrunner1996-Proteus-Hijack.jpg	default	Prep	Proteus	Proteus	playerNDeck	runner	1	0		0	Install a program or a piece of hardware. Gain [3], which you may use only to pay for its installation cost. Return to the bank any of the [3] you did not spend.	"Real cute. The perps added 'One driver, bound and gagged' to the end of the shipping manifest."	Rare	113
8a497c32-19e2-4c00-b09b-b3a505fd9b06	HQ Mole	netrunner-1996/proteus/Netrunner1996-Proteus-HQMole.jpg	default	Resource	Proteus	Proteus	playerNDeck	runner	0	0	Hidden	0	[4], [T]: Access two additional cards from HQ. Use this ability only when accessing cards from HQ.	"I've got low friends in high places."	Common	114
4c7ce56a-c25a-4b85-9744-e290d8f66155	Ice and Data Special Report	netrunner-1996/proteus/Netrunner1996-Proteus-IceAndDataSpecialReport.jpg	default	Prep	Proteus	Proteus	playerNDeck	runner	0	0		0	Expose up to five cards installed in or on a single data fort.	"Max Forward is a freelance writer and netrunner, and has recently made available to the runner community the icebreaker technology he describes." -contributor's bio	Common	115
38f18b9b-1282-45f5-af75-152e5c505f18	Identity Donor	netrunner-1996/proteus/Netrunner1996-Proteus-IdentityDonor.jpg	default	Prep	Proteus	Proteus	playerNDeck	runner	0	0	Bad Publicity	0	Do not play Identity Donor as an action; instead, play it during the Corp 's turn when you would suffer meat damage. Prevent that meat damage and give the Corp 2 Bad Publicity points.		Rare	116
a159245f-3527-4a0b-895a-0db43515231d	Liberated Savings Account	netrunner-1996/proteus/Netrunner1996-Proteus-LiberatedSavingsAccount.jpg	default	Resource	Proteus	Proteus	playerNDeck	runner	0	0	Hidden	0	[7], [T]: Gain [11]. You may use this ability whenever you pay any cost or penalty.	"Honey, are you forgetting to record your credit card transfers again?"	Common	117
a580f4ad-7e66-4aae-9a3c-d05f9c740c63	Live News Feed	netrunner-1996/proteus/Netrunner1996-Proteus-LiveNewsFeed.jpg	default	Prep	Proteus	Proteus	playerNDeck	runner	0	0	Bad Publicity	0	Make a run. If run is successful, the Corp gives you two tags, and you give the Corp 1 Bad Publicity point for each black ice you encountered during the run, 1 for each Black Ops card the Corp rezzed during the run, and 1 for each Black Ops agenda you liberated during the run.		Rare	118
2799cc38-b102-49ec-9e2a-0db41fdee716	Lockjaw	netrunner-1996/proteus/Netrunner1996-Proteus-Lockjaw.jpg	default	Program	Proteus	Proteus	playerNDeck	runner	0	1		0	[T]: Give one of your icebreakers +2 strength for the remainder of this run. Use this ability only during an encounter with a piece of ice.	"Yeah, but it's a little bit too loyal; it just doesn't know when to get out of my way."	Common	119
639948ff-14b4-47df-9c23-d7164b97f012	Lucidrine (TM) Drip Feed	netrunner-1996/proteus/Netrunner1996-Proteus-LucidrineTMDripFeed.jpg	default	Hardware	Proteus	Proteus	playerNDeck	runner	8	0		0	At the start of each of your turns, if there are two Drip counters on Drip Feed, remove all Drip counters from it and take 1 brain damage, which cannot be prevented; otherwise, put a Drip counter on Drip Feed and gain an action.	"By the time he jacked out, his girlfriend had left him, and the dog was dead."	Rare	120
ab13e664-dbe4-4703-ba7f-3497697605de	Mercenary Subcontract	netrunner-1996/proteus/Netrunner1996-Proteus-MercenarySubcontract.jpg	default	Resource	Proteus	Proteus	playerNDeck	runner	0	0	Hidden-Sabotage	0	[4], [T]: Trash, at no cost, one or more cards that you are currently accessing, even if those cards cannot normally be trashed.	"Now, remember to place the charges exactly where I tell you this time."	Uncommon	121
b10c3681-9bb3-481b-af86-64649b6e78db	Morphing Tool	netrunner-1996/proteus/Netrunner1996-Proteus-MorphingTool.jpg	default	Program	Proteus	Proteus	playerNDeck	runner	10	1	Icebreaker	4	[2]: Break a subroutine of the type last chosen for Morphing Tool. [1]: +1 strength. [1], A: Choose whether Morphing Tool breaks code gates, sentries, or walls. When you install Morphing Tool, choose whether it breaks code gates, sentries, or walls.		Uncommon	122
105991ba-a558-420c-bf9e-a60239f5cc4c	On the Fast Track	netrunner-1996/proteus/Netrunner1996-Proteus-OnTheFastTrack.jpg	default	Prep	Proteus	Proteus	playerNDeck	runner	0	0		0	Gain [8] if you trashed an advertisement card this turn, or gain [6] if you trashed a transactions card this turn.	"He was a nobody until I doctored their auditions database. I rigged that campaign to fail, of course, But it lasted long enough for him to get paid."	Uncommon	123
7852abe3-9c40-4610-a7ef-51b2666771e9	Pirate Broadcast	netrunner-1996/proteus/Netrunner1996-Proteus-PirateBroadcast.jpg	default	Prep	Proteus	Proteus	playerNDeck	runner	1	0		0	Make a run on each data fort. Score 1 agenda point if all the runs are successful. Forgo your next action if any of the runs are not successful.	"It's scary how ineffective the law is these days. It used to be that we could turn corporate dirt over to the Feds, and let them do the rest of the network. Nowadyas we have to do everything ourselves" -Digital Dana	Rare	124
d67abfda-7616-494e-92ac-269a4e17bb2f	Poisoned Water Supply	netrunner-1996/proteus/Netrunner1996-Proteus-PoisonedWaterSupply.jpg	default	Prep	Proteus	Proteus	playerNDeck	runner	4	0	Bad Publicity	0	Play only if you have at least two connections in play. Trash two connections. Give the Corp 1 Bad Publicity point.	"Canadian Mountain Spring Water? That song's for the tourists. You just bought tap water, man!" "PFFFFFT!"	Rare	125
63818d50-46e4-4ca9-b009-6290cefd53da	Prearranged Drop	netrunner-1996/proteus/Netrunner1996-Proteus-PrearrangedDrop.jpg	default	Prep	Proteus	Proteus	playerNDeck	runner	0	0		0	The next time you access an agenda this turn, gain [6].	"Maybe you and I could-" "Keep it simple, stupid."	Rare	126
bf9ede81-feac-489b-b9ec-f690f6b68d63	Precision Bribery	netrunner-1996/proteus/Netrunner1996-Proteus-PrecisionBribery.jpg	default	Resource	Proteus	Proteus	playerNDeck	runner	0	0	Unique	0	The Corp cannot create any new data forts. The Corp may trash Precision Bribery by taking an action to pay [4]. Only one unique card of a particular name can be in play at a time. If for some reason more than one is in play, trash all but one.		Uncommon	127
ad113a0e-b998-460b-b4a4-b43e1905886b	Promises, Promises	netrunner-1996/proteus/Netrunner1996-Proteus-PromisesPromises.jpg	default	Prep	Proteus	Proteus	playerNDeck	runner	2	0		0	The next time you access an agenda this turn, score 1 additional agenda point.	"Ishiguro apologizes for doubting your ability to find data incriminating our competitor. He humbly offers this unworthy gift for uncovering highly sensitive plans for world domination."	Rare	128
7c3a2e47-8c24-4485-b16d-f3d4364848e8	R&D Mole	netrunner-1996/proteus/Netrunner1996-Proteus-RDMole.jpg	default	Resource	Proteus	Proteus	playerNDeck	runner	0	0	Hidden	0	[4], [T]: Access two additional cards from R&D. Use this ability only when accessing cards from R&D.	"Don't worry–you'll have the time. The new game on the system will keep them distracted for hours."	Common	129
6207fba1-246c-48ba-974e-2925e1d68cd3	Reconnaissance	netrunner-1996/proteus/Netrunner1996-Proteus-Reconnaissance.jpg	default	Prep	Proteus	Proteus	playerNDeck	runner	0	0		0	Make a run. Whenever the Corp rezzes a card during that run, gain [1].	"We'll put a top on your line and transfer credit after each piece of ice you hit. Oh, and don't worry, even if surge ice fries you, our buffers will ensure the data reaches us safely."	Common	130
3c579ddb-b8c5-4ce6-a6bf-e965ee328c9a	Redecorator	netrunner-1996/proteus/Netrunner1996-Proteus-Redecorator.jpg	default	Program	Proteus	Proteus	playerNDeck	runner	9	1	Icebreaker-Killer	3	[1]: Break up to two sentry subroutines on a single piece of ice. [3]: +1 strength	"I've wanted to name a Killer this ever since my SATs went out claiming to schools that I planned to become an interior decorator."	Common	131
79c74ba0-23e2-47dd-934c-edfa8be7a80a	Remote Detonator	netrunner-1996/proteus/Netrunner1996-Proteus-RemoteDetonator.jpg	default	Prep	Proteus	Proteus	playerNDeck	runner	7	0	Sabotage	0	Play only if you made a successful run on a data fort this turn. Trash all rezzed ice on that fort, and the Corp gives you three tags.	It takes a long time-hundreds of milliseconds-to feed all the ice specs to the planted viruses, so you'd better be riding a Nasuko cycle through the fourth dimension, because the Corp has your number!	Uncommon	132
d774fa78-6697-406a-babd-465918434b0e	Runner Sensei	netrunner-1996/proteus/Netrunner1996-Proteus-RunnerSensei.jpg	default	Resource	Proteus	Proteus	playerNDeck	runner	4	0	Base Link-Position	0	[2]: Base link 4. [2]: +1 link. Gain [1] whenever you successfully use Runner Sensei to avoid a trace.		Common	133
255dafc7-e6aa-4945-b1a4-2ac0569617a3	Rush Hour	netrunner-1996/proteus/Netrunner1996-Proteus-RushHour.jpg	default	Prep	Proteus	Proteus	playerNDeck	runner	3	0		0	Make a run on R&D. If run is successful, access three additional cards from R&D. You cannot use noisy icebreakers during the run.	"Sure there are more signals to hide in, but there's also a greater chance of someone being around who'll jump you if you get noticed."	Common	134
2923281e-0a03-45bb-8290-3e77e4df1f32	Scaldan	netrunner-1996/proteus/Netrunner1996-Proteus-Scaldan.jpg	default	Program	Proteus	Proteus	playerNDeck	runner	3	1	Virus-Bad Publicity-Random	0	After each successful run on HQ, give the Corp a Scaldan counter. Each Scaldan counter forces the Corp to roll a die at the start of each of its turns. On a 5 or a 6, the Corp gains 1 Bad Publicity point.		Rare	135
adc13d35-d4eb-4caa-b0c8-7c0a61f122d9	Senatorial Field Trip	netrunner-1996/proteus/Netrunner1996-Proteus-SenatorialFieldTrip.jpg	default	Prep	Proteus	Proteus	playerNDeck	runner	1	0	Bad Publicity	0	Play only if the Corp rezzed a piece of Black Ice this turn. The Corp either derezzes that piece of ice or receives 2 Bad Publicity points.		Rare	136
085c16e0-d7fd-4243-ba63-3df37074aaf8	Simulacrum	netrunner-1996/proteus/Netrunner1996-Proteus-Simulacrum.jpg	default	Resource	Proteus	Proteus	playerNDeck	runner	0	0	Connection-Hidden	0	[T]: Pass a piece of AP ice. You may use this ability during an encounter with a piece of ice.		Rare	137
9e7c838e-4302-43da-925a-9e4143ab21ca	Skeleton Passkeys	netrunner-1996/proteus/Netrunner1996-Proteus-SkeletonPasskeys.jpg	default	Program	Proteus	Proteus	playerNDeck	runner	3	1	Icebreaker	1	[0]: Break code gate subroutine. [3]: +4 strength	"Sometimes I'd rather have bare bones working for me than an army of muscle." -Max Forward	Common	138
3b25dfad-a9ac-4fc2-aed6-9d4cfd824c19	Skullcap	netrunner-1996/proteus/Netrunner1996-Proteus-Skullcap.jpg	default	Program	Proteus	Proteus	playerNDeck	runner	0	1		0	Trash: Prevent any amount of Net or brain damage.	"Just the superficial sort of icon that someone grounded too far in 'reality' would think up. TURN UP THE FEED, YOU WIGGLY MEAT THINGS! THIS IS THE NET! NOTHING'S REAL! YOU HAVE NO HEAD!" -Rache Bartmoss	Common	139
5e31a92f-d5b6-4a38-b73d-6eee2dd071aa	Stakeout	netrunner-1996/proteus/Netrunner1996-Proteus-Stakeout.jpg	default	Prep	Proteus	Proteus	playerNDeck	runner	0	0		0	Gain [2] and draw one card.	"This is reconnaissance, not voyeurism, Wilson."	Common	140
47860d05-7874-4471-b872-185d031af848	Streetware Distributor	netrunner-1996/proteus/Netrunner1996-Proteus-StreetwareDistributor.jpg	default	Resource	Proteus	Proteus	playerNDeck	runner	1	0	BBS-Position	0	Take [1] from Streetware Distributor, if it has any bits, at the start of each of your turns. [A]: Put [3] from the bank on Streetware Distributor.	"Way it works is, you choose an object off the shelf, and I give you the download key when you pay. Or you shoplift it, and it downloads automatically... with the complimentary virus option."	Common	141
a3469db0-bebc-4a8f-8a88-6b72077af6e2	Subliminal Corruption	netrunner-1996/proteus/Netrunner1996-Proteus-SubliminalCorruption.jpg	default	Prep	Proteus	Proteus	playerNDeck	runner	2	0	Bad Publicity	0	Make a run. Give the Corp 1 Bad Publicity point for each advertisement you trash during the run.	"'SFX'! It says. 'SFX'!"	Uncommon	142
ca9c6887-8db7-444e-9c83-d7cd59ee4774	Sunburst Cranial Interface	netrunner-1996/proteus/Netrunner1996-Proteus-SunburstCranialInterface.jpg	default	Hardware	Proteus	Proteus	playerNDeck	runner	5	0	Deck-Cybernetics-Stealth	0	Provides +1 MU and +1 hand size. Put [1] from the bank on Cranial Interface when it is installed. Use this bit only to pay for using icebreakers during runs, but not for using noisy icebreakers. If you use the bit, replace it from the bank at the start of your next turn.		Common	143
7388725e-cce6-47fc-bc75-5bc8ae63d39b	Swiss Bank Account	netrunner-1996/proteus/Netrunner1996-Proteus-SwissBankAccount.jpg	default	Resource	Proteus	Proteus	playerNDeck	runner	0	0	Hidden	0	You may use the following abilities whenever you pay any cost or penalty. [T]: Gain [2]. [3], [T]: Gain [6].		Common	144
e784b4d2-556c-4f36-a980-c2972ae050fa	Taxman	netrunner-1996/proteus/Netrunner1996-Proteus-Taxman.jpg	default	Program	Proteus	Proteus	playerNDeck	runner	3	1	Virus	0	After each successful run on HQ, give the Corp a Tax counter. Every two Tax counters cause the Corp to lose [1] at the start of each of its turns.	"The virus just alters their data. The actual damage is done by government auditors." -Spider Murphy	Uncommon	145
5e159e89-0975-4fdd-8c37-df72a3529ce6	Test Spin	netrunner-1996/proteus/Netrunner1996-Proteus-TestSpin.jpg	default	Prep	Proteus	Proteus	playerNDeck	runner	1	0		0	Search your stack for a program, and install it, at no cost. Shuffle your stack. If you install a program in this way, make a run. After the run, shuffle the program into your stack, unless it is no longer in play, in which case, lose [4] plus its installation cost. If this is more than the number of bits in your pool, suffer the difference in meat damage.	"And when you bring it back, we'll deactivate the code bomb for free."	Rare	146
31750844-2139-4ad5-948e-090559d65d60	The Deck	netrunner-1996/proteus/Netrunner1996-Proteus-TheDeck.jpg	default	Hardware	Proteus	Proteus	playerNDeck	runner	11	0	Deck-Base Link	0	[0]: Base link 5. [1]: +1 link. Provides +1 MU.	"...oh and I'll also need a '20 Moebius Link.'" "A what?" "You know, Forward's deck. The Deck." "Gotcha"	Rare	147
f48349e9-122c-43db-b7d5-d85c38538b53	The Personal Touch	netrunner-1996/proteus/Netrunner1996-Proteus-ThePersonalTouch.jpg	default	Prep	Proteus	Proteus	playerNDeck	runner	4	0		0	Put a +1 strength counter on an icebreaker.	"I think that if i'd been spending my time and money on any other breaker than Dahlia, my girlfriend would have understood."	Common	148
65a29c52-b3fa-4bf0-9894-9dd5236782b0	Time to Collect	netrunner-1996/proteus/Netrunner1996-Proteus-TimeToCollect.jpg	default	Resource	Proteus	Proteus	playerNDeck	runner	0	0	Hidden	0	[T]: Prevent one or more of your other installed resources from being trashed. Use this ability only during the Corp 's turn.		Rare	149
8d182806-6834-4795-bad4-f51899490607	Vienna 22	netrunner-1996/proteus/Netrunner1996-Proteus-Vienna22.jpg	default	Program	Proteus	Proteus	playerNDeck	runner	3	1	Virus	0	After each successful run on HQ, give the Corp a Vienna counter. Each Vienna counter allows you to access an additional card from HQ whenever you access cards from HQ.		Uncommon	150
8d326b53-11f3-4e29-bd2b-35b3eb5472ec	Viral Pipeline	netrunner-1996/proteus/Netrunner1996-Proteus-ViralPipeline.jpg	default	Program	Proteus	Proteus	playerNDeck	runner	3	1	Virus	0	After each successful run on Archives, HQ, or R&D, put a Socket counter in that data fort. Socket counter from Archives, Socket counter from HQ, and Socket counter from R&D: Give the Corp a Pipe counter. Each Pipe counter causes the Corp to forgo an action at the start of each of its turns.		Rare	151
6762b673-082d-444f-b217-10021fbbd99f	Weefle Initiation	netrunner-1996/proteus/Netrunner1996-Proteus-WeefleInitiation.jpg	default	Prep	Proteus	Proteus	playerNDeck	runner	0	0		0	Make a run. Prevent up to 7 damage during that run.	"Lost another one." "So?"	Common	152
e7b8a8d4-8d1f-451f-9dfb-268ebfbea740	Wired Switchboard	netrunner-1996/proteus/Netrunner1996-Proteus-WiredSwitchboard.jpg	default	Resource	Proteus	Proteus	playerNDeck	runner	0	0	Hidden	0	[T]: +3 link. Use this ability only after you and the Corp have revealed how much each of you spent on the trace attempt.	"I use a lot more explosive than I need, so they think it's a random structure hit. There's no way to track those down, so they usually don't bother."	Common	153
13d76690-56da-466d-a7fc-c8571c30307b	Wrecking Ball	netrunner-1996/proteus/Netrunner1996-Proteus-WreckingBall.jpg	default	Program	Proteus	Proteus	playerNDeck	runner	4	1	Icebreaker-Noisy	2	[0]: Break wall subroutine. [2]: +1 strength. Whenever you break a wall subroutine with Wrecking Ball, lose [1] from a stealth card.	"'Form of a Dwarf!' 'Shape of a Pile Driver!' I'm sick of this Proteus crap. Gimme a good, old-fashioned hammer program any day."	Common	154
df81619e-44a5-4625-9142-415f6d3b5c1a	Forged Activation Orders	netrunner-1996/promos/Netrunner1996-Promos-ForgedActivationOrders.jpg	default	Prep	Promos	Promos	playerNDeck	Runner	1	0	Sabotage	0	Choose a piece of unrezzed ice. The Corp either rezzes that piece of ice or trashes it.		Promotional	1
6c3e6488-bbba-4ec8-beaf-7bae16aa6c4d	misc.for-sale	netrunner-1996/promos/Netrunner1996-Promos-MiscForSale.jpg	default	Prep	Promos	Promos	playerNDeck	Runner	0	0	BBS	0	Trash any number of your installed cards. Gain [3] for each card successfully trashed in this way.	"Why throw it away when you can convince some half-brained weef to use it for creative suicide instead?" - Rache Bartmoss	Promotional	2
c8ac69cb-0762-4918-9115-243dba9aa1c2	The Shell Traders	netrunner-1996/promos/Netrunner1996-Promos-TheShellTraders.jpg	default	Resource	Promos	Promos	playerNDeck	Runner	0	0		0	A: Choose a program or hardware card from your hand. Set that card aside, and put a number of Shell counters on it equal to its installation cost. When the last Shell counter on that card has been removed, install that card, at no cost. Remove one Shell counter from one card at the start of each of your turns.		Promotional	3
608f33a9-c8b5-48cc-94d0-1032aa8eb147	Pacifica Regional AI	netrunner-1996/promos/Netrunner1996-Promos-PacificaRegionalAI.jpg	default	Node	Promos	Promos	playerNDeck	Corporation	0	0	AI	0	You may advance Pacifica Regional AI before and after you rez it. Regional AI advancement counter: Gain an action.		Promotional	4
bdfb9cd8-d116-4df3-9cf0-16b8c4dbe4ec	Bizarre Encryption Scheme	netrunner-1996/promos/Netrunner1996-Promos-BizarreEncryptionScheme.jpg	default	Upgrade	Promos	Promos	playerNDeck	Corporation	0	0		1	Runner does not score any agenda (or agendas) during a run in which Bizarre Encryption Scheme is accessed  return that agenda to the fort instead. Runner scores the agenda at the start of his or her next turn if neither you nor Runner has scored it by then. This does not affect any further runs.		Promotional	5
2532bc09-1411-481c-a8b5-db0f26b13636	New Galveston City Grid	netrunner-1996/promos/Netrunner1996-Promos-NewGalvestonCityGrid.jpg	default	Upgrade	Promos	Promos	playerNDeck	Corporation	1	0	Region	4	All nodes and other upgrades installed inside this fort cost [2], in addition to the normal cost, to trash. Rez a region when you install it. Install a region only if you can pay to rez it. Only one region may be installed in each fort. Trash older ones.		Promotional	6
