databaseId	name	imageUrl	cardBack	type	set	faction	cost	costType	cancel	cancelType	wealth	attack	parry	cannon	sailing	adventuring	influence	swashbuckling	crewMax	moveCost	rarity	text	loadGroupId
158a0582-05a7-456d-a1e7-213772ef04fc	Alesio's Sacrifice	7th-sea/horizons-edge/7thSea-HorizonsEdge-AlesiosSacrifice.jpg	default	Attachment	Horizon's Edge							C	d,s								U	CREW ATTACHMENT Fate 1 Knack React: Tack Alesio's Sacrifice after one of your Crew with an Influence cost greater than 3 is sunk. Place the Crew in your discard pile.	playerNDeck
7627de17-56e6-49d9-8889-03995f40ae5d	Allende 's Rescue	7th-sea/horizons-edge/7thSea-HorizonsEdge-AllendeSRescue.jpg	default	Action	Horizon's Edge							D	p,t								C	React: Play when you are entering a Boarding. Tack one of your Crew aligned to your Captain's faction to untack your Captain if your Captain has the Heroic trait.	playerNDeck
45551ade-5162-490d-b76b-cf839fdd873d	Andare de Castillo	7th-sea/horizons-edge/7thSea-HorizonsEdge-AndareDeCastillo.jpg	default	Crew	Horizon's Edge	Castille	3	In				P	c,t	0	2	0	1	1			C	Holy Andare has +2 Influence and +1 Swashbuckling while you have one or more cards in play with the Oath trait.	playerNDeck
2e6a6df2-3a11-4432-b88f-482a9a11d4c3	Andre Braudel (Experienced)	7th-sea/horizons-edge/7thSea-HorizonsEdge-AndreBraudelExperienced.jpg	default	Crew	Horizon's Edge	Gosse's Gentlemen	9	In				P	c,t	3	4	3	2	4			F	Experienced • Unique • First Mate Heroic • Loyal • Swordsman +2 (Andre inflicts 2 extra hits during Boarding Attacks) Act: Tack Andre to suffer 2 fewer Hits from all cannon attacks (minimum 0) until the end of the turn.	playerNDeck
810ceca9-9cfc-4f71-990e-f639c29168f9	Benny Gimble	7th-sea/horizons-edge/7thSea-HorizonsEdge-BennyGimble.jpg	default	Crew	Horizon's Edge	Sea Dogs	7	In				P	c,t	0	2	3	2	1			R	Experienced • Unique • Loyal Glamour 2 React: Discard an Attachment attached to Benny when you are suffering Hits to reduce the Hits suffered by 2.	playerNDeck
5947eeef-7cc9-48fb-9eca-f2b992b384a3	Blink Attack	7th-sea/horizons-edge/7thSea-HorizonsEdge-BlinkAttack.jpg	default	Adventure	Horizon's Edge							T	c,s								U	1 Sea Away To Complete: Tack one of your Sorcerers with Porte of 1 or more. Crew Attachment • Porte 1 Knack: Act: Tack this Crew to target another player's untacked, non-Captain Crew. Play a card out of your hand as a Boarding Attack to begin a Duel between this Crew and the target Crew.	playerNDeck
3bcbddc1-d690-4f27-94be-1f8aa0a89b7f	Bones of Our Ancestors	7th-sea/horizons-edge/7thSea-HorizonsEdge-BonesOfOurAncestors.jpg	default	Attachment	Horizon's Edge		4	In				C	d,s								R	VESTEN CAPTAIN ATTACHMENT Patron • You may tack one of your Laerdom Sorcerers when attaching this card to your Captain to reduce the Influence cost of this card to 0. React: Tack this card when you inflict Hits on another Ship in this Sea. That Ship suffers 3 additional Hits.	playerNDeck
e8448fdb-90cf-4677-bf7e-3de7efa9e08a	Cathwulf Vogt	7th-sea/horizons-edge/7thSea-HorizonsEdge-CathwulfVogt.jpg	default	Crew	Horizon's Edge	Montaigne	8	In				P	c,t	4	2	2	1	3			R	Experienced • Unique Gunner Attachments which increase Cathwulf's Cannon skill each provide an addtional +1 Cannon.	playerNDeck
a50c2ac2-d318-47c2-8ba1-48cbaf717004	Connor Lynch	7th-sea/horizons-edge/7thSea-HorizonsEdge-ConnorLynch.jpg	default	Crew	Horizon's Edge	Gosse's Gentlemen	6	In				P	c,t	2	0	2	0	4			R	Experienced • Unique • Heroic Swordsman +1 (Connor inflicts 1 extra hit during Boarding Attacks) During a Boarding, Connor has a bonus to his Swashbuckling equal to the number of Crew on the other Ship with an Influence cost less than 3.	playerNDeck
6a87c564-918e-4c6e-8a22-d8793fa77c9c	Daring Fools	7th-sea/horizons-edge/7thSea-HorizonsEdge-DaringFools.jpg	default	Crew	Horizon's Edge	Sea Dogs	3	In				P	c,t	1	0	2	1	2			U	Loyal • No Attachments Act: Tack and sink the Daring Fools to draw 2 cards from your deck. You may only use this ability if you have no cards in your hand.	playerNDeck
91cc6ddf-6bf6-4855-a7d8-9c99ece6117f	Death Stare	7th-sea/horizons-edge/7thSea-HorizonsEdge-DeathStare.jpg	default	Action	Horizon's Edge							S	d,p								R	Fear 1 Knack • Unique React: Target one of your Crew with Fear of 1 or more instead of performing a Boarding Attack. All of your Crew inflict extra Hits equal to the targeted Crew's Fear level during Boarding Attacks. In addition, your Crew with the Fear trait inflict an additional number of Hits during Boarding Attacks equal to their Fear level. These effects last until the end of the Boarding.	playerNDeck
1bab36d6-db83-4394-bd79-a040c72c6a41	Destiny and Loyalty	7th-sea/horizons-edge/7thSea-HorizonsEdge-DestinyAndLoyalty.jpg	default	Action	Horizon's Edge							D	p,t								C	You may not play this card if you have a Villainous Captain. React: Play when your Captain tacks to produce skill points. Your Captain produces extra skill points equal to the number of Loyal Crew you have on Board.	playerNDeck
c554ed96-fd5c-477e-8af4-5735b39bc0ed	The Discovery Attacks	7th-sea/horizons-edge/7thSea-HorizonsEdge-TheDiscoveryAttacks.jpg	default	Action	Horizon's Edge							S	d,p								C	React: Play when you are paying Swashbuckling. Tack one of your Ally cards in this Sea to produce 4 Swashbuckling	playerNDeck
043d56c3-b336-440d-ab07-2a528355f5ac	The Eternal Grave	7th-sea/horizons-edge/7thSea-HorizonsEdge-TheEternalGrave.jpg	default	Attachment	Horizon's Edge							C	d,s								R	CREW ATTACHMENT Unique • Fear 2 Knack React: Sink this card when another player inflicts Hits on your Ship. Reduce the Hits to zero.	playerNDeck
d40311d9-240b-4829-9992-05b91fce5792	First Mate's Duel	7th-sea/horizons-edge/7thSea-HorizonsEdge-FirstMatesDuel.jpg	default	Action	Horizon's Edge				4	Sw		D	p,t								U	Target another player's Ship in this Sea. That player must target one of his or her Crew. Target one of your Crew and play a card from your hand to begin a Duel between both of the targeted Crew. The Crew playing the final Boarding Attack in the Duel inflicts 4 extra Hits.	playerNDeck
d82c46b6-b46d-41be-9403-22b01bee8c36	Foul Weather Jack	7th-sea/horizons-edge/7thSea-HorizonsEdge-FoulWeatherJack.jpg	default	Crew	Horizon's Edge	Explorer's Society	5	In				P	c,t	4	0	2	2	2			R	Experienced • Unique Loyal • Gunner You must discard the top card of your deck when Jack tacks to produce Cannon. If the Boarding Attack on the discard is a Slash, Jack produces 2 less Cannon (minimum 0).	playerNDeck
8f6c03e7-7d31-4953-b10d-12b0debcefa8	Franco Vesefe	7th-sea/horizons-edge/7thSea-HorizonsEdge-FrancoVesefe.jpg	default	Crew	Horizon's Edge	Explorer's Society	5	In				P	c,t	0	4	1	1	2			R	Unique • Heroic Your Captain has +1 Adventuring and +1 Influence while Franco is on board your Ship.	playerNDeck
6510c0f8-e26f-44d8-a45f-0a4ff1c92eac	Get To It!	7th-sea/horizons-edge/7thSea-HorizonsEdge-GetToIt.jpg	default	Attachment	Horizon's Edge							C	d,s								R	CREW ATTACHMENT Fear 2 Knack Eye (A Crew may not have more than 1 Eye attachment) React: Tack this card when one of your other Crew tacks to produce skill points. That Crew produces extra skill points equal to this Crew's Fear level.	playerNDeck
59ecb61e-c996-4d27-8771-7117a8623431	Grandmother Ussura	7th-sea/horizons-edge/7thSea-HorizonsEdge-GrandmotherUssura.jpg	default	Adventure	Horizon's Edge							T	c,s								U	1 Sea Away To Complete: Tack one of your Sorcerers with Pyeryem of 1 or more. Crew Attachment Pyeryem 1 Knack: React: Tack this card when this Crew tacks to absorb Hits during a Boarding. The other player in the Boarding must sink 2 cards from their hand.	playerNDeck
6b868dc7-9fa8-4d10-9c91-729c7bc0084f	Grutch	7th-sea/horizons-edge/7thSea-HorizonsEdge-Grutch.jpg	default	Crew	Horizon's Edge	Crimson Rogers	3	In				P	c,t	0	3	0	0	2			R	Unique • Villainous • Loyal When hiring Grutch, you may pay an additional 3 Influence to give him +3 Cannon and the trait Gunner until the end of the game.	playerNDeck
e90f5b18-ac2c-4c05-8b3e-6a15602ad462	Gullbait Friedrich	7th-sea/horizons-edge/7thSea-HorizonsEdge-GullbaitFriedrich.jpg	default	Crew	Horizon's Edge	Black Freighter	3	In				P	c,t	2	2	0	0	1			R	Unique • Villainous • Loyal When hiring Friedrich, you may pay an additional 3 Influence to give him the trait: Fear 1 and +3 Swashbuckling until the end of the game.	playerNDeck
6e7f84a7-323b-472a-9050-829d9c59a540	Heinrich Logan	7th-sea/horizons-edge/7thSea-HorizonsEdge-HeinrichLogan.jpg	default	Crew	Horizon's Edge	Castille	3	In				P	c,t	2	0	0	0	2			U	Heroic • Gunner Heinrich has +3 Cannon if another Ship in this Sea has a Sorcerer on Board.	playerNDeck
81d0bdc6-6798-477a-9a51-5361aa5551b5	Hidden Fate Heritage	7th-sea/horizons-edge/7thSea-HorizonsEdge-HiddenFateHeritage.jpg	default	Adventure	Horizon's Edge							T	c,s								C	1 Sea Away To Complete: Pay 5 Adventuring (3 if completed in the Forbidden Sea or if you have a Fate Sorcerer on Board) Crew Attachment (You may not attach this card to a Crew with the Fate trait): This Crew has the trait Fate 1.	playerNDeck
a4993aa7-9398-441f-a40d-c686b9fcc34e	Hidden Glamour Heritage	7th-sea/horizons-edge/7thSea-HorizonsEdge-HiddenGlamourHeritage.jpg	default	Adventure	Horizon's Edge							T	c,s								C	1 Sea Away To Complete: Pay 5 Adventuring (3 if completed in Frothing Sea or if you have a Glamour Sorcerer on Board) Crew Attachment (You may not attach this card to a Crew with the Glamour trait): This Crew has the trait Glamour 1.	playerNDeck
699fd856-9eec-48e6-a26f-827fb04da48a	Hidden Laerdom Heritage	7th-sea/horizons-edge/7thSea-HorizonsEdge-HiddenLaerdomHeritage.jpg	default	Adventure	Horizon's Edge							T	c,s								C	1 Sea Away To Complete: Pay 5 Adventuring (3 if completed in the Trade Sea or if you have a Laerdom Sorcerer on Board) Crew Attachment (You may not attach this card to a Crew with the Laerdom trait): This Crew has the trait Laerdom 1.	playerNDeck
a061b905-b4a8-42db-a6f4-f8ad839941f1	Hidden Porte Heritage	7th-sea/horizons-edge/7thSea-HorizonsEdge-HiddenPorteHeritage.jpg	default	Adventure	Horizon's Edge							T	c,s								C	1 Sea Away To Complete: Pay 5 Adventuring (3 if completed in La Boca or if you have a Porte Sorcerer on Board) Crew Attachment (You may not attach this card to a Crew with the Porte trait): This Crew has the trait Porte 1.	playerNDeck
b969de0c-2c01-47a1-8703-47932d25030a	Hidden Pyeryem Heritage	7th-sea/horizons-edge/7thSea-HorizonsEdge-HiddenPyeryemHeritage.jpg	default	Adventure	Horizon's Edge							T	c,s								C	1 Sea Away To Complete: Pay 5 Adventuring (3 if completed in The Mirror or if you have a Pyeryem Sorcerer on Board) Crew Attachment (You may not attach this card to a Crew with the Pyeryem trait): This Crew has the trait Pyeryem 1.	playerNDeck
19297920-837a-4c1e-8e87-f91a67ddfb53	Hit to the Deck	7th-sea/horizons-edge/7thSea-HorizonsEdge-HitToTheDeck.jpg	default	Action	Horizon's Edge							D	p,t								U	React: Play this card when you are suffering Hits. Attach this card to your Ship as a Damage Attachment to absorb 4 Hits. While this card is attached you may not bring Crew cards into play. You may sink this Attachment by paying 4 Swashbuckling as an Action. You may not sink or discard this card with other card effects.	playerNDeck
c1935a5e-90c3-4649-89fd-e6660bf992a3	Ilya "Gadalka" Letinovich	7th-sea/horizons-edge/7thSea-HorizonsEdge-IlyaGadalkaLetinovich.jpg	default	Crew	Horizon's Edge	Vesten	4	In				P	c,t	4	0	0	0	2			C	Gunner • Pyeryem 0	playerNDeck
baab7c14-e8e6-44e9-a36f-a3a51db5e0eb	Inquisition Witch Hunt	7th-sea/horizons-edge/7thSea-HorizonsEdge-InquisitionWitchHunt.jpg	default	Action	Horizon's Edge		3	Ad				D	p,t								U	Target and tack all Sorcery Knacks and non-Captain Sorcerers in play.	playerNDeck
03fbdd8a-e00c-49ff-b442-456b8e02202c	Into the Tower	7th-sea/horizons-edge/7thSea-HorizonsEdge-IntoTheTower.jpg	default	Chantey	Horizon's Edge				2	In		D	p,t								U	All Captains are considered to have the following ability: Act: Once per turn, tack your Captain to search your deck for a card with the Oath trait. Show it to your opponent(s) and place it in your hand.	playerNDeck
798ae298-0078-4a3c-abb2-5478614ec190	Iron Mask	7th-sea/horizons-edge/7thSea-HorizonsEdge-IronMask.jpg	default	Action	Horizon's Edge		4	Sw				S	d,p								C	React: Play when you suffer Hits. Attach this card to one of your Villainous Crew without a Face attachment to absorb 2 Hits. This card has the Face trait, and gives the attached Crew the trait Fear 1. If the Crew already has the Fear trait, that Crew gains +1 to their Fear. A Crew may not have more than one Face attachment.	playerNDeck
2465b04f-af53-4867-8193-b29e4b9ad120	James Stiller	7th-sea/horizons-edge/7thSea-HorizonsEdge-JamesStiller.jpg	default	Crew	Horizon's Edge	Gosse's Gentlemen	3	In				P	c,t	1	2	0	0	2			R	Unique • Heroic • Loyal When hiring James, you may pay an additional 3 Influence to give him the trait: Swordsman +2 and +1 Swashbuckling until the end of the game.	playerNDeck
80b21468-8cdb-4d75-98c5-1b6d2ede192a	Josephina Culpepper	7th-sea/horizons-edge/7thSea-HorizonsEdge-JosephinaCulpepper.jpg	default	Crew	Horizon's Edge	Crimson Rogers	4	In				P	c,t	0	4	2	0	2			C	Villainous • Glamour 0	playerNDeck
aa44c697-1d77-48f0-bf57-523c9acfd5ab	J.P. Wardbraddon	7th-sea/horizons-edge/7thSea-HorizonsEdge-JPWardbraddon.jpg	default	Crew	Horizon's Edge	Sea Dogs	3	In				P	c,t	2	0	1	0	1			R	Unique • Heroic • Loyal When hiring J.P., you may pay an additional 3 Influence to give him the trait Glamour 1 and +3 Influence until the end of the game.	playerNDeck
8c78be11-4af3-4228-ae75-6a1629c73404	Korintine Nicolovich	7th-sea/horizons-edge/7thSea-HorizonsEdge-KorintineNicolovich.jpg	default	Crew	Horizon's Edge	Explorer's Society	8	In				P	c,t	1	4	3	3	3			F	Experienced • Unique • Loyal First Mate • Pyeryem 2 When Korintine is Experienced or Hired you may search your deck and discard pile for an Attachment card that is a Pyeryem Knack, attach it to Korintine and then shuffle your deck.	playerNDeck
043ff9cf-bb4d-435c-a667-f28ed0e3cde4	A Little On-Shore Help	7th-sea/horizons-edge/7thSea-HorizonsEdge-ALittleOnShoreHelp.jpg	default	Action	Horizon's Edge							D	p,t								U	React: Play when you are paying Adventuring. Tack one of your Ally cards in this Sea to produce 4 Adventuring	playerNDeck
46709c00-e219-4317-8d3c-961e6d3fb1a6	Local Assistance	7th-sea/horizons-edge/7thSea-HorizonsEdge-LocalAssistance.jpg	default	Attachment	Horizon's Edge							C	d,s								R	CAPTAIN ATTACHMENT Unique Act: Tack this card to target another Ship in this Sea. If you are in your Captain's Starting Sea, inflict 3 Hits on the target Ship.	playerNDeck
e3c51861-04bc-4111-9d49-446e1c74cf9c	Louis Fontaine	7th-sea/horizons-edge/7thSea-HorizonsEdge-LouisFontaine.jpg	default	Crew	Horizon's Edge	Corsairs	3	In				P	c,t	0	2	2	0	2			R	Unique • Captive • Loyal When hiring Louis, you may pay an additional 3 Influence to give him +2 Sailing, +1 Swashbuckling and the Rower trait until the end of the game.	playerNDeck
9d5ed756-16e9-4e89-9b50-e1cb60e44e0a	Lyin' John's Fate	7th-sea/horizons-edge/7thSea-HorizonsEdge-LyinJohnsFate.jpg	default	Action	Horizon's Edge							S	d,p								U	You may only play this card if you have an untacked Villainous Captain. Search an opponent's discard pile and target a Crew card in that discard pile. Place that Crew card in that player's sunk pile. Until the end of the turn, any player placing a Crew card in the discard pile must place that Crew in the sunk pile instead. Sink this card.	playerNDeck
cfbdfc50-2422-432d-b193-64aa43c7d587	Miguel Bascalle	7th-sea/horizons-edge/7thSea-HorizonsEdge-MiguelBascalle.jpg	default	Crew	Horizon's Edge	Castille	3	In				P	c,t	0	2	1	1	2			R	Unique • Heroic • Loyal When hiring Miguel, you may pay an additional 3 Influence to give him +2 Sailing, +2 Adventuring and the Holy trait until the end of the game.	playerNDeck
abaf2c4a-9e24-4787-81ba-f05b67e65421	Montaigne Musketeers	7th-sea/horizons-edge/7thSea-HorizonsEdge-MontaigneMusketeers.jpg	default	Crew	Horizon's Edge	Montaigne	3	In				P	c,t	0	0	1	2	2			C	Loyal • No Attachments Swordsman +1 (The Musketeers inflict 1 extra hit during Boarding Attacks) Montaigne Musketeers may attach Swordsman Knacks.	playerNDeck
9dcf838d-f23d-46ef-adea-c72087b760f8	Northern Trade Route	7th-sea/horizons-edge/7thSea-HorizonsEdge-NorthernTradeRoute.jpg	default	Action	Horizon's Edge		M+0	Sa				S	d,p								C	Move your Ship 2 Seas towards the Trade Sea (moving through each Sea, one at a time).	playerNDeck
e051a583-acdb-47c4-ab00-53b101385ee7	One Shot - Make it Count	7th-sea/horizons-edge/7thSea-HorizonsEdge-OneShotMakeItCount.jpg	default	Chantey	Horizon's Edge							D	p,t								C	Any player may sink this Chantey by paying 4 Influence as an action. Action cards are placed in the sunk pile instead of the discard pile after they have been canceled or resolved (except Action cards which become attachments).	playerNDeck
55590135-23e7-41b9-a758-a93f2cae9464	The Path to San Cristobal	7th-sea/horizons-edge/7thSea-HorizonsEdge-ThePathToSanCristobal.jpg	default	Action	Horizon's Edge		M+2	Sa				D	p,t								C	Move your Ship to any Sea with a Port card attached (moving through each Sea, one at a time).	playerNDeck
12511f02-42c0-47ea-94eb-b98b682e3471	Percival du Lac	7th-sea/horizons-edge/7thSea-HorizonsEdge-PercivalDuLac.jpg	default	Crew	Horizon's Edge	Montaigne	3	In				P	c,t	0	2	0	2	1			R	Unique • Heroic • Loyal When hiring Percival, you may pay an additional 3 Influence to give him the trait: Porte 1 and +2 Cannon until the end of the game.	playerNDeck
a43d040a-6da8-478b-864f-2b521bc17b9e	Peter Silver	7th-sea/horizons-edge/7thSea-HorizonsEdge-PeterSilver.jpg	default	Crew	Horizon's Edge	Gosse's Gentlemen	6	In				P	c,t	2	3	3	1	2			R	Experienced • Unique Heroic • Swordsman +1 (Peter inflicts 2 extra hits during Boarding Attacks) React: Once per turn, when Peter is tacking to produce skill points, you may tack one of your other Crew to have Peter produce an extra 2 points of that skill.	playerNDeck
826e30e7-7ca8-464e-94aa-fb357b7599b4	Predators of the Sea	7th-sea/horizons-edge/7thSea-HorizonsEdge-PredatorsOfTheSea.jpg	default	Action	Horizon's Edge		M+5	Sa	M+3	Sa		S	d,p								R	Target a Ship in an adjacent Sea. Move your Ship to that Sea and begin a Boarding with that Ship.	playerNDeck
00a70628-eb54-41e2-a9f2-44134757dfa4	Pushing the Limits	7th-sea/horizons-edge/7thSea-HorizonsEdge-PushingTheLimits.jpg	default	Action	Horizon's Edge							D	p,t								R	Sink a Sorcery Knack attached to one of your Crew to untack that Crew. Sink this card.	playerNDeck
cfbcc714-9ddc-46d3-b9c0-8f2b860ea6ce	Reis' Fury	7th-sea/horizons-edge/7thSea-HorizonsEdge-ReisFury.jpg	default	Attachment	Horizon's Edge							C	d,s								C	VILLAINOUS CREW ATTACHMENT Face (A Crew may not have more than 1 Face Attachment) React: Tack Reis' Fury when this Crew inflicts Hits with a Boarding Attack. Heroic Crew may not tack to absorb these Hits.	playerNDeck
00775eaf-65c6-4914-8ee0-ab0d19d9f6db	Rewrite the Rules	7th-sea/horizons-edge/7thSea-HorizonsEdge-RewriteTheRules.jpg	default	Chantey	Horizon's Edge				2	Sw		C	d,s								C	Instead of drawing three cards at the end of the turn, players must draw cards from their deck until they reach their maximum hand size. All Captains have the following ability: Act: Discard all cards in your hand.	playerNDeck
0349b08d-3208-482b-9cc7-0293497c9bd4	The Rise of Cabora	7th-sea/horizons-edge/7thSea-HorizonsEdge-TheRiseOfCabora.jpg	default	Adventure	Horizon's Edge							T	c,s								C	1 Sea Away To complete: Pay 4 Adventuring (3 if completed in The Mirror). Crew Attachment: This Crew absorbs 3 extra Hits when tacking to absorb Hits.	playerNDeck
26904b55-8b87-42ce-a109-25eb38f3856c	Roald Andreasson	7th-sea/horizons-edge/7thSea-HorizonsEdge-RoaldAndreasson.jpg	default	Crew	Horizon's Edge	Vesten	3	In				P	c,t	0	4	1	0	2			C	Villainous Roald may not be part of your starting Crew unless you have a Villainous Captain. You may not hire Roald unless you have more than one Villainous Crew in play. When Roald tacks to absorb Hits he absorbs 1 extra Hit.	playerNDeck
99568bf5-fbe8-4a6f-bc93-94c33c4dc8ab	Roberta Estrada	7th-sea/horizons-edge/7thSea-HorizonsEdge-RobertaEstrada.jpg	default	Crew	Horizon's Edge	Brotherhood	7	In				P	c,t	2	3	4	1	3			R	Experienced • Unique • Loyal Heroic Act: Tack Roberta to get an Adventure from your discard pile and put it into play, uncompleted. You may immediately move your Ship one Sea towards that Adventure.	playerNDeck
508c5618-4411-4a42-a868-2425c06f64f6	Robin Goodfellow	7th-sea/horizons-edge/7thSea-HorizonsEdge-RobinGoodfellow.jpg	default	Attachment	Horizon's Edge							C	d,s								U	CREW ATTACHMENT Glamour 1 Knack React: Tack this card when this Crew or a card attached to this Crew inflicts Hits on another player's Ship. The Ship suffers 3 additional Hits.	playerNDeck
92ec8908-3163-4dbe-a6f1-2138f9672f0f	Rosa Maria de Barcino	7th-sea/horizons-edge/7thSea-HorizonsEdge-RosaMariaDeBarcino.jpg	default	Crew	Horizon's Edge	Castille	7	In				P	c,t	0	0	3	3	4			R	Experienced • Unique Swordsman +1 (Rosa inflicts 1 extra hit during Boarding Attacks) React: After you have reversed a Boarding Attack with any one of your Crew, tack Rosa to tack the opposing Crew involved in the Boarding Attack.	playerNDeck
6ce2cf3a-71f2-4bce-9ebf-8018bb9b1381	San Cristobal Under Siege	7th-sea/horizons-edge/7thSea-HorizonsEdge-SanCristobalUnderSiege.jpg	default	Attachment	Horizon's Edge							C	d,s								R	THIS SEA ATTACHMENT Any player in this Sea may sink this Attachment by paying 3 Swashbuckling as an action. Players in this Sea during the untack phase must sink the top card of their deck and the top card of their discard pile.	playerNDeck
c0f573bf-ebb1-476f-88b1-20e593c078bb	Singing Sal	7th-sea/horizons-edge/7thSea-HorizonsEdge-SingingSal.jpg	default	Crew	Horizon's Edge	Corsairs	3	In				P	c,t	0	2	0	1	1			C	Captive • Rower Sal has +2 Sailing if there is a Chantey in play.	playerNDeck
06cb8b87-c7e0-4936-b994-f1644d79b17f	The Sixth Switch	7th-sea/horizons-edge/7thSea-HorizonsEdge-TheSixthSwitch.jpg	default	Adventure	Horizon's Edge							T	c,s								R	Unique • 2 Seas Away To Complete: Pay 8 Adventuring (5 if your Ship's printed crew maximum is less than 9). Artifact • Ship Attachment: React: Tack this card after you tack a Crew to produce Adventuring to complete an Adventure (not this one). Untack that Crew.	playerNDeck
7e11b06e-bcf5-42a6-a86c-4ce913fd3dcd	Sorcerer's Lament	7th-sea/horizons-edge/7thSea-HorizonsEdge-SorcerersLament.jpg	default	Chantey	Horizon's Edge							C	d,s								U	Any player may, as an action, sink two of their Sorcery Knacks to sink this Chantey. Sorcery Knacks may not be untacked.	playerNDeck
653b97af-dd96-4949-9a73-0e813f5a142c	Soren "Painless" Halstead	7th-sea/horizons-edge/7thSea-HorizonsEdge-SorenPainlessHalstead.jpg	default	Crew	Horizon's Edge	unaligned	6	In				P	c,t	1	1	1	1	3			C	Heroic When hiring Soren, you may pay 5 Swashbuckling to reduce his Influence cost to 0.	playerNDeck
b1a1230d-bf83-4d3e-bd61-4508de9e8cdc	Southern Trade Route	7th-sea/horizons-edge/7thSea-HorizonsEdge-SouthernTradeRoute.jpg	default	Action	Horizon's Edge		M+0	Sa				D	p,t								C	Move your Ship 2 Seas towards The Mirror (moving through each Sea, one at a time).	playerNDeck
4dbb45e1-6af6-4025-a9ef-905960e4a6e6	Sparrow Hawk	7th-sea/horizons-edge/7thSea-HorizonsEdge-SparrowHawk.jpg	default	Attachment	Horizon's Edge							C	d,s								U	CREW ATTACHMENT Pyeryem 1 Knack React: Tack this card when another player plays or performs an action that would create a Duel involving one of your Crew. That action is canceled.	playerNDeck
5a4312b1-a991-41cb-9395-a1f68240c3eb	Swelling Tides	7th-sea/horizons-edge/7thSea-HorizonsEdge-SwellingTides.jpg	default	Action	Horizon's Edge				2	Sa		S	d,p								C	Weather Target a Ship in this Sea. Tack the target.	playerNDeck
759a3e4f-7d23-4306-bbe3-a9e63b90c0fd	Sylvia Etalon du Toille	7th-sea/horizons-edge/7thSea-HorizonsEdge-SylviaEtalonDuToille.jpg	default	Crew	Horizon's Edge	Gosse's Gentlemen	5	In				P	c,t	0	0	2	2	3			U	Heroic • Swordsman +2 (Sylvia inflicts 2 extra hits during Boarding Attacks) Sylvia may attach cards as if she were Montaigne • When Sylvia comes into play, you may search your deck for a card with the title: “Montaigne Puzzle Sword" and attach it to Sylvia at no cost.	playerNDeck
2183eb63-1aff-49c9-9618-be49820a45b7	Syrneth Navigator	7th-sea/horizons-edge/7thSea-HorizonsEdge-SyrnethNavigator.jpg	default	Attachment	Horizon's Edge		2	Ad				C	d,s								U	HEROIC CREW ATTACHMENT Artifact • Hand (A Crew may not have more than 1 Hand Attachment) React: Tack this Crew when another player performs a React which cancels one of your Actions that will result in a Boarding. Cancel the React.	playerNDeck
779f0575-8689-4e11-bdf4-b7f586c39d8f	Talia del Emelia	7th-sea/horizons-edge/7thSea-HorizonsEdge-TaliaDelEmelia.jpg	default	Crew	Horizon's Edge	Brotherhood	3	In				P	c,t	2	1	0	0	2			R	Unique • Gunner • Loyal When hiring Talia, you may pay an additional 3 Influence to give her the trait: Fate 1 and +2 Sailing until the end of the game.	playerNDeck
e85b2570-cd9e-46f9-a4c6-87e9bdd7fea3	Through the 7th Sea	7th-sea/horizons-edge/7thSea-HorizonsEdge-ThroughThe7thSea.jpg	default	Chantey	Horizon's Edge							D	p,t								U	Any player may sink this Chantey by paying 6 Adventuring as an action. Players with a Ship in the Trade Sea may, as an action, pay their Ship's Move Cost to move their Ship to The Mirror, and viceversa.	playerNDeck
0fe60494-ac93-426f-ba22-39f7f6220e05	Tungsinn ("Gloom")	7th-sea/horizons-edge/7thSea-HorizonsEdge-TungsinnGloom.jpg	default	Attachment	Horizon's Edge							C	d,s								R	CREW ATTACHMENT Unique • Laerdom 1 Knack React: Tack instead of performing a Boarding Attack. Target and tack a Crew on the other Ship with an Influence cost less than double this Crew's Laerdom.	playerNDeck
da8e2432-e9fe-42e4-b9c9-bda05aaeceda	Two Dagger Dirk	7th-sea/horizons-edge/7thSea-HorizonsEdge-TwoDaggerDirk.jpg	default	Crew	Horizon's Edge	Gosse's Gentlemen	4	In				P	c,t	0	2	0	0	2			C	Topman • Swordsman +2 (Dirk inflicts 2 extra hits during Boarding Attacks) React: Discard a card from your hand after Dirk has played a Boarding Attack. Change that Boarding Attack to a Slash.	playerNDeck
dfeee40b-ddfb-43a0-b5c9-a092490655bb	Valgard Skaardalneir	7th-sea/horizons-edge/7thSea-HorizonsEdge-ValgardSkaardalneir.jpg	default	Crew	Horizon's Edge	Vesten	3	In				P	c,t	0	0	0	2	3			R	Unique • Heroic • Loyal When hiring Valgard, you may pay an additional 3 Influence to give him the trait: Laerdom 1 and +2 Influence until the end of the game.	playerNDeck
a1d37feb-0e1d-4739-b0c0-11c0741947eb	Volta	7th-sea/horizons-edge/7thSea-HorizonsEdge-Volta.jpg	default	Crew	Horizon's Edge	Crimson Rogers	8	In				P	c,t	2	0	4	2	4			R	Experienced • Unique • Loyal Swordsman +2 (Volta inflicts 2 extra hits during Boarding Attacks) React: Tack your Captain when another Ship begins a Boarding with your Ship to cancel the Boarding. The attempting player must target one of their Crew. Play a card from your hand as a Boarding attack to begin a Duel between Volta and the targeted Crew.	playerNDeck
da730d92-5e6e-48ce-8b75-1881c76dea46	We'll Get Him Back!	7th-sea/horizons-edge/7thSea-HorizonsEdge-WellGetHimBack.jpg	default	Attachment	Horizon's Edge							C	d,s								U	SEA ATTACHMENT Unique • Oath While attached to a Sea your hand size is reduced by 1. React: Tack this card and attach it to your Captain after you have hired a Crew with a printed Influence cost greater than 6. While attached to your Captain, you draw 1 extra card between rounds of a Boarding.	playerNDeck
83d5ca4b-b495-4558-ac7b-604ae102a4cb	What Does Not Kill Us	7th-sea/horizons-edge/7thSea-HorizonsEdge-WhatDoesNotKillUs.jpg	default	Chantey	Horizon's Edge							D	p,t								C	All completed Adventures that provide printed Skill bonuses of +4 or more provide an additional +2 to the appropriate Skill(s).	playerNDeck
e9c52701-5e14-4852-aa53-7ebd498bf758	The Curse	7th-sea/black-sails/7thSea-BlackSails-TheCurse.jpg	default	Attachment	Black Sails	Black Freighter	2	Sw				C	d,s								F-S	Black Freighter Captain Attachment - Letter of Marque..Unique .. You must have 2 or more non-Skeletal crew on your Ship to put The Curse into play. .. Act: Tack this card to move your Ship one Sea Closer to another player's Ship.	playerNDeck
1027d72e-efd9-47a6-b46c-245c738b6afd	Cursed Cutlass	7th-sea/black-sails/7thSea-BlackSails-CursedCutlass.jpg	default	Adventure	Black Sails							T	c,s								F	1 Sea Away - To complete: Tack 3 Adventuring (2 if you have a Villainous Captain). Item..crew Attachment: +1 Swashbuckling. This crew inflicts 1 extra Hit during Boarding Attacks. It caused its owner no end of trouble... until he died. Ever since, his luck's been great.	playerNDeck
15d3cc48-4abd-457c-b33b-4ec327bd770e	Dalia	7th-sea/black-sails/7thSea-BlackSails-Dalia.jpg	default	Crew	Black Sails	Black Freighter	6	In				P	c,t	0	0	1	1	4			F	Experienced..Unique..Loyal..Swordsman+2 .. Immediately after Dalia plays a Boarding Attack, you may sink one of your crew to draw a card.	playerNDeck
26c56771-c425-4c2a-b06c-911ea220dcf5	Don Deanna	7th-sea/black-sails/7thSea-BlackSails-DonDeanna.jpg	default	Crew	Black Sails	Black Freighter	6	In				P	c,t	0	0	2	1	4			F	Experienced..Unique..Loyal..Villainous..Swordsman+2 .. Increase your hand size by 1 while your ship is involved in a Boarding. Some souls are simply too wicked to die.	playerNDeck
320409a5-30d7-4d08-b8ce-d1bed13c8619	Feed the Hunger	7th-sea/black-sails/7thSea-BlackSails-FeedTheHunger.jpg	default	Adventure	Black Sails							T	c,s								F	1 Sea Away - To complete: Tack and sink one of your crew, if you have a Villainous Captain. crew Attachment: +1 Swashbuckling. This crew inflicts 2 extra Hits during Boarding Attacks. The undead aren't choosy. If they have no living victims, they'll turn on their own...	playerNDeck
46f8ef62-f032-4287-bf70-c6d9d7763448	Gilles Allais du Crieux	7th-sea/black-sails/7thSea-BlackSails-GillesAllaisDuCrieux.jpg	default	Crew	Black Sails	Black Freighter	6	In				P	c,t	3	2	2	2	3			F	Experienced..Unique..Loyal..Villainous	playerNDeck
90f26999-6a68-45d5-91f3-01648a449b42	High Morale	7th-sea/black-sails/7thSea-BlackSails-HighMorale.jpg	default	Adventure	Black Sails							T	c,s								F	2 Seas Away - To complete: Tack 5 Adventuring (3 if completed in the Trade Sea). Captain Attachment: React: Discard High Morale when you are absorbing Hits to suffer 3 fewer Hits. If your Ship's crew maximum is less than 9, you suffer 6 fewer Hits, instead.	playerNDeck
a4f564ca-208c-46d3-8c0a-f4ce08ae4270	Iken of Venderheim	7th-sea/black-sails/7thSea-BlackSails-IkenOfVenderheim.jpg	default	Crew	Black Sails	Black Freighter	6	In				P	c,t	0	2	3	1	4			F	Experienced..Unique..Loyal .. You may sink Iken when he inflicts Hits with a Boarding Attack to inflict 5 extra Hits.	playerNDeck
76daf3a8-c77e-4339-9344-54199c88f9d8	Innocent Bystander	7th-sea/black-sails/7thSea-BlackSails-InnocentBystander.jpg	default	Action	Black Sails				0			D	p,t								F	React: Play this card when you are sinking a crew to absorb Hits. If your Captain is untacked, the crew absorbs 3 extra Hits.	playerNDeck
72f24066-2d93-4e35-a54b-5cc58b360ee0	Lord Windamshire	7th-sea/black-sails/7thSea-BlackSails-LordWindamshire.jpg	default	Crew	Black Sails	Black Freighter	5	In				P	c,t	0	0	3	3	2			F	Experienced..Unique..Loyal .. Windamshire gains +1 Influence for every Adventure card attached to him.	playerNDeck
2a5db5ea-ebee-47b2-86f2-5954d17a74a5	Mark Scars	7th-sea/black-sails/7thSea-BlackSails-MarkScars.jpg	default	Crew	Black Sails	Black Freighter	7	In				P	c,t	5	0	2	2	2			F	Experienced..Unique..Loyal..Gunner	playerNDeck
db9f2951-d59c-413b-8901-b7193779208a	Marooned	7th-sea/black-sails/7thSea-BlackSails-Marooned.jpg	default	Action	Black Sails				0			D	p,t								F	You may only play this card if you have a Villainous Captain. Target and discard one of your Heroic crew to attach this card to your Captain, giving a +2 Influence. The nasty part is, they left him with his share of the gold.	playerNDeck
68b1c0d8-3d2e-42c3-8663-6046f6649e11	Moaning Song of the Dead	7th-sea/black-sails/7thSea-BlackSails-MoaningSongOfTheDead.jpg	default	Action	Black Sails				0			S	d,p								F	You must tack one of your crew with Fear of 1 or more to play this card. Target this Sea. Until the end of the turn, other players must tack one of their crew (in addition to other costs) to enter this Sea. The eerie cry echoed across the waves, chilling Gosse to his bones. He'd heard that noise before...	playerNDeck
973f865f-186b-436a-a920-80264ad5b0da	Moldy Morris	7th-sea/black-sails/7thSea-BlackSails-MoldyMorris.jpg	default	Crew	Black Sails	Black Freighter	4	In				P	c,t	1	0	0	0	2			F	Loyal..Unique .. Morris inflicts 5 extra Hits during Boarding if an opposing crew has pushed forward to fight Morris or vice-versa. If the opposing crew is sunk, the number of Hits is reduced to zero. The rot grows from his flesh, infecting everything he touches.	playerNDeck
219353c9-3b4d-419e-b763-e5b8e2dcb8a3	Never Knew Him	7th-sea/black-sails/7thSea-BlackSails-NeverKnewHim.jpg	default	Action	Black Sails				0			D	p,t								F	React: Play this card when you are absorbing Hits. Discard a crew card from your hand to suffer 2 fewer Hits.	playerNDeck
ab403bb8-a601-4f28-bff9-65ed17d78a73	No-Leg William	7th-sea/black-sails/7thSea-BlackSails-NoLegWilliam.jpg	default	Crew	Black Sails	Black Freighter	4	In				P	c,t	1	2	2	1	1			F	Loyal .. William may attach up to two Leg attachments .. William gains +2 to all skills if he has two Leg attachments attached.	playerNDeck
07d5433a-809b-4861-8e62-f2b8aff068fd	Plague Ship	7th-sea/black-sails/7thSea-BlackSails-PlagueShip.jpg	default	Attachment	Black Sails		2	Sw				C	d,s								F	Sea Attachment - Unique..Ally .. Any player in this Sea may discard this card by tacking 4 cannon as an action. .. No player, except those with Black Freighter captains, may hire crew in this Sea. .. Act: Tack this card to attach it to a Sea adjacent to this Sea.	playerNDeck
235ce134-c974-4b8e-a971-2082b2380b64	Power of Purity	7th-sea/black-sails/7thSea-BlackSails-PowerOfPurity.jpg	default	Action	Black Sails				0			D	p,t								F	Tack one of your Heroic or Holy crew to target a Black Freighter Captain in this Sea. Inflict Hits on that Ship equal to the number of your Heroic and Holy crew.	playerNDeck
c4e5453a-eb12-43e2-925a-f6e500bb3008	Run'em Down, Boys!	7th-sea/black-sails/7thSea-BlackSails-RunemDownBoys.jpg	default	Action	Black Sails				0			S	d,p								F	You may only play this card if you have a Villainous Captain. .. React: Play when another player discards a crew from play to sink that crew and attach this card to your captain. .. React: When paying an influence cost, discard this card to produce 3 Influence if it was attached to your Captain.	playerNDeck
02ff5af5-20d7-43c6-9d9e-c0ea389bd7be	Savage Storm	7th-sea/black-sails/7thSea-BlackSails-SavageStorm.jpg	default	Attachment	Black Sails		0					C	d,s								F	Sea Attachment - Weather .. Any player may pay 1 Adventuring as an action to attach this card to a Sea adjacent to this Sea. .. Any player may pay 5 Adventuring as an action to discard this card. .. All ships in, or moving from, this Sea have their move costs increased by 2.	playerNDeck
773a525d-df65-49c7-934f-a749f4019717	Skeletal Deck Hands	7th-sea/black-sails/7thSea-BlackSails-SkeletalDeckHands.jpg	default	Crew	Black Sails	Black Freighter	1	In				P	c,t	0	0	1	0	1			F	Loyal ... No attachments .. Skeletal	playerNDeck
43e32f71-9801-494d-99c5-01823ba0b7a1	Skeletal Shore Gang	7th-sea/black-sails/7thSea-BlackSails-SkeletalShoreGang.jpg	default	Crew	Black Sails	Black Freighter	2	In				P	c,t	0	0	2	0	1			F	Loyal ... No attachments .. Skeletal	playerNDeck
e0b26b72-7591-44c3-b8f6-aa5f6ae4f937	Skeletal Thugs	7th-sea/black-sails/7thSea-BlackSails-SkeletalThugs.jpg	default	Crew	Black Sails	Black Freighter	1	In				P	c,t	0	0	0	0	2			F	Loyal ... No attachments .. Skeletal .. Skeletal Thugs inflict 1 extra Hit during Boarding Attacks. The first one opened his mouth in a slient moan. The rest shuffled forward slowly, rusty blades hanging from their rotting hands...	playerNDeck
1a658a71-9ca0-442b-b432-307593524d47	Thomas Gosse	7th-sea/black-sails/7thSea-BlackSails-ThomasGosse.jpg	default	Crew	Black Sails	Black Freighter	5	In				P	c,t	0	0	0	2	2			F	Experienced..Unique..Loyal .. The Adventuring cost of your action cards that reduce the number of Hits you suffer is reduced by 3 (minimum 0).	playerNDeck
3b4f5fb1-a9ce-4952-88db-ead1d1eae4ba	To the Death!	7th-sea/black-sails/7thSea-BlackSails-ToTheDeath.jpg	default	Action	Black Sails				0			D	p,t								F	Target one of your Black Freighter crew. Until the end of the turn, that crew gains +2 Swashbuckling.	playerNDeck
1307b05b-0b4c-469c-857e-a9d07cd0137f	The Traitor's Scream	7th-sea/black-sails/7thSea-BlackSails-TheTraitorsScream.jpg	default	Attachment	Black Sails	Black Freighter	0					C	d,s								F	Black Freighter Ship Attachment - Unique..Figurehead .. React: Tack when an opposing crew is sunk during a Boarding involving your Ship. If you have 2 or more completed adventures in play, you may put a Skeletal crew into play from your hand, without cost. The former captain, now a living figurehead. You can hear his folly in every tortured howl.	playerNDeck
d154f733-85ab-43f7-9d42-aaaee1ac86ae	Vile Temple	7th-sea/black-sails/7thSea-BlackSails-VileTemple.jpg	default	Attachment	Black Sails		6	Ad				C	d,s								F	Sea Attachment - Unique .. Any player in this Sea may sink this card by producing 5 Swashbuckling or Cannon as an action. .. When Heroic crew tack to produce skill points, they produce 1 fewer point (minimum 0. crew with a 0 skill still produce 0).	playerNDeck
3553d05a-92d6-4d75-91c9-4301f0e58372	Well of Purity	7th-sea/black-sails/7thSea-BlackSails-WellOfPurity.jpg	default	Adventure	Black Sails							T	c,s								F	Unique - 2 Seas Away - To complete: Tack 3 Adventuring (2 if in la Boca). Captain Attachment: Your Heroic crew inflict 2 extra Hits during Boarding Attacks if the opposing Captain in the Boarding is Villainous. If true evil exists, then it must be balanced by an equal amount of true good.	playerNDeck
221b46d2-f13f-4a9f-bf80-b276e5d48df5	William Toss	7th-sea/black-sails/7thSea-BlackSails-WilliamToss.jpg	default	Crew	Black Sails	Black Freighter	5	In				P	c,t	0	2	2	2	3			F	Experienced..Unique..Loyal His luck ran out at the same time Berek's did, only no one came to pull poor William from the sea.	playerNDeck
b202d300-1844-4c4a-b7e5-1f37f73d55f1	Retirement	7th-sea/parting-shot/7thSea-PartingShot-Retirement.jpg	default	Action	Parting Shot							S	d,p								F	Act: If you have 6 or more completed Prize Adventures in play than any other player, you win the game.	playerNDeck
fc64800e-3ae5-4605-acfd-7cffe26557c3	Ussuran Whalers	7th-sea/parting-shot/7thSea-PartingShot-UssuranWhalers.jpg	default	Crew	Parting Shot	unaligned	4	In				P	c,t	1	3	1	0	2			F	*Ussura*  When this Crew tacks to absorb hits from a Monster card, Weather card, or Sea Attachment, they absorb 3 extra hits.	playerNDeck
b9c8456b-4813-4575-9d88-a2e9b7537e47	Diablo Tiburon	7th-sea/parting-shot/7thSea-PartingShot-DiabloTiburon.jpg	default	Action	Parting Shot		7	Ad	7	Ad		S	d,p								F	Monster This action my not be canceled if the target has any Damage Attachments attached.  Act: Target a ship in play. Target ship suffers a number of hits equal to twice that ship's Move Cost. Inflict 4 extra hits if target ship has at least one Damage Attachment attached.	playerNDeck
6318a59d-7943-48d8-b802-f29a6085dd32	Keep a Sharp Lookout!	7th-sea/parting-shot/7thSea-PartingShot-KeepASharpLookout.jpg	default	Action	Parting Shot		2	Ad				D	p,t								F	React: Play if one of your Adventure or Attachment cards is being sunk or dicarded from play by another player's Action or Acti on card. If the card is being discarded, you may shuffle it back into your deck instead. If it is being sunk, you may discard it instead. Sink this card.	playerNDeck
65d0eb9b-19d3-4022-949f-ea34e05caa76	The New World	7th-sea/parting-shot/7thSea-PartingShot-TheNewWorld.jpg	default	Action	Parting Shot							D	p,t								F	React: Target another player's Ship when it moves to a Sea adjacent to its previous Sea. Inflict one hit to target Ship. You may only play one copy of this card per Sea moved into.	playerNDeck
a7546b4e-3fd7-419c-8b2f-8e060f4acdd2	Captain Ivanovitch	7th-sea/parting-shot/7thSea-PartingShot-CaptainIvanovitch.png	default	Captain	Parting Shot	unaligned					9			2	3	3	2	4			F	*Ussura* Start: The Mirror Pyeryem 1 • Swordsman +2 When this Captain tacks to produce Influence to hire an Ussuran Crew, this Captain produces 2 additional Influence.  While you have 4 or more Unaligned or Ussuran Crew on board with an Influence Cost of 3 or more, your Unaligned and Ussuran Crew absorb 1 additional hit when tacking or sinking to absorb hits (+2 total if Unaligned and Ussuran).	playerNCaptain
f4ec04e1-3e86-424a-a6c0-00b49594fecc	Dread	7th-sea/parting-shot/7thSea-PartingShot-Dread.png	default	Crew	Parting Shot	Black Freighter	8	In				P	c,t	3	2	2	1	4			F	First Mate • Loyal • Unique • Villainous • Swordsman +2 When this Crew is attempting to reverse Boarding Attacks, you may consider each card's Boarding Attack box as an additional (ie. Third) Boarding Defense box.	playerNDeck
bb6a1cd7-57bf-4417-bf34-307cd2fc502d	Devotion to the Cause	7th-sea/parting-shot/7thSea-PartingShot-DevotionToTheCause.png	default	Action	Parting Shot							S	d,p								F	React: Play when you are paying the Influence cost for a Crew with a Secret Society symbol or Nation symbol. You may tack another Crew with the same symbol to produce an amount of Influence equal to the tacked Crew's Influence plus 3.	playerNDeck
6071c1e3-7093-46c5-ab84-c16ddfbd8a56	Courage and Honor	7th-sea/parting-shot/7thSea-PartingShot-CourageAndHonor.png	default	Action	Parting Shot							S	d,p								F	React: Play when you tack one of your Heroic Crew to produce skill points. That Crew produces 3 extra skill points.	playerNDeck
d613d68c-bc62-4f52-b1ed-e0cf51888746	Young Samuel Gosse	7th-sea/parting-shot/7thSea-PartingShot-YoungSamuelGosse.png	default	Crew	Parting Shot	Gosse's Gentlemen	4	In				P	c,t	0	1	3	0	2			F	Loyal • No Attachments • Unique If Melinda Gosse or Captain Red is your Captain, this Crew does not count towards your Crew Maximum.	playerNDeck
e9b13794-2564-4b2e-a6cc-3ca280bf90d5	The Undefeated Heart	7th-sea/parting-shot/7thSea-PartingShot-TheUndefeatedHeart.jpg	default	Ship	Parting Shot	unaligned													9	3	F	*Ussura* Monster and Weather cards inflicting hits on this Ship inflict 4 fewer hits (min 0).  React: Tack before performing an Action to move to an adjacent Sea.	playerNShip
34f63c77-f5a1-454e-9944-710ba7f1bd70	Sheildmen	7th-sea/parting-shot/7thSea-PartingShot-Sheildmen.png	default	Crew	Parting Shot	Explorer's Society	4	In				P	c,t	1	0	2	0	3			F	Loyal • No Attachments When this Crew tacks or sinks to absorb hits, they absorb one extra hit.  React: When you are paying Adventuring to complete an Adventure with an initial cost of 5 or more, discard a card from your hand to produce 1 Adventuring. Use this ability once per Adventure you are completing.	playerNDeck
c01b743b-3620-4f07-bc02-845795e7d267	Pappy	7th-sea/parting-shot/7thSea-PartingShot-Pappy.png	default	Crew	Parting Shot	unaligned	2	In				P	c,t	0	0	1	0	1			F	*Ussura* This Crew has +2 Adventuring when you are paying the completion cost of an Adventure.	playerNDeck
d9e71e1a-f968-4038-bc32-629e4c6532b7	Flying the Jolly Roger	7th-sea/parting-shot/7thSea-PartingShot-FlyingTheJollyRoger.png	default	Adventure	Parting Shot							T	c,s								F	2 Seas Away • Illegal • Unique To complete: Pay 4 Adventuring (2 if you have a card with the Jolly Roger trait on board).  Ship Attachment: The Adventuring costs of you uncompleted Adventures are reduced by 1 (min 0, or min 1 if the Adventure increases the Cannon Skill).	playerNDeck
9533b331-1bd9-47bf-a69f-31b21b964ddf	Harness the Darkness	7th-sea/parting-shot/7thSea-PartingShot-HarnessTheDarkness.png	default	Adventure	Parting Shot							T	c,s								F	1 Sea Away • Nacht 1 Knack To complete: Tack one of your Sorcerers with Nacht 1 or more. Crew Attachment: +1 Swashbuckling  React: Tack the attached Crew instead of performing a Boarding Attack to target the opposing Ship. Inflict hits to the target Ship equal to the attached Crew's Swashbuckling. You may discard a Nacht Knack from your hand to increase the hits inflicted by 3.	playerNDeck
1fd33ddd-d4dd-4f9b-914c-56a4021e31ce	The Jolly Roger of Gosse's Gentlemen	7th-sea/parting-shot/7thSea-PartingShot-TheJollyRogerOfGossesGentlemen.png	default	Attachment	Parting Shot		M+0					C	d,s								F	GOSSE SHIP ATTACHMENT Unique • Item • Jolly Roger React: Tack after one of your Gosse Crew has been sunk when absorbing hits inflicted by another player, to target and untack another of your non-Captain Gosse Crew. You may only use this ability if you have 3 or more Gosse Crew on board.	playerNDeck
e2863644-787f-4e8c-9c53-4ffd922e23d9	Benjamen the Quick	7th-sea/parting-shot/7thSea-PartingShot-BenjamenTheQuick.png	default	Crew	Parting Shot	Brotherhood	3	In				P	c,t	2	1	2	1	2			F	Unique • Villainous • Swordsman +1 Your cost to complete Illegal Adventures is reduced by 1 (min 0) while this Crew is in play. Any other player may discard this Crew by paying 6 Influence as an Action.	playerNDeck
43087891-dd94-4dca-b5ab-b7b45424947d	Valentina Villanova	7th-sea/parting-shot/7thSea-PartingShot-ValentinaVillanova.png	default	Crew	Parting Shot	unaligned	5	In				P	c,t	0	0	1	1	2			F	*Vodacce*Sophia's Daughters* Scry 1 Act: Tack and sink one of your Crew to draw 2 cards from your deck.	playerNDeck
53d77f90-816c-4d47-b58c-12f98f704139	Kheird-Din's Fortitude	7th-sea/parting-shot/7thSea-PartingShot-KheirdDinsFortitude.png	default	Attachment	Parting Shot							C	d,s								F	CORSAIRS CAPTAIN ATTACHMENT Unique You may only attach this card to your Captain when starting Crew are chosen, at the cost of 1 Starting Wealth, and only if they have the name “Din” in their title.  React: When you sink the attached Crew, instead discard all your cards from play except Captain and Ship. Untack both and return your Ship to your Starting Sea. You may hire one Crew from your hand at zero cost. The current Action is considered resolved, and play continues with the next player.	playerNDeck
750680a1-8735-4ee3-aa1e-bab76fdaf6cb	Cities of Gold	7th-sea/parting-shot/7thSea-PartingShot-CitiesOfGold.png	default	Adventure	Parting Shot							T	c,s								F	2 Seas Away • Unique To complete: Pay 4 Adventuring (3 if you have 4 or more Crew aligned to your Captain's faction on board).  Captain Attachment: Act: Tack this card and a Crew aligned to your Captain's faction to hire a Crew from your hand, discard pile, or draw deck. That Crew's Influence Cost is reduced by 3 if that Crew shares a Nationality, Secret Society, or Faction symbol with your Captain.	playerNDeck
ed5b220f-1666-4c59-8036-9ca3a8ec4575	Boarded by Raiders	7th-sea/parting-shot/7thSea-PartingShot-BoardedByRaiders.png	default	Chantey	Parting Shot		1	Sa				T	c,s								F	Any Crew pushed forward for a Boarding Attack, if the Crew inflicts hits, the Crew inflicts 2 extra hits.	playerNDeck
7e926aa5-1e19-4072-9e97-7e7db171852b	Aleksi Novgorov	7th-sea/parting-shot/7thSea-PartingShot-AleksiNovgorov.png	default	Crew	Parting Shot	Crimson Rogers	5	In				P	c,t	2	0	1	0	3			F	*Ussura* Pyeryem 1 • Villainous Act: Once per turn discard a Pyeryem Knack attached to this Crew to search your deck for a Pyeryem 1 Knack that this Crew can attach. Attach that Knack to this Crew and shuffle your deck.	playerNDeck
f915f789-5ef0-453e-8fdf-4aaa15f31217	Valor and Heroism	7th-sea/parting-shot/7thSea-PartingShot-ValorAndHeroism.png	default	Action	Parting Shot							S	d,p								F	You may not play this card if you have a Villainous Captain or if you have a Control Card in play. Act: Tack your Captain and Ship to put a Control Attachment into play from your hand without paying its skill cost.	playerNDeck
9132f848-61c2-4af2-bf67-054a2718df87	Rodrigo the Rightous	7th-sea/parting-shot/7thSea-PartingShot-RodrigoTheRightous.png	default	Crew	Parting Shot	Castille	5	In				P	c,t	0	2	0	3	2			F	*Die Kreuzritter* Heroic • Holy • Swordsman +1 Villainous Crew in this Sea produce 1 fewer Influence when tacking to produce Influence (min 0).	playerNDeck
08e5d316-ad60-440d-a1f0-f6ca076110bf	Eisen Alliance	7th-sea/parting-shot/7thSea-PartingShot-EisenAlliance.png	default	Attachment	Parting Shot							C	d,s								F	FROTHING SEA ATTACHMENT Control You may only play this card while your Ship is in the Frothing Sea. You must discard 3 Item Attachments to put this card into play. Your Captain is considered to have the Eisen symbol. Any player may discard this card by discarding 3 of their completed Adventures while in this Sea. Act: Tack this card and search your deck for an Adventure whose cost is reduced while you have The River in play. Put that card into your hand then shuffle your deck.	playerNDeck
4592df6a-8d9f-4cc4-a86f-81ceecc6d66b	Yannick le Geant	7th-sea/parting-shot/7thSea-PartingShot-YannickLeGeant.png	default	Crew	Parting Shot	Montaigne	6	In				P	c,t	1	0	2	0	3			F	*Knights of the Rose and Cross* Heroic • Swordsman +3 When this Crew tacks to absorb hits, he absorbs extra hits equal to the number of Crew cards in your sunk pile.	playerNDeck
2361a8e5-cafe-48e4-92b0-d970c9049743	Fury of the Storm	7th-sea/parting-shot/7thSea-PartingShot-FuryOfTheStorm.png	default	Action	Parting Shot		5	Ad	5	Sa		S	d,p								F	Weather Act: Target a Ship in this or an adjacent Sea. Discard any number of Weather cards from your hand (you may discard 0) to inflict hits on the target ship equal to 5 plus twice the number of cards discarded. This may not be cancled if you have at least one Laerdom Sorcerer on board your Ship.	playerNDeck
b1460841-a9e3-49ef-9221-dd69929b8d3c	Basil “Backlash” Hawkins	7th-sea/parting-shot/7thSea-PartingShot-BasilBacklashHawkins.png	default	Crew	Parting Shot	Crimson Rogers	5	In				P	c,t	5	0	1	1	2			F	*Rilasciarie* Loyal • Unique • Villainous This Crew inflicts 2 hits on your Ship when he tacks to perform a Cannon Attack (suffer these hits before the Cannon hits are dealt).	playerNDeck
2407ffb2-7f66-4aa1-8371-a1cb3913e244	Brian Skar	7th-sea/parting-shot/7thSea-PartingShot-BrianSkar.png	default	Crew	Parting Shot	Vesten	4	In				P	c,t	1	0	0	1	2			F	Villainous • Swordsman +1 If any other Ship has more Loyal Crew on board than you have one your Ship, this Crew gains +1 Swashbuckling.  React: After you have reversed a Boarding Attack from your hand, discard the top card of your deck. The Boarding Attack is now considered the same as the discarded card.	playerNDeck
dd08089b-7d7b-4558-aa17-25dbcbc808ae	Captain Red	7th-sea/parting-shot/7thSea-PartingShot-CaptainRed.png	default	Captain	Parting Shot	Gosse's Gentlemen					9			2	4	5	3	3			F	Start: The Mirror Heroic • Swordsman +2 You may not have Red The Adventurer on board.  While you have 4 or more other Gosse Crew on board, your Captain has the following ability: React: When you are tacking one of your Gosse Crew to produce Adventuring for a skill cost or any other skill for a cancel cost,  tack an Attachment attached to the tacking Gosse Crew to produce one extra point of that skill (or two extra points if the Attachment is titled “Red”).	playerNCaptain
43f1f549-6e55-4385-b484-0d64d97d3545	The Elixer of Life	7th-sea/parting-shot/7thSea-PartingShot-TheElixerOfLife.png	default	Adventure	Parting Shot							T	c,s								F	1 Sea Away • Scry 1 Knack To complete: Tack one of your Sorcerers with Scry 1 or more. Crew Attachment:  Act: Once per turn, discard another Scry Knack attached to this Crew to draw a card. React: Tack this card and any one of your Crew  when you are suffering hits to suffer 4 fewer hits.	playerNDeck
d7c1ffbb-507d-4196-acc0-876401a74667	Francisco Garcia del Torres	7th-sea/parting-shot/7thSea-PartingShot-FranciscoGarciaDelTorres.png	default	Crew	Parting Shot	Gosse's Gentlemen	4					P	c,t	0	4	0	0	2			F	*Knights of the Rose and Cross* Topman • Heroic React: When this Crew inflicts hits during a Boarding Attack, discard any number of cards from your hand to inflict one extra hit for each card discarded.	playerNDeck
fd81ed72-568a-46a1-93e4-d14afaafe460	Ussuran Alliance	7th-sea/parting-shot/7thSea-PartingShot-UssuranAlliance.png	default	Attachment	Parting Shot							C	d,s								F	THE MIRROR ATTACHMENT Control You may only play this card while your Ship is in The Mirror.  You must discard 3 Goods Attachments to put this card into play.  Your Captain is considered to have the Ussuran symbol. Any player may discard this card by discarding 3 of their completed Adventures as an Action while in this Sea.  Tack this card and search your deck for a Henchman Attachment or Adventure. Put that card in your hand then shuffle your deck.	playerNDeck
e3f684a7-3e6a-4a3f-9bd9-eb7babfc1963	Battle for La Bucca	7th-sea/parting-shot/7thSea-PartingShot-BattleForLaBucca.png	default	Attachment	Parting Shot							C	d,s								F	LA BOCA ATTACHMENT Control You must sink two of your untacked Crew to put this card into play, and may only play this card while your ship is in La Boca. Any player in this Sea may discard this card by sinking three of their untacked Crew as an Action. While in this Sea, Captains and Crew that share a Nation, Secret Society, or Faction symbol with their Captain inflict one extra hit with Boarding Attacks and Cannon Attacks.	playerNDeck
5f24c2d6-18d2-4d29-b3f4-f6abf30d5374	Something's Got to Go	7th-sea/parting-shot/7thSea-PartingShot-SomethingsGotToGo.png	default	Action	Parting Shot							D	p,t								F	Act: Target an Attachment on a Ship with more Crew on board than the Ship's printed Crew Maximum. That Attachment's  controler must either sink the Attachment or sink an untacked Crew.	playerNDeck
4a3d6ca3-744f-45d6-bfb6-853e6c9969e7	Buried Treasure	7th-sea/parting-shot/7thSea-PartingShot-BuriedTreasure.png	default	Action	Parting Shot							S	d,p								F	Act: Target a card in your sunk pile (other than another Buried Treasure card) and take that card into your hand then sink this card.	playerNDeck
534f1a95-b71a-4d31-bca4-5cc3874fbef5	Sean Garloise	7th-sea/parting-shot/7thSea-PartingShot-SeanGarloise.png	default	Crew	Parting Shot	Sea Dogs * Explorer's Society	6	In				P	c,t	0	2	2	2	2			F	Loyal • Unique If you have an Explorers Captain, this Crew gains +1 Adventuring. If you have a Sea Dogs Captain, this Crew gains +1 Swashbuckling. When tacking to produce Influence to hire a Crew aligned to your Captain's faction, this Crew produces 2 extra Influence if there is at least one card in play with the word “Beer”, “Rum”, or “Wine” in its title.	playerNDeck
1acbafee-39b3-49be-8f6b-d7a1e5f65341	With Your Best Men About You	7th-sea/parting-shot/7thSea-PartingShot-WithYourBestMenAboutYou.png	default	Chantey	Parting Shot							T	c,s								F	Any player may sink this Chantey as an Action by tacking their Captain. All Crew with an Influence Cost of 3 or more in play with the Loyal trait gain +1 to all of their non-zero skills.	playerNDeck
86b319b4-57dd-4ad4-bcc5-508c5d2561e5	June the Fair	7th-sea/parting-shot/7thSea-PartingShot-JuneTheFair.png	default	Crew	Parting Shot	unaligned	9	In				P	c,t	0	1	2	3	2			F	*Sophia's Daughters* Unique • Glamour 1 • Scry 1 This Crew's Influence Cost is reduced by 2 if you have a Crew with the Glamour trait aboard your Ship. If any player has Queen of the Sidhe in play, this card has the Explorer's faction symbol. While this Crew has 4 or more Sorcery Knacks attached, she gains +1 to all skills and +1 to her Glamour.	playerNDeck
05495854-6793-442f-a186-899ff368cf02	Berek's Boys	7th-sea/parting-shot/7thSea-PartingShot-BereksBoys.png	default	Crew	Parting Shot	Sea Dogs	4	In				P	c,t	1	3	0	0	3			F	Loyal • No Attachments Swordsman +1 This Crew gains +1 Swashbuckling during a Boarding if Berek is your Captain.	playerNDeck
fa951596-1c39-47fe-9a22-2e72f9dd0928	Vodacce Alliance	7th-sea/parting-shot/7thSea-PartingShot-VodacceAlliance.png	default	Attachment	Parting Shot							C	d,s								F	FORBIDDEN SEA ATTACHMENT Control You may only play this card while you Ship is in the Forbidden Sea. You must discard 2 completed Artifact Adventures to put this card into play. Your Captain is considered to have the Vodacce symbol.  Any player may discard this card as an Action by discarding 3 of their completed Adventures while in this Sea. Act: Tack this card to search your deck for a Prize Adventure. Reveal that card to all players, add it to your hand, then shuffle your deck.	playerNDeck
9c14bd54-d73f-4ce8-9fae-e3fa2e0000b3	Julie Betts	7th-sea/parting-shot/7thSea-PartingShot-JulieBetts.png	default	Crew	Parting Shot	Brotherhood	3	In				P	c,t	0	0	0	3	2			F	*Sophia's Daughters* Scry 1 This Crew has -3 Influence (min 0) when another Ship is in this Sea.	playerNDeck
394f7a42-a88b-4589-8bd3-b346cad55ab5	Eric Skaarsgaard	7th-sea/parting-shot/7thSea-PartingShot-EricSkaarsgaard.png	default	Crew	Parting Shot	Vesten	5	In				P	c,t	0	2	2	0	3			F	Heroic • Loyal This Crew inflicts one extra Hit during Boarding Attacks.  React: When this Crew is reversing a Boarding Attack, discard a card with the Weather trait from your hand. The Boarding Attack is reversed with the Boarding Attack of the Weather card, and this Crew gains +1 Swashbuckling until the end of the Boarding Attack.	playerNDeck
a2705bde-6e9e-4cc9-a740-054eac45175d	Guillaume Windchaser	7th-sea/parting-shot/7thSea-PartingShot-GuillaumeWindchaser.png	default	Crew	Parting Shot	Montaigne	7	In				P	c,t	3	4	1	1	3			F	Gunner • Heroic • Topman If Allende is your Captain, this Crew has the Brotherhood faction symbol.	playerNDeck
18ae4f13-9dba-4d44-89e5-bbe8005dbdac	Jasmina the Assassin	7th-sea/parting-shot/7thSea-PartingShot-JasminaTheAssassin.png	default	Crew	Parting Shot	Corsairs	5	In				P	c,t	0	0	1	1	3			F	Nacht 1 • Villainous • Swordsman +3 This Crew may not attach any cards other than Nacht or Swordsman Knacks. React: When this Crew reverses a Boarding Attack from an opposing Crew, either tack this Crew or discard a Nacht Knack attached to this Crew to tack the opposing Crew.	playerNDeck
c62a108e-000c-4a2d-a090-06888d5c5bbc	Deception and Illusion	7th-sea/parting-shot/7thSea-PartingShot-DeceptionAndIllusion.png	default	Attachment	Parting Shot							C	d,s								F	CREW ATTACHMENT Glamour 1 Knack React: Tack when you are paying a Swashbuckling cost to produce Swashbuckling equal to this Crew's Glamour.	playerNDeck
e4d40df5-873b-4822-b944-6783d0685a56	Angelina Aldonez	7th-sea/parting-shot/7thSea-PartingShot-AngelinaAldonez.png	default	Crew	Parting Shot	Castille	4	In				P	c,t	2	3	1	0	2			F	*Los Vagos* If your Ship's Move Cost is greater than 3, this Crew gains +1 Sailing and -2 Cannon (min. 0). If your Ship's Move Cost is less than 3, this Crew gains -1 Sailing and Adventuring (min. 0) and +1 Cannon.	playerNDeck
454c75f0-3e1f-488e-a8ea-0199c230313b	Keith Braveman	7th-sea/parting-shot/7thSea-PartingShot-KeithBraveman.png	default	Crew	Parting Shot	Sea Dogs	4	In				P	c,t	1	3	0	1	2			F	Heroic • Loyal • Topman When this Crew tacks to absorb hits, he absorbs one extra hit. While you have at least one non-Captain Swordsman on board, this Crew gains +1 Sailing.	playerNDeck
5f7093ec-83e3-4e5e-82c9-e81ca75df2cf	Belladonna	7th-sea/parting-shot/7thSea-PartingShot-Belladonna.png	default	Crew	Parting Shot	unaligned	2	In				P	c,t	0	0	0	0	1			F	*Vodacce* Unique • Scry 1 This Crew may not attach Scry Knacks while tacked.	playerNDeck
e32dfb80-f86e-4754-b741-d7ceec5ab665	Ivorn Quicksilver	7th-sea/parting-shot/7thSea-PartingShot-IvornQuicksilver.png	default	Crew	Parting Shot	unaligned	4	In				P	c,t	0	2	1	0	2			F	Unique • Topman Cards with the title “Master of the Tops” being  attached to this Crew have their cost reduced to zero. Reac: Once per turn when you are paying Sailing, discard a number of cards from your hand equal to your Ship's Move Cost to produce Sailing equal to your Ship's Move Cost.	playerNDeck
e0fb15cc-dbea-45aa-b590-a665b10843ea	Shadow	7th-sea/parting-shot/7thSea-PartingShot-Shadow.png	default	Crew	Parting Shot	unaligned	2	In				P	c,t	0	0	0	0	1			F	*Eisen* Unique • Nacht 1 This Crew may not attach Nact Knacks while tacked.	playerNDeck
4d2344ef-bd3e-4ea1-beae-4eeb1b48950a	Midgebrain Murphey	7th-sea/parting-shot/7thSea-PartingShot-MidgebrainMurphey.png	default	Crew	Parting Shot	Black Freighter	3	In				P	c,t	0	3	1	0	1			F	Loyal • No Attachments • Topman When this Crew sinks to absorb hits, he absorbs 3 extra hits. Act: Once per turn, discard one of your untacked Skeletal Crew from play to draw a card from your deck.	playerNDeck
35353518-1845-46f6-a26c-09d97edb2ee9	Crescent Courtesans	7th-sea/parting-shot/7thSea-PartingShot-CrescentCourtesans.png	default	Crew	Parting Shot	Corsairs	3	In				P	c,t	0	0	0	2	1			F	Captive • Loyal • Unique No Attachments Your non-Captive Corsairs Crew have their Influence Costs reduces by 1 (min. 1).	playerNDeck
d572de08-940c-4460-846a-ec11f9c4b0c2	Captain Roberts	7th-sea/parting-shot/7thSea-PartingShot-CaptainRoberts.png	default	Captain	Parting Shot	Roberts					9			3	3	3	4	4			F	Start: Trade Sea Heroic • Swordsman +2 While you have 4 or more Crew on board with an Influence Cost of 3 or more, your Topman Crew gain +1 Sailing, your Gunner Crew gain +1 Cannon, and your Swordsman Crew inflict one extra hit during Boarding Attacks.	playerNCaptain
45fd08bf-ffcd-4557-8c48-f068b848c554	A Hero at Last	7th-sea/fates-debt/7thSea-FatesDebt-AHeroAtLast.jpg	default	Action	Fate's Debt				0			D	p,t								C	React: Play when one of your Heroic crew tacks or sinks to absorb Hits. That crew's Swashbuckling is increased by 2 until the end of the turn.	playerNDeck
3d35d591-46f2-4b81-88ac-46052aff55e0	A Pirate's Reputation	7th-sea/fates-debt/7thSea-FatesDebt-APiratesReputation.jpg	default	Action	Fate's Debt				0			S	d,p								U	React: Target an opposing player when you are paying the skill cost to put a Control card into play. This card produces skill points equal to the number of crew cards plus cards with the Ally trait in the target's sunk pile.	playerNDeck
6c8da24f-b4a4-4861-aacd-af5de0ca4687	A Single Shot	7th-sea/fates-debt/7thSea-FatesDebt-ASingleShot.jpg	default	Action	Fate's Debt				0			S	d,p								R	Unique * You may not play this card if you have a Villainous or Heroic Captain. Discard one of your attachments which increases Influence to attach this card to your Captain. This card gives +3 Influence and the Heroic Trait.	playerNDeck
7e56b04c-60a9-4a54-a4b8-a1e879a3b5f2	A Thousand Fires Alight	7th-sea/fates-debt/7thSea-FatesDebt-AThousandFiresAlight.jpg	default	Action	Fate's Debt				0			S	d,p								R	Unique * Your Captain gains +1 to all skills for each Control card you have in play. This bonus lasts until the end of this turn.	playerNDeck
0ef61b86-42ad-4535-95cd-4906a82163f6	Alesio's Fate	7th-sea/fates-debt/7thSea-FatesDebt-AlesiosFate.jpg	default	Attachment	Fate's Debt		0					C	d,s								U	Fate 1 Knack (May only be played on a crew with Fate 1 or more). Act: Tack Alesio's Fate to target a crew with more than 2 attachments. That Ship suffers 1 Hit for each Knack attached to the target crew.	playerNDeck
57d703a7-161f-4fce-9064-42cd8985d95d	Alix Brower	7th-sea/fates-debt/7thSea-FatesDebt-AlixBrower.jpg	default	Crew	Fate's Debt	Corsairs	3	In				P	c,t	0	0	3	1	2			C	Discard Alix at the end of the Action phase if she is untacked.	playerNDeck
61455cee-2ab7-4194-8b97-df9fbf8f390c	Awaiting the Signal	7th-sea/fates-debt/7thSea-FatesDebt-AwaitingTheSignal.jpg	default	Action	Fate's Debt				0			D	p,t								C	You may only play this card if your Ship's Move Cost is currently less than its printed Move Cost. React: Play this card before performing an action to move to an adjacent Sea.	playerNDeck
153c6822-5ce8-443d-b67e-666537552675	Bad Surgeon	7th-sea/fates-debt/7thSea-FatesDebt-BadSurgeon.jpg	default	Attachment	Fate's Debt		0					C	d,s								R	You must discard one of your Ship or Captain attachments to put this card into play. Any player in this Sea may, as an action, pay 3 Influence to discard Bad Surgeon. crew on this ship absorb 1 less Hit (minimum 1) when tacking to absorb Hits.	playerNDeck
d8ac1b6f-39b4-45c0-ad2c-8ce50f64307e	Blasted Bulkhead	7th-sea/fates-debt/7thSea-FatesDebt-BlastedBulkhead.jpg	default	Action	Fate's Debt				0			D	p,t								U	React: Play this card when you are suffering Hits to absorb 3 Hits. This card attaches to your Ship as a Damage Attachment. This card counts as 1 crew toward your crew maximum. You may sink this Attachment by tacking 2 Swashbuckling as an action. You may not sink or discard this card with other card effects.	playerNDeck
e25ebe45-87dc-4b89-b28a-8b8934aa376c	Bloody Fight	7th-sea/fates-debt/7thSea-FatesDebt-BloodyFight.jpg	default	Action	Fate's Debt				0			D	p,t								U	React: Play when the other player in a Boarding plays a card instead of performing a Boarding Attack. That Player must tack or discard one of their	playerNDeck
df54afce-90a0-42b6-a26a-05cd8fe373f9	Broken Mast	7th-sea/fates-debt/7thSea-FatesDebt-BrokenMast.jpg	default	Action	Fate's Debt				0			D	p,t								C	React: Play this card when you are suffering Hits to absorb 5 Hits. This card attaches to your Ship as a Damage Attachment. While this card is attached to your Ship all of your crew have -2 Sailing (minimum 0). You may sink this Attachment by tacking 4 Swashbuckling as an action. You may not sink or discard this card with other card effects.	playerNDeck
fbc312ec-6e39-4378-8af3-298a6165d61a	But, not in Vain	7th-sea/fates-debt/7thSea-FatesDebt-ButNotInVain.jpg	default	Action	Fate's Debt				0			S	d,p								C	React: Play immediately after you sink one of your crew to absorb Hits during a Boarding. If you have no other crew with a higher Influence cost, the Boading is ended.	playerNDeck
5ed6966d-5764-4de5-8976-0dc40401c11d	Call to Arms	7th-sea/fates-debt/7thSea-FatesDebt-CallToArms.jpg	default	Action	Fate's Debt		1	Sw	0			S	d,p								C	React: Play immediately after an opponent begins a Boarding with your Ship that is not canceled. Untack one of your non-Captain crew with the Swordsman or First Mate trait.	playerNDeck
6f5c7cd1-7786-4d85-85b6-268533835e23	Captured!	7th-sea/fates-debt/7thSea-FatesDebt-Captured.jpg	default	Action	Fate's Debt				0			S	d,p								U	Target a player with 1 or more untacked Captive crew on their Ship. Target player must tack one of their Captive crew.	playerNDeck
a4c0e0cb-bf8e-4c4e-a31b-29d41e182250	Carleon	7th-sea/fates-debt/7thSea-FatesDebt-Carleon.jpg	default	Attachment	Fate's Debt		12	Ad				C	d,s								R	Unique * Control * Port * You must be in the Trade Sea to play this card. Any player in the Trade Sea may discard Carleon by tacking one of their crew with Cannon greater than 6, as an action. When you are in an adjacent Sea, and tacking to pay for a Control card, your Captain produces 3 extra skill points.	playerNDeck
c00c0644-5c01-423e-a112-2432db25ec2f	Crackers on Demand	7th-sea/fates-debt/7thSea-FatesDebt-CrackersOnDemand.jpg	default	Action	Fate's Debt				0			D	p,t								R	Target and untack any Pet card in play.	playerNDeck
6bf697dd-f486-406e-a804-5c388b6904c7	Crossbow Bolt	7th-sea/fates-debt/7thSea-FatesDebt-CrossbowBolt.jpg	default	Action	Fate's Debt		1	Sw	2	Sw		D	p,t								C	React: Play when you send one of your untacked crew out to fight against an opponent's crew that has been pushed forward to start a Boarding Attack. Tack the opposing crew.	playerNDeck
85cc1f7d-e418-4e35-b672-85482af0f829	Cut a Path!	7th-sea/fates-debt/7thSea-FatesDebt-CutAPath.jpg	default	Action	Fate's Debt				0			D	p,t								U	Tack your Captain or one of your crew with the First Mate trait to play this card. All of your crew aligned to your Captain?s faction gain +2 Adventuring until the end of the turn.	playerNDeck
d5ee8002-ae12-4cc5-90c0-98dc361f6211	Die Seevogel	7th-sea/fates-debt/7thSea-FatesDebt-DieSeevogel.jpg	default	Ship	Fate's Debt	unaligned													6	2	R	Act: Tack Die Seevogel and one of your crew to untack another one of your non-Captain crew. React: Tack before performing an action, to move to an adjacent Sea.	playerNShip
5a4089f0-defb-474d-8766-9f6ffdf1dcf4	Dockside Raid	7th-sea/fates-debt/7thSea-FatesDebt-DocksideRaid.jpg	default	Action	Fate's Debt				0			D	p,t								U	Target a Captain. Tack and Sink one of your crew with an Influence cost of 3 or more to reduce all of the target Captain's skills by 2 (minimum 1) until the end of the turn.	playerNDeck
ad189717-32c2-492e-a656-883a23327fbf	Donna	7th-sea/fates-debt/7thSea-FatesDebt-Donna.jpg	default	Crew	Fate's Debt	Brotherhood	6	In				P	c,t	1	0	3	1	4			U	Experienced * Unique * Loyal * Act: Once per turn you may discard 1 card from your hand and target another Ship in this Sea to begin a Boarding with that Ship. The player controlling the Ship targeted by the Boarding may cancel this action by paying their Ship?s move cost in Sailing.	playerNDeck
bd3c7296-c444-4918-8ab4-482aeae3cea5	Dunti	7th-sea/fates-debt/7thSea-FatesDebt-Dunti.jpg	default	Crew	Fate's Debt	Corsairs	7	In				P	c,t	2	2	3	2	3			F	Experienced * Unique * Holy * If Ernesto Castillus is your Captain, Dunti has the trait: First Mate. React: Tack and sink one of your crew aligned to your Captain?s faction when a player plays an Action card as a React to Suffering Hits. That Action card is canceled.	playerNDeck
f1c43194-2cbc-44c6-ab11-48174f05a21b	Dust to Dust	7th-sea/fates-debt/7thSea-FatesDebt-DustToDust.jpg	default	Action	Fate's Debt				0			S	d,p								U	React: Play when you are inflicting exactly 4 Hits to inflict 2 extra Hits.	playerNDeck
3776a337-3dd2-4197-8848-108b80726e83	Emily de Gallegos	7th-sea/fates-debt/7thSea-FatesDebt-EmilyDeGallegos.jpg	default	Crew	Fate's Debt	unaligned	4	In				P	c,t	0	0	1	0	1			U	Glamour 1 * React: Instead of performing a Boarding Attack, tack Emily to tack all non-Captain crew on board the ships in the Boarding with a printed Influence cost less than 2.	playerNDeck
c68f0f49-5ff4-4ed2-8e03-f07712110c4a	Entwining Kelp	7th-sea/fates-debt/7thSea-FatesDebt-EntwiningKelp.jpg	default	Action	Fate's Debt		2	Ad	M+0			S	d,p								C		playerNDeck
64919171-e1ee-4bba-a193-454794261154	Eyes of Reason	7th-sea/fates-debt/7thSea-FatesDebt-EyesOfReason.jpg	default	Attachment	Fate's Debt		3	Ad				C	d,s								U	Eye (A crew may not have more than one Eye Attachment) React: Tack the Eye of Reason and target a crew on another player?s Ship instead of performing a Boarding Attack. All attachments on the target are tacked. The attachments are considered to be blank until after the Boarding ends.	playerNDeck
33d9dc34-f5fd-4405-a1db-20fc480ea195	Fierbas Desaix du Paix	7th-sea/fates-debt/7thSea-FatesDebt-FierbasDesaixDuPaix.jpg	default	Crew	Fate's Debt	Montaigne	9	In				P	c,t	3	2	0	2	2			R	Experienced * Unique * Gunner * Porte, 1 * Act: Target an Attachment attached to another player's Captain or Ship. Tack Fierbas to discard that card. The controller of that card may cancel this action by paying 3 Swashbuckling.	playerNDeck
dc26b69d-0dad-46fa-86cd-1a80eaaff484	Fool's Errand	7th-sea/fates-debt/7thSea-FatesDebt-FoolsErrand.jpg	default	Attachment	Fate's Debt		4	Ad				C	d,s								C	Unique * Any player in this Sea may sink Fool's Errand by tacking one of their crew as an action. Heroic captains may not tack to produce Cannon or Adventuring while this card is in play.	playerNDeck
e33490ac-b5b1-4164-8e00-e080f570cc5d	Foolish Bet	7th-sea/fates-debt/7thSea-FatesDebt-FoolishBet.jpg	default	Action	Fate's Debt				0			D	p,t								C	React: Play when you send one of your own untacked crew out to fight against an opponent's crew that has been pushed forward to start a Boarding Attack. Hits inflicted by either crew in this Boarding Attack may not be absorbed by tacking crew.	playerNDeck
81f2ebed-6945-4962-b458-cc021940b50f	Free Men Can Do Anything	7th-sea/fates-debt/7thSea-FatesDebt-FreeMenCanDoAnything.jpg	default	Action	Fate's Debt		1	Sw	0			D	p,t								C	React: Play this card when you are paying a skill cost. This card produces 1 point of that skill.	playerNDeck
1f65c382-4d50-4a60-bb36-8671aaa804c1	Fresh Fruit	7th-sea/fates-debt/7thSea-FatesDebt-FreshFruit.jpg	default	Action	Fate's Debt				0			S	d,p								C	React: Play when you are producing Adventuring. Tack one of your crew to produce Adventuring equal to the crew's Adventuring plus Swashbuckling.	playerNDeck
1f0f0efc-a863-4848-b3c3-b4bba55fdc2d	Fresh Water	7th-sea/fates-debt/7thSea-FatesDebt-FreshWater.jpg	default	Action	Fate's Debt				0			S	d,p								C	Your cost to complete adventures is reduced by 1 (minimum 1) until the end of the turn.	playerNDeck
d33918e8-ad14-4377-8186-eaa4bfda396f	Frozen Sails	7th-sea/fates-debt/7thSea-FatesDebt-FrozenSails.jpg	default	Action	Fate's Debt		3	Ad	3	Ad		S	d,p								C	Weather * Target a Ship. That Ship must tack a Topman or suffer 4 Hits.	playerNDeck
8a4f8d4d-663f-40d1-8c1d-555bb8ebba0f	Fyodor Zastienchivy	7th-sea/fates-debt/7thSea-FatesDebt-FyodorZastienchivy.jpg	default	Crew	Fate's Debt	Brotherhood	7	In				P	c,t	2	3	2	2	3			R	Experienced * Unique * Loyal * Holy * Act: Once per turn, discard one card	playerNDeck
75bbae9f-e7b0-4406-a5c4-fdc792c680bb	Hamish	7th-sea/fates-debt/7thSea-FatesDebt-Hamish.jpg	default	Crew	Fate's Debt	Corsairs	6	In				P	c,t	0	0	2	0	3			U	Experienced * Unique * No attachments * If Hamish inflicts Hits during a Boarding Attack, sink all crew on either Ship involved in the Boarding with an Influence cost less than 2.	playerNDeck
40566d77-4159-4f12-b8d9-cdb1bec5371a	Hard Tack	7th-sea/fates-debt/7thSea-FatesDebt-HardTack.jpg	default	Action	Fate's Debt				0			S	d,p								C	Discard one of your completed adventures to move your Ship to an adjacent Sea.	playerNDeck
7f1f34b6-a2d7-435a-b284-e54fa0c44756	Have at um' Boys!	7th-sea/fates-debt/7thSea-FatesDebt-HaveAtUmBoys.jpg	default	Attachment	Fate's Debt		0					C	d,s								C	React: Sink this card and tack one of your crew instead of performing a Boarding Attack. Until after the end of this Boarding, players may not play Action cards instead of performing a Boarding Attack.	playerNDeck
5925debb-ac9a-4af3-aaa0-458bffb29d1a	Heave To!	7th-sea/fates-debt/7thSea-FatesDebt-HeaveTo.jpg	default	Action	Fate's Debt				4	In		D	p,t								U	Target an Ally in this Sea controlled by another player. Discard the target Ally. You may immediately put an Ally into play from your hand or hire a crew, reducing that card's skill point cost by the cost of the targeted Ally.	playerNDeck
95c57678-4bfc-4e0e-a1eb-bdff61f220dd	Hidden crew	7th-sea/fates-debt/7thSea-FatesDebt-HiddenCrew.jpg	default	Action	Fate's Debt				0			S	d,p								C	React: Play immediately after an opponent begins a Boarding with your Ship that you do not cancel. Immediately hire one crew from your hand. Reduce the crew's cost by 3 (minimum 0).	playerNDeck
d738e500-bb74-452a-b4e6-255249d56660	Hidden Rum	7th-sea/fates-debt/7thSea-FatesDebt-HiddenRum.jpg	default	Action	Fate's Debt		2	Sw	0			D	p,t								C	React: Play this card when you are paying a cancel cost to produce 4 points toward the cancel cost.	playerNDeck
cca8d2fd-5c7e-4ee5-b486-4341da8b3d3d	Honorable Surrender	7th-sea/fates-debt/7thSea-FatesDebt-HonorableSurrender.jpg	default	Action	Fate's Debt				0			D	p,t								U	React: Play this card when you sink or discard an opponent's card with the Control or Ally trait to untack one of your Heroic crew. The owner of that card may place it in their hand. The robbery served as a quiet reminder that Gosse was still the gentleman pirate. The nightmares would return soon enough.	playerNDeck
baa2112d-d1a2-4486-bb0b-744670107b3d	Hull Rot Bill	7th-sea/fates-debt/7thSea-FatesDebt-HullRotBill.jpg	default	Crew	Fate's Debt	unaligned	1	In				P	c,t	0	0	0	0	1			C	Act: Target and discard one Ship Attachment attached to your Ship to give Bill +1 Adventuring or +1 Influence until the end of the turn.	playerNDeck
6139a983-2d91-4044-95ca-cb6935ddcceb	I've Seen Worse	7th-sea/fates-debt/7thSea-FatesDebt-IveSeenWorse.jpg	default	Attachment	Fate's Debt		0					C	d,s								U	Adventuring 3 Knack (May only be attached to a crew with 3 or more Adventuring) React: Discard this card when this crew tacks to produce skill points. The crew produces 2 extra points of the skill.	playerNDeck
04b78b5b-2b8a-4b10-9574-c51eed3b44d7	Ice Storm	7th-sea/fates-debt/7thSea-FatesDebt-IceStorm.jpg	default	Action	Fate's Debt				0			D	p,t								U	Weather * Laerdom 1 Knack * Tack one of your crew with Laerdom to target a Ship in this Sea. Inflict 2 Hits on that Ship, or Inflict 4 Hits if the target Ship is in the Trade Sea.	playerNDeck
23bf95e6-be04-4303-bef6-c8c5076eeafc	Imshi	7th-sea/fates-debt/7thSea-FatesDebt-Imshi.jpg	default	Crew	Fate's Debt	Corsairs	6	In				P	c,t	4	0	0	2	2			U	Experienced * Unique * Gunner * Act: Tack Imshi to target an uncompleted Artifact Adventure. The cost to complete that Artifact Adventure is reduced by 4 until the end of the turn (minimum 1).	playerNDeck
ba1ee704-1925-4a4b-afe1-42a7dcb3b811	Ivory Totem	7th-sea/fates-debt/7thSea-FatesDebt-IvoryTotem.jpg	default	Action	Fate's Debt				0			S	d,p								U	Laerdom 1 Knack * Tack one of your crew with Laerdom to target a crew with a faction symbol. If that crew's Captain does not have the same faction symbol as the target, the target is discarded.	playerNDeck
71e92922-1906-4d9d-bee9-cc4e17aa4700	Kirsten Blumfeld	7th-sea/fates-debt/7thSea-FatesDebt-KirstenBlumfeld.jpg	default	Crew	Fate's Debt	Explorer's Society	6	In				P	c,t	0	0	4	2	3			U	Experienced * Unique * React: Tack Kirsten when you are completing an Artifact Adventure to name one of the Seas. The Adventure may be completed as if it were in the named Sea.	playerNDeck
88a0956a-3a47-4566-9f65-a216d0d355a8	Launching the Falcon's Roost	7th-sea/fates-debt/7thSea-FatesDebt-LaunchingTheFalconsRoost.jpg	default	Action	Fate's Debt		4	Ad	0			S	d,p								U	Move your Ship to your Captain's Starting Sea. Sink this card. Delaina smiled from the crowd as the merchant broke the bottle on the ship's prow.	playerNDeck
ca025cb1-7351-4c22-8f1c-1433e097bc5a	le Beau's Compass	7th-sea/fates-debt/7thSea-FatesDebt-LeBeausCompass.jpg	default	Attachment	Fate's Debt		0					C	d,s								R	Unique * Item * Porte, 1 Knack (May only be attached to a crew with Porte, of 1 or more) Act: Tack and sink this card to target an Adventure in your Discard or Sunk Pile. Put that Adventure into play as if it were played normally.	playerNDeck
79971654-9017-4d7b-a66b-2fb8833304af	Lieutenant Novak	7th-sea/fates-debt/7thSea-FatesDebt-LieutenantNovak.jpg	default	Crew	Fate's Debt	unaligned	3	In				P	c,t	0	0	0	1	1			C	Eisen * Unique * Act: Sink Lieutenant Novak when there are no other ships in this Sea. Until the end of the turn, you may not perform, or be targeted by, Cannon Attacks or Boarding attempts. You may not put another copy of Lt. Novak into play this game.	playerNDeck
124d550d-c3b9-45e1-983d-33ff9b1421c9	Loot and Pillage	7th-sea/fates-debt/7thSea-FatesDebt-LootAndPillage.jpg	default	Action	Fate's Debt				0			S	d,p								U	Until the end of the turn, all crew with the Villainous trait have +1 Influence while they are in a Sea with a Port attached.	playerNDeck
3c6ea15c-2316-48da-981c-e19902a832b8	Luis de Rioja	7th-sea/fates-debt/7thSea-FatesDebt-LuisDeRioja.jpg	default	Crew	Fate's Debt	Castille	5	In				P	c,t	0	0	1	2	1			R	Experienced * Unique * React: Tack Rioja when you are entering a Boarding as the Defender. Any of your crew that are sunk during this boarding as a result of absorbing Hits, may be placed in your discard pile instead of your sunk pile.	playerNDeck
ce332c9c-59eb-4fb3-a270-1fa9ab3d5ec7	“Lyin“ John Fox	7th-sea/fates-debt/7thSea-FatesDebt-LyinJohnFox.jpg	default	Crew	Fate's Debt	Sea Dogs	6	In				P	c,t	2	3	3	1	2			R	Experienced * Unique * All of your completed adventures which increase Influence provide one extra Influence.	playerNDeck
428d5963-7a0a-470d-8a6c-7e67adf8b0de	Mabela	7th-sea/fates-debt/7thSea-FatesDebt-Mabela.jpg	default	Crew	Fate's Debt	Gosse's Gentlemen	6	In				P	c,t	0	2	3	1	2			R	Experienced * Unique * Holy * React: Discard a card with a Thrust Boarding Attack as Mabela is being pushed forward to start a Boarding Attack to give Mabela +1 Swashbuckling until the end of the Boarding. The skeletons swarmed from their hiding place. Mabela just smiled.	playerNDeck
4d203644-5543-4250-88f1-ba506fe2bdb3	Mad Martin's Tattoos	7th-sea/fates-debt/7thSea-FatesDebt-MadMartinsTattoos.jpg	default	Action	Fate's Debt				0			D	p,t								C	React: Play immediately after you tack one of your crew to produce Adventuring to complete an Adventure. This card attaches to that crew and gives a +1 Swashbuckling.	playerNDeck
75ebaba4-c11c-4c39-a129-1f88aac0a23e	Maximillian	7th-sea/fates-debt/7thSea-FatesDebt-Maximillian.jpg	default	Crew	Fate's Debt	Gosse's Gentlemen	4	In				P	c,t	0	0	1	1	1			C	Villainous * Act: Tack and discard Maximillian. Until the end of the turn, your Boarding Attacks against a Ship with a Villainous Captain, inflict 1 extra Hit and your Cannon Attacks targeting a Ship with a Villainous Captain inflict 1 extra Hit.	playerNDeck
19d25417-24a0-4df8-9cea-9e6fb0611c66	Mike Fitzpatrick	7th-sea/fates-debt/7thSea-FatesDebt-MikeFitzpatrick.jpg	default	Crew	Fate's Debt	Montaigne	6	In				P	c,t	2	4	1	1	2			C	Experienced * Unique * Heroic * Mike may not be placed on a Villainous Captain?s Ship. React: Tack Mike instead of performing a Boarding Attack. If the opposing player has any Captive crew in play, that player must discard one Captive crew of their choosing.	playerNDeck
d7c4d723-8dec-4607-a51d-c5f01309aa6a	My Last Bit of Luck	7th-sea/fates-debt/7thSea-FatesDebt-MyLastBitOfLuck.jpg	default	Action	Fate's Debt				3	Ad		S	d,p								U	React: Play when an opponent pays the Cancel cost of one of your Action Cards. Inflict 2 Hits to that player.	playerNDeck
e245a36f-775c-4aeb-a755-0023f9866490	Next of Kin	7th-sea/fates-debt/7thSea-FatesDebt-NextOfKin.jpg	default	Action	Fate's Debt				0			D	p,t								U	React: Play immediately after you sink a crew as a result of absorbing hits. You may immediately hire a crew from your hand. If that crew belongs to your Captain's Faction, reduce the crew's Influence cost by 2 (minimum 0).	playerNDeck
9faba02d-e85f-4b58-948b-4c3f7fc893c8	Nibelungen Forge	7th-sea/fates-debt/7thSea-FatesDebt-NibelungenForge.jpg	default	Adventure	Fate's Debt							T	c,s								R	2 Seas Away * To complete: Pay 5 Adventuring (3 if completed in Frothing Sea). * Unique * Artifact * Captain Attachment: All of your crew attachments which tack to inflict Hits inflict 1 extra Hit.	playerNDeck
18276552-f38c-43b1-bd33-fb8ada4f34e7	The Nibelungen's Price	7th-sea/fates-debt/7thSea-FatesDebt-TheNibelungensPrice.jpg	default	Action	Fate's Debt				0			D	p,t								R	React: Play when you are paying the skill cost for an Item Attachment. Discard one of your completed Item or Goods Adventures to reduce the cost by 6 (minimum 0). React: Play when you are paying the Adventuring cost for an Item or Goods Adventure. If your Ship is the only Ship in this Sea, this card produces an amount of Adventuring equal to your Captain's printed Adventuring.	playerNDeck
c0671484-c65f-4702-b709-9d467ebc4bb2	Niklaas Wynkoop	7th-sea/fates-debt/7thSea-FatesDebt-NiklaasWynkoop.jpg	default	Crew	Fate's Debt	Vesten	3	In				P	c,t	0	0	2	1	2			C	Niklaas gains +1 to all Skills while you are in a Sea that has another player's Port attached.	playerNDeck
98c6133d-a771-4aa4-9443-38e6b4aa906b	Not Quite Dead	7th-sea/fates-debt/7thSea-FatesDebt-NotQuiteDead.jpg	default	Action	Fate's Debt		2	Ad	0			D	p,t								C	React: Play when one of your non-Captain crew is being sunk. Place that crew in your hand. attachments on that crew are discarded. Sink this card.	playerNDeck
df3475c5-6b55-47fb-bc71-a1b915ef13ae	Orduno's Honor	7th-sea/fates-debt/7thSea-FatesDebt-OrdunosHonor.jpg	default	Action	Fate's Debt				4	In		D	p,t								C	Target another player's Ship which is in a Sea to which you have a Control card attached. Move the target Ship to a Sea adjacent to its current Sea.	playerNDeck
f947eedc-2388-45b5-84e0-bc9ac2ec10ff	Powering Through	7th-sea/fates-debt/7thSea-FatesDebt-PoweringThrough.jpg	default	Action	Fate's Debt		M+4		M+4			S	d,p								R	Target a Ship in this Sea. Inflict Hits equal to your Ship's Move Cost +6 on that Ship. Then inflict Hits equal to the opposing Ship's Move Cost +2 on your Ship.	playerNDeck
5b31bf07-9328-44e0-8804-175d82fa224e	Preparing for a Long Voyage	7th-sea/fates-debt/7thSea-FatesDebt-PreparingForALongVoyage.jpg	default	Attachment	Fate's Debt		2	Ad				C	d,s								U	You may only attach this card if your Ship?s crew Maximum is 8 or less. This card counts as 1 crew toward your crew Maximum. React: Tack this card when paying a Sailing cost to produce 3 Sailing. React: Discard this card when paying Adventuring to produce 2 Adventuring.	playerNDeck
04ae2ccb-ff20-447e-8595-283b0c753ead	Quarantined Port	7th-sea/fates-debt/7thSea-FatesDebt-QuarantinedPort.jpg	default	Action	Fate's Debt				M+0			D	p,t								C	Any player may pay this card's Cancel Cost.Target a Sea. Until the end of the turn, players with ships in the target Sea may not hire crew.	playerNDeck
7a049982-dcfa-4858-8771-d9ca5d8f4536	Reggie Wilcox	7th-sea/fates-debt/7thSea-FatesDebt-ReggieWilcox.jpg	default	Crew	Fate's Debt	Brotherhood	8	In				P	c,t	2	3	4	2	3			F	Experienced * Unique * Loyal First Mate * Act: Tack Reggie and pay 2 Adventuring to target a player with a Ship in this Sea. That player must discard one of their non-Captain crew.	playerNDeck
1abfa956-c1bb-4491-8446-b0cd38b8d0d0	Reis' Brides	7th-sea/fates-debt/7thSea-FatesDebt-ReisBrides.jpg	default	Attachment	Fate's Debt		1	Ad				C	d,s								R	Unique * Pet The cost of Reis' Brides is zero if you have a Crimson Roger Captain. React: Tack Reis' Brides when a crew is discarded or sunk in this Sea to give your Captain +2 Influence, until the end of the turn.	playerNDeck
13dde4c7-e109-486f-af14-244b315dc1ff	Red Thorfild	7th-sea/fates-debt/7thSea-FatesDebt-RedThorfild.jpg	default	Crew	Fate's Debt	Vesten	9	In				P	c,t	1	3	4	2	4			R	Experienced * Unique * Villainous Loyal * First Mate * Swordsman +2 (Red inflicts 2 extra Hits during Boarding Attacks) Red has a Hand attachment. React: Once per turn, instead of performing a Boarding Attack, reduce Red?s Swashbuckling by 3 to add +6 to Red?s Swordsman Bonus until the end of the Boarding.	playerNDeck
e4dcf4b4-4c62-4fbd-b1fb-8e1f77732a65	Roger Gaffrin	7th-sea/fates-debt/7thSea-FatesDebt-RogerGaffrin.jpg	default	Crew	Fate's Debt	Sea Dogs	6	In				P	c,t	0	3	1	3	2			R	Experienced * Unique * Loyal * All of your Sea Dog crew inflict 1 extra Hit during Boarding Attacks.	playerNDeck
db54fabe-2c1b-4630-ad9f-b0078541b734	Rosamaria Falisci	7th-sea/fates-debt/7thSea-FatesDebt-RosamariaFalisci.jpg	default	Crew	Fate's Debt	unaligned	4	In				P	c,t	0	0	0	1	1			U	Vodacce * Unique * Fate 1 * React: Tack Rosamaria immediately after another player draws cards during the actions phase other than during a Boarding, to end the actions phase.	playerNDeck
9bc71975-e2d9-4b30-b628-ac0633344ed8	Sails Don't Bleed	7th-sea/fates-debt/7thSea-FatesDebt-SailsDontBleed.jpg	default	Action	Fate's Debt				0			D	p,t								C	React: Play when one of your crew with the Topman trait tacks to absorb Hits. The Topman absorbs 4 extra Hits. You may not play this card during a Boarding.	playerNDeck
55f3863f-568c-457d-a329-171d157a192f	Salted Meat	7th-sea/fates-debt/7thSea-FatesDebt-SaltedMeat.jpg	default	Attachment	Fate's Debt		3	Ad				C	d,s								C	Item * Cheap * Act: Discard this card to increase this crew?s Swashbuckling by 2 until the end of the turn.	playerNDeck
24a9dba7-11ca-4862-82e9-3462fc0e1a5b	San Cristobal	7th-sea/fates-debt/7thSea-FatesDebt-SanCristobal.jpg	default	Attachment	Fate's Debt		12	Ca				C	d,s								R	Unique * Control * Port * You must be in La Boca to play this card. Any player in La Boca may discard San Cristobal by tacking one of their crew with Sailing greater than 6, as an action. When you are in an adjacent Sea, and tacking to pay for a Control card, your Captain produces 3 extra skill points.	playerNDeck
b0b24347-9a04-4dbc-8d72-3099253128af	Scatter Pistol	7th-sea/fates-debt/7thSea-FatesDebt-ScatterPistol.jpg	default	Attachment	Fate's Debt		3	Ad				C	d,s								U	Item * React: Tack and discard the Scatter Pistol immediately before the first round of Boarding. If you are the Defender, inflict 2 Hits on the other ship in the Boarding.	playerNDeck
57f4189d-a2f9-409f-a6d6-baf1828858c8	Scott Preston	7th-sea/fates-debt/7thSea-FatesDebt-ScottPreston.jpg	default	Crew	Fate's Debt	unaligned	3	In				P	c,t	0	0	0	0	3			U	Unique * No attachments * Act: Tack Scott. Until the end of the turn, other ships have their Move Costs increased by 2 when attempting to start a Boarding against your ship.	playerNDeck
22797d8d-8abf-4cab-8678-1fdd95263cde	Second Chance	7th-sea/fates-debt/7thSea-FatesDebt-SecondChance.jpg	default	Action	Fate's Debt				0			D	p,t								C	React: Play when you are paying an Adventuring cost. If you are in a Sea to which you have a Port attached, Second Chance produces 3 Adventuring.	playerNDeck
b6fdbdee-b438-450f-8620-6743911e35dc	Shala	7th-sea/fates-debt/7thSea-FatesDebt-Shala.jpg	default	Crew	Fate's Debt	Corsairs	8	In				P	c,t	2	4	3	3	3			R	Experienced * Unique * Loyal * Villainous * React: Once per turn, when you are producing Influence, you may sink one of your Corsairs crew to produce 2 Influence. Kheired-Din could barely be contained after the escape. Only Shala's gentle words kept him from butchering the entire crew.	playerNDeck
cd58b9cf-0cfa-4c64-927c-3adcf58785c2	She Canna Take It!	7th-sea/fates-debt/7thSea-FatesDebt-SheCannaTakeIt.jpg	default	Action	Fate's Debt				0			S	d,p								R	Target a Ship. Inflict Hits to the target equal to four times the number of Damage attachments attached to that Ship.	playerNDeck
cb01ca9a-51c3-4252-ad71-34b7cece256b	She'll Hold Together	7th-sea/fates-debt/7thSea-FatesDebt-ShellHoldTogether.jpg	default	Action	Fate's Debt				0			S	d,p								C	React: Play when you tack your Captain or a crew with the First Mate trait to absorb Hits. That crew absorbs an additional amount of Hits equal to the number of Damage attachments attached to your Ship.	playerNDeck
56f9dfe3-fdaf-47e3-83ff-838ee074bcc1	Shining Example	7th-sea/fates-debt/7thSea-FatesDebt-ShiningExample.jpg	default	Action	Fate's Debt				0			D	p,t								R	React: Play when tacking a crew with the First Mate trait to produce skill points. That crew produces 3 extra skill points.	playerNDeck
871ef725-021b-4500-9d19-74af46c5def0	Skeletal Dregs	7th-sea/fates-debt/7thSea-FatesDebt-SkeletalDregs.jpg	default	Crew	Fate's Debt	Black Freighter	1	In				P	c,t	0	0	0	0	1			U	Loyal * No attachments * Skeletal (This crew may not tack to absorb Hits. Place this crew in your discard pile when it is sunk.) React: When the Dregs sink to absorb Hits, discard a card from your hand to place the Dregs in your hand instead of the discard pile.	playerNDeck
37897771-984d-430d-9d4e-765f5345b18c	Sousdal	7th-sea/fates-debt/7thSea-FatesDebt-Sousdal.jpg	default	Attachment	Fate's Debt		12	Sa				C	d,s								R	Unique * Control * Port * You must be in the Mirror to play this card. Any player in the Mirror may discard Sousdal by tacking one of their crew with Adventuring greater than 6, as an action. When you are in an adjacent Sea, and tacking to pay for a Control card, your Captain produces 3 extra skill points.	playerNDeck
e36959b8-c76a-42ec-ac36-99559217e83a	St. Roger's Spyglass	7th-sea/fates-debt/7thSea-FatesDebt-StRogersSpyglass.jpg	default	Attachment	Fate's Debt		0					C	d,s								R	Unique * Item * Glamour 2 Knack (May only be attached to a crew with Glamour of 2 or more) Your adventures may be placed 1 Sea closer or farther when brought into play (minimum 1 Sea Away).	playerNDeck
37734f9b-633b-4cf1-bc1a-6c212aa10698	Steady Leak	7th-sea/fates-debt/7thSea-FatesDebt-SteadyLeak.jpg	default	Action	Fate's Debt				0			S	d,p								R	React: Play this card when you are suffering Hits to absorb 9 Hits. This card attaches to your Ship as a Damage Attachment. While this card is attached to your Ship you suffer 1 extra Hit each time you suffer Hits. You may sink this Attachment by tacking 7 Swashbuckling as an action. You may not sink or discard this card with other card effects.	playerNDeck
d5bc26c2-7ed8-4f59-a389-09faedc2df55	Stealing the Falcon's Roost	7th-sea/fates-debt/7thSea-FatesDebt-StealingTheFalconsRoost.jpg	default	Attachment	Fate's Debt		6	Ad				C	d,s								R	Unique * When this card enters play, sink all Ship attachments attached to your Ship, including all Damage attachments. Your crew maximum is modified to a 9 and your Ship's Move Cost is modified to a 3 while this card is attached.	playerNDeck
6c9369b2-c763-425a-b3d8-a39b6129e146	The Betrayal of Allende	7th-sea/fates-debt/7thSea-FatesDebt-TheBetrayalOfAllende.jpg	default	Action	Fate's Debt				0			D	p,t								C	React: Play before performing an action. Target a crew on another Ship in this Sea. Tack all attachments attached to that crew.	playerNDeck
2fda2b0a-2615-4a91-a5de-b9199f6e0b18	The Calloways	7th-sea/fates-debt/7thSea-FatesDebt-TheCalloways.jpg	default	Crew	Fate's Debt	Explorer's Society	7	In				P	c,t	0	3	2	3	3			R	Experienced * Unique * Loyal * Swordsman +1 * (The Calloways inflict 1 extra Hit during Boarding Attacks) The Calloways have +2 Swashbuckling while you are the Defender in a Boarding.	playerNDeck
6ed5afa2-c6ce-477e-a063-6a922e7fca22	The Destruction of the Spear	7th-sea/fates-debt/7thSea-FatesDebt-TheDestructionOfTheSpear.jpg	default	Action	Fate's Debt		2	Ca	M+0			S	d,p								U	All non-Gosse ships currently in the Trade Sea have their Move Cost increased by 1 until the end of the turn. Any player in the Trade Sea may cancel this action.	playerNDeck
78d33464-4031-41df-8288-568da3fdf056	The Fourth Switch	7th-sea/fates-debt/7thSea-FatesDebt-TheFourthSwitch.jpg	default	Adventure	Fate's Debt							T	c,s								R	Unique * 2 Seas Away * To complete: Pay 8 Adventuring (4 if completed in Frothing Sea). * Captain Attachment: Act: Sink this card. All ships not in this Sea must pay their Ship?s Move Cost +2 or suffer 5 Hits.	playerNDeck
c96ed7ba-284d-4b8f-9a4f-ce25347e3c3e	The Futility of It All	7th-sea/fates-debt/7thSea-FatesDebt-TheFutilityOfItAll.jpg	default	Action	Fate's Debt				0			S	d,p								U	React: Play instead of a Boarding Attack. Until the end of the Boarding, non-Captain crew may not inflict more Hits than their printed Influence cost during a Boarding Attack.	playerNDeck
b717b5b3-130a-44cf-9b79-12b8f2ef761a	The Invictus	7th-sea/fates-debt/7thSea-FatesDebt-TheInvictus.jpg	default	Ship	Fate's Debt	unaligned													10	4	R	Cannon Attacks targeting The Invictus inflict 1 less Hit (minimum 1). React: Tack before performing an action, to move to an adjacent Sea.	playerNShip
449778ee-c78c-4ea4-96e6-264e7ea597af	The Lure of Gold	7th-sea/fates-debt/7thSea-FatesDebt-TheLureOfGold.jpg	default	Adventure	Fate's Debt							T	c,s								R	Unique * 1 Sea Away * To complete: Pay 4 Adventuring and Sink two of your untacked crew. * Captain Attachment: You draw 1 extra card during the Draw phase.	playerNDeck
9553945c-7517-472d-8b42-b03df640adc0	The Sinking of the Hanged Man	7th-sea/fates-debt/7thSea-FatesDebt-TheSinkingOfTheHangedMan.jpg	default	Action	Fate's Debt		6	Ca	2	Sa		S	d,p								U	Target a Ship in this Sea. Attach this card to that Ship as a Damage Attachment. While attached, the Ship may not hire crew or move to another Sea. Any player in the same Sea may sink this card by tacking 5 Swashbuckling as an Action. This card may not be sunk or discarded with other card effects. Berek's warning had saved them from the flames. Now they needed another ship.	playerNDeck
3d48aa93-e92a-41e8-8cb4-e6030c76c72a	The Spear of the West Wind	7th-sea/fates-debt/7thSea-FatesDebt-TheSpearOfTheWestWind.jpg	default	Action	Fate's Debt				0			D	p,t								U	Weather * Laerdom 1 Knack * React: Tack one of your crew with Laerdom to target another Ship when it enters this Sea. Inflict 4 Hits on the target Ship.	playerNDeck
2c97434f-5bc9-4058-8a94-43ce359df723	The Stake	7th-sea/fates-debt/7thSea-FatesDebt-TheStake.jpg	default	Action	Fate's Debt				0			S	d,p								U	Target a Sea. The Adventuring cost to complete adventures in the target Sea is increased by 2 until the end of the turn.	playerNDeck
5d7b5640-7b44-48c7-a973-d8c35213b469	The Witches' Shears	7th-sea/fates-debt/7thSea-FatesDebt-TheWitchesShears.jpg	default	Attachment	Fate's Debt		0					C	d,s								R	Fate 2 Knack (May only be attached to a crew with Fate of 2 or more) Act: Tack and discard this crew to sink a non-Captain crew in play with a lower Influence.	playerNDeck
fa790b61-541f-412b-8c14-f0bf3b712ae9	Too Strong to Die	7th-sea/fates-debt/7thSea-FatesDebt-TooStrongToDie.jpg	default	Action	Fate's Debt				2	Sw		D	p,t								U	React: Play when an opponent is suffering more than 5 Hits. The Hits are reduced to zero. That player must sink 3 random cards from their Hand.	playerNDeck
6e6e05f2-fefb-4411-a7e5-c004fd3590f9	Undead Ambush	7th-sea/fates-debt/7thSea-FatesDebt-UndeadAmbush.jpg	default	Action	Fate's Debt				0			D	p,t								C	React: Play when you are inflicting exactly 2 Hits to inflict 2 extra Hits.	playerNDeck
e3bfa67f-adea-47e9-ae07-0ab3135241a0	Uriah the Dribbler	7th-sea/fates-debt/7thSea-FatesDebt-UriahTheDribbler.jpg	default	Crew	Fate's Debt	Black Freighter	4	In				P	c,t	3	0	1	0	2			U	Loyal * Gunner * Skeletal * (This crew may not tack to absorb Hits. Place this crew in your discard pile when it sinks.) A former associate of Foul Weather Jack, it was Uriah who first told his master about the Spear of the West Wind, and what they could do once they harnessed it.	playerNDeck
e5900cfb-a248-408e-81db-a0ac7c60c4a8	Ursula von Stahl	7th-sea/fates-debt/7thSea-FatesDebt-UrsulaVonStahl.jpg	default	Crew	Fate's Debt	unaligned	5	In				P	c,t	0	0	1	1	2			R	Unique * Villainous * Act: Pay 3 Influence and tack Ursula to target another player?s Ship in this Sea. That player must discard one of their non-Captain crew. If that player does not have a non-Captain crew with an Influence cost less than 3, this ability has no effect.	playerNDeck
c9ead69a-e8be-4379-9038-49bde5c497c1	Val Mokk	7th-sea/fates-debt/7thSea-FatesDebt-ValMokk.jpg	default	Attachment	Fate's Debt		4	In				C	d,s								R	Unique * Patron * React: Tack Val when you are paying the cost to discard another player?s Control Card. That cost is reduced by 3 (minimum 0).	playerNDeck
90a8e509-625c-4b91-872d-3a7ffefb2857	Vengence of the Damned	7th-sea/fates-debt/7thSea-FatesDebt-VengenceOfTheDamned.jpg	default	Action	Fate's Debt		1	Ad	0			S	d,p								R	Target a Ship in the same Sea as an uncompleted Artifact Adventure. Inflict 3 Hits on that Ship.	playerNDeck
b7e43849-4409-47d8-8dce-68020bcf30d9	Whites of Their Eyes	7th-sea/fates-debt/7thSea-FatesDebt-WhitesOfTheirEyes.jpg	default	Action	Fate's Debt		4	Ca	0			S	d,p								C	React: Play when an opponent attempts a Boarding with your Ship. The Boarding is canceled.	playerNDeck
006c42e9-968d-44ad-8918-750820feb6a7	Worthless Trinket	7th-sea/fates-debt/7thSea-FatesDebt-WorthlessTrinket.jpg	default	Action	Fate's Debt				0			D	p,t								U	You may not play this card if you have a Villainous Captain. Discard one of your Item or Goods attachments to draw 2 cards.	playerNDeck
348009f2-67ed-4997-95f0-74c778f5d75d	Charter	7th-sea/no-quarter/7thSea-NoQuarter-Charter.jpg	default	Attachment	No Quarter	Explorer's Society															F	Explorer Captain Attachment • Unique • Letter of Marque.  You may not put this card into play unless you have 3 completed Adventures in play. All completed Adventures you have in play that provide skill bonuses give an additional +1 to the appropriate Skill.	playerNDeck
edae58d9-8c5c-4ea6-b0ce-a51b6911221b	Constitution	7th-sea/no-quarter/7thSea-NoQuarter-Constitution.jpg	default	Attachment	No Quarter	Brotherhood															F	Brotherhood Captain Attachment • Unique • Letter of Marque. You must tack two of your Brotherhood Crew to put this card into play.  React: Tack the Constitution when you are paying an Influence cost for hiring a Brotherhood Crew to produce 2 Influence.	playerNDeck
54e5f502-b305-404d-994b-98cbe682628c	Letter of Marque	7th-sea/no-quarter/7thSea-NoQuarter-LetterOfMarque.jpg	default	Attachment	No Quarter	Sea Dogs															F	Sea Dog Captain Attachment • Unique • Letter of Marque. You must discard two cards from your hand to put this card in play. Act: Tack the Letter of Marque to draw a card.	playerNDeck
d94a0b26-19e4-4ef3-b29b-eddea917aec1	Naval Sanction	7th-sea/no-quarter/7thSea-NoQuarter-NavalSanction.jpg	default	Attachment	No Quarter	Castille															F	Castille Captain Attachment • Unique • Letter of Marque. You may not put this card into play unless you have started one or more Boardings this game. While Naval Sanction is in play, your Crew each inflict 1 extra Hit during Boarding Attacks.	playerNDeck
2b527109-0332-4f71-8a13-8e3c9359112a	Seal of the Sun King	7th-sea/no-quarter/7thSea-NoQuarter-SealOfTheSunKing.jpg	default	Attachment	No Quarter	Montaigne															F	Montaigne Captain Attachment • Unique • Letter of Marque. You may not put this card into play if any other player has more Influence than you. Act: Tack the Seal and target any one Ship in Frothing Sea. You inflict 3 Hits on that Ship.	playerNDeck
52283edd-dca4-4637-8246-4c0a8a03daa5	The Pact of the Crimson Rogers	7th-sea/no-quarter/7thSea-NoQuarter-ThePactOfTheCrimsonRogers.jpg	default	Attachment	No Quarter	Crimson Rogers															F	Crimson Rogers Captain Attachment • Unique • Letter of Marque.  You must sink one of your Crew to put this card into play. React: Tack the Pact when performing a Cannon Attack. This Cannon Attack inflicts 2 extra Hits.	playerNDeck
c46867e9-f32f-4753-9d63-f2749319a196	Pledge of Devotion	7th-sea/caboras-coast/7thSea-CaborasCoast-PledgeOfDevotion.jpg	default	Action	Cabora's Coast							D	p,t								F	Act: Choose a Nation or Secret Society symbol. For each Crew or Ship you control with the chosen symbol, look at twice that many cards from the top of any player’s deck. Sink one card or place it on top of the deck, and discard the rest. Sink this card.	playerNDeck
c8ef23da-43ee-4678-bedb-f3ee891d88b1	Walter Kahlid	7th-sea/caboras-coast/7thSea-CaborasCoast-WalterKahlid.jpg	default	Crew	Cabora's Coast	Corsairs	4	In				P	c,t	0	3	2	0	2			F	Loyal Rower React: You may discard this card from hand when you are paying the completion cost of an adventure to produce 2 Adventuring	playerNDeck
f4fbe191-4ff9-4a4a-aa9f-9e1388055830	Vodacce Backers	7th-sea/caboras-coast/7thSea-CaborasCoast-VodacceBackers.jpg	default	Attachment	Cabora's Coast							c	d,s								F	Crimson Roger Crew Attachmnet Unique Attach this card when your starting Crew are revealed to reduce this Crew’s Influence cost by 2 (min. 4). This Crew gains the First Mate trait while you have 5 or more Crew in your sunk pile.	playerNDeck
e048343d-b5cd-470b-99e7-484e88088ad8	Fortune's Hand	7th-sea/caboras-coast/7thSea-CaborasCoast-FortunesHand.jpg	default	Ship	Cabora's Coast	Unaligned													9	3	F	React: Tack when you are sinking a Damage Attachment to attach it to another Ship in this Sea. React: Tack before performing an action, to move to an adjacent Sea.	playerNShip
8cd28fb1-cce8-4973-aaa4-81b11543a38e	Stealing the Cross of Virtue	7th-sea/caboras-coast/7thSea-CaborasCoast-StealingTheCrossOfVirtue.jpg	default	Adventure	Cabora's Coast							t	c,s								F	1 Sea Away Illegal Prize Unique To Complete: Pay 3 Adventuring and then suffer 2 Hits. Villainous Captain Attachment: Your Villainous Crew have +1 Swashbuckling.	playerNDeck
dcd6661f-3530-4444-b956-e77752958cfc	The Brood	7th-sea/caboras-coast/7thSea-CaborasCoast-TheBrood.jpg	default	Crew	Cabora's Coast	Black Freighter	6	In				p	c,t	0	3	2	0	3			F	Loyal • Monster Your Captain gains Fear 2. React: When this Crew tacks, you may attach one of your Ally cards in play to a Sea adjacent to its current location.	playerNDeck
bcc16a20-ce48-42cb-9b12-a3a149aeadbb	Jose Nunez del Rios	7th-sea/caboras-coast/7thSea-CaborasCoast-JoseNunezDelRios.jpg	default	Crew	Cabora's Coast	Castille	3	In				p	c,t	0	0	0	2	2			F	José may not be part of your starting Crew or hired if you have a Villainous Captain. React: Once per turn, if another player just drew cards during the Actions phase other than during a Boarding, draw a card.	playerNDeck
e5220966-42b1-47c3-ba17-2822b56472ab	Sebastian Cook	7th-sea/caboras-coast/7thSea-CaborasCoast-SebastianCook.jpg	default	Crew	Cabora's Coast	Explorer's Society	4	In				p	c,t	0	1	1	1	1			F	Topman When hired or revealed in your starting Crew, you may search your deck for a Crew Attachment Adventure that provides a bonus to one non-Cannon skill and put that Adventure in play, uncompleted.	playerNDeck
66f4152d-8503-4fc7-875e-c8921224df4c	Montaigne Artillery Crew	7th-sea/caboras-coast/7thSea-CaborasCoast-MontaigneArtilleryCrew.jpg	default	Crew	Cabora's Coast	Montaigne	6	In				p	c,t	3	0	0	1	2			F	Unique • Loyal • Gunner Act: Tack this Crew and target a Ship in this Sea to inflict a 1 Hit Cannon Attack on that Ship, then inflict another 1 Hit Cannon Attack on that Ship.	playerNDeck
7dbe8439-a7c0-4659-8991-3c2f59ff213a	Don Marcos Rivera	7th-sea/caboras-coast/7thSea-CaborasCoast-DonMarcosRivera.jpg	default	Crew	Cabora's Coast	Gosse	3	In				p	c,t	0	0	0	2	2			F	Rose and Cross Unique • Loyal React: Tack or discard this card when paying for a Crew Attachment to reduce the attachment’s cost by 2 (min. 0).	playerNDeck
679ab9c9-28eb-49ce-8bc7-06703c64ec3b	The Vagabond	7th-sea/caboras-coast/7thSea-CaborasCoast-TheVagabond.jpg	default	Crew	Cabora's Coast	Brotherhood	3	In				p	c,t	0	3	1	0	1			F	Los Vagos Los Vagos Crew you control with a printed Sailing skill of 2 gain +1 Sailing.	playerNDeck
bc42d565-183c-4742-9acb-f7223b3c8111	Gabriel Menendez	7th-sea/caboras-coast/7thSea-CaborasCoast-GabrielMenendez.jpg	default	Crew	Cabora's Coast	Unaligned	5	In				p	c,t	0	0	0	2	2			F	Rilasclaire, Unique • Swordsman +1 If your Captain is unaligned, this Crew’s Influence cost is reduced by 3 when you are choosing your starting Crew. When you are hiring unaligned Crew, that Crew’s Influence cost is reduced by 1 (min. 1).	playerNDeck
e4ca6542-a075-4a6e-a445-91fbd7563968	Den of Thieves	7th-sea/caboras-coast/7thSea-CaborasCoast-DenOfThieves.jpg	default	Attachment	Cabora's Coast							c	d,s								F	Starting Sea Attachment You may only start one Starting Sea Attachment.) Unique Reveal and attach this Card before starting Crew are chosen. Unaligned Crew with a printed Influence cost less than 3 gain the Unique trait. Whenever another Ship in this Sea plays an Action card instead of performing a Boarding Attack, you may inflict an amount of hits equal to their Action cards in play minus 3 (min. 0).	playerNDeck
3045bcdd-4648-4b65-a414-dda09041565e	Reis' Marketeer	7th-sea/caboras-coast/7thSea-CaborasCoast-ReisMarketeer.jpg	default	Crew	Cabora's Coast	Crimson Rogers	1	In				p	c,t	0	0	0	1	1			F	Unique No Attachments Loyal Text: If "Captain Reis" is your Captain, this Crew's Influence cost is -1 when choosing your Starting Crew.	playerNDeck
4e5138e4-ab56-4c99-af24-25baae72939c	Stephen Fevrier	7th-sea/caboras-coast/7thSea-CaborasCoast-StephenFevrier.jpg	default	Crew	Cabora's Coast	Crimson Rogers	3	In				p	c,t	1	3	0	0	1			F	Loyal • Gunner When hiring Stephen, you may pay an additional 1 Influence to give him +1 Sailing and the Topmantrait until the end of the game.	playerNDeck
b77e7f5a-26c3-45f1-8023-3f4c37196357	Enchanted by the Sidhe	7th-sea/caboras-coast/7thSea-CaborasCoast-EnchantedByTheSidhe.jpg	default	Attachment	Cabora's Coast							c	d,s								F	Oppopnent's Captain Attachment This crew gains the Villainous trait.  If another Ship has a Villainous Captain and you have a Heroic Captain, you may Sink this card from hand and Tack one of your Crew to draw 2 cards as an Action.	playerNDeck
cc3cce0d-5490-4a8e-a29f-17e7b36726c0	Berek's Destiny	7th-sea/caboras-coast/7thSea-CaborasCoast-BereksDestiny.jpg	default	Attachment	Cabora's Coast	Sea Dogs						c	d,s								F	Sea Dogs Captain Attachment Unique Text: If "Berek"is your Captain, you may attach this card when starting Crew are revealed. Search your deck for a Captain Attachment with a cost less than 3 and attach it without cost.	playerNDeck
50b25fab-0433-43ba-820d-b204cb1493b4	Beth Gardner	7th-sea/caboras-coast/7thSea-CaborasCoast-BethGardner.jpg	default	Crew	Cabora's Coast	Unaligned	3	In				p	c,t	0	0	1	2	2			F	*Die Kreuzritter* Unique Nacht 1 Beth may not be hired if your Ship has a Crew Maximum greater than 8. React: Once per turn, you may draw 1 card from your deck after you have attached a Ship Attachment to this Ship	playerNDeck
5910d459-78f4-456d-8e07-057a4c8fa665	The Kire's Quest	7th-sea/caboras-coast/7thSea-CaborasCoast-TheKiresQuest.jpg	default	Attachment	Cabora's Coast							c	d,s								F	Captain Attachment * Unique Text: If "Der Kire" is your Captain, you may attach this card to your Captain when starting Crew are revealed. "Jacques Renault" costs 1 fewer Influence to hire in your Starting Crew and gains +1 to his lowest non-zero skill(s).	playerNDeck
8363b972-c3da-45e4-a7dc-80cc8613e196	Twice-Blooded Apprentice	7th-sea/caboras-coast/7thSea-CaborasCoast-TwiceBloodedApprentice.jpg	default	Crew	Cabora's Coast	Vesten	2	In				p	c,t	0	0	0	1	1			F	Ussuran * Unique • Loyal • No Attachments This Crew may be hired or chosen as a starting Crew if you have an Ussuran Captain. Act: Once per turn, search your deck for a Laerdom or Pyeryem Sorcery Knack that you do not have in play, and attach it or put it into play.	playerNDeck
3ffd8e6f-87f4-4165-972b-c198f0f0e01f	Relentless Boarders	7th-sea/caboras-coast/7thSea-CaborasCoast-RelentlessBoarders.jpg	default	Action	Cabora's Coast		3	Sw				s	d,p								F	React: Untack one of your Crew which tacked to produce Sailing for an Action that will result in a Boarding. The cost of this Action is reduced by 3 if the other Ship has more Crew on board (min. 0).	playerNDeck
f0735914-2708-4948-ac91-819bd4cc8817	Charmed Trinkets	7th-sea/caboras-coast/7thSea-CaborasCoast-CharmedTrinkets.jpg	default	Attachment	Cabora's Coast							c	d,s								F	Ship Attachment Unique Artifact Act: If your Ship’s Crew Maximum is less than 9, tack this card and sink a card from your hand to place a card from your discard pile with a matching Boarding Attack on top of your deck.	playerNDeck
72bb7c70-a24e-4d26-bb7c-6d117fdef8f4	Aindriu McKenna	7th-sea/caboras-coast/7thSea-CaborasCoast-AindriuMcKenna.jpg	default	Crew	Cabora's Coast	Sea Dogs	7	In				p	c,t	3	0	1	2	3			F	Rose and Cross Unique * Loyal * Experienced * Heroic * Gunner Act: Tack this Crew to search your deck for an Item Attachment with "Pistol", "Gun", or "Rifle" in the title and attach it. Shuffle your Deck.	playerNDeck
0f88e9f7-8485-46fd-a793-c2de93508919	Ship Refit	7th-sea/caboras-coast/7thSea-CaborasCoast-ShipRefit.jpg	default	Action	Cabora's Coast		2	In				d	p,t								F	Act: Search your deck for a Ship Attachment. Show it to your opponent, and place it in your hand. Shuffle your deck. React: Play when you are paying for a Ship Attachment to reduce its cost by 2 (min. 0). The cost of this card is reduced by 2 (min 0) for this ability	playerNDeck
5666f017-deec-4cf2-abed-b91ac5425970	Treasure Jim	7th-sea/caboras-coast/7thSea-CaborasCoast-TreasureJim.jpg	default	Crew	Cabora's Coast	Unaligned	2	In				p	c,t	0	0	1	1	1			F	Heroic • No Attachments This Crew counts as two Crew against your Crew Maximum. When revealed as a starting Crew, you may search your deck and sink one card.	playerNDeck
33d2ed12-8413-4db3-ab58-64a1a11896fd	Kheired-Din	7th-sea/caboras-coast/7thSea-CaborasCoast-KheiredDin.jpg	default	Captain	Cabora's Coast	Corsairs					7			3	4	2	2	5			F	Start: Forbidden Sea Villainous Holy Swordsman +2 React: Once per turn, when you are suffering Hits, absorb a number of Hits equal to this Captain's Swashbuckling, if you have 3 or more other Corsairs on board.	playerNCaptain
74730d40-6933-416a-a59e-d2a90e6789f5	Captain's Quarters	7th-sea/caboras-coast/7thSea-CaborasCoast-CaptainsQuarters.jpg	default	Attachment	Cabora's Coast		2	In				C	d,s								F	Ship Attachment · Unique Act: Discard Captain's Quarters to draw two cards.	playerNDeck
6965c9ba-bab3-4a40-9ed2-4d62417eddbd	Grenouille du Grace	7th-sea/caboras-coast/7thSea-CaborasCoast-GrenouilleDuGrace.jpg	default	Ship	Cabora's Coast	Montaigne													7	2	F	React: Tack when paying an Influence cost to produce 2 Influence. React: Tack before performing an action, to move to an adjacent Sea.	playerNShip
04f54987-b8f9-48a4-8b6f-343ab69d9989	Philter of Champions	7th-sea/caboras-coast/7thSea-CaborasCoast-PhilterOfChampions.jpg	default	Attachment	Cabora's Coast							C	d,s								C	CREW ATTACHMENT Scry 1 Knack Item Act: Tack this card to target a Swordsman Crew in this Sea. Target Crew gains +3 to their Swordsman trait until the end of the turn. Discard this card at the end of the turn.	playerNDeck
e6c76591-1912-45c9-a148-8e509537e97b	Oil of Sloth	7th-sea/caboras-coast/7thSea-CaborasCoast-OilOfSloth.jpg	default	Attachment	Cabora's Coast							C	d,s								C	CREW ATTACHMENT Scry 1 Knack Item Act: Tack this card to target a non-Captain Crew in this Sea. Target Crew may not be pushed forward to fight in a Boarding Attack or begin a Boarding Attack without a card effect until the end of the turn. Discard this card at the end of the turn.	playerNDeck
8cd7b0b8-df1f-45b4-b228-0d8531463e97	Dust of Irritation	7th-sea/caboras-coast/7thSea-CaborasCoast-DustOfIrritation.jpg	default	Attachment	Cabora's Coast							C	d,s								C	CREW ATTACHMENT Scry 1 Knack Item Act: Tack this card to target a Crew in this Sea. Until the end of the turn, when target Crew tacks to produce Skill points they produce 3 fewer points of the skill (minimum 0). Discard this card at the end of the turn.	playerNDeck
7ec16f6e-095c-4247-94fb-ecc9dd9b2e15	Dust of Petrification	7th-sea/caboras-coast/7thSea-CaborasCoast-DustOfPetrification.jpg	default	Attachment	Cabora's Coast							C	d,s								C	CREW ATTACHMENT Scry 1 Knack Item Act: Tack this card to target a Crew in this Sea. Until the end of the turn, target Crew absorbs 3 extra Hits when tacking to absorb Hits. Discard this card at the end of the turn.	playerNDeck
c8e1dc1c-4792-4362-bbee-9ad13b526eb7	The Freighter	7th-sea/caboras-coast/7thSea-CaborasCoast-TheFreighter.jpg	default	Ship	Cabora's Coast	Black Freighter													9	2	F	While your Captain is untacked, your Skeletal Crew inflict an additional amount of Hits during Boarding Attacks equal to their printed Swashbuckling. React: Tack before performing an action, to move to an adjacent Sea.	playerNShip
8842117a-d06b-4976-8861-8fce0c49a881	It's Who You Know	7th-sea/caboras-coast/7thSea-CaborasCoast-ItsWhoYouKnow.png	default	Action	Cabora's Coast		0		0			S	d,p								C	Act: Get any one non-Villainous Crew Attachment Card from your deck. Show it to your opponent, then place it in your hand. Shuffle your deck. React: Play when you purchase a Crew Attachment to reduce the Attachment's cost by 2 (min. 0). The cost of this card is reduced by 2 (min. 0) for this ability.	playerNDeck
d6835d3c-f173-4b07-ba61-326a17473272	Aldana School	7th-sea/strange-vistas/7thSea-StrangeVistas-AldanaSchool.jpg	default	Attachment	Strange Vistas		2	In				C	d,s								U	crew Attachment · Swordsman Knack (A crew may only attach a number of Swordsman Knacks up to their Swordsman bonus.) React: Tack Aldana School immediately before this crew plays a card during a Boarding Attack. Draw three cards. Place one of these cards in your hand, then discard the others.	playerNDeck
2692d0ed-7576-4383-83f1-467c944c82d1	Al-Katim	7th-sea/strange-vistas/7thSea-StrangeVistas-AlKatim.jpg	default	Crew	Strange Vistas	Corsairs	4	In				P	c,t	3	0	0	0	1			C	Gunner · Villainous	playerNDeck
5801d73e-b811-48a4-91c4-68f2b6c98b0e	All For One!	7th-sea/strange-vistas/7thSea-StrangeVistas-AllForOne.jpg	default	Action	Strange Vistas		0		0			S	d,p								U	React: Play when you are suffering Hits during a Boarding Attack. Tack one of your Heroic crew to absorb Hits equal to twice his or her Swashbuckling.	playerNDeck
4b6f8fe4-abdb-4dbd-8ffb-e595a2e9bf30	Ambrogia School	7th-sea/strange-vistas/7thSea-StrangeVistas-AmbrogiaSchool.jpg	default	Attachment	Strange Vistas		2	In				C	d,s								U	crew Attachment · Swordsman Knack (A crew may only attach a number of Swordsman Knacks up to their Swordsman bonus.) React: Tack Ambrogia School to draw a card after this crew plays a Boarding Attack.	playerNDeck
5de7451e-bc2f-4eeb-b02a-8c0a178a8760	Berek's Already Done That	7th-sea/strange-vistas/7thSea-StrangeVistas-BereksAlreadyDoneThat.jpg	default	Action	Strange Vistas		3	Ad	0			D	p,t								U	Target and discard one non-Artifact Adventure that hasn't been completed. This card's cost is reduced by 2 if you have a Sea Dog Captain.	playerNDeck
5f8eaca9-6159-4d89-8104-ab192e886e77	Bjorn Brind	7th-sea/strange-vistas/7thSea-StrangeVistas-BjornBrind.jpg	default	Crew	Strange Vistas	Brotherhood	5	In				P	c,t	1	3	1	0	1			U	React: Tack Bjorn immediately after you complete a Goods Adventure to draw a card.	playerNDeck
7d501ceb-4564-4464-9c38-dc390a0359de	Braving the Nor'wester	7th-sea/strange-vistas/7thSea-StrangeVistas-BravingTheNorwester.jpg	default	Adventure	Strange Vistas							T	c,s								R	3 Seas Away To complete: Tack 5 Adventuring (4 if completed in Trade Sea). crew Attachment: +5 Sailing	playerNDeck
fad0443f-39da-4706-9199-80f6d640da20	Brotherhood Pride	7th-sea/strange-vistas/7thSea-StrangeVistas-BrotherhoodPride.jpg	default	Action	Strange Vistas		0		0			S	d,p								R	One of your Brotherhood crew gains +2 Cannon until the end of the turn. That crew gains +2 extra Cannon if there is a Montaigne Ship in play (+4 total).	playerNDeck
a3e2f52b-ecdb-4b68-8fc0-8a395173625c	The Captain's Word	7th-sea/strange-vistas/7thSea-StrangeVistas-TheCaptainsWord.jpg	default	Action	Strange Vistas		1	In	0			D	p,t								R	You may only play this card if you have a Heroic Captain. Discard three cards from your hand to name a skill. All of your crew gain +1 to that skill until the end of the turn. You only have to discard one card if you have a Gosse Captain.	playerNDeck
b8d393b3-a20d-47a8-ab07-811a14c766b1	Castille Pride	7th-sea/strange-vistas/7thSea-StrangeVistas-CastillePride.jpg	default	Action	Strange Vistas		0		0			S	d,p								R	One of your Castille crew gains Sailing equal to your Ship's move cost until the end of the turn. That crew gains additional Sailing equal to your Ship's move cost if there is an Explorer Ship in play (total equal to twice your move cost).	playerNDeck
564b3da5-fbc7-48d7-a302-966f12762b74	The Code	7th-sea/strange-vistas/7thSea-StrangeVistas-TheCode.jpg	default	Attachment	Strange Vistas	Corsairs	0					C	d,s								F	Corsairs Captain Attachment · Letter of Marque · Unique You must tack your Captain to put this card into play. React: Tack the Code and one of your crew when you are paying a Sailing cost. That crew produces Sailing equal to your Ship's move cost.	playerNDeck
b9f3116c-bebd-4e99-bd89-02e5b4118cc4	Common Pier	7th-sea/strange-vistas/7thSea-StrangeVistas-CommonPier.jpg	default	Attachment	Strange Vistas		3	In				C	d,s								C	Sea Attachment Any player in this Sea may sink Common Pier by tacking 4 Cannon as an action. Act: Tack Common Pier and target an opposing Ship in this Sea if your Ship is in this Sea. Your Ship begins a Boarding with that Ship. This Boarding cannot be canceled without a card effect.	playerNDeck
a4d118be-6e73-4deb-8172-5874f66510d3	Cool Castillian Blood	7th-sea/strange-vistas/7thSea-StrangeVistas-CoolCastillianBlood.jpg	default	Attachment	Strange Vistas		2	Ad				C	d,s								U	Captain Attachment The cost to play this card is reduced to zero if you have a Castillian Captain. React: Discard Cool Castillian Blood when one of your Action cards has been canceled. The canceled card is put into your hand.	playerNDeck
3d97cfc4-8a6b-41de-8794-ba6e817bc0a5	Corsair Pride	7th-sea/strange-vistas/7thSea-StrangeVistas-CorsairPride.jpg	default	Action	Strange Vistas		0		0			S	d,p								R	One of your Corsairs crew gains +2 Adventuring until the end of the turn. That crew gains +2 extra Adventuring if there is a Gosse Ship in play (+4 total).	playerNDeck
7344cc2d-6365-4cda-93ea-49b89f064eb0	Crimson Roger Pride	7th-sea/strange-vistas/7thSea-StrangeVistas-CrimsonRogerPride.jpg	default	Action	Strange Vistas		0		0			S	d,p								R	One of your Crimson Roger crew gains +2 Adventuring until the end of the turn. That crew gains +2 extra Adventuring if there is a Sea Dog Ship in play (+4 total).	playerNDeck
dccca531-29ff-4613-9492-9a0b10e6cd85	Crossfire	7th-sea/strange-vistas/7thSea-StrangeVistas-Crossfire.jpg	default	Adventure	Strange Vistas							T	c,s								R	2 Seas Away To complete: Tack 4 Adventuring (3 if completed in la Boca). crew Attachment: +4 Cannon	playerNDeck
642dc340-efdc-4b57-b2a0-1d1d6e860c66	Customs Check	7th-sea/strange-vistas/7thSea-StrangeVistas-CustomsCheck.jpg	default	Action	Strange Vistas		0		5	In		S	d,p								U	Target an Illegal card. Discard that card.	playerNDeck
74d5a6cb-c45a-4ec2-ad75-c59932b1c18a	Dalia	7th-sea/strange-vistas/7thSea-StrangeVistas-Dalia.jpg	default	Crew	Strange Vistas	Corsairs	5	In				P	c,t	0	0	1	1	3			U	Swordsman +1 (Dalia inflicts 1 extra Hit during Boarding Attacks) Draw one card immediately after Dalia plays a Slash attack during a Boarding Attack.	playerNDeck
e7863376-f304-4333-947a-322ff7422836	Danger on the High Seas	7th-sea/strange-vistas/7thSea-StrangeVistas-DangerOnTheHighSeas.jpg	default	Action	Strange Vistas		1	Ad	M			S	d,p								C	Target your Ship and one other Ship. Inflict Hits to the other player's Ship equal to that Ship's move cost. Then, inflict Hits to your Ship equal to your Ship's move cost.	playerNDeck
aa3e343c-0c0c-4220-8245-7cb30d51c48c	Dispatching The Scum	7th-sea/strange-vistas/7thSea-StrangeVistas-DispatchingTheScum.jpg	default	Action	Strange Vistas		0		0			S	d,p								R	React: Play when one of your Swordsman crew inflicts Hits during a Boarding Attack. Your crew inflicts Hits equal to your crew's Swashbuckling, but cannot receive any bonuses. The opposing player may not tack crew to absorb these Hits.	playerNDeck
e7508fef-5e76-4b41-a91b-c4bd6ae505a6	Disregard	7th-sea/strange-vistas/7thSea-StrangeVistas-Disregard.jpg	default	Action	Strange Vistas		2	Ad	0			D	p,t								R	Target one Sea Attachment in this Sea. Discard that Sea Attachment. This card's cost is reduced to zero if you have a Corsairs Captain.	playerNDeck
8cc902c9-ede9-43b8-b17b-2ad0c8c1b28d	Donovan School	7th-sea/strange-vistas/7thSea-StrangeVistas-DonovanSchool.jpg	default	Attachment	Strange Vistas		2	In				C	d,s								U	crew Attachment · Swordsman Knack (A crew may only attach a number of Swordsman Knacks up to their Swordsman bonus.) React: Tack Donovan School to draw two cards after this crew plays a Slash Boarding Attack.	playerNDeck
b047d423-3eff-473d-aa9b-53a3f95b8a05	Dredging the Trade River	7th-sea/strange-vistas/7thSea-StrangeVistas-DredgingTheTradeRiver.jpg	default	Adventure	Strange Vistas							T	c,s								U	1 Sea Away To complete: Tack 2 Adventuring (1 if completed in Trade Sea). crew Attachment: +2 Adventuring	playerNDeck
d045886a-ca4c-4ff3-ba53-02dbdff0b0d1	Drop a Boarding Net	7th-sea/strange-vistas/7thSea-StrangeVistas-DropABoardingNet.jpg	default	Action	Strange Vistas		1	Sa	3	Sw		S	d,p								C	React: Instead of performing a Boarding Attack, target one crew on the other Ship in the Boarding. Tack that crew.	playerNDeck
be639962-ba1c-49d5-9d86-174720e92729	Dunti	7th-sea/strange-vistas/7thSea-StrangeVistas-Dunti.jpg	default	Crew	Strange Vistas	Corsairs	5	In				P	c,t	2	0	2	0	2			U	When Dunti inflicts Hits with a Boarding Attack, you may discard 2 cards from your hand to inflict 3 extra Hits, once per Boarding Attack.	playerNDeck
c0a11513-835a-49eb-9535-2957823efe58	Eisenfaust School	7th-sea/strange-vistas/7thSea-StrangeVistas-EisenfaustSchool.jpg	default	Attachment	Strange Vistas		2	In				C	d,s								U	crew Attachment · Swordsman Knack (A crew may only attach a number of Swordsman Knacks up to their Swordsman bonus.) React: Tack Eisenfaust School to draw two cards after this crew plays a Punch Boarding Attack.	playerNDeck
e8364b76-e933-4c2e-b93f-8dad0b4e60e4	Espera	7th-sea/strange-vistas/7thSea-StrangeVistas-Espera.jpg	default	Crew	Strange Vistas	Corsairs	3	In				P	c,t	0	2	2	1	1			C	When you are putting Espera into play from your hand, his Influence cost is zero if you have Dalia on your Ship.	playerNDeck
357bb650-366c-4cc0-80f4-08e6f248971f	Experience is the Best Teacher	7th-sea/strange-vistas/7thSea-StrangeVistas-ExperienceIsTheBestTeacher.jpg	default	Action	Strange Vistas		0		0			D	p,t								R	React: Play when you are tacking a crew to pay a cost and that crew has one or more completed adventures attached. The crew produces 1 extra point of the skill. That crew produces 1 additional point (2 total) if you have a Brotherhood Captain.	playerNDeck
c19be6d4-40aa-460e-aeb8-693fcd7e0c88	Explorer Pride	7th-sea/strange-vistas/7thSea-StrangeVistas-ExplorerPride.jpg	default	Action	Strange Vistas		0		0			S	d,p								R	One of your Explorer crew gains +1 Cannon and +1 Swashbuckling until the end of the turn. That crew gains +1 extra Cannon and +1 extra Swashbuckling if there is a Castille Ship in play (+2 total each).	playerNDeck
9a44b631-95da-419c-89f1-b34ecd79f6b3	Fancy Footwork	7th-sea/strange-vistas/7thSea-StrangeVistas-FancyFootwork.jpg	default	Adventure	Strange Vistas							T	c,s								U	2 Seas Away To complete: Tack 5 Adventuring (4 if completed in The Mirror). crew Attachment: +2 Swashbuckling. This crew inflicts 2 extra Hits during Boarding Attacks.	playerNDeck
8fa255d8-bf73-44ff-92a8-097751a95032	First Mate's Watch	7th-sea/strange-vistas/7thSea-StrangeVistas-FirstMatesWatch.jpg	default	Action	Strange Vistas		1	Ad	0			D	p,t								R	Untack one of your First Mates.	playerNDeck
d8b5012c-b2a1-4d9e-bc51-61b10fee37e9	The First Switch	7th-sea/strange-vistas/7thSea-StrangeVistas-TheFirstSwitch.jpg	default	Adventure	Strange Vistas							T	c,s								R	2 Seas Away To complete: Tack 4 Adventuring (3 if completed in Forbidden Sea). crew Attachment: +4 Adventuring	playerNDeck
4c19ce23-d8ba-4b2c-a4fa-e581169f1ddb	A Gallant Stand	7th-sea/strange-vistas/7thSea-StrangeVistas-AGallantStand.jpg	default	Adventure	Strange Vistas							T	c,s								C	1 Sea Away To Complete: Tack 3 Adventuring (2 if completed in Trade Sea). crew Attachment: +2 Influence	playerNDeck
6eb2f6db-af4e-4e24-91df-aed3d7cc2543	Ghouls Sneak on Board	7th-sea/strange-vistas/7thSea-StrangeVistas-GhoulsSneakOnBoard.jpg	default	Action	Strange Vistas		3	Ad	3	Sa		S	d,p								U	Target a Ship in play. Inflict 1 Hit on the target for every completed Adventure on the target Ship.	playerNDeck
59410c11-4b6a-4523-bedb-9a6ab573b310	Giovanni Villanova	7th-sea/strange-vistas/7thSea-StrangeVistas-GiovanniVillanova.jpg	default	Attachment	Strange Vistas		4	In				C	d,s								R	Forbidden Sea Attachment Unique · Patron Any player may sink Villanova by tacking 4 Influence as an action. All of your Villainous crew inflict 1 extra Hit during Boarding Attacks.	playerNDeck
b906b266-63df-4090-878c-211a92e9bba5	Gosse Pride	7th-sea/strange-vistas/7thSea-StrangeVistas-GossePride.jpg	default	Action	Strange Vistas		0		0			S	d,p								R	One of your Gosse crew gains +2 Influence until the end of the turn. That crew gains +2 extra Influence if there is a Corsairs Ship in play (+4 total).	playerNDeck
d9f23d68-18e2-4518-8d9f-df57cf45f8cc	Gunnery at its Finest	7th-sea/strange-vistas/7thSea-StrangeVistas-GunneryAtItsFinest.jpg	default	Action	Strange Vistas		0		0			D	p,t								C	React: Play when tacking a Gunner to produce Cannon. That crew produces 2 extra Cannon.	playerNDeck
d13525b2-4dde-470c-838a-ec76a54b1ba2	Hamish	7th-sea/strange-vistas/7thSea-StrangeVistas-Hamish.jpg	default	Crew	Strange Vistas	Corsairs	4	In				P	c,t	0	0	2	0	3			R	Unique · Loyal · No attachments React: Instead of performing a Boarding Attack, tack Hamish to inflict 5 Hits on the other Ship in the Boarding. Then you suffer 3 Hits. Hamish cannot tack or sink to absorb these 3 Hits.	playerNDeck
074d9152-1a8d-46cc-a038-25c55df4918e	Helpful Advice	7th-sea/strange-vistas/7thSea-StrangeVistas-HelpfulAdvice.jpg	default	Action	Strange Vistas		0		0			D	p,t								U	You may only play this card if you have a Heroic Captain. Target another player. The next time that player pays a Sailing cost, this card produces 4 Sailing for that player, then attaches to one of your crew, giving +2 Adventuring.	playerNDeck
0d043f56-eba8-4aee-8053-e9f27b5e83cd	Iken of Venderheim	7th-sea/strange-vistas/7thSea-StrangeVistas-IkenOfVenderheim.jpg	default	Crew	Strange Vistas	Vesten	5	In				P	c,t	0	2	3	0	4			R		playerNDeck
d3d31490-1913-404a-91b3-57ef042632ca	I'll Be Taking That...	7th-sea/strange-vistas/7thSea-StrangeVistas-IllBeTakingThat.jpg	default	Action	Strange Vistas		1	Ad	3	Sa		S	d,p								U	Target an Item card in play. Discard that card.	playerNDeck
1b956e7b-6bfa-4f1f-8f87-e1d3e9e50de5	Imshi	7th-sea/strange-vistas/7thSea-StrangeVistas-Imshi.jpg	default	Crew	Strange Vistas	Corsairs	5	In				P	c,t	3	0	0	1	2			R	Unique React: Tack Imshi when you tack the Artifact Cannon. Imshi adds his Cannon skill to the Hits inflicted by the Artifact Cannon.	playerNDeck
d937962f-8196-446a-ae24-25390cb2edbb	Infection	7th-sea/strange-vistas/7thSea-StrangeVistas-Infection.jpg	default	Action	Strange Vistas		0		0			S	d,p								U	Target a crew with a Face, Eye, Leg, or Hand Attachment. Tack that crew.	playerNDeck
bc360c5b-e412-42b1-9414-faadfe8bcbb5	Jean-Marie Rois-et-Reines	7th-sea/strange-vistas/7thSea-StrangeVistas-JeanMarieRoisEtReines.jpg	default	Attachment	Strange Vistas		0					C	d,s								U	Captain Attachment React: Discard Jean Marie when a player performs an action which discards or sinks one of their own crew. The other effects of that action are negated.	playerNDeck
6202b95b-f3a4-4de5-9f61-c0facff9c053	Joseph Dunn	7th-sea/strange-vistas/7thSea-StrangeVistas-JosephDunn.jpg	default	Crew	Strange Vistas	Explorer's Society	3	In				P	c,t	0	1	1	1	1			C	When Joseph tacks to absorb Hits, except during Boarding, you may discard one card from your hand to absorb 3 extra Hits. You may only use this ability once each time you suffer Hits.	playerNDeck
f528dff2-e6e2-4f37-9968-1a95bc5c097f	Julia	7th-sea/strange-vistas/7thSea-StrangeVistas-Julia.jpg	default	Crew	Strange Vistas	unaligned	2	In				P	c,t	0	0	1	0	2			C	Heroic	playerNDeck
25799c19-57cc-48e1-91f8-d5043621d44c	Kalem the Believer	7th-sea/strange-vistas/7thSea-StrangeVistas-KalemTheBeliever.jpg	default	Attachment	Strange Vistas	Corsairs	3	Ad				C	d,s								R	Corsairs Captain Attachment · Unique · Patron This card does not untack during the Untack phase. React: Tack Kalem when you are paying an Influence cost to produce 3 Influence. React: Untack Kalem when another player's crew is sunk.	playerNDeck
e1065319-f197-4532-a63f-ced710a14a5f	Long Range Cannon Volley	7th-sea/strange-vistas/7thSea-StrangeVistas-LongRangeCannonVolley.jpg	default	Action	Strange Vistas		4	Ca	0			D	p,t								C	React: Target a Ship when it enters this Sea. You may immediately perform a Cannon Attack against that Ship.	playerNDeck
3d012a43-aefd-4443-81b6-c5410d8002b3	Low on Shot	7th-sea/strange-vistas/7thSea-StrangeVistas-LowOnShot.jpg	default	Action	Strange Vistas		3	Ad	0			S	d,p								R	Target a crew. Until the end of the turn, that crew's Cannon skill is always zero.	playerNDeck
6ba1e05f-310c-4d5e-a027-3a9eea7804d1	Making of a Hero	7th-sea/strange-vistas/7thSea-StrangeVistas-MakingOfAHero.jpg	default	Adventure	Strange Vistas							T	c,s								R	1 Sea Away To Complete: Tack 2 Adventuring (1 if completed in la Boca). crew Attachment: May not be attached to a Villainous crew. This crew gains the Heroic trait.	playerNDeck
e933acc0-5d87-46e5-a78d-885382507502	Man the Bilge Pumps!	7th-sea/strange-vistas/7thSea-StrangeVistas-ManTheBilgePumps.jpg	default	Action	Strange Vistas		1	Sw	0			S	d,p								C	React: Play immediately after you tack crew to absorb Hits, except during Boarding. Untack one of your crew which tacked to absorb Hits.	playerNDeck
76edd728-a48b-4bc1-a9c8-2591cb519545	Martin Tytus	7th-sea/strange-vistas/7thSea-StrangeVistas-MartinTytus.jpg	default	Crew	Strange Vistas	Gosse's Gentlemen	3	In				P	c,t	0	0	1	1	2			C	All Goods adventures attached to Martin which produce Influence, produce 1 extra Influence.	playerNDeck
6439829b-8314-4f0e-80e1-fefddee75864	McCormick's Quest	7th-sea/strange-vistas/7thSea-StrangeVistas-McCormicksQuest.jpg	default	Action	Strange Vistas		2	Ad	0			D	p,t								R	Target another player's uncompleted Adventure. Move that Adventure to any Sea. This card's cost is reduced to zero if you have an Explorers Captain.	playerNDeck
a01e7b49-292c-4f87-af46-da93d568b3ae	Melinda Gosse	7th-sea/strange-vistas/7thSea-StrangeVistas-MelindaGosse.jpg	default	Crew	Strange Vistas	Gosse's Gentlemen	6	In				P	c,t	1	3	2	2	3			R	Loyal · Unique · Heroic · Swordsman +2 (Melinda inflicts 2 extra Hits during Boarding Attacks) React: Tack Melinda when you are putting Andre Braudel into play from your hand to reduce his Influence cost by 5.	playerNDeck
5730546f-3119-4559-aa34-b0ac73c3ea0f	Miguel Cortez	7th-sea/strange-vistas/7thSea-StrangeVistas-MiguelCortez.jpg	default	Crew	Strange Vistas	Castille	4	In				P	c,t	0	0	2	1	3			U	Heroic · Swordsman +1 (Miguel inflicts 1 extra Hit during Boarding Attacks) Miguel inflicts 2 extra Hits during a Boarding Attack when the opposing Captain is Villainous.	playerNDeck
6b12b70a-f7e2-41a6-9f92-debd1a8b975f	Mike Fitzpatrick	7th-sea/strange-vistas/7thSea-StrangeVistas-MikeFitzpatrick.jpg	default	Crew	Strange Vistas	Corsairs	5	In				P	c,t	0	4	0	1	2			U	Rower · Captive Mike may not be placed on a Heroic Captain's Ship. Discard Mike at the end of the Action phase if he is untacked.	playerNDeck
f4916bfd-703c-466d-8293-4cc619b8a738	Montaigne Pride	7th-sea/strange-vistas/7thSea-StrangeVistas-MontaignePride.jpg	default	Action	Strange Vistas		0		0			S	d,p								R	One of your Montaigne crew gains +2 Swashbuckling until the end of the turn. That crew gains +2 extra Swashbuckling if there is a Brotherhood Ship in play (+4 total).	playerNDeck
a0cc72f3-7fe9-4aac-9a58-baf26a7c7376	Old Flame	7th-sea/strange-vistas/7thSea-StrangeVistas-OldFlame.jpg	default	Attachment	Strange Vistas		0					C	d,s								R	This Sea Attachment · Unique · Patron You may only play this card if you have a Gosse Captain. Any player in this Sea may sink Old Flame by tacking 4 Swashbuckling as an action. While Old Flame is in play, other players may not attach Attachment cards to this Sea. Cards already attached are unaffected.	playerNDeck
42b584c7-4eab-4ea3-830b-23a3b34c842c	Palace Raid	7th-sea/strange-vistas/7thSea-StrangeVistas-PalaceRaid.jpg	default	Adventure	Strange Vistas							T	c,s								C	1 Sea Away To Complete: Tack 3 Adventuring (2 if completed in Forbidden Sea). crew Attachment: +2 Influence	playerNDeck
fae22bd7-e8fd-4dc6-8d1c-2a5ec31648aa	Parting Shot	7th-sea/strange-vistas/7thSea-StrangeVistas-PartingShot.jpg	default	Action	Strange Vistas		0		0			D	p,t								C	Target another Ship in this Sea. Tack 3 Cannon plus your Ship's move cost to inflict a 3 Hit Cannon Attack on that Ship. Immediately after this Cannon Attack is resolved, move your Ship to an adjacent Sea.	playerNDeck
8cce36fb-9f76-4aaf-9d53-ad784c3ab584	Plague of Boca	7th-sea/strange-vistas/7thSea-StrangeVistas-PlagueOfBoca.jpg	default	Action	Strange Vistas		8	Ad	0			S	d,p								C	Target one Sea. Discard all Sea attachments in that Sea. This does not affect uncompleted adventures.	playerNDeck
e27100cf-38b9-415d-8492-833dbf6ff238	Ramming Spike	7th-sea/strange-vistas/7thSea-StrangeVistas-RammingSpike.jpg	default	Attachment	Strange Vistas		3	In				C	d,s								U	Ship Attachment Act: Target a Ship in this Sea. Tack the Ramming Spike and pay your Ship's move cost in Sailing to inflict Hits on that Ship equal to your Ship's move cost. The target may pay their Ship's move cost in Sailing to cancel this action.	playerNDeck
1365217e-a923-40a1-a9c5-d23430747443	Retired Smuggler	7th-sea/strange-vistas/7thSea-StrangeVistas-RetiredSmuggler.jpg	default	Attachment	Strange Vistas		1	Ad				C	d,s								C	This Sea Attachment Any player in this Sea may sink this card by tacking 2 Influence as an action. Act: Tack Retired Smuggler to get one Item card from your discard pile and move it to your hand.	playerNDeck
633596f3-afd0-4e5a-8ef8-9e7dac61ad0b	Rigged for Speed	7th-sea/strange-vistas/7thSea-StrangeVistas-RiggedForSpeed.jpg	default	Attachment	Strange Vistas		1	In				C	d,s								R	Ship Attachment · Unique This card may only be attached to ships with a move cost less than 3. While Rigged for Speed is attached to your Ship, you have +8 Sailing for the purposes of determining Initiative.	playerNDeck
83f83b0d-c616-4d84-a7ee-1257b1f43b72	Rogers School	7th-sea/strange-vistas/7thSea-StrangeVistas-RogersSchool.jpg	default	Attachment	Strange Vistas		2	In				C	d,s								U	crew Attachment · Swordsman Knack (A crew may only attach a number of Swordsman Knacks up to their Swordsman bonus.) React: Tack Rogers School when this crew inflicts Hits with a Boarding Attack. This attack inflicts 3 extra Hits.	playerNDeck
e93947b7-6a1b-430c-b311-55f46db04de7	Run 'im Through!	7th-sea/strange-vistas/7thSea-StrangeVistas-RunImThrough.jpg	default	Action	Strange Vistas		0		0			D	p,t								C	React: Play when one of your crew inflicts Hits with a Boarding Attack. The Boarding Attack inflicts 2 extra Hits.	playerNDeck
e69c8c38-3838-47ee-9856-1e2df1bbfe4c	Sea Dog Pride	7th-sea/strange-vistas/7thSea-StrangeVistas-SeaDogPride.jpg	default	Action	Strange Vistas		0		0			S	d,p								R	One of your Sea Dog crew gains +2 Swashbuckling until the end of the turn. That crew gains +2 extra Swashbuckling if there is a Crimson Roger Ship in play (+4 total).	playerNDeck
42f0510e-2ce8-49a3-af36-a00e4fd27574	Secrets of the Tops	7th-sea/strange-vistas/7thSea-StrangeVistas-SecretsOfTheTops.jpg	default	Action	Strange Vistas		0		0			D	p,t								C	React: Play when tacking a Topman to produce Sailing. That crew produces extra Sailing equal to your Ship's move cost.	playerNDeck
7cc220cc-b0fc-42c8-998e-e8046516f6a8	Seven-Color Sam	7th-sea/strange-vistas/7thSea-StrangeVistas-SevenColorSam.jpg	default	Crew	Strange Vistas	Sea Dogs	3	In				P	c,t	0	0	1	0	2			C	Sam may not be placed on a Villainous Captain's Ship. Sam has +2 Swashbuckling while there is a Villainous Captain in play.	playerNDeck
a97c20bc-7d75-4c14-b2cd-7a1c9824cf24	Shala	7th-sea/strange-vistas/7thSea-StrangeVistas-Shala.jpg	default	Crew	Strange Vistas	Corsairs	7	In				P	c,t	2	2	3	2	3			R	Unique · Loyal · Villainous Act: Discard one of your crew to draw one card. This can be done once per turn.	playerNDeck
f87a82b7-7992-4e7a-b80c-41814e9b1840	Sharp Maneuvering	7th-sea/strange-vistas/7thSea-StrangeVistas-SharpManeuvering.jpg	default	Action	Strange Vistas		M+0		M+1			S	d,p								C	Target another Ship in this Sea. Until the end of this turn, your Cannon Attacks targeting that Ship each inflict 2 extra Hits if your Ship has a lower move cost.	playerNDeck
668e0606-3f30-4c5c-bbf0-47b8cdabe904	Shore Knowledge	7th-sea/strange-vistas/7thSea-StrangeVistas-ShoreKnowledge.jpg	default	Attachment	Strange Vistas		0					C	d,s								U	Adventure Attachment This can only be attached to another player's uncompleted Adventure, and only if you have a Heroic Captain. The cost to complete this Adventure is reduced by 2 (minimum 0). Once the Adventure is completed, Shore Knowledge attaches to one of your crew, giving +2 Influence.	playerNDeck
5988fc83-adae-4b46-a477-304a1b655849	Sidhe Storm	7th-sea/strange-vistas/7thSea-StrangeVistas-SidheStorm.jpg	default	Adventure	Strange Vistas							T	c,s								R	2 Seas Away To complete: Tack 4 Adventuring (3 if completed in Trade Sea). Item · crew Attachment: +4 Cannon	playerNDeck
469cd7c6-7a54-4181-84ee-9e8c95d37827	Staying Ahead of Trouble	7th-sea/strange-vistas/7thSea-StrangeVistas-StayingAheadOfTrouble.jpg	default	Adventure	Strange Vistas							T	c,s								R	1 Sea Away To complete: Tack 6 Adventuring (4 if completed in The Mirror). crew Attachment: +4 Sailing	playerNDeck
b03f288d-22a5-4b12-8b14-7bf2c5ea276f	Strength isn't Everything	7th-sea/strange-vistas/7thSea-StrangeVistas-StrengthIsntEverything.jpg	default	Adventure	Strange Vistas							T	c,s								C	1 Sea Away To complete: Tack 5 Adventuring (4 if completed in Frothing Sea). crew Attachment: +1 Swashbuckling. This crew inflicts 3 extra Hits during Boarding Attacks.	playerNDeck
8512d37e-da0f-4b27-9107-a7550d69145a	Stroke, Stroke...	7th-sea/strange-vistas/7thSea-StrangeVistas-StrokeStroke.jpg	default	Action	Strange Vistas		1	Ad	0			S	d,p								U	Untack one of your Rower crews.	playerNDeck
f073f83f-ebef-45cb-a911-ae024bd9f0cc	Taking the Hit	7th-sea/strange-vistas/7thSea-StrangeVistas-TakingTheHit.jpg	default	Action	Strange Vistas		0		0			S	d,p								C	React: Play when you are suffering Hits. Each crew that tacks to absorb Hits absorbs 1 extra Hit.	playerNDeck
0b6138ff-9dca-4959-b1bd-ca03e5176bc2	The General's Tactics	7th-sea/_plugin/7thSea-cardback.jpg	default	Action	Strange Vistas		4	Ad	M			D	p,t								R	Act: Target a Ship in an adjacent Sea. Tack one of your Crew to inflict a Cannon Attack on the target equal to that Crew's Cannon skill. The cost to play this card is reduced by 2 if you have a Montaigne Captain.	playerNDeck
15f92eab-6554-4cc1-a11d-0a294ca0aa27	Thomas Gosse	7th-sea/strange-vistas/7thSea-StrangeVistas-ThomasGosse.jpg	default	Crew	Strange Vistas	Gosse's Gentlemen	4	In				P	c,t	0	0	1	0	2			U	React: Tack Thomas when another Ship enters your Sea to untack one of your crew, except the Captain.	playerNDeck
103269f9-7557-475a-b66d-8cbf842403f7	The Three Fate Witches	7th-sea/strange-vistas/7thSea-StrangeVistas-TheThreeFateWitches.jpg	default	Action	Strange Vistas		0		0			S	d,p								U	Tack all cards in play with the Fate trait.	playerNDeck
10752828-f5a9-412f-ac40-acd67116c0cc	Throw Me the Whip!	7th-sea/strange-vistas/7thSea-StrangeVistas-ThrowMeTheWhip.jpg	default	Action	Strange Vistas		0		0			D	p,t								C	Attach one of your Item or Artifact crew attachments in play to a different crew on board your Ship.	playerNDeck
0262923b-887f-45af-9196-f50be5413753	Turning Enemies Into Friends	7th-sea/strange-vistas/7thSea-StrangeVistas-TurningEnemiesIntoFriends.jpg	default	Action	Strange Vistas		0		0			S	d,p								U	You may only play this card if you have a Heroic Captain. Target another player. The next time that player pays an Influence cost, this card produces 2 Influence for that player, then attaches to your Captain. This Attachment may be discarded when you are paying an Influence cost to produce 4 Influence.	playerNDeck
1331469c-0865-4e53-9990-2beac33c0288	Tyree the Worthless	7th-sea/strange-vistas/7thSea-StrangeVistas-TyreeTheWorthless.jpg	default	Crew	Strange Vistas	unaligned	4	In				P	c,t	1	3	1	1	1			R	No attachments · Unique Tyree may not be put into play if you already have a First Mate in play. React: Tack and discard Tyree when you put a First Mate into play from your hand to reduce the crew's cost by 8 (minimum 0).	playerNDeck
45280978-704c-48ce-8ca1-a44db596d483	The Unwritten Rules	7th-sea/strange-vistas/7thSea-StrangeVistas-TheUnwrittenRules.jpg	default	Attachment	Strange Vistas	Gosse's Gentlemen	3	In				C	d,s								F	Gosse Captain Attachment · Letter of Marque · Unique You may not put this card into play if any other player has more Heroic crew in play than you. Act: Sink the Unwritten Rules, and get any card from your deck, show it to your opponents, and put it in your hand. Shuffle your deck. Every man knows them, and none need reminding.	playerNDeck
00376175-c94e-4453-a2a0-09904aaeb597	Uprising!	7th-sea/strange-vistas/7thSea-StrangeVistas-Uprising.jpg	default	Action	Strange Vistas		0		3	In		S	d,p								U	Target a Ship in this Sea. That Ship suffers 1 Hit for each untacked Villainous crew card on board plus 2 Hits for each untacked Captive crew card on board.	playerNDeck
9da8a356-d28e-4393-99d4-1d3e959b1000	Ussuran Intrigue	7th-sea/strange-vistas/7thSea-StrangeVistas-UssuranIntrigue.jpg	default	Adventure	Strange Vistas							T	c,s								U	1 Sea Away To complete: Tack 6 Adventuring (4 if completed in The Mirror). crew Attachment: +3 Influence	playerNDeck
0a9288b2-fd62-43ca-bcd9-1530abb67b21	Valroux School	7th-sea/strange-vistas/7thSea-StrangeVistas-ValrouxSchool.jpg	default	Attachment	Strange Vistas		2	In				C	d,s								U	crew Attachment · Swordsman Knack (A crew may only attach a number of Swordsman Knacks up to their Swordsman bonus.) React: Tack Valroux School to draw two cards after this crew plays a Thrust Boarding Attack.	playerNDeck
cc8e3c5e-4fec-4255-9fd7-be266ea8bab7	Wake of Estallio	7th-sea/strange-vistas/7thSea-StrangeVistas-WakeOfEstallio.jpg	default	Action	Strange Vistas		5	Ad	0			S	d,p								C	Target a Ship in la Boca. Move that Ship to either Frothing Sea or Forbidden Sea.	playerNDeck
09586267-2dbc-4719-94a1-c1023a2bec94	Walk the Plank!	7th-sea/strange-vistas/7thSea-StrangeVistas-WalkThePlank.jpg	default	Action	Strange Vistas		0		0			D	p,t								U	You may not play this card if you have a Heroic Captain. React: Play when one of your actions is canceled. Discard one of your crew cards that tacked to pay for the action to attach this card to your Captain. This Attachment gives +2 Influence.	playerNDeck
42703bac-b6ef-4b46-98f1-ee4faff958cf	Warship	7th-sea/strange-vistas/7thSea-StrangeVistas-Warship.jpg	default	Attachment	Strange Vistas		4	Ad				C	d,s								R	This Sea Attachment Any player in this Sea may sink Warship by tacking 6 Cannon as an action. Act: Tack Warship to attach it to a Sea adjacent to this Sea. Act: Tack Warship to target a Ship in this Sea. Warship inflicts a 4 Hit Cannon Attack on that Ship.	playerNDeck
84c42d97-f27f-4c05-bbb1-757a132d769b	Warship to Port!	7th-sea/strange-vistas/7thSea-StrangeVistas-WarshipToPort.jpg	default	Action	Strange Vistas		8	Ad	4	Sa		S	d,p								C	Target a Ship. Inflict 4 Hits to that Ship.	playerNDeck
b9dcdebe-77e2-47b7-82d8-3cd070bbc93c	Well Stocked Armory	7th-sea/strange-vistas/7thSea-StrangeVistas-WellStockedArmory.jpg	default	Attachment	Strange Vistas		2	In				C	d,s								R	Ship Attachment The Armory counts as one crew against your crew maximum. Your Boarding Attacks inflict 1 extra Hit.	playerNDeck
4cc9c3f4-0ec5-4148-a55d-551f3b423c68	The Wrath of Reis	7th-sea/strange-vistas/7thSea-StrangeVistas-TheWrathOfReis.jpg	default	Action	Strange Vistas		3	Sw	0			D	p,t								R	React: Play when the other player in a Boarding tacks a crew to absorb Hits. The number of Hits absorbed is reduced to zero. The cost to play this card is reduced to zero if you have a Crimson Roger Captain.	playerNDeck
d54956a2-8201-444f-9164-5ed983a9a6a0	A Friend in Need	7th-sea/promo/7thSea-Promo-AFriendInNeed.jpg	default	Action	Promo							S	d.p								F	React: Play this card when you are absorbing Hits from a Boarding Attack in which you pushed one of your Crew forward. Tack one of your Crew, except the one pushed forward to suffer 4 fewer Hits.	playerNDeck
3442a71d-f014-4b3a-b320-cb174d57c87a	Ambush!	7th-sea/promo/7thSea-Promo-Ambush.jpg	default	Action	Promo							D	p.t								F	React: Play when a Ship uses its Free Move to enter your Sea. Inflicts 2 Hits on the Ship.	playerNDeck
d09574fd-f354-4013-8895-a76997fbf1c9	Brothers in Arms	7th-sea/promo/7thSea-Promo-BrothersInArms.jpg	default	Action	Promo							S	d.p								F	React: Play when you are hiring a Loyal Crew from your Captain's faction to produce 3 Influence.	playerNDeck
12560786-aa3a-4065-b621-9f3116036654	Calling in Favors	7th-sea/promo/7thSea-Promo-CallingInFavors.jpg	default	Action	Promo							D	p.t								F	React: Play this card and discard two cards from your hand when you are paying an Influence cost to produce 2 Influence.	playerNDeck
3f7e4e73-0497-4124-963b-4e6796a59a62	Captain McGee	7th-sea/promo/7thSea-Promo-CaptainMcGee.jpg	default	Captain	Promo	unaligned					8			3	2	3	3	4			F	Start: Frothing Sea • Heoric • Swordsman +2 • You may not have Bloody Bonnie McGee on board. McGee may only use Ships with no Faction symbol. React: Once per turn, after another player's Villainous Crew has been sunk from play,untack McGee if you have 3 or more unaligned Crew with a printed Influence cost greater than 2.	playerNCaptain
ba9d75ea-a1e6-46a4-8bcf-c78ae11afd1e	Dregs and Thugs	7th-sea/promo/7thSea-Promo-DregsAndThugs.jpg	default	Crew	Promo	unaligned	4	In				P	c,t	0	0	0	0	2			F	Unique • No Attachments • When Dreg and Thugs tack to absorb Hits, they absorb 2 extra Hits. React: Once per turn, discard a card from your hand when you are suffering Hits to reduce the Hits suffered by 2.	playerNDeck
3407b3c4-a01f-4078-ad28-f5385464777a	Fair Weather Friend	7th-sea/promo/7thSea-Promo-FairWeatherFriend.jpg	default	Ship	Promo	unaligned													8	3	F	Immediately after players reveal their starting Crews, choose and sink up to 6 of the cards in your deck. React: Tack before performing an action, to move to an adjacent Sea.	playerNShip
7ee315ad-0d68-47ae-884c-6b6c4aaa7ed1	Faye Duinsinan	7th-sea/promo/7thSea-Promo-FayeDuinsinan.jpg	default	Crew	Promo	unaligned	5	In				P	c,t	1	0	3	1	2			F	Unique • Swordsman +1 • React: Tack Faye when one of your crew is targeted by a card which begins a Duel. Cancel that action.	playerNDeck
d9d4ca14-3936-4199-853b-6421bf7cfa0e	Freya Danya Gydasdottir	7th-sea/promo/7thSea-Promo-FreyaDanyaGydasdottir.jpg	default	Crew	Promo	unaligned	8	In				P	c,t	0	3	2	2	3			F	Unique • Heroic • First Mate • Unique • Act: Once per turn, name one of the five skills. Until the end of the turn, all of your Crew aligned to your Captain's faction have a +1 bonus to the named Skill.	playerNDeck
45795dc1-e02c-4dd9-8349-bdbbb1f3945c	Gentleman's Agreement	7th-sea/promo/7thSea-Promo-GentlemansAgreement.jpg	default	Action	Promo							D	p.t								F	You may only play this card if you have a Heroic Captain. React: Play when you are hiring a Heroic Crew to produce 2 Influence.	playerNDeck
c8ff2c20-22c8-42c0-8e2a-bffb6ae9491e	Hassad the Enforcer	7th-sea/promo/7thSea-Promo-HassadTheEnforcer.jpg	default	Crew	Promo	unaligned	4	In				P	c,t	0	0	1	2	3			F	Unique • When your unaligned Crew sink to absorb Hits, they absorb 1 extra Hit.	playerNDeck
e56c26e7-4728-44bf-a734-90342f79edb4	Homeward Arrow	7th-sea/promo/7thSea-Promo-HomewardArrow.jpg	default	Ship	Promo	unaligned													5	1	F	Crew Maximum: 5 (may not be increased) • Act: Tack one of your Crew to move to an adjacent Sea. React: Tack before performing an action, to move to an adjacent Sea.	playerNShip
df5d3910-df38-45bc-8e9a-0255430b0cd2	Ill-Fated Journey	7th-sea/promo/7thSea-Promo-IllFatedJourney.jpg	default	Attachment	Promo							C	d,s								F	Sea Attachment • Unique • Fate You must tack one of your Crew with a Fate of 1 or more to put this card into play. When the next Ship enters this Sea, Ill-Fated Journey inflicts 5 Hits on that Ship, then sinks.	playerNDeck
dfeb4cd4-9a1b-40f3-a5f1-9b38d3001b17	In the Dark of the Night	7th-sea/promo/7thSea-Promo-InTheDarkOfTheNight.jpg	default	Action	Promo		5	Ad	3	Sa		D	p.t								F	Target a player. That player draws 2 fewer cards during the Draw phase this turn (minimum 1).	playerNDeck
c27f36fc-c547-494a-ac9b-9ea3fa50f62c	Indisposed	7th-sea/promo/7thSea-Promo-Indisposed.jpg	default	Action	Promo		2	In	3	Ca		S	d.p								F	Target a Captain who has more than one Attachment. Tack that Captain.	playerNDeck
9dd5b6bb-2efc-4cb2-99a9-77e1e54ef5a1	Jacklyn the Black	7th-sea/promo/7thSea-Promo-JacklynTheBlack.jpg	default	Crew	Promo	unaligned	4	In				P	c,t	0	0	2	0	3			F	Unique • Swordsman +1 • Once per Boarding, if you are the defender, you may push Jacklyn forward for a Boarding Attack when she is tacked.	playerNDeck
ee6f8f1d-c2b4-470c-a1b0-985e70bc6e9e	Le Petit Esprit	7th-sea/promo/7thSea-Promo-LePetitEsprit.jpg	default	Ship	Promo	unaligned													5	1	F	React: Tack after you have completed an Adventure to untack one of your Crew that produce Adventuring to complete that Adventure. React: Tack before performing an action, to move to an adjacent Sea.	playerNShip
ae63cbf0-4898-428d-ac31-7b60dade92e3	Luis Rafael Dominguez de San Angelo	7th-sea/promo/7thSea-Promo-LuisRafaelDominguezDeSanAngelo.jpg	default	Crew	Promo	Castille	5	In				P	c,t	0	0	3	2	3			F	Unique • Swordsman +2 • When Luis inflicts Hits in a Duel, the opposing Crew in the Duel may not tack to absorb the Hits	playerNDeck
e6527fb3-3cc3-4da3-98d1-1a23ad862c42	Neeman the Coward	7th-sea/promo/7thSea-Promo-NeemanTheCoward.jpg	default	Crew	Promo	unaligned	2	In				P	c,t	0	3	1	0	1			F	Unique • Discard Neeman if another Ship enters your Sea.	playerNDeck
e52a7f51-55d7-4242-be66-57da8c85e821	Reynard Fornier	7th-sea/promo/7thSea-Promo-ReynardFornier.jpg	default	Crew	Promo	Black Freighter	3	In				P	c,t	0	1	0	1	1			F	Unique • Loyal • When this Crew tacks or sink to absorb Hits you may discard one card from your hand to have him absorb 2 extra Hits (you may not discard multiple cards for extra Hits).	playerNDeck
957c1822-0b26-4684-b9e8-e9749d716028	Salvador Bernoulli	7th-sea/promo/7thSea-Promo-SalvadorBernoulli.jpg	default	Crew	Promo	unaligned	7	In				P	c,t	1	2	3	4	3			F	Unique • Heroic • First Mate • Swordsman +2 • Salvador inflicts an additional 4 Hits during Boarding Attacks when the other Ship in the Boarding has a Villainous Captain on Board.	playerNDeck
9c743de5-ea76-41a2-8c8c-8440fcf6921c	The Highland Piper	7th-sea/promo/7thSea-Promo-TheHighlandPiper.jpg	default	Ship	Promo	unaligned													6	2	F	React: Tack before performing an action, to move to an adjacent Sea. React: Tack when you are paying Adventuring to complete an Adventure with the Goods or Item traits to reduce the Adventuring cost of that Adventure by 3 (minimum 0).	playerNShip
14072be8-b2a9-492f-aca8-e1342950210f	The Moon Beckoned	7th-sea/promo/7thSea-Promo-TheMoonBeckoned.jpg	default	Action	Promo							S	d.p								F	You may only play this card if all of your Crew are tacked. Move your Ship to an adjacent Sea. Sink this card.	playerNDeck
00844f01-5f46-4746-95f3-cf6cbaa813ff	Tracey Anvilin	7th-sea/promo/7thSea-Promo-TraceyAnvilin.jpg	default	Crew	Promo	unaligned	6	In				P	c,t	1	0	2	3	3			F	Unique • Swordsman +2 • There is no limit to the number of Swordsman Knacks Tracey may have attached (overriding the text on the Swordsman Knacks).	playerNDeck
eedc7f3c-639f-11ec-90d6-0242ac120003	Trechaut	7th-sea/promo/7thSea-Promo-Trechaut.jpg	default	Attachment	Promo		2	Ad				C	d,s								P	Unique • Port • Any player in this Sea may sink this card by producing 4 Swashbuckling as an action. Holy Crew in this Sea have +1 to all of their skills.	playerNDeck
b7b9a696-63a0-11ec-90d6-0242ac120003	What Do We Have Here?	7th-sea/promo/7thSea-Promo-WhatDoWeHaveHere.jpg	default	Action	Promo							D	p,t								P	Act: Draw the next 3 cards from your deck. You may attach any Adventure cards drawn to Seas they can be legally placed in. Discard all of these cards which you do not put into play.	playerNDeck
b9d77ce7-d300-44d1-9b6c-75f4328cf64c	“Beat You To It!“	7th-sea/iron-shadow/7thSea-IronShadow-BeatYouToIt.jpg	default	Action	Iron Shadow		0		0			D	p,t								R	Act: Target another player's uncompleted Adventure. If you have a copy of that Adventure in your hand, place that Adventure in the target's Sea and discard the target. React: Play after you put an Adventure into play. Attach this card to that Adventure. The Adventuring cost to complete that Adventure is reduced by 3. When the Adventure is completed, discard this card. If another Ship moves into the same Sea as this card, discard this card and the Adventure.	playerNDeck
b7cb7f33-40b6-40d2-af68-b9af3cc15a80	“Brother” Mattias Brewer	7th-sea/iron-shadow/7thSea-IronShadow-BrotherMattiasBrewer.jpg	default	Crew	Iron Shadow	Sea Dogs	4	In				P	c,t	0	0	3	1	2			U	Heroic This Crew produces 2 extra Adventuring when tacking to produce Adventuring to complete an Artifact Adventure.	playerNDeck
1ae94fde-14bf-4969-9538-a9f69a9790fd	“Butcher” Pinchot	7th-sea/iron-shadow/7thSea-IronShadow-ButcherPinchot.jpg	default	Crew	Iron Shadow	Crimson Rogers	4	In				P	c,t	1	0	0	1	1			U	Unique • Loyal • Villainous This Crew does not count against your Crew Maximum. Act: Once per turn, you may tack this Crew to untack one of your Crew with the No Attachments trait.	playerNDeck
869da1d3-ab9c-4b2c-8071-6f33336ef7c1	“Captain“	7th-sea/iron-shadow/7thSea-IronShadow-Captain.jpg	default	Attachment	Iron Shadow		2	Ad				C	d,s								R	SEA DOG CAPTAIN ATTACHMENT Unique • Pet React: Tack this card when you are paying an Adventuring cost to produce 3 Adventuring.	playerNDeck
927bb2c5-7a3c-4ca3-b720-183d46875850	“Fire as She Passes!“	7th-sea/iron-shadow/7thSea-IronShadow-FireAsShePasses.jpg	default	Action	Iron Shadow		3	Ca	0			D	p,t								C	React: Play when a Ship in this Sea has finished resolving a Cannon Attack against your Ship. Target that Ship to inflict a 6 Hit Cannon Attack on the target Ship.	playerNDeck
85fe9771-9463-4272-a985-21b7a624db29	“Fire the Chase Guns!“	7th-sea/iron-shadow/7thSea-IronShadow-FireTheChaseGuns.jpg	default	Action	Iron Shadow		0					S	d,p								R	React: Play after you finish resolving a Cannon Attack for which you produced 7 or more Cannon. You may immediately perform another Cannon Attack.	playerNDeck
cb8f7e1a-474d-4ebe-8b79-80dbdd95b793	“It's A Trap.”	7th-sea/iron-shadow/7thSea-IronShadow-ItsATrap.jpg	default	Action	Iron Shadow		3	In				D	p,t								U	React: Play when another player is performing an action to discard or sink one of your Sea Attachments. That action is canceled. Inflict 3 Hits on that player's Ship.	playerNDeck
a48dca52-fc9d-4053-90f9-fa0d11841504	“Lucky” Vandrad Hallvardson	7th-sea/iron-shadow/7thSea-IronShadow-LuckyVandradHallvardson.jpg	default	Crew	Iron Shadow	Vesten	3	In				P	c,t	0	3	0	0	1			C	Topman When this Crew tacks to absorb Hits, he absorbs 2 extra Hits.	playerNDeck
b3a7dacc-17c5-46ad-a3b8-0169e92be18a	“Lyin” John Fox	7th-sea/iron-shadow/7thSea-IronShadow-LyinJohnFox.jpg	default	Crew	Iron Shadow	Sea Dogs	4	In				P	c,t	2	2	2	0	2			C	React: Tack this Crew after completing a Goods Adventure. You may immediately perform an additional action.	playerNDeck
1ee46dc0-d697-4863-88cd-0fcec2c391db	“Magpie“ Muscov	7th-sea/iron-shadow/7thSea-IronShadow-MagpieMuscov.jpg	default	Crew	Iron Shadow	Explorer's Society	3	In				P	c,t	0	4	0	0	1			R	*Ussura* Unique • Loyal When hiring this Crew, you may pay an additional 3 Influence to give him the trait: Pyeryem 1, +2 Adventuring and +2 Swashbuckling until the end of the game.	playerNDeck
72110648-2032-432f-9035-e24997330662	“Pack 'em In!”	7th-sea/iron-shadow/7thSea-IronShadow-PackEmIn.jpg	default	Attachment	Iron Shadow							C	d,s								F	CAPTIVE CREW ATTACHMENT This card may be attached to a Captive Crew which has the No Attachments trait. This Crew counts one less against your Ship's Crew Maximum (minimum 0).	playerNDeck
df018bf5-4eea-46f4-ab0d-6fa8bf9c7d74	“Pincushion“ Paolo	7th-sea/iron-shadow/7thSea-IronShadow-PincushionPaolo.jpg	default	Crew	Iron Shadow	Brotherhood	3	In				P	c,t	0	2	0	0	3			C	Crew Attachments being attached to Paolo with the word “Earring“ in the title have their skill cost reduced by 4 (minimum 0).	playerNDeck
0056d186-dacb-4e31-9c87-e0bc1da80016	“Prepare for Boarding“	7th-sea/iron-shadow/7thSea-IronShadow-PrepareForBoarding.jpg	default	Action	Iron Shadow		0		0			D	p,t								C	React: Play instead of performing a Boarding Attack. Until the end of the Boarding, all of your Crew inflict 1 extra Hit during Boarding Attacks.	playerNDeck
d6dbbf00-6164-4836-961e-92903a326f2e	“Ramming Speed!“	7th-sea/iron-shadow/7thSea-IronShadow-RammingSpeed.jpg	default	Action	Iron Shadow		3	Sa	5	Sa		S	d,p								R	Act: Target a Ship in this Sea. Inflict Hits on the target Ship equal to your Ship's Move Cost +4. Then inflict Hits on your Ship equal to the opposing Ship's Move Cost +1.	playerNDeck
4e0cb2fd-1886-4cef-b2ec-fc35a95e4912	“Repel Boarders!“	7th-sea/iron-shadow/7thSea-IronShadow-RepelBoarders.jpg	default	Action	Iron Shadow		2	Sw	6	Sw		S	d,p								C	React: Play immediately after you suffer Hits during a Boarding. Target the other Ship in the Boarding. This Boarding is ended.	playerNDeck
60c5ac91-10e0-44d7-938b-96c6162271d9	“Rigger“ Mortis	7th-sea/iron-shadow/7thSea-IronShadow-RiggerMortis.jpg	default	Crew	Iron Shadow	Black Freighter	4	In				P	c,t	0	4	0	0	1			F	Loyal • Topman Act: Sink this Crew to move your Ship to an adjacent Sea.	playerNDeck
c349755f-8e0b-4a3f-bc46-5bd6462d6329	“Take it Like a Man!“	7th-sea/iron-shadow/7thSea-IronShadow-TakeItLikeAMan.jpg	default	Action	Iron Shadow		3	Ad	0			S	d,p								U	React: Play when a player plays an Action card in reaction to suffering Hits. That card is canceled.	playerNDeck
71a98cc4-fe8e-4204-b198-4b5dec937e0d	“Take No Prisoners!“	7th-sea/iron-shadow/7thSea-IronShadow-TakeNoPrisoners.jpg	default	Attachment	Iron Shadow		0					C	d,s								U	CRIMSON ROGER SHIP ATTACHMENT React: Tack this card and one of your Crimson Roger Crew instead of performing a Boarding Attack to target a non-Captain Crew on the opposing Ship with a Swashbuckling skill less than 3. Discard the target Crew.	playerNDeck
af33fc59-ec46-42ff-a667-2361877d26c7	“There's More Where They Came From“	7th-sea/iron-shadow/7thSea-IronShadow-TheresMoreWhereTheyCameFrom.jpg	default	Action	Iron Shadow		0		0			D	p,t								U	React: Play when one of your Captive cards is discarded from your Ship or sunk to immediately hire a Captive Crew from your hand. The Crew's Influence cost is reduced by 3 (minimum 0). You must continue to pay any remaining Influence cost.	playerNDeck
82875b26-5d47-48a8-b44b-c1c7287d0a84	“We're Doomed!“	7th-sea/iron-shadow/7thSea-IronShadow-WereDoomed.jpg	default	Attachment	Iron Shadow		0					C	d,s								U	CREW ATTACHMENT Glamour 1 Knack React: Tack this card when a Sea Attachment is inflicting Hits on a Ship. The Attachment inflicts 2 extra Hits.	playerNDeck
e00ec0f5-8a08-4f65-a31e-280d79e4cb84	“Will Do You No Good!“	7th-sea/iron-shadow/7thSea-IronShadow-WillDoYouNoGood.jpg	default	Action	Iron Shadow		4	Ad				S	d,p								C	React: Play when a player performs a React. That React is canceled.	playerNDeck
7c6c0d65-d2e4-499e-ab2a-f53288572aff	“X“ Almost Marks the Spot	7th-sea/iron-shadow/7thSea-IronShadow-XAlmostMarksTheSpot.jpg	default	Action	Iron Shadow		1	Ad	5	Sa		D	p,t								R	Act: Target another player's uncompleted non-Artifact Adventure. Place the target Adventure in any other Sea. React: Play after another player has paid a completion cost for an Adventure to target that Adventure. The target Adventure is still considered uncompleted. Place the target Adventure in a Sea adjacent to its current Sea.	playerNDeck
0c9d2de5-242b-430d-b58d-c966e755ad68	12-Pound Cannon Volley	7th-sea/iron-shadow/7thSea-IronShadow-12PoundCannonVolley.jpg	default	Action	Iron Shadow		6	Ca	0			S	d,p								C	Act: Target Ship in this Sea suffers a 7 Hit Cannon Attack. Act: Target Ship in this Sea suffers a 2 Hit Cannon Attack. When playing this effect, you may tack one of your completed Adventures that provides a Cannon skill bonus of 4 or more instead of paying the skill cost.	playerNDeck
41139a8b-83b7-4d34-b36b-0b47d32d91b2	16-Pound Cannon Volley	7th-sea/iron-shadow/7thSea-IronShadow-16PoundCannonVolley.jpg	default	Action	Iron Shadow		9	Ca	0			S	d,p								U	Act: Target Ship in this Sea suffers an 11 Hit Cannon Attack. Act: Target Ship in this Sea suffers a 3 Hit Cannon Attack. When playing this effect, you may tack one of your completed Adventures that provides a Cannon skill bonus of 5 or more instead of paying the skill cost.	playerNDeck
94a37cc2-ae87-4b05-9113-b48f72b288ca	20-Pound Cannon Volley	7th-sea/iron-shadow/7thSea-IronShadow-20PoundCannonVolley.jpg	default	Action	Iron Shadow		12	Ca	0			S	d,p								R	Act: Target Ship in this Sea suffers a 15 Hit Cannon Attack. React: Play when you perform a Cannon Attack. When Crew tack to absorb hits from the Attack, they produce 2 less Swashbuckling (minimum 0). After the Cannon Attack is resolved, sink this card. When playing this effect, you may tack two of your completed Adventures that provide a Cannon skill bonus of 4 or more instead of paying the skill cost.	playerNDeck
4fae2cf6-c52d-46da-8c05-838a73746cb5	A Better Offer	7th-sea/iron-shadow/7thSea-IronShadow-ABetterOffer.jpg	default	Action	Iron Shadow		3	Ad	1	In		D	p,t								C	Act: Target a Ship. If that Ship has more than one untacked Crew, that player must tack a Crew. Act: Target another player's Crew inthis Sea without any cards attached. If that Crew is not aligned to their Captain's faction, the target Crew is discarded. If the target Crew is not unaligned, than the cancel cost of this card is increased by 4.	playerNDeck
4ed17c14-4c5a-49f0-836b-91e7da5919ce	A Blooded Coin	7th-sea/iron-shadow/7thSea-IronShadow-ABloodedCoin.jpg	default	Attachment	Iron Shadow		1	In				C	d,s								U	CREW ATTACHMENT Item • Porte 1 Knack React: Tack this card when you are inflicting 4 or less Hits with a Cannon Attack. The player suffering the Hits may not play any cards in reaction to suffering these Hits.	playerNDeck
ce829278-92cb-476c-a733-448b2581d892	A Final Test	7th-sea/iron-shadow/7thSea-IronShadow-AFinalTest.jpg	default	Action	Iron Shadow							D	p,t								C	React: Play when you are suffering Hits to reduce those Hits to 0. Until the end of the turn, any time you suffer Hits the amount of Hits suffered is increased by 3.	playerNDeck
08f1f71a-12ce-4510-82a1-5c71e6b39e6f	A Little Broadside Help	7th-sea/iron-shadow/7thSea-IronShadow-ALittleBroadsideHelp.jpg	default	Action	Iron Shadow							D	p,t								U	React: Play when you are paying a Cannon cost. Tack one of your Ally cards in this Sea to produce 4 Cannon.	playerNDeck
09762450-8782-4b7e-bcda-f746fc8aa354	A Little Financial Help	7th-sea/iron-shadow/7thSea-IronShadow-ALittleFinancialHelp.jpg	default	Action	Iron Shadow							S	d,p								U	React: Play when you are paying an Influence cost. Tack one of your Ally cards in this Sea to produce 4 Influence.	playerNDeck
702748c5-5f1c-484d-9317-9446c3bb7a87	A Little Sailing Help	7th-sea/iron-shadow/7thSea-IronShadow-ALittleSailingHelp.jpg	default	Action	Iron Shadow							D	p,t								U	React: Play when you are paying Sailing. Tack one of your Ally cards in this Sea to produce 4 Sailing.	playerNDeck
b15e8e6f-4314-4c8e-a726-3d8f5d73afbb	A Sailor's First Skill	7th-sea/iron-shadow/7thSea-IronShadow-ASailorsFirstSkill.jpg	default	Attachment	Iron Shadow		0					C	d,s								C	CREW ATTACHMENT Item This Crew's Boarding Attacks that  finish with a Punch inflict 2 extra Hits. React: Tack this card when  this Crew reverses a Club Boarding Attack with a Punch to draw a  card from your deck.	playerNDeck
2b8b7327-6f11-47f3-a6f7-0dc2d8ff0923	Aaron Blackstone	7th-sea/iron-shadow/7thSea-IronShadow-AaronBlackstone.jpg	default	Captain	Iron Shadow	unaligned					7			3	4	3	3	3			R	Start: La Boca Villainous • Swordsman +2 Aaron may only use ships with no faction symbol. While you have three or more unaligned Crew on Board with a printed Influence cost greater than 2, all of your other Crew have +1 Adventuring.	playerNCaptain
d8b191dd-35df-41bc-ac62-fc247e35761e	Across the Mirror	7th-sea/iron-shadow/7thSea-IronShadow-AcrossTheMirror.jpg	default	Adventure	Iron Shadow							T	c,s								C	1 Sea Away To complete: Pay 3 Adventuring (2 if completed in The Mirror). Crew Attachment: +3 Adventuring	playerNDeck
36e632ec-77d4-400f-a5e2-50f044bbd0eb	Adeeb Al-Amid	7th-sea/iron-shadow/7thSea-IronShadow-AdeebAlAmid.jpg	default	Crew	Iron Shadow	Corsairs	3	In				P	c,t	0	4	0	0	1			C	Captive You must discard 1 card from your hand before this Crew tacks to produce skill points, unless you have a Corsairs First Mate in play.	playerNDeck
8482ae69-cd70-4d09-a911-5e99a8c1d719	Advanced Gunnery	7th-sea/iron-shadow/7thSea-IronShadow-AdvancedGunnery.jpg	default	Attachment	Iron Shadow		4	Ca				C	d,s								R	GUNNER ATTACHMENT A Crew may not have more than one copy of this card attached. React: Tack this card when this Crew produces 4 or more Cannon to draw 1 card.	playerNDeck
cf235908-85be-45a1-a772-f89feb4af0d8	Advanced Swordsmanship	7th-sea/iron-shadow/7thSea-IronShadow-AdvancedSwordsmanship.jpg	default	Attachment	Iron Shadow		2	In				C	d,s								R	SWORDSMAN ATTACHMENT +2 Swordsman	playerNDeck
3b8862d5-689f-4a87-aed1-fab08ad2c9f3	Advanced Topmanship	7th-sea/iron-shadow/7thSea-IronShadow-AdvancedTopmanship.jpg	default	Attachment	Iron Shadow		7	Sa				C	d,s								R	TOPMAN ATTACHMENT A Crew may not have more than one copy of this card attached. React: Discard this card when this Crew tacks to pay the Sailing cost to begin a Boarding or pay the Sailing cost of an action that will result in a Boarding. That Action may not be canceled with card effects.	playerNDeck
999325df-2d55-4a90-ad9e-135f1a37942e	Adventuring Galley	7th-sea/iron-shadow/7thSea-IronShadow-AdventuringGalley.jpg	default	Attachment	Iron Shadow		4	In				C	d,s								U	THIS SEA ATTACHMENT Ally Any player in this Sea may discard this card by paying 3 Swashbuckling or Cannon as an action. Act: Tack this card to attach it to an adjacent Sea. Act: Tack this card to complete one of your Adventures in this Sea with a completion cost of 3 or less Adventuring.	playerNDeck
ff531423-621c-410e-b5be-94143d8736f8	Ahmed Khalid	7th-sea/iron-shadow/7thSea-IronShadow-AhmedKhalid.jpg	default	Crew	Iron Shadow	Corsairs	3	In				P	c,t	0	2	0	0	1			U	Rower • Loyal • Captive React: Discard this Crew after you tack a Crew to produce Sailing to produce an additional 2 Sailing.	playerNDeck
4e8e5e90-9312-41ed-aef9-b3df3ac6d108	Aimon Riche du Pourisse	7th-sea/iron-shadow/7thSea-IronShadow-AimonRicheDuPourisse.jpg	default	Crew	Iron Shadow	Montaigne	3	In				P	c,t	0	2	0	0	2			C	Topman When this Crew tacks to absorb Hits, she absorbs 2 extra Hits, except during Boarding.	playerNDeck
a8fe35e7-c940-463a-8404-4845d6e767ac	Alec Mercer	7th-sea/iron-shadow/7thSea-IronShadow-AlecMercer.jpg	default	Crew	Iron Shadow	Crimson Rogers	4	In				P	c,t	1	4	0	0	3			C	Villainous This Crew is considered to have a Face Attachment. When this Crew is performing a Cannon Attack targeting a ship with more Crew than its printed Crew Maximum, the Cannon Attack inflicts 4 extra Hits.	playerNDeck
8aac7de8-2800-4638-9f3b-744576bf8b4a	Aleen Van Ostrand	7th-sea/iron-shadow/7thSea-IronShadow-AleenVanOstrand.jpg	default	Crew	Iron Shadow	Vesten	4	In				P	c,t	0	4	0	1	2			C	*Invisible College* Attachment cards with the Item trait being attached to this Crew have their skill cost reduced by 2 (minimum 0).	playerNDeck
923f0ab7-e998-4d99-9093-16d45b529f71	Alister McGurk	7th-sea/iron-shadow/7thSea-IronShadow-AlisterMcGurk.jpg	default	Crew	Iron Shadow	Sea Dogs	3	In				P	c,t	2	0	0	0	1			C	Gunner React: Tack this Crew when you are paying the Sailing cost to begin a Boarding. This Crew produces Sailing equal to your Ship's Move Cost.	playerNDeck
efad7da8-807d-4f57-ad05-73dd4263c0c1	Allende	7th-sea/iron-shadow/7thSea-IronShadow-Allende.jpg	default	Captain	Iron Shadow	Brotherhood					9			2	3	5	3	4			F	*Los Vagos* Start: La Boca Heroic • Swordsman +2 While you have 3 or more other Brotherhood Crew on your Ship, you are always considered to be in the Sea with the lower completion cost when completing an Adventure.	playerNCaptain
cdfd7e11-3354-4b11-b6db-89d34592da44	Almost Missed	7th-sea/iron-shadow/7thSea-IronShadow-AlmostMissed.jpg	default	Action	Iron Shadow		M+2					D	p,t								R	React: Play after you have resolved a Cannon Attack performed by one of your Gunner Crew. Target the Ship that was originally targeted by the attack and begin a Boarding with that Ship. This Boarding may not be canceled in any way. This Boarding ends after 4 rounds. You may play only one Almost Missed in reaction to a single Cannon Attack.	playerNDeck
d0e9bdf6-085b-48d1-9ae3-5bc513b06e38	Ambush Boarding	7th-sea/iron-shadow/7thSea-IronShadow-AmbushBoarding.jpg	default	Action	Iron Shadow		M+4		0			D	p,t								R	Act: Target another Ship in this Sea to begin a Boarding with the target Ship.	playerNDeck
05ae18c3-db19-4af6-af6b-5776ef1981b0	Amiral Alazais Valoix-Praisse III	7th-sea/iron-shadow/7thSea-IronShadow-AmiralAlazaisValoixPraisseIII.jpg	default	Captain	Iron Shadow	Montaigne					9			2	3	2	5	3			F	Start: Frothing Sea Villainous • Swordsman +2 React: Tack or sink one of your Ally cards in this Sea when you are absorbing Hits, except during Boarding. You suffer 3 fewer Hits if you have 3 or more other Montaigne Crew on board.	playerNCaptain
64862612-0a88-4f37-bdeb-07b236c38f61	Ancient Training Techniques	7th-sea/iron-shadow/7thSea-IronShadow-AncientTrainingTechniques.jpg	default	Adventure	Iron Shadow							T	c,s								F	2 Seas Away To complete: Pay 6 Adventuring (4 if completed in La Boca). Crew Attachment: +2 Swashbuckling. This Crew inflicts 3 extra Hits during Boarding Attacks.	playerNDeck
169d2763-4e21-405a-b086-dfb834c8cb1d	Andre Braudel	7th-sea/iron-shadow/7thSea-IronShadow-AndreBraudel.jpg	default	Crew	Iron Shadow	Gosse's Gentlemen	8	In				P	c,t	3	3	3	2	3			R	Unique • Loyal • Heroic First Mate • Swordsman +1 React: When your Ship is suffering 7 or more Hits from a single action, reduce the Hits you are suffering by 4. You may only use this ability once each time you suffer Hits.	playerNDeck
dc009e43-8d79-463d-95a9-f69ae2d0768c	Andrei Levovich	7th-sea/iron-shadow/7thSea-IronShadow-AndreiLevovich.jpg	default	Crew	Iron Shadow	Crimson Rogers	3	In				P	c,t	1	0	1	0	3			C	*Ussura* React: Untack Andrei after another Ship begins a Boarding against your Ship and you do not cancel it.	playerNDeck
2fc8c85e-cdb2-4400-8137-f10d7e6e6322	Andres Donovich	7th-sea/iron-shadow/7thSea-IronShadow-AndresDonovich.jpg	default	Crew	Iron Shadow	Corsairs	3	In				P	c,t	0	2	0	1	1			C	Loyal • Rower This Crew gains +1 to all of his skills for every Face, Eye, Hand, or Leg card currently attached to your Captain.	playerNDeck
9d7296ed-15f2-4391-b550-1a9f3c21fdb1	Andrew Littlejohn	7th-sea/iron-shadow/7thSea-IronShadow-AndrewLittlejohn.jpg	default	Crew	Iron Shadow	Sea Dogs	3	In				P	c,t	0	3	0	0	1			C	Topman When this Crew tacks to absorb Hits, he absorbs 2 extra Hits, except during Boarding.	playerNDeck
22f9e805-4057-41aa-9abf-2deff66a3ed6	Angus McCloud	7th-sea/iron-shadow/7thSea-IronShadow-AngusMcCloud.jpg	default	Crew	Iron Shadow	Sea Dogs	6	In				P	c,t	2	1	2	1	3			U	Heroic This Crew's Boarding Attacks inflict 3 extra Hits when the other Ship in the Boarding has a Villainous Captain.	playerNDeck
1dab2840-bd9e-457d-be3d-ca773ff0c4c2	Annie Rush	7th-sea/iron-shadow/7thSea-IronShadow-AnnieRush.jpg	default	Crew	Iron Shadow	Sea Dogs	4	In				P	c,t	2	3	0	0	1			C	Swordsman +1	playerNDeck
993b7156-cf8d-447b-8b00-98fedf2a9716	Another Betrayal	7th-sea/iron-shadow/7thSea-IronShadow-AnotherBetrayal.jpg	default	Action	Iron Shadow				2	In		D	p,t								R	Act: Tack one of your Heroic Crew to target and inflict 4 Hits on a Ship in this Sea. The cancel cost of this card may not be paid if the target Ship has a Villainous Crew on board.	playerNDeck
8473e6b5-37ed-470d-8e16-5068de9d370d	Antonio Aldonez	7th-sea/iron-shadow/7thSea-IronShadow-AntonioAldonez.jpg	default	Crew	Iron Shadow	Castille	8	In				P	c,t	1	4	2	2	4			R	Experienced • Unique • Loyal • First Mate • Heroic • Swordsman +1 Act: Once per turn, discard a card from your hand to target another Ship in this Sea and begin a Boarding with that Ship. This Boarding may not be canceled (even with card effects). This Boarding ends after 3 rounds.	playerNDeck
179c92d4-5582-44e4-a19e-c29a93389e39	Arisent	7th-sea/iron-shadow/7thSea-IronShadow-Arisent.jpg	default	Attachment	Iron Shadow		12	In				C	d,s								R	FROTHING SEA ATTACHMENT Unique • Control • Port You must be in the Frothing Sea to play this card. Any player in the Frothing Sea may discard this card by tacking one of their Crew with Swashbuckling greater than 6 as an action. When you are in an adjacent Sea, and tacking to pay for a Control card, your Captain produces 3 extra skill points.	playerNDeck
c461d2c6-e71c-45d1-9e16-eb46adbe84dd	Armed Brig	7th-sea/iron-shadow/7thSea-IronShadow-ArmedBrig.jpg	default	Attachment	Iron Shadow		6	In				C	d,s								U	THIS SEA ATTACHMENT Ally Any player in this Sea may discard this card by paying 5 Swashbuckling or Cannon as an action. Act: Tack this card to attach it to an adjacent Sea. Act: Tack this card and target a Ship in this Sea to inflict a 4 Hit Cannon Attack on the target Ship.	playerNDeck
c1a21860-66a7-4cdc-ae7f-0bd5963d6e6d	Armed Frigate	7th-sea/iron-shadow/7thSea-IronShadow-ArmedFrigate.jpg	default	Attachment	Iron Shadow		8	In				C	d,s								U	THIS SEA ATTACHMENT Ally Any player in this Sea may discard this card by paying 7 Swashbuckling or Cannon as an action. Act: Tack this card to attach it to an adjacent Sea. Act: Tack  this card and target a Ship in this Sea to inflict a 5 Hit Cannon Attack on the target Ship.	playerNDeck
4e3590a6-d30f-4cc0-90a6-f7d089cba16e	Armed Sloop	7th-sea/iron-shadow/7thSea-IronShadow-ArmedSloop.jpg	default	Attachment	Iron Shadow		6	In				C	d,s								F	THIS SEA ATTACHMENT Ally Any player in this Sea may discard this card by paying 3 Swashbuckling or Cannon as an action. Act: Tack this card to attach it to an adjacent Sea. Act: Tack this card to attach it to an adjacent Sea. Target a Ship in this Sea. Inflict a 3 Hit Cannon Attack on the target Ship.	playerNDeck
2590e5df-dd5b-4df9-948c-9f38ac7f43d3	Artifact Cannon	7th-sea/iron-shadow/7thSea-IronShadow-ArtifactCannon.jpg	default	Adventure	Iron Shadow							T	c,s								R	3 Seas Away • Artifact • Unique To complete: Pay 20 Adventuring (13 if completed in Trade Sea). Corsairs Ship Attachment: Act: Tack this card and discard any number of cards from your hand to target another Ship in this Sea. Inflict a Cannon Attack on the target Ship with Hits equal to twice the number of cards discarded.	playerNDeck
8c9ef9fe-e92d-41de-ab24-a0a895b4d630	Asprey	7th-sea/iron-shadow/7thSea-IronShadow-Asprey.jpg	default	Attachment	Iron Shadow		2	In				C	d,s								C	CAPTAIN ATTACHMENT Unique • Pet React: Discard this card instead of performing a Boarding Attack to inflict 3 Hits on the other Ship in the Boarding.	playerNDeck
4ba77572-e989-4d95-bf26-32ef46750a15	Augusto de Augustin	7th-sea/iron-shadow/7thSea-IronShadow-AugustoDeAugustin.jpg	default	Crew	Iron Shadow	Castille	6	In				P	c,t	0	0	0	1	4			R	Loyal • Villainous • Swordsman +2 You may draw two cards immediately before you push this Crew forward to start a Boarding Attack.	playerNDeck
4d6bf5d7-ba55-4bb3-8de1-de6c1017d3e0	Avalon Noble	7th-sea/iron-shadow/7thSea-IronShadow-AvalonNoble.jpg	default	Adventure	Iron Shadow							T	c,s								C	1 Sea Away • Patron To complete: Pay 3 Adventuring (2 if completed in Frothing Sea). Crew Attachment: +3 Adventuring	playerNDeck
b4fe83d9-e311-4c5c-b5d6-485584e3096a	Avoid Fate	7th-sea/iron-shadow/7thSea-IronShadow-AvoidFate.jpg	default	Attachment	Iron Shadow		0					C	d,s								R	CREW ATTACHMENT Fate 1 Knack React: Tack this card when you are suffering Hits to reduce the number of Hits you are suffering by this Crew's Fate (minimum 0).	playerNDeck
5ba35dcb-1d48-4b2c-8bf1-41c343ccedfa	Away Boarders!	7th-sea/iron-shadow/7thSea-IronShadow-AwayBoarders.jpg	default	Action	Iron Shadow		4	Sw	0			S	d,p								R	React: Play after you complete a Boarding Attack. You may conduct another Boarding Attack. Act: Target a Ship in this Sea to begin a Boarding with the target Ship that may not be canceled without a card effect. This Boarding ends after 2 rounds. When playing this effect, you may tack one of your completed Adventures that provides a Swashbuckling skill bonus of 1 or more instead of paying the skill cost.	playerNDeck
86bf0985-2a38-4963-8f07-1a5e505aa07b	Back Alley Rum	7th-sea/iron-shadow/7thSea-IronShadow-BackAlleyRum.jpg	default	Adventure	Iron Shadow							T	c,s								U	2 Seas Away • Illegal • Goods To complete: Pay 2 Adventuring (1 if completed in La Boca). Crew Attachment: +3 Influence	playerNDeck
87398708-872a-48fa-be8e-495f10092821	Bad Weather	7th-sea/iron-shadow/7thSea-IronShadow-BadWeather.jpg	default	Chantey	Iron Shadow				M+0			P	c,t								C	Any player may sink this Chantey by paying 6 Sailing as an Action. All Ship's Move Costs are increased by 2.	playerNDeck
d61351da-8288-40db-9872-21bfe68af84b	Battle of San Felipe	7th-sea/iron-shadow/7thSea-IronShadow-BattleOfSanFelipe.jpg	default	Adventure	Iron Shadow							T	c,s								C	1 Sea Away To complete: Pay 9 Adventuring (6 if completed in Forbidden Sea). Crew Attachment: +5 Cannon	playerNDeck
6642ade1-e1d2-4119-88b3-f4a2bdc7c2ef	Becalmed	7th-sea/iron-shadow/7thSea-IronShadow-Becalmed.jpg	default	Action	Iron Shadow		3	Ad	0			D	p,t								C	Weather React: Play before you perform an action. Target another Ship. That Ship may not move until after that player has passed as an action.	playerNDeck
d345cacc-9356-413d-a284-b3d0244466ab	Belaying Pin	7th-sea/iron-shadow/7thSea-IronShadow-BelayingPin.jpg	default	Attachment	Iron Shadow		0					C	d,s								C	CREW ATTACHMENT Item This Crew's Boarding Attacks that finish with a Club inflict 2 extra Hits. React: Tack this card when this Crew reverses a Dagger Boarding Attack with a Club to draw a card from your deck.	playerNDeck
4d292cef-d47a-4072-a2e4-5fbbd3458dd0	Belit	7th-sea/iron-shadow/7thSea-IronShadow-Belit.jpg	default	Attachment	Iron Shadow		2	In				C	d,s								R	GOSSE CAPTAIN ATTACHMENT Unique • Pet React: Tack Belit instead of performing a Boarding Attack. Inflict 2 Hits on the other Ship in the Boarding.	playerNDeck
cf442f90-45b2-48b8-b678-a104c778994a	Below the Waterline	7th-sea/iron-shadow/7thSea-IronShadow-BelowTheWaterline.jpg	default	Action	Iron Shadow							D	p,t								C	React: Play when you inflict more than 3 Hits with a Cannon Attack. The Ship targeted by the Cannon Attack has its Move Cost increased by 1 until the end of the turn.	playerNDeck
c770fb61-0051-47f7-beea-4063379a3606	Benny Gimble	7th-sea/iron-shadow/7thSea-IronShadow-BennyGimble.jpg	default	Crew	Iron Shadow	Sea Dogs	4	In				P	c,t	0	0	2	1	1			U	Unique • Glamour 1 This Crew's Influence and Swashbuckling may not be increased. While this Crew is untacked, you suffer 1 fewer Hit from each Boarding Attack during a Boarding (minimum 0).	playerNDeck
f1b86d68-5cb0-4355-b1d8-d951bf4c618b	Benoit “The Buccaneer” Racine	7th-sea/iron-shadow/7thSea-IronShadow-BenoitTheBuccaneerRacine.jpg	default	Crew	Iron Shadow	Brotherhood	6					P	c,t	2	0	4	0	3			U	Experienced • Unique • Loyal The title of this card is “Buccaneer” for Experienced purposes. React: Discard one of your Crew cards with the title “Buccaneer” when you are producing Adventuring to produce 3 Adventuring.	playerNDeck
36c4ba05-6167-4079-b54a-46ed74f4c992	Berek	7th-sea/iron-shadow/7thSea-IronShadow-Berek.jpg	default	Captain	Iron Shadow	Sea Dogs					10			3	2	2	4	4			F	Start: Trade Sea Heroic • Swordsman +2 React: Once per turn, when you are drawing cards at the end of the turn, you may  draw one additional card if you have 3 or more other Sea Dog Crew on board and none of your Crew were sunk this turn.	playerNCaptain
4de2e776-2ef4-4b4d-bff4-57482db516a4	Berek's Pistols	7th-sea/iron-shadow/7thSea-IronShadow-BereksPistols.jpg	default	Attachment	Iron Shadow		6	Sw				C	d,s								F	BROTHERHOOD CAPTAIN ATTACHMENT Unique • Signature Item Act: Sink this card to untack your Captain. Act: Tack this card to target one of your other Brotherhood Crew to give that Crew +2 to all of that Crew's skills that are greater than 1. React: Tack this card when you are paying an Adventuring cost for an action to play, discard or sink a Control card to give your Captain +4 Adventuring until after the action.	playerNDeck
67b7e407-9631-41c6-91bf-97cb19e1aff4	Berserker School	7th-sea/iron-shadow/7thSea-IronShadow-BerserkerSchool.jpg	default	Attachment	Iron Shadow		2	In				C	d,s								U	CREW ATTACHMENT Swordsman Knack A Crew may not have more than one copy of this card attached. +1 Swashbuckling. If a Crew is not pushed forward to fight this Crew when this Crew starts a Boarding Attack, this Crew inflicts 4 extra Hits.	playerNDeck
f3122044-6656-4c88-9b07-048633656554	Berserkers	7th-sea/iron-shadow/7thSea-IronShadow-Berserkers.jpg	default	Crew	Iron Shadow	Corsairs	3	In				P	c,t	0	0	3	0	2			C	Captive • No Attachments React: Tack and sink this Crew instead of performing a Boarding Attack. If you are the Attacker, the Defender suffers 4 Hits.	playerNDeck
1c2bf0b3-7310-4550-a2fe-0c55be9d85bf	Betrayal	7th-sea/iron-shadow/7thSea-IronShadow-Betrayal.jpg	default	Action	Iron Shadow		6	Sa	0			D	p,t								R	React: Target a Ship when you are suffering Hits. Redirect those Hits to the target Ship.	playerNDeck
109d72c5-5628-4c90-a2f9-ead9f18f5400	Better Off Chum	7th-sea/iron-shadow/7thSea-IronShadow-BetterOffChum.jpg	default	Action	Iron Shadow		4	Ca	0			S	d,p								U	Act: Target a Ship in this Sea to inflict a 7 Hit Cannon Attack on that Ship. The target may cancel this attack by sinking one of their Crew.	playerNDeck
b084e9fc-0cec-4bfb-a65c-6367552a89ca	Between Heaven and Earth	7th-sea/iron-shadow/7thSea-IronShadow-BetweenHeavenAndEarth.jpg	default	Attachment	Iron Shadow		2	Ad				C	d,s								R	TOPMAN ATTACHMENT Unique • Sailing 7 Knack This Crew counts one less against your Crew Maximum.	playerNDeck
fab02b5f-2974-4811-874b-1126d122d8e5	Billy “Bilge Rat” Bones	7th-sea/iron-shadow/7thSea-IronShadow-BillyBilgeRatBones.jpg	default	Crew	Iron Shadow	unaligned	3	In				P	c,t	0	0	2	0	1			R	Unique • No Attachments This Crew does not count against your Crew Maximum. Sink all cards attached to your Ship with the title “Billy Bones” when this card enters play. You may put this card into play at no cost if you have one or more “Billy Bones” cards \attached to your Ship.	playerNDeck
15883a9f-0f14-4839-90f5-dbf73d8de4ec	Bite the Bullet	7th-sea/iron-shadow/7thSea-IronShadow-BiteTheBullet.jpg	default	Attachment	Iron Shadow		3	In				C	d,s								U	HEROIC CREW ATTACHMENT Face (A Crew not have more than one Face Attachment.) React: Tack this card when you are suffering Hits to absorb 1 Hit, or 2 Hits if you have a Heroic Captain.	playerNDeck
c60a7b66-e348-43ef-94df-af95375928c3	Bjornsson's Horn	7th-sea/iron-shadow/7thSea-IronShadow-BjornssonsHorn.jpg	default	Adventure	Iron Shadow							T	c,s								R	3 Seas Away • Artifact • Unique To complete: Pay 17 Adventuring (10 if completed in Trade Sea). Captain Attachment: React: Tack your Captain and discard this card instead of performing a Boarding Attack to untack all of your Crew (including your Captain).	playerNDeck
3abb51a6-8e80-4655-bba1-562b044fda22	Black Heart	7th-sea/iron-shadow/7thSea-IronShadow-BlackHeart.jpg	default	Action	Iron Shadow		0		0			S	d,p								U	Act: If you have a Villainous Captain, sink one of your non-Captain Crew to draw four cards.	playerNDeck
16878109-a72f-4580-842c-98fa1deacffa	Black Heart of the Sea	7th-sea/iron-shadow/7thSea-IronShadow-BlackHeartOfTheSea.jpg	default	Attachment	Iron Shadow		0					C	d,s								F	BLACK FREIGHTER CAPTAIN ATTACHMENT Unique • Item Act: Tack this card to untack one of your Skeletal Crew. Discard that Crew at the end of this turn.	playerNDeck
cfedb75c-b319-4155-9cf1-1037cdef85fd	Black Siren	7th-sea/iron-shadow/7thSea-IronShadow-BlackSiren.jpg	default	Attachment	Iron Shadow		0					C	d,s								F	BLACK FREIGHTER CAPTAIN ATTACHMENT Unique • Patron To bring this card into play, another player must have 1 or more Crew in their sunk pile. Any player in the Trade Sea may sink this card by paying 5 Swashbuckling as an action. Other players must pay 1 extra Influence when hiring Crew.	playerNDeck
e7b54a7a-4272-4e82-8b1a-75dd39be4227	Blockade	7th-sea/iron-shadow/7thSea-IronShadow-Blockade.jpg	default	Attachment	Iron Shadow		3	Ad				C	d,s								C	SEA ATTACHMENT Any player in this Sea may discard this card by paying 6 Cannon or Swashbuckling as an action. Act: Tack this card to target a Ship in this Sea. Unless that Ship's controller pays 3 Influence, this card inflicts 4 Hits on that player's Ship.	playerNDeck
94540b56-7a8b-4d08-a5da-3a6ee6722c9b	Blocked Passages	7th-sea/iron-shadow/7thSea-IronShadow-BlockedPassages.jpg	default	Action	Iron Shadow							S	d,p								R	Unique React: Play this card when you are suffering Hits. Attach this card to your Ship as a Damage Attachment to absorb 4 Hits. While this card is attached you must tack 1 non-Captain Crew immediately after the untack phase. You may sink this Attachment by paying 3 Swashbuckling as an Action. You may not sink or discard this card with other card effects.	playerNDeck
cf83aad5-7832-48b8-b518-1572a5f0f774	Blood Enemies	7th-sea/iron-shadow/7thSea-IronShadow-BloodEnemies.jpg	default	Chantey	Iron Shadow				3	Ad		D	p,t								U	Any player may sink this Chantey by discarding a Crew from play as an action. All Captains are considered to have the following ability: Act: Discard one of your Crew from play and target a Ship in this Sea to produce a Cannon Attack that inflicts Hits equal to the printed Cannon Skill of the discarded Crew to the targeted Ship.	playerNDeck
3feac857-a13b-4037-a9a0-4dedf0619375	Boatload of Jennys	7th-sea/iron-shadow/7thSea-IronShadow-BoatloadOfJennys.jpg	default	Adventure	Iron Shadow							T	c,s								U	1 Sea Away • Illegal • Goods To complete: Pay 4 Adventuring (2 if completed in Trade Sea). Crew Attachment: +3 Influence	playerNDeck
c7b0d52e-8bb3-4f6c-a8ef-3b895d87e155	Bonnie's Knives	7th-sea/iron-shadow/7thSea-IronShadow-BonniesKnives.jpg	default	Attachment	Iron Shadow		6	Sw				C	d,s								F	SEA DOG CAPTAIN ATTACHMENT Unique • Signature Item Act: Sink this card to untack your Captain. Act: Tack this card to target one of your other Sea Dog Crew to give that Crew +2 to all of that Crew's skills that are greater than 1. React: Tack this card when you are paying a Swashbuckling cost for an action to play, discard or sink a Control card to give your Captain +4 Swashbuckling until after the action.	playerNDeck
f3a3f0aa-9fa7-406a-acb1-e0cd940ffe04	Braiding the Strands	7th-sea/iron-shadow/7thSea-IronShadow-BraidingTheStrands.jpg	default	Attachment	Iron Shadow							C	d,s								R	CREW ATTACHMENT Fate 1 Knack Act: Tack this card and target a player with a Ship in this Sea. Look at the top card of that player's deck. You may place that card in the target player's discard pile or return the card to the top of that player's deck.	playerNDeck
1538929d-9027-470d-8d6d-f0cec5ee0982	Brawny Rowers	7th-sea/iron-shadow/7thSea-IronShadow-BrawnyRowers.jpg	default	Crew	Iron Shadow	Vesten	3	In				P	c,t	0	3	0	0	2			C	Rower • No Attachments When this Crew tack to absorb Hits, it absorbs 1 extra Hit.	playerNDeck
581b7d31-33a4-4607-951c-29c317af28c4	Brenden Stafford	7th-sea/iron-shadow/7thSea-IronShadow-BrendenStafford.jpg	default	Attachment	Iron Shadow		2	In				C	d,s								F	EXPLORER CAPTAIN ATTACHMENT Unique • Patron React: Tack this card when you pay the skill cost to bring an Ally card into play. Reduce the Ally card's cost by 3 (minimum 1).	playerNDeck
351348ed-a4ca-42d5-a436-e6bce8158f46	Brennan	7th-sea/iron-shadow/7thSea-IronShadow-Brennan.jpg	default	Crew	Iron Shadow	Explorer's Society	5	In				P	c,t	0	0	3	2	1			U	*Rilascarie* Loyal Act: Tack this Crew and discard a card from your hand to draw a card.	playerNDeck
e16313e3-7e1f-4f85-96f5-66bd982ce339	Broken Compass Inn	7th-sea/iron-shadow/7thSea-IronShadow-BrokenCompassInn.jpg	default	Attachment	Iron Shadow		2	Ad				C	d,s								C	THIS SEA ATTACHMENT Any player in this Sea may sink this card by paying 3 Adventuring as an action. Act: Tack this card when you are in this Sea and paying an Influence cost to produce 1 Influence. React: When you are paying an Influence cost to hire a Crew aligned to your Captain's faction, tack this card and discard a card from your hand to produce 2 Influence.	playerNDeck
cd861e0d-f8ed-4490-a49a-283f26f1508a	Broken Shackles	7th-sea/iron-shadow/7thSea-IronShadow-BrokenShackles.jpg	default	Chantey	Iron Shadow		4	In				T	c,s								R	Any player may sink this Chantey by paying 5 Swashbuckling as an action. All Captains have the following ability: Act: Tack one of your Crew. Starting with yourself and continuing clockwise, each player's Ship suffers a number of Hits equal to the number of Crew they have on board.	playerNDeck
6da76bda-9fc3-4ec8-8e85-88c0f472acf8	Brutes	7th-sea/iron-shadow/7thSea-IronShadow-Brutes.jpg	default	Crew	Iron Shadow	unaligned	1	In				P	c,t	0	0	0	0	1			C	No Attachments When the this Crew tacks to absorb Hits, it absorbs 2 extra Hits.	playerNDeck
61db593a-5dbd-436a-a0cf-559bbade5171	Buccaneers	7th-sea/iron-shadow/7thSea-IronShadow-Buccaneers.jpg	default	Crew	Iron Shadow	Brotherhood	3	In				P	c,t	1	0	3	0	2			C	Loyal • No Attachments	playerNDeck
590a82ff-1d15-4c10-8bec-f70fe3604125	Bum Rush	7th-sea/iron-shadow/7thSea-IronShadow-BumRush.jpg	default	Action	Iron Shadow							D	p,t								R	React: Tack one of your First Mate Crew and produce any amount of Swashbuckling to play this card instead of performing a Boarding Attack. Target the other Ship in the Boarding. Inflict an amount of hits on the other Ship in the Boarding equal to the amount of Swashbuckling produced.	playerNDeck
43a6fc9b-aa1a-491b-903e-071bab901e8b	Burn Their Sails	7th-sea/iron-shadow/7thSea-IronShadow-BurnTheirSails.jpg	default	Action	Iron Shadow		0		M+3			S	d,p								R	Act: Target another Ship. Reduce that Ship's total Sailing by 10 (minimum 0) for purposes of determining Initiative next turn. Act: Sink a card from your hand to target a Crew. Until the end of the turn, that Crew's Sailing skill is always zero.	playerNDeck
2948d265-304d-4b19-a09a-5aa83a7ea1c4	Caligari's Doom	7th-sea/iron-shadow/7thSea-IronShadow-CaligarisDoom.jpg	default	Chantey	Iron Shadow				3	Sa		D	p,t								C	Any player may sink this Chantey by either tacking a Holy Crew or paying 6 Sailing as an action. Ships may not move to, through, or from the Forbidden Sea.	playerNDeck
4517f517-29a9-499f-9eb2-0d2bb44c6525	Caligari's Island	7th-sea/iron-shadow/7thSea-IronShadow-CaligarisIsland.jpg	default	Attachment	Iron Shadow		12	Sw				C	d,s								R	FORBIDDEN SEA ATTACHMENT Unique • Control • Port You must be in the Forbidden Sea to play this card. Any player in the Forbidden Sea may discard this card by tacking one of their Crew with Influence greater than 6 as an action. When you are in an adjacent Sea, and tacking to pay for a Control card, your Captain produces 3 extra skill points.	playerNDeck
2b59116d-44bc-4022-8c67-5797752e31a5	Canister Shot	7th-sea/iron-shadow/7thSea-IronShadow-CanisterShot.jpg	default	Action	Iron Shadow		4	Ca	0			D	p,t								C	React: Play instead of performing a Boarding Attack. Inflict a number of Hits on the target Ship equal to the number of untacked Crew on your Ship with a Cannon skill greater than zero.	playerNDeck
537359f9-2207-4970-aeee-99e942f4f216	Captain Bonnie McGee	7th-sea/iron-shadow/7thSea-IronShadow-CaptainBonnieMcGee.jpg	default	Captain	Iron Shadow	Sea Dogs					9			3	3	3	4	5			F	Start: Forbidden Sea Heroic • Swordsman +2 You may not have Bloody Bonnie McGee on board. While you have 3 or more other Sea Dog Crew on your Ship and there is a Villainous Captain in play, your Sea Dog Crew have +1 to all skills that are above zero.	playerNCaptain
14fc5622-4cf9-4c04-847a-d743314553c9	Captain Cosette	7th-sea/iron-shadow/7thSea-IronShadow-CaptainCosette.jpg	default	Captain	Iron Shadow	Explorer's Society					9			3	4	4	4	3			F	Start: The Mirror Heroic • Swordsman +2 You may not have Cosette on board. Act: Once per turn, if you have 3 or more other Explorers Crew on board, you may look at the top five cards of your deck. You may reveal one Adventure card or Explorer Crew card from those cards, then place it in your hand. Discard the remaining cards.	playerNCaptain
f5fade31-e1f2-4ffc-ac8b-a1729965cda7	Captain Jorund Guttormson	7th-sea/iron-shadow/7thSea-IronShadow-CaptainJorundGuttormson.jpg	default	Captain	Iron Shadow	Vesten					8			0	4	2	4	4			F	Start: Trade Sea Villainous • Swordsman +2 You may not have Jorund Guttormson on Board. Act: Once per turn, if you have 3 or more other non-Loyal Vesten Crew on board, pay any amount of Influence to target a Ship in this Sea. Target Ship suffers Hits equal to the half the amount of Influence produced (rounded up).	playerNCaptain
5d29a2d2-5e1b-442f-b4b8-fd6659408993	Captain Margaretta Orduno	7th-sea/iron-shadow/7thSea-IronShadow-CaptainMargarettaOrduno.jpg	default	Captain	Iron Shadow	Castille					9			2	2	3	3	5			F	Start: La Boca Swordsman +3 You may not have Margaretta Orduno on Board. Act: Tack to target one of your Swordsman Crew. If you have 3 or more other Castillian Crew on board your Ship, target a Ship in this sea whose player must target one of their Crew. Play a card from your hand as a Boarding Attack to begin a Duel between your Swordsman and the target Crew.	playerNCaptain
7b31a217-e3c9-4163-86d5-18ec1f48b535	Captain Melinda Gosse	7th-sea/iron-shadow/7thSea-IronShadow-CaptainMelindaGosse.jpg	default	Captain	Iron Shadow	Gosse's Gentlemen					9			2	2	4	4	3			F	Start: Frothing Sea Heroic • Swordsman +2 You may not have Melinda Gosse on Board. React: Tack this Captain when you are entering a Boarding. If you have 3 or more other Gosse Crew on board, you may untack two other Heroic Gosse Crew.	playerNCaptain
5e530210-ab67-4dda-8d21-adb08d54f450	Captain Necros	7th-sea/iron-shadow/7thSea-IronShadow-CaptainNecros.jpg	default	Captain	Iron Shadow	Black Freighter					7			3	4	2	3	4			F-S	Start: The Mirror Villainous • Fear 1 • Swordsman +2 You may only Hire Black Freighter Crew cards. Act: Once per turn, while you have 2 or more other non-Skeletal Crew on your Ship, you may Hire one Skeletal Crew by discarding cards from your hand equal to the Crew's Influence cost.	playerNCaptain
4529bf24-7c72-408d-a370-45c0967acde2	Captain Reis	7th-sea/iron-shadow/7thSea-IronShadow-CaptainReis.jpg	default	Captain	Iron Shadow	Crimson Rogers					7			4	4	3	3	4			F	Start: Forbidden Sea Villainous • Swordsman +2 While you have 3 or more other Crimson Rogers Crew on your Ship, your Cannon costs to play, cancel, discard, or sink a card are reduced by 3 (minimum 1).	playerNCaptain
5fe9ad09-5a55-4a44-9339-1dbe0c56a790	Captive Thugs	7th-sea/iron-shadow/7thSea-IronShadow-CaptiveThugs.jpg	default	Crew	Iron Shadow	Corsairs	3	In				P	c,t	1	3	0	0	1			C	Captive • Rower • Loyal • No Attachments	playerNDeck
eb8f15ad-2acd-4431-8816-767b265f5f8e	Cargo Hook	7th-sea/iron-shadow/7thSea-IronShadow-CargoHook.jpg	default	Attachment	Iron Shadow		0					C	d,s								C	CREW ATTACHMENT Item This Crew's Boarding Attacks that finish with a Slash inflict 2 extra Hits. React: Tack this card when this Crew reverses a Punch Boarding Attack with a Slash to draw a card from your deck.	playerNDeck
f73f591a-1a6b-4798-908a-284d28296f49	Carlos Altenar	7th-sea/iron-shadow/7thSea-IronShadow-CarlosAltenar.jpg	default	Crew	Iron Shadow	Castille	3	In				P	c,t	1	2	0	1	2			C	Villainous	playerNDeck
22341f0b-89a4-4013-87ce-9cbb73c3cf18	Carousing	7th-sea/iron-shadow/7thSea-IronShadow-Carousing.jpg	default	Action	Iron Shadow		0		0			D	p,t								C	React: Play when you are paying a skill cost. Discard another card from your hand to produce 1 point of any skill.	playerNDeck
1417ddb5-16fc-442c-9de2-504baf4b1b1b	Castillian Merchant Ship	7th-sea/iron-shadow/7thSea-IronShadow-CastillianMerchantShip.jpg	default	Adventure	Iron Shadow							T	c,s								C	1 Sea Away To complete: Pay 3 Adventuring (2 if completed in Forbidden Sea). Crew Attachment: +3 Cannon	playerNDeck
83733121-c6cf-48cf-aeb8-3d1dbb43c36a	Castillian Swordmaster	7th-sea/iron-shadow/7thSea-IronShadow-CastillianSwordmaster.jpg	default	Adventure	Iron Shadow							T	c,s								U	1 Sea Away • Henchman To complete: Pay 4 Adventuring (3 if completed in La Boca). Crew Attachment: +1 Swashbuckling. This Crew inflicts 2 extra Hits during Boarding Attacks.	playerNDeck
5b805929-e51e-41f6-9313-6538c88e2621	Cat O' Nine Tails	7th-sea/iron-shadow/7thSea-IronShadow-CatONineTails.jpg	default	Attachment	Iron Shadow		0					C	d,s								U	VILLAINOUS CREW ATTACHMENT Item React: Tack this card when another of your non-Captain Crew is tacking to produce skill points. That Crew produces 3 extra skill points, and then the Crew is discarded. Only one Cat O' Nine Tails can be used per Crew that tacks.	playerNDeck
8938b07f-35f5-4a56-b194-ea4a9a6eeb09	Cathwulf Vogt	7th-sea/iron-shadow/7thSea-IronShadow-CathwulfVogt.jpg	default	Crew	Iron Shadow	Montaigne	5	In				P	c,t	3	0	1	0	3			U	Unique • Gunner React: Tack this Crew instead of performing a Boarding Attack to inflict 3 Hits on the other Ship in the Boarding.	playerNDeck
e61ce19d-cc8d-43e7-8d64-f08b15868c49	Celedoine	7th-sea/iron-shadow/7thSea-IronShadow-Celedoine.jpg	default	Crew	Iron Shadow	Sea Dogs	6	In				P	c,t	0	0	0	2	1			R	Unique • Loyal • Glamour 1 When this Crew tacks to produce Influence, you may discard a card from your hand to produce 2 extra Influence.	playerNDeck
1f71483a-74e0-4e7b-8ea2-13bb3aec9cf5	Charge	7th-sea/iron-shadow/7thSea-IronShadow-Charge.jpg	default	Action	Iron Shadow							S	d,p								U	You may not play this card unless your Captain has at least 2 completed Adventures attached. React: Play this card instead of performing a Boarding Attack. Sink one of your Crew with an Influence cost greater than 2, to inflict 3 Hits on the other Ship in the Boarding.	playerNDeck
5e186018-33dd-4318-8c39-b72017df11e6	Cheap Barrels	7th-sea/iron-shadow/7thSea-IronShadow-CheapBarrels.jpg	default	Action	Iron Shadow		3	Ad	3	In		D	p,t								U	Act: Target a Ship. Until the end of the turn all Crew on that Ship have –1 Adventuring (minimum 0). Act: Target a Sea. Until the end of the turn, any skill costs to complete uncompleted Adventures in that Sea are increased by 2. When playing this effect, you may tack one of your completed Adventures that provides an Adventuring skill bonus of 2 or more instead of paying the skill cost.	playerNDeck
3055007f-765d-4b21-9879-d53fd30851e9	Cheap Sails	7th-sea/iron-shadow/7thSea-IronShadow-CheapSails.jpg	default	Attachment	Iron Shadow		3	In				C	d,s								C	SHIP ATTACHMENT Item • Cheap React: Discard this card when you are paying a Sailing cost to produce Sailing equal to your Ship's Move Cost.	playerNDeck
3a610164-33a4-4657-b259-969d15399064	Cleaners	7th-sea/iron-shadow/7thSea-IronShadow-Cleaners.jpg	default	Attachment	Iron Shadow		3	In				C	d,s								R	THIS SEA ATTACHMENT Ally Any player may sink this card by paying 6 Adventuring as an action. Control cards may not be discarded or sunk from this Sea. Control cards may not be attached to this Sea. Act: Tack this card to attach it to an adjacent Sea. Act: Discard a card from your hand to target a Ship in this Sea which has more Crew on board than their printed Crew Maximum. Inflict 3 Hits on the target Ship.	playerNDeck
88e38a44-e528-40df-898f-310ac2f186c0	Close Range Cannon Volley	7th-sea/iron-shadow/7thSea-IronShadow-CloseRangeCannonVolley.jpg	default	Action	Iron Shadow		0		0			D	p,t								C	Act: Target a Ship in this Sea. Pay 2 Sailing and 2 Cannon to inflict a 5 Hit Cannon Attack on the target Ship. React: Play when you are tacking one of your Gunner Crew. Tack one of your Topman Crew to produce Cannon equal to the Topman's Sailing skill.	playerNDeck
cc149536-d57e-4ded-8fad-2f98c7b9e745	Cluttered Ship	7th-sea/iron-shadow/7thSea-IronShadow-ClutteredShip.jpg	default	Action	Iron Shadow				4	In		D	p,t								U	Act: Target a Ship Attachment attached to another Ship in this Sea. Attach this card to that Attachment. Until the end of the game, target Ship Attachment counts as 1 additional Crew against that Ship's Crew Maximum regardless of other card effects. That Ship Attachment's controller may sink that Ship Attachment and this card as an action if that Attachment is not a Damage Attachment.	playerNDeck
7fa205df-b418-430f-8816-59e890e997ba	Comte Robert Mechant	7th-sea/iron-shadow/7thSea-IronShadow-ComteRobertMechant.jpg	default	Captain	Iron Shadow	Black Freighter					9			3	2	3	3	4			F	Start: The Mirror Villainous • Fear 1 • Swordsman +2 You may only hire Crew which have the Black Freighter faction symbol. React: Tack one of your Skeletal Crew when you are hiring another Skeletal Crew to produce Influence equal to the tack Crew's Swashbuckling skill. You may only use this ability if you have 3 or more other non-Skeletal Black Freighter Crew on board your Ship.	playerNCaptain
b035803b-e5b0-4203-bb70-27a55db23386	Corazon del Castille	7th-sea/iron-shadow/7thSea-IronShadow-CorazonDelCastille.jpg	default	Ship	Iron Shadow	Castille													11	4	F	React: Tack when you are paying the Sailing cost to begin a Boarding, or paying the Sailing cost of an action that will result in a Boarding, to produce 5 Sailing. React: Tack before performing an action, to move to an adjacent Sea	playerNShip
44a098f2-61ba-4ee0-8f8f-8b12888cde25	Cornelius van Brock	7th-sea/iron-shadow/7thSea-IronShadow-CorneliusVanBrock.jpg	default	Crew	Iron Shadow	Crimson Rogers	3	In				P	c,t	0	4	0	0	1			F	Topman This Crew is considered to have 2 Leg Attachments.	playerNDeck
86238283-9cfd-4d78-9a70-2b7b49b7c306	Courtly Manner	7th-sea/iron-shadow/7thSea-IronShadow-CourtlyManner.jpg	default	Action	Iron Shadow		0		0			D	p,t								U	React: Play when you are paying an Influence cost to produce 1 Influence.	playerNDeck
a5124746-389b-496b-b2d6-02184b14e7c3	Cross of Virtue	7th-sea/iron-shadow/7thSea-IronShadow-CrossOfVirtue.jpg	default	Attachment	Iron Shadow		6	Ad				C	d,s								R	HOLY CREW ATTACHMENT This Crew gains +1 Cannon, +1 Sailing, +2 Adventuring, +2 Influence and +1 Swashbuckling. React: Tack this card when another player pays the cancel cost of one of your Action cards to draw 3 cards from your deck.	playerNDeck
dccc2f45-56e4-4696-b4a0-77c3d4b7145a	Crossing Swords	7th-sea/iron-shadow/7thSea-IronShadow-CrossingSwords.jpg	default	Action	Iron Shadow		M+1					D	p,t								C	Act: Target a Ship in this Sea. Play this card to begin a Boarding with that Ship that may be canceled by the target Ship sinking one of their untacked Crew and cannot be canceled in any other way. This Boarding ends after 3 rounds.	playerNDeck
cdbf2404-2167-45a2-84a3-9e81b3adcb3a	Crossing the T	7th-sea/iron-shadow/7thSea-IronShadow-CrossingTheT.jpg	default	Action	Iron Shadow		0		0			S	d,p								R	Act: Target another Ship in this Sea. Tack 6 or more Cannon and 3 or more Sailing to produce a Cannon Attack on that Ship which inflicts a number of Hits equal to the amount of Cannon and Sailing produced.	playerNDeck
c04362aa-6d4c-40b0-a987-0fcf45dfd97f	Crucible of Faith	7th-sea/iron-shadow/7thSea-IronShadow-CrucibleOfFaith.jpg	default	Chantey	Iron Shadow		3	Ad				T	c,s								U	Any player may tack a Villainous Crew, as an action, to sink this Chantey. All Captains have the following ability: React: Tack one of your Crew with the Holy trait when you are suffering Hits to reduce the Hits to 0.	playerNDeck
1bea7fff-7e56-45d9-bffb-003f57370581	Crystal Earring	7th-sea/iron-shadow/7thSea-IronShadow-CrystalEarring.jpg	default	Attachment	Iron Shadow		3	Ad				C	d,s								C	CREW ATTACHMENT Item +1 Sailing React: Discard this card when you are paying a Sailing cost to produce 1 Sailing.	playerNDeck
32c111e6-cb0f-433c-b2b3-3e6073a948fa	Cutthroats	7th-sea/iron-shadow/7thSea-IronShadow-Cutthroats.jpg	default	Crew	Iron Shadow	unaligned	1	In				P	c,t	0	0	0	0	1			C	No Attachments When this Crew sinks to absorb Hits, it absorbs 5 extra Hits.	playerNDeck
19ff8591-dbcf-43cb-8ade-1ef2bc66634f	Dangerous Cargo	7th-sea/iron-shadow/7thSea-IronShadow-DangerousCargo.jpg	default	Adventure	Iron Shadow							T	c,s								U	1 Sea Away • Illegal • Goods To complete: Pay 4 Adventuring (2 if completed in The Mirror). Crew Attachment: +3 Influence	playerNDeck
6c5daf07-c511-45bd-8ff1-ef8065493afe	Daniel	7th-sea/iron-shadow/7thSea-IronShadow-Daniel.jpg	default	Crew	Iron Shadow	Gosse's Gentlemen	4	In				P	c,t	2	0	2	0	1			U	Heroic • Gunner	playerNDeck
8567ec50-0011-4226-8f69-47b4063f4c0f	Dead Man's Cave	7th-sea/iron-shadow/7thSea-IronShadow-DeadMansCave.jpg	default	Adventure	Iron Shadow							T	c,s								R	2 Seas Away • Prize • Unique (While this Adventure is uncompleted, any player in this Sea may discard this card by paying the completion cost as an Action.) To complete: Pay 2 Adventuring and then suffer 2 Hits. Captain Attachment: The Adventuring and Influence costs of all of your Item Crew Attachments and the Adventuring costs of all of your uncompleted Item Adventures are reduced by 2 (minimum 1).	playerNDeck
8436387d-5051-4694-91e0-3f33481d2da7	Dead Men Tell No Tales	7th-sea/iron-shadow/7thSea-IronShadow-DeadMenTellNoTales.jpg	default	Action	Iron Shadow		2	Ad	3	Sa		D	p,t								R	Act: Target Ship suffers a number of Hits equal to half the amount of Crew in that player's sunk pile (rounded down). React: Play after another player sinks a Crew for any reason other than absorbing Hits. That player suffers an amount of Hits equal to the sunk Crew's Influence cost plus 3. If your Captain has an Influence greater than 5, the cancel cost of this card is increased by 5.	playerNDeck
79c0366a-b73a-4c9c-89ec-a019a8223021	Deck Cannons	7th-sea/iron-shadow/7thSea-IronShadow-DeckCannons.jpg	default	Attachment	Iron Shadow		3	Ca				C	d,s								U	SHIP ATTACHMENT This card comes into play tacked. This card does not untack during the untack phase. Act: Tack to target a Ship in this Sea. Inflict 3 Hits on the target Ship. Act: Once per turn, tack one of your Crew to untack this card.	playerNDeck
0337f60c-aab0-4d21-a26c-5a6db3ad2f04	Defense of the Motherland	7th-sea/iron-shadow/7thSea-IronShadow-DefenseOfTheMotherland.jpg	default	Attachment	Iron Shadow							C	d,s								R	THIS SEA ATTACHMENT Oath While this card is a Sea Attachment it is Unique and your Captain's Influence skill is reduced by 1 (minimum 0). React: When another Ship enters this Sea, this card becomes a Captain Attachment, attaches to your Captain, and gives a +2 Swashbuckling bonus.	playerNDeck
85bfbbe2-6e97-4d6e-b550-46f19b7df836	Delaina Darling	7th-sea/iron-shadow/7thSea-IronShadow-DelainaDarling.jpg	default	Crew	Iron Shadow	Brotherhood	5	In				P	c,t	0	3	2	1	1			U	Experienced • Unique • Topman The Adventuring cost to play your Action cards is reduced by 2 (minimum 1).	playerNDeck
5d505c53-b694-4f1c-8e02-79bdbe2c3208	Delaina Darling	7th-sea/iron-shadow/7thSea-IronShadow-DelainaDarling-2.jpg	default	Crew	Iron Shadow	Brotherhood	3	In				P	c,t	0	3	1	0	1			C	Topman Other players may not play cards with the same title as the top card of their discard pile.	playerNDeck
3264d0b9-48e0-43fc-9c53-58a803ce04b7	Demon Eyes	7th-sea/iron-shadow/7thSea-IronShadow-DemonEyes.jpg	default	Attachment	Iron Shadow		3	Ad				C	d,s								R	CREW ATTACHMENT Fear 1 Knack • Eye (A Crew may not have more than 1 Eye Attachment) React: When a Crew tacks to absorb Hits inflicted by this Crew during a Boarding Attack, tack this card to reduce the number of Hits absorbed by that Crew to 0.	playerNDeck
98f79b5a-992b-4562-b2a3-f8c916fba699	Denny La Bree	7th-sea/iron-shadow/7thSea-IronShadow-DennyLaBree.jpg	default	Crew	Iron Shadow	Black Freighter	6	In				P	c,t	0	4	2	1	2			F	Experienced • Unique • Loyal • Topman React: Tack this Crew when one of your Crew is tacking to produce Cannon. That Crew produces extra Cannon equal to this Crew's Sailing skill.	playerNDeck
36dddc46-c0ab-4994-a306-07eb1d4affcd	Denny La Bree	7th-sea/iron-shadow/7thSea-IronShadow-DennyLaBree-2.jpg	default	Crew	Iron Shadow	Brotherhood	3	In				P	c,t	0	3	2	0	1			C	Topman	playerNDeck
80c2eca2-b1b8-450f-bf45-61c3b715b687	Der Kire	7th-sea/iron-shadow/7thSea-IronShadow-DerKire.jpg	default	Captain	Iron Shadow	unaligned					8			0	2	4	3	5			R	*Die Kreuzritter * Eisen* Start: Trade Sea Heroic • Holy • Swordsman +2 You may not have The Kire on board. Der Kire may only use unaligned Ships. While you have 4 or more unaligned Crew with a printed Influence cost greater than 2 on board, Der Kire inflicts 4 extra Hits during Boarding Attacks.	playerNCaptain
25d993c0-b27a-47d2-b706-107269cd07a1	Derwyddon's Schemes	7th-sea/iron-shadow/7thSea-IronShadow-DerwyddonsSchemes.jpg	default	Action	Iron Shadow		4	In	6	In		D	p,t								R	Act: Target and discard a Letter of Marque or Patron Attachment. Act: Target and discard an Attachment in this Sea.	playerNDeck
d6758d45-3a9b-4d77-9275-e07eac8b04b9	Desperate Wages	7th-sea/iron-shadow/7thSea-IronShadow-DesperateWages.jpg	default	Action	Iron Shadow		1	Ad				S	d,p								U	Act: Discard the top 3 cards of your deck. If one of those cards is a Crew card, you may hire that Crew, paying all costs. React: Play when another player is untacking one of their Crew during the Actions Phase. Inflict 4 Hits on that player's Ship. When playing this effect, you may tack one of your completed Adventures instead of paying the skill cost.	playerNDeck
35c5debf-01e5-4d6a-babd-107b9841eadb	Direct Hit!	7th-sea/iron-shadow/7thSea-IronShadow-DirectHit.jpg	default	Action	Iron Shadow		0		0			S	d,p								C	React: Play when tacking a Crew with a Cannon skill greater than 6 to produce Cannon. That Crew produces 3 extra Cannon.	playerNDeck
5246ae52-cd79-4da8-a8d6-2fa422a18229	Divvying the Plunder	7th-sea/iron-shadow/7thSea-IronShadow-DivvyingThePlunder.jpg	default	Action	Iron Shadow		1	In	0			S	d,p								R	React: Play after you complete an Adventure. You may immediately perform another Action. React: Play when producing Influence. Tack one of your Crew to produce Influence equal to that Crew's Adventuring. When playing this effect, you may tack one of your completed Adventures that provides an Influence skill bonus of 1 or more instead of paying this card's skill cost.	playerNDeck
173f875a-d4c6-4c88-838c-9fab3e94b2eb	Doing Time	7th-sea/iron-shadow/7thSea-IronShadow-DoingTime.jpg	default	Adventure	Iron Shadow							T	c,s								U	2 Seas Away To complete: Pay 2 Adventuring and then pay 2 Influence. Crew Attachment: This Crew gains +1 to all skills.	playerNDeck
321ba66b-debb-4226-9cfd-95ee96e4bf57	Domingo Marten de Avila	7th-sea/iron-shadow/7thSea-IronShadow-DomingoMartenDeAvila.jpg	default	Crew	Iron Shadow	Castille	5	In				P	c,t	2	2	0	1	3			U	Topman · No attachments Domingo has +2 Sailing if his captain is Castillian.	playerNDeck
9600d1bb-cecb-4359-b128-046883bbeec3	Dorf Klinderhoff	7th-sea/iron-shadow/7thSea-IronShadow-DorfKlinderhoff.jpg	default	Crew	Iron Shadow	Sea Dogs	4	In				P	c,t	1	2	1	0	2			R	Unique • Loyal This Crew does not count against your Crew Maximum.	playerNDeck
3dc8cedb-4619-498a-8f0e-1a9db92b002c	Dorf Klinderhoff	7th-sea/iron-shadow/7thSea-IronShadow-DorfKlinderhoff-2.jpg	default	Crew	Iron Shadow	Sea Dogs	6	In				P	c,t	1	3	1	0	2			R	Experienced • Unique • Loyal This Crew does not count against your Crew Maximum. Act: Tack this Crew to sink a Damage Attachment attached to your Ship (ignoring the card effects restrictions).	playerNDeck
ec243a61-adb6-4d9e-846f-3d2c9d5d4bd7	Dr. Carel Voorhees	7th-sea/iron-shadow/7thSea-IronShadow-DrCarelVoorhees.jpg	default	Crew	Iron Shadow	Explorer's Society	6	In				P	c,t	0	4	3	2	2			U	*Invisible College* Experienced • Unique • Loyal The title of this card is “Archaeologists” for Experienced purposes. All of your other Crew cards with the title “Archaeologists” have +2 Sailing and +1 Adventuring.	playerNDeck
674fb032-f5a2-4281-be31-0011557c174e	Drusilla Gallegos de Aldana	7th-sea/iron-shadow/7thSea-IronShadow-DrusillaGallegosDeAldana.jpg	default	Attachment	Iron Shadow		3	Ad				C	d,s								C	SEA ATTACHMENT Patron React: Tack and discard this card after another player has untacked a non-Captain Crew during the Actions phase to discard the untacked Crew. React: Tack or discard this card after another player has untacked one of their Crew to inflict 4 Hits on that player's Ship.	playerNDeck
f842a098-a289-40e0-82e7-bab405363c93	Dupre & Hans	7th-sea/iron-shadow/7thSea-IronShadow-DupreHans.jpg	default	Crew	Iron Shadow	Gosse's Gentlemen	6	In				P	c,t	0	4	2	0	3			F	Experienced • Unique • Loyal Topman • Heroic React: Once per turn, immediately after all of the Hits inflicted by this Crew during a Boarding Attack are absorbed, discard a card from your hand to inflict 2 Hits on the other Ship in the Boarding.	playerNDeck
e3bb6f5e-745b-40c7-a104-015191554896	Dupre & Hans	7th-sea/iron-shadow/7thSea-IronShadow-DupreHans-2.jpg	default	Crew	Iron Shadow	Gosse's Gentlemen	3	In				P	c,t	0	3	0	0	2			C	Heroic • Topman When this Crew tacks to absorb Hits from a Cannon Attack, it absorbs 1 extra Hit.	playerNDeck
4d26ee3b-384c-4321-a991-bf20a5971547	Edahgo	7th-sea/iron-shadow/7thSea-IronShadow-Edahgo.jpg	default	Crew	Iron Shadow	Corsairs	9	In				P	c,t	3	4	2	3	4			R	Unique • Loyal • Villainous • First Mate While this Crew is on your Ship, your Captive Crew have a +1 to all skills.	playerNDeck
325ca366-f294-4439-86fb-49d7e18a082d	Edahgo	7th-sea/iron-shadow/7thSea-IronShadow-Edahgo-2.jpg	default	Crew	Iron Shadow	Corsairs	10	In				P	c,t	3	4	2	3	4			R	Experienced • Unique • Loyal • First Mate • Villainous Act: Once per turn, sink one of your Captive Crew to give all of your Captive Crews +2 to each of their skills which are currently greater than zero, until the end of the turn.	playerNDeck
310bf686-edfb-4cc3-98c6-b280a25b4fbe	Edouard du Chevalier	7th-sea/iron-shadow/7thSea-IronShadow-EdouardDuChevalier.jpg	default	Crew	Iron Shadow	Montaigne	6	In				P	c,t	0	0	2	3	3			R	*Knights of the Rose and Cross* Experienced • Unique • Loyal Swordsman +1 The title of this card is “Montaigne Musketeers” for Experienced purposes. React:  Tack or sink one of your Crew cards with the title “Montaigne Musketeers” when you are suffering Hits to absorb 4 Hits.	playerNDeck
43182c00-eea0-4d86-a003-718f754c57e2	Egil Bergljot Larrson	7th-sea/iron-shadow/7thSea-IronShadow-EgilBergljotLarrson.jpg	default	Crew	Iron Shadow	Vesten	5	In				P	c,t	3	0	0	0	2			U	When this Crew is producing Cannon, you may pay your Ship's Move Cost in Sailing to produce 3 extra Cannon.	playerNDeck
080541b4-bad1-49f4-9a30-cfb48f5995b9	Eisen Cannons	7th-sea/iron-shadow/7thSea-IronShadow-EisenCannons.jpg	default	Adventure	Iron Shadow							T	c,s								C	1 Sea Away • Item To complete: Pay 3 Adventuring (2 if completed in Frothing Sea). Crew Attachment: +3 Cannon	playerNDeck
8d5f01cf-c4f0-4e04-8f33-4a4783bb1e8b	Eisen Driezack	7th-sea/iron-shadow/7thSea-IronShadow-EisenDriezack.jpg	default	Ship	Iron Shadow	unaligned													7	2	R	*Die Kreuzritter * Eisen* Your Crew produce 3 extra Swashbuckling when tacking to produce Swashbuckling to discard or sink a Damage attachment attached to this Ship. React: Tack before performing an action, to move to an adjacent Sea.	playerNShip
06de78da-d4b2-4882-af07-7ac8a9c6ea56	El Fuego Negro	7th-sea/iron-shadow/7thSea-IronShadow-ElFuegoNegro.jpg	default	Ship	Iron Shadow	Castille													7	2	F	React: Once per turn, discard 2 cards from your hand when you are Attempting a Boarding, instead of paying your Ship's Move Cost. React: Tack before performing an action, to move to an adjacent Sea.	playerNShip
308fb43c-da46-43c7-b9d9-ecba35c565e6	El Toro Rojo	7th-sea/iron-shadow/7thSea-IronShadow-ElToroRojo.jpg	default	Ship	Iron Shadow	Gosse's Gentlemen													7	2	F	Act: Tack to search your deack for a Chantey card, show it to your opponent(s), and place it in your hand. Shuffle your deck. React: Tack before performing an action, to move to an adjacent Sea.	playerNShip
edd7104f-826f-4071-9031-c0b08542c135	El Vago	7th-sea/iron-shadow/7thSea-IronShadow-ElVago.jpg	default	Attachment	Iron Shadow		3	In				C	d,s								R	SEA ATTACHMENT Unique • Patron You must be in La Boca and have a Brotherhood Captain to play this card. Act: Tack this card to target a Ship in this Sea. Inflict 2 Hits on the target Ship. Act: Tack this card to attach it to another Sea.	playerNDeck
a3fa865c-6185-488e-95da-60668d949864	Ellena Hawksflight	7th-sea/iron-shadow/7thSea-IronShadow-EllenaHawksflight.jpg	default	Crew	Iron Shadow	Vesten	6	In				P	c,t	3	0	3	0	2			U	Experienced • Unique • Loyal The title of this card is “Vestenmannavnjar Archers” for Experienced purposes. Act: Tack this Crew or one of your cards with the title “Vestenmannavnjar Archers” to target a Ship in this Sea. Inflict a 4 Hit Cannon Attack on the target Ship.	playerNDeck
f6ff89a0-fbfc-4a09-878d-b9d49ad62415	Enrique Orduno	7th-sea/iron-shadow/7thSea-IronShadow-EnriqueOrduno.jpg	default	Captain	Iron Shadow	Castille					8			2	4	3	3	5			F	Start: La Boca Swordsman +3 While you have 3 or more other Castillian Crew on your Ship, all of your Crew inflict 1 extra Hit during Boarding Attacks.	playerNCaptain
d5b37346-a35a-478a-a02b-51a7d8f089fd	Entertainers	7th-sea/iron-shadow/7thSea-IronShadow-Entertainers.jpg	default	Crew	Iron Shadow	Gosse's Gentlemen	3	In				P	c,t	0	0	0	2	2			C	Loyal • No Attachments React: When you are paying a cost to cancel an action, tack this Crew to produce 3 skill points toward the cancel cost.	playerNDeck
8bc627a4-f8b8-4a56-bab9-9b4ec1a06e3b	Ernesto Castillus	7th-sea/iron-shadow/7thSea-IronShadow-ErnestoCastillus.jpg	default	Captain	Iron Shadow	Corsairs					9			2	2	3	3	3			F	Start: Forbidden Sea Heroic • Swordsman +2 You may not have Espera on board. Your Captive Crew do not have the No Attachments trait. Act: Once per turn, if you have 3 or more other Captive Corsair Crew on your Ship, move your Ship to an adjacent Sea.	playerNCaptain
7f53f814-f1ad-474a-8c57-61223edb2612	Ernesto's Power	7th-sea/iron-shadow/7thSea-IronShadow-ErnestosPower.jpg	default	Attachment	Iron Shadow		7	In				C	d,s								R	CAPTAIN ATTACHMENT Unique If “Ernesto Castillius” is your Captain, you may attach this card to your Captain (at no cost) when starting Crew are revealed. This Captain is considered a Sorcerer. Act: Sink a Sorcery Knack and discard another card (both from your hand) to target a Ship in this Sea. Inflict 2 Hits on the target Ship. You may not use this ability while this Captain is tacked.	playerNDeck
16b3d25c-6c7c-42e3-881f-1dc8b2ae7176	Errant Match	7th-sea/iron-shadow/7thSea-IronShadow-ErrantMatch.jpg	default	Action	Iron Shadow		1	Sw	4	Sw		D	p,t								C	React: Play after another player has absorbed Hits. Target and discard one Ship Attachment on that player's Ship. React: Play when another player is untacking a Crew. That Crew remains tacked. When playing this effect, you may tack one or more of your completed Adventures to increase the cancel cost of this card by the number of completed Adventures tacked.	playerNDeck
4e946f65-c111-4803-88ef-b2cc2b8431ef	Escorting the MacDuff	7th-sea/iron-shadow/7thSea-IronShadow-EscortingTheMacDuff.jpg	default	Adventure	Iron Shadow							T	c,s								C	1 Sea Away • Patron To complete: Pay 2 Adventuring (1 if completed in Frothing Sea). Crew Attachment: +1 Influence	playerNDeck
4d67012d-a0f3-4e41-a143-23f376edf481	Eternal Desire	7th-sea/iron-shadow/7thSea-IronShadow-EternalDesire.jpg	default	Chantey	Iron Shadow				4	Sa		D	p,t								C	All Captains have the following ability: React: Discard a card from your hand when paying your Ship's Move Cost to produce 1 Sailing.	playerNDeck
07f047fb-4dfc-403d-8e15-20579b193f4c	Experience Has Its Rewards	7th-sea/iron-shadow/7thSea-IronShadow-ExperienceHasItsRewards.jpg	default	Action	Iron Shadow							S	d,p								R	React: Play when you are pushing an Experienced Crew forward to perform a Boarding Attack. Discard all of the cards in your hand to draw 7 cards from your deck.	playerNDeck
3569c3e3-3589-4ce2-b6e7-b59d7b0f09f5	Extra Watch	7th-sea/iron-shadow/7thSea-IronShadow-ExtraWatch.jpg	default	Action	Iron Shadow		3	Sw				D	p,t								C	Untack your Ship.	playerNDeck
a36394e8-21fe-4d60-8da8-cc353c74aed6	Eye of the Storm	7th-sea/iron-shadow/7thSea-IronShadow-EyeOfTheStorm.jpg	default	Adventure	Iron Shadow							T	c,s								R	Unique 2 Seas Away To complete: Tack 8 Adventuring (5 if completed in Trade Sea). Artifact Captain Attachment: Reduce your Ship's move cost by 1(minimum 1).	playerNDeck
c9a1dfb8-1d6e-4463-b338-b3fbe0e4be6a	Eyepatch	7th-sea/iron-shadow/7thSea-IronShadow-Eyepatch.jpg	default	Action	Iron Shadow		0		0			D	p,t								U	React: Play when you suffer Hits. Attach this card to one of your Crew without an Eye Attachment to suffer 1 fewer Hit. This Attachment has the Eye trait. A Crew may not have more than one Eye Attachment.	playerNDeck
b0c5e9e8-d2a1-4da8-a617-96dee1061171	Faerie Path	7th-sea/iron-shadow/7thSea-IronShadow-FaeriePath.jpg	default	Adventure	Iron Shadow							T	c,s								U	1 Sea Away To complete: Tack one of your Sorcerers with Glamour 1 or more. Crew Attachment • Glamour 1 Knack: Act: Tack this card to target another Ship. The target Ship's player must move their Ship to an adjacent Sea (without cost).	playerNDeck
6433acdc-7070-4aab-8a2b-413a2ce3702c	False Colors	7th-sea/iron-shadow/7thSea-IronShadow-FalseColors.jpg	default	Action	Iron Shadow				0			D	p,t								C	Act: Tack your Ship and one of your Ally Attachments to play this card. Move your Ship to that Ally's Sea, and move that Ally to the Sea your Ship occupied at the start of this action.	playerNDeck
b443ff6d-fca9-4783-86ec-724ed9794d7f	Fancy Dans	7th-sea/iron-shadow/7thSea-IronShadow-FancyDans.jpg	default	Crew	Iron Shadow	unaligned	2	In				P	c,t	0	0	0	2	1			C	No attachments	playerNDeck
42c112d3-d3c2-4036-b101-dadaab03a0e2	Fancy Swordplay	7th-sea/iron-shadow/7thSea-IronShadow-FancySwordplay.jpg	default	Action	Iron Shadow		0		0			D	p,t								C	React: Play immediately before one of your Swordsman Crew is about to play a Boarding Attack card from your hand. Draw 3cards.	playerNDeck
7edd7b14-238c-4458-9725-5f773c531970	Fate's Binding	7th-sea/iron-shadow/7thSea-IronShadow-FatesBinding.jpg	default	Attachment	Iron Shadow							C	d,s								R	CREW ATTACHMENT Unique • Fate 1 Knack React: Tack this card after you have moved into a Sea to immediately hire a Crew from your hand. Reduce the Crew's Influence cost by this Crew's Fate.	playerNDeck
cfe16c64-c4e9-41f8-94fd-a867f07cb79f	Fate's Blessing	7th-sea/iron-shadow/7thSea-IronShadow-FatesBlessing.jpg	default	Attachment	Iron Shadow		0					C	d,s								R	CREW ATTACHMENT Fate 1 Knack React: Tack this card when you are suffering Hits during a Boarding to reduce the Hits suffered by 2 (minimum 0).	playerNDeck
fa7e31ab-1c80-46ac-bddc-edfda18f0fd3	Fateful Block	7th-sea/iron-shadow/7thSea-IronShadow-FatefulBlock.jpg	default	Action	Iron Shadow							D	p,t								R	React: Play immediately after you play a Boarding Attack card from your hand during a Duel. If your Crew has the Swordsman trait, you may draw a number of cards from your deck equal to 2 plus your Crew's Swordsman bonus. If your opponent's Crew has the Swordsman trait as well, they may draw a number of cards from their deck equal to their Crew's Swordsman bonus.	playerNDeck
fa68edd2-fb83-4556-8131-d46eceec3f0b	Fear and Fire	7th-sea/iron-shadow/7thSea-IronShadow-FearAndFire.jpg	default	Attachment	Iron Shadow		10	Ad				C	d,s								U	TRADE SEA ATTACHMENT Unique • Control You must be in the Trade Sea to play this card. Any player in this Sea may discard this card by paying 12 Cannon as an action. Card effects which discard or sink Sea Attachments may not target this card. Act: Tack this card to get a Control card from your deck, show it to your opponents, and put it in your hand. Shuffle your deck.	playerNDeck
d09b6859-511b-403d-bfcd-6e99d39d0e1a	Feeny Bonegnawer	7th-sea/iron-shadow/7thSea-IronShadow-FeenyBonegnawer.jpg	default	Crew	Iron Shadow	Black Freighter	6	In				P	c,t	1	0	3	1	4			U	Experienced • Unique • Loyal • Skeletal The title of this card is “Undead Boarders” for Experienced purposes. This Crew may tack to absorb Hits. React: Tack one of your Crew with the title “Undead Boarders” when you are suffering Hits, to absorb 3 Hits.	playerNDeck
f67a56c7-3cc5-4cee-bdce-8feeca2bedaf	Felipe Jose de Granjero	7th-sea/iron-shadow/7thSea-IronShadow-FelipeJoseDeGranjero.jpg	default	Crew	Iron Shadow	Castille	5	In				P	c,t	0	1	0	2	3			R	Unique • Swordsman +2 React: Tack and sink this Crew when you are suffering Hits and you have either a Captain or Crew in play with the name “Margaretta Orduno” in the title. All of the Hits are absorbed.	playerNDeck
1e97c728-769f-473b-aaed-e46c86816130	Fierbas Desaix du Paix	7th-sea/iron-shadow/7thSea-IronShadow-FierbasDesaixDuPaix.jpg	default	Crew	Iron Shadow	Montaigne	6	In				P	c,t	2	1	0	2	2			U	Gunner • Porte 0 When this Crew tacks to produce Cannon, you may discard a card from your hand to produce 2 extra Cannon.	playerNDeck
f51d9f52-84da-4216-bff0-401f5feb00f9	Figaro “Lightfinger” Falisci	7th-sea/iron-shadow/7thSea-IronShadow-FigaroLightfingerFalisci.jpg	default	Crew	Iron Shadow	unaligned	3	In				P	c,t	0	0	0	1	2			U	Swordsman +1 React: Target another player's non-Captain Crew in this Sea when you are tacking this Crew to produce Influence. This Crew produces an additional amount of Influence equal to the targeted Crew's Influence. You may only use this ability once per turn.	playerNDeck
489c14a1-a661-4682-bfbe-6e97415c249c	Fine Boots	7th-sea/iron-shadow/7thSea-IronShadow-FineBoots.jpg	default	Attachment	Iron Shadow		3	Ad				C	d,s								C	CREW ATTACHMENT Item • Leg  +1 Influence React: Tack this card when another Crew in this Sea is producing Influence. That Crew produces either 2 less Influence or 1 extra Influence (your choice).	playerNDeck
e1d55407-9008-40c9-902f-93bbc63ff298	Fine Galley	7th-sea/iron-shadow/7thSea-IronShadow-FineGalley.jpg	default	Attachment	Iron Shadow		2	In				C	d,s								C	SHIP ATTACHMENT This card counts as one Crew against your Crew Maximum. React: Tack Fine Galley when a Crew tacks for a skill. That Crew produces 1 extra point of the skill.	playerNDeck
93c225b4-5276-413c-91b5-0b96f2d3319a	Fine Rigging	7th-sea/iron-shadow/7thSea-IronShadow-FineRigging.jpg	default	Adventure	Iron Shadow							T	c,s								U	1 Sea Away • Item To complete: Pay 3 Adventuring (2 if completed in Frothing Sea). Crew Attachment: +3 Sailing	playerNDeck
58b1b021-5289-4e6d-9518-18c50242e968	Fine Rope and Tackle	7th-sea/iron-shadow/7thSea-IronShadow-FineRopeAndTackle.jpg	default	Adventure	Iron Shadow							T	c,s								C	1 Sea Away • Goods To complete: Pay 2 Adventuring (1 if completed in Trade Sea). Crew Attachment: +2 Sailing	playerNDeck
0c00cabb-f70e-4887-90e1-ecf2bff0bf78	Fire and Steel	7th-sea/iron-shadow/7thSea-IronShadow-FireAndSteel.jpg	default	Action	Iron Shadow		5	Ad	0			D	p,t								R	Act: If you have a Vesten Captain, target and Sink an uncompleted Adventure in this Sea. Act: Target a Ship in this Sea. Tack any one of your Crew to produce a Cannon Attack that Inflicts Hits on the target Ship equal to the tacked Crew's printed Swashbuckling. When playing this effect, you may tack one of your completed Adventures that provides an Adventuring skill bonus of 2 or more instead of paying the skill cost.	playerNDeck
5c3d6bb9-2d42-4f0c-a542-1db5829aab6a	Fire Ships	7th-sea/iron-shadow/7thSea-IronShadow-FireShips.jpg	default	Action	Iron Shadow		1	Ad	M+1			S	d,p								U	Act: Pay any amount of Adventuring (minimum 1) to play this card. Target a Ship in this or an adjacent Sea. The target Ship suffers a number of Hits equal to the amount of Adventuring produced. If you have a Captain with the name “Berek” in the title, this card's cancel cost is increased by 2.	playerNDeck
5c673f13-60da-4f90-ab22-0cb326361dd9	Flashing Swords Inn	7th-sea/iron-shadow/7thSea-IronShadow-FlashingSwordsInn.jpg	default	Attachment	Iron Shadow		3	Sw				C	d,s								U	THIS SEA ATTACHMENT Any player in this Sea may sink this card by paying 3 Swashbuckling as an action. Act: Tack this card to target and tack a Heroic Crew in this Sea. Act: Tack this card and discard 2 cards from your hand to untack one of your non-Captain Villainous Crew in this Sea.	playerNDeck
d377cbd0-e38c-455f-af16-09d17d7588e2	Flogging	7th-sea/iron-shadow/7thSea-IronShadow-Flogging.jpg	default	Action	Iron Shadow		0		0			S	d,p								U	Act: If you have a Villainous Captain, tack one of your Crew to draw two cards.	playerNDeck
eb7e31d3-e2e1-4da5-8c80-017da129a58e	Fortunado	7th-sea/iron-shadow/7thSea-IronShadow-Fortunado.jpg	default	Crew	Iron Shadow	Sea Dogs	6	In				P	c,t	2	0	3	2	3			U	Experienced • Unique • Loyal The title of this card is “Daring Fools” for Experienced purposes. React: Tack this Crew when you are entering a Boarding to untack all of your Crew cards with the title “Daring Fools,” then untack this Crew.	playerNDeck
5bb34192-63b5-4c6a-9f3c-85f4cd4e11ae	Foul Weather Jack's Map, Part I	7th-sea/iron-shadow/7thSea-IronShadow-FoulWeatherJacksMapPartI.jpg	default	Adventure	Iron Shadow							T	c,s								R	1 Sea Away • Item • Unique To complete: Pay 5 Adventuring  (minus 1 for each “Foul Weather Jack's Map” adventure you have  completed and in play). Captain Attachment: React: Tack this card  when you are paying a Cannon cost to produce 1 Cannon for each  completed Foul Weather Jack's Map Adventure you have in play	playerNDeck
9003ccb1-ca59-400a-8e69-9aa7213fc10f	Foul Weather Jack's Map, Part II	7th-sea/iron-shadow/7thSea-IronShadow-FoulWeatherJacksMapPartII.jpg	default	Adventure	Iron Shadow							T	c,s								R	1 Sea Away Item • Unique To complete: Pay 5 Adventuring (minus 1 for each “Foul Weather Jack's Map” adventure you have completed and in play). Captain Attachment: React: Tack this card when you are paying an Influence cost to produce 1 Influence for each completed Foul Weather Jack's Map Adventure you have in play.	playerNDeck
fc4cef5c-a216-4bc9-b141-0bf8c4705be6	Foul Weather Jack's Map, Part III	7th-sea/iron-shadow/7thSea-IronShadow-FoulWeatherJacksMapPartIII.jpg	default	Adventure	Iron Shadow							T	c,s								R	2 Seas Away Item • Unique To complete: Pay 3 Adventuring (minus 1 for each “Foul Weather Jack's Map” adventure you have completed and in play). Captain Attachment: React: Tack this card when you are paying a Sailing cost to produce 1 Sailing for each completed Foul Weather Jack's Map Adventure you have in play.	playerNDeck
8749f9e5-195e-4d5c-9a95-64f8645cc44d	Foul Weather Jack's Map, Part IV	7th-sea/iron-shadow/7thSea-IronShadow-FoulWeatherJacksMapPartIV.jpg	default	Adventure	Iron Shadow							T	c,s								R	2 Seas Away Item • Unique To complete: Pay 3 Adventuring (minus 1 for each “Foul Weather Jack's Map” adventure you have completed and in play). Captain Attachment: React: Tack this card when you are paying a Swashbuckling cost to produce 1 Swashbuckling for each completed Foul Weather Jack's Map Adventure you have in play.	playerNDeck
cfc07dfd-12b2-40a4-8b92-f9135c44d3fa	Francois Gaulle dul Motte	7th-sea/iron-shadow/7thSea-IronShadow-FrancoisGaulleDulMotte.jpg	default	Crew	Iron Shadow	Montaigne	5	In				P	c,t	4	0	0	1	2			C	Gunner • Swordsman +1	playerNDeck
3aad947f-7752-415d-9586-9c1e1cb948c6	Franzini's Lost Notebooks	7th-sea/iron-shadow/7thSea-IronShadow-FranzinisLostNotebooks.jpg	default	Adventure	Iron Shadow							T	c,s								F	1 Sea Away • Item To complete: Pay 3 Adventuring (2 if completed in La Boca). Crew Attachment: +3 Adventuring	playerNDeck
472a1f03-f8d7-4780-9f85-84c97cfc7ed4	Freedom's Key	7th-sea/iron-shadow/7thSea-IronShadow-FreedomsKey.jpg	default	Ship	Iron Shadow	Corsairs													7	2	F	Up to 2 Captive Crew on your ship do not count against your Crew Maximum. React: Tack before performing an action, to move to an adjacent Sea.	playerNShip
d1e66677-879a-49fd-ba81-0170e1c1e720	Fresh Powder	7th-sea/iron-shadow/7thSea-IronShadow-FreshPowder.jpg	default	Adventure	Iron Shadow							T	c,s								C	1 Sea Away • Goods To complete: Pay 2 Adventuring (1 if completed in La Boca). Crew Attachment: +2 Cannon	playerNDeck
3d034e07-e7e0-4778-9c07-740f59b187e3	Frieda Kesler	7th-sea/iron-shadow/7thSea-IronShadow-FriedaKesler.jpg	default	Crew	Iron Shadow	Montaigne	3	In				P	c,t	1	0	2	1	2			U	*Eisen* No Attachments This Crew's Boarding Attacks that finish with a Punch inflict 2 extra Hits.	playerNDeck
9fabe9fe-b549-42d0-b38b-a41d42a1205f	From The Depths!	7th-sea/iron-shadow/7thSea-IronShadow-FromTheDepths.jpg	default	Adventure	Iron Shadow							T	c,s								R	2 Seas Away To complete: Pay 7 Adventuring (5 if completed in Trade Sea). Crew Attachment: +5 Cannon	playerNDeck
60954d8b-9e72-4ee9-a2e6-230032092a9e	Galafre Flaubert du Dore	7th-sea/iron-shadow/7thSea-IronShadow-GalafreFlaubertDuDore.jpg	default	Crew	Iron Shadow	Montaigne	5	In				P	c,t	3	2	1	0	2			U	When this Crew tacks to absorb Hits, he absorbs 1 extra Hit.	playerNDeck
8d2f1aea-f1d7-4bda-89a1-76134f76aa01	Galleon of the Treasure Fleet	7th-sea/iron-shadow/7thSea-IronShadow-GalleonOfTheTreasureFleet.jpg	default	Attachment	Iron Shadow		2	Sa				C	d,s								C	THIS SEA ATTACHMENT Any player in this Sea may sink this card by paying 4 Influence as an action. React: When you are paying an Influence cost in this Sea, pay 3 Cannon to produce 1 Influence. Act: Tack this card to target a Ship in this Sea. Inflict a 2 Hit Cannon Attack on the target Ship.	playerNDeck
7f1ac4a0-06cb-4d84-b13b-995e48d870de	Galley Captives	7th-sea/iron-shadow/7thSea-IronShadow-GalleyCaptives.jpg	default	Crew	Iron Shadow	Corsairs	4	In				P	c,t	0	4	0	0	1			C	Rower • Captive • No Attachments This Crew may only be placed on a Corsairs Ship.	playerNDeck
9d593ab9-e7b7-491a-b72d-c54704362226	Gaspar	7th-sea/iron-shadow/7thSea-IronShadow-Gaspar.jpg	default	Crew	Iron Shadow	Gosse's Gentlemen	7	In				P	c,t	0	3	1	2	1			R	Experienced • Unique • Loyal This Crew is considered to have a Leg Attachment. Your Ship Attachments with the title “Fine Galleys” provide 2 extra skill points instead of 1. Act: Tack this Crew to search your deck for a card with the title “Fine Galley” and attach it to your Ship (without cost). Shuffle your deck.	playerNDeck
fdd37326-a51a-4d58-8576-425f0cb64ab8	Gaspar	7th-sea/iron-shadow/7thSea-IronShadow-Gaspar-2.jpg	default	Crew	Iron Shadow	Gosse's Gentlemen	4	In				P	c,t	0	3	0	1	1			R	Unique This Crew is considered to have a Leg Attachment. Your Ship Attachments with the title: “Fine Galley” provide 2 extra skill points instead of 1.	playerNDeck
c2a5167f-4c20-4e84-8ad9-040259f3462d	Gearalt Gilbertine	7th-sea/iron-shadow/7thSea-IronShadow-GearaltGilbertine.jpg	default	Crew	Iron Shadow	Gosse's Gentlemen	8	In				P	c,t	2	4	0	2	3			R	The cost to hire this Crew is reduced by 1 for each Crew in this Sea controlled by another player with an Influence cost less than 3 (minimum 0). This Crew inflicts 3 extra Hits during Boarding Attacks (and Duels) if the other Ship in the Boarding has 3 or more Crew with an Influence cost less than 3.	playerNDeck
3cc816cd-7d37-478a-8267-58053f125fcd	Geno	7th-sea/iron-shadow/7thSea-IronShadow-Geno.jpg	default	Crew	Iron Shadow	Brotherhood	5	In				P	c,t	4	0	0	1	2			U	Loyal • Gunner When this Crew tacks to produce Cannon for a Cannon Attack targeting a Ship with a higher Crew Maximum, his attack inflicts 2 extra Hits.	playerNDeck
df9af38d-6153-437b-88d0-2a10b6247f57	Gerard Rois et Reines	7th-sea/iron-shadow/7thSea-IronShadow-GerardRoisEtReines.jpg	default	Crew	Iron Shadow	Montaigne	10	In				P	c,t	2	2	4	4	4			R	Experienced • Unique • Loyal • Heroic • First Mate • Swordsman +3 While this Crew is untacked, your Montaigne Crew that sink to absorb Hits absorb an additional amount of Hits equal to half of their printed Influence cost (rounded up).	playerNDeck
75c30c2b-4da0-4944-b5ef-f864d0db79e9	Gilles Allais du Crieux	7th-sea/iron-shadow/7thSea-IronShadow-GillesAllaisDuCrieux.jpg	default	Crew	Iron Shadow	Montaigne	5	In				P	c,t	2	0	2	2	3			U	Villainous	playerNDeck
5a2d7f10-7e1d-4df5-b400-355d551ba358	Gillian the Razor	7th-sea/iron-shadow/7thSea-IronShadow-GillianTheRazor.jpg	default	Crew	Iron Shadow	Brotherhood	3	In				P	c,t	0	3	0	0	3			C	Topman • Villainous This Crew's Influence cost is 5 as a starting Crew if you have another Topman in your starting Crew. You must pay 2 extra Influence to hire this Crew if you have another Topman in play.	playerNDeck
3d8c0fc1-b54e-4a8d-b549-10c034db1895	Gold Coins	7th-sea/iron-shadow/7thSea-IronShadow-GoldCoins.jpg	default	Adventure	Iron Shadow							T	c,s								F	1 Sea Away To complete: Discard a card from your hand. Crew Attachment: React: Discard this card when you are paying an Influence cost to produce 2 Influence.	playerNDeck
20056138-0b5d-4789-8522-8b4020cfa674	Gold Earring	7th-sea/iron-shadow/7thSea-IronShadow-GoldEarring.jpg	default	Attachment	Iron Shadow		3	Ad				C	d,s								C	CREW ATTACHMENT Item +1 Influence React: Discard this card when you are paying an Influence cost to produce 1 Influence.	playerNDeck
1a86338c-65f4-41a0-89dd-2ada525b6e8b	Gold Only Buys Obedience	7th-sea/iron-shadow/7thSea-IronShadow-GoldOnlyBuysObedience.jpg	default	Action	Iron Shadow		0		0			S	d,p								C	React: Play when you are hiring a Crew from your Captain's faction. That Crew's Influence cost is reduced by 2 (minimum 0).	playerNDeck
d4cf9f40-b576-4fb9-9ad5-485d93af14ca	Good King Sandoval	7th-sea/iron-shadow/7thSea-IronShadow-GoodKingSandoval.jpg	default	Attachment	Iron Shadow		2	In				C	d,s								R	CASTILLE CAPTAIN ATTACHMENT Unique • Patron React: Tack this card when you are paying an Influence cost to hire a Castille Crew to produce 2 Influence.	playerNDeck
09492785-5d30-4437-bb7b-8cdfdf85d0ac	Good Use of Space	7th-sea/iron-shadow/7thSea-IronShadow-GoodUseOfSpace.jpg	default	Attachment	Iron Shadow		0					C	d,s								C	SHIP ATTACHMENT When this card enters play, target one of your Ship Attachments. While this card is in play, the target Attachment counts one less against your Ship's Crew Maximum (minimum 0).	playerNDeck
66428619-0448-490d-a61e-4ec014187abe	Gosse's Rapier	7th-sea/iron-shadow/7thSea-IronShadow-GossesRapier.jpg	default	Attachment	Iron Shadow		6	Sw				C	d,s								F	GOSSE CAPTAIN ATTACHMENT Unique • Signature Item Act: Sink this card to untack your Captain. Act: Tack this card to target one of your other Gosse Crew to give that Crew +2 to all of that Crew's skills that are greater than 1. React: Tack this card when you are paying an Influence cost for an action to play, discard or sink a Control card to give your Captain +4 Influence until after the action.	playerNDeck
e8ec42ee-5764-4122-82a6-a31122959520	Grappling Cannon	7th-sea/iron-shadow/7thSea-IronShadow-GrapplingCannon.jpg	default	Attachment	Iron Shadow		5	Ad				C	d,s								C	SHIP ATTACHMENT React: Tack this card when you are paying the Sailing cost to begin a Boarding to produce Sailing equal to your Ship's move cost.	playerNDeck
5622b5de-3b5a-44f9-8e6f-8bb66fcb0ed2	Grappling Gun	7th-sea/iron-shadow/7thSea-IronShadow-GrapplingGun.jpg	default	Attachment	Iron Shadow		4	In				C	d,s								R	CREW ATTACHMENT Item React: Tack this card when you enter a Boarding to untack this Crew.	playerNDeck
510de4cc-ee8d-42e7-9622-fe6b3e3fd879	Grendel Thorton	7th-sea/iron-shadow/7thSea-IronShadow-GrendelThorton.jpg	default	Crew	Iron Shadow	Brotherhood	4	In				P	c,t	0	0	2	3	1			F	When this Crew sinks to absorb Hits he absorbs 2 extra Hits. Act: Discard this Crew to search your deck for a card with the Port trait, reveal it to the other players and place it in your hand. Shuffle your deck.	playerNDeck
98006f2b-422c-45dc-9a5f-fd03a1419f13	Grenouille du Grace	7th-sea/iron-shadow/7thSea-IronShadow-GrenouilleDuGrace.jpg	default	Ship	Iron Shadow	Montaigne													6	2	F	React: Tack when paying an Influence cost to produce 1 Influence. React: Tack before performing an action, to move to an adjacent Sea.	playerNShip
e2f04bc1-2cec-465c-8810-479dcae7db5d	Gris Hallisdottir	7th-sea/iron-shadow/7thSea-IronShadow-GrisHallisdottir.jpg	default	Crew	Iron Shadow	Vesten	4	In				P	c,t	0	0	1	2	1			U	Loyal · Laerdom 1	playerNDeck
2c090d71-1ee9-4842-953d-96e7fa9bbf43	Guilders Say More Than Words	7th-sea/iron-shadow/7thSea-IronShadow-GuildersSayMoreThanWords.jpg	default	Chantey	Iron Shadow		2	Sw	4	Sw		P	c,t								C	Players may not play Action cards.	playerNDeck
f5f3e6de-f63a-4d09-99fb-182ce3f2b0fe	Guns Blazing	7th-sea/iron-shadow/7thSea-IronShadow-GunsBlazing.jpg	default	Action	Iron Shadow		3	Ca				D	p,t								C	React: Play when you are entering a Boarding as the Attacker. Inflict 5 Hits on the Defender in the Boarding.	playerNDeck
17f46b3b-0ab6-48ab-a38c-a9c3393242a2	Gus Heimfather	7th-sea/iron-shadow/7thSea-IronShadow-GusHeimfather.jpg	default	Crew	Iron Shadow	Explorer's Society	5	In				P	c,t	3	0	1	1	3			U	Loyal • Gunner React: After you have absorbed all of the Hits from a Cannon Attack inflicted by another player, this Crew gains a bonus to his Cannon skill until the end of the turn equal to the number of Crew that were sunk to absorb those Hits. You may use this ability once per turn.	playerNDeck
6d4cf060-ffd4-44e1-badc-3d7331731a56	Gustolph Hirsch	7th-sea/iron-shadow/7thSea-IronShadow-GustolphHirsch.jpg	default	Crew	Iron Shadow	Corsairs	3	In				P	c,t	0	0	0	1	2			U	Villainous This Crew inflicts 1 extra Hit during Boarding Attacks. Act: Tack this Crew to untack one of your Captive or Rower cards.	playerNDeck
8d84cf57-1178-4b5a-9071-532db3c53790	Guy McCormick	7th-sea/iron-shadow/7thSea-IronShadow-GuyMcCormick.jpg	default	Captain	Iron Shadow	Explorer's Society					9			2	3	5	4	3			F	Start: Trade Sea Heroic • Swordsman +2 Act: Once per turn, while you have 3 or more other Explorer Crew on your Ship, you may get an Item or Artifact Adventure from your deck, show it to your opponents, and put it in your hand. Shuffle your deck.	playerNCaptain
32b93f40-bc0a-4a79-8f96-f7e92fba9764	Gwendolyn Buckminster	7th-sea/iron-shadow/7thSea-IronShadow-GwendolynBuckminster.jpg	default	Crew	Iron Shadow	Sea Dogs	4	In				P	c,t	2	3	0	0	2			C	*Sophia's Daughters* Topman • Fate 0	playerNDeck
4e81bd5e-abf4-4409-961c-e940d39f43bd	Hammocks	7th-sea/iron-shadow/7thSea-IronShadow-Hammocks.jpg	default	Attachment	Iron Shadow		5	In				C	d,s								R	SHIP ATTACHMENT Unique This Ship's Crew Maximum is increased by 2.	playerNDeck
e5a85b52-74d1-4c9b-9fb1-8c0f55b259c3	Harpoon	7th-sea/iron-shadow/7thSea-IronShadow-Harpoon.jpg	default	Attachment	Iron Shadow		0					C	d,s								C	CREW ATTACHMENT Item This Crew's Boarding Attacks that finish with a Thrust inflict 2 extra Hits. React: Tack this card when this Crew reverses a Slash Boarding Attack with a Thrust to draw a card from your deck.	playerNDeck
01ad6caa-bac3-4c99-8016-1dbe02644948	Haunted by the Past	7th-sea/iron-shadow/7thSea-IronShadow-HauntedByThePast.jpg	default	Action	Iron Shadow		0		0			D	p,t								R	React: If you have a Vesten Captain, play when you are infllicting Hits to inflict 1 extra Hit. React: Play when the opposing Captain in a Boarding (or Duel) is inflicting Hits or an Attachment attached to that Captain is inflicting Hits during a Boarding. That Captain or Attachment inflicts 3 fewer Hits.	playerNDeck
236fd56d-93e6-4a7f-8e41-0a68cc601ed0	Hauptmann von Lichen	7th-sea/iron-shadow/7thSea-IronShadow-HauptmannVonLichen.jpg	default	Crew	Iron Shadow	unaligned	3	In				P	c,t	0	0	1	0	3			C	*Eisen* Heroic • Swordsman +1 Act: Tack this Crew to target a Ship Attachment on another Ship in this Sea. Discard this Crew and the target Attachment.	playerNDeck
8bd40f8e-3b83-4a34-a064-6b7bbafe4914	He's Mine	7th-sea/iron-shadow/7thSea-IronShadow-HesMine.jpg	default	Action	Iron Shadow							S	d,p								C	React: Play before one of your Crew plays their first Boarding Attack card during a Boarding Attack or Duel. Tack that Crew to target another one of your Crew (tacked or untacked) that takes the tacked Crew's place in the Boarding Attack or Duel.	playerNDeck
eb5af970-c510-41eb-9f3e-d2f6c0dc0d3a	Headhunters	7th-sea/iron-shadow/7thSea-IronShadow-Headhunters.jpg	default	Action	Iron Shadow		2	Ad	2	Ad		D	p,t								C	React: Play immediately after another Player completes an Adventure. That player suffers 2 Hits.	playerNDeck
82aea26e-3d90-4d47-a567-be7a8edbcb16	Hector Beuchamp du Charouse	7th-sea/iron-shadow/7thSea-IronShadow-HectorBeuchampDuCharouse.jpg	default	Crew	Iron Shadow	Corsairs	5	In				P	c,t	3	0	1	1	2			U	Captive • Porte 0	playerNDeck
1ad61319-f38c-4d5b-9316-7a76c811bc3b	Henderson	7th-sea/iron-shadow/7thSea-IronShadow-Henderson.jpg	default	Crew	Iron Shadow	Gosse's Gentlemen	7	In				P	c,t	1	2	2	2	4			R	Experienced • Unique • Loyal • First Mate • Heroic When this Crew tacks or sinks to absorb Hits during a Boarding, he absorbs 3 extra Hits. React: Once per turn, immediately before one of your Crew enters a Boarding Attack or Duel, replace that Crew with this Crew.	playerNDeck
fb2f7c55-a70d-4ff9-b72e-4da87a27af3b	Henderson	7th-sea/iron-shadow/7thSea-IronShadow-Henderson-2.jpg	default	Crew	Iron Shadow	Gosse's Gentlemen	3	In				P	c,t	1	0	1	1	2			F	Unique • Loyal • Heroic React: Tack this Crew when one of your other Crew tacks to absorb Hits during Boarding. That Crew absorbs 6 extra Hits.	playerNDeck
8eaf5051-2780-4f45-85cd-111d96d30b34	Here There Be Monsters	7th-sea/iron-shadow/7thSea-IronShadow-HereThereBeMonsters.jpg	default	Attachment	Iron Shadow		3	Ad				C	d,s								U	THIS SEA ATTACHMENT Monster Any player in this Sea may sink this card by paying 4 Cannon as an action. Act: Tack this card to target a Ship in this Sea. Inflict 3 Hits on the target Ship.	playerNDeck
1aa7609c-1506-4bb2-a783-451544450615	Hernando Ochoa	7th-sea/iron-shadow/7thSea-IronShadow-HernandoOchoa.jpg	default	Crew	Iron Shadow	Gosse's Gentlemen	3	In				P	c,t	0	0	2	2	1			C	*Rilascarie* This Crew does not untack during the Untack phase. You may discard a card from your hand to untack this Crew during the Draw phase.	playerNDeck
877d0340-7164-471d-8bcb-12330db6ee7c	Hidden Powder Stash	7th-sea/iron-shadow/7thSea-IronShadow-HiddenPowderStash.jpg	default	Attachment	Iron Shadow		2	In				C	d,s								U	SHIP ATTACHMENT Unique React: Instead of performing a Boarding Attack, tack this card and 1 of your Crew with Cannon skill greater than one. Inflict Hits on the other Ship in the Boarding equal to that Crew's Cannon skill.	playerNDeck
ca055c83-6c51-416b-9a81-0e803e5c377c	Hiding in the Reefs	7th-sea/iron-shadow/7thSea-IronShadow-HidingInTheReefs.jpg	default	Action	Iron Shadow		M+0		0			S	d,p								C	React: Play when you are entering a Boarding as the Defender. The Boarding is canceled. Inflict 3 Hits on the Attacker's Ship.	playerNDeck
5fe818a7-ad6c-48e0-99c1-969918512489	High Seas Cannoning	7th-sea/iron-shadow/7thSea-IronShadow-HighSeasCannoning.jpg	default	Attachment	Iron Shadow		6	Ad				C	d,s								C	CREW ATTACHMENT Item +3 Cannon React: Tack this card after you have used an ability printed on one of your Ally cards to untack that Ally card.	playerNDeck
6eb4761c-8f88-468d-8f19-012dee31cad1	Hired Swordsman	7th-sea/iron-shadow/7thSea-IronShadow-HiredSwordsman.jpg	default	Action	Iron Shadow		0		0			S	d,p								R	React: Play when you are entering a Boarding. The Defender performs the first Boarding Attack for the first round of the Boarding. React: Play when the opposing player in the Boarding pushes a Crew forward to begin a Boarding Attack. This card acts a Crew with 3 Swashbuckling (and zeroes in all other stats) that is pushed forward to fight against the opposing Crew, if your Crew Maximum is less than 9. After the Boarding Attack is resolved this card is sunk.	playerNDeck
0aedf320-e639-400f-90f5-700d067986bf	Holy Vision	7th-sea/iron-shadow/7thSea-IronShadow-HolyVision.jpg	default	Action	Iron Shadow				0			S	d,p								U	Act: Tack one of your Holy Crew and discard two cards from your hand to draw two cards.	playerNDeck
efdaf106-21e2-4ee9-80d2-440e6d17459f	Hostile Harbor	7th-sea/iron-shadow/7thSea-IronShadow-HostileHarbor.jpg	default	Attachment	Iron Shadow		3	Ad				C	d,s								C	SEA ATTACHMENT Port Any player in this Sea may sink this card by paying 4 Influence as an action. Other players draw 2 fewer cards during the Draw phase (minimum 1) if their Ship is in this Sea.	playerNDeck
e8f2c528-0575-4b23-ac57-923014fc444d	Ian O'Toole	7th-sea/iron-shadow/7thSea-IronShadow-IanOToole.jpg	default	Crew	Iron Shadow	Vesten	4	In				P	c,t	0	0	0	3	3			U	Villainous When this Crew produces Swashbuckling to sink or discard a Damage Attachment, he produces additional Swashbuckling equal to his Influence.	playerNDeck
2ca75e9b-707b-49e1-9a39-71c5ce577684	Imprisonment in El Morro	7th-sea/iron-shadow/7thSea-IronShadow-ImprisonmentInElMorro.jpg	default	Chantey	Iron Shadow							D	p,t								C	Any player may sink this Chantey by paying 6 Swashbuckling as an action. Gunner Crew produce 2 extra Cannon when tacking to produce Cannon.	playerNDeck
ea870a20-8e5f-47b6-aa4f-0e96e3d3acff	Inil	7th-sea/iron-shadow/7thSea-IronShadow-Inil.jpg	default	Crew	Iron Shadow	Corsairs	3	In				P	c,t	0	0	3	0	1			U	Loyal React: Tack this Crew when the other player in a Boarding performs a React instead of performing a Boarding Attack. Cancel the effects of that React.	playerNDeck
d1b92dd5-cecf-4b5e-bafc-18f45d4c0286	Inquisitor Carlino	7th-sea/iron-shadow/7thSea-IronShadow-InquisitorCarlino.jpg	default	Crew	Iron Shadow	Castille	6	In				P	c,t	0	1	2	3	2			U	Villainous • Holy All Crew aboard Ships in this Sea that do not have a Holy Crew on board have one fewer Influence (minimum zero).	playerNDeck
fcb5c8ad-9be8-4a06-96e3-6cbc826672e9	Into the Fog	7th-sea/iron-shadow/7thSea-IronShadow-IntoTheFog.jpg	default	Action	Iron Shadow		M+2		0			S	d,p								C	Weather React: Play when you are suffering Hits. Reduce the Hits suffered to zero. This card may not be played during a Boarding (or Duel).	playerNDeck
3df17dc6-3047-4748-a577-5d286080f5f7	Isabeau Dubois du Arrent	7th-sea/iron-shadow/7thSea-IronShadow-IsabeauDuboisDuArrent.jpg	default	Crew	Iron Shadow	Montaigne	4	In				P	c,t	0	2	1	2	2			C	Loyal Act: Tack to target and inflict 1 Hit on another Ship in this Sea.	playerNDeck
d1e82478-ec30-4abf-b4da-9513256f9082	Jack Tars	7th-sea/iron-shadow/7thSea-IronShadow-JackTars.jpg	default	Crew	Iron Shadow	Sea Dogs	4	In				P	c,t	1	2	0	0	2			C	Loyal This Crew has +2 Swashbuckling during a Boarding with a Ship that you have targeted with a Cannon Attack this turn.	playerNDeck
08516f88-5611-4241-9160-3605b6c36513	Jack-of-All-Trades	7th-sea/iron-shadow/7thSea-IronShadow-JackOfAllTrades.jpg	default	Attachment	Iron Shadow		6	Ad				C	d,s								R	CREW ATTACHMENT Adventuring 1 Knack This Crew has +1 to all skills. React: Sink a completed Adventure attached to this Crew after this Crew has tacked to produce skill points to produce 2 extra points of that skill.	playerNDeck
3e800c97-79af-48fb-b7f7-ece78cff2aff	Jacob Faust	7th-sea/iron-shadow/7thSea-IronShadow-JacobFaust.jpg	default	Crew	Iron Shadow	Explorer's Society	5	In				P	c,t	1	0	3	2	2			U	Loyal • Heroic React: Once per turn, when your Ship enters a Sea containing one of your Artifact Adventures, you may immediately perform an action to complete it.	playerNDeck
e3635a59-2696-4f88-a69e-27a14e2075d6	Jacques and the Kire	7th-sea/iron-shadow/7thSea-IronShadow-JacquesAndTheKire.jpg	default	Chantey	Iron Shadow							P	c,t								U	Any player may sink this Chantey by tacking a Crew with an Influence cost greater than 5 as an action. All Crew enter play tacked unless the hiring player discards a card from their hand.	playerNDeck
5b1a54c4-7b86-4153-b0dc-359d470cf3f9	Jacques Renault	7th-sea/iron-shadow/7thSea-IronShadow-JacquesRenault.jpg	default	Crew	Iron Shadow	unaligned	7	In				P	c,t	0	2	3	2	3			R	*Die Kreuzritter* Experienced • Unique • First Mate • Holy • Heroic • Swordsman +2 Act: Tack this Crew to target another player's Villainous, non-Captain Crew in this Sea. Play a card from your hand as a Boarding Attack to begin a Duel between this Crew and the target Crew.	playerNDeck
e2f5fc3a-a8b4-4ece-b66f-d2d681df116c	Jaime Espejo	7th-sea/iron-shadow/7thSea-IronShadow-JaimeEspejo.jpg	default	Crew	Iron Shadow	Castille	5	In				P	c,t	1	2	1	1	3			U	Unique React: Tack this Crew after you have completed a Boarding with another player. The other player must discard their hand and draw 7 new cards.	playerNDeck
cebec997-9686-4e92-9459-38e036cf0a4f	Jason the Troubadour	7th-sea/iron-shadow/7thSea-IronShadow-JasonTheTroubadour.jpg	default	Crew	Iron Shadow	Gosse's Gentlemen	6	In				P	c,t	0	0	2	3	3			U	Experienced • Unique • Loyal The title of this card is “Entertainers” for Experienced purposes. React: Tack or disacrd one of your Crew cards with the title “Entertainers” when you are paying a cancel cost to produce 4 points towards the cancel cost.	playerNDeck
d1e725ff-a1e0-44b0-8e22-6ec020b843f6	Jelena	7th-sea/iron-shadow/7thSea-IronShadow-Jelena.jpg	default	Crew	Iron Shadow	Explorer's Society	4	In				P	c,t	0	4	1	0	2			C	All completed Adventures attached to this Crew that provide skill bonuses provide an additional +1 to the appropriate skill.	playerNDeck
95b6f68c-4579-4268-a47c-627e19246dc2	Jemy	7th-sea/iron-shadow/7thSea-IronShadow-Jemy.jpg	default	Crew	Iron Shadow	Crimson Rogers	3	In				P	c,t	0	3	0	0	2			C	Topman • Heroic Jemy may not start a Boarding Attack. Jemy has +1 Swashbuckling when defending against a Boarding Attack.	playerNDeck
89743f69-3081-4e50-a8d3-5d3fd120328a	Jenny House	7th-sea/iron-shadow/7thSea-IronShadow-JennyHouse.jpg	default	Attachment	Iron Shadow		2	Ad				C	d,s								C	SEA ATTACHMENT Any player in this Sea may sink this card by paying 3 Swashbuckling as an action. Act: Tack this card and pay 1 Influence to target and tack a non-Captain Crew in this Sea. React: When a non-Captain Crew in the same Sea as your Ship tacks to produce 6 or more skill points, tack this card and pay 2 Influence to reduce that skill production to 0. This effect may be canceled by any player by discarding a Crew.	playerNDeck
855be944-533b-4041-b9d5-b141d18bd526	Jensson Cloudmaster	7th-sea/iron-shadow/7thSea-IronShadow-JenssonCloudmaster.jpg	default	Crew	Iron Shadow	Vesten	6	In				P	c,t	0	3	2	0	2			R	Laerdom 1 Act: Discard a card from your hand with the Weather trait to target a Ship in this Sea. Increase or decrease that Ship's Move Cost by 1 (minimum 1) until the end of the turn. Any player may tack one of their Crew with the Laerdom trait to cancel this action.	playerNDeck
86cd6cb1-5142-4be2-aaa8-6db65051326a	Jeremiah Berek	7th-sea/iron-shadow/7thSea-IronShadow-JeremiahBerek.jpg	default	Captain	Iron Shadow	Brotherhood					9			3	3	4	3	4			F	Start: Forbidden Sea Heroic • Swordsman +2 React: When you are suffering Hits, tack one of your completed Adventures to reduce the Hits suffered by 1 (minimum 0) if you have 3 or more other Brotherhood Crew on your Ship.	playerNCaptain
a1cee456-8c9e-4dbe-b261-2f1ecbd040f7	Jibril Al-Khadeem	7th-sea/iron-shadow/7thSea-IronShadow-JibrilAlKhadeem.jpg	default	Crew	Iron Shadow	Corsairs	3	In				P	c,t	0	2	0	0	1			C	No Attachments • Villainous Act: Once per turn, discard one of your Captive Crew to give both your Captain and this Crew +3 Influence until the end of the turn.	playerNDeck
3c341cf6-3892-48a2-8969-9f3989be7f76	Jillison Brown	7th-sea/iron-shadow/7thSea-IronShadow-JillisonBrown.jpg	default	Crew	Iron Shadow	Brotherhood	3	In				P	c,t	0	0	1	2	1			C	React: Tack this Crew when you are paying the cancel cost of an action to produce 3 points toward its cost.	playerNDeck
a3651e8a-4b8b-4489-8288-cc342dfa6197	Jimmy Bass	7th-sea/iron-shadow/7thSea-IronShadow-JimmyBass.jpg	default	Crew	Iron Shadow	Sea Dogs	7	In				P	c,t	4	3	1	2	2			R	Experienced • Unique • Loyal • Gunner • First Mate When your Sea Dogs Crew tack to produce Cannon, they produce an additional amount of Cannon equal to the number of completed Adventures they have attached.	playerNDeck
a7d2be08-deba-4360-b46d-5689305c8818	Joern Keitelsson	7th-sea/iron-shadow/7thSea-IronShadow-JoernKeitelsson.jpg	default	Crew	Iron Shadow	Crimson Rogers	7	In				P	c,t	2	2	3	2	3			R	Unique • Loyal • First Mate Your hand size is increased by 1.	playerNDeck
d0e9069c-72bf-4223-b3a3-aba4e20dc990	Johnny Terwilliger	7th-sea/iron-shadow/7thSea-IronShadow-JohnnyTerwilliger.jpg	default	Crew	Iron Shadow	unaligned	7	In				P	c,t	4	0	0	2	2			C	Gunner • No Attachments Other players may not play or perform Reacts in reaction to suffering the Hits inflicted by a Cannon Attack performed by this Crew.	playerNDeck
f0506cba-c434-4f84-8b62-ea0f6af9952a	Joseph Gallegos de Avila	7th-sea/iron-shadow/7thSea-IronShadow-JosephGallegosDeAvila.jpg	default	Crew	Iron Shadow	Castille	4	In				P	c,t	0	2	3	0	2			C	*Invisible College* Act: Tack a card attached to this Crew with the word “Musket” in the title to inflict 2 Hits on another Ship in this Sea.	playerNDeck
181b9305-a285-4a7f-97a0-13e7e71eed6d	Josette Quadros	7th-sea/iron-shadow/7thSea-IronShadow-JosetteQuadros.jpg	default	Crew	Iron Shadow	Castille	3	In				P	c,t	0	2	0	0	2			C	Holy • Swordsman +2 Your Captain absorbs 1 extra Hit when tacking to absorb Hits.	playerNDeck
e9e285cb-d970-4131-ad08-67a09a3bb9ff	Juliet Jones	7th-sea/iron-shadow/7thSea-IronShadow-JulietJones.jpg	default	Crew	Iron Shadow	unaligned	4	In				P	c,t	0	4	0	0	1			C	Topman • No Attachments Your Captain has +1 Sailing while this Crew is on Board.	playerNDeck
42c988f4-2f25-4962-92e5-1b92ced53e5d	Julius Caligari	7th-sea/iron-shadow/7thSea-IronShadow-JuliusCaligari.jpg	default	Crew	Iron Shadow	Crimson Rogers	5	In				P	c,t	1	0	0	3	3			U	*Vodacce* Villainous	playerNDeck
58a65720-f76d-44cd-9e86-083871aa24dc	Julius Caligari	7th-sea/iron-shadow/7thSea-IronShadow-JuliusCaligari-2.jpg	default	Crew	Iron Shadow	Crimson Rogers	6	In				P	c,t	1	0	2	3	3			R	*Vodacce* Experienced • Unique • Villainous This Crew is considered to have an Eye Attachment. Act: Once per turn, you may discard an Attachment card attached to this Crew to target a Ship in this Sea. Inflict 2 Hits on the target Ship.	playerNDeck
6f302fc7-82fd-4ed5-b52a-e616443fd2a2	Kerry Delancy	7th-sea/iron-shadow/7thSea-IronShadow-KerryDelancy.jpg	default	Crew	Iron Shadow	Montaigne	4	In				P	c,t	0	2	2	0	2			C	React: Once per turn, before you perform an Action, sink any number of cards from your hand to target one of this Crew's Skills. Until the end of the turn, this Crew has a bonus to the targeted Skill equal to the number of cards sunk.	playerNDeck
ab914f86-c978-4f77-951c-778ae9ed526c	Ketty Tappan	7th-sea/iron-shadow/7thSea-IronShadow-KettyTappan.jpg	default	Crew	Iron Shadow	Vesten	5	In				P	c,t	0	4	1	1	2			C	Act: Tack this Crew to attach one of your Ally Attachments in play to this Sea.	playerNDeck
a245859b-ea31-455b-a551-ed31f6dd7cc3	Kheired-Din	7th-sea/iron-shadow/7thSea-IronShadow-KheiredDin.jpg	default	Captain	Iron Shadow	Corsairs					9			3	4	2	2	5			F	Start: Forbidden Sea Villainous • Holy • Swordsman +2 React: Once per turn, when you are suffering Hits, absorb a number of Hits equal to this Captain's Swashbuckling, if you have 3 or more other Corsairs on board.	playerNCaptain
4d253670-28c7-4b1b-ac38-bddc24f55774	Kheired-Din's Secret	7th-sea/iron-shadow/7thSea-IronShadow-KheiredDinsSecret.jpg	default	Attachment	Iron Shadow		5	Ad				C	d,s								R	CORSAIRS SHIP ATTACHMENT Unique Act: Tack this card and suffer 5 Hits to move your Ship to any Sea.	playerNDeck
38a92adb-bad2-46f1-bb6b-54367f9f2d0a	Kheired-Din's Scimitar	7th-sea/iron-shadow/7thSea-IronShadow-KheiredDinsScimitar.jpg	default	Attachment	Iron Shadow		6	Sw				C	d,s								F	CORSAIR CAPTAIN ATTACHMENT Unique • Signature Item Act: Sink this card to untack your Captain. Act: Tack this card to target one of your other Corsair Crew to give that Crew +2 to all of that Crew's skills that are greater than 1. React: Tack this card when you are paying a Cannon cost for an action to play, discard or sink a Control card to give your Captain +4 Cannon until after the action.	playerNDeck
b9616e01-0867-45f8-a4c3-26089f5bd18c	Kirstov Throat-Mangler	7th-sea/iron-shadow/7thSea-IronShadow-KirstovThroatMangler.jpg	default	Crew	Iron Shadow	Corsairs	6	In				P	c,t	2	4	0	0	3			U	Experienced • Unique • Loyal The title of this card is “Captive Thugs” for Experienced purposes. All of your other Crew cards with the title “Captive Thugs” have +2 Sailing and +1 Cannon.	playerNDeck
4de4411b-52e7-4ea9-994a-d4c8c1031eb5	Kiss of Death	7th-sea/iron-shadow/7thSea-IronShadow-KissOfDeath.jpg	default	Action	Iron Shadow				0			D	p,t								F	Act: Tack your Black Freighter Captain and Black Freighter Ship to play this card. Get a non-Loyal Crew from your deck which does not have the Black Freighter faction symbol and hire the Crew. Attach this card to the hired Crew. This card gives the Crew the Black Freighter faction symbol and the Loyal trait. Shuffle your deck. If this card is discarded or sunk, immediately discard this Crew.	playerNDeck
eefeb400-8d54-4c69-98e7-63cb64f08547	Kitka Maritova	7th-sea/iron-shadow/7thSea-IronShadow-KitkaMaritova.jpg	default	Crew	Iron Shadow	Gosse's Gentlemen	4	In				P	c,t	0	2	0	1	3			C	*Ussura* Pyeryem 1 Act: Tack to discard an Ally card attached to this Sea.	playerNDeck
6ad347f2-ffb0-4f5a-8174-49b40c32cff6	Know Your Opponent	7th-sea/iron-shadow/7thSea-IronShadow-KnowYourOpponent.jpg	default	Action	Iron Shadow							D	p,t								U	React: Play when you reverse a Boarding Attack during a Boarding Attack or Duel. If your Crew has more Swordsman Knacks attached than the other Crew or a higher Swashbuckling than the other Crew, the bottom Boarding Box may not be used to reverse your Boarding Attack.	playerNDeck
fc37f815-0e68-4b7f-a86a-7e0d9fe69307	Kodiak Bear	7th-sea/iron-shadow/7thSea-IronShadow-KodiakBear.jpg	default	Attachment	Iron Shadow							C	d,s								U	CREW ATTACHMENT Pyeryem 1 Knack This Crew absorbs 2 extra Hits when tacking or sinking to absorb Hits.	playerNDeck
9954a4d0-6ba5-424a-872d-957b806022c4	Korintine Nicolovich	7th-sea/iron-shadow/7thSea-IronShadow-KorintineNicolovich.jpg	default	Crew	Iron Shadow	Explorer's Society	5	In				P	c,t	1	2	2	1	3			R	*Ussura* Unique • Pyeryem 1 React: When this Crew is about to be sunk, discard the top card of your deck. If the Boarding Attack on the discard is a Dagger, then Korintine is placed on the top of your deck instead of in the sunk pile.	playerNDeck
eb0a5168-34bb-4497-aafd-95ab072de391	Kurt Weinberg	7th-sea/iron-shadow/7thSea-IronShadow-KurtWeinberg.jpg	default	Crew	Iron Shadow	Sea Dogs	4	In				P	c,t	0	1	2	0	3			C	*Die Kreuzritter*Eisen* Heroic When this Crew tacks or sinks to absorb Hits he absorbs 1 extra Hit. Act: If this Crew does not have a card with the title: “Cutlass” attached, attach a “Cutlass” to this Crew from your hand without cost.	playerNDeck
17e6ae8f-fb7b-4ba2-be4c-f933942eaced	Lady Katerina	7th-sea/iron-shadow/7thSea-IronShadow-LadyKaterina.jpg	default	Adventure	Iron Shadow							T	c,s								C	1 Sea Away • Patron To complete: Pay 3 Adventuring (2 if completed in The Mirror). Crew Attachment: +1 Swashbuckling. This Crew inflicts 1 extra Hit during Boarding Attacks.	playerNDeck
575dde8f-9dac-443c-aefb-8568241cc846	Land Lubber	7th-sea/iron-shadow/7thSea-IronShadow-LandLubber.jpg	default	Action	Iron Shadow				4	In		S	d,p								R	React: Play when another player hires a Crew with a Cannon skill and Sailing skill of 0. Pay an amount of Adventuring equal to that Crew's Influence cost to discard that Crew. Act: Target a Crew in this Sea with a Cannon skill of 0 and a Sailing skill of 0. Tack one of your Crew to tack the target Crew.	playerNDeck
8abd1555-b8fb-45c0-bc48-338231bb46cc	Last Ditch Cannon Attack	7th-sea/iron-shadow/7thSea-IronShadow-LastDitchCannonAttack.jpg	default	Action	Iron Shadow		3	Ad	3	Ad		D	p,t								R	Act: Sink one of your non-Captain Gunner Crew and target a Ship in this Sea to produce a Cannon Attack equal to the sunk Crew's printed Cannon skill. If your Captain has a Cannon skill greater than 5 and you have a smaller printed Crew Maximum than the target Ship, the cost to play this card is reduced by 3 (minimum 0).	playerNDeck
606fd789-4020-4f30-9662-ed928079757f	Last Second Escape!	7th-sea/iron-shadow/7thSea-IronShadow-LastSecondEscape.jpg	default	Action	Iron Shadow		0		M			D	p,t								C	React: Play when a Cannon Attack is inflicting Hits on your Ship. Target the Ship of the player producing the Cannon Attack. Cancel the Cannon Attack, then move your Ship to an adjacent Sea. React: Target a Ship that is starting a Boarding with your Ship. The Boarding attempt is canceled. Move your Ship to an adjacent Sea.	playerNDeck
51b81793-254d-4354-b822-92fcfa3283c2	Le Predateur des Mers	7th-sea/iron-shadow/7thSea-IronShadow-LePredateurDesMers.jpg	default	Ship	Iron Shadow	Montaigne													8	3	F	Act: Tack this card to attach one or more of your Ally cards in play to this Sea. React: Tack before performing an action, to move to an adjacent Sea.	playerNShip
ade065bb-202d-4e08-a987-53eb904c8ac4	Learning the Controls	7th-sea/iron-shadow/7thSea-IronShadow-LearningTheControls.jpg	default	Adventure	Iron Shadow							T	c,s								U	2 Seas Away To complete: Pay 4 Adventuring. Crew Attachment: +4 Sailing and this Crew gains the Topman trait. You may not attach this card to your Captain.	playerNDeck
4b416262-a987-443b-8605-8c581c3af147	Leegstra School	7th-sea/iron-shadow/7thSea-IronShadow-LeegstraSchool.jpg	default	Attachment	Iron Shadow		2	In				C	d,s								U	CREW ATTACHMENT Swordsman Knack +2 Swashbuckling	playerNDeck
2b83d544-cdb5-4bb0-b158-dfd6a9287c81	Lemons	7th-sea/iron-shadow/7thSea-IronShadow-Lemons.jpg	default	Action	Iron Shadow		0		0			D	p,t								C	React: Play immediately after you have completed an Adventure. Untack one of your Crew which tacked to produce Adventuring to complete the Adventure.	playerNDeck
3221b50a-fcff-4a83-a576-360eb4c5112e	Li'l Jim	7th-sea/iron-shadow/7thSea-IronShadow-LilJim.jpg	default	Crew	Iron Shadow	unaligned	3	In				P	c,t	0	3	1	0	1			U	Topman	playerNDeck
164b19cc-1f9a-4b2f-ada1-013e192a7797	Lice	7th-sea/iron-shadow/7thSea-IronShadow-Lice.jpg	default	Action	Iron Shadow				0			S	d,p								R	Act: Target another Ship in a Sea with a Port attached. All Crew on that Ship have their Influence reduced by one until the end of the turn (minimum 0). React: Tack one of your Pet cards when another player tacks a Crew to produce Influence. That Crew produces 3 less Influence (minimum 0).	playerNDeck
71873164-6b1b-4597-8538-8e6d82674ccc	Life Raft	7th-sea/iron-shadow/7thSea-IronShadow-LifeRaft.jpg	default	Action	Iron Shadow							S	d,p								C	Act: Search your discard pile for a Crew card. Place that Crew card in your hand. React: Play when one of your Crew is being discarded. Place that Crew card in your hand, instead of your discard pile. React: Play after another player performs an action (not a React) to discard one of your Crew. That Crew remains on board your Ship, tacked. Sink all cards attached to this Crew. Sink this card.	playerNDeck
f27fd2af-48e4-4ffb-87c0-d6881862878e	Line and Winch	7th-sea/iron-shadow/7thSea-IronShadow-LineAndWinch.jpg	default	Action	Iron Shadow		2	Sw				S	d,p								C	React: Play when you are paying the Sailing cost to begin a Boarding or the Sailing cost of an action that will result in a Boarding to produce 4 Sailing.	playerNDeck
675b7fd2-a8af-412a-9159-bdf86a460776	Log of the Black Freighter	7th-sea/iron-shadow/7thSea-IronShadow-LogOfTheBlackFreighter.jpg	default	Action	Iron Shadow				0			S	d,p								F	Act: Tack one of your Crew with Fear 1 or more to target a player. Target player must discard one of their Crew (except a Captain) with an Influence cost equal to, or greater than, the Fear value of the Crew tacked to play this card.	playerNDeck
cdbff4bd-6264-4d59-8268-dbae374d4027	Long Hand	7th-sea/iron-shadow/7thSea-IronShadow-LongHand.jpg	default	Attachment	Iron Shadow		0					C	d,s								U	CREW ATTACHMENT Porte 1 Knack React: Tack this card when you are paying to complete an Adventure to produce 2 Adventuring.	playerNDeck
279e947b-2fb7-4019-84e2-2799d7d0274b	Look The Devil in the Eye	7th-sea/iron-shadow/7thSea-IronShadow-LookTheDevilInTheEye.jpg	default	Action	Iron Shadow							D	p,t								R	React: Play immediately after you and another player have resolved a Duel. Both players draw 5 cards from their deck. React:  Play when you push your Captain forward to start a Boarding Attack. You may discard your entire hand and draw 7 cards from your deck.	playerNDeck
6cf0179a-9bbb-4c70-bcf4-0eb71d1a09c4	Lord Windamshire	7th-sea/iron-shadow/7thSea-IronShadow-LordWindamshire.jpg	default	Crew	Iron Shadow	Explorer's Society	4	In				P	c,t	0	1	3	2	1			U	When you complete an Adventure which increases a Crew's Influence, you must attach it to this Crew, if able. Act: Discard 2 cards from your hand to move an Influence – increasing Attachment from this Crew to another of your Crew.	playerNDeck
86c38545-281f-4391-b62d-012c8e771345	Louis Sices du Sices	7th-sea/iron-shadow/7thSea-IronShadow-LouisSicesDuSices.jpg	default	Crew	Iron Shadow	Montaigne	5	In				P	c,t	3	0	0	2	3			C	Gunner • Heroic	playerNDeck
47d9abfb-f566-4b19-a4b2-3bec3f089bd7	Lowly Captives	7th-sea/iron-shadow/7thSea-IronShadow-LowlyCaptives.jpg	default	Crew	Iron Shadow	Corsairs	3	In				P	c,t	0	2	0	0	1			C	Rower • Captive • No Attachments This Crew may not be placed on a Heroic Captain's Ship, unless that Captain is a Corsair. When this Crew tacks or sinks to absorb Hits, it absorbs 2 extra Hits.	playerNDeck
69da3f93-c071-45f9-a5ec-13fc4c24b28a	Loyal Castillian	7th-sea/iron-shadow/7thSea-IronShadow-LoyalCastillian.jpg	default	Attachment	Iron Shadow							C	d,s								R	THIS SEA ATTACHMENT Ally You must tack your Captain or one of your First Mate Crew to bring this card into play. Any player in this Sea may sink this card by paying 4 Swashbuckling or Cannon as an Action. Act: Tack this card to attach it to an adjacent Sea. React: Once per turn, if this card is in the same Sea as your Ship, instead of performing a Boarding Attack, inflict 6 Hits on the other Ship in the Boarding.	playerNDeck
1e6a1a3f-2b77-480e-9783-b899b70e9927	Loyal Port	7th-sea/iron-shadow/7thSea-IronShadow-LoyalPort.jpg	default	Attachment	Iron Shadow		3	In													R	THIS SEA ATTACHMENT Port Any player may discard this card by paying 4 Cannon as an action. Any player may sink this card by paying 9 Cannon as an action. Act: Tack this card to target a Ship in this Sea. Move the target Ship to an adjacent Sea of your choosing.	playerNDeck
2e9b0b8f-2805-4928-92d2-b2d8fea5a622	Lt. Juan Rodriguez de Soldano	7th-sea/iron-shadow/7thSea-IronShadow-LtJuanRodriguezDeSoldano.jpg	default	Crew	Iron Shadow	Brotherhood	4	In				P	c,t	1	3	1	0	2			C	Captive When Hiring this Crew, you may tack your Captain to reduce this Crew's Influence cost to 0.	playerNDeck
fa2b8a36-3aaf-48ed-880f-19084d127663	Lucrezia	7th-sea/iron-shadow/7thSea-IronShadow-Lucrezia.jpg	default	Crew	Iron Shadow	Brotherhood	5	In				P	c,t	0	0	2	0	2			R	*Vodacce* Experienced • Unique • Loyal Fate 1 React: Sink a Knack attached to this Crew when paying a cancel cost to reduce the cancel cost by 3 (minimum 0).	playerNDeck
0d2519d1-cc1d-48ba-8b01-a82186abfee1	Lucrezia	7th-sea/iron-shadow/7thSea-IronShadow-Lucrezia-2.jpg	default	Crew	Iron Shadow	unaligned	3	In				P	c,t	0	0	1	0	1			U	*Vodacce* Fate 1	playerNDeck
612a7789-01e1-4888-98da-260dcbbdf4a8	Lucrezia's Prophecy	7th-sea/iron-shadow/7thSea-IronShadow-LucreziasProphecy.jpg	default	Adventure	Iron Shadow							T	c,s								U	1 Sea Away To complete: Tack one of your Sorcerers with Fate 1 or more. Crew Attachment • Fate 1 Knack: React: Tack this card instead of performing a Boarding Attack. Target the other Ship in the Boarding. The target Ship's player must tack one of their Crew.	playerNDeck
c5a03c96-a046-4f4c-b82b-5f3b783b3ded	Lyin' John Flees	7th-sea/iron-shadow/7thSea-IronShadow-LyinJohnFlees.jpg	default	Chantey	Iron Shadow							D	p,t								U	Any player may sink this Chantey by paying 4 Cannon as an action. While this Chantey is in play, a player may not perform an action that results in a Cannon attack if he or she has already performed one during the turn.	playerNDeck
0c2af3d8-801e-4f1b-9364-1b1cc15dbdf2	Mabela	7th-sea/iron-shadow/7thSea-IronShadow-Mabela.jpg	default	Crew	Iron Shadow	Gosse's Gentlemen	4	In				P	c,t	0	1	2	0	2			U	Holy When this Crew tacks to absorb Hits, he absorbs 2 extra Hits. This Crew's Boarding Attacks that finish with a Thrust inflict 2 extra Hits.	playerNDeck
4046666d-31f7-4a3c-ae65-550bb19ccee6	Maggie Malone	7th-sea/iron-shadow/7thSea-IronShadow-MaggieMalone.jpg	default	Crew	Iron Shadow	Explorer's Society	3	In				P	c,t	0	3	1	0	1			C	Topman When this Crew tacks to absorb Hits, she absorbs 1 extra Hit, except during Boarding.	playerNDeck
a8e48926-2df6-40ec-a6a2-ed47e26388c6	Maggie Malone	7th-sea/iron-shadow/7thSea-IronShadow-MaggieMalone-2.jpg	default	Crew	Iron Shadow	Explorer's Society	5	In				P	c,t	0	4	2	0	2			R	Experienced • Unique • Heroic • Topman Maggie absorbs 2 extra hits when tacking or sinking to absorb Hits. Act: Tack or discard this Crew to target a Ship in this Sea. That Ship's controller must move their Ship to an adjacent Sea of their choosing.	playerNDeck
c47f3c2c-4674-46e3-81b2-481f321009f7	Main Gauche	7th-sea/iron-shadow/7thSea-IronShadow-MainGauche.jpg	default	Attachment	Iron Shadow		0					C	d,s								C	CREW ATTACHMENT Item This Crew's Boarding Attacks that finish with a Dagger inflict 2 extra Hits. React: Tack this card when this Crew reverses a Thrust Boarding Attack with a Dagger to draw a card from your deck.	playerNDeck
eec0af30-b780-4b7d-adaf-44f8ff2f5343	Major Hull Damage	7th-sea/iron-shadow/7thSea-IronShadow-MajorHullDamage.jpg	default	Action	Iron Shadow		0		0			S	d,p								R	React: Play this card when you are suffering Hits. Attach this card to your Ship as a Damage Attachment to absorb 8 Hits. This card counts as 2 Crew against your Crew Maximum. Your Ship's Move Cost is increased by 2 while this card is in play. You may sink this Attachment by tacking 6 Swashbuckling as an action. You may not sink or discard this card with other card effects.	playerNDeck
614c0cc4-5c1f-4e20-9d34-b59abd7a6bd1	Manuel Dejavez	7th-sea/iron-shadow/7thSea-IronShadow-ManuelDejavez.jpg	default	Crew	Iron Shadow	Castille	4	In				P	c,t	1	4	0	0	2			U	Topman When Manuel tacks to absorb Hits, he absorbs 2 extra Hits, except during a Boarding.	playerNDeck
503653e5-b6b5-4e78-8477-91b608cffb15	Marcel Entour	7th-sea/iron-shadow/7thSea-IronShadow-MarcelEntour.jpg	default	Crew	Iron Shadow	Montaigne	3	In				P	c,t	0	3	0	0	1			C	Topman When this Crew tacks to absorb Hits, he absorbs 3 extra Hits, except during Boarding.	playerNDeck
7ff469d9-42bd-43b3-99fb-110af1323ee5	Maria Forlani	7th-sea/iron-shadow/7thSea-IronShadow-MariaForlani.jpg	default	Crew	Iron Shadow	Gosse's Gentlemen	5	In				P	c,t	0	0	2	2	2			U	Loyal The completion cost of your Adventures is reduced by 1 (minimum 1).	playerNDeck
9510bc5f-a734-4f6b-9220-9346a61834c5	Marianna the Cleaner	7th-sea/iron-shadow/7thSea-IronShadow-MariannaTheCleaner.jpg	default	Crew	Iron Shadow	Crimson Rogers	4	In				P	c,t	0	0	2	0	2			C	Villainous Act: Once per turn, sink one of your Crew to give your Captain +3 Influence until the end of the turn.	playerNDeck
c3deb8ac-e818-4cdf-844f-ea8d138fdf9d	Mark of the Grumfather	7th-sea/iron-shadow/7thSea-IronShadow-MarkOfTheGrumfather.jpg	default	Adventure	Iron Shadow							T	c,s								U	1 Sea Away To complete: Tack one of your Sorcerers with Laerdom 1 or more. Crew Attachment • Laerdom 1 Knack: React: Tack this card instead of performing a Boarding Attack. The other player in the Boarding must target one of your tacked Crew. Untack the target Crew.	playerNDeck
72c1f5cc-33dc-4cb7-8b0e-aefd1ae45164	Marketeers	7th-sea/iron-shadow/7thSea-IronShadow-Marketeers.jpg	default	Crew	Iron Shadow	unaligned	1	In				P	c,t	0	0	0	1	1			C	No attachments	playerNDeck
b7ca30eb-c430-4ffb-8432-d6f1f7afbee2	Master Allen Trel	7th-sea/iron-shadow/7thSea-IronShadow-MasterAllenTrel.jpg	default	Crew	Iron Shadow	Vesten	6	In				P	c,t	0	0	0	4	2			R	Unique • No Attachments • Villainous Your Ship Attachments with the title “Treasure Hold” do not count against your Crew Maximum. Your Captain has 2 less Influence (minimum 1) while this Crew is in play. If this Crew is sunk or discarded, all of your Treasure Holds in play are discarded.	playerNDeck
29542cf9-7e0e-4d0f-9eb2-fb9668d7c9a4	Master Gunner	7th-sea/iron-shadow/7thSea-IronShadow-MasterGunner.jpg	default	Attachment	Iron Shadow		3	In				C	d,s								C	CREW ATTACHMENT Henchman +1 Cannon React: Tack this card when you are paying the Cannon cost of an Action card (including a cancel cost) to reduce that cost by 2 (minimum 0).	playerNDeck
a1033610-aa0d-4c69-bfbb-00cf8ab2d9e6	Master of the Tops	7th-sea/iron-shadow/7thSea-IronShadow-MasterOfTheTops.jpg	default	Attachment	Iron Shadow		3	In				C	d,s								C	CREW ATTACHMENT Henchman +1 Sailing React: Tack this card when you are paying the Sailing cost of an Action card (including a cancel cost) to reduce that cost by 2 (minimum 0).	playerNDeck
b1e486ac-048c-4abd-856d-caee1e150547	Maureen Leveque	7th-sea/iron-shadow/7thSea-IronShadow-MaureenLeveque.jpg	default	Crew	Iron Shadow	Montaigne	5	In				P	c,t	2	1	0	1	2			U	React: When a Ship enters this Sea, this Crew may immediately tack to perform a Cannon Attack against that Ship	playerNDeck
efc357b5-04ad-4e4c-ae10-5268384ffde3	McCormick's Compass	7th-sea/iron-shadow/7thSea-IronShadow-McCormicksCompass.jpg	default	Attachment	Iron Shadow		6	Sw				C	d,s								F	EXPLORER CAPTAIN ATTACHMENT Unique • Signature Item Act: Sink this card to untack your Captain. Act: Tack this card to target one of your other Explorer Crew to give that Crew +2 to all of that Crew's skills that are greater than 1. React: Tack this card when you are paying an Adventuring cost for an action to play,  discard or sink a Control card to give your Captain +4 Adventuring until after the action.	playerNDeck
82549357-e5cf-4483-a7f2-50cf3c008aad	Merchant Ship	7th-sea/iron-shadow/7thSea-IronShadow-MerchantShip.jpg	default	Attachment	Iron Shadow		2	Sw				C	d,s								C	SEA ATTACHMENT Ally When this card is put into play, it attaches to the Forbidden Sea. Act: Tack this card to attach it to an adjacent Sea. Act: Tack this card while it is in the Frothing Sea to untack one of your Crew with an Influence cost of 3 or less. This card then attaches to the Forbidden Sea.	playerNDeck
899e3f5c-6c32-4756-a7b0-4b94aa059c44	Mermaids	7th-sea/iron-shadow/7thSea-IronShadow-Mermaids.jpg	default	Action	Iron Shadow		6	Ad	3	Sa		S	d,p								U	Monster Act: Target a Ship with more than 5 Crew on board. That Ship suffers a number of Hits equal to the number of Crew on board that Ship. Act: Target a Ship. Target Ship must discard a Crew or suffer 6 Hits. If your Captain has an Adventuring skill of 6 or more, the cancel cost of this card is increased by 4.	playerNDeck
90448cb3-908b-4112-89f0-10751a024e45	Message From the Grave	7th-sea/iron-shadow/7thSea-IronShadow-MessageFromTheGrave.jpg	default	Chantey	Iron Shadow							C	d,s								U	Any player may sink this Chantey by paying 6 Swashbuckling as an action. All players must tack or discard one of their non-Captain Crew during each Draw Cards Phase.	playerNDeck
40c1fa14-1bea-4dc3-8681-a468fc3e6548	Michel Rois et Reines	7th-sea/iron-shadow/7thSea-IronShadow-MichelRoisEtReines.jpg	default	Crew	Iron Shadow	Montaigne	6	In				P	c,t	0	3	0	3	2			U	Experienced • Unique Act: Tack this Crew to untack up to two of your Ally cards.	playerNDeck
f99ffa0a-611d-4e59-b48b-d68c11b73cc4	Mind Your P's and Q's	7th-sea/iron-shadow/7thSea-IronShadow-MindYourPsAndQs.jpg	default	Action	Iron Shadow		4	Ad	2	In		D	p,t								U	React: Target another player's Crew as it enters play. Return the target Crew to its owner's hand. React: Target another player's Crew as that Crew enters play. Push one of your Crew forward and play a card from your hand as a Boarding Attack to begin a Duel between your Crew and the target Crew. If you have a Heroic Captain, the cancel cost of this card is increased by 5.	playerNDeck
e3a7cac4-c82a-4eeb-98a2-235f0a2a13f4	Minor Hull Damage	7th-sea/iron-shadow/7thSea-IronShadow-MinorHullDamage.jpg	default	Action	Iron Shadow		0		0			D	p,t								C	React: Play this card when you are suffering Hits. Attach this card to your Ship as a Damage Attachment to absorb 4 Hits. This card counts as 1 Crew against your Crew Maximum. Your Ship's Move Cost is increased by 1 while this card is in play. You may sink this Attachment by tacking 3 Swashbuckling as an action. You may not sink or discard this card with other card effects.	playerNDeck
83126c0f-a9f5-4ca6-b6bd-fc92e82c1d63	Mohdest Mercanto	7th-sea/iron-shadow/7thSea-IronShadow-MohdestMercanto.jpg	default	Crew	Iron Shadow	Sea Dogs	3	In				P	c,t	0	0	2	0	2			U	Unique • Heroic • Loyal • No Attachments When you sink this Crew to absorb Hits, you may untack one of your non-Captain Heroic Crew.	playerNDeck
ccf5d3a2-5161-4235-92cf-04561556ffda	Moldy Morris	7th-sea/iron-shadow/7thSea-IronShadow-MoldyMorris.jpg	default	Crew	Iron Shadow	Black Freighter	7	In				P	c,t	2	0	0	1	3			R	Experienced • Unique • Loyal This Crew inflicts 3 extra Hits during Boarding Attacks. If one or more Crew are sunk to absorb hits inflicted by this Crew during a Boarding Attack, you may immediately hire 1 Skeletal Crew from your hand, with an Influence cost of 2 or less, without cost.	playerNDeck
f639d2cb-ce20-4a3c-bf6b-e4250ac2e03b	Monkey's Fist	7th-sea/iron-shadow/7thSea-IronShadow-MonkeysFist.jpg	default	Action	Iron Shadow		0		0			S	d,p								U	Act: Discard one of your non-Captain Villainous Crew to draw 3 cards. React: Play after a Heroic Crew is sunk to draw 2 cards	playerNDeck
4153cae0-4dba-44b2-9c4f-8e241df2903b	Montaigne Marines	7th-sea/iron-shadow/7thSea-IronShadow-MontaigneMarines.jpg	default	Crew	Iron Shadow	Montaigne	3	In				P	c,t	0	2	1	0	2			C	No Attachments React: When another player performs an action that discards or sinks one of your Ally or Control cards, discard this Crew to cancel the action.	playerNDeck
3f179a22-48d2-4e26-9435-b7cfcfa8a506	Montaigne Ship of the Line	7th-sea/iron-shadow/7thSea-IronShadow-MontaigneShipOfTheLine.jpg	default	Attachment	Iron Shadow		12	In				C	d,s								R	THIS SEA ATTACHMENT Ally Any player in this Sea may discard this card by paying 10 Swashbuckling or Cannon as an action. Act: Tack this card to attach it to an adjacent Sea. Act: Tack this card and target a Ship in this Sea to inflict an 8 Hit Cannon Attack on the target Ship.	playerNDeck
aed3f24e-b146-4e2b-8379-ce934931117d	Montaigne Valet	7th-sea/iron-shadow/7thSea-IronShadow-MontaigneValet.jpg	default	Attachment	Iron Shadow		3	In				C	d,s								C	CREW ATTACHMENT Henchman +1 Influence React: Tack this card when you are paying the Influence cost of an Action card (including a cancel cost) to reduce that cost by 2 (minimum 0).	playerNDeck
2e27e9cd-6c47-47cd-bd1d-6ad82d07d2ef	Morgause Mercuri	7th-sea/iron-shadow/7thSea-IronShadow-MorgauseMercuri.jpg	default	Crew	Iron Shadow	unaligned	5	In				P	c,t	3	0	2	0	2			C	*Sophia's Daughters* Gunner When hiring this Crew you may pay 3 Cannon to reduce this Crew's Influence cost to 0.	playerNDeck
8addd7fb-f3ca-4e6f-a494-82dc8fc1c004	Much Needed Repairs	7th-sea/iron-shadow/7thSea-IronShadow-MuchNeededRepairs.jpg	default	Action	Iron Shadow		4	In				S	d,p								R	Act: Target and sink a Damage Attachment attached to your Ship (overriding any text on the Damage Attachment). Sink this card.	playerNDeck
d8964613-844d-421c-b32b-29fd3527b263	Mumblety Peg	7th-sea/iron-shadow/7thSea-IronShadow-MumbletyPeg.jpg	default	Crew	Iron Shadow	Explorer's Society	9	In				P	c,t	2	3	3	2	3			R	Experienced • Unique • Loyal • First Mate • Villainous • Swordsman +2 React: When you are suffering Hits, reduce your hand size by one until the end of the game to suffer 3 fewer Hits. You may only use this ability if Mumblety Peg is untacked and your hand size is at least 2.	playerNDeck
14c7b545-acfb-40f1-9b3c-8540fa42dd52	Musket	7th-sea/iron-shadow/7thSea-IronShadow-Musket.jpg	default	Attachment	Iron Shadow		6	Ad				C	d,s								C	CREW ATTACHMENT Item React: Tack this card instead of performing a Boarding Attack to inflict 2 Hits on the other Ship in the Boarding.	playerNDeck
6d24dc1a-58c7-4f69-b9e1-c460b29fcdf9	Musketeers	7th-sea/iron-shadow/7thSea-IronShadow-Musketeers.jpg	default	Attachment	Iron Shadow		4	In				C	d,s								C	CREW ATTACHMENT Henchman +1 Swashbuckling React: Tack this card when you are paying the Swashbuckling cost of an Action card (including a cancel cost) to reduce that cost by 2 (minimum 0).	playerNDeck
c60fa0f3-fb7d-4ef8-99ff-a8e09b843bf7	Nasty Bit o' Luck	7th-sea/iron-shadow/7thSea-IronShadow-NastyBitOLuck.jpg	default	Action	Iron Shadow				0			S	d,p								C	React: Play when a Ship moves into your Sea using the Ship's “Free Move.” That Ship's player does not get to perform an action. Play continues to the next player.	playerNDeck
2ed9c36f-868a-4e96-90d8-d80519cb4563	Natalia Ivanonva	7th-sea/iron-shadow/7thSea-IronShadow-NataliaIvanonva.jpg	default	Crew	Iron Shadow	Crimson Rogers	4	In				P	c,t	1	0	2	0	3			C	Villainous	playerNDeck
d6d20c7a-7f1e-4678-a12b-52e1dc623b6b	Native Waters	7th-sea/iron-shadow/7thSea-IronShadow-NativeWaters.jpg	default	Attachment	Iron Shadow							C	d,s								R	SEA ATTACHMENT Unique • Oath This card must be attached to your Captain's Starting Sea. While another player's Ship is in this Sea and your Ship is not in this Sea, your Captain's Influence is reduced to 0. Any player in this Sea may sink this card by paying 4 Cannon or Swashbuckling as an action. While there are no other Ships in this Sea, your Captain's Influence is increased by 2.	playerNDeck
c8cd85a8-d918-4cb4-a7d3-ca1c793d0688	Naughty Dan	7th-sea/iron-shadow/7thSea-IronShadow-NaughtyDan.jpg	default	Crew	Iron Shadow	Brotherhood	3	In				P	c,t	0	0	0	0	3			U	Heroic React: Sink this Crew when you are suffering 3 or less Hits. Redirect those Hits to another Ship in this Sea.	playerNDeck
f74ca641-b1d4-4b84-831a-0fc2c3e9094f	Navigational Tools	7th-sea/iron-shadow/7thSea-IronShadow-NavigationalTools.jpg	default	Adventure	Iron Shadow							T	c,s								C	1 Sea Away • Item To complete: Pay 2 Adventuring (1 if completed in Frothing Sea). Crew Attachment: +2 Adventuring	playerNDeck
f3ecfb38-711c-4740-b03d-9d8d807a12f2	Necros' Sword	7th-sea/iron-shadow/7thSea-IronShadow-NecrosSword.jpg	default	Attachment	Iron Shadow		6	Sw				C	d,s								F	BLACK FREIGHTER CAPTAIN ATTACHMENT Unique • Signature Item Act: Sink this card to untack your Captain. Act: Tack this card to target one of your other Black Freighter Crew to give that Crew +2 to all of that Crew's skills that are greater than 1. React: Tack this card when you are paying a Sailing cost for an action to play, discard or sink a Control card to give your Captain +4 Sailing until after the action.	playerNDeck
a85685d9-02a6-4cfe-ad6f-d797b9288ee4	Needle Nose Nye	7th-sea/iron-shadow/7thSea-IronShadow-NeedleNoseNye.jpg	default	Crew	Iron Shadow	Sea Dogs	3	In				P	c,t	1	3	0	1	1			C	This Crew may not tack to absorb Hits during Boarding.	playerNDeck
b7ecc9a6-41fc-4c32-9fd0-bf408cdf15c2	No Fun to Be a Captive	7th-sea/iron-shadow/7thSea-IronShadow-NoFunToBeACaptive.jpg	default	Action	Iron Shadow				0			D	p,t								F	Act: Sink one of your Captive Crew to give +2 Cannon, Sailing and Adventuring to another Captive Crew until the end of the turn.	playerNDeck
0fdc189c-c2cb-4d7b-a8b3-d3c790a92c3b	No Space For Luxuries	7th-sea/iron-shadow/7thSea-IronShadow-NoSpaceForLuxuries.jpg	default	Action	Iron Shadow				0			D	p,t								U	Act: Target a Ship Attachment on a Ship which is exceeding its printed Crew Maximum. Sink the target Attachment and inflict 3 Hits on that Ship.	playerNDeck
b58acfc5-8406-442f-8b65-05935ecc9a36	No-Leg William	7th-sea/iron-shadow/7thSea-IronShadow-NoLegWilliam.jpg	default	Crew	Iron Shadow	Black Freighter	7	In				P	c,t	2	4	2	1	2			R	Experienced • Unique • Loyal • Topman This Crew is considered to have two Leg attachments. Act: If this Crew is untacked, pay 2 Sailing to attempt a Boarding with another Ship in this Sea (this attempt may be canceled normally).	playerNDeck
247a60b2-0882-46be-9bb5-6554db399fcc	Noah the Toady King	7th-sea/iron-shadow/7thSea-IronShadow-NoahTheToadyKing.jpg	default	Crew	Iron Shadow	Brotherhood	4	In				P	c,t	0	0	0	0	3			R	Villainous This Crew has +2 Adventuring and +3 Influence while in the same Sea as one or more of your Ally or Control cards. Act: Once per turn, target a tacked Ally card or tacked Control card in this Sea to untack that card.	playerNDeck
87b9f938-2460-4558-8a82-3f978b86e69c	Nod (Intensity)	7th-sea/iron-shadow/7thSea-IronShadow-NodIntensity.jpg	default	Attachment	Iron Shadow		0					C	d,s								U	CREW ATTACHMENT Laerdom 1 Knack React: Tack this card when one of your Weather cards is inflicting Hits. That card inflicts 2 extra Hits.	playerNDeck
9b501c95-f500-47d6-af7c-49db9526ffd0	Nodar the Falcon	7th-sea/iron-shadow/7thSea-IronShadow-NodarTheFalcon.jpg	default	Crew	Iron Shadow	Explorer's Society	5	In				P	c,t	1	1	2	0	2			U	*Ussura* Unique • Pyeryem 1 React: Tack this Crew immediately after the Untack Phase to target a Sorcerer in this Sea. Tack that Crew and all Sorcery Knacks attached to that Crew.	playerNDeck
5ee6aa08-4833-4c60-bf56-69c03b128281	Only Two Came Out	7th-sea/iron-shadow/7thSea-IronShadow-OnlyTwoCameOut.jpg	default	Attachment	Iron Shadow		0					C	d,s								U	EXPLORER CAPTAIN ATTACHMENT You may only put this card into play if you have one or more completed Artifact Adventures in play. React: Tack this card when you are paying an Influence cost to produce 3 Influence.	playerNDeck
3910f8c4-b899-4006-aea1-0a7fc57896d0	Orduno's Cutlass	7th-sea/iron-shadow/7thSea-IronShadow-OrdunosCutlass.jpg	default	Attachment	Iron Shadow		6	Sw				C	d,s								F	CASTILLE CAPTAIN ATTACHMENT Unique • Signature Item Act: Sink this card to untack your Captain. Act: Tack this card to target one of your other Castillian Crew to give that Crew +2 to all of that Crew's skills that are greater than 1. React: Tack this card when you are paying a Sailing cost for an action to play, discard or sink a Control card to give your Captain +4 Sailing until after the action.	playerNDeck
94a972ce-8ce6-4130-839b-0c4e713463b2	Orm Greybeard	7th-sea/iron-shadow/7thSea-IronShadow-OrmGreybeard.jpg	default	Crew	Iron Shadow	Vesten	5	In				P	c,t	0	0	2	1	4			U	Swordsman +1 When this Crew tacks or sinks to absorb Hits, he absorbs 1 extra Hit.	playerNDeck
d12a66e1-f61e-463d-9e35-d18adfb3e4e9	Overstocked	7th-sea/iron-shadow/7thSea-IronShadow-Overstocked.jpg	default	Attachment	Iron Shadow		0					C	d,s								U	CAPTAIN ATTACHMENT Act: Tack this card and target a Ship which is exceeding its printed Crew Maximum to inflict 3 Hits on that Ship.	playerNDeck
823221af-5e16-45ae-908f-9c6d679e608b	Owl	7th-sea/iron-shadow/7thSea-IronShadow-Owl.jpg	default	Attachment	Iron Shadow							C	d,s								U	CREW ATTACHMENT Pyeryem 1 Knack +2 Cannon	playerNDeck
9e3b2245-9518-408d-8574-5d78157b37e4	Packed Gunpowder	7th-sea/iron-shadow/7thSea-IronShadow-PackedGunpowder.jpg	default	Chantey	Iron Shadow				5	Sw		T	c,s								C	Any player may sink this Chantey by discarding one of their Gunner or Topman Crew as an action. All Captains have the following ability: React: Immediately after a Ship in this Sea has absorbed all of the Hits from a Cannon Attack that you produced, you may immediately discard two cards from your hand to target one of your untacked Gunner Crew. You may immediately tack the target Crew to perform another Cannon Attack.	playerNDeck
c3d9aa46-61b0-4d46-b0fe-7742c0e3f112	Padre Alfonso	7th-sea/iron-shadow/7thSea-IronShadow-PadreAlfonso.jpg	default	Crew	Iron Shadow	Castille	4	In				P	c,t	0	0	1	3	2			R	Unique • Loyal • Holy • Villainous React: Tack after a Crew tacks to absorb Hits. That Crew absorbs zero Hits.	playerNDeck
6a0f42b1-7524-46bc-8d27-334c6888ab6a	Padre Esteban	7th-sea/iron-shadow/7thSea-IronShadow-PadreEsteban.jpg	default	Crew	Iron Shadow	Castille	3	In				P	c,t	2	1	0	0	2			C	Gunner • Holy	playerNDeck
faccc755-cdd6-41e4-ba96-3c434e35c8aa	Passionate Duel	7th-sea/iron-shadow/7thSea-IronShadow-PassionateDuel.jpg	default	Adventure	Iron Shadow							T	c,s								U	1 Sea Away To complete: Pay 6 Adventuring (4 if completed in Forbidden Sea). Crew Attachment: +2 Swashbuckling. This Crew inflicts 1 extra Hit during Boarding Attacks.	playerNDeck
d2812936-35a4-49d8-baac-e256ff993b5c	Pepin	7th-sea/iron-shadow/7thSea-IronShadow-Pepin.jpg	default	Crew	Iron Shadow	Montaigne	9	In				P	c,t	0	0	1	2	1			R	Experienced • Unique • Loyal React: Tack this Crew, before performing an Action, to untack any card in play	playerNDeck
0cfb3430-a8ee-4e35-a6c8-6884f702d9d6	Percis d'Cassell	7th-sea/iron-shadow/7thSea-IronShadow-PercisDCassell.jpg	default	Crew	Iron Shadow	Montaigne	5	In				P	c,t	0	0	0	3	1			F	Act: Tack this Crew to target one of your Ally cards up to 2 Seas away. Move your Ship to the same Sea as the Ally card.	playerNDeck
0d1ac8ad-da3a-4bfa-bcf8-d85cfbfdf0a8	Persuasion	7th-sea/iron-shadow/7thSea-IronShadow-Persuasion.jpg	default	Attachment	Iron Shadow		0					C	d,s								R	CREW ATTACHMENT Glamour 1 Knack React: Tack this card when you tack a Crew to produce Influence. That Crew produces 1 extra Influence.	playerNDeck
ca21c01a-2e86-4f22-b506-10e61cb087c0	Pertruccio Garibaldi	7th-sea/iron-shadow/7thSea-IronShadow-PertruccioGaribaldi.jpg	default	Crew	Iron Shadow	Explorer's Society	6	In				P	c,t	0	3	3	0	2			U	React: Once per turn, after you have completed an Artifact Adventure, you may untack this Crew.	playerNDeck
1bc4b14d-a299-4886-9bd0-8214ee0a8b76	Pete “Gang“ Green	7th-sea/iron-shadow/7thSea-IronShadow-PeteGangGreen.jpg	default	Crew	Iron Shadow	Black Freighter	2	In				P	c,t	0	0	0	0	2			F	Loyal • No Attachments • Skeletal This Crew may tack to absorb Hits.	playerNDeck
8f94b3d9-2c20-4fcb-8eb4-cbc4c095b4de	Peter Silver	7th-sea/iron-shadow/7thSea-IronShadow-PeterSilver.jpg	default	Crew	Iron Shadow	Gosse's Gentlemen	5	In				P	c,t	2	3	0	1	2			U	Swordsman +1	playerNDeck
52228ad3-2550-453e-bb83-b063ca7da922	Petro Angelina	7th-sea/iron-shadow/7thSea-IronShadow-PetroAngelina.jpg	default	Crew	Iron Shadow	Corsairs	4	In				P	c,t	0	2	0	1	2			C	Captive • Holy • Rower Act: Tack this Crew to give all of your other Rower cards +1 Sailing until the end of the turn.	playerNDeck
b50832b9-9ae5-49d0-924d-2c9f33a84ace	Phantom Topman	7th-sea/iron-shadow/7thSea-IronShadow-PhantomTopman.jpg	default	Attachment	Iron Shadow		5	Ad				C	d,s								R	SHIP ATTACHMENT Unique React: When you are paying a Sailing cost, tack this card and discard 1 card from your hand to produce Sailing equal to your Ship's Move Cost.	playerNDeck
aa51d9de-f6ca-48cf-9c11-c33a6bb69801	Phelan Cole	7th-sea/iron-shadow/7thSea-IronShadow-PhelanCole.jpg	default	Crew	Iron Shadow	Sea Dogs	5	In				P	c,t	2	3	0	1	2			U	Topman React: Tack this Crew after you suffer Hits in a Boarding to end the Boarding. The other player in the Boarding may pay 4 Swashbuckling to cancel this effect.	playerNDeck
9e0d42e5-b55e-4b89-aa9b-4252a860e6ac	Phelan Cole	7th-sea/iron-shadow/7thSea-IronShadow-PhelanCole-2.jpg	default	Crew	Iron Shadow	Sea Dogs	7	In				P	c,t	2	3	1	2	3			R	Experienced • Unique • Loyal • Topman React: Tack this Crew instead of performing a Boarding Attack to end the Boarding. Then inflict a 3 Hit Cannon Attack on the other Ship that was in the Boarding.	playerNDeck
1036a1ca-7f44-44fe-9eb0-df2cd47b35a3	Philip Gosse	7th-sea/iron-shadow/7thSea-IronShadow-PhilipGosse.jpg	default	Captain	Iron Shadow	Gosse's Gentlemen					9			2	3	3	4	3			F	*Knights of the Rose and Cross* Start: Frothing Sea Heroic • Swordsman +2 While you have 4 or more other Gosse Crew on your Ship, the Swashbuckling skill of your Gosse Crew is increased by 1.	playerNCaptain
1c1fe119-a1fb-4456-99d0-239be9055771	Phineas Flynn	7th-sea/iron-shadow/7thSea-IronShadow-PhineasFlynn.jpg	default	Crew	Iron Shadow	unaligned	3	In				P	c,t	0	0	0	0	2			U	Glamour 1	playerNDeck
e6a5c411-9a54-492f-8b5e-feab0174853c	Piles of Skulls	7th-sea/iron-shadow/7thSea-IronShadow-PilesOfSkulls.jpg	default	Action	Iron Shadow		5	Sw	2	Ad		D	p,t								R	React: Play when a player completes an Adventure to target that Adventure. The target Adventure is discarded without effect. React: Play when an Attachment produces Adventuring or Influence. That Attachment produces no skill points and is discarded. When playing this effect, you may tack one of your completed Adventures that provides an Adventuring bonus of 3 or more instead of paying the skill cost.	playerNDeck
06dfad0c-f906-4c41-846c-9456ad9dec3c	Piotr the Badger	7th-sea/iron-shadow/7thSea-IronShadow-PiotrTheBadger.jpg	default	Crew	Iron Shadow	Explorer's Society	3	In				P	c,t	0	0	3	0	1			C	*Ussura* Pyeryem 1 React: Discard this Crew when paying Adventuring to produce 3 Adventuring.	playerNDeck
8bf1dfa8-6a17-4e02-8e35-8f90a94e5e86	Pistol	7th-sea/iron-shadow/7thSea-IronShadow-Pistol.jpg	default	Attachment	Iron Shadow		4	Ad				C	d,s								C	CREW ATTACHMENT Item React: Tack this card instead of performing a Boarding Attack, to inflict 1 Hit on the other Ship in the Boarding.	playerNDeck
492f5799-ac55-410b-a6c9-36f3dad4b9e2	Pistol Hand	7th-sea/iron-shadow/7thSea-IronShadow-PistolHand.jpg	default	Action	Iron Shadow		2	In				S	d,p								C	React: Play when you are suffering Hits. Attach this card to one of your Crew without a Hand attachment to absorb 2 Hits. This card has the Hand trait, and gives the attached Crew +2 Cannon. A Crew may not have more than 1 Hand attachment.	playerNDeck
6df0a73a-a3e2-4150-b088-84bb8f202a43	Pitching Deck	7th-sea/iron-shadow/7thSea-IronShadow-PitchingDeck.jpg	default	Chantey	Iron Shadow		6	Sw				S	d,p								C	All Swordsman bonuses are reduced to zero.	playerNDeck
8deaf142-dcdc-4369-bfcd-2b19e5bde8a7	Pocket Money	7th-sea/iron-shadow/7thSea-IronShadow-PocketMoney.jpg	default	Attachment	Iron Shadow		3	Ad				C	d,s								C	CREW ATTACHMENT Item • Cheap React: Discard Pocket Money when you are paying an Influence cost to produce 2 Influence.	playerNDeck
02212785-b04d-483e-85ce-8ac80f779abd	Poor Jack	7th-sea/iron-shadow/7thSea-IronShadow-PoorJack.jpg	default	Action	Iron Shadow		0		0			S	d,p								C	React: Play when one of your Crew is sunk. You may attach all of that Crew's Item Attachments to one of your Crew which may attach them. Tack the Crew (if untacked) receiving the Items.	playerNDeck
f3272e72-13de-4b8a-9e79-25e2e2ca303d	Posh Quarters	7th-sea/iron-shadow/7thSea-IronShadow-PoshQuarters.jpg	default	Attachment	Iron Shadow		1	In				C	d,s								R	SHIP ATTACHMENT Unique This card counts as one Crew against your Crew Maximum. The Influence cost of all of your Crew is reduced by 2 (minimum 1).	playerNDeck
59c2f84b-6b4a-48e2-a58c-b55ad9d38498	Powder Keg Tavern	7th-sea/iron-shadow/7thSea-IronShadow-PowderKegTavern.jpg	default	Attachment	Iron Shadow		2	Ad				C	d,s								R	SEA ATTACHMENT Any player in this Sea may sink this card by paying 3 Cannon as an Action. Act: Tack while your Ship is in this Sea to inflict 2 Hits on all Ships in this Sea, beginning with the player on your left. React: Discard this Attachment when you are hiring a Gunner Crew to reduce the cost of that Crew by 4 (minimum 0).	playerNDeck
0f3dd306-1aee-4ab4-9f3a-caa68ba02a5c	Prayer	7th-sea/iron-shadow/7thSea-IronShadow-Prayer.jpg	default	Action	Iron Shadow		0					D	p,t								U	React: Play when one of your Holy Crew is tacking to pay a skill cost. The Crew produces 2 extra points of the skill.	playerNDeck
60a03be4-10af-4025-a648-9eec4d3ef3a1	Press Gang	7th-sea/iron-shadow/7thSea-IronShadow-PressGang.jpg	default	Action	Iron Shadow		2	Ad	0			D	p,t								C	Act: Hire a Crew from your hand with an Influence cost less than 3 at no cost. React: Play when you are hiring a Crew. Tack one of your completed Adventures that provides an Adventuring bonus of 3 or more to reduce the cost of that Crew by 4 (minimum 0).	playerNDeck
72f72806-df84-4259-89d8-900cfe423a88	Purple Heaves	7th-sea/iron-shadow/7thSea-IronShadow-PurpleHeaves.jpg	default	Action	Iron Shadow		3	Ad				D	p,t								R	React: Play when another player untacks one of their Crew during the Actions phase to target the untacked Crew. If that Crew is not a Captain, the Crew is discarded. If the Crew is a Captain, inflict 5 Hits on that player's Ship.	playerNDeck
18ee71e9-179b-4afc-85b9-3a6d77535391	Queen of the Sea	7th-sea/iron-shadow/7thSea-IronShadow-QueenOfTheSea.jpg	default	Action	Iron Shadow		6	Ad	2	Sa		D	p,t								R	Monster Act: Target a Ship. Inflict 3 Hits on that Ship. Act: Target a Ship in this or an adjacent Sea. Inflict 8 Hits on the target Ship. You may only play this effect if you have a Crew with an Adventuring skill of 7 or more. The cancel cost of this card is increased by 4 when using this effect.	playerNDeck
828e07d5-d29a-4fdf-8902-447973e55d70	Ramford Riddick	7th-sea/iron-shadow/7thSea-IronShadow-RamfordRiddick.jpg	default	Crew	Iron Shadow	Crimson Rogers	6	In				P	c,t	3	0	2	1	2			U	Experienced • Unique • Loyal The title of this card is “Red Scarves” for Experienced purposes. All of your other Crew cards with the title “Red Scarves” have +2 Cannon and +1 Adventuring.	playerNDeck
ad5207f8-490b-4f17-b636-a1ec735d0f65	Reaper's Grip	7th-sea/iron-shadow/7thSea-IronShadow-ReapersGrip.jpg	default	Attachment	Iron Shadow																R	CREW ATTACHMENT Fear 1 Knack • Hand (A Crew may not have more than 1 Hand attachment.) This Crew inflicts 3 extra Hits during Boarding Attacks.	playerNDeck
1734a62b-501b-497d-a44b-325e645ff275	Reclusive Backers	7th-sea/iron-shadow/7thSea-IronShadow-ReclusiveBackers.jpg	default	Attachment	Iron Shadow		3	Ad				C	d,s								C	THIS SEA ATTACHMENT Patron Any player may sink this card by paying 3 Influence as an action. React: Tack this card when you are in this Sea and paying an Influence cost to produce 2 Influence. Act: Tack this card to target and untack one of your Ally Attachments.	playerNDeck
57302d5b-bbd8-48b6-90b2-219dd3d68e28	Red	7th-sea/iron-shadow/7thSea-IronShadow-Red.jpg	default	Attachment	Iron Shadow		3	In				C	d,s								C	CREW ATTACHMENT Henchman +1 Adventuring React: Tack this card when you are paying the Adventuring cost of an Action card (including a cancel cost) to reduce that cost by 2 (minimum 0).	playerNDeck
89e8c442-ab33-4a4e-a343-e9bb8dacaefe	Red Fox	7th-sea/iron-shadow/7thSea-IronShadow-RedFox.jpg	default	Attachment	Iron Shadow							C	d,s								U	CREW ATTACHMENT Pyeryem 1 Knack +2 Adventuring	playerNDeck
4b5a96af-b10a-4883-8844-9d9f5e1842bb	Red Thorfild	7th-sea/iron-shadow/7thSea-IronShadow-RedThorfild.jpg	default	Crew	Iron Shadow	Vesten	8	In				P	c,t	1	3	3	2	3			R	Unique • Loyal • Villainous First Mate • Swordsman +2 After this Crew tacks to absorb Hits during Boarding, the other Ship in the Boarding suffers 3 Hits.	playerNDeck
df7ea788-3673-43af-9e16-4c6ea8bcb850	Reinheart the Ripper	7th-sea/iron-shadow/7thSea-IronShadow-ReinheartTheRipper.jpg	default	Crew	Iron Shadow	Black Freighter	7	In				P	c,t	0	4	0	1	2			F	Unique • Loyal • Topman • Fear 1 Act: Tack this Crew and your Ship to move your Ship to a Sea that contains another Ship.	playerNDeck
95147959-ea15-4ce2-adad-9e20b672e442	Reis	7th-sea/iron-shadow/7thSea-IronShadow-Reis.jpg	default	Captain	Iron Shadow	Crimson Rogers					8			4	3	3	2	4			F	Start: Forbidden Sea Villainous • Swordsman +2 While you have 4 or more other Crimson Roger Crew on your Ship, all of  your Crew have a +1 Cannon skill.	playerNCaptain
b49209d5-5465-447f-8d63-bed3a61e584b	Reis' Scythe	7th-sea/iron-shadow/7thSea-IronShadow-ReisScythe.jpg	default	Attachment	Iron Shadow		6	Sw				C	d,s								F	CRIMSON ROGER CAPTAIN ATTACHMENT Unique • Signature Item Act: Sink this card to untack your Captain. Act: Tack this card to target one of your other Crimson Roger Crew to give that Crew +2 to all of that Crew's skills that are greater than 1. React: Tack this card when you are paying a Cannon cost for an action to play, discard or sink a Control card to give your Captain +4 Cannon until after the action.	playerNDeck
5dc5b828-2d5d-4309-af39-97299b742571	Reporting Drunk	7th-sea/iron-shadow/7thSea-IronShadow-ReportingDrunk.jpg	default	Action	Iron Shadow		0		0			D	p,t								C	React: Play when another player hires a Crew card to target and tack the target Crew.	playerNDeck
f9ebf49f-d66e-4668-b5fc-43f672f30ba9	Respect of your Men	7th-sea/iron-shadow/7thSea-IronShadow-RespectOfYourMen.jpg	default	Attachment	Iron Shadow		2	Ad				C	d,s								R	HEROIC CAPTAIN ATTACHMENT Unique Act: Tack to target one of your Crew. That Crew gains +1 to all of their skills until the end of the turn.	playerNDeck
f8811754-8e25-4ffa-9932-bd0d2dd72e05	Responsive Helm	7th-sea/iron-shadow/7thSea-IronShadow-ResponsiveHelm.jpg	default	Attachment	Iron Shadow		0					C	d,s								R	SHIP ATTACHMENT Unique This card may only be attached to a Ship with a printed Move Cost of 2 or less. React: When you suffer Hits, except during Boarding, tack this card to reduce the Hits suffered by 2 (minimum 0).	playerNDeck
39c1ef8e-69f2-448e-99b8-591602c610ad	Retribution	7th-sea/iron-shadow/7thSea-IronShadow-Retribution.jpg	default	Action	Iron Shadow							D	p,t								C	React: Play when you are suffering 4 or more Hits. Target the Ship that inflicted those Hits. Inflict 2 Hits on the target Ship.	playerNDeck
79cc4066-1a40-4ac8-ba58-b0f5b29ba823	Reynaldo Pasado	7th-sea/iron-shadow/7thSea-IronShadow-ReynaldoPasado.jpg	default	Crew	Iron Shadow	Crimson Rogers	4	In				P	c,t	1	4	0	0	1			U	Unique • Villainous This Crew may not be placed on a Heroic Captain's Ship, unless that Captain is a Crimson Rogers Captain. Your hand size is increased by 1 while there is a Heroic Captain in play.	playerNDeck
d9b886b4-75db-4636-9003-b7d60595710b	Riant Gaucher	7th-sea/iron-shadow/7thSea-IronShadow-RiantGaucher.jpg	default	Crew	Iron Shadow	Crimson Rogers	6	In				P	c,t	1	2	2	2	2			R	Unique • Loyal • Villainous React: When you are paying an Influence cost, tack this Crew and sink another of your Crew to produce 5 Influence.	playerNDeck
e71f3dc0-c8ca-4a35-8633-5525abda0464	Riggers	7th-sea/iron-shadow/7thSea-IronShadow-Riggers.jpg	default	Crew	Iron Shadow	unaligned	2	In				P	c,t	0	2	0	0	1			C	No Attachments When this Crew tacks to absorb Hits, it absorbs 1 extra Hit, unless your Ship is in a Boarding.	playerNDeck
aedd10f3-29da-4453-a9b5-c9ea97bf6d82	Riposte	7th-sea/iron-shadow/7thSea-IronShadow-Riposte.jpg	default	Action	Iron Shadow							D	p,t								C	Riposte can be played as a Boarding Attack, reversing any type of Boarding Attack played by your opponent. This card produces a Dagger Boarding Attack.	playerNDeck
67ba87df-b3a5-45c5-bb64-a13da77bddf2	Rita Del Zepeda	7th-sea/iron-shadow/7thSea-IronShadow-RitaDelZepeda.jpg	default	Crew	Iron Shadow	Castille	3	In				P	c,t	0	0	1	0	2			F	*Invisible College* Act: Tack to attach a card with the title “Musket” to this Crew from your hand (without cost) if she does not have a Musket attached.	playerNDeck
5d40a879-52aa-4a4d-b219-d432dbfe2521	Romantic Captive	7th-sea/iron-shadow/7thSea-IronShadow-RomanticCaptive.jpg	default	Attachment	Iron Shadow		0					C	d,s								R	CAPTAIN ATTACHMENT Unique You must tack your Captain to attach this card. +1 Swashbuckling React: Tack this card when another Ship moves into this Sea to draw 1 card .	playerNDeck
2100307b-10a8-4a94-b925-3d7f822574bc	Rosa Maria de Barcino	7th-sea/iron-shadow/7thSea-IronShadow-RosaMariaDeBarcino.jpg	default	Crew	Iron Shadow	Castille	4	In				P	c,t	0	0	3	2	3			U	Rosa has +1 Influence while in La Boca.	playerNDeck
16e19cfa-9f3c-4c57-8450-ef51046874a1	Rosamonde du Montaigne	7th-sea/iron-shadow/7thSea-IronShadow-RosamondeDuMontaigne.jpg	default	Crew	Iron Shadow	Montaigne	3	In				P	c,t	0	0	0	1	1			C	Loyal • No Attachments React: Tack this Crew when you tack another of your Crew to produce Influence. That Crew produces 3 extra Influence.	playerNDeck
f9d4d375-6ad2-4c43-af97-53607b9e5c3c	Rose & Cross Apprentice	7th-sea/iron-shadow/7thSea-IronShadow-RoseCrossApprentice.jpg	default	Adventure	Iron Shadow							T	c,s								C	1 Sea Away • Henchman To complete: Pay 3 Adventuring (2 if completed in Frothing Sea). Crew Attachment: +1 Swashbuckling. This Crew inflicts 1 extra Hit during Boarding Attacks.	playerNDeck
822b2eb3-91b9-407d-bfca-c42b13d8ea8d	Ruby Earring	7th-sea/iron-shadow/7thSea-IronShadow-RubyEarring.jpg	default	Attachment	Iron Shadow		4	Ad				C	d,s								C	CREW ATTACHMENT Item • +1 Swashbuckling React: Discard this card when you are paying a Swashbuckling cost to produce 1 Swashbuckling.	playerNDeck
8f2eb4c3-49d9-4758-abff-4dde4a9910ba	Rum Runners	7th-sea/iron-shadow/7thSea-IronShadow-RumRunners.jpg	default	Attachment	Iron Shadow		1	Sw				C	d,s								C	SEA ATTACHMENT Ally When this card enters play, attach it to La Boca. Act: Tack this card to attach it to an adjacent Sea. Act: Tack this card while it is in the Trade Sea to give all of your Crew currently in play +1 Swashbuckling until the end of the turn. Attach this card to La Boca. Act: Tack this card while it is in The Mirror to give all of your Crew currently in play +2 Adventuring until the end of the turn. Attach this card to La Boca.	playerNDeck
953c7c4b-90c1-43dd-a970-c3a3041ad12a	Sabotaged Sails	7th-sea/iron-shadow/7thSea-IronShadow-SabotagedSails.jpg	default	Action	Iron Shadow		1	Ad	2	Sw		D	p,t								U	React: Target a Crew when it tacks to produce Sailing. The target Crew produces no Sailing.	playerNDeck
75cb73e1-b710-4890-b2bd-99bef29b85bc	Safe Path	7th-sea/iron-shadow/7thSea-IronShadow-SafePath.jpg	default	Attachment	Iron Shadow							C	d,s								U	CREW ATTACHMENT Fate 1 Knack React: Tack this card when you are paying a cancel cost to produce 4 points toward its cost.	playerNDeck
88a1546b-684c-4a8e-acd5-b575707e2f31	Sailing Under the Jolly Roger	7th-sea/iron-shadow/7thSea-IronShadow-SailingUnderTheJollyRoger.jpg	default	Action	Iron Shadow		2	Sa	0			D	p,t								U	Act: Search your deck and discard pile for any one Adventure card. Show it to your opponents, then place it in your hand. Shuffle your deck.	playerNDeck
dc68b8b7-709d-486c-bf31-fb96b01c4ddf	Samuel Sanderson	7th-sea/iron-shadow/7thSea-IronShadow-SamuelSanderson.jpg	default	Crew	Iron Shadow	Explorer's Society	3	In				P	c,t	0	0	1	1	2			C	When this Crew tacks to absorb Hits, he absorbs 2 extra Hits.	playerNDeck
f1cb4b7b-98d9-4996-bf29-ef9c10db8834	Samuel Smitts	7th-sea/iron-shadow/7thSea-IronShadow-SamuelSmitts.jpg	default	Crew	Iron Shadow	Crimson Rogers	4	In				P	c,t	3	0	0	0	2			C	Gunner This Crew uses his Cannon skill instead of his Swashbuckling when inflicting Hits during a Boarding Attack.	playerNDeck
ad20bf0f-00fa-4064-92e8-030ba6949417	Samuel Smitts	7th-sea/iron-shadow/7thSea-IronShadow-SamuelSmitts-2.jpg	default	Crew	Iron Shadow	Black Freighter	5	In				P	c,t	4	0	0	0	2			F	Experienced • Unique • Loyal • Gunner This Crew inflicts 3 extra Hits during Boarding Attacks.	playerNDeck
ab7ebc9f-24bf-4193-9b5e-cc581cef2cdb	Santos de los Puentes	7th-sea/iron-shadow/7thSea-IronShadow-SantosDeLosPuentes.jpg	default	Crew	Iron Shadow	Castille	6	In				P	c,t	1	2	2	0	3			U	Experienced • Unique • Loyal The title of this card is “Sandoval's Guard” for Experienced purposes. React: Discard one of your Crew cards with the title “Sandoval's Guard” instead of performing a Boarding Attack to inflict 3 Hits on the other Ship in the Boarding.	playerNDeck
859aa2e6-d3d8-4aac-b81f-65724965281f	Save the Princess	7th-sea/iron-shadow/7thSea-IronShadow-SaveThePrincess.jpg	default	Adventure	Iron Shadow							T	c,s								C	1 Sea Away To complete: Pay 3 Adventuring (2 if completed in Trade Sea). Crew Attachment: +3 Adventuring	playerNDeck
80acabe7-ff44-40bb-ae42-297957c5a74e	Scarlet Gem of Death	7th-sea/iron-shadow/7thSea-IronShadow-ScarletGemOfDeath.jpg	default	Adventure	Iron Shadow							T	c,s								F	2 Seas Away • Artifact • Unique To complete: Pay 9 Adventuring  (6 if completed in The Mirror). Captain Attachment: Your Skeletal Crew gain +1 Swashbuckling.	playerNDeck
07467ffc-8f6b-42cc-91a9-915278698fbf	Scary Tattoo	7th-sea/iron-shadow/7thSea-IronShadow-ScaryTattoo.jpg	default	Attachment	Iron Shadow		4	Ad				C	d,s								C	CREW ATTACHMENT You may draw one card before you push this Crew forward to start a Boarding Attack. React: Tack this card before you push this Crew forward to start a Boarding Attack. Sink a Henchman card attached to this Crew to target the other player in the Boarding. Sink 2 random cards from that player's hand.	playerNDeck
7d7ec911-5307-4397-aa3f-1de12e05e65c	Scurvy	7th-sea/iron-shadow/7thSea-IronShadow-Scurvy.jpg	default	Action	Iron Shadow		5	Ad	2	Ad		D	p,t								U	Act: Target a Ship. Until the end of the turn, all Crew on that Ship have –1 Swashbuckling (minimum 1). React: Target a Crew on another player's Ship when it tacks to produce skill points. The amount of skill points produced by the target Crew is reduced to an amount equal to the Crew's Swashbuckling. When playing this effect, you may tack one of your completed Adventures that provides an Adventuring bonus of 4 or more instead of paying the skill cost.	playerNDeck
f9509eb4-71eb-4435-9709-c33287088ec0	Scurvy Dogs	7th-sea/iron-shadow/7thSea-IronShadow-ScurvyDogs.jpg	default	Crew	Iron Shadow	unaligned	1	In				P	c,t	0	0	0	0	1			C	No Attachments This Crew counts as two Crew against your Crew Maximum. This Crew tacks to absorb Hits, it absorbs 5 extra Hits.	playerNDeck
d87f9138-07fc-4477-9d51-64f68a2d0f1c	Sean McCorley	7th-sea/iron-shadow/7thSea-IronShadow-SeanMcCorley.jpg	default	Crew	Iron Shadow	Brotherhood	8	In				P	c,t	2	0	3	1	3			R	Experienced • Unique • Loyal Heroic • Swordsman +2 If this Crew inflicts Hits with a Boarding Attack, all of your Crew inflict 2 extra Hits during their Boarding Attacks until the end of the Boarding.	playerNDeck
7fd3a580-bfb1-4aaf-bfc6-757d9fd0603d	Secret of the Winds	7th-sea/iron-shadow/7thSea-IronShadow-SecretOfTheWinds.jpg	default	Attachment	Iron Shadow		11	Sa				C	d,s								R	THE MIRROR ATTACHMENT Unique • Control You must be in The Mirror to play this card. Any player in The Mirror may discard this card by producing 14 Adventuring as an action. React: Tack this card when another Ship attempts a Boarding with your Ship to cancel the Boarding attempt. Act: Tack this card to get a Control card from your deck, show it to your opponents, and put it in your hand. Shuffle your deck.	playerNDeck
8fae348e-2701-4362-9a67-ab25b4758da0	Seizing La Boca	7th-sea/iron-shadow/7thSea-IronShadow-SeizingLaBoca.jpg	default	Adventure	Iron Shadow							T	c,s								R	1 Sea Away • Prize • Unique (While this Adventure is uncompleted, any player in this Sea may discard this card by paying the completion cost as an Action.) To complete: May only be completed in La Boca. Pay 7 Cannon then suffer 2 Hits. La Boca Attachment • Control: Your Captain has +4 Sailing while in La Boca. Any player in La Boca may discard this Attachment by paying 8 Sailing as an action.	playerNDeck
c1e7ca41-4ec6-47f5-87f2-29f3b22bab7e	Seizing the Forbidden Sea	7th-sea/iron-shadow/7thSea-IronShadow-SeizingTheForbiddenSea.jpg	default	Adventure	Iron Shadow							T	c,s								R	1 Sea Away • Prize • Unique (While this Adventure is uncompleted, any player in this Sea may discard this card by paying the completion cost as an Action.) To complete: May only be completed in Forbidden Sea. Pay 7 Swashbuckling then suffer 2 Hits. Forbidden Sea Attachment • Control: Your Captain has +4 Influence while in Forbidden Sea. Any player in the Forbidden Sea may discard this Attachment by paying 8 Influence as an action.	playerNDeck
66cc5e41-af7d-48e7-bf97-04dba1f70d2b	Seizing the Frothing Sea	7th-sea/iron-shadow/7thSea-IronShadow-SeizingTheFrothingSea.jpg	default	Adventure	Iron Shadow							T	c,s								R	1 Sea Away • Prize • Unique (While this Adventure is uncompleted, any player in this Sea may discard this card by paying the completion cost as an Action.) To complete: May only be completed in Frothing Sea. Pay 7 Influence then suffer 2 Hits. Frothing Sea Attachment • Control: Your Captain has +4 Swashbuckling while in The Mirror. Any player in the Frothing Sea may discard this Attachment by paying 8 Swashbuckling as an action.	playerNDeck
1677ae90-2d61-4325-bc2e-6b996a83a923	Seizing the Mirror	7th-sea/iron-shadow/7thSea-IronShadow-SeizingTheMirror.jpg	default	Adventure	Iron Shadow							T	c,s								R	1 Sea Away • Prize • Unique (While this Adventure is uncompleted, any player in this Sea may discard this card by paying the completion cost as an Action.) To complete: May only be completed in The Mirror. Pay 7 Sailing then suffer 2 Hits. The Mirror Attachment • Control: Your Captain has +4 Adventuring while in the Mirror. Any player in The Mirror may discard this Attachment by paying 8 Adventuring as an action.	playerNDeck
c0018fee-95f4-4e6e-93ec-597c72f7cc7f	Seizing the Trade Sea	7th-sea/iron-shadow/7thSea-IronShadow-SeizingTheTradeSea.jpg	default	Adventure	Iron Shadow							T	c,s								R	1 Sea Away • Prize • Unique (While this Adventure is uncompleted, any player in this Sea may discard this card by paying the completion cost as an Action.) To complete: May only be completed in Trade Sea. Pay 7 Adventuring then suffer 2 Hits. Trade Sea Attachment • Control: Your Captain has +4 Cannon while in the Trade Sea. Any player in the Trade Sea may discard this Attachment by paying 8 Cannon as an action.	playerNDeck
594a74ec-729e-4e1e-a719-03672a64dd2e	Senor Ladron	7th-sea/iron-shadow/7thSea-IronShadow-SenorLadron.jpg	default	Attachment	Iron Shadow		4	Ad				C	d,s								R	BROTHERHOOD CAPTAIN ATTACHMENT Unique • Pet React: Tack this card when you are paying the skill cost for an Item Attachment or the completion cost of an Item Adventure to reduce the cost by 3 (minimum 0).	playerNDeck
e4753f10-10fe-4b84-b022-1495b5922c77	Sergeant Benitez	7th-sea/iron-shadow/7thSea-IronShadow-SergeantBenitez.jpg	default	Crew	Iron Shadow	Black Freighter	7	In				P	c,t	1	0	0	2	2			U	Loyal • No Attachments React: Tack one of your Skeletal Crew when suffering Hits to reduce the number of Hits by 1.	playerNDeck
e94c42fb-452d-47ba-ad49-5ed49719a189	Sergei Nyasvy	7th-sea/iron-shadow/7thSea-IronShadow-SergeiNyasvy.jpg	default	Crew	Iron Shadow	Gosse's Gentlemen	4	In				P	c,t	1	0	1	1	3			U	*Ussura* Heroic If a Crew is not pushed forward to oppose this Crew when he is pushed forward to start a Boarding Attack, he inflicts 3 extra Hits with the Boaridng Attack.	playerNDeck
8f2419d9-7e63-4194-85d9-913920a133fc	Set Adrift	7th-sea/iron-shadow/7thSea-IronShadow-SetAdrift.jpg	default	Action	Iron Shadow							S	d,p								R	React: Play before you perform an action. Target another player's Ship with at least one Damage Attachment attached. Move the target Ship to an adjacent Sea.	playerNDeck
113648c2-4a3f-47c1-bdab-fe0a54cca3a4	Seven League Striders	7th-sea/iron-shadow/7thSea-IronShadow-SevenLeagueStriders.jpg	default	Attachment	Iron Shadow		3	Ad				C	d,s								U	SEA DOG CREW ATTACHMENT Leg (A Crew may not have more than one Leg Attachment.) +2 Adventuring Act: Discard the Striders to move your Ship one Sea towards another player's Ship.	playerNDeck
5d3e729a-1a48-498d-ab83-f2a6386fd067	Shellbacks	7th-sea/iron-shadow/7thSea-IronShadow-Shellbacks.jpg	default	Crew	Iron Shadow	unaligned	2	In				P	c,t	0	0	2	0	1			C	No attachments	playerNDeck
dfe35064-cb11-456a-86bc-f6e71a02a5d1	Show of Force	7th-sea/iron-shadow/7thSea-IronShadow-ShowOfForce.jpg	default	Attachment	Iron Shadow		8	Ca				C	d,s								U	CAPTAIN ATTACHMENT When paying to attach this card, you may tack one of your completed Adventures that provides a Cannon bonus of 5 or more instead of paying the skill cost. +3 influence	playerNDeck
5d69737a-bdc9-4dc0-9073-bb9eb5c07a99	Sidhe Sails	7th-sea/iron-shadow/7thSea-IronShadow-SidheSails.jpg	default	Adventure	Iron Shadow							T	c,s								U	1 Sea Away • Item To complete: Pay 6 Adventuring (4 if completed in Trade Sea). Crew Attachment: +4 Sailing	playerNDeck
535db924-3f99-4ef7-85e3-e65fd49bd18f	Sidney	7th-sea/iron-shadow/7thSea-IronShadow-Sidney.jpg	default	Crew	Iron Shadow	unaligned	3	In				P	c,t	0	1	0	0	1			U	Porte 1	playerNDeck
123ff514-3594-4301-b76e-195c3885fd4e	Silver Earring	7th-sea/iron-shadow/7thSea-IronShadow-SilverEarring.jpg	default	Attachment	Iron Shadow		3	Ad				C	d,s								C	CREW ATTACHMENT Item +1 Adventuring React: Discard this card when you are paying a Adventuring cost to produce 1 Adventuring.	playerNDeck
ab907a6a-9a0d-4acf-8d61-f9dfdcd02c99	Sinking of the Swan	7th-sea/iron-shadow/7thSea-IronShadow-SinkingOfTheSwan.jpg	default	Adventure	Iron Shadow							T	c,s								C	1 Sea Away To complete: Pay 3 Adventuring (2 if completed in La Boca). Crew Attachment: +3 Cannon	playerNDeck
d7f3dc10-9832-49cf-9e19-0acc1864e471	Skeletal Brutes	7th-sea/iron-shadow/7thSea-IronShadow-SkeletalBrutes.jpg	default	Crew	Iron Shadow	Black Freighter	1	In				P	c,t	0	0	0	0	1			F-S	Loyal • No Attachments • Skeletal When this Crew sink to absorb Hits, it absorbs 2 extra Hits.	playerNDeck
2134d4cc-3a60-4378-bf4b-0cfc7632076e	Skeletal Cannon crew	7th-sea/iron-shadow/7thSea-IronShadow-SkeletalCannonCrew.jpg	default	Crew	Iron Shadow	Black Freighter	3	In				P	c,t	2	0	0	0	2			F	Loyal • No Attachments • Skeletal	playerNDeck
33e4ed05-0a80-44cb-af09-b0c83321900b	Skeletal Dans	7th-sea/iron-shadow/7thSea-IronShadow-SkeletalDans.jpg	default	Crew	Iron Shadow	Black Freighter	2	In				P	c,t	0	0	0	2	1			F	Loyal • No Attachments • Skeletal	playerNDeck
58f18e20-6d63-4ec6-bf26-d4c72c465637	Skeletal Saboteurs	7th-sea/iron-shadow/7thSea-IronShadow-SkeletalSaboteurs.jpg	default	Crew	Iron Shadow	Black Freighter	3	In				P	c,t	0	0	1	0	1			F	Loyal • No Attachments • Skeletal Act: Tack this Crew to target a Ship Attachment on another Ship in this Sea. Discard this Crew and the Attachment.	playerNDeck
a9098fd6-97e4-4b54-ac27-063319d2be85	Skeletal Sail crew	7th-sea/iron-shadow/7thSea-IronShadow-SkeletalSailCrew.jpg	default	Crew	Iron Shadow	Black Freighter	3	In				P	c,t	0	4	0	0	1			F	Loyal • No Attachments • Skeletal	playerNDeck
65ddb8ae-7e9c-4e65-9476-ad0e42b13b30	Skull Shot	7th-sea/iron-shadow/7thSea-IronShadow-SkullShot.jpg	default	Action	Iron Shadow		2	In	0			S	d,p								F	React: Play when you perform a Cannon Attack. When Crew tack or sink to absorb Hits from the Attack, they may not absorb more Hits than their Swashbuckling.	playerNDeck
d6898494-11d6-40b3-950b-297882f06ae2	Small Fortress	7th-sea/iron-shadow/7thSea-IronShadow-SmallFortress.jpg	default	Attachment	Iron Shadow		3	Ad				C	d,s								U	SEA ATTACHMENT Any player in this Sea may sink Small Fortress by paying 5 Cannon as an action. Act: Tack to target a Ship in this Sea. Small Fortress inflicts a 3 Hit Cannon Attack on that Ship.	playerNDeck
5e8b852d-68db-422a-8ece-9b01a7eefa92	Snarling Face	7th-sea/iron-shadow/7thSea-IronShadow-SnarlingFace.jpg	default	Attachment	Iron Shadow							C	d,s								R	CREW ATTACHMENT Pyeryem 1 Knack  • Face (A Crew may not have more than 1 Face attachment.) This Crew inflicts 1 extra Hits during Boarding Attacks (and Duels) and gains the trait: Fear 1.	playerNDeck
6a8fd908-346e-4c9f-90cb-2a9e6e60b99b	Snow Leopard	7th-sea/iron-shadow/7thSea-IronShadow-SnowLeopard.jpg	default	Attachment	Iron Shadow							C	d,s								U	CREW ATTACHMENT Pyeryem 1 Knack A Crew may not have more than 1 copy of this card attached. React: Discard this card immediately before both players draw cards after a round of a Boarding to untack this Crew.	playerNDeck
80fdf1f4-0d0a-4560-8ed3-9bde4b9bb0ab	Soldano Swordsman School	7th-sea/iron-shadow/7thSea-IronShadow-SoldanoSwordsmanSchool.jpg	default	Attachment	Iron Shadow		2	In				C	d,s								U	CREW ATTACHMENT Swordsman Knack This Crew absorbs 3 extra Hits when tacking or sinking to absorb Hits during a Boarding.	playerNDeck
4a940441-8963-4b3f-9dc0-40a5ad500e37	Solomon Sails	7th-sea/iron-shadow/7thSea-IronShadow-SolomonSails.jpg	default	Crew	Iron Shadow	unaligned	3	In				P	c,t	0	3	0	0	1			U	When this Crew sinks to absorb Hits, it absorbs 4 extra Hits.	playerNDeck
cf155303-804c-41d0-8add-9d9c3733dcee	Southern Trade Winds	7th-sea/iron-shadow/7thSea-IronShadow-SouthernTradeWinds.jpg	default	Action	Iron Shadow		0		0			S	d,p								R	Weather  Act: Until the end of the turn, your Ship's Move Cost is reduced by 2 (minimum 1) when you are paying your Ship's Move Cost for an effect that will result in moving your Ship towards The Mirror.   React: Play before you perform an action. Move your Ship to an adjacent Sea towards The Mirror. You may only use this effect if your printed Move Cost is less than 3 and your Ship is not in The Mirror.	playerNDeck
769334be-5558-44cb-a072-3c4b8100f550	Speak Softly...	7th-sea/iron-shadow/7thSea-IronShadow-SpeakSoftly.jpg	default	Attachment	Iron Shadow		10	Ca				C	d,s								U	LA BOCA ATTACHMENT Unique • Control You must be in La Boca to play this card. Any player in this Sea may discard this card by producing 12 Sailing as an action. Card effects which discard or sink Sea Attachments may not target this card. Act: Tack this card to get a Control card from your deck, show it to your opponents, and put it in your hand. Shuffle your deck.	playerNDeck
04d501d5-24b9-477f-91e4-4493b6ee4433	Special Gift	7th-sea/iron-shadow/7thSea-IronShadow-SpecialGift.jpg	default	Attachment	Iron Shadow		0					C	d,s								U	CREW ATTACHMENT Porte 1 Knack Act: Tack this card and target another Ship in this Sea to inflict 1 Hit on the target Ship.	playerNDeck
602afca5-6fe6-42b3-bbcb-a4c7a5843a4a	Spectral Aura	7th-sea/iron-shadow/7thSea-IronShadow-SpectralAura.jpg	default	Attachment	Iron Shadow							C	d,s								U	CREW ATTACHMENT Fear 1 Knack Any Crew pushed forward to fight against this Crew during a Boarding must tack to do so.	playerNDeck
12e1cfac-d6ff-41bd-b9e5-a04597ee2b60	Speedy Courier	7th-sea/iron-shadow/7thSea-IronShadow-SpeedyCourier.jpg	default	Attachment	Iron Shadow		4	In				C	d,s								U	THIS SEA ATTACHMENT Ally Any player in this Sea may discard this card by paying 4 Swashbuckling or Cannon as an action. Act: Tack this card to attach it to an adjacent Sea. React: Tack this card when you are paying an Influence cost and this card is not in your Sea to produce 2 Influence.	playerNDeck
fb4b8964-2bc3-4827-b155-c70acb855b65	St. Roger's Day	7th-sea/iron-shadow/7thSea-IronShadow-StRogersDay.jpg	default	Action	Iron Shadow		2	Ad	0			D	p,t								C	Act: Move your Ship to an adjacent Sea. Beginning with the player on the left and continuing clockwise, any player may pay 3 Adventuring to cancel this action. Act: Beginning with yourself and moving clockwise around the table, each player must place their Ship in a Sea adjacent to their current location.	playerNDeck
d30c0699-d640-4274-ad3e-ba0d08a1b16c	Stand Together	7th-sea/iron-shadow/7thSea-IronShadow-StandTogether.jpg	default	Action	Iron Shadow							D	p,t								C	You may only play this card if you have a non-Villainous Captain. React: Play when you are suffering Hits to absorb an amount of Hits equal to the number of Loyal Crew you have on board. Sink this card.	playerNDeck
6ce64232-dcbe-4c59-ba27-d0b32fb77522	Stans (Calm)	7th-sea/iron-shadow/7thSea-IronShadow-StansCalm.jpg	default	Attachment	Iron Shadow		0					C	d,s								U	CREW ATTACHMENT Laerdom 1 Knack React: Tack when one of your cards is targeted with a Weather card to cancel the effects of that card. React: Discard this card when a Crew in this Sea tacks to produce more than 4 Sailing. That Crew produces no Sailing.	playerNDeck
412e246f-636a-4a6d-9d40-20eb76b29e36	Steal Their Wind	7th-sea/iron-shadow/7thSea-IronShadow-StealTheirWind.jpg	default	Action	Iron Shadow		1	Sa	3	Sa		S	d,p								U	Weather Act: Target another Ship in this Sea. Until the end of this turn, any time the target Ship pays Sailing, that cost is increased by 2 Sailing.	playerNDeck
256a8921-4048-4251-acd8-09f6cc6961d0	Steel Earring	7th-sea/iron-shadow/7thSea-IronShadow-SteelEarring.jpg	default	Attachment	Iron Shadow		3	Ad				C	d,s								C	CREW ATTACHMENT Item +1 Cannon React: Discard this card when you are paying a Cannon cost to produce 1 point of Cannon.	playerNDeck
bf427e76-5a61-4909-a4f5-9c9841e1e53a	Stench	7th-sea/iron-shadow/7thSea-IronShadow-Stench.jpg	default	Crew	Iron Shadow	Black Freighter	4	In				P	c,t	0	0	3	0	2			F	Loyal When this Crew is pushed forward in a Boarding Attack or an opposing Crew is pushed forward to oppose this Crew, the opposing Crew has its Swashbuckling reduced by 3 until the end of the Boarding Attack (minimum 1).	playerNDeck
270143fe-672f-4edf-a83b-8ea167690ac8	Sterk (Wholeness)	7th-sea/iron-shadow/7thSea-IronShadow-SterkWholeness.jpg	default	Attachment	Iron Shadow		0					C	d,s								U	CREW ATTACHMENT Laerdom 1 Knack React: Discard this card when you suffer Hits. You suffer 3 fewer Hits.	playerNDeck
86ac5ea8-b674-4a28-a339-68b7196e1d01	Stirring Speech	7th-sea/iron-shadow/7thSea-IronShadow-StirringSpeech.jpg	default	Action	Iron Shadow		0		0			D	p,t								R	Act: Tack one of your Holy or First Mate Crew to untack one of your other non-Captain Crew.	playerNDeck
0a8c6585-c0bb-4598-ac67-ac9202b03e35	Stolen Guns	7th-sea/iron-shadow/7thSea-IronShadow-StolenGuns.jpg	default	Adventure	Iron Shadow							T	c,s								U	2 Seas Away • Illegal • Goods To complete: Pay 4 Adventuring (3 if completed in Frothing Sea). Crew Attachment: +3 Influence	playerNDeck
9bf9f40f-d853-4bba-a2c5-1671b547e1ed	Strange Skies	7th-sea/iron-shadow/7thSea-IronShadow-StrangeSkies.jpg	default	Ship	Iron Shadow	Corsairs													11	4	F	The move cost of the Strange Skies may not be increased. React: Tack before performing an action, to move to an adjacent Sea.	playerNShip
a74aaa5e-cece-420f-af70-5b0e62ad47f7	Strength of Destiny	7th-sea/iron-shadow/7thSea-IronShadow-StrengthOfDestiny.jpg	default	Adventure	Iron Shadow							T	c,s								C	1 Sea Away To complete: Pay 4 Adventuring (3 if completed in Forbidden Sea) Crew Attachment: React: Tack this Crew after another player has targeted your Ship with an action that resulted in a Cannon Attack to cancel that action and inflict 2 Hits on that Ship.	playerNDeck
86bdd57c-5c82-47db-8edf-f4f88a51bfca	Styrke (Strength)	7th-sea/iron-shadow/7thSea-IronShadow-StyrkeStrength.jpg	default	Attachment	Iron Shadow		0					C	d,s								U	CREW ATTACHMENT Laerdom 1 Knack This Crew inflicts 2 extra Hits during Boarding Attacks.	playerNDeck
0810167a-d40d-40aa-ba23-894d3ddf7f04	Surprise Rescue	7th-sea/iron-shadow/7thSea-IronShadow-SurpriseRescue.jpg	default	Chantey	Iron Shadow		M+0	Sa	M+0	Sa		D	p,t								U	The Sailing cost to attempt a Boarding is reduced by 2 (minimum 1).	playerNDeck
8a81b14a-e472-4f94-82b1-3cd8a48213cb	Svein Hegge Hjermstad	7th-sea/iron-shadow/7thSea-IronShadow-SveinHeggeHjermstad.jpg	default	Crew	Iron Shadow	Vesten	5	In				P	c,t	0	4	0	1	1			U	Unique • Laerdom 1 Act: Tack this Crew to target a Ship in this Sea. Sink the top card of your deck and the top card of the target's deck.	playerNDeck
38840493-19c4-43c9-9e38-bd609a965778	Swivel Gun	7th-sea/iron-shadow/7thSea-IronShadow-SwivelGun.jpg	default	Attachment	Iron Shadow		5	Ca				C	d,s								C	SHIP ATTACHMENT Act: Tack Swivel Gun and target another Ship in this Sea to inflict a 1 Hit Cannon Attack on the target Ship. React: Tack Swivel Gun when paying a Cannon cost to produce 1 Cannon.	playerNDeck
67af95f4-0dff-4457-8d42-75d79d64c585	Swiveling Cannon	7th-sea/iron-shadow/7thSea-IronShadow-SwivelingCannon.jpg	default	Attachment	Iron Shadow		3	In				C	d,s								U	CASTILLE CREW ATTACHMENT Item +2 Cannon React: When another Ship moves into this Sea, you may have this Crew perform a Cannon Attack targeting that Ship.	playerNDeck
f3e935d2-b6da-4974-b0f9-8cafc8990561	Syrneth Barometer	7th-sea/iron-shadow/7thSea-IronShadow-SyrnethBarometer.jpg	default	Adventure	Iron Shadow							T	c,s								R	1 Sea Away • Artifact • Unique To complete: Pay 7 Adventuring (4 if completed in Frothing Sea) Ship Attachment: React: Tack this card when you are paying for a Weather card to produce 3 skill points towards the cost of that card.	playerNDeck
71865e8a-11ff-4db1-8280-9fc07c236cb0	Syrneth Guardians	7th-sea/iron-shadow/7thSea-IronShadow-SyrnethGuardians.jpg	default	Action	Iron Shadow				9	Sw		S	d,p								R	Act: Target another player who has 2 or more uncompleted Artifact Adventures in play. Sink all of the cards in the target player's hand. React: Play when another player completes an Artifact Adventure. The target player must sink 2 cards from their hand or suffer 3 Hits.	playerNDeck
30e07451-f853-4c90-8d5d-8e39a66afcb7	Syrneth Powder	7th-sea/iron-shadow/7thSea-IronShadow-SyrnethPowder.jpg	default	Adventure	Iron Shadow							T	c,s								R	2 Seas Away • Artifact • Unique To complete: Pay 10 Adventuring (7 if completed in La Boca). Ship Attachment: All of your Cannon Attacks inflict 2 extra Hits	playerNDeck
470c7c42-267f-4e98-bc66-5dc35f63a505	Syrneth Ship	7th-sea/iron-shadow/7thSea-IronShadow-SyrnethShip.jpg	default	Ship	Iron Shadow	unaligned													9	2	R	Your Crew Maximum may not be increased. Your Captain's Starting Wealth is reduced by 2. React: Tack before performing an action, to move to an adjacent Sea.	playerNShip
64ffe426-653d-4ac1-b956-3f2282b594c1	Syrneth Tiller	7th-sea/iron-shadow/7thSea-IronShadow-SyrnethTiller.jpg	default	Adventure	Iron Shadow							T	c,s								C	1 Sea Away • Artifact To complete: Pay 3 Adventuring (2 if completed in La Boca). Ship Attachment: Act: Sink this card to move your Ship to an adjacent Sea.	playerNDeck
bab9aaf2-615d-4f1e-8cdd-2856595ce3c0	Taking El Toro Rojo	7th-sea/iron-shadow/7thSea-IronShadow-TakingElToroRojo.jpg	default	Adventure	Iron Shadow							T	c,s								U	2 Seas Away • Prize • Unique (While this Adventure is uncompleted, any player in this Sea may discard this card by paying the completion cost as an Action.) To complete: Pay 2 Adventuring and then suffer 2 Hits. Captain Attachment: +1 Swashbuckling. Your Loyal Crew have +1 Swashbuckling.	playerNDeck
7ee9b61b-6fec-4531-b502-cb4b2b94d489	Taking from the Rich	7th-sea/iron-shadow/7thSea-IronShadow-TakingFromTheRich.jpg	default	Chantey	Iron Shadow							S	d,p								C	Any attachment in play that produces Influence, produces 3 less Influence (minimum 0). This does not effect Attachments that provide a bonus to an Influence skill.	playerNDeck
918426ed-0110-4551-a418-868d2f8bda3b	Tar, Tar, and More Tar	7th-sea/iron-shadow/7thSea-IronShadow-TarTarAndMoreTar.jpg	default	Action	Iron Shadow		0		0			D	p,t								R	React: Play when you are suffering Hits. If your Ship is the only Ship in this Sea, reduce the Hits suffered by 4. React: Target and untack one of your non-Captain Crew with an Adventuring skill greater than 2 when you are suffering Hits. If the target Crew is still untacked when all of the Hits have been absorbed, tack the target crew.	playerNDeck
3446bb09-5315-44ed-b239-ba23819002ca	Tarsis the Mad	7th-sea/iron-shadow/7thSea-IronShadow-TarsisTheMad.jpg	default	Crew	Iron Shadow	Corsairs	5	In				P	c,t	0	0	3	0	1			R	Unique • Loyal React: Tack this Crew when you are attaching the card: “Kheired-Din's Secret”, instead of paying the Adventuring cost of Kheired-Din's Secret. React: Tack this Crew when you are about to suffer Hits from Kheired-Din's Secret. Reduce the Hits suffered by three (minimum 0).	playerNDeck
fcbe0b37-3f2c-4837-96ac-53512cff31b7	Ten Barrels Bob	7th-sea/iron-shadow/7thSea-IronShadow-TenBarrelsBob.jpg	default	Crew	Iron Shadow	Explorer's Society	5	In				P	c,t	0	4	2	0	1			U	Villainous React: Tack this Crew instead of performing a Boarding Attack to target a Crew on the other Ship in the Boarding with an Influence cost equal to or less than the number of completed Adventures attached to this Crew. Target Crew is discarded.	playerNDeck
541bcf71-d273-4e54-86bc-44649a1f2fbf	The Battle of San Cristobal	7th-sea/iron-shadow/7thSea-IronShadow-TheBattleOfSanCristobal.jpg	default	Adventure	Iron Shadow							T	c,s								U	2 Seas Away To complete: Pay 3 Adventuring. Crew Attachment: +3 Cannon and this Crew gains the Gunner Trait. You may not attach this card to your Captain.	playerNDeck
29c98fac-0ab5-4dd8-8ec4-3a4d0dc09ece	The Better Part of Valor	7th-sea/iron-shadow/7thSea-IronShadow-TheBetterPartOfValor.jpg	default	Action	Iron Shadow		5	Sa	0			D	p,t								C	React: Play when an action card targets one of your cards. That action is canceled. Sink this card.	playerNDeck
b338ebee-7332-450d-b656-effc7395c0a6	The Black Dawn	7th-sea/iron-shadow/7thSea-IronShadow-TheBlackDawn.jpg	default	Ship	Iron Shadow	Sea Dogs													7	2	F	React: Tack when suffering Hits to absorb 2 Hits. React: Tack before performing an action, to move to an adjacent Sea.	playerNShip
88f3e8b6-1ce9-49bd-adf2-6512c4a9fd8d	The Black Freighter	7th-sea/iron-shadow/7thSea-IronShadow-TheBlackFreighter.jpg	default	Ship	Iron Shadow	Black Freighter													13	4	F-S	Act: Once per turn, you may get a Skeletal Crew from your discard pile and put it on top of your deck. React: Tack before performing an action, to move to an adjacent Sea.	playerNShip
484dbe87-67e6-4610-82fd-c73a148bbc59	The Bloat	7th-sea/iron-shadow/7thSea-IronShadow-TheBloat.jpg	default	Crew	Iron Shadow	Black Freighter	4	In				P	c,t	0	0	0	1	3			F	Loyal • No Attachments Act: Sink this Crew to target a Ship in this Sea. Inflict 3 Hits on that Ship.	playerNDeck
00fc8b6f-a5f4-4554-8a00-d0a5b5e2695f	The Burning of the Capital	7th-sea/iron-shadow/7thSea-IronShadow-TheBurningOfTheCapital.jpg	default	Attachment	Iron Shadow		6	Sw				C	d,s								R	SEA ATTACHMENT Unique Any player in this Sea may sink this card by paying 8 Adventuring as an action. Adventures may not be placed in this Sea, and cards may not be attached to this Sea while this card is in play.	playerNDeck
4d3e91f3-fcb4-4fa7-a67f-7e8ad6de32de	The Coming Tempest	7th-sea/iron-shadow/7thSea-IronShadow-TheComingTempest.jpg	default	Chantey	Iron Shadow							P	c,t								C	Any player may sink this Chantey by paying 7 Sailing as an action. All Captains have the following ability: React: When another player performs an effect to cancel one of your actions that will result in a Boarding, tack one of your completed Adventures to cancel that effect.	playerNDeck
c15f5d41-b3b2-44ed-ab17-143b660cc23d	The Crimson Roger	7th-sea/iron-shadow/7thSea-IronShadow-TheCrimsonRoger.jpg	default	Ship	Iron Shadow	Crimson Rogers													9	3	F	React: Tack when you tack a Crew to produce Cannon. That Crew produces 2 extra Cannon. React: Tack before performing an action, to move to an adjacent Sea.	playerNShip
52c730d1-c89f-4530-a724-6cb66943752f	The Discovery	7th-sea/iron-shadow/7thSea-IronShadow-TheDiscovery.jpg	default	Ship	Iron Shadow	Explorer's Society													9	3	F	React: Tack when paying a Sailing cost to produce 3 Sailing. React: Tack before performing an action, to move to an adjacent Sea.	playerNShip
cca11c06-0d0d-4b79-946d-12b38067a472	The Dolphin	7th-sea/iron-shadow/7thSea-IronShadow-TheDolphin.jpg	default	Ship	Iron Shadow	unaligned													9	3	R	You may draw one card before one of your Swordsman Crew starts a Boarding Attack. React: Tack before performing an action, to move to an adjacent Sea.	playerNShip
6873985c-2570-456b-b54d-af808fb93cc9	The Falcon's Roost	7th-sea/iron-shadow/7thSea-IronShadow-TheFalconsRoost.jpg	default	Ship	Iron Shadow	Brotherhood													9	3	F	React: Tack one of your Topman Crew and this Ship when you are being targeted with a Cannon Attack to cancel that Cannon Attack and move your Ship to an adjacent Sea. React: Tack before performing an action, to move to an adjacent Sea.	playerNShip
10dfb1a6-686b-42ed-9596-c9b803d16e83	The Figurehead Released	7th-sea/iron-shadow/7thSea-IronShadow-TheFigureheadReleased.jpg	default	Action	Iron Shadow							S	d,p								R	React: Play instead of performing a Boarding Attack. Tack one of your Crew to target and discard a Ship Attachment attached to the other Ship in the Boarding.	playerNDeck
9daa8379-f6d4-425b-a84f-4ce66c04be7d	The Finest Cannons...	7th-sea/iron-shadow/7thSea-IronShadow-TheFinestCannons.jpg	default	Adventure	Iron Shadow							T	c,s								C	1 Sea Away • Item To complete: Pay 2 Adventuring (1 if completed in The Mirror). Crew Attachment: +2 Cannon	playerNDeck
ff2abbe4-8dc0-4771-a988-422c24809d99	The Firebird	7th-sea/iron-shadow/7thSea-IronShadow-TheFirebird.jpg	default	Adventure	Iron Shadow							T	c,s								R	2 Seas Away • Unique To complete: Pay 8 Adventuring. Crew Attachment: +4 Swashbuckling. This Crew inflicts 4 extra Hits during Boarding Attacks.	playerNDeck
8d78c722-d86f-4716-8a42-358f64f8fdb4	The Freighter	7th-sea/iron-shadow/7thSea-IronShadow-TheFreighter.jpg	default	Ship	Iron Shadow	Black Freighter													8	2	F	While your Captain is untacked, your Skeletal Crew inflict an additional amount of Hits during Boarding Attacks equal to their printed Swashbuckling. React: Tack before performing an action, to move to an adjacent Sea.	playerNShip
888628e9-a29b-4b63-a1a4-cf506e288a12	The Fury of the Rogers	7th-sea/iron-shadow/7thSea-IronShadow-TheFuryOfTheRogers.jpg	default	Action	Iron Shadow		3	Ad	4	In		S	d,p								C	Act: Target another  Ship in this Sea. Your Ship begins a Boarding with the target Ship.	playerNDeck
2493d803-30da-499a-a136-e193bf0da242	The Gateway	7th-sea/iron-shadow/7thSea-IronShadow-TheGateway.jpg	default	Attachment	Iron Shadow							C	d,s								R	CAPTAIN ATTACHMENT Unique • Oath Your Captain has +1 to all skills while in the the Forbidden Sea and the Mirror. Your Captain has –1 to all skills while in the Trade Sea and the Frothing Sea.	playerNDeck
d3bfc144-d895-410c-8235-814c9f7504d5	The General	7th-sea/iron-shadow/7thSea-IronShadow-TheGeneral.jpg	default	Captain	Iron Shadow	Montaigne					10			2	2	3	5	3			F	Start: Frothing Sea *Eisen* Swordsman +2 While you have 3 or more other Montaigne Crew on your Ship, your Crew Maximum is increased by 2.	playerNCaptain
0b6138ff-9dca-4959-b1bd-ca03e5176bcc	The General's Tactics	7th-sea/iron-shadow/7thSea-IronShadow-TheGeneralsTactics.jpg	default	Action	Iron Shadow		4	Ad	M			S	d,p								R	Act: Target a Ship in an adjacent Sea. Tack one of your Crew to inflict a Cannon Attack on the target equal to that Crew's Cannon skill. The cost to play this card is reduced by 2 if you have a Montaigne Captain.	playerNDeck
b4cdc034-271f-4766-bc51-3817ef280a09	The General's Armor	7th-sea/iron-shadow/7thSea-IronShadow-TheGeneralsArmor.jpg	default	Adventure	Iron Shadow							T	c,s								F	1 Sea Away • Item To complete: Pay 4 Adventuring (3 if completed in Trade Sea). Crew Attachment: +1 Swashbuckling. This Crew absorbs 1 extra Hit when tacking to absorb Hits.	playerNDeck
e67aeb58-942c-4b28-88c3-3d32723490d9	The General's Fist	7th-sea/iron-shadow/7thSea-IronShadow-TheGeneralsFist.jpg	default	Attachment	Iron Shadow		6	Sw				C	d,s								F	MONTAIGNE CAPTAIN ATTACHMENT Unique • Signature Item Act: Sink this card to untack your Captain. Act: Tack this card  to target one of your other Montaigne Crew to give that Crew +2 to all of that Crew's skills that are greater than 1. React: Tack this card when you are paying an Influence cost for an action to play, discard or sink a Control card to give your Captain +4 Influence until after the action.	playerNDeck
082cebff-98ce-48ca-b033-ee166e8d3ae1	The General's Plan	7th-sea/iron-shadow/7thSea-IronShadow-TheGeneralsPlan.jpg	default	Action	Iron Shadow							D	p,t								U	Act: Target a Sea Attachment in this or an adjacent Sea. Tack the target Attachment. Act: Target a Sea Attachment in this or an adjacent Sea. Tack one of your Gunner Crew with at least one Adventure attached to sink the target Attachment.	playerNDeck
76872bd5-5e1e-42a0-be23-772c1b5e881e	The Guiding Gem of Hierro	7th-sea/iron-shadow/7thSea-IronShadow-TheGuidingGemOfHierro.jpg	default	Attachment	Iron Shadow		0					C	d,s								R	SHIP ATTACHMENT Unique • Artifact You must tack your Captain to bring this card into play. React: Tack this card when you are paying a Sailing cost to produce 2 Sailing.	playerNDeck
bc1d60ac-7188-49ff-afd0-daab9d3f1e34	The Hanged Man	7th-sea/iron-shadow/7thSea-IronShadow-TheHangedMan.jpg	default	Ship	Iron Shadow	Brotherhood													8	3	F	React: Tack when you are paying an Adventuring cost to produce 3 Adventuring. React: Tack before performing an action, to move to an adjacent Sea.	playerNShip
febe1e37-4c53-4e8c-8fd0-30ce50b01a03	The Hurricane	7th-sea/iron-shadow/7thSea-IronShadow-TheHurricane.jpg	default	Ship	Iron Shadow	Sea Dogs													9	3	F	Act: Tack this Ship and one of your Crew to draw one card. React: Tack before performing an action, to move to an adjacent Sea.	playerNShip
252ff9cf-b939-450c-a103-e203820e2a9f	The Inquisition	7th-sea/iron-shadow/7thSea-IronShadow-TheInquisition.jpg	default	Attachment	Iron Shadow		2	Sw				C	d,s								U	THIS SEA ATTACHMENT Any player may sink this card by paying 4 Cannon as an action. Act: Target and tack a non-Captain Villainous Crew in this Sea. Act: Tack to target one of your non-Villainous, Holy Crew. Give that Crew the Villainous trait until the end of the turn. Act: Tack to give a Holy Crew +2 Influence until the end of the turn.	playerNDeck
ecfae766-0053-48c7-a58b-0dd3550321c7	The Island's Heart	7th-sea/iron-shadow/7thSea-IronShadow-TheIslandsHeart.jpg	default	Action	Iron Shadow							S	d,p								R	Fear 2 Knack Act: Tack one of your Crew with Fear 2 or more to play this card. Target an Ally Attachment in this Sea or another player's Ship in this Sea. Attach the target Ally, or move the target Ship, to an adjacent Sea.	playerNDeck
cefd9a85-e19c-4e56-826f-8bc251b0f53a	The Last Shot	7th-sea/iron-shadow/7thSea-IronShadow-TheLastShot.jpg	default	Adventure	Iron Shadow							T	c,s								R	2 Seas Away • Unique To complete: Pay 8 Adventuring. Crew Attachment: +8 Cannon	playerNDeck
7c53f273-1f8a-4e9a-b250-2fa688bd1216	The Leviathan	7th-sea/iron-shadow/7thSea-IronShadow-TheLeviathan.jpg	default	Ship	Iron Shadow	unaligned													10	4	R	Your Crew have +1 Adventuring while your Captain is untacked. React: Tack before performing an action to move to an adjacent Sea.	playerNShip
34574824-34ef-4cd2-a0fb-42194c5f2ea1	The Lost Swordsman Knack	7th-sea/iron-shadow/7thSea-IronShadow-TheLostSwordsmanKnack.jpg	default	Adventure	Iron Shadow							T	c,s								R	1 Sea Away To complete: Tack one of your Swordsman Crew. Crew Attachment • Swordsman Knack: React: Tack this card when you are suffering Hits during a Boarding to absorb Hits equal to this Crew's Swordsman Bonus.	playerNDeck
8c40ddc5-193a-462d-844b-cc00df18b63d	The Massacre	7th-sea/iron-shadow/7thSea-IronShadow-TheMassacre.jpg	default	Ship	Iron Shadow	unaligned													10	4	R	React: After you have inflicted Hits on a Ship in this Sea with an card with the word “Ramming” or “Powering” in the title, tack this Ship to begin a Boarding with that Ship. React: Tack before performing an action, to move to an adjacent Sea.	playerNShip
db909451-3bd2-423b-be00-b339d497ed09	The Navigator	7th-sea/iron-shadow/7thSea-IronShadow-TheNavigator.jpg	default	Crew	Iron Shadow	Black Freighter	3	In				P	c,t	0	4	0	0	1			U	Loyal • Topman • No Attachments React: After you have moved into a Sea you may tack this Crew and another of your Crew to move your Ship to an adjacent Sea (without cost).	playerNDeck
fee1e5fe-ab1d-4f9d-8649-f4427ad3fafc	The Next Chapter	7th-sea/iron-shadow/7thSea-IronShadow-TheNextChapter.jpg	default	Action	Iron Shadow				0			S	d,p								C	React: Play when you push your Captain forward to start a Boarding Attack. Your Captain inflicts 3 extra Hits with this Boarding Attack. Act: Target another player's Captain with 4 or more Attachments. If your Captain is untacked, play a Boarding Attack from your hand to begin a Duel between your Captain and the target Captain. The Captain playing the final Boarding Attack inflicts no hits, but that player may sink up to 3 Attachments attached to the other Captain.	playerNDeck
18276552-f38c-43b1-bd33-fb8ada4f34e6	The Nibelungen's Price	7th-sea/iron-shadow/7thSea-IronShadow-TheNibelungensPrice.jpg	default	Action	Iron Shadow				0			D	p,t								R	React: Play when you are paying the skill cost for an Item Attachment. Discard one of your completed Item or Goods Adventures to reduce the cost by 6 (minimum 0). React: Play when you are paying the Adventuring cost for an Item or Goods Adventure. If your Ship is the only Ship in this Sea, this card produces an amount of Adventuring equal to your Captain's printed Adventuring.	playerNDeck
accad9e2-62c5-469f-984b-421fd607da47	The Ocean's Teeth	7th-sea/iron-shadow/7thSea-IronShadow-TheOceansTeeth.jpg	default	Adventure	Iron Shadow							T	c,s								R	2 Seas Away To complete: Pay 7 Adventuring (5 if completed in Trade Sea). Crew Attachment: +5 Adventuring	playerNDeck
6f22238a-5891-49d5-b359-1b45d2ba5c4b	The Porte Escape	7th-sea/iron-shadow/7thSea-IronShadow-ThePorteEscape.jpg	default	Adventure	Iron Shadow							T	c,s								U	2 Seas Away To complete: Tack one of your Sorcerer Crew. Sorcerer Attachment: This Crew gains +2 to their Sorcery trait(s), and may not attach another copy of this card.	playerNDeck
32aa3e49-430a-4520-ad0d-1858c3dd598c	The Price of Impatience	7th-sea/iron-shadow/7thSea-IronShadow-ThePriceOfImpatience.jpg	default	Action	Iron Shadow							S	d,p								U	React: Tack one of your First Mate Crew when you have suffered and absorbed 5 or more Hits inflicted by another player with a single action. If you are no longer suffering Hits, that player suffers the same amount of Hits. You may play only one copy of this card in reaction to the same suffering of Hits.	playerNDeck
4afdc9f1-392c-4779-a3fd-1589ca0063ed	The Rage of the Vesten	7th-sea/iron-shadow/7thSea-IronShadow-TheRageOfTheVesten.jpg	default	Chantey	Iron Shadow		2	Sw				S	d,p								C	All Crew tacking to absorb Hits absorb 2 extra Hits.	playerNDeck
082d309c-63f7-47a6-afb3-5d07e0cd7e50	The Raven	7th-sea/iron-shadow/7thSea-IronShadow-TheRaven.jpg	default	Crew	Iron Shadow	unaligned	5	In				P	c,t	0	0	4	2	2			R	Unique • Heroic React: Tack the Raven after another player has completed an Adventure in this or an adjacent Sea. That player must pay an additional 3 Adventuring or the completed Adventure is placed in that player's hand without being completed.	playerNDeck
f0a9d758-4fe8-43b4-8a08-ba33d9ad1d00	The Redeemer	7th-sea/iron-shadow/7thSea-IronShadow-TheRedeemer.jpg	default	Ship	Iron Shadow	Explorer's Society													11	4	F	React: Once per turn, when tacking a Crew to produce skill points, that Crew produces 2 extra points of that skill, if the Crew has an Adventure attached that increases the skill being produced. React: Tack before performing an action, to move to an adjacent Sea.	playerNShip
af273770-ad1b-41c6-b734-c654303b571d	The Revensj	7th-sea/iron-shadow/7thSea-IronShadow-TheRevensj.jpg	default	Ship	Iron Shadow	Vesten													9	3	F	When you start a Boarding that is not canceled, you may draw 2 cards. React: Tack before performing an action, to move to an adjacent Sea.	playerNShip
3ee0a29f-d14f-4ac9-b9a6-1759c3c71487	The Sacrifice	7th-sea/iron-shadow/7thSea-IronShadow-TheSacrifice.jpg	default	Action	Iron Shadow							D	p,t								U	Act: Target one of your Crew in this Sea. Discard any number of cards attached to the target Crew. Act: Discard any one of your Attachments to target a player with a Ship in this Sea. The target player must discard any one of their Attachments.	playerNDeck
651bb65b-f306-4c36-9de7-24818e77c20a	The Sailor's Curse	7th-sea/iron-shadow/7thSea-IronShadow-TheSailorsCurse.jpg	default	Action	Iron Shadow		4	Ad	4	Ad		D	p,t								U	Act: Target and tack a Crew with an Influence skill less than 2. Act: Target a tacked Crew with no cards attached and an Influence cost less than 4. Discard the target Crew. You may only target a Crew on a Ship that currently has more Crew on board than your Ship. When playing this effect, the cancel cost of this card is increased by 3.	playerNDeck
26b026cd-b0cb-4aac-81fe-394aa3d32cb0	The Scarlet Roger	7th-sea/iron-shadow/7thSea-IronShadow-TheScarletRoger.jpg	default	Ship	Iron Shadow	Crimson Rogers													11	4	F	React: Pay 4 Cannon when a Boarding is targeting your Ship to cancel that Boarding (this cost may not be reduced). React: Tack before performing an action, to move to an adjacent Sea.	playerNShip
82220686-8164-40eb-9b13-2107e8597a92	The Sea Lion	7th-sea/iron-shadow/7thSea-IronShadow-TheSeaLion.jpg	default	Ship	Iron Shadow	Vesten													10	4	F	Act: Once per turn, tack one of your Port Attachments to untack your Captain. React: Tack before performing an action, to move to an adjacent Sea.	playerNShip
62709913-bcf1-4a9b-9c5f-9ac87fde47a7	The Setine Key	7th-sea/iron-shadow/7thSea-IronShadow-TheSetineKey.jpg	default	Attachment	Iron Shadow		2	Ad				C	d,s								R	Unique * The cost of The Setine Key is zero if you have a Crimson Roger Captain React: Tack the Setine Key when one of your crew aligned to your Captain's Faction tacks for a skill. That crew produces 1 extra skill point.	playerNDeck
c7377376-53f7-46a8-9e3e-4a6835e80356	The Siren's Jaw	7th-sea/iron-shadow/7thSea-IronShadow-TheSirensJaw.jpg	default	Adventure	Iron Shadow							T	c,s								F	2 Seas Away • Artifact • Unique To complete: Pay 6 Adventuring (4 if you have a Corsairs Captain). Captain Attachment: React: Tack and sink this card when your Captain is inflicting Hits with a Boarding Attack. Your Captain inflicts an additional number of Hits equal to the number of cards currently in your hand.	playerNDeck
9eadd253-d29f-4e14-9b2e-f21f97c65dab	The Sole Presence	7th-sea/iron-shadow/7thSea-IronShadow-TheSolePresence.jpg	default	Action	Iron Shadow							D	p,t								R	React: Play after another player's Ship has moved from this Sea and left your Ship as the only Ship in this Sea. If no other players have Control cards in this Sea, tack your Captain or one of your First Mate Crew to attach this card to this Sea as a Control card. While this card is attached to this Sea, any player in this Sea may sink this Control card as an action by tacking their Captain or one of their First Mate Crew.	playerNDeck
7e00402b-3e58-49e6-bf52-1d5e27966964	The Sorcerer's Duty	7th-sea/iron-shadow/7thSea-IronShadow-TheSorcerersDuty.jpg	default	Attachment	Iron Shadow							C	d,s								R	SORCERER ATTACHMENT You must tack one of your Sorcerers to attach this card. This Sorcerer gains +1 to their Sorcery trait(s). Act: Tack this Crew and name a skill to target another of your Crew. Target Crew gains a bonus to the skill equal to the number of Sorcery Knacks attached to this Crew until the end of the turn.	playerNDeck
d72481c3-7b56-45da-b48c-5fae535e0286	The Trail of the Dead	7th-sea/iron-shadow/7thSea-IronShadow-TheTrailOfTheDead.jpg	default	Chantey	Iron Shadow				3	Sw		C	d,s								C	All Crew tacking or sinking to absorb Hits absorb 1 fewer Hit (minimum 1).	playerNDeck
2a3eb15a-f0aa-45fc-a28e-6d0252fef179	The Value of the Hunt	7th-sea/iron-shadow/7thSea-IronShadow-TheValueOfTheHunt.jpg	default	Chantey	Iron Shadow							P	c,t								U	Any player may sink this Chantey by sinking two of their Adventures (completed or uncompleted) from play or from their hand (or both) as an action. When non-Captain Crew tack to produce skill points, they produce an additional amount of those skill points equal to the number of completed Adventures they have attached.	playerNDeck
2d57204e-6d37-493a-90d9-1ff2d59e9bba	The Vision Spreads	7th-sea/iron-shadow/7thSea-IronShadow-TheVisionSpreads.jpg	default	Chantey	Iron Shadow		3	Ad	5	Ad		P	c,t								C	All Crew have their Influence costs increased by 2	playerNDeck
553e0ca6-9bb3-4def-86b9-44770070ef22	The Wayward Soldier	7th-sea/iron-shadow/7thSea-IronShadow-TheWaywardSoldier.jpg	default	Ship	Iron Shadow	unaligned													6	2	R	Act: Tack to move your Ship up to two Seas away (moving through each Sea one at a time). React: Tack before performing an action, to move to an adjacent Sea.	playerNShip
66da54c6-cdd2-4604-a014-a53842754506	The Wellspring	7th-sea/iron-shadow/7thSea-IronShadow-TheWellspring.jpg	default	Action	Iron Shadow							D	p,t								U	Act: Tack your Captain or one of your First Mate Crew to play this card. Until the end of the turn, all of your Crew aligned to your Captain's faction absorb 2 extra Hits when tacking to absorb Hits.	playerNDeck
a2a38be8-85ee-4a4f-8978-d3e61cab2517	Theah Eats the Weak	7th-sea/iron-shadow/7thSea-IronShadow-TheahEatsTheWeak.jpg	default	Action	Iron Shadow		8	Ad	0			S	d,p								C	Weather Act: Target a Ship. Inflict 3 Hits on the target Ship. Act: Target a Ship in this or an adjacent Sea. Inflict a number of hits on the target Ship equal to the Ship's Move Cost +4.	playerNDeck
1d9c04ec-cbdd-4211-9dd9-86eb5a046dc5	Their Captain's Will	7th-sea/iron-shadow/7thSea-IronShadow-TheirCaptainsWill.jpg	default	Adventure	Iron Shadow							T	c,s								C	1 Sea Away To complete: Pay 2 Adventuring (1 if completed in Forbidden Sea). Crew Attachment: +2 Sailing	playerNDeck
9e335cc3-79d4-4932-ac7a-e77a47842e27	Thom Brunner	7th-sea/iron-shadow/7thSea-IronShadow-ThomBrunner.jpg	default	Crew	Iron Shadow	Brotherhood	4	In				P	c,t	3	0	1	0	2			C	*Eisen* Gunner	playerNDeck
e0034f5b-d2b4-49a5-a920-b3a74e1dae93	Thordis Bjerregaard	7th-sea/iron-shadow/7thSea-IronShadow-ThordisBjerregaard.jpg	default	Crew	Iron Shadow	Vesten	6	In				P	c,t	0	3	1	0	2			U	Topman • Rower React: Untack this Crew after your Ship enters a Boarding that is not canceled. This Crew may use this ability once per turn.	playerNDeck
71e7201e-7207-4d77-9393-dfbda72fd9ef	Throwing Knives	7th-sea/iron-shadow/7thSea-IronShadow-ThrowingKnives.jpg	default	Attachment	Iron Shadow		2	Ad				C	d,s								C	CREW ATTACHMENT Item React: Tack and discard this card instead of performing a Boarding Attack to inflict 1 Hit on the opposing Ship.	playerNDeck
126f231e-5ce7-471b-973e-f23eb4c2415e	Tiger Claws	7th-sea/iron-shadow/7thSea-IronShadow-TigerClaws.jpg	default	Attachment	Iron Shadow							C	d,s								U	HEROIC CREW ATTACHMENT Hand (A Crew may not have more than 1 Hand Attachment.) React: Tack this card when this Crew inflicts Hits during a Boarding Attack. Action cards which react to suffering Hits may not be played in reaction to these Hits.	playerNDeck
b6a3ca30-e2da-4af1-9b75-2f48136fe617	Timothy le Beau	7th-sea/iron-shadow/7thSea-IronShadow-TimothyLeBeau.jpg	default	Crew	Iron Shadow	Montaigne	7	In				P	c,t	0	0	0	2	2			R	Unique • Loyal • Porte 1  Act: Tack this Crew and target a Ship to inflict 1 Hit on that Ship.	playerNDeck
df0240bf-b76d-487d-bb83-e472810fbd44	To the Last Man	7th-sea/iron-shadow/7thSea-IronShadow-ToTheLastMan.jpg	default	Chantey	Iron Shadow		3	Ad				P	c,t								U	Any player may sink this Chantey by discarding a Crew from play as an action. All Captains are considered to have the following abilities: React: Tack or discard one of your Crew when you are producing Sailing to attempt a Boarding. The cost of that Boarding attempt is reduced by the Crew's Adventuring. React: Discard one of your Crew from play instead of performing a Boarding Attack to inflict Hits on the other Ship equal to the Crew's Swashbuckling.	playerNDeck
fe31a0e5-c79f-4d8b-9e96-aa7ce0adfa57	Top Dog	7th-sea/iron-shadow/7thSea-IronShadow-TopDog.jpg	default	Action	Iron Shadow							S	d,p								R	Act: Target a Ship with more than one First Mate Crew. That player must sink all but one of their First Mate Crew and tack the remaining First Mate Crew. React: Play when you Experience one of your Crew. If you do not have a First Mate Crew in play, this card attaches to the Experienced Crew and gives this Crew the First Mate trait.	playerNDeck
9f753ae8-1778-451f-a168-f3da4cf97bef	Torvo Espada	7th-sea/iron-shadow/7thSea-IronShadow-TorvoEspada.jpg	default	Crew	Iron Shadow	Gosse's Gentlemen	6	In				P	c,t	0	0	1	1	4			R	Heroic • Swordsman +3 If you play a Club, Dagger, Punch, Slash, and Thrust during a Boarding Attack that this Crew is fighting in, the other player may not play any more Boarding Attack cards during this Boarding Attack.	playerNDeck
3072a4ad-02ad-4605-a5f2-cb40f0dbd5c4	Treasure Hold	7th-sea/iron-shadow/7thSea-IronShadow-TreasureHold.jpg	default	Attachment	Iron Shadow		1	In				C	d,s								U	SHIP ATTACHMENT This card counts as one Crew against your Crew Maximum. React: Sink the Treasure Hold when you are suffering hits to absorb 1 Hit. React: Tack the Treasure Hold when you are paying an Influence cost to produce 2 Influence.	playerNDeck
425de04d-254e-4b0f-82b3-0c658fac4e50	Trickster's Grin	7th-sea/iron-shadow/7thSea-IronShadow-TrickstersGrin.jpg	default	Attachment	Iron Shadow							C	d,s								C	HEROIC CREW ATTACHMENT Face (A Crew may not have more than 1 Face Attachment.) Act: Tack this Crew to draw a card.	playerNDeck
e31d6bf5-ecd8-4499-bca1-4b515a638fcb	Trinkets and Baubles	7th-sea/iron-shadow/7thSea-IronShadow-TrinketsAndBaubles.jpg	default	Adventure	Iron Shadow							T	c,s								U	1 Sea Away • Illegal • Goods To complete: Pay 4 Adventuring (2 if completed in Forbidden Sea). Crew Attachment: +3 Influence	playerNDeck
cb1f3ca9-91f0-465c-852a-d650784648ba	True Faith	7th-sea/iron-shadow/7thSea-IronShadow-TrueFaith.jpg	default	Adventure	Iron Shadow							T	c,s								U	1 Sea Away To complete: Pay 4 Adventuring (3 if completed in La Boca)  Crew Attachment: +1 Swashbuckling and this Crew gains the Holy trait.	playerNDeck
2a516ade-de95-403d-aa38-515b30345ea6	Two Hands Are Better Than One	7th-sea/iron-shadow/7thSea-IronShadow-TwoHandsAreBetterThanOne.jpg	default	Attachment	Iron Shadow							C	d,s								R	CREW ATTACHMENT React: Tack when you send this Crew out to fight against an opponent's non-Swordsman Crew that has been pushed forward to start a Boarding Attack. This Crew gains +1 Swashbuckling for each Attachment attached to the opposing Crew until the end of the Boarding.	playerNDeck
5047f462-09b8-4c67-a511-049b9deb77ee	Ulf Karlseen	7th-sea/iron-shadow/7thSea-IronShadow-UlfKarlseen.jpg	default	Crew	Iron Shadow	Explorer's Society	4	In				P	c,t	0	4	1	1	1			R	Loyal • Laerdom 1 This Crew has -1 Sailing for every Laerdom Knack attached. You may not attach a Laerdom Knack to this Crew if his Sailing is less than 1.	playerNDeck
f8f0fc67-46ac-4672-8553-c59f9ad7927d	Ulfgar Jor Bronsen	7th-sea/iron-shadow/7thSea-IronShadow-UlfgarJorBronsen.jpg	default	Crew	Iron Shadow	Explorer's Society	4	In				P	c,t	0	0	4	0	2			C	Heroic • Laerdom 0	playerNDeck
d3328335-0500-4b25-8eb7-98c057d46839	Ulfied Jansson	7th-sea/iron-shadow/7thSea-IronShadow-UlfiedJansson.jpg	default	Crew	Iron Shadow	Sea Dogs	4	In				P	c,t	0	3	1	1	2			C	Laerdom 1 Act: Tack this Crew to inflict 2 Hits on a Ship in this Sea. If you are in the Trade Sea, Reacts may not be played in reaction to suffering these Hits	playerNDeck
8b366c1f-ec6e-45bc-bc4c-5bb7270f8833	Ulrich the Unholy	7th-sea/iron-shadow/7thSea-IronShadow-UlrichTheUnholy.jpg	default	Crew	Iron Shadow	Black Freighter	5	In				P	c,t	0	0	2	1	2			F	Loyal • Villainous • Holy • Fear 1 Act: Tack this Crew to target and tack a Holy Crew in this Sea.	playerNDeck
b92adb73-fe55-40e8-839f-6813c057329a	Uncharted Course	7th-sea/iron-shadow/7thSea-IronShadow-UnchartedCourse.jpg	default	Ship	Iron Shadow	Gosse's Gentlemen													9	3	F	Up to three of your Ship Attachments do not count against your Crew Maximum. React: Tack before performing an action, to move to an adjacent Sea.	playerNShip
bc40e532-c156-4dd6-95f4-a5af0ba9a102	Undead Adventurers	7th-sea/iron-shadow/7thSea-IronShadow-UndeadAdventurers.jpg	default	Crew	Iron Shadow	Black Freighter	4	In				P	c,t	0	2	3	0	2			C	Loyal React: When you are suffering Hits you may discard a completed Adventure attached to this Crew to suffer 3 fewer Hits.	playerNDeck
49d52b31-d55d-447b-a96c-6839aa33ecf3	Undead Boarders	7th-sea/iron-shadow/7thSea-IronShadow-UndeadBoarders.jpg	default	Crew	Iron Shadow	Black Freighter	3	In				P	c,t	0	0	2	1	3			C	Loyal • No Attachments • Skeletal During a Boarding, this Crew may tack to absorb Hits.	playerNDeck
119c950b-16cd-422d-b865-2955c8103f9d	Unreliable	7th-sea/iron-shadow/7thSea-IronShadow-Unreliable.jpg	default	Action	Iron Shadow							D	p,t								U	Act: Target and discard a Cheap card in play. React: Play when a Cheap card is used to cancel the effects of that card and discard it. React: Play when you play a Boarding Attack to reverse another Crew's Boarding Attack. Target an Attachment attached to the opposing Crew. Sink the target Attachment.	playerNDeck
5c16856c-523a-4200-85be-b9b04b4b452d	Up and Ready	7th-sea/iron-shadow/7thSea-IronShadow-UpAndReady.jpg	default	Action	Iron Shadow							D	p,t								C	Act: Target a non-Skeletal Crew aligned to your Captain's faction in your sunk pile. You may immediately pay that Crew's Influence cost to hire the target Crew. This card attaches to the target Crew, and gives the Crew the Skeletal trait (This Crew may not tack to absorb Hits. Place this Crew in your discard pile when it is sunk). If this card is removed from the Crew while the Crew is still in play, the Crew loses the Skeletal trait, and then is immediately sunk.	playerNDeck
47508c04-ff12-4c92-9ea8-97067cf639fc	Valor's Cove	7th-sea/iron-shadow/7thSea-IronShadow-ValorsCove.jpg	default	Adventure	Iron Shadow							T	c,t								C	1 Sea Away • Unique To complete: Pay 3 Adventuring. Ship Attachment: Act: Tack your Captain and sink this card. Search your discard pile or sunk pile for any one card. Place that card in your hand.	playerNDeck
8ab62e2c-5b92-45d8-85c9-153deb87528c	Velda Conklin	7th-sea/iron-shadow/7thSea-IronShadow-VeldaConklin.jpg	default	Crew	Iron Shadow	Explorer's Society	3	In				P	c,t	0	3	0	0	1			C	Heroic When this Crew tacks to absorb Hits, she absorbs 2 extra Hits, except during Boarding.	playerNDeck
cf09c1cd-47bf-4eda-8a74-cbfc3d732db9	Velik	7th-sea/iron-shadow/7thSea-IronShadow-Velik.jpg	default	Crew	Iron Shadow	Brotherhood	7	In				P	c,t	2	3	3	2	3			U	*Rilascarie* Experienced • Unique • Loyal Heroic • Laerdom 1 React: If this Crew is untacked and his Adventuring skill is greater than 2, you may discard 1 card from your hand when you are paying an Adventuring cost to produce 2 Adventuring. Reduce this Crew's Adventuring by 3 until the end of the turn..	playerNDeck
4e12f32d-9ac9-40c2-9a7b-ae0b7093cc54	Vendel Smugglers	7th-sea/iron-shadow/7thSea-IronShadow-VendelSmugglers.jpg	default	Attachment	Iron Shadow		1	Sw				C	d,s								C	SEA ATTACHMENT Ally When this card is put into play, it attaches to the Frothing Sea. Act: Tack this card to attach it to an adjacent Sea. React: Tack this card while it is in the Forbidden Sea and you are paying an Influence cost. This card produces 4 Influence then attaches to the Frothing Sea.	playerNDeck
ee974e30-a256-4f7f-90fc-9dfcd8004a39	Vendel Sorcery	7th-sea/iron-shadow/7thSea-IronShadow-VendelSorcery.jpg	default	Chantey	Iron Shadow				3	Sw		D	p,t								U	The cost to play, cancel, discard, sink or use an ability on a Weather card is reduced by 2 (minimum 0).	playerNDeck
ceda1873-7743-4202-bdeb-65dd9ae9a69c	Vengeful Serpent	7th-sea/iron-shadow/7thSea-IronShadow-VengefulSerpent.jpg	default	Attachment	Iron Shadow		7	Ad				C	d,s								U	SEA ATTACHMENT Monster Any player in this Sea may sink this card by paying 8 Swashbuckling as an action. Act: Tack this card to attach it to an adjacent Sea. Act: Tack this card and target a Ship in this Se to inflicts 5 Hits on that Ship.	playerNDeck
70927cc5-8a2a-4564-9859-d39a1d29ac0f	Very Minor Damage	7th-sea/iron-shadow/7thSea-IronShadow-VeryMinorDamage.jpg	default	Action	Iron Shadow							S	d,p								U	React: Play this card when you are inflicting Hits on another player with a Ship in this Sea. That player may not attach Damage Attachments to their Ship to absorb Hits until the end of the turn. React: Play when another player is playing a card that will become a Damage Attachment. Cancel the effects of that card. Sink the canceled card.	playerNDeck
6144179c-2b86-4a25-a1b7-e7d421e299ed	Vestenmannavnjar Funeral	7th-sea/iron-shadow/7thSea-IronShadow-VestenmannavnjarFuneral.jpg	default	Action	Iron Shadow							S	d,p								R	React: Play when one of your Vesten Crew sinks to absorb Hits. This card attaches to your Captain. All of your Vesten Crew inflict 1 extra Hit during Boarding Attacks. Only one Vestenmannavnjar Funeral may be played per Crew that sinks.	playerNDeck
7764ba91-979b-4ba2-954c-6815fbfe6dba	Victor of Luthon	7th-sea/iron-shadow/7thSea-IronShadow-VictorOfLuthon.jpg	default	Crew	Iron Shadow	Black Freighter	8	In				P	c,t	2	4	3	3	4			F	Unique • Loyal • First Mate • Fear 2 All Cannon Attacks and Boarding Attacks inflict 1 extra Hit.	playerNDeck
3c62dcbc-78f4-49cd-bbd6-a9658c91a046	Villskap (Fury)	7th-sea/iron-shadow/7thSea-IronShadow-VillskapFury.jpg	default	Attachment	Iron Shadow		0					C	d,s								U	CREW ATTACHMENT Laerdom 1 Knack • Weather Act: Tack this card and pay 1 Adventuring to target a Ship in this Sea. Inflict 2 Hits on that Ship.	playerNDeck
7882501c-c749-450f-aa86-29bb39ce49c5	Vincenzo Caligari	7th-sea/iron-shadow/7thSea-IronShadow-VincenzoCaligari.jpg	default	Attachment	Iron Shadow		3	In				C	d,s								R	CRIMSON ROGER CAPTAIN ATTACHMENT Unique • Patron React: Tack this card when you are paying an Adventuring cost to produce 3 Adventuring.	playerNDeck
35a204e4-43d9-41b8-8c6b-f60308152b22	Vincenzo de Tonelli	7th-sea/iron-shadow/7thSea-IronShadow-VincenzoDeTonelli.jpg	default	Crew	Iron Shadow	Crimson Rogers	5	In				P	c,t	1	4	0	1	1			U	*Vodacce* Villainous • Topman Act: Once per turn, tack one of your Patron Attachments to untack this Crew.	playerNDeck
76894d3e-e04e-4d9d-b5ad-21b257e3e78e	Vivianne etalon du Toille	7th-sea/iron-shadow/7thSea-IronShadow-VivianneEtalonDuToille.jpg	default	Crew	Iron Shadow	Montaigne	4	In				P	c,t	0	3	0	0	2			C	*Die Kreuzritter* Holy • Swordsman +2 If this Crew's opponent in a Boarding Attack is Holy, this Crew's Boarding Attack inflicts 2 extra Hits.	playerNDeck
47bc6ed4-4b31-406e-8981-18b12776cc50	Vodacce Valuables	7th-sea/iron-shadow/7thSea-IronShadow-VodacceValuables.jpg	default	Adventure	Iron Shadow							T	c,s								U	2 Seas Away To complete: Pay 4 Adventuring (3 if completed in Forbidden Sea). Crew Attachment: +3 Influence	playerNDeck
ce97f212-5574-48ed-83f7-87c63da5d4b3	Vodanken	7th-sea/iron-shadow/7thSea-IronShadow-Vodanken.jpg	default	Action	Iron Shadow		10	Ad	4	Sa		S	d,p								R	Monster Act: Target a Ship. Inflict 6 Hits on the target Ship. Act: Target a Ship in this or an adjacent Sea. Inflict 10 Hits on the target Ship. You may only play this effect if you have a Crew with an Adventuring skill of 9 or more. The cancel cost of this card is increased by 4, when using this effect.	playerNDeck
5f5bc008-183d-4ab3-9566-aa14abb59e13	Volta	7th-sea/iron-shadow/7thSea-IronShadow-Volta.jpg	default	Crew	Iron Shadow	Crimson Rogers	6	In				P	c,t	2	0	3	1	4			R	Villainous • Swordsman +1 This Crew's Boarding Attacks that finish with a Slash inflict 2 extra Hits.	playerNDeck
14e67970-40e5-407b-8c0f-97eb743ba470	Ward of the Albatross	7th-sea/iron-shadow/7thSea-IronShadow-WardOfTheAlbatross.jpg	default	Attachment	Iron Shadow		6	Ad				C	d,s								R	SHIP ATTACHMENT Unique Act: Discard this card when you have no cards in your hand to draw five cards from your deck. React: Discard this card when you tack a Crew, and you have no other Crew untacked, to untack your Captain. React: After another player has tacked a Crew to produce Cannon, tack this card to reduce the amount of Cannon produced to 0.	playerNDeck
3370be79-d5ad-4797-801f-43ce3c1693bf	We Need Us an Ussuran Gunner	7th-sea/iron-shadow/7thSea-IronShadow-WeNeedUsAnUssuranGunner.jpg	default	Adventure	Iron Shadow							T	c,s								U	2 Seas Away • Henchman To complete: Pay 4 Adventuring (3 if completed in The Mirror). Crew Attachment: +4 Cannon	playerNDeck
a872af04-263f-4777-af4a-5649b67a9d5d	Well Equipped Sick Bay	7th-sea/iron-shadow/7thSea-IronShadow-WellEquippedSickBay.jpg	default	Attachment	Iron Shadow		3	In				C	d,s								R	SHIP ATTACHMENT Unique This card counts as one Crew against your Crew Maximum. All of your Crew absorb 2 extra Hits when they sink to absorb Hits.	playerNDeck
98aeb97c-e135-4b09-90a5-2ec6cf1094b5	Wenching	7th-sea/iron-shadow/7thSea-IronShadow-Wenching.jpg	default	Action	Iron Shadow		3	In	0			D	p,t								C	Act: Untack one of your non-Captain Crew.	playerNDeck
cc718f3b-44c4-4eab-ae56-37480d291b38	Whalers	7th-sea/iron-shadow/7thSea-IronShadow-Whalers.jpg	default	Crew	Iron Shadow	unaligned	5	In				P	c,t	1	4	1	0	2			U	Rower • No Attachments When this Crew pays Cannon or Swashbuckling to discard a Sea Attachment, that Sea Attachment is sunk instead.	playerNDeck
88c43575-aaa3-4f8a-8664-75c5539f8076	Whatever the Cost	7th-sea/iron-shadow/7thSea-IronShadow-WhateverTheCost.jpg	default	Action	Iron Shadow		5	Ad	5	Ad		S	d,p								R	Any player may pay the cancel cost of this action. Act: Untack your Captain. When paying for this action, you may sink one of your Oath cards instead of paying the skill cost.	playerNDeck
a3858ca9-ee00-4875-96db-c7cb68434293	Who Can You Trust?	7th-sea/iron-shadow/7thSea-IronShadow-WhoCanYouTrust.jpg	default	Action	Iron Shadow		2	In	0			S	d,p								R	Act: Target a Ship. Inflict a number of Hits on the target Ship equal to the number of non-Captain Villainous Crew on board the target Ship. Act: Target a Ship. Tack one of your Villainous Crew to inflict 3 Hits on the target Ship.	playerNDeck
49f992a4-0ec0-47f3-a479-271912b37988	Wild Party!	7th-sea/iron-shadow/7thSea-IronShadow-WildParty.jpg	default	Action	Iron Shadow				4	In		S	d,p								R	Act: If you have a Gosse Captain, the Action phase ends. Play proceeds to the Draw Phase. Sink this card. React: Play when you push a Crew forward for a Boarding Attack to give that Crew +3 Swashbuckling until the end of the Boarding Attack. When playing this effect, you may tack one of your completed Adventures that provides an Influence skill bonus of 2 or more instead of paying the skill cost.	playerNDeck
e63ca050-ec42-47d0-8c21-ceff15bb81aa	William Fodd	7th-sea/iron-shadow/7thSea-IronShadow-WilliamFodd.jpg	default	Crew	Iron Shadow	Brotherhood	4	In				P	c,t	0	3	2	0	1			U	Topman When William tacks to absorb Hits from a Cannon Attack, he absorbs 2 extra Hits.	playerNDeck
015cde9b-cad2-4550-ae81-a48e1fd38973	William Highport	7th-sea/iron-shadow/7thSea-IronShadow-WilliamHighport.jpg	default	Crew	Iron Shadow	Gosse's Gentlemen	6	In				P	c,t	0	0	0	0	1			U	Heroic • Swordsman +1 This Crew may not be placed on a Villainous Captain's Ship, unless that Captain is a Gosse Captain. Act: Once per turn, target one of this Crew's skills. This Crew gains +3 to that skill for the remainder of the turn.	playerNDeck
e7dc8210-7296-4c40-a382-22548e5ea78e	William Toss	7th-sea/iron-shadow/7thSea-IronShadow-WilliamToss.jpg	default	Crew	Iron Shadow	Sea Dogs	4	In				P	c,t	0	1	1	2	3			C		playerNDeck
b18301e4-ea74-4b32-b7ee-08b5d96d61b3	Willie Wilcox	7th-sea/iron-shadow/7thSea-IronShadow-WillieWilcox.jpg	default	Crew	Iron Shadow	Brotherhood	7	In				P	c,t	3	2	2	1	4			R	Experienced • Unique • Loyal Swordsman +1 This Crew is considered to have a Hand Attachment. Act: Tack and sink one of your Crew to untack this Crew. “	playerNDeck
73cf4883-c64a-49d2-9d71-947816631c0b	Willowed Ropes	7th-sea/iron-shadow/7thSea-IronShadow-WillowedRopes.jpg	default	Attachment	Iron Shadow		3	In				C	d,s								U	BROTHERHOOD SHIP ATTACHMENT Item All of your Crew inflict one extra Hit during Boarding Attacks.	playerNDeck
568d02b7-b8b5-40fa-b11b-938be75f0d70	Winds of Fate	7th-sea/iron-shadow/7thSea-IronShadow-WindsOfFate.jpg	default	Adventure	Iron Shadow							T	c,s								C	1 Sea Away To complete: Pay 3 Adventuring (2 if completed in La Boca). Crew Attachment: +3 Sailing	playerNDeck
c3d5503a-8fba-40cf-94e5-c7528eb82f90	Would-Be Adventurers	7th-sea/iron-shadow/7thSea-IronShadow-WouldBeAdventurers.jpg	default	Action	Iron Shadow				0			S	d,p								U	React: Play when you are producing Adventuring. Suffer 3 Hits to produce 2 Adventuring. React: Target another player's non-Captain Crew in this Sea after it has tacked to produce Adventuring. Untack the target Crew. Push one of your Crew forward and play a Boarding Attack from your hand to begin a Duel between your Crew and the targeted Crew.	playerNDeck
8541ca40-336e-492a-8a60-452dc8254c38	Would-Be Gunners	7th-sea/iron-shadow/7thSea-IronShadow-WouldBeGunners.jpg	default	Action	Iron Shadow				0			S	d,p								F	React: Play when you are producing Cannon. Suffer 3 Hits to produce 2 Cannon. React: Target another player's non-Captain Crew in this Sea after it has tacked to produce Cannon. Untack the target Crew. Push one of your Crew forward and play a Boarding Attack from your hand to begin a Duel between your Crew and the targeted Crew.	playerNDeck
9e0c1831-8cb1-41ae-9a4b-bad6ff61a43c	Would-Be Traders	7th-sea/iron-shadow/7thSea-IronShadow-WouldBeTraders.jpg	default	Action	Iron Shadow							D	p,t								C	React: Play when you are producing Influence. Suffer 3 Hits to produce 2 Influence. React: Target another player's non-Captain Crew in this Sea after it has tacked to produce Influence. Untack the target Crew. Push one of your Crew forward and play a Boarding Attack from your hand to begin a Duel between your Crew and the targeted Crew.	playerNDeck
42d345ad-aad9-4527-b941-4e203f6c4893	Wreckers	7th-sea/iron-shadow/7thSea-IronShadow-Wreckers.jpg	default	Adventure	Iron Shadow							T	c,s								R	2 Seas Away To complete: Pay 7 Adventuring (5 if completed in Forbidden Sea). Crew Attachment: +5 Sailing	playerNDeck
22d068b4-257b-4f7e-818c-194765d32c70	Yngvild Olafssdottir	7th-sea/iron-shadow/7thSea-IronShadow-YngvildOlafssdottir.jpg	default	Captain	Iron Shadow	Vesten					9			0	3	4	3	3			F	Start: Trade Sea Heroic • Laerdom 1 • Swordsman +2 While you have 3 or more other Vesten Crew on your Ship, your cost to play or put Weather cards into play is reduced by 3 (minimum 0).	playerNCaptain
e1eb1ae1-4672-4d83-847c-484b988142c5	Yngvild's Axe	7th-sea/iron-shadow/7thSea-IronShadow-YngvildsAxe.jpg	default	Attachment	Iron Shadow		6	Sw				C	d,s								F	VESTEN CAPTAIN ATTACHMENT Unique • Signature Item Act: Sink this card to untack your Captain. Act: Tack this card to target one of your other Vesten Crew to give that Crew +2 to all of that Crew's skills that are greater than 1. React: Tack this card when you are paying a Swashbuckling cost for an action to play, discard or sink a Control card to give your Captain +4 Swashbuckling until after the action.	playerNDeck
be7125cb-2d29-4620-936a-c1095b8c112d	Yngvild's Plan	7th-sea/iron-shadow/7thSea-IronShadow-YngvildsPlan.jpg	default	Chantey	Iron Shadow							P	c,t								F	Any player may sink this Chantey by paying 3 Adventuring as an action. All Captains have the Villainous trait.	playerNDeck
f6667d0f-95cc-454b-afd9-a61b72e3cd50	Your Word is Your Bond	7th-sea/iron-shadow/7thSea-IronShadow-YourWordIsYourBond.jpg	default	Action	Iron Shadow							D	p,t								R	Act: Target a Captain controlled by a player with an Oath card in play. Tack one of your Crew to tack the target Captain. Act: If you have an Oath card in play, all of your Captain's skills are increased by 1 until the end of the turn.	playerNDeck
5574641b-8652-40e8-a9eb-69e187dd98c3	Yr Hagin Bronsson	7th-sea/iron-shadow/7thSea-IronShadow-YrHaginBronsson.jpg	default	Crew	Iron Shadow	Vesten	4	In				P	c,t	0	1	0	0	1			U	Laerdom 1 React: Once per turn, target a player drawing one or more cards during the Actions phase other than during a Boarding. Inflict a number of Hits on that player equal to the number of cards drawn.	playerNDeck
7e33bb3b-ca5e-4502-90f5-380e1017bbe2	Zoya the Serpent	7th-sea/iron-shadow/7thSea-IronShadow-ZoyaTheSerpent.jpg	default	Crew	Iron Shadow	unaligned	3	In				P	c,t	0	0	0	0	2			U	*Ussura* Pyeryem 1	playerNDeck
6a30ee0a-de49-4b36-9c29-cfe0fdee53a7	...and One for All	7th-sea/scarlet-seas/7thSea-ScarletSeas-AndOneForAll.jpg	default	Action	Scarlet Seas							D	p,t								C	React: Play when you suffer Hits during a Boarding Attack. You may tack or sink crew other than your crew in the Boarding Attack to absorb Hits.	playerNDeck
6d142f9a-6baa-4dab-8e4b-5eddd23e0622	7th Sea Eddy	7th-sea/scarlet-seas/7thSea-ScarletSeas-7thSeaEddy.jpg	default	Action	Scarlet Seas		5	Ad				D	p,t								R	Target another Ship. Move that Ship to a Sea adjacent to its current Sea. Inflict 1 Hit on that Ship.	playerNDeck
9c0f0e8f-3aea-4eca-8010-1464b6dacce8	A Coward Among Us	7th-sea/scarlet-seas/7thSea-ScarletSeas-ACowardAmongUs.jpg	default	Action	Scarlet Seas							D	p,t								U	You may not play this card if you have a Heroic Captain. React: Play this card instead of conducting a Boarding Attack. Sink one of your untacked crew, except Captain. Your next Boarding Attack in this Boarding inflicts 4 extra Hits.	playerNDeck
5c61dc0c-d4ec-40d8-b752-ef320630ab11	Angus McCloud	7th-sea/scarlet-seas/7thSea-ScarletSeas-AngusMcCloud.jpg	default	Crew	Scarlet Seas	Sea Dogs	8	In				P	c,t	2	3	2	2	4			R	Experienced • Unique • Loyal • Heroic • Swordsman +1 React: Tack one of you crew to untack Angus when your ship enters a Boarding that is not canceled. Angus may perform this reaction once per turn.	playerNDeck
d07a595f-0c71-4c01-b022-85dc39b0b42b	Babette	7th-sea/scarlet-seas/7thSea-ScarletSeas-Babette.jpg	default	Crew	Scarlet Seas	Montaigne	7	In				P	c,t	0	0	1	2	4			R	Experienced • Unique • Loyal • Swordsman +2 When Babette's opponent in a Boarding Attack plays the final Boarding Attack card, tack Babette to reduce the Hits inflicted by the Boarding Attack to 0.	playerNDeck
4b9ed7fa-7584-4738-9ba9-ef84d8a0ba83	Backs to the Wall	7th-sea/scarlet-seas/7thSea-ScarletSeas-BacksToTheWall.jpg	default	Action	Scarlet Seas							S	d,p								C	React: Play immediately before the other player in a Boarding pushes a crew forward. If all of your crew are tacked, the other player may choose to either end the Boarding, or allow you to untack 2 of your crew of your choosing.	playerNDeck
e95d0e5a-9bf9-4821-8984-5b4d4d6b3f3c	Bad Luck	7th-sea/scarlet-seas/7thSea-ScarletSeas-BadLuck.jpg	default	Action	Scarlet Seas							D	p,t								R	React: Play this card immediatly after you pay a cancel cost. Target the Ship controlled by the player who attempted the action. Inflict 1 Hit on that Ship. Only one Bad Luck may be played per action.	playerNDeck
b81ca859-8aa9-4222-bb85-9b9924d31d0f	Barnacle Pete	7th-sea/scarlet-seas/7thSea-ScarletSeas-BarnaclePete.jpg	default	Crew	Scarlet Seas	Sea Dogs	5	In				P	c,t	1	0	2	0	3			U	When you are paying the cost to put a Control cards into play, Pete has +2 to all of his skills.	playerNDeck
842a66e5-ed60-47ba-8339-35a8cce7b8c9	Barracuda	7th-sea/scarlet-seas/7thSea-ScarletSeas-Barracuda.jpg	default	Action	Scarlet Seas		2	Ad	M+0			D	p,t								R	Any player may pay the cancel cost. Target a Sea when you play this card. Until the end of the turn, each time a crew in the target Sea tacks to absorb Hits, discard the top card of your deck. If the Boarding Attack on the discard is a Club, sink that crew.	playerNDeck
269bc97e-8ce4-4db3-af8f-efc1892bcb29	Best Served Cold...	7th-sea/scarlet-seas/7thSea-ScarletSeas-BestServedCold.jpg	default	Action	Scarlet Seas		4	Ad				S	d,p								U	React: Play before you push a crew forward for a Boarding Attack. Get a crew from your sunk pile and push that crew forward, untacked. If not already sunk, sink this crew when the Boarding ends.	playerNDeck
160e6f11-523e-4371-a9fa-1b606d079e76	Big Target	7th-sea/scarlet-seas/7thSea-ScarletSeas-BigTarget.jpg	default	Action	Scarlet Seas							D	p,t								R	React: Play when you are tacking a crew to produce Cannon for a Cannon Attack. If the Ship targeted by the Cannon Attack has a crew maximum greater than 9, then your crew produces 3 extra Cannon.	playerNDeck
9ce36a48-64d0-4f8e-a80f-f5bd9195ee49	By the Gods...	7th-sea/scarlet-seas/7thSea-ScarletSeas-ByTheGods.jpg	default	Attachment	Scarlet Seas							C	d,s								R	This Sea Attachment • Oath Enters play tacked. While it's Sea Attachment, it's Unique and your Captain's Skills are reduced by 1 (min. 1). If you complete an Artifact Adventure while it's untacked, it becomes a Captain Attachment. Your Captain gains +1 to all Skills.	playerNDeck
8918173b-495e-4525-9b04-33807ad5a1c3	Cafe of Broken Dreams	7th-sea/scarlet-seas/7thSea-ScarletSeas-CafeOfBrokenDreams.jpg	default	Attachment	Scarlet Seas		4	Ad				C	d,s								C	Sea Attachment Any player in this Sea may discard this card by discarding one of their crew as an action. Act: Name one skill and tack this card. All crew in this Sea have that skill reduced by 1 until the end of the turn (minimum 0, minimum 1 for Swashbuckling)	playerNDeck
0641655b-ccb9-4443-b8d6-509ddca9e30f	Call to Duty	7th-sea/scarlet-seas/7thSea-ScarletSeas-CallToDuty.jpg	default	Action	Scarlet Seas							S	d,p								C	React: Play this card when you are producing Swashbuckling. Tack one of your crew to produce Swashbuckling equal to that crew's Adventuring plus Swashbuckling.	playerNDeck
b6627be5-9345-4b6e-acaa-afec1b2c7aaf	Cannons of La Bucca	7th-sea/scarlet-seas/7thSea-ScarletSeas-CannonsOfLaBucca.jpg	default	Attachment	Scarlet Seas		5	Ad				C	d,s								U	La Boca Attachment • Port Any player in this Sea may sink Cannons of La Bucca by tacking 9 Cannon as an action. Act: Tack Cannons of la Bucca and target a Ship in this Sea. Inflict a 6 hit Cannon Attack on that Ship.	playerNDeck
9742230f-de5a-409b-8854-851fa165385b	Celedoine	7th-sea/scarlet-seas/7thSea-ScarletSeas-Celedoine.jpg	default	Crew	Scarlet Seas	Sea Dogs	9	In				P	c,t	0	0	0	3	1			F	Experienced • Unique • Loyal • First Mate • Glamour 2 React: Tack Celedoine when you are suffering hits. Reduce the Hits suffered to 0.	playerNDeck
ac94946f-73d8-4821-a3bc-e98d49adb6bc	Cheap Cannons	7th-sea/scarlet-seas/7thSea-ScarletSeas-CheapCannons.jpg	default	Attachment	Scarlet Seas		2	In				C	d,s								C	crew Attachment • Item • Cheap Discard this card when this crew is producing Cannon. This crew produces 3 extra Cannon.	playerNDeck
56dc880b-cdf1-4c26-9f9d-15a2fa07274f	Cheap Gunpowder	7th-sea/scarlet-seas/7thSea-ScarletSeas-CheapGunpowder.jpg	default	Action	Scarlet Seas							S	d,p								C	React: Play when tacking a crew to produce Cannon for an action. That crew produces 2 extra Cannon. immediatly after the resolution of the action, your Ship suffers 2 Hits.	playerNDeck
374bc137-d6e0-4718-b907-c7588e376cd3	Clear Skies	7th-sea/scarlet-seas/7thSea-ScarletSeas-ClearSkies.jpg	default	Action	Scarlet Seas							S	d,p								R	Target all Laerdom cards in play. Tack those cards.	playerNDeck
2d20bcc0-d318-46bc-81a7-6162b604660e	Clear the Decks	7th-sea/scarlet-seas/7thSea-ScarletSeas-ClearTheDecks.jpg	default	Action	Scarlet Seas							S	d,p								C	React: Play immediately before you push a crew forward for a Boarding Attack. Discard all cards in play which were used instead of performing a Boarding Attack.	playerNDeck
d4ab979b-1add-49ff-9fe5-f77dd1e7c7f4	Confusion on Deck	7th-sea/scarlet-seas/7thSea-ScarletSeas-ConfusionOnDeck.jpg	default	Action	Scarlet Seas							S	d,p								C	React: Play when your opponent in a Boarding uses a card instead of performing a Boarding Attack. Cancel the effects of that card.	playerNDeck
91e81e4a-3349-48d6-911e-cf299c3f3598	Dark Dreams	7th-sea/scarlet-seas/7thSea-ScarletSeas-DarkDreams.jpg	default	Action	Scarlet Seas							D	p,t								C	React: Play when you are paying an Adventuring cost. Discard 2 cards from your hand to produce 2 Adventuring.	playerNDeck
b346c5b8-c1d6-4809-b2c0-9005958a326d	Dashing Duel	7th-sea/scarlet-seas/7thSea-ScarletSeas-DashingDuel.jpg	default	Action	Scarlet Seas							S	d,p								U	Target one of your Heroic crew, and one untacked crew with two or more attachments (except a Captain) on another ship. Draw 1 card. Play a card from your hand as a Boarding Attack to begin a Duel between the two crew.	playerNDeck
03ad3009-4307-4846-9bd9-8a58d445606e	Destiny's Touch	7th-sea/scarlet-seas/7thSea-ScarletSeas-DestinysTouch.jpg	default	Action	Scarlet Seas							S	d,p								C	You may only play this card if all of your crew are tacked. React: Play this card and discard one crew card from your hand when suffering Hits. Reduce the Hits suffered to 0.	playerNDeck
f3474650-3393-445e-94cc-e005873dd4ba	Diplomatic Envoy	7th-sea/scarlet-seas/7thSea-ScarletSeas-DiplomaticEnvoy.jpg	default	Attachment	Scarlet Seas							C	d,s								R	Opponent's Ship Attachment • Unique Play only if you have a Heroic Captain. Name a Sea when attaching it. It counts as 2 crew in the Ship it is attached to. The Captain of that Ship gains +1 Influence while this card is attached. Sink it when that Ship enters the named Sea.	playerNDeck
00d098a2-a112-493e-98cf-dfc0f55afd13	Disguised Ship	7th-sea/scarlet-seas/7thSea-ScarletSeas-DisguisedShip.jpg	default	Action	Scarlet Seas							S	d,p								C	For the remainder of the turn, other players may not perform actions which react to your Ship entering their Sea.	playerNDeck
96bcf029-9629-4e32-b8ee-526bcc01c859	Don't Make Me Ask Again	7th-sea/scarlet-seas/7thSea-ScarletSeas-DontMakeMeAskAgain.jpg	default	Action	Scarlet Seas		3	Sw				D	p,t								R	You may only play this card if you have a Villainous Captain. Get up to 2 Illegal adventures from your deck, show them to your opponents, and place them in your hand. Shuffle your deck.	playerNDeck
d1d53e61-82b2-44d8-b495-f0f90d9c6d36	Double the Rum Ration	7th-sea/scarlet-seas/7thSea-ScarletSeas-DoubleTheRumRation.jpg	default	Action	Scarlet Seas							D	p,t								R	Each of your crew, except your Captain, gains +1 Swashbuckling and loses 1 from each of their other four skills (minimum 0) until the end of the turn.	playerNDeck
aace53d0-e545-40d0-ac56-5531e680f0cb	Down to the Nub	7th-sea/scarlet-seas/7thSea-ScarletSeas-DownToTheNub.jpg	default	Action	Scarlet Seas							D	p,t								U	React: Play when you are discarding or sinking a Cheap Attachment. The Cheap Attachment remains attached.	playerNDeck
b9ae9091-17c2-49b2-aea1-14cd924b5f16	Dry Docks	7th-sea/scarlet-seas/7thSea-ScarletSeas-DryDocks.jpg	default	Attachment	Scarlet Seas		1	In				C	d,s								R	Sea Attachment • Unique React: Tack this card while your Ship is this Sea and you are paying to discard or sink a Damage Attachment. Dry Docks produces 5 points toward discarding or sinking the Damage Attachment.	playerNDeck
ac5b8419-4233-48c6-93c7-4ff51cc290c3	Duel with a Castillian	7th-sea/scarlet-seas/7thSea-ScarletSeas-DuelWithACastillian.jpg	default	Adventure	Scarlet Seas							T	c,s								U	2 Seas Away To complete: Tack 3 Adventuring (2 if completed in la Boca). crew Attachment: +1 Swashbuckling. This crew inflicts 3 extra Hits during Boarding Attacks.	playerNDeck
9e19b63f-84bf-40d5-a5d1-4162e187944c	Eisen Cannon Balls	7th-sea/scarlet-seas/7thSea-ScarletSeas-EisenCannonBalls.jpg	default	Adventure	Scarlet Seas							T	c,s								C	1 Sea Away To complete: Tack 6 Adventuring (2 if completed in the Mirror and you have The River in play) Item crew Attachment: +4 Cannon	playerNDeck
526e14de-6efa-46cf-83c7-64176157ff7f	Eisen Steel	7th-sea/scarlet-seas/7thSea-ScarletSeas-EisenSteel.jpg	default	Adventure	Scarlet Seas							T	c,s								U	3 Seas Away To complete: Tack 6 Adventuring (2 if completed in the Mirror and you have The River in play). Goods crew Attachment: +4 Influence	playerNDeck
d0f6d15d-9ae4-455f-8cfd-326306f77205	Faisal	7th-sea/scarlet-seas/7thSea-ScarletSeas-Faisal.jpg	default	Crew	Scarlet Seas	Corsairs	5	In				P	c,t	0	0	2	1	3			U	Unique • Loyal • Swordsman +2 You must push Faisal forward to conduct your first Boarding Bttack of each Boarding you are in, even if he is tacked.	playerNDeck
835f5766-88b7-41fa-beef-fd32bba18cd4	Fate's Web	7th-sea/scarlet-seas/7thSea-ScarletSeas-FatesWeb.jpg	default	Attachment	Scarlet Seas		0					C	d,s								U	Opposing Adevnture Attachment You must tack one of your crew with Fate of 1 or more to play this card. Attach this card to an uncompleted Adventure of another player. All Hits inflicted by that player are reduced by 2 (minimum 0) until that Adventure is completed, discarded, or sunk. Discard this card when that Adventure is completed.	playerNDeck
68ede2f1-066d-4a3d-8eb1-5706b4056d08	Favor for a Noble	7th-sea/scarlet-seas/7thSea-ScarletSeas-FavorForANoble.jpg	default	Adventure	Scarlet Seas							T	c,s								C	1 Sea Away To complete: Tack 2 Adventuring (1 if completed in la Boca). crew Attachment: +1 Influence	playerNDeck
fbc0d186-719f-4e51-9b82-2dd8e16ef705	Friendly Winds	7th-sea/scarlet-seas/7thSea-ScarletSeas-FriendlyWinds.jpg	default	Action	Scarlet Seas		1	Sa				S	d,p								U	Weather Target an Ally card. Attach it to a Sea adjacent to its current Sea.	playerNDeck
73254a91-9b70-499b-9d03-c4ccd1b76d23	Gem of Warning	7th-sea/scarlet-seas/7thSea-ScarletSeas-GemOfWarning.jpg	default	Adventure	Scarlet Seas							T	c,s								R	Unique 1 Sea Away To complete: Tack 5 Adventuring (3 if completed in Frothing Sea). Artifact Captain Attachment: React: When one of your Sea Attachment cards is being discarded or sunk, discard this card instead.	playerNDeck
e131aaa7-10b6-4c2f-b4f9-4a60f9117a38	Gerald Hohne	7th-sea/scarlet-seas/7thSea-ScarletSeas-GeraldHohne.jpg	default	Crew	Scarlet Seas	Crimson Rogers	6	In				P	c,t	3	1	2	1	2			R	Experienced • Unique • Loyal React: Once per turn you may sink one of your crew immediatly before you push Gerald forward for a Boarding Attack to give Gerald +3 Swashbuckling until the end of the Boarding.	playerNDeck
34a358bf-251a-40a6-b6d5-91a0386459a9	Hand of the Sirens	7th-sea/scarlet-seas/7thSea-ScarletSeas-HandOfTheSirens.jpg	default	Attachment	Scarlet Seas		3	Ad				C	d,s								U	crew Attachment • Artifact • Hand Attachment crew can't have more than on Hand attachment. React: Tack this card instead of performing a Boarding Attack. Target one Item attachment on the opposing Ship and discard it. The opposing player may cancel this action by tacking 4 Swashbuckling.	playerNDeck
ac4b9649-a215-4269-afa9-4847ac58ce88	Harsh Light of Reality	7th-sea/scarlet-seas/7thSea-ScarletSeas-HarshLightOfReality.jpg	default	Action	Scarlet Seas							S	d,p								R	Target all Glamour cards in play. Tack those cards.	playerNDeck
ec93667e-4e98-4fa3-9de8-825467b4970f	He Fights Well...	7th-sea/scarlet-seas/7thSea-ScarletSeas-HeFightsWell.jpg	default	Action	Scarlet Seas		1	In				D	p,t								R	Unique React: Play when you tack your Captain to absorb Hits. This card attaches to your Captain. Your Captain gains +1 Swashbuckling and inflicts 1 extra Hit during Boarding Attacks.	playerNDeck
5c1bf045-8351-403d-aff8-b50cb5dec86e	...He Rides Well...	7th-sea/scarlet-seas/7thSea-ScarletSeas-HeRidesWell.jpg	default	Action	Scarlet Seas							S	d,p								R	Unique Your Captain must already have “He Fights Well...” attached to play this card. React: Play when you tack your Captain to produce Adventuring. This card attaches to your Captain and gives a +1 to all his skills.	playerNDeck
7f16db06-d845-42ee-a79e-8890c844edad	...and He Makes Witty Repartee	7th-sea/scarlet-seas/7thSea-ScarletSeas-AndHeMakesWittyRepartee.jpg	default	Action	Scarlet Seas							D	p,t								R	Unique Your Captain must already have He Rides Well attached to play this card. React: Play when your Captain tacks to produce Inf. This card attaches to your Captain. Each time you inflict 3 or more hits with a Cannon or Boarding attack, inflict 2 extra Hits.	playerNDeck
047c4198-de1f-43ad-b11d-031704d04708	Hoskuld Hardrada	7th-sea/scarlet-seas/7thSea-ScarletSeas-HoskuldHardrada.jpg	default	Crew	Scarlet Seas	Vesten	8	In				P	c,t	0	3	2	3	3			R	Experienced • Unique • Loyal • Heroic • Swordsman +2 Act: Once per turn, you may discard one Weather card from your hand to give Hoskuld +1 to all skills for the remainder of the turn.	playerNDeck
2860b653-0c3c-4706-b97f-11de84dfb432	Host (Harvest)	7th-sea/scarlet-seas/7thSea-ScarletSeas-HostHarvest.jpg	default	Attachment	Scarlet Seas							C	d,s								R	crew Attachment • Unique • Laerdom 2 Knack Your hand size is increased by 1.	playerNDeck
979f8d1c-3e9c-4849-b49c-0186df207f67	Howls of Vengence	7th-sea/scarlet-seas/7thSea-ScarletSeas-HowlsOfVengence.jpg	default	Attachment	Scarlet Seas		2	Sw				C	d,s								C	Captain Attachment • Oath React: Instead of performing a Boarding Attack, pay 1 Swashbuckling to tack this card. Your hand size is increased by one while your Ship is in a Boarding and this card is tacked.	playerNDeck
d598f493-faaf-4145-bdcb-432da4f061ae	I'm Not Left-Handed	7th-sea/scarlet-seas/7thSea-ScarletSeas-ImNotLeftHanded.jpg	default	Action	Scarlet Seas							D	p,t								R	Unique • Swordsman 2 Knack React: Play before you play a Boarding Attack for one of your crew. Draw 3 cards. If the other player in the Boarding has I'm Not Left•Handed in play when you play this card, draw 2 extra cards. This card is not discarded until the end of this Boarding.	playerNDeck
a727a624-af02-4ea4-b172-d1ad0822f20d	Inil	7th-sea/scarlet-seas/7thSea-ScarletSeas-Inil.jpg	default	Crew	Scarlet Seas	Corsairs	6	In				P	c,t	1	0	3	0	2			R	Experienced • Unique • Loyal React: Discard a crew card from your hand when the other player in a Boarding performs an action instead of performing a Boarding Attack to cancel the action.	playerNDeck
a613945e-7826-42b6-9162-c22b514b80c3	Inquisitor Bascalle	7th-sea/scarlet-seas/7thSea-ScarletSeas-InquisitorBascalle.jpg	default	Crew	Scarlet Seas	Castille	5	In				P	c,t	0	0	0	4	1			R	Unique • Loyal • Holy • Villainous Act: Tack Bascalle and sink one of your non•Loyal crew. All of your Castillian crew gain +1 to all of their skills until the end of your next action.	playerNDeck
9f0084d6-9f34-4d53-8481-584fe4ed3512	Javier de Bejarano	7th-sea/scarlet-seas/7thSea-ScarletSeas-JavierDeBejarano.jpg	default	Crew	Scarlet Seas	Crimson Rogers	6	In				P	c,t	0	0	3	3	1			R	Experienced • Unique • Loyal • Villainous Act: Once per turn, you may sink one of your crew to untack Javier.	playerNDeck
1e0c38c7-dc57-4f75-b7f2-b1e758f21ad9	Jemy	7th-sea/scarlet-seas/7thSea-ScarletSeas-Jemy.jpg	default	Crew	Scarlet Seas	Crimson Rogers	5	In				P	c,t	0	4	2	0	3			U	Experienced • Unique • Loyal • Topman • Heroic Jemy inflicts 3 fewer hits during Boarding Attacks (minimum 0)	playerNDeck
8f25d613-2dde-4047-adf9-d897fe452bb0	Joern Keitelsson	7th-sea/scarlet-seas/7thSea-ScarletSeas-JoernKeitelsson.jpg	default	Crew	Scarlet Seas	Crimson Rogers	10	In				P	c,t	3	4	3	2	4			F	Experienced • Unique • Loyal • First Mate • Swordsman +2 Your hand size is increased by 2.	playerNDeck
d286ba70-5ad4-4ab0-9796-91e8cf90697a	Jorund's Betrayal	7th-sea/scarlet-seas/7thSea-ScarletSeas-JorundsBetrayal.jpg	default	Action	Scarlet Seas		7	In				D	p,t								R	React: Play when a player completes a non•Artifact Adventure. The Adventure is discarded without benefit. If the player completing the Adventure has a Villainous crew in play, except Captain, Jorund's Betrayal target that player's Ship and inflicts 3 Hits.	playerNDeck
fbac5171-59cc-4813-b476-f432245c4f82	King Before Captain	7th-sea/scarlet-seas/7thSea-ScarletSeas-KingBeforeCaptain.jpg	default	Action	Scarlet Seas							S	d,p								U	Target a crew (except a Captain) with more than two completed adventures attached to the same skill. Discard all cards attached to the crew.	playerNDeck
7f26a478-244d-4ea8-9fa1-6d7aa030f44e	La Bucca Defenses	7th-sea/scarlet-seas/7thSea-ScarletSeas-LaBuccaDefenses.jpg	default	Attachment	Scarlet Seas		6	Ad				C	d,s								R	La Boca Attachment • Unique • Port You may only play this card if you have a Brotherhood Captain. As an action, any player in this Sea may tack this card by paying 3 Influence. Act: You may tack this card to targer a Ship in this Sea. Inflict a 5 Hit Cannon Attack on that Ship.	playerNDeck
7f842950-4a24-4aaf-b57b-057ca30e550d	Li'l Jim	7th-sea/scarlet-seas/7thSea-ScarletSeas-LilJim.jpg	default	Crew	Scarlet Seas	Gosse's Gentlemen	5	In				P	c,t	0	3	1	1	2			R	Experienced • Unique • Loyal • Topman • Heroic Li'l Jim's Boarding Attacks that finish with a Club inflict 2 extra Hits.	playerNDeck
5e52199d-6c11-486e-bc81-aa6940d3a14f	Lightning Flash	7th-sea/scarlet-seas/7thSea-ScarletSeas-LightningFlash.jpg	default	Action	Scarlet Seas		6	Ad				D	p,t								C	Weather Target and sink a crew with an Influence cost less than 3. The cost to play this card is reduced by 2 (min. 1) if the targeted crew is in the Trade Sea or the Frothing Sea.	playerNDeck
aa90c821-ad28-46af-a866-475dbb0fca1b	Livestock	7th-sea/scarlet-seas/7thSea-ScarletSeas-Livestock.jpg	default	Action	Scarlet Seas		1	In				D	p,t								C	Move your Ship one Sea closer to one of your uncompleted adventures. Beggining with the player on your left, ant player may discard 2 cards from their hand to cancel this action.	playerNDeck
17e7d57b-46c8-458d-82aa-fc3ee3079712	Locked in Death	7th-sea/scarlet-seas/7thSea-ScarletSeas-LockedInDeath.jpg	default	Action	Scarlet Seas							S	d,p								R	You must have a Villainous Captain to play this card. React: Play after you inflict Hits with a Boarding Attack. Target the other Ship in the Boarding and inflicts 3 Hits on that Ship. Your ship then suffers 3 Hits.	playerNDeck
6ecd7e47-5c1c-41cb-a085-85d9d8471c14	Marc Pierre	7th-sea/scarlet-seas/7thSea-ScarletSeas-MarcPierre.jpg	default	Crew	Scarlet Seas	Montaigne	3	In				P	c,t	0	0	0	0	3			U	Loyal • No attachments • Swordsman +1 When Marc tacks to absorb Hits, he absorbs 2 extra Hits.	playerNDeck
96d46b69-2659-4df3-af7a-3951142603b4	Marker Barrel	7th-sea/scarlet-seas/7thSea-ScarletSeas-MarkerBarrel.jpg	default	Attachment	Scarlet Seas		1	Ad				C	d,s								U	Adventure Attachment You must attach this card to an Adventure you put into play as your last action. Any player in this Sea may sink Marker Barrel by tacking 1 Cannon as an action React: Discard this card when you are paying the completion cost of this Adventure to produce 3 Adventuring.	playerNDeck
dc4a69a7-6cdd-4ee3-91f9-a1b5fcfea560	Master of Wind and Tide	7th-sea/scarlet-seas/7thSea-ScarletSeas-MasterOfWindAndTide.jpg	default	Attachment	Scarlet Seas		10	In				C	d,s								U	Frothing Sea Attachment - Unique - Control You must be in Frothing Sea to play it. Any player in this Sea may discard it by producing 12 Swa. as an action. Card effects which discard or sink Sea Attachments may not target it. Act: Tack it to get and show a Control from your deck, shuffle your deck	playerNDeck
7812a28f-6279-48d9-9a1d-fda162c7e23e	Max Discher	7th-sea/scarlet-seas/7thSea-ScarletSeas-MaxDischer.jpg	default	Crew	Scarlet Seas	Gosse's Gentlemen	5	In				P	c,t	3	0	2	1	2			C	Gunner	playerNDeck
e92920cb-8ec2-49c3-9351-e6ab316886c1	Merchant Quarter	7th-sea/scarlet-seas/7thSea-ScarletSeas-MerchantQuarter.jpg	default	Attachment	Scarlet Seas							C	d,s								C	Sea Attachment Any player in this Sea may sink this card by tacking 2 Cannon as an action. The completion costs of your Goods adventures are reduced by 1 (minimum 1).	playerNDeck
c7ed154a-3e05-4885-84fd-6eff0d402a12	Moment of Glory	7th-sea/scarlet-seas/7thSea-ScarletSeas-MomentOfGlory.jpg	default	Action	Scarlet Seas							D	p,t								U	React: Play this card immediatly before you attach a card to one of your crew. Treat one of your crew with the No attachments trait as not having that trait for the purposes of attaching the card.	playerNDeck
d1a74f64-febd-451e-8df2-4ce5b2caf512	Mother in Law	7th-sea/scarlet-seas/7thSea-ScarletSeas-MotherInLaw.jpg	default	Attachment	Scarlet Seas							C	d,s								U	Sea Attachment You must attach it to the Starting Sea of another Captain in play. If a Ship is in this Sea at the end of the action phase and that Ship's Captain has this Sea as his Starting Sea, that Captain's controller draws 1 fewer card (min.0) during the draw phase	playerNDeck
671bfa19-28de-4345-9d37-70dfbbdd8f78	Mumblety Peg	7th-sea/scarlet-seas/7thSea-ScarletSeas-MumbletyPeg.jpg	default	Crew	Scarlet Seas	Explorer's Society	6	In				P	c,t	2	3	2	1	3			R	Unique • Villainous • Swordsman +1 Mumblety may not be part of your starting crew. Mumblety's Influence Cost is increased by 2 if you have a First Mate in play.	playerNDeck
ae6760ea-e39a-4e8e-b72f-d9ac33199ff0	Nicole Cowbey	7th-sea/scarlet-seas/7thSea-ScarletSeas-NicoleCowbey.jpg	default	Crew	Scarlet Seas	Sea Dogs	7	In				P	c,t	1	3	1	2	3			U	Experienced Tom Toblin • Unique • Loyal The title of this card is Tom Toblin for Experienced purposes. Your crew with the No attachments trait may have one Item attachment attached.	playerNDeck
0d0e666e-9afc-40c6-b820-a58aa80c9793	Night of Horror	7th-sea/scarlet-seas/7thSea-ScarletSeas-NightOfHorror.jpg	default	Action	Scarlet Seas		3	Ad	M+0			D	p,t								U	Target a Ship in the Mirror. Inflict 5 hits on that Ship.	playerNDeck
a24339dc-9025-4026-bcc6-91fe1ba7935b	No Survivors!	7th-sea/scarlet-seas/7thSea-ScarletSeas-NoSurvivors.jpg	default	Action	Scarlet Seas							D	p,t								C	React: Play instead of performing a Boarding Attack. Tack your Captain to sink all crew on board the two ships involved in the Boarding with an Influence cost less than 3.	playerNDeck
d3e61c27-e797-42bd-ad53-1e95708b1e62	Orf Helfir	7th-sea/scarlet-seas/7thSea-ScarletSeas-OrfHelfir.jpg	default	Crew	Scarlet Seas	Vesten	6	In				P	c,t	0	0	0	1	3			U	Unique • Loyal • Villainous • Swordsman +2 Act: Tack Orf to target a Ship in this or an adjacent Sea. That Ship's player must target one of his or her crew. Play a card from your hand as a Boarding Attack to begin a Duel between Orf and the target crew.	playerNDeck
605a0bc6-5924-4e61-b8c7-21aa7de5cdd7	Out of Action	7th-sea/scarlet-seas/7thSea-ScarletSeas-OutOfAction.jpg	default	Action	Scarlet Seas		1	In				S	d,p								U	React: Play this card when one of your Ally is being discarded or sunk. Place the Ally in your hand instead.	playerNDeck
fb1a9019-a123-4c01-9786-0ba13aa5c8aa	Pulled From the Sea	7th-sea/scarlet-seas/7thSea-ScarletSeas-PulledFromTheSea.jpg	default	Action	Scarlet Seas		1	In				D	p,t								C	React: Play this card when you are paying an Adventuring cost to produce 3 Adventuring As the Hanged Man approaches Alesio's coordinates, Allende's eyes	playerNDeck
b06bf7ad-acd6-4f0e-968d-e8cf40ce6aad	Queen Eleanor	7th-sea/scarlet-seas/7thSea-ScarletSeas-QueenEleanor.jpg	default	Attachment	Scarlet Seas							C	d,s								R	crew Attachment • Glamour 2 Knack Act: If all your crew are tacked, tack Queen Eleanor to move your Ship to the Trade Sea.	playerNDeck
eb71d12a-b21c-4f01-be97-6e0e56dd9dfc	Rabbit's Foot	7th-sea/scarlet-seas/7thSea-ScarletSeas-RabbitsFoot.jpg	default	Attachment	Scarlet Seas		2	Ad				C	d,s								C	crew Attachment • Item React: Discard this card after you discard the top card of your deck to change the Boarding Attack on the discard to be the Boarding Attack of your choice.	playerNDeck
e74a0f7d-ccb4-4179-90cd-b9f8da3ffc81	Rats in the Hold	7th-sea/scarlet-seas/7thSea-ScarletSeas-RatsInTheHold.jpg	default	Attachment	Scarlet Seas		4	Ad				C	d,s								R	Opponent's Ship Attachment • Unique Any player in this Sea may tack 6 Swashbuckling as an action to sink the Rats in the Hold. The controller of this Ship has their hand size reduced by 1.	playerNDeck
26a5190a-ba08-4b00-ba89-c569703d1772	Ricardo Ramos	7th-sea/scarlet-seas/7thSea-ScarletSeas-RicardoRamos.jpg	default	Crew	Scarlet Seas	Castille	5	In				P	c,t	5	0	0	0	1			U	Unique • Loyal • Gunner When Ricardo tacks to produce Cannon for a Cannon Attack, the target Ship's controller may cancel the attack by paying Sailing equal to his Ship's move cost.	playerNDeck
21fd86bf-9b92-47e5-9385-09735295f58a	Rune Knowledge	7th-sea/scarlet-seas/7thSea-ScarletSeas-RuneKnowledge.jpg	default	Attachment	Scarlet Seas							C	d,s								U	crew Attachment • Laerdom Knack +1 Laerdom	playerNDeck
721126cf-9229-40d2-9760-798db04df441	Sabine Montjoy	7th-sea/scarlet-seas/7thSea-ScarletSeas-SabineMontjoy.jpg	default	Crew	Scarlet Seas	unaligned	2	In				P	c,t	0	0	0	0	2			C	*Knights of the Rose and Cross* React: Tack Sabine when another Ship attempts a Boarding with your Ship to cancel the Boarding attempt.	playerNDeck
be252d1c-e927-4942-aed3-e217773a2d7c	Sea Chantey	7th-sea/scarlet-seas/7thSea-ScarletSeas-SeaChantey.jpg	default	Action	Scarlet Seas							D	p,t								U	React: Play when you tack 2 or more of your crew to produce Sailing. Untack one of the crew which just tacked to produce Sailing.	playerNDeck
a245cff1-7b87-4045-b788-00e36daa63f5	Secret Stash	7th-sea/scarlet-seas/7thSea-ScarletSeas-SecretStash.jpg	default	Attachment	Scarlet Seas		3	Ad				C	d,s								C	Sea Attachment Any player in this Sea may sink this card by tacking 3 Swashbuckling as an action. React: Sink Secret Stash when paying an Adventuring cost to produce 3 Adventuring.	playerNDeck
9366c602-86ff-4ea6-bee0-d5b406280a65	She's Coming Apart!	7th-sea/scarlet-seas/7thSea-ScarletSeas-ShesComingApart.jpg	default	Action	Scarlet Seas		2	Ad	3	Sw		S	d,p								U	Target a Ship. Until the end of the turn, that ship immediatly suffers 1 Hit each time it enters a Sea.	playerNDeck
c4078d09-a91f-4538-b059-716211e75ffd	Ship's Boat	7th-sea/scarlet-seas/7thSea-ScarletSeas-ShipsBoat.jpg	default	Attachment	Scarlet Seas		1	In				C	d,s								R	Ship Attachment • Unique The Ship's Boat counts as one crew against your crew maximum. React: Tack this card immediately after you have completed an Adventure. Untack one of your crew which tacked to pay the Adventuring cost of that Adventure.	playerNDeck
fc89ca74-b450-44a0-8f39-b2b48868fee2	Ship's Brig	7th-sea/scarlet-seas/7thSea-ScarletSeas-ShipsBrig.jpg	default	Attachment	Scarlet Seas		2	In				C	d,s								U	Ship Attachment React: Tack Ship's Brig when another player is targeting one of your Villainous crew. Cancel the effects of the action. Tack the targeted crew if it is untacked.	playerNDeck
aa40ef0f-fd94-429b-a46e-62bfb629f86c	Skeletal Boarding Gang	7th-sea/scarlet-seas/7thSea-ScarletSeas-SkeletalBoardingGang.jpg	default	Crew	Scarlet Seas	Black Freighter	1	In				P	c,t	0	0	0	0	2			U	Loyal • No attachments • Skeletal (This crew may not tack to absorb Hits. Place this crew in your discard pile when it sinks.) • When this card sinks to absorb Hits during a Boarding, it absorbs 1 extra Hit.	playerNDeck
02b64a8d-f60d-4e6d-9217-fd493a743a2b	Slow Tack	7th-sea/scarlet-seas/7thSea-ScarletSeas-SlowTack.jpg	default	Action	Scarlet Seas		M+0					S	d,p								C	For the remainder of the turn, all of your cannon attacks inflict 1 extra Hit.	playerNDeck
0e4efbf1-a430-4f95-95fc-de06ad8340f1	Succubus	7th-sea/scarlet-seas/7thSea-ScarletSeas-Succubus.jpg	default	Action	Scarlet Seas							D	p,t								R	Target all Porte cards in play. Tack those cards.	playerNDeck
a5eb6a11-ba13-47fe-88fd-a5fd75bf3032	Swift Vengeance	7th-sea/scarlet-seas/7thSea-ScarletSeas-SwiftVengeance.jpg	default	Attachment	Scarlet Seas		10	Sa				C	d,s								U	The Mirror Attachment • Unique • Control You must be in the Mirror to play it.Any player in this Sea may discard it by producing 12 Adv. as an action. Card effects which discard or sink Sea attachments may not target it. Act: Tack it to get and show a Control from your deck, shuffle your deck.	playerNDeck
131e502b-ddfd-454f-bb07-30dcb3a87256	Swimming with Sharks	7th-sea/scarlet-seas/7thSea-ScarletSeas-SwimmingWithSharks.jpg	default	Action	Scarlet Seas							D	p,t								C	React: Play when an opponent begins a Boarding with your Ship that you do not cancel. Target and sink a crew on the other Ship with an Influence cost less than 2.	playerNDeck
4cfdb87e-fe5e-4fee-84d6-f074ebadeb2b	Swing from the Rigging	7th-sea/scarlet-seas/7thSea-ScarletSeas-SwingFromTheRigging.jpg	default	Action	Scarlet Seas							D	p,t								C	React: Play when you are paying the Sailing cost to begin a Boarding. Tack one of your crew to produce Sailing equal to that crew's Swashbuckling.	playerNDeck
88608036-5cd3-47ef-8a9b-236b70dc6116	Tempting the Portal	7th-sea/scarlet-seas/7thSea-ScarletSeas-TemptingThePortal.jpg	default	Attachment	Scarlet Seas							C	d,s								R	crew Attachment • Porte 2 Knack Act: Discard this card and tack this crew to discard the top card of your deck. If the Boarding Attack on the discard is a Dagger, sink this crew. Otherwise, untack your Captain.	playerNDeck
03500dc5-ed6c-42aa-a8e8-19cf82256ed7	The Crow's Nest	7th-sea/scarlet-seas/7thSea-ScarletSeas-TheCrowsNest.jpg	default	Attachment	Scarlet Seas		3	In				C	d,s								U	Ship Attachment You must discard this card when you suffer Hits from a Weather card. Other players may not perform reacts which react to your ship entering their Sea.	playerNDeck
913ae91a-159d-47ba-bbcc-cd8819de8d6e	The Few, the Proud...	7th-sea/scarlet-seas/7thSea-ScarletSeas-TheFewTheProud.jpg	default	Action	Scarlet Seas							S	d,p								U	React: Play when an opponent begins a Boarding with your Ship that you do not cancel. If their Ship has a higher crew maximum, you may untack 2 of your crew.	playerNDeck
71ef9601-a54a-4fd8-a70f-3ee75f43a619	The Grey Queen's Price	7th-sea/scarlet-seas/7thSea-ScarletSeas-TheGreyQueensPrice.jpg	default	Attachment	Scarlet Seas		M+0					C	d,s								R	Captain Attachment • Unique • Oath Discard this card anytime you do not have an uncompleted Adventure in play. The completion cost of your uncompleted adventures is reduced by 2 (min. 1).	playerNDeck
0db716b6-4885-4e35-99fd-b3adb7eb95a3	The Right Place	7th-sea/scarlet-seas/7thSea-ScarletSeas-TheRightPlace.jpg	default	Attachment	Scarlet Seas							C	d,s								R	crew Attachment • Fate 2 Knack Act: Tack this crew and sink this card. Move your Ship to any Sea.	playerNDeck
4a7ac471-1e47-4fac-a484-0f6780186c82	The Third Switch	7th-sea/scarlet-seas/7thSea-ScarletSeas-TheThirdSwitch.jpg	default	Adventure	Scarlet Seas							T	c,s								C	1 Sea Away To complete: Tack 6 Adventuring (3 if completed in la Boca). When you complete this Adventure, target and discard all uncompleted adventures and all Sea attachments in this Sea.	playerNDeck
983c389d-ad9d-4140-af2b-4b6684b66d6f	Therein Lies the Tale	7th-sea/scarlet-seas/7thSea-ScarletSeas-ThereinLiesTheTale.jpg	default	Action	Scarlet Seas							S	d,p								U	React: Attach this card to yout Captain when you complete an Adventure which increases Adventuring. This Attachment gives +1 Influence.	playerNDeck
b948e1c8-da18-4418-a19a-69866d98e71a	Through the Magic Mirror	7th-sea/scarlet-seas/7thSea-ScarletSeas-ThroughTheMagicMirror.jpg	default	Adventure	Scarlet Seas							T	c,s								U	2 Seas Away To complete: Tack you Heroic Captain. Captain Attachment: +2 Swashbuckling. This crew inflicts 2 extra Hits during Boarding Attacks.	playerNDeck
72dccffb-3aa1-4065-99a0-1636ea93a4b6	Tight-Knit Crew	7th-sea/scarlet-seas/7thSea-ScarletSeas-TightKnitCrew.jpg	default	Attachment	Scarlet Seas		2	Ad				C	d,s								R	Captain Attachment • Unique While your Ship's crew maximum is less than 9, your hand size isincreased by 1.	playerNDeck
d4cede4d-97f7-4be2-9598-e78d60c1a8c2	Tools of the Trade	7th-sea/scarlet-seas/7thSea-ScarletSeas-ToolsOfTheTrade.jpg	default	Action	Scarlet Seas							S	d,p								C	React: Play when you are paying a skill cost. Discard 3 cards from your hand to produce 2 points of Cannon, Sailing, Adventuring, Influence or Swashbuckling.	playerNDeck
7f49dec8-2266-4185-ac03-54dce9b30b6a	Topaz Pendant	7th-sea/scarlet-seas/7thSea-ScarletSeas-TopazPendant.jpg	default	Attachment	Scarlet Seas		4	Ad				C	d,s								C	crew Attachment • Item React: Discard when you are paying a skill cost to produce 2 points of that skill.	playerNDeck
39434716-b86d-40c1-9c91-ec8ba5e4de32	Underwater Cave	7th-sea/scarlet-seas/7thSea-ScarletSeas-UnderwaterCave.jpg	default	Action	Scarlet Seas							S	d,p								U	React: Play when one of your crew is targeted by a card which begins a Duel. Cancel that action.	playerNDeck
312f65f4-63ef-495a-833f-00c0e069ac16	Ussuran Brawl	7th-sea/scarlet-seas/7thSea-ScarletSeas-UssuranBrawl.jpg	default	Adventure	Scarlet Seas							T	c,s								U	2 Seas Away To complete: Tack 5 Adventuring (4 if completed in the Mirror). crew Attachment: +2 Swashbuckling. This crew inflicts 2 extra Hits during Boarding Attacks.	playerNDeck
09b33691-f698-4077-8d1e-5467c06caaf1	Vestenmannavnjar Archers	7th-sea/scarlet-seas/7thSea-ScarletSeas-VestenmannavnjarArchers.jpg	default	Crew	Scarlet Seas	Vesten	3	In				P	c,t	0	0	2	0	1			C	Loyal • No attachments Act: Tack the Archers and pay your Ship's move cost to inflict a 3 Hit Cannon attack on an opposing Ship in this Sea.	playerNDeck
9bdeb591-3dd0-4473-8e36-73cbaaec135d	Vile Duel	7th-sea/scarlet-seas/7thSea-ScarletSeas-VileDuel.jpg	default	Action	Scarlet Seas							S	d,p								U	Tack one of your Villainous crew, to target a Heroic crew (except Captain) on another Ship. Play a card from your hand as a Boarding attack to begin a Duel between the two crew.	playerNDeck
a73292d4-9b2a-45ba-90d6-18ccd6efcdb0	Vodacce Pirates	7th-sea/scarlet-seas/7thSea-ScarletSeas-VodaccePirates.jpg	default	Attachment	Scarlet Seas		10	Sw				C	d,s								U	Forbidden Sea Attachment • Unique • Control You must be in Forbidden Sea to play it.Any player in this Sea may discard it by producing 12 Inf. as an action. Card effects which discard or sink Sea attachments may not target it. Act: Tack it to get and show a Control from your deck, shuffle your deck.	playerNDeck
c93fbee1-231e-456c-b549-8fc1826e1f5b	Without a Trace	7th-sea/scarlet-seas/7thSea-ScarletSeas-WithoutATrace.jpg	default	Action	Scarlet Seas		3	Ad	M+0			D	p,t								U	Target and sink an Ally with a skill cost less than 5.	playerNDeck
99d061f7-51d5-4d0d-bf25-c128706b6158	"Reis"	7th-sea/syrneth-secret/7thSea-SyrnethSecret-Reis.jpg	default	Captain	Syrneth Secret	Crimson Rogers					9			3	2	3	2	4			R	Start: The Mirror Villainous • Swordsman +2 You may not have Riant Gaucher on board. If you have 3 or more other Crimson Rogers Crew on board this Captain has the following abilities: Act: Once per turn, sink one of your Crew to give this Captain +3 Influence. Act: Once per turn, sink one of your Crimson Rogers Crew to target another Ship in this Sea. Target Ship suffers a Cannon Attack equal to the sunk Crew's Cannon skill.	playerNCaptain
6ad368ee-bb26-4d7a-9b73-a3269d3aa2d1	Aindriu McKenna	7th-sea/syrneth-secret/7thSea-SyrnethSecret-AindriuMcKenna.jpg	default	Crew	Syrneth Secret	Sea Dogs	5	In				P	c,t	2	0	0	2	3			C	*Knights of the Rose and Cross* Heroic • Gunner If you have a Topman on board this Crew has +1 Cannon. This Crew may be chosen as a Starting Crew if you have a Rose and Cross Captain. If your Ship has a crew maximum less than 9, this Crew's Influence cost is reduced by 2 when you are choosing your Starting Crew.	playerNDeck
db7cd7cd-009f-4645-b0b0-355d437a4ad5	Aldaron the Dark	7th-sea/syrneth-secret/7thSea-SyrnethSecret-AldaronTheDark.jpg	default	Crew	Syrneth Secret	Explorer's Society	6	In				P	c,t	1	0	2	0	4			C	*Die Kreuzritter* Nacht 1 • Holy • Swordsman + 1 React: When another player is about to play a Boarding Attack card to begin a Duel with one of your other Crew, you may replace the target Crew with this Crew in the Duel. You may use this ability only when this Crew is untacked, and only once per turn.	playerNDeck
6ff913c3-54e6-4f9b-9c94-d6fec19f9aa7	Alicia Soldano de Granjero	7th-sea/syrneth-secret/7thSea-SyrnethSecret-AliciaSoldanoDeGranjero.jpg	default	Crew	Syrneth Secret	Castille	5	In				P	c,t	0	3	2	0	2			C	React: Tack when entering a Boarding. This Crew may use the following ability until the end of the Boarding: React: Discard a card from your hand when you are tacking a Crew to absorb Hits to have that Crew absorb 2 extra Hits. You may only use this ability once per tacking Crew.	playerNDeck
24413e5f-c1c1-4d88-b424-08148cec83c4	Alison Fairlight	7th-sea/syrneth-secret/7thSea-SyrnethSecret-AlisonFairlight.jpg	default	Crew	Syrneth Secret	Sea Dogs	4	In				P	c,t	0	0	0	3	1			C	*Sophia's Daughters* Heroic • Scry 1 If this Crew has a number of attached Scry Knacks equal to or greater than her Influence, she may not attach further Scry Knacks.	playerNDeck
340e1c00-a5ec-48bf-b472-29649bee9fdf	Ambush From the Shadows	7th-sea/syrneth-secret/7thSea-SyrnethSecret-AmbushFromTheShadows.jpg	default	Attachment	Syrneth Secret							C	d,s								C	CREW ATTACHMENT Nacht 1 Knack React: After you inflict 4 or more Hits on another player's Ship in this Sea (but before that player begins suffering the Hits), sink this card to discard 2 random cards from that player's hand.	playerNDeck
c1843447-e7fe-4ff7-9a2c-55f8175cd2a3	Arciniega's Cordial	7th-sea/syrneth-secret/7thSea-SyrnethSecret-ArciniegasCordial.jpg	default	Attachment	Syrneth Secret							C	d,s								C	CREW ATTACHMENT Item You must have 2 or more untacked Invisible College Crew to attach this card. Act: Tack this card to activate this ability. Until the end of the turn, this Crew inflicts 4 extra Hits during Boarding Attacks. Discard this card at the end of the turn. React: Discard this card instead of performing a Boarding Attack to target one of your Crew. Until the end of the turn, that Crew gains +2 Swashbuckling.	playerNDeck
6ee80cf9-c70f-4851-bdff-e03b2eb025c0	Belinda Thackuray	7th-sea/syrneth-secret/7thSea-SyrnethSecret-BelindaThackuray.jpg	default	Crew	Syrneth Secret	unaligned	2	In				P	c,t	0	0	0	0	1			R	Unique • Glamour 1 This Crew may not attach Glamour Knacks while tacked.	playerNDeck
f4d8b524-c09b-4ee1-9c72-97a6d2b39ce1	Black Stone Veteran	7th-sea/syrneth-secret/7thSea-SyrnethSecret-BlackStoneVeteran.jpg	default	Adventure	Syrneth Secret							T	c,s								C	1 Sea Away To complete: 7 Adventuring (0 if you and another player have resolved a Duel during this turn). Crew Attachment: +1 Swashbuckling. This Crew gains the trait: Swordsman +2 (or gains +2 to their Swordsman bonus if the crew already has the Swordsman trait).	playerNDeck
37b3217f-53cd-4831-8ad6-4df1f8eccb0f	Brilliant Disguise	7th-sea/syrneth-secret/7thSea-SyrnethSecret-BrilliantDisguise.jpg	default	Attachment	Syrneth Secret							C	d,s								C	CREW ATTACHMENT Item If you attach this card to a Los Vagos Crew you may draw a card after you attach this card. React: Sink this card when you or one of your cards is being targeted with a Duel, to cancel that Duel.	playerNDeck
6c5ba493-5484-425f-8641-22118a8bfce2	Caltrops	7th-sea/syrneth-secret/7thSea-SyrnethSecret-Caltrops.jpg	default	Action	Syrneth Secret		3	Ad				D	p,t								C	React: Play before an opponent is about to play a Boarding Attack from their hand. Name either Club, Dagger, Punch, Slash, or Thrust. That Crew's controller may not play any more Boarding Attack cards that produce the named Boarding Attack until after the end of the current round. You may tack a Rilasciare Crew instead of paying this card's skill cost. You may not play this card during a Duel. You may not play this card in reaction to the first Boarding Attack played by a Crew.	playerNDeck
89d3d0f9-1bae-4d29-8c07-2a0859b7e567	Captain Flanagan	7th-sea/syrneth-secret/7thSea-SyrnethSecret-CaptainFlanagan.jpg	default	Captain	Syrneth Secret	Explorer's Society					8			3	2	4	4	4			R	Start: Frothing Sea Swordsman +2 While you have 3 or more other Explorers Crew on board, your completed Adventures that provide an Influence bonus provide 1 extra Influence and your Captain has the following ability: React: Tack one of your Ally cards in this Sea when you are paying an Adventuring cost to produce 2 Adventuring.	playerNCaptain
cffe0953-38aa-473e-915d-bba290bfea4f	Captain Upham	7th-sea/syrneth-secret/7thSea-SyrnethSecret-CaptainUpham.jpg	default	Captain	Syrneth Secret	Black Freighter					9			2	3	5	3	3			R	Start: The Mirror Villainous • Fear 1 • Swordsman +2 When you hire non-Black Freighter Crew, the Influence cost of that Crew is increased by 3 (and may not be reduced). React: After you have played a card with the Monster trait or put a card into play with the Monster or Skeletal trait, you may draw one card from your deck. You may only use this ability if you have 3 or more other non- Skeletal Black Freighter Crew on board and only once per card being played or entering play.	playerNCaptain
bf21025c-5040-49f5-b693-bc962c2c853f	Carmilla Bernoulli	7th-sea/syrneth-secret/7thSea-SyrnethSecret-CarmillaBernoulli.jpg	default	Crew	Syrneth Secret	Crimson Rogers	5	In				P	c,t	2	0	0	1	1			C	*Sophia’s Daughters*Vodacce* Scry 1 This Crew is considered to have a Face Attachment. This Crew is considered to have a Face Attachment. Heroic Crew fighting against this Crew and inflicting Hits during a Boarding Attack have the Hits they inflict reduced to 0.	playerNDeck
d4b1e194-6248-4baf-a46e-e6a00b4abd09	Choose Your Battles	7th-sea/syrneth-secret/7thSea-SyrnethSecret-ChooseYourBattles.jpg	default	Adventure	Syrneth Secret							T	c,s								C	1 Sea Away To complete: Pay 4 Adventuring (2 if you have a Rilasciare Crew on board) Crew Attachment: React: Discard this card when you are paying the Influence cost of a Rilasciare Crew to produce 3 Influence. React: Tack this card when you or one of your cards is being targeted with a Duel. The player starting the Duel must pay 3 Swashbuckling or the Duel is canceled.	playerNDeck
2b78790d-4645-4b7f-9c9c-2d3d1fe0df3e	Cristophe du Fae	7th-sea/syrneth-secret/7thSea-SyrnethSecret-CristopheDuFae.jpg	default	Crew	Syrneth Secret	Montaigne	6	In				P	c,t	1	4	2	2	4			C	*Sophia's Daughters* Scry 0 • No Attachments This Crew may not be in your starting Crew. You must have 2 or more Sophia's Daughters Crew aboard your Ship to bring this Crew into play.	playerNDeck
e937a166-871d-4faf-a652-f39c06e99e8f	Dalia and Ernesto	7th-sea/syrneth-secret/7thSea-SyrnethSecret-DaliaAndErnesto.jpg	default	Action	Syrneth Secret							S	d,p								C	Act: Tack your Captain to play this card. You may immediately hire one Crew with the Loyal trait that is not aligned to your Captain's faction. Sink this card.	playerNDeck
6fcba98c-4594-48e5-974a-1ec35dde2291	Damsel in Distress	7th-sea/syrneth-secret/7thSea-SyrnethSecret-DamselInDistress.jpg	default	Adventure	Syrneth Secret							T	c,s								C	1 Sea Away To complete: Pay 2 Adventuring (1 if completed in La Boca) Heroic Crew Attachment: React: Return this card to your hand when this Crew is producing Skill points to increase the Skill points produced by 2.	playerNDeck
da6d9df1-50b4-4822-95ff-838d2ba9fae6	Daylen's Cordial	7th-sea/syrneth-secret/7thSea-SyrnethSecret-DaylensCordial.jpg	default	Attachment	Syrneth Secret							C	d,s								C	CREW ATTACHMENT Item You must have 2 or more untacked Invisible College Crew to bring this card into play. Act: Tack this card to activate this ability. Until the end of the turn this Crew absorb additional Hits equal to their Adventuring Skill when they tack or sink to absorb Hits. Discard this card at the end of the turn.	playerNDeck
1592a722-7c07-409b-b7bc-014767b1e25a	Die Kreuzritter Acolyte	7th-sea/syrneth-secret/7thSea-SyrnethSecret-DieKreuzritterAcolyte.jpg	default	Adventure	Syrneth Secret							T	c,s								C	1 Sea Away • Henchman To Complete: Pay 6 Adventuring (4 if completed in the Trade Sea). Crew Attachment: +2 Adventuring and +1 Swashbuckling. React: Discard this card when you are paying the Influence cost to hire a Kreuzritter Crew to produce 3 Influence.	playerNDeck
7ea7d5cc-a21f-4166-ab31-f68820143d5e	Die Kreuzritter Membership	7th-sea/syrneth-secret/7thSea-SyrnethSecret-DieKreuzritterMembership.jpg	default	Attachment	Syrneth Secret		2	In				C	d,s								C	CAPTAIN ATTACHMENT Unique • Membership This Captain gains the Die Kreuzritter affiliation. React: Tack this card when you are paying an Influence cost to produce 3 Influence. You may only use this ability while you have 3 or more other Die Kreuzritter Crew on board.	playerNDeck
ab73235c-d2c4-4d0f-9097-1b7353156462	Dieter Von Glowen, Shield Man	7th-sea/syrneth-secret/7thSea-SyrnethSecret-DieterVonGlowenShieldMan.jpg	default	Crew	Syrneth Secret	Explorer's Society	5	In				P	c,t	1	0	2	1	3			C	*Die Kreuzritter*Eisen* Heroic • Swordsman +2 When this Crew tacks or sinks to absorb Hits, he absorbs one extra Hit. React: Tack and sink this Crew when you are suffering Hits during a boarding, to reduce the Hits suffered to 0.	playerNDeck
91cce019-d06f-4995-948c-8f615b48d352	Dietrich Sword	7th-sea/syrneth-secret/7thSea-SyrnethSecret-DietrichSword.jpg	default	Attachment	Syrneth Secret		7	Ad				C	d,s								C	HEROIC CREW ATTACHMENT Item The cost of this card is reduced by 3 if being attached to a Rose and Cross Crew (minimum 0). React: Tack when this Crew inflicts hits with a Boarding Attack to target a non-Captain Crew on the opposing Ship. This Crew inflicts additional Hits equal to the printed Swashbuckling of the target Crew.	playerNDeck
d25f22e0-577c-4c10-8d1a-cf24503e7d44	Dimitri “the Bear” Romanovski	7th-sea/syrneth-secret/7thSea-SyrnethSecret-DimitriTheBearRomanovski.jpg	default	Crew	Syrneth Secret	Brotherhood	8	In				P	c,t	3	2	3	1	4			F	*Rilascarie*Ussura* Villainous • Unique • Pyeryem 1 • Unique If this Crew inflicts Hits During a Duel, he inflicts 4 extra Hits. React: When this Crew is tacking to absorb hits you may tack any number of Pyeryem knacks attached to this Crew to have this Crew absorb an additional amount of Hits equal to double the number of Pyeryem Knacks tacked.	playerNDeck
3b7dc825-4970-4d77-853d-93e7fa2853a1	Diving Apparatus	7th-sea/syrneth-secret/7thSea-SyrnethSecret-DivingApparatus.jpg	default	Attachment	Syrneth Secret		6	In				C	d,s								C	CREW ATTACHMENT Item +2 Adventuring. Act: Tack this card to target an Item or Artifact Adventure in this Sea. The Adventuring cost of that Adventure is reduced by 3 (minimum 0) until the end of the turn. React: Tack this card after one of your Attachments has been sunk by another player's card effect to return that card to your hand.	playerNDeck
08710b6d-06cf-4566-9dd8-12a84f1e2e02	Don Julio del Bejarano de Castillo	7th-sea/syrneth-secret/7thSea-SyrnethSecret-DonJulioDelBejaranoDeCastillo.jpg	default	Attachment	Syrneth Secret		7	Ad				C	d,s								C	LA BOCA ATTACHMENT Unique • Patron Any player in this Sea may tack and discard a Holy Crew as an action to discard this card. React: Tack after a Holy Crew in this or an adjacent Sea tacks to produce skill points to reduce the skill points produced to 0. React: Discard one of your non-Captain Rose and Cross Crew when you are suffering Hits in this or an adjacent Sea to reduce the Hits to 0.	playerNDeck
4e109213-7e7e-4e51-861b-2193754f7987	Dona Arantxa Grijalva	7th-sea/syrneth-secret/7thSea-SyrnethSecret-DonaArantxaGrijalva.jpg	default	Crew	Syrneth Secret	Explorer's Society	4	In				P	c,t	0	2	1	1	3			C	*Los Vagos* Holy React: Once per turn, you may discard 2 cards from your hand when suffering Hits to reduce the Hits suffered by 3 (minimum 0). You may only use this ability if this Crew is untacked and you are suffering 4 or more Hits.	playerNDeck
9511ce48-775f-4b3a-8d4e-ab65209f550a	Dona Lucia del Torres	7th-sea/syrneth-secret/7thSea-SyrnethSecret-DonaLuciaDelTorres.jpg	default	Crew	Syrneth Secret	Brotherhood	4	In				P	c,t	1	2	0	0	3			C	*Los Vagos* Heroic • Swordsman+1 If any other Ship in this Sea has one or more Castillian or Montaigne Crew on board, this Crew has +2 to all of her skills.	playerNDeck
886515fd-0c13-42c7-944b-c29eec43eab4	Down with l'Empereur!	7th-sea/syrneth-secret/7thSea-SyrnethSecret-DownWithLEmpereur.jpg	default	Adventure	Syrneth Secret							T	c,s								R	2 Seas Away • Oath • Unique To complete: Pay 6 Adventuring (4 if in Frothing Sea or if you have a Rilasciare Crew on board) Crew Attachment: +1 Swashbuckling. Act: Tack this card to target and sink a Patron or Letter of Marque card in this Sea. Act: Tack and sink this card to target and sink any non-Control Sea Attachment in this Sea.	playerNDeck
4ddaddee-17cd-4075-ad95-ab099392ef20	Dryope Vestini	7th-sea/syrneth-secret/7thSea-SyrnethSecret-DryopeVestini.jpg	default	Crew	Syrneth Secret	unaligned	2	In				P	c,t	0	0	0	0	1			R	Unique • Fate 1 This Crew may not attach Fate Knacks while tacked.	playerNDeck
f1191c3c-5637-4689-a279-e501ca287d5b	Dust of Irritation	7th-sea/syrneth-secret/7thSea-SyrnethSecret-DustOfIrritation.jpg	default	Attachment	Syrneth Secret							C	d,s								C	CREW ATTACHMENT Scry 1 Knack • Item Act: Tack this card to target a Crew in this Sea and draw a card. Until the end of the turn, when target Crew tacks to produce Skill points they produce 3 fewer points of the skill (minimum 0). Discard this card at the end of the turn.	playerNDeck
d26d6e43-a311-474a-9a11-eccd95cdf311	Dust of Petrification	7th-sea/syrneth-secret/7thSea-SyrnethSecret-DustOfPetrification.jpg	default	Attachment	Syrneth Secret							C	d,s								C	CREW ATTACHMENT Scry 1 Knack • Item Act: Tack this card to target a Crew in this Sea and draw a card. Until the end of the turn, target Crew absorbs 3 extra Hits when tacking to absorb Hits. Discard this card at the end of the turn.	playerNDeck
0961142b-006d-4fcd-a72f-95e97dbdbb3b	EJ Tojo	7th-sea/syrneth-secret/7thSea-SyrnethSecret-EJTojo.jpg	default	Crew	Syrneth Secret	Corsairs	4	In				P	c,t	0	0	2	1	3			C	*Los Vagos* Captive • Heroic • Swordsman +2 This Crew may not be pushed forward to fight in a Boarding Attack if your Captain is Villainous.	playerNDeck
29991276-b47a-4a41-8246-2dc3c6e5a1d7	El Esoque Occulto	7th-sea/syrneth-secret/7thSea-SyrnethSecret-ElEsoqueOcculto.jpg	default	Action	Syrneth Secret							D	p,t								C	React: Play after you have inflicted 4 or more hits with a Los Vagos Crew during a Boarding. After all of the hits are absorbed, the Los Vagos Crew inflicts an additional 2 Hits. You may not play another version of this card for this effect during this Boarding Attack. React: Play this card as a normal Boarding Attack. This Crew inflicts 2 extra Hits with this Boarding Attack. If you play the final card in the Boarding Attack and inflict Hits you may return this card to your hand after all of the hits have been suffered.	playerNDeck
ac004a2b-1a4c-41b7-b671-0a4905206ddd	El Punal Occulto School	7th-sea/syrneth-secret/7thSea-SyrnethSecret-ElPunalOccultoSchool.jpg	default	Attachment	Syrneth Secret		5	In				C	d,s								C	CREW ATTACHMENT Swordsman Knack The cost of this Attachment is reduced by 3 if being attached to a Los Vagos Crew. Your Boarding Attacks that end with a Dagger inflict 2 extra Hits. React: Tack this card when this Crew plays a Dagger Boarding Attack; you may change that attack to a Thrust or Club.	playerNDeck
cd4e3987-5a10-431b-8f0b-909f4ae65280	Encoding Device	7th-sea/syrneth-secret/7thSea-SyrnethSecret-EncodingDevice.jpg	default	Attachment	Syrneth Secret		8	Ad				C	d,s								C	CREW ATTACHMENT The cost of this card is reduced by 3 if being attached to an Invisible College Crew. React: After you have taken an action, discard 3 cards from your hand and tack this card to take an additional action.	playerNDeck
11532a96-8a1a-4a20-8cd6-6537f39ade72	Endings and Beginnings	7th-sea/syrneth-secret/7thSea-SyrnethSecret-EndingsAndBeginnings.jpg	default	Action	Syrneth Secret				4	Ad		S	d,p								C	You may only play this card if you have a Heroic Captain. Any player may pay the Cancel cost of this card. React: Play this card immediately after the beginning of the Actions Phase. All players discard their hands and draw 7 cards from their decks. Sink this Card.	playerNDeck
8820f744-ea2f-45cb-9ad4-5119373e3f1b	Erik the Bold	7th-sea/syrneth-secret/7thSea-SyrnethSecret-ErikTheBold.jpg	default	Crew	Syrneth Secret	Brotherhood	6	In				P	c,t	1	4	2	0	3			C	Loyal • Topman React: Play when you have just completed an Adventure for which you paid the reduced cost. If this Crew tacked to produce Adventuring for that reduced cost, you may untack him.	playerNDeck
b47cb037-6630-4399-84b6-745d5eabfaf6	Evangeline Rois et Reines du Rogne	7th-sea/syrneth-secret/7thSea-SyrnethSecret-EvangelineRoisEtReinesDuRogne.jpg	default	Attachment	Syrneth Secret		4	Ad				C	d,s								C	SEA ATTACHMENT Unique • Patron Ports you are attaching to this Sea have their skill costs reduced by 2. Your Rose and Cross Crew with an Influence cost greater than 3, have +1 Influence while this card is in play.	playerNDeck
e742d111-3ec3-48b9-8a57-f5fcdc4829e6	Expeditous Retreat	7th-sea/syrneth-secret/7thSea-SyrnethSecret-ExpeditousRetreat.jpg	default	Action	Syrneth Secret							D	p,t								C	React: Play this card to reverse a Club, Slash, or Dagger Boarding Attack. This Boarding Attack is considered resolved, with neither Crew inflicting Hits. Tack both Crew involved in the Boarding Attack. React: When a Ship moves into your Sea using its”Free Move” ability, move your Ship to an adjacent Sea. The cost of this card is raised by your Ship's Move Cost for this ability unless you have a Los Vagos Captain.	playerNDeck
c409efc0-ee64-49d0-8195-98f3c1727cb3	Fateful Duel	7th-sea/syrneth-secret/7thSea-SyrnethSecret-FatefulDuel.jpg	default	Action	Syrneth Secret							S	d,p								C	Unique • Control React: Play after you have played the final Boarding Attack during a Duel where both you and the opposing player had Ships in this Sea. Attach this card to this Sea. Sink this card at the beginning of the next turn.	playerNDeck
c987ec86-057d-4455-9699-a18e082f7cf2	Feathertuft	7th-sea/syrneth-secret/7thSea-SyrnethSecret-Feathertuft.jpg	default	Crew	Syrneth Secret	unaligned	2	In				P	c,t	0	0	0	0	1			R	Unique • Pyeryem 1 This Crew may not attach Pyeryem Knacks while tacked.	playerNDeck
023f029d-97ff-4888-9886-7619a0115a16	Felix Guy-Daniel	7th-sea/syrneth-secret/7thSea-SyrnethSecret-FelixGuyDaniel.jpg	default	Crew	Syrneth Secret	Montaigne	6	In				P	c,t	0	0	2	3	2			R	Unique • Porte 1 React: Once per turn, when this Crew is inflicting Hits with a Boarding Attack, you may sink one of your other Crew to have this Crew inflict 3 extra Hits. React: After you have attached a Porte Knack to this Crew, you may immediately take another action to attach another Porte Knack to this Crew. You may perform this ability any number of times per turn.	playerNDeck
736e8754-5379-4789-b9b3-7b2085898894	Flee Your Enemies	7th-sea/syrneth-secret/7thSea-SyrnethSecret-FleeYourEnemies.jpg	default	Action	Syrneth Secret		M+0					D	p,t								C	React: Play after you have absorbed all of the Hits inflicted by an opponent's Cannon Attack. Move your Ship up to two seas towards the Mirror or the Trade Sea (moving through each Sea one at a Time).	playerNDeck
aa1df437-4a05-480f-80ed-db311e8806dc	Freeing Felipe	7th-sea/syrneth-secret/7thSea-SyrnethSecret-FreeingFelipe.jpg	default	Adventure	Syrneth Secret							T	c,s								R	Unique • 3 Sea Away To complete: Pay 3 points of each skill (this Adventure may not be completed in any way other than paying the skill costs). Captain Attachment: You need to Control only any four Seas at the end of the turn to win the game.	playerNDeck
79fdf5ba-1018-44b1-b063-b7d161220168	Fugitives	7th-sea/syrneth-secret/7thSea-SyrnethSecret-Fugitives.jpg	default	Action	Syrneth Secret		3	In	4	In		S	d,p								C	Act: Target and sink a Membership card in play. Act: Target another player's unaligned Ship. Move that Ship one Sea away from your Ship. Act: Target Faction-aligned crew is considered to have no factional alignment and is considered Unaligned until the end of the turn.	playerNDeck
37bbbf7f-ba2b-4b17-9f58-4018bee81fb3	Garrotte	7th-sea/syrneth-secret/7thSea-SyrnethSecret-Garrotte.jpg	default	Attachment	Syrneth Secret		5	In				C	d,s								C	CREW ATTACHMENT Item The cost of this card is reduced by 3 if being attached to a Rilasciare Crew (minimum 0). Act: Tack this card to target and sink a Henchman card in this sea. Act: Tack the attached Crew and sink this card to target a Crew in this Sea with an Influence cost of less than 3. Discard the target Crew.	playerNDeck
8ff68a53-8b51-4b27-b7a9-e69b70edcf4e	Gentlemen's Club	7th-sea/syrneth-secret/7thSea-SyrnethSecret-GentlemensClub.jpg	default	Chantey	Syrneth Secret		3	In				T	c,s								C	All Captains have the following ability: Act: Tack a Crew with one or more Memberships to tack all non-Captain Crew in this Sea with one or more of the same Memberships.	playerNDeck
f15b4bb9-84fe-4579-977d-e224c9ba8dbe	Graham MacLennan	7th-sea/syrneth-secret/7thSea-SyrnethSecret-GrahamMacLennan.jpg	default	Crew	Syrneth Secret	Sea Dogs	4	In				P	c,t	0	4	0	0	2			C	*Knights of the Rose and Cross* Loyal • Swordsman +2 If you have a Gunner and a Topman Crew on board, this Crew has +1 Swashbuckling. React: When one of your other Crew is being sunk, discard 2 cards from your hand to have that Crew discarded instead. You may only use this ability while this Crew is untacked.	playerNDeck
4d4bc261-f3a8-4059-b729-57c72a4c6813	Guerilla Tactics	7th-sea/syrneth-secret/7thSea-SyrnethSecret-GuerillaTactics.jpg	default	Action	Syrneth Secret		3	Ad				D	p,t								C	The cost of this card is reduced to 0 if you have 3 or more Rilasciare Crew on board. Act: Target and sink a Chantey in play. Act: Target a player with 6 or more cards in their hand. Target player's Ship suffers 1 Hit. Act: Target a Chantey in play and the player that owns that Chantey. That player's Ship suffers 1 Hit.	playerNDeck
a11fb35b-6b1d-46c6-b394-248c55e29c6f	Halverd Solness	7th-sea/syrneth-secret/7thSea-SyrnethSecret-HalverdSolness.jpg	default	Crew	Syrneth Secret	unaligned	2	In				P	c,t	0	0	0	0	1			R	Unique • Laerdom 1 This Crew may not attach Laerdom Knacks while tacked.	playerNDeck
a539e82c-c65d-45c3-ae6d-d46114cfae1c	Herrmann Stumpf	7th-sea/syrneth-secret/7thSea-SyrnethSecret-HerrmannStumpf.jpg	default	Crew	Syrneth Secret	Montaigne	8	In				P	c,t	2	4	3	4	3			F	*Die Kreuzritter*Eisen* Unique • First Mate • Nacht 1 All of your other Kreuzritter Crew have +1 Influence and inflict 1 extra Hit during Boarding Attacks while this Crew is in play. Act: Once per turn, target a Villainous non-Captain Crew in this Sea. Push one of your other Kreuzritter Crew forward (tacked or untacked) and play a Boarding Attack from your hand to begin a Duel between your Crew and the target Crew.	playerNDeck
4b632b36-5a9a-4243-abd9-b35bed21f6c1	Hidden Compartment	7th-sea/syrneth-secret/7thSea-SyrnethSecret-HiddenCompartment.jpg	default	Attachment	Syrneth Secret		3	Ad				C	d,s								C	SHIP ATTACHMENT React: Tack this card when you are producing Adventuring for an Illegal Adventure to produce 4 Adventuring. React: Tack this card before you perform an action to discard a non-Captain Crew on board your Ship.	playerNDeck
c4747678-34a0-4b2d-bc72-175dbe0fb4d2	Hildegunn	7th-sea/syrneth-secret/7thSea-SyrnethSecret-Hildegunn.jpg	default	Crew	Syrneth Secret	Vesten	6	In				P	c,t	0	2	3	2	4			C	Heroic • Swordsman +2 While you have at least one Crew with the title”Valkyries” on board your Ship, each of your Valkyries gains +1 Swashbuckling.	playerNDeck
4a454665-0a28-4626-91c1-1929339b98a4	In the Nick of Time	7th-sea/syrneth-secret/7thSea-SyrnethSecret-InTheNickOfTime.jpg	default	Action	Syrneth Secret							S	d,p								C	React: Play when another player begins a Boarding with your Ship that is not canceled. The Boarding ends after three rounds. React: Play when another player is targeting your Ship with a Cannon Attack that is inflicting 6 or more Hits. That Cannon Attack is canceled. That player may cancel this effect by producing 3 Cannon.	playerNDeck
6b730aa5-5f8e-49fe-8a3f-d8e7b97c2fc3	Inga Danziger	7th-sea/syrneth-secret/7thSea-SyrnethSecret-IngaDanziger.jpg	default	Crew	Syrneth Secret	Montaigne	4	In				P	c,t	0	4	0	0	1			C	*Die Kreuzritter*Eisen* Nacht 1 This Crew has +1 Adventuring for each Nacht Knack attached.	playerNDeck
9c34fdea-9fd1-4c25-b647-3b973909e023	Ingeborg Davinsson	7th-sea/syrneth-secret/7thSea-SyrnethSecret-IngeborgDavinsson.jpg	default	Crew	Syrneth Secret	Vesten	5	In				P	c,t	0	2	3	0	3			R	Laerdom 0 • Swordsman +1 If your Captain is Heroic, this Crew has the Heroic trait. If your Captain is Villainous, this Crew has the Villainous trait. React: Once per turn when you are inflicting Hits with this Crew during a Duel, you may target and tack a Crew on the opposing Crew's ship with a Swashbuckling less than 3.	playerNDeck
bc06d10d-594a-4ae2-ae60-b8198fa482f8	Inquisitor Figueroa	7th-sea/syrneth-secret/7thSea-SyrnethSecret-InquisitorFigueroa.jpg	default	Captain	Syrneth Secret	Castille					8			1	3	2	4	3			R	Start: Forbidden Sea Villainous • Holy • Swordsman +2 While you have 4 or more other Castillian Crew on board you may use the following abilities: React: Once per turn, tack one of your Holy Crew when another player in this Sea plays an Action card as an action. That player must tack or sink one of their Crew or the action is canceled. Act: Once per turn, target Crew gains the Villainous trait until the end of the turn.	playerNCaptain
10da74c8-dcb1-4a77-a123-077485695a74	Into the Shadows	7th-sea/syrneth-secret/7thSea-SyrnethSecret-IntoTheShadows.jpg	default	Attachment	Syrneth Secret		1	Sw				C	d,s								C	CREW ATTACHMENT Nacht 1 Knack Act: Return this card and this Crew to your hand (you may not use this ability on your Captain). React: Tack this card after this Crew tacks to absorb Hits from a Boarding Attack to reduce the remainder of the Hits to zero. Use this ability only when absorbing hits from a Boarding Attack (or Duel) in which this Crew fought.	playerNDeck
d5934fd9-63e6-4071-964b-fe610d5767b1	Invisible College Membership	7th-sea/syrneth-secret/7thSea-SyrnethSecret-InvisibleCollegeMembership.jpg	default	Attachment	Syrneth Secret		2	In				C	d,s								R	CAPTAIN ATTACHMENT Unique • Membership This Captain gains the Invisible College affiliation. While you have 3 or more other Invisible College Crew on board your hand size is increased By 2.	playerNDeck
76472014-3c2c-48bd-9a43-8ec811436b8c	Joaquin Orduno	7th-sea/syrneth-secret/7thSea-SyrnethSecret-JoaquinOrduno.jpg	default	Captain	Syrneth Secret	Brotherhood					9			2	2	5	3	4			F	*Los Vagos* Start: La Boca Swordsman +3 React: When you are paying an Influence cost you may tack one of your completed Adventures to produce 1 Influence. You may only use this ability if you have 3 or more other Brotherhood Crew on board.	playerNCaptain
46f6d458-90a7-41fc-8c2c-044fe23b5fb9	Jorund's Warning	7th-sea/syrneth-secret/7thSea-SyrnethSecret-JorundsWarning.jpg	default	Chantey	Syrneth Secret		3	In	4	Ad		C	d,s								C	All Captains have the following ability: Act: Tack one of your completed Adventures and a Port in this Sea to untack one of your non-Captain Crew.	playerNDeck
1f8cdacd-8f3a-4486-af85-74677cb4b704	Karolan's Drum	7th-sea/syrneth-secret/7thSea-SyrnethSecret-KarolansDrum.jpg	default	Attachment	Syrneth Secret		5	In				C	d,s								R	CREW ATTACHMENT Unique • Artifact The cost of this card is reduced by 3 if being attached to a Sophia's Daughter Crew (minimum 0). React: Tack this card after another player's Crew has been untacked during the Actions Phase to untack any one of your Crew.	playerNDeck
8b2de292-08df-456f-9cc9-b493a1bf7232	Kheired-Din, the Reborn	7th-sea/syrneth-secret/7thSea-SyrnethSecret-KheiredDinTheReborn.jpg	default	Captain	Syrneth Secret	Corsairs					8			3	3	3	2	5			R	Start: Forbidden Sea Villainous • Holy • Swordsman +2 While you have 4 or more other Corsair Crew on board you may use the following abilities: React: Once per turn, sink one of your Corsair Crew to untack this Captain. React: Once per turn, instead of performing a Boarding Attack, tack and sink one of your Corsair Crew to untack this Captain.	playerNCaptain
317b7445-7366-42c7-9f1a-9d8b097358b0	Kristin Abjornsdottir	7th-sea/syrneth-secret/7thSea-SyrnethSecret-KristinAbjornsdottir.jpg	default	Crew	Syrneth Secret	Vesten	5	In				P	c,t	0	0	3	2	2			C	*Sophia's Daughters* Heroic • Laerdom 1 For each additional point of Laerdom that this Crew has beyond 1, she gains +1 Adventuring and +1 Influence.	playerNDeck
0a55d42a-a5d8-4459-b4db-ba600e4fee5e	La Venganza	7th-sea/syrneth-secret/7thSea-SyrnethSecret-LaVenganza.jpg	default	Ship	Syrneth Secret	unaligned													7	2	F	Crew Maximum: 7 React: When you are attaching a Ship Attachment to this Ship discard a card from your hand to reduce the skill cost by 3 (minimum 0). You may only use this ability if your Captain and this Ship are untacked. React: Tack before performing an action, to move to an adjacent Sea.	playerNShip
cd1dbd8d-c288-4606-b742-50fef13c5926	Lakov	7th-sea/syrneth-secret/7thSea-SyrnethSecret-Lakov.jpg	default	Crew	Syrneth Secret	Black Freighter	5	In				P	c,t	0	0	2	2	3			R	*Die Kreuzritter* Heroic • Holy • Swordsman +1 Act: Tack this Crew to activate this ability. Until the end of the turn, Sorcery Knacks in the same Sea as this Crew that Inflict, increase, reduce, or absorb Hits may not be used while in the same Sea as this Crew.	playerNDeck
fd8c89c9-87cb-45a9-a3e1-1bd6e42c4b45	Lazare Tourville	7th-sea/syrneth-secret/7thSea-SyrnethSecret-LazareTourville.jpg	default	Crew	Syrneth Secret	unaligned	2	In				P	c,t	0	0	0	0	1			R	Unique • Porte 1 This Crew may not attach Porte Knacks while tacked.	playerNDeck
bf23db29-ef65-43f3-ba5c-784ab7b2e549	Leaping From Rooftops	7th-sea/syrneth-secret/7thSea-SyrnethSecret-LeapingFromRooftops.jpg	default	Action	Syrneth Secret		4	Ad				D	p,t								C	Act: Move your Ship to an adjacent Sea. You may immediately perform an action that completes an Adventure in that Sea. The cost of this card is reduced by the number of Los Vagos Crew you have on board (minimum 0). Act: Target an Adventure in an adjacent Sea with only an Adventuring cost. Tack any number of Los Vagos Crew to produce Adventuring to complete the target Adventure (the Adventure is considered to be completed in the Sea in which it was placed).	playerNDeck
e7d8e923-20a0-4291-b436-4f45dab1b1e4	Listing Peter	7th-sea/syrneth-secret/7thSea-SyrnethSecret-ListingPeter.jpg	default	Crew	Syrneth Secret	Black Freighter	4	In				P	c,t	0	1	0	0	3			C	Unique • Loyal • Skeletal Villainous • No Attachments This Crew does not count against your crew maximum. React: Tack this Crew when you are playing a Damage Attachment to absorb Hits. That Damage Attachment absorbs 3 extra Hits.	playerNDeck
cb67377c-828c-457d-a3b7-d748eb5ad7b0	Longcoat Lucy	7th-sea/syrneth-secret/7thSea-SyrnethSecret-LongcoatLucy.jpg	default	Crew	Syrneth Secret	unaligned	6	In				P	c,t	0	2	2	2	3			C	*Die Kreuzritter* Swordsman +1 This Crew has +1 to her Swordsman trait for each Swordsman Knack she has attached. Act: Tack this Crew to target a non-Captain sorcerer on another Ship in this Sea. Inflict a number of Hits on that sorcerer's ship equal to this Crew's Swashbuckling skill plus Swordsman trait.	playerNDeck
a8f1654a-b8c1-4474-9da4-444a5071ba14	Los Vagos Henchman	7th-sea/syrneth-secret/7thSea-SyrnethSecret-LosVagosHenchman.jpg	default	Attachment	Syrneth Secret		4	Sw				C	d,s								C	CREW ATTACHMENT Henchman This Crew inflicts 2 extra Hits during Boarding Attacks. React: Tack when you are producing Swashbuckling (for a cost other than suffering Hits) to produce 3 Swashbuckling. This ability may only be used if this card is attached to a Los Vagos Crew.	playerNDeck
9e427149-86af-43c7-8930-c17dd80c36e1	Los Vagos Membership	7th-sea/syrneth-secret/7thSea-SyrnethSecret-LosVagosMembership.jpg	default	Attachment	Syrneth Secret		2	In				C	d,s								F	CAPTAIN ATTACHMENT Unique • Membership This Captain gains the Los Vagos affiliation. While you have 3 or more other Los Vagos Crew on board this Captain has the following ability: Act: Tack one of your Los Vagos Crew and target a non-Heroic, non-Captain Crew in this Sea. Play a Boarding Attack from your hand to begin a Duel between the Los Vagos Crew and the target Crew. If the target Crew is sunk the target is returned to their player's hand.	playerNDeck
106a97fa-f518-4454-aeb7-41af3f6eeabf	MacEachern Blade	7th-sea/syrneth-secret/7thSea-SyrnethSecret-MacEachernBlade.jpg	default	Adventure	Syrneth Secret							T	c,s								R	1 Sea Away • Unique • Artifact To complete: Pay 6 Adventuring (3 if you have a Brotherhood Captain). Crew Attachment: +1 Swashbuckling. This Crew has an additional +3 Swashbuckling while there is a Sorcerer with 1 or more Sorcery Knacks on another Ship in this Sea. Act: Tack to sink a Monster card in this Sea. React: Tack when a Monster Action card is being played to cancel that action.	playerNDeck
0fc17da5-70e4-4d14-8a6c-91707ba84846	Mad Darius McIntrick	7th-sea/syrneth-secret/7thSea-SyrnethSecret-MadDariusMcIntrick.jpg	default	Crew	Syrneth Secret	Crimson Rogers	4	In				P	c,t	0	2	2	1	1			C	*Invisible College* Villainous You may not hire or put this Crew into play if you have an Explorers Captain. When this Crew tacks to produce Adventuring to complete an Artifact Adventure, he produces 2 extra Adventuring.	playerNDeck
884eb426-7f7b-4e0c-9f69-d922b5174240	Magebane Cordial	7th-sea/syrneth-secret/7thSea-SyrnethSecret-MagebaneCordial.jpg	default	Attachment	Syrneth Secret							C	d,s								C	CREW ATTACHMENT Item You must have 2 or more untacked Invisible College Crew to bring this card into play. Act: Discard this card. Until the end of the turn players may not use Actions and Reactions printed on Sorcery Knacks and Sorcerers.	playerNDeck
6528858d-9163-4377-9553-8903dfb6b18a	Maria Aloise	7th-sea/syrneth-secret/7thSea-SyrnethSecret-MariaAloise.jpg	default	Captain	Syrneth Secret	unaligned					8			0	2	4	4	2			F	*Rilascarie*Vodacce* Start: Frothing Sea Fate 1 • Swordsman +1 While you have 4 or more unaligned Crew with an Influence cost of 3 or more this Captain's Fate is increased by 1 and you may use the following ability: Act: Tack this Captain to draw 4 cards from your deck. You may only use this ability once per turn and only if you have no cards in your hand.	playerNCaptain
63e7972a-2ee0-4f10-aa67-d49ba0124567	Maria-Soledad Rivera y Aldana	7th-sea/syrneth-secret/7thSea-SyrnethSecret-MariaSoledadRiveraYAldana.jpg	default	Crew	Syrneth Secret	Castille	6	In				P	c,t	0	0	1	2	4			R	*Los Vagos*Sophia's Daughters* Unique • Heroic • Swordsman +3 You may attach any number of Swordsman Knacks to this Crew. React: When another player is about to play a Boarding Attack card to begin a Duel with one of your crew, tack this Crew to cancel the Duel and inflict 2 Hits on that player's Ship.	playerNDeck
3b67a9e3-a87a-4f65-a298-230474faf6b9	Matushka's Gate	7th-sea/syrneth-secret/7thSea-SyrnethSecret-MatushkasGate.jpg	default	Chantey	Syrneth Secret		3	Ad				P	c,t								C	Any player may sink this Chantey as an action by paying 5 Adventuring while in the Mirror. Players suffering Hits in The Mirror may not tack to absorb Hits.	playerNDeck
64da3e1a-850a-4233-a84c-ff5cd772773d	Meraldo Avalos	7th-sea/syrneth-secret/7thSea-SyrnethSecret-MeraldoAvalos.jpg	default	Crew	Syrneth Secret	Castille	4	In				P	c,t	0	4	0	0	2			C	*Knights of the Rose and Cross* Topman • Swordsman+2 Act: One per turn, target one of your uncompleted Adventures in play. Move your ship one Sea towards the sea containing the target Adventure. You may only use this ability if you have Felipe Jose de Granjero on board.	playerNDeck
4fda992e-6c5b-4753-86bb-00c8e9204734	Miles Valroux du Martise	7th-sea/syrneth-secret/7thSea-SyrnethSecret-MilesValrouxDuMartise.jpg	default	Attachment	Syrneth Secret		5	Ad				C	d,s								C	SEA ATTACHMENT Unique • Patron React: Tack this card and discard any one of your cards on board your Ship when you are tacking a Rose and Cross Crew to produce Influence to increase the Influence produced by 4. React: Sink this card when one of your Rose and Cross Crew is being sunk. Return that Crew to your Hand.	playerNDeck
7e127511-b3b4-4cfc-927c-d486a614c87d	Mortis Swordsman School	7th-sea/syrneth-secret/7thSea-SyrnethSecret-MortisSwordsmanSchool.jpg	default	Attachment	Syrneth Secret		5	In				C	d,s								R	CREW ATTACHMENT Swordsman Knack The cost of this Attachment is reduced by 3 if being attached to a Kreuzritter Crew. Act: Tack this Crew to target another player's non-Captain Crew in this Sea which either has the Villainous trait or is a Sorcerer. Pay 3 Influence and play a Boarding Attack from your hand to begin a Duel between the target Crew and this Crew.	playerNDeck
b0a06279-7be1-46e2-af30-ced1302abe2f	Multiple Barrel Artillery Piece	7th-sea/syrneth-secret/7thSea-SyrnethSecret-MultipleBarrelArtilleryPiece.jpg	default	Attachment	Syrneth Secret		8	In				C	d,s								C	CREW ATTACHMENT Item • Unique The cost of this card is reduced by 3 if you have 1 or more Invisible College Crew in play. +2 Cannon. React: Tack or discard this card after this Crew has inflicted Hits with a Cannon Attack and all of those hits have been absorbed to Inflict 2 Hits to the same target of Cannon Attack.	playerNDeck
ccb15e21-a7ce-4045-b991-2f1c68905b13	Necare Swordsman School	7th-sea/syrneth-secret/7thSea-SyrnethSecret-NecareSwordsmanSchool.jpg	default	Attachment	Syrneth Secret		5	In				C	d,s								R	CREW ATTACHMENT Swordsman Knack The cost of this Attachment is reduced by 3 if being attached to a Sophia's Daughters Crew. React: Tack this card when this Crew is pushed forward to begin a Boarding Attack (not a Duel) to target a non- Captain Crew on the other Ship in the Boarding. The target must be pushed forward to fight this Crew (even if tacked). If your Boarding Attack is not reversed, the Crew must tack and sink to absorb Hits before any other Crew may absorb Hits.	playerNDeck
41064a8c-8ba5-4acf-ba2e-ddbd1a47ec02	Nightblade	7th-sea/syrneth-secret/7thSea-SyrnethSecret-Nightblade.jpg	default	Action	Syrneth Secret		3	Ad				S	d,p								C	React: Play when you are pushing this Crew forward for a Boarding Attack. Attach this card to that Crew as a Hand Attachment. This Crew inflicts 2 extra Hits during Boarding Attacks and gains +1 Adventuring. The cost of this card is reduced to 0 if you attach this card to a Kreuzritter Crew. A Crew may not have more than 1 Hand Attachment.	playerNDeck
ab31be56-f9dd-4a6d-b88c-3aaa6e627a7b	Noam	7th-sea/syrneth-secret/7thSea-SyrnethSecret-Noam.jpg	default	Crew	Syrneth Secret	Brotherhood	6	In				P	c,t	2	2	1	1	3			C	*Rilascarie* When hiring this Crew from your hand, if there is at least one other Captain in this Sea with a greater Influence than your Captain, this Crew's Influence cost is reduced by 3.	playerNDeck
b8782c0a-93c5-454c-b543-6928edde5790	Oil of Sloth	7th-sea/syrneth-secret/7thSea-SyrnethSecret-OilOfSloth.jpg	default	Attachment	Syrneth Secret							C	d,s								C	CREW ATTACHMENT Scry 1 Knack • Item Act: Tack this card to target a non-Captain Crew in this Sea and draw a card. Target Crew may not be pushed forward to fight in a Boarding Attack or begin a Boarding Attack without a card effect until the end of the turn. Discard this card at the end of the turn.	playerNDeck
f8b03d67-85a0-4bd6-830c-1bef95e646f2	Paul Norton	7th-sea/syrneth-secret/7thSea-SyrnethSecret-PaulNorton.jpg	default	Crew	Syrneth Secret	Brotherhood / Sea Dogs	4	In				P	c,t	0	1	1	0	2			C	*Rilascarie* Heroic • Loyal • Unique Act: Once per turn, tack any number of your completed Adventures and name a skill. Until the end of turn, this Crew gains +1 to the named skill for each Adventure you Tacked.	playerNDeck
5b010c6a-58b2-407b-8803-09ad412741af	Pedro Alameda	7th-sea/syrneth-secret/7thSea-SyrnethSecret-PedroAlameda.jpg	default	Crew	Syrneth Secret	unaligned	6	In				P	c,t	1	4	2	0	3			C	*Los Vagos* Heroic • Topman The skill cost of your Action cards titled: ”Sharp Shooter” or ”Sniper” are reduced to 0, while this Crew is untacked during a Boarding.	playerNDeck
6327cafd-7c2c-47a4-8b84-77c3a5631b4d	Petrigal's Cordial	7th-sea/syrneth-secret/7thSea-SyrnethSecret-PetrigalsCordial.jpg	default	Attachment	Syrneth Secret							C	d,s								C	CREW ATTACHMENT Item You must have 2 or more untacked Invisible College Crew to bring this card into play. React: Sink this card instead of performing a Boarding Attack to inflict 2 Hits on the other Ship in the Boarding. React: Discard this card instead of performing a Boarding Attack to target a Crew on the other Ship in the Boarding. That Crew's Swashbuckling is reduced by 2 until the end of the Boarding (minimum 1).	playerNDeck
405c375f-da45-4665-8b14-9e13d05fcd3d	Philter of Champions	7th-sea/syrneth-secret/7thSea-SyrnethSecret-PhilterOfChampions.jpg	default	Attachment	Syrneth Secret							C	d,s								C	CREW ATTACHMENT Scry 1 Knack • Item Act: Tack this card to target a Swordsman Crew in this Sea and draw a card. Target Crew gains +3 to their Swordsman trait until the end of the turn. Discard this card at the end of the turn.	playerNDeck
79deb93c-66ce-4b87-8105-a59904f92fbc	Poisoned Wine	7th-sea/syrneth-secret/7thSea-SyrnethSecret-PoisonedWine.jpg	default	Action	Syrneth Secret		2	In	4	In		D	p,t								C	You may only play this card if you have a Villainous Captain. Act: Tack one of your non-Captain, Villainous Crew to target a Ship. That Ship's controller must tack one of their Holy Crew or sink any one of their Crew.	playerNDeck
27513142-2cb8-4b4e-858f-82f874b4badf	Professora Jacinta Navarro del Garci	7th-sea/syrneth-secret/7thSea-SyrnethSecret-ProfessoraJacintaNavarroDelGarci.jpg	default	Crew	Syrneth Secret	Castille	5	In				P	c,t	0	0	0	3	2			C	*Los Vagos* No Attachments This Crew gains +3 Influence if you have a Los Vagos Captain and a Patron Attachment in play.	playerNDeck
4fdf155c-c56d-4f43-8f7c-289eb5b791d3	Pursue Your Enemies	7th-sea/syrneth-secret/7thSea-SyrnethSecret-PursueYourEnemies.jpg	default	Action	Syrneth Secret							S	d,p								C	React: Play after an opponent in this Sea has played an Action card that resulted in their Ship moving to another Sea, to move your Ship to the same Sea (moving through each Sea one at a time).	playerNDeck
4c47a407-4204-4164-ad63-104b2bad8f64	Rachel Milligan	7th-sea/syrneth-secret/7thSea-SyrnethSecret-RachelMilligan.jpg	default	Crew	Syrneth Secret	unaligned	7	In				P	c,t	1	0	3	2	4			R	*Knights of the Rose and Cross* Unique When this Crew is in a Duel, the opposing Crew inflicts 2 less Hits (minimum 0).	playerNDeck
3525607b-c83c-4128-8a77-09601954d297	Regrouping	7th-sea/syrneth-secret/7thSea-SyrnethSecret-Regrouping.jpg	default	Action	Syrneth Secret							D	p,t								C	Act: Tack your Captain or First Mate Crew to target and attach any number of your Ally cards in play to the same Sea as your Ship. React: Play before performing an action. Target one of your untacked Ally cards attached to an adjacent Sea to attach that Ally to the same Sea as your Ship.	playerNDeck
aa6096b0-63c8-4fa9-a44f-3afdf31fd2d6	Reis' Legacy	7th-sea/syrneth-secret/7thSea-SyrnethSecret-ReisLegacy.jpg	default	Chantey	Syrneth Secret				0	Sw		S	d,p								C	Any player who cancels this Chantey must discard 1 random card from their hand (if they have any in their hand). The Influence cost of all Crew being Hired is reduced to 0.	playerNDeck
62fb4c93-691e-4114-9c55-27219ce52f03	Renzo Raymondi	7th-sea/syrneth-secret/7thSea-SyrnethSecret-RenzoRaymondi.jpg	default	Crew	Syrneth Secret	Crimson Rogers	5	In				P	c,t	2	2	0	3	2			R	Villainous • Swordsman +1 React: When another player sinks one of their Heroic crew, you may immediately draw a card from your deck. You may only use this ability once per sunk Crew.	playerNDeck
e964df07-d161-4fa1-a1ef-d7a099b446b9	Reynaldo Lucani	7th-sea/syrneth-secret/7thSea-SyrnethSecret-ReynaldoLucani.jpg	default	Crew	Syrneth Secret	Corsairs	4	In				P	c,t	0	0	1	1	1			C	Captive • No Attachments • Loyal When tacking this Crew to hire non-Captive Crew this Crew produces 3 additional Influence.	playerNDeck
34a9e181-9995-4c97-82d2-aa1cc83387f8	Richter Hoffmann	7th-sea/syrneth-secret/7thSea-SyrnethSecret-RichterHoffmann.jpg	default	Crew	Syrneth Secret	Explorer's Society	4	In				P	c,t	0	2	0	0	1			C	*Invisible College* React: When you are paying an Influence cost, tack an Item Attachment attached to this Crew to produce 1 Influence.	playerNDeck
657d17b1-8dc3-4c60-8b99-3409a9bc8f35	Rilasciare Membership	7th-sea/syrneth-secret/7thSea-SyrnethSecret-RilasciareMembership.jpg	default	Attachment	Syrneth Secret		2	In				C	d,s								R	CAPTAIN ATTACHMENT Unique • Membership This Captain gains the Rilasciare affiliation. While you have 3 or more other Rilasciare Crew on board this Captain has the following ability: Act: Target a non-Captain Crew on a Ship with more Crew on board than your Ship. Tack one of your Rilasciare Crew and discard the top card of your deck. If that card is a Crew with an Influence cost greater than target Crew, the target Crew is sunk or the Crew revealed enters play on your Ship, ignoring any and all restrictions, including Crew Maximum (the choice is made by the target Crew's controller).	playerNDeck
604c0ead-36a3-4db9-b5a2-cd7c257cb38a	Rope Descending Device	7th-sea/syrneth-secret/7thSea-SyrnethSecret-RopeDescendingDevice.jpg	default	Adventure	Syrneth Secret							T	c,s								C	1 Sea Away • Hand (a Crew may not have more than one Hand Attachment) To complete: Pay 4 Adventuring (3 if completed in the Frothing Sea). Invisible College Crew Attachment: React: Tack this card when you are paying an Adventuring cost for an Adventure or Action card to produce 1 Adventuring.	playerNDeck
9826575b-99a9-4a32-8cab-5543dbf6981a	Rose and Cross Membership	7th-sea/syrneth-secret/7thSea-SyrnethSecret-RoseAndCrossMembership.jpg	default	Attachment	Syrneth Secret		2	In				C	d,s								R	CAPTAIN ATTACHMENT Unique • Membership This Captain gains the Rose and Cross affiliation. While you have 3 or more other Rose and Cross Crew on board this Captain has the following ability: Act: Once per turn, draw and reveal the top card of your deck, if it is not a Patron card, discard the card and draw another card. Repeat until you shuffle your deck or you draw a Patron card. Place the Patron card in your hand.	playerNDeck
39985f2d-868d-4a29-bd12-082b0dad0a36	Rose Thornne	7th-sea/syrneth-secret/7thSea-SyrnethSecret-RoseThornne.jpg	default	Crew	Syrneth Secret	unaligned	6	In				P	c,t	0	3	1	3	2			C	*Rilascarie* Heroic • Swordsman +2 You may not hire this Crew if you have a Captain with the Villainous trait.	playerNDeck
fc96ddeb-bd1b-4c6c-a622-77b0312cc5da	Rosenkreuz's Secret	7th-sea/syrneth-secret/7thSea-SyrnethSecret-RosenkreuzsSecret.jpg	default	Attachment	Syrneth Secret							C	d,s								C	CREW ATTACHMENT You must tack a Rose and Cross Crew to bring this card into play. This Crew has +2 to their highest printed skill. If there is a tie, the Crew instead gains +1 to all skills that are of the greatest value.	playerNDeck
3fb345b4-de6e-4e6e-8cd2-a78d87f38aa9	Rum Flask	7th-sea/syrneth-secret/7thSea-SyrnethSecret-RumFlask.jpg	default	Attachment	Syrneth Secret		4	Ad				C	d,s								C	CREW ATTACHMENT Item +1 Swashbuckling. React: Discard this card when suffering Hits during a Boarding to absorb 4 Hits.	playerNDeck
91799367-ab8c-4692-b436-772741c87ba1	Sabira Mallah	7th-sea/syrneth-secret/7thSea-SyrnethSecret-SabiraMallah.jpg	default	Crew	Syrneth Secret	Corsairs	5	In				P	c,t	0	0	3	1	1			C	*Sophia's Daughters* Villainous • Scry 1 Act: Tack this Crew to target a player in this Sea. That player may place any action cards face up on the table. Until the end of the turn, the target player may only play action cards that are placed face up on the table with this ability. This effect ends when a Boarding begins. When this effect ends the cards are returned to the player's hand.	playerNDeck
1fbc9d7b-341d-4df9-a99f-33503d1ba919	Safe Harbor	7th-sea/syrneth-secret/7thSea-SyrnethSecret-SafeHarbor.jpg	default	Attachment	Syrneth Secret							C	d,s								C	STARTING SEA ATTACHMENT Unique When you are revealing starting Crew, you may reveal and attach this card. Your Ship begins play tacked. This card may not be brought into play otherwise. Players in this Sea may not attempt a Boarding without a card effect or perform a Cannon Attack without a card effect unless they have 3 or more Crew with an Influence cost of 3 or more.	playerNDeck
c3f22752-aa4a-4a2b-83ab-7685d34c2797	Scar	7th-sea/syrneth-secret/7thSea-SyrnethSecret-Scar.jpg	default	Captain	Syrneth Secret	Vesten					8			0	2	5	3	4			R	Start: Trade Sea Heroic • Villainous • Laerdom 1 • Swordsman +2 While you have 4 or more other Vesten Crew on board, your Loyal Crew have +1 Adventuring and you may use the following ability: React: When you push one of your Crew forward to start a Boarding Attack, you may draw one card and then play that card as the Boarding Attack for that Crew. You may use this ability once per Crew pushed forward.	playerNCaptain
b974d1fe-be9b-4dc9-8604-f1662a94abca	Scrying Bowl	7th-sea/syrneth-secret/7thSea-SyrnethSecret-ScryingBowl.jpg	default	Attachment	Syrneth Secret		3	In				C	d,s								R	CREW ATTACHMENT Unique • Item • Scry 1 Knack Act: Tack this card to look at the top 3 cards of any deck. If the deck is your own, you may discard an Action card from your hand to take an Action card from the 3 cards, show it to the other players, and add it to your hand. If the deck belongs to another player, you may discard an Action card from you hand to reveal one of the cards to all players and sink it. Regardless, discard the remaining cards.	playerNDeck
3d21aab0-cfc5-4e5e-89fc-e86245122b6c	Seduction	7th-sea/syrneth-secret/7thSea-SyrnethSecret-Seduction.jpg	default	Action	Syrneth Secret				4	Ad		S	d,p								C	Act: Tack and discard one of your non-Captain Crew to target a non-Captain Crew in the same Sea as your Ship. If the target Crew's Influence cost is less than your Crew's Influence cost the target Crew is tacked and may not untack or use any abilities until the untack phase of next turn. Sophia's Daughters crew need only tack or be discarded (not both) to use this effect.	playerNDeck
4eab20d1-fd80-42b7-9697-705be7ad8e1a	Seize the Reins	7th-sea/syrneth-secret/7thSea-SyrnethSecret-SeizeTheReins.jpg	default	Action	Syrneth Secret		2	In				D	p,t								C	The Influence cost of this card is reduced to 0 if you have a Rilasciare Captain. React: Play instead of performing a Boarding Attack. Target a Ship Attachment attached to the other ship in the Boarding. The ship's controller must either sink the target Attachment or suffer 6 hits. React: Play instead of performing a Boarding Attack. Target one action card in play to sink that action Card.	playerNDeck
60e4b26a-e056-4eb0-90cc-19c4827c13c7	Senor Ladron, Second Mate	7th-sea/syrneth-secret/7thSea-SyrnethSecret-SenorLadronSecondMate.jpg	default	Crew	Syrneth Secret	Brotherhood	3	In				P	c,t	0	0	3	0	1			R	Loyal • Unique • No Attachments • Pet The cost of this card is reduced to 0 if the card: ”Senor Ladron” is attached to your Captain. Sink ”Senor Ladron” when this Crew enters play. You may not attach ”Senor Ladron.” This Crew does not count against your crew maximum. React: Once per turn, immediately after this Crew tacks to produce Adventuring for an Item Adventure, discard a card from your hand to untack this Crew.	playerNDeck
ccf6de01-399a-406b-a4c5-db3defa2d5aa	Settling the Matter	7th-sea/syrneth-secret/7thSea-SyrnethSecret-SettlingTheMatter.jpg	default	Adventure	Syrneth Secret							T	c,s								C	2 Seas Away To complete: Pay 3 Adventuring (2 if completed in The Mirror). Crew Attachment: React: Tack this card and target and untack the tacked Crew on the other Ship with the highest Influence cost, to untack this Crew.	playerNDeck
c5cc80c6-841d-4f36-969d-4ff932a466d1	Skeletal Marketeers	7th-sea/syrneth-secret/7thSea-SyrnethSecret-SkeletalMarketeers.jpg	default	Crew	Syrneth Secret	Black Freighter	1	In				P	c,t	0	0	0	1	1			C	Loyal • No Attachments • Skeletal	playerNDeck
189b94d0-ae0f-4696-a7fc-2d78ab916023	Soner Iqbal	7th-sea/syrneth-secret/7thSea-SyrnethSecret-SonerIqbal.jpg	default	Crew	Syrneth Secret	Corsairs	3	In				P	c,t	0	0	1	2	1			C	*Invisible College* Captive • Heroic • Holy If your Captain is Heroic, this Crew has +1 Influence and -1 Adventuring (minimum 0).	playerNDeck
d8c2eace-48c0-4311-b24e-12d7d979b4f0	Sophia's Daughters Membership	7th-sea/syrneth-secret/7thSea-SyrnethSecret-SophiasDaughtersMembership.jpg	default	Attachment	Syrneth Secret		2	In				C	d,s								C	CAPTAIN ATTACHMENT Unique • Membership This Captain gains the Sophia's Daughters affiliation. While you have 3 or more other Sophia's Daughters Crew on board this Captain has the following ability: React: When a Crew in this Sea tacks to produce Influence, tack one of your Sophia's Daughters Crew to reduce the amount of Influence produced by the Influence of the Sophia's Daughters Crew (minimum 0).	playerNDeck
673179f1-2217-490a-ab62-b8bac9daef8b	Steel Tooth Bob	7th-sea/syrneth-secret/7thSea-SyrnethSecret-SteelToothBob.jpg	default	Crew	Syrneth Secret	unaligned	5	In				P	c,t	1	1	0	0	3			C	*Rilascarie* When this Crew tacks to absorb Hits, he absorbs 1 extra Hit. React: When you are suffering Hits during a Boarding that have not come from another player's successful Boarding Attack, tack one of your completed Adventures to suffer 2 fewer Hits. You may only use this ability if this Crew is untacked.	playerNDeck
03d0c4a8-03b7-4ba1-a3e6-a7bb70f57574	Stronghold of La Bucca	7th-sea/syrneth-secret/7thSea-SyrnethSecret-StrongholdOfLaBucca.jpg	default	Attachment	Syrneth Secret		6	Ad				C	d,s								R	LA BOCA ATTACHMENT Unique • Port The cost of this card is reduced by 2 if you have a Brotherhood Captain. Any player in this Sea may sink this Attachment by paying 7 Cannon as an action. Captive Crew in this sea are considered to not have the Captive and No Attachments traits. Act: Tack this card and one of your crew while in this Sea to target another Ship in this Sea. Inflict a 4 hit Cannon Attack on the target Ship.	playerNDeck
0505add8-b951-4991-83cb-3afbde32aafe	Syrneth Dagger	7th-sea/syrneth-secret/7thSea-SyrnethSecret-SyrnethDagger.jpg	default	Attachment	Syrneth Secret		3	Ad				C	d,s								C	CREW ATTACHENT Artifact • Item React: Tack this Crew when he is fighting in a Boarding Attack to reverse any type of Boarding Attack played by the other player. Choose Club, Dagger, Punch, Slash, or Thrust. This Crew returns an attack of the chosen type, and inflicts 2 extra Hits if they inflict Hits during this Boarding Attack.	playerNDeck
768efbd8-41cd-49cf-92a4-2e21b40b8cef	Syrneth Lock	7th-sea/syrneth-secret/7thSea-SyrnethSecret-SyrnethLock.jpg	default	Action	Syrneth Secret							S	d,p								C	React: Play before another player produces any skill points to complete an Adventure. That player may not use any Attachments to produce skill points to complete that Adventure, until the end of the turn. Any skill points needed to complete that Adventure during this turn must come from tacking Crew.	playerNDeck
4f69cf99-0f23-454e-903c-c687eef57a60	The Black Glove	7th-sea/syrneth-secret/7thSea-SyrnethSecret-TheBlackGlove.jpg	default	Adventure	Syrneth Secret							T	c,s								C	1 Sea Away • Hand (a Crew may not have more than one Hand Attachment) To complete: Pay 10 Adventuring (7 if completed in the Trade Sea). Kreuzritter Crew Attachment: +1 Swashbuckling. All of this Crew's Punch and Club Boarding Attacks are changed to be a Dagger. Reacts may not be played in reaction to Hits inflicted by this Crew during Boarding Attacks.	playerNDeck
201e964b-ca79-4ab9-930c-d1a70e8f5cd1	The Bonita Swordsman School	7th-sea/syrneth-secret/7thSea-SyrnethSecret-TheBonitaSwordsmanSchool.jpg	default	Attachment	Syrneth Secret		5	In				C	d,s								R	CREW ATTACHENT Swordsman Knack The cost of this card is reduced by 3 if being attached to an Invisible College Crew. This Crew absorbs 3 extra Hits when tacking to absorb Hits. React: Tack this card to reverse any type of Boarding Attack. This card produces a Slash Boarding Attack.	playerNDeck
77e931a2-6119-4bac-b74b-166b8011f755	The Flash Rifle	7th-sea/syrneth-secret/7thSea-SyrnethSecret-TheFlashRifle.jpg	default	Attachment	Syrneth Secret		7	Ad				C	d,s								C	CREW ATTACHMENT Item The cost of this card is reduced by 3 if being attached to a Rose and Cross Crew. +2 Swashbuckling. React: Tack instead of performing a Boarding Attack to inflict 3 Hits on the other Ship in the Boarding. Act: Tack to target and inflict 1 Hit on a Ship in this Sea.	playerNDeck
ad1c423e-98a3-4a8c-aa60-9e4749bd751c	The Freighter's Ashes	7th-sea/syrneth-secret/7thSea-SyrnethSecret-TheFreightersAshes.jpg	default	Action	Syrneth Secret							D	p,t								C	Act: Name any faction without a Captain in play. Crew with that factional alignment may not enter play until next turn. Act: Name any secret society. Crew with that secret society affiliation may not enter play until next turn. Act: Name any Nationality. Crew with that Nationality may not enter play until next turn.	playerNDeck
cad873f3-1127-479a-a482-4fc142a9b096	The Heroine of San Cristobal	7th-sea/syrneth-secret/7thSea-SyrnethSecret-TheHeroineOfSanCristobal.jpg	default	Adventure	Syrneth Secret							T	c,s								C	1 Sea Away To complete: Pay 8 Adventuring (4 if you have three or more Los Vagos Crew on board). Crew Attachment: React: Tack this card after you have put a Control card into play to untack one of your non-Captain Crew that tacked to pay skill points for the Control card.	playerNDeck
66d8a7c1-bcf8-47ef-930a-d0e1c5834a79	The Holy Flag of the Creseant Empire	7th-sea/syrneth-secret/7thSea-SyrnethSecret-TheHolyFlagOfTheCreseantEmpire.jpg	default	Attachment	Syrneth Secret		M+0					C	d,s								R	CORSAIR SHIP ATTACHMENT Unique • Item • Jolly Roger React: Tack after one of your Corsair Crew has been sunk when absorbing Hits inflicted by another player, to target and untack another of your non-Captain Corsair Crew. You may only use this ability if you have 3 or more Corsair Crew on board.	playerNDeck
eb15b5ea-6b26-4e3f-8c28-6971ceebae46	The Horror of the Hook	7th-sea/syrneth-secret/7thSea-SyrnethSecret-TheHorrorOfTheHook.jpg	default	Adventure	Syrneth Secret							T	c,s								C	2 Seas Away To complete: Pay 3 Adventuring (2 if completed in La Boca). Crew Attachment: This Crew gains the trait Fear 1. Act: Tack this Crew to tack any Crew in this Sea with an Eye, Face, Hand, or Leg Attachment.	playerNDeck
7b5bcd6c-80a4-4cf6-935f-e2a721d38cab	The Jolly Roger of the Black Freighter	7th-sea/syrneth-secret/7thSea-SyrnethSecret-TheJollyRogerOfTheBlackFreighter.jpg	default	Attachment	Syrneth Secret		M+0					C	d,s								R	BLACK FREIGHTER SHIP ATTACHMENT Unique • Item • Jolly Roger React: Tack after one of your Black Freighter Crew has been sunk when absorbing Hits inflicted by another player, to target and untack another of your non-Captain Black Freighter Crew. You may only use this ability if you have 3 or more Black Freighter Crew on board.	playerNDeck
500d8c90-5e4e-4294-909e-06a8bd97d9ec	The Jolly Roger of the Brotherhood of the Coast	7th-sea/syrneth-secret/7thSea-SyrnethSecret-TheJollyRogerOfTheBrotherhoodOfTheCoast.jpg	default	Attachment	Syrneth Secret		M+0					C	d,s								F	BROTHERHOOD SHIP ATTACHMENT Unique • Item • Jolly Roger React: Tack after one of your Brotherhood Crew has been sunk when absorbing Hits inflicted by another player, to target and untack another of your non-Captain Brotherhood Crew. You may only use this ability if you have 3 or more Brotherhood Crew on Board.	playerNDeck
a30d934f-7336-413c-b46d-5907d515b1ff	The Jolly Roger of the Crimson Rogers	7th-sea/syrneth-secret/7thSea-SyrnethSecret-TheJollyRogerOfTheCrimsonRogers.jpg	default	Attachment	Syrneth Secret		M+0					C	d,s								R	CRIMSON ROGER SHIP ATTACHMENT Unique • Item • Jolly Roger React: Tack after one of your Crimson Roger Crew has been sunk when absorbing Hits inflicted by another player, to target and untack another of your non-Captain Crimson Roger Crew. You may only use this ability if you have 3 or more Crimson Roger Crew on board.	playerNDeck
189259c9-ee05-4e90-b7ee-e53c99d8fc32	The Jolly Roger of the Sea Dogs	7th-sea/syrneth-secret/7thSea-SyrnethSecret-TheJollyRogerOfTheSeaDogs.jpg	default	Attachment	Syrneth Secret		M+0					C	d,s								R	SEA DOG SHIP ATTACHMENT Unique • Item • Jolly Roger React: Tack after one of your Sea Dog Crew has been sunk when absorbing Hits inflicted by another player, to target and untack another of your non-Captain Sea Dog Crew. You may only use this ability if you have 3 or more Sea Dog Crew on board.	playerNDeck
48ffe035-e849-48fe-b547-b998a6b43055	The Mask of El Vago	7th-sea/syrneth-secret/7thSea-SyrnethSecret-TheMaskOfElVago.jpg	default	Attachment	Syrneth Secret							C	d,s								C	LOS VAGOS CREW ATTACHMENT Item • Face This Crew has all of their Skills increased by 2 during a Boarding while there is a Villainous Crew on board the other Ship.	playerNDeck
e7ebcb93-1c73-4d0f-9fae-5645914b4638	The Montaigne Revolution	7th-sea/syrneth-secret/7thSea-SyrnethSecret-TheMontaigneRevolution.jpg	default	Chantey	Syrneth Secret				4	In		D	p,t								C	Any player may sink this Chantey by tacking any 3 of their Crew as an action. All Crew are considered to have the No Attachments trait (cards currently attached to Crew are not discarded).	playerNDeck
be584ae0-b500-4a2c-b825-d5d172295f3f	The Noble Emblem of the Montaigne Navy	7th-sea/syrneth-secret/7thSea-SyrnethSecret-TheNobleEmblemOfTheMontaigneNavy.jpg	default	Attachment	Syrneth Secret		M+0					C	d,s								F	MONTAIGNE SHIP ATTACHMENT Unique • Item • Jolly Roger React: Tack after one of your Montaigne Crew has been sunk when absorbing Hits inflicted by another player, to target and untack another of your non-Captain Montaigne Crew. You may only use this ability if you have 3 or more Montaigne Crew on board.	playerNDeck
dc8365ab-e9b7-4b90-946c-add165ba69a8	The Prized Emblem of the Explorer Society	7th-sea/_plugin/7thSea-cardback.jpg	default	Attachment	Syrneth Secret		M+0					C	d,s								F	EXPLORERS SHIP ATTACHMENT Unique • Item • Jolly Roger React: Tack after one of your Explorer Crew has been sunk when absorbing Hits inflicted by another player, to target and untack another of your non-Captain Explorer Crew. You may only use this ability if you have 3 or more Explorer Crew on board.	playerNDeck
08566efb-5fb1-492f-a05a-e7347354f223	The Noble Flag of the Castillian Armada	7th-sea/syrneth-secret/7thSea-SyrnethSecret-TheNobleFlagOfTheCastillianArmada.jpg	default	Attachment	Syrneth Secret		M+0					C	d,s								R	CASTILLIAN SHIP ATTACHMENT Unique • Item • Jolly Roger React: Tack after one of your Castillian Crew has been sunk when absorbing Hits inflicted by another player, to target and untack another of your non-Captain Castillian Crew. You may only use this ability if you have 3 or more Castillian Crew on board.	playerNDeck
5ad91f86-6398-11ec-90d6-0242ac120003	The Proud Banner of the Vestenmmanavnjar	7th-sea/syrneth-secret/7thSea-SyrnethSecret-TheProudBannerOfTheVestenmmanavnjar.jpg	default	Attachment	Syrneth Secret		M+0					C	d,s								R	VESTEN SHIP ATTACHMENT Unique • Item • Jolly Roger React: Tack after one of your Vesten Crew has been sunk when absorbing Hits inflicted by another player, to target and untack another of your non-Captain Vesten Crew. You may only use this ability if you have 3 or more Vesten Crew on board.	playerNDeck
ee7c6add-a22d-40ce-b5c2-099311304ad5	The Ooze	7th-sea/syrneth-secret/7thSea-SyrnethSecret-TheOoze.jpg	default	Crew	Syrneth Secret	Black Freighter	5	In				P	c,t	0	0	2	0	3			C	Loyal • Villainous • Fear 2 When paying the cost of the card:”Kiss of Death,” you may tack this Crew instead of your Captain.	playerNDeck
43e8260f-7a79-424b-8309-20f274a6446c	The Ram	7th-sea/syrneth-secret/7thSea-SyrnethSecret-TheRam.jpg	default	Ship	Syrneth Secret	unaligned													11	4	R	Crew Maximum: 11 Your Captain has the trait: Glamour 1 (or +1 to their Glamour if your Captain already has the Glamour trait). React: Tack before performing an action, to move to an adjacent Sea.	playerNShip
cd22d6b9-b6ee-47f1-9349-6e5b8b415ef9	The Sinking of the Hurricane	7th-sea/syrneth-secret/7thSea-SyrnethSecret-TheSinkingOfTheHurricane.jpg	default	Chantey	Syrneth Secret							T	c,s								C	Any player may sink this card by paying 3 Adventuring as an Action. All Crew inflict an additional amount of Hits equal to their Cannon skill during a Duel..	playerNDeck
8bbe7884-211e-4c8e-91e9-39837bf874cc	The Stalward Raider	7th-sea/syrneth-secret/7thSea-SyrnethSecret-TheStalwardRaider.jpg	default	Ship	Syrneth Secret	unaligned													7	2	R	Crew Maximum: 7 Act: Tack to sink a Sea Attachment attached to this Sea. React: Tack before performing an action, to move to an adjacent Sea.	playerNShip
aaaa3335-3971-40de-9f5d-7efd39a2996d	The Syrneth Rings	7th-sea/syrneth-secret/7thSea-SyrnethSecret-TheSyrnethRings.jpg	default	Adventure	Syrneth Secret							T	c,s								C	1 Sea Away • Unique • Artifact To complete: Pay 4 Adventuring (3 if you have an Invisible College Captain). Crew Attachment: React: Tack this Crew when a Chantey is being sunk from play to place that Chantey in its owner's discard pile instead.	playerNDeck
5fd98724-f3b0-48dc-8a93-39a56e572314	The Syrneth Secret	7th-sea/syrneth-secret/7thSea-SyrnethSecret-TheSyrnethSecret.jpg	default	Attachment	Syrneth Secret		9	Ad				C	d,s								R	TRADE SEA ATTACHMENT Unique • Control You must be in the Trade Sea to play this card. Any player in this Sea may discard this card by tacking a Heroic or Villainous Crew and paying 5 Cannon as an action. If your Ship is in this Sea during the Draw Cards phase, you may draw 2 additional cards.	playerNDeck
6a8db083-b79f-467b-a438-7220d530c9ec	The Trap Is Sprung	7th-sea/syrneth-secret/7thSea-SyrnethSecret-TheTrapIsSprung.jpg	default	Action	Syrneth Secret							S	d,p								C	React: Tack one of your Kreuzritter Crew when you are paying an Influence cost (for anything other than hiring a Crew), to reduce that Influence cost by the Kreuzritter's Influence cost (minimum 0). Until the end of the turn all of your opponents' Influence costs are reduced by 1 (minimum 0).	playerNDeck
362f00ad-cbdf-43f5-a09d-1fa077195285	The Vow	7th-sea/syrneth-secret/7thSea-SyrnethSecret-TheVow.jpg	default	Attachment	Syrneth Secret							C	d,s								C	ROSE AND CROSS CREW ATTACHMENT Oath When you attach this card to a Crew, name a skill. This Crew gains +3 to the named skill while this card is attached. This card is discarded at the end of the turn.	playerNDeck
c4fbafc0-8682-4462-974d-954ced64f527	The Wayward Swan	7th-sea/syrneth-secret/7thSea-SyrnethSecret-TheWaywardSwan.jpg	default	Ship	Syrneth Secret	unaligned													10	4	F	Crew Maximum: 10 React: Tack one of your Ally cards in this Sea instead of paying your move cost to begin a Boarding. React: Tack before performing an action to move to an adjacent Sea.	playerNShip
2a3d090d-8e45-490d-9625-8ac0e169e9fe	The Witch	7th-sea/syrneth-secret/7thSea-SyrnethSecret-TheWitch.jpg	default	Action	Syrneth Secret				5	Ad		D	p,t								C	React: Play instead of performing a Boarding Attack. Tack a Crew to target a Crew Attachment on a tacked Crew on the opposing player's Ship. Discard the target Crew Attachment (you may not discard a Captain Attachment, but you may discard a Crew Attachment on a Captain). React: Play after you have canceled a Boarding Attempt by paying your Ship's Move Cost to move your Ship to an adjacent Sea.	playerNDeck
c1768ca7-037a-4b35-a009-7e6698177408	Things to Come	7th-sea/syrneth-secret/7thSea-SyrnethSecret-ThingsToCome.jpg	default	Chantey	Syrneth Secret							C	d,s								C	All Captains have the following ability and may use it once per turn: Act: Target a deck and look at the top card of that deck.	playerNDeck
9deabb9e-7e3b-42c3-abfa-243d025af48d	Tom “Grave” Stone	7th-sea/syrneth-secret/7thSea-SyrnethSecret-TomGraveStone.jpg	default	Crew	Syrneth Secret	Black Freighter	5	In				P	c,t	1	0	2	1	2			C	*Invisible College* Villainous React: Tack this Crew when one of your non-Skeletal Black Freighter crew is being sunk to place that Crew on top of your deck.	playerNDeck
4266aaa5-edd1-4217-92a1-3f8f62c401c6	Two Pistol Penny	7th-sea/syrneth-secret/7thSea-SyrnethSecret-TwoPistolPenny.jpg	default	Crew	Syrneth Secret	unaligned	5	In				P	c,t	1	0	4	1	1			C	*Invisible College* Heroic When this Crew inflicts Hits with a Boarding Attack, she inflicts an additional amount of hits equal to your Captain's Swashbuckling.	playerNDeck
005ac270-e1a0-4c75-ae0d-47b2f1c321d9	Tyler Jones	7th-sea/syrneth-secret/7thSea-SyrnethSecret-TylerJones.jpg	default	Captain	Syrneth Secret	Sea Dogs					9			3	4	2	4	4			R	Start: Trade Sea Heroic • Swordsman +2 While you have 4 or more other Sea Dog Crew on board you may use the following abilities: React: After you have resolved a Boarding as the attacker and at least one opposing Crew was sunk, you may tack one of your Crew to untack one of your Crew with a Cannon skill of 6 or more. React: After you have resolved a Cannon Attack against another player and at least one opposing Crew was sunk, you may tack one of your Crew to untack one of your Crew with a Sailing skill of 5 or more.	playerNCaptain
61fa69ca-d899-4742-a91b-5997b0d2ebaf	Unexpected Reunion	7th-sea/syrneth-secret/7thSea-SyrnethSecret-UnexpectedReunion.jpg	default	Action	Syrneth Secret		2	Ad	4	Sw		S	d,p								C	React: Play when a player hires a Crew from a different faction than their Captain's faction. If that Crew does not share a Secret Society or Nationality with that player's Captain, that player's Ship suffers a number of Hits equal to twice the hired Crew's Swashbuckling. You may only play one copy of this card per Hiring of a Crew. React: Play when you are paying the cost of a Henchman Attachment card to reduce the Henchman's cost by 3. When playing this effect, the cost of this card is reduced to 0.	playerNDeck
7c7cbad1-bfb9-485b-b196-bb4cf814ca7c	Uppmann's Coat	7th-sea/syrneth-secret/7thSea-SyrnethSecret-UppmannsCoat.jpg	default	Attachment	Syrneth Secret		5	Ad				C	d,s								C	CREW ATTACHMENT Item The cost of this card is reduced by 3 if being attached to a Rilasciare Crew (minimum 0). Act: Tack this card and discard a card from your hand to search your deck for a card with the Item trait. Reveal the card to your opponent(s), shuffle your deck, and place the card on top of your deck.	playerNDeck
fcbb296a-9253-4bdb-bdaf-dd965e1e37b3	Ussuran Madhouse	7th-sea/syrneth-secret/7thSea-SyrnethSecret-UssuranMadhouse.jpg	default	Action	Syrneth Secret		1	In				D	p,t								C	Act: Target a non-Captain Crew in this Sea. If that Crew's Influence cost is less than the number of Attachments that Crew has attached, that Crew is tacked. Act: Each player shuffles their deck and discard pile together. You may draw 2 cards from your deck; all other players draw 1 card from their deck.	playerNDeck
e95244cd-f363-44c9-9d97-ec3e9ac6cd70	Valery Allamand	7th-sea/syrneth-secret/7thSea-SyrnethSecret-ValeryAllamand.jpg	default	Crew	Syrneth Secret	Montaigne	4	In				P	c,t	0	4	1	0	1			C	*Invisible College* When this Crew tacks to absorb Hits, he absorbs 2 extra Hits. This Crew has +1 Adventuring for each Item card attached.	playerNDeck
b9b914a0-d1d8-42e2-ab15-f222c212103c	Valoix's Crime	7th-sea/syrneth-secret/7thSea-SyrnethSecret-ValoixsCrime.jpg	default	Chantey	Syrneth Secret							P	c,t								C	Any player may sink this Chantey by paying 3 Influence as an Action. All Captains have the following trait: While you are in your starting Sea, opponents may not begin a Boarding with your Ship without a card effect.	playerNDeck
cb61488d-97f6-4867-a660-98e5d49f22a9	Vipera ex Morsi Swordsman School	7th-sea/syrneth-secret/7thSea-SyrnethSecret-ViperaExMorsiSwordsmanSchool.jpg	default	Attachment	Syrneth Secret		5	In				C	d,s								R	CREW ATTACHMENT Swordsman Knack The cost of this Attachment is reduced by 3 if being attached to a Rilasciare Crew. React: Tack this Crew instead of performing a Boarding Attack to target a non-Captain Crew on the other Ship with an Influence cost less than this Crew's Influence cost. Inflict Hits on the other Ship equal to the target Crew's Swashbuckling plus 3.	playerNDeck
ae844cf3-d906-418a-82fd-2634f2a97892	Voices of the Dead	7th-sea/syrneth-secret/7thSea-SyrnethSecret-VoicesOfTheDead.jpg	default	Action	Syrneth Secret							S	d,p								C	Act: Play when you are paying the cost to attach, discard or sink a Control card. Tack one of your Sorcerers to reduce the cost by the number of Sorcery Knacks that Crew has attached.	playerNDeck
6dcf3dc9-e078-4062-9c67-6ee4d867bb52	Wearing the Black Ring	7th-sea/syrneth-secret/7thSea-SyrnethSecret-WearingTheBlackRing.jpg	default	Adventure	Syrneth Secret							T	c,s								C	1 Sea Away • Hand (a Crew may not have more than one Hand Attachment) To complete: Pay 6 Adventuring (3 if completed in the Trade Sea). Kreuzritter Crew Attachment: This Crew gains the trait: Nacht 1. React: Tack this card when another player targets this Crew with an action or effect to cancel that action or effect.	playerNDeck
4f9a2272-451c-4031-83dc-a1e175e7e512	Ysabette du Montaigne	7th-sea/syrneth-secret/7thSea-SyrnethSecret-YsabetteDuMontaigne.jpg	default	Captain	Syrneth Secret	Montaigne					9			1	4	3	4	3			R	*Sophia's Daughters* Start: La Boca Scry 1 • Swordsman +2 Act: Once per turn, discard a card from your hand to look at the top five cards of your deck. You may either discard those five cards or return them to the top of your deck in any order. You may only use this ability if you have 4 or more other Montaigne Crew on board.	playerNCaptain
130ec464-b05d-4dfc-91fe-b880432b38dd	Forbidden Sea	7th-sea/markers-tokens/7thSea-MarkersTokens-ForbiddenSea.jpg	default	Sea	Markers & Tokens																		sharedSetAside
9b8f6f87-20b9-4ef3-b2e8-9073ac23f4e8	Frothing Sea	7th-sea/markers-tokens/7thSea-MarkersTokens-FrothingSea.jpg	default	Sea	Markers & Tokens																		sharedSetAside
aa019c17-0c60-4d80-be22-88a1356ea71f	La Boca	7th-sea/markers-tokens/7thSea-MarkersTokens-LaBoca.jpg	default	Sea	Markers & Tokens																		sharedSetAside
99fc650e-522b-402d-b776-18ec9ce8514d	The Mirror	7th-sea/markers-tokens/7thSea-MarkersTokens-TheMirror.jpg	default	Sea	Markers & Tokens																		sharedSetAside
7a5eea90-fbf1-428b-8a77-276f9595c895	Trade Sea	7th-sea/markers-tokens/7thSea-MarkersTokens-TradeSea.jpg	default	Sea	Markers & Tokens																		sharedSetAside
fcbabd3a-404c-42da-8538-5047f5aae104	Aether Compass	7th-sea/shifting-tides/7thSea-ShiftingTides-AetherCompass.jpg	default	Adventure	Shifting Tides							T	c,s								R	2 Seas Away To Complete: Tack 15 Adventuring (8 if completed in Frothing Sea). Unique · Artifact · Ship Attachment Tack the Aether Compass when paying to discard or put into play a Control card. Aether Compass produces 3 points of the appropriate skill.	playerNDeck
bee44730-7aa2-465b-840b-db647d123344	Allied Warship	7th-sea/shifting-tides/7thSea-ShiftingTides-AlliedWarship.jpg	default	Attachment	Shifting Tides		3	In				C	d,s								U	This Sea Attachment · Ally Any player in this Sea may discard this card by producing 5 Swashbuckling or Cannon as an action. Act: Tack this card to attach it to a Sea adjacent to this Sea. Act: Tack this card and target an Ally or Prize card in this Sea. Sink that card.	playerNDeck
29554f39-a398-4604-b8a1-54f49436e257	Allow Me...	7th-sea/shifting-tides/7thSea-ShiftingTides-AllowMe.jpg	default	Action	Shifting Tides		0		0			D	p,t								U	You may only play this card if you have a Heroic Captain. React: Play when another player is suffering Hits. They suffer 2 fewer Hits (minimum 0). This card attaches to one of your Heroic crew. This Attachment gives a +1 Swashbuckling.	playerNDeck
7f7d5bd8-f655-4db0-a858-69be8b1a6abb	Ambroise Praisse du Richetoisse	7th-sea/shifting-tides/7thSea-ShiftingTides-AmbroisePraisseDuRichetoisse.jpg	default	Crew	Shifting Tides	Montaigne	3	In				P	c,t	2	0	0	0	2			U	Loyal · Swordsman +1 · Porte 1 Ambroise has -1 Cannon for every Porte card you attach to him. You may not attach a Porte card to Ambroise if his Cannon is less than 1.	playerNDeck
41417943-94f1-4b46-b3a5-f94c7c396256	Arnlaug Rijs Bragison	7th-sea/shifting-tides/7thSea-ShiftingTides-ArnlaugRijsBragison.jpg	default	Crew	Shifting Tides	Vesten	4	In				P	c,t	3	0	0	0	2			C	Gunner React: Tack Arnlaug instead of performing a Boarding Attack. Discard the top card of your deck. If the Boarding Attack on the discard is a Thrust or Dagger, Arnlaug inflicts 3 Hits on the other Ship in the Boarding.	playerNDeck
abfa8c30-35c3-4017-8e9b-2a9129cdc5c9	Barcino Fortress	7th-sea/shifting-tides/7thSea-ShiftingTides-BarcinoFortress.jpg	default	Adventure	Shifting Tides							T	c,s								U	1 Sea Away To Complete: Tack 6 Adventuring (2 if completed in the Frothing Sea and you have The River in play). crew Attachment: +4 Cannon.	playerNDeck
d2f2aa0c-8438-4f39-bc28-a9c7c3a3553a	Barnacles	7th-sea/shifting-tides/7thSea-ShiftingTides-Barnacles.jpg	default	Action	Shifting Tides		4	Ad	0			S	d,p								U	Other players may not use the Free Move ability listed on their Ship cards for the remainder of the turn.	playerNDeck
aff2ef02-0d98-4ab5-b305-406f151079c1	Basic Swordsmanship	7th-sea/shifting-tides/7thSea-ShiftingTides-BasicSwordsmanship.jpg	default	Attachment	Shifting Tides		1	In				C	d,s								C	crew Attachment This card may not be attached to a crew which has the Swordsman trait. This crew gains the Swordsman +1 trait (This crew inflicts 1 extra Hit during Boarding Attacks.)	playerNDeck
6eef89c1-4363-4036-94f9-e3b70d211033	Blows Up In Your Face	7th-sea/shifting-tides/7thSea-ShiftingTides-BlowsUpInYourFace.jpg	default	Action	Shifting Tides		0		0			S	d,p								U	React: Play when a player tacks an Attachment and is inflicting Hits on you. Reduce the Hits inflicted to zero. Target and discard that Attachment and all cards attached to that crew with the same title.	playerNDeck
44d63775-2fcc-4dca-aba4-b15266c47aa3	Boarded By Skeletons	7th-sea/shifting-tides/7thSea-ShiftingTides-BoardedBySkeletons.jpg	default	Action	Shifting Tides				M+0	Sa		D	p,t								R	Target a Ship in the Trade Sea. Inflict 3 Hits on that Ship.	playerNDeck
318e5c91-2b55-479e-aa49-4a3975f10252	Botas Rojas	7th-sea/shifting-tides/7thSea-ShiftingTides-BotasRojas.jpg	default	Crew	Shifting Tides	Castille	3	In				P	c,t	0	2	0	0	2			C	When Botas tacks to absorb hits, he absorbs 2 extra hits.	playerNDeck
0a30c347-846f-4b64-865d-fd3e919a1e45	Castillian Navy	7th-sea/shifting-tides/7thSea-ShiftingTides-CastillianNavy.jpg	default	Attachment	Shifting Tides		11	Ca				C	d,s								U	La Boca Attachment · Unique · Control You must be in la Boca to play this card. Any player in la Boca may discard this card by tacking 14 Sailing as an action. While Castillian Navy is in play, you have +10 Sailing for determining Initiative. Act: Tack to get a Control card from your deck, show it to your opponents, and put it in your hand. Shuffle your deck.	playerNDeck
668b976a-da93-4724-8994-64444f852654	Challenge to a Duel	7th-sea/shifting-tides/7thSea-ShiftingTides-ChallengeToADuel.jpg	default	Action	Shifting Tides		0		0			S	d,p								C	Target one of your crew and one untacked crew with two or more attachments (except a Captain) on another Ship. Play a card from your hand as a Boarding Attack to begin a Duel between the two crew. (The two crews are considered to have been pushed forward for a Boarding Attack as if your ships were involved in a Boarding. Any Hits inflicted to a target beyond those required to sink it are reduced to 0).	playerNDeck
2f59aa8a-0cec-4272-ab58-194740ea5738	Cheap Cutlass	7th-sea/shifting-tides/7thSea-ShiftingTides-CheapCutlass.jpg	default	Attachment	Shifting Tides		3	In				C	d,s								C	crew Attachment · Item · Cheap Discard Cheap Cutlass when this crew inflicts Hits with a Boarding Attack. This crew inflicts 2 extra Hits.	playerNDeck
f70583c9-7766-495e-906d-9fe347d97798	Cheap Tools	7th-sea/shifting-tides/7thSea-ShiftingTides-CheapTools.jpg	default	Attachment	Shifting Tides		2	In				C	d,s								C	crew Attachment · Item · Cheap Discard Cheap Tools when this crew tacks to pay an Adeventuring cost. The crew produces 3 extra Adventuring.	playerNDeck
608e8b48-f4d9-41f7-b082-e9f6c0e33359	Coastal Patrols	7th-sea/shifting-tides/7thSea-ShiftingTides-CoastalPatrols.jpg	default	Attachment	Shifting Tides		11	In				C	d,s								U	Frothing Sea Attachment · Unique · Control You must be in the Frothing Sea to play this card. Any player in the Frothing Sea may discard this card by tacking 14 Swashbuckling as an action. React: Tack this card when you suffer hits. You suffer 4 fewer Hits. Act: Tack to get a Control card from your deck, show it to your opponenets, and put it in your hand. Shuffle your deck.	playerNDeck
edb488f6-d4df-4ced-bd81-cd3e8d74997c	Connor Lynch	7th-sea/shifting-tides/7thSea-ShiftingTides-ConnorLynch.jpg	default	Crew	Shifting Tides	Gosse's Gentlemen	5	In				P	c,t	2	0	0	0	4			R	Heroic · Swordsman +1	playerNDeck
6b6168fc-7985-4adf-8695-780c310fa2ab	Corsairs Figurehead	7th-sea/shifting-tides/7thSea-ShiftingTides-CorsairsFigurehead.jpg	default	Attachment	Shifting Tides	Corsairs	0					C	d,s								R	Corsair Ship Attachment · Unique · Figurehead Act: Tack the Figurehead while you have 3 or more completed adventures in play to look at the top card of your deck. You may put it back on top of your deck or discard it.	playerNDeck
3c4eae3e-e696-4e53-a128-a694ccbfc7e4	Crescent Treasures	7th-sea/shifting-tides/7thSea-ShiftingTides-CrescentTreasures.jpg	default	Attachment	Shifting Tides		11	Sw				C	d,s								U	Forbidden Sea Attachment · Unique · Control You must be in the Forbidden Sea to play this card. Any player in the Forbidden Sea may discard this card by tacking 14 Influence as an action. While this card is in play, your crew absorb 1 extra Hit when they tack to absorb Hits. Act: Tack to get a Control card from your deck, show it to your opponents, and put it in your hand. Shuffle your deck.	playerNDeck
681ed060-50b6-4f11-bf74-b36e5d63a37d	Desperate Move	7th-sea/shifting-tides/7thSea-ShiftingTides-DesperateMove.jpg	default	Action	Shifting Tides		0		0			S	d,p								R	React: Play before you play a Boarding Attack. Draw two cards.	playerNDeck
79d033a0-857c-47a2-8f92-434b4cacae6d	Dirk	7th-sea/shifting-tides/7thSea-ShiftingTides-Dirk.jpg	default	Attachment	Shifting Tides		4	Ad				C	d,s								C	crew Attachment · Item This crew inflicts 1 extra Hit during Boarding Attacks.	playerNDeck
e713d03f-7209-48e2-b170-dc9c340fae81	Don't Mess With Me, Boy!	7th-sea/shifting-tides/7thSea-ShiftingTides-DontMessWithMeBoy.jpg	default	Action	Shifting Tides		0		0			S	d,p								R	Target one of your crew. For each Eye, Face, Arm, or Leg card they have attached, the crew gains +1 to each of their skills until the end of the turn.	playerNDeck
048e18a7-5b9d-4ae3-b00d-3ead15998929	Felix “l'Aigle“	7th-sea/shifting-tides/7thSea-ShiftingTides-FelixLAigle.jpg	default	Crew	Shifting Tides	Explorer's Society	4	In				P	c,t	2	0	0	0	2			C	Felix gains +1 Cannon for every Adventure attached to him which increases his Swashbucking.	playerNDeck
c0c52e58-9e0d-45a1-9a06-c3c898696761	Fid Blue-Eye	7th-sea/shifting-tides/7thSea-ShiftingTides-FidBlueEye.jpg	default	Crew	Shifting Tides	Vesten	4	In				P	c,t	0	0	2	1	2			R	Unique Fid gains +2 to all skills if he has an Eye Attachment. The knife he carries once took out his eye. It grew back, different than it was before. Late at night, he wonders what would happen if he put the other eye out with it.	playerNDeck
e449cb41-a0e9-42b4-98b6-c3885483f335	Gino Napoli	7th-sea/shifting-tides/7thSea-ShiftingTides-GinoNapoli.jpg	default	Crew	Shifting Tides	Crimson Rogers	3	In				P	c,t	1	0	2	0	1			U	Villainous When Gino tacks to produce Adventuring, you may tack another one of your crew to produce 2 extra Adventuring.	playerNDeck
f28b75f6-03ab-47eb-8d63-e1a9d3d6c2ea	Gosse Figurehead	7th-sea/shifting-tides/7thSea-ShiftingTides-GosseFigurehead.jpg	default	Attachment	Shifting Tides	Gosse's Gentlemen	0					C	d,s								R	Gosse Ship Attachment · Unique · Figurehead While you have 3 or more completed adventures in play, you have +10 Sailing for the purposes of determining Initiative.	playerNDeck
083736f5-5d42-4fdf-8ad5-69a4912b6d1a	Graham Hapworth	7th-sea/shifting-tides/7thSea-ShiftingTides-GrahamHapworth.jpg	default	Crew	Shifting Tides	Gosse's Gentlemen	4	In				P	c,t	0	0	1	2	2			C	Loyal · Heroic · Glamour 1 Graham has -1 Influence for every Glamour card you attach to him. You may not attack a Glamour card to Graham if his Influence is less than 1.	playerNDeck
ef708933-e07b-4d6c-ac1e-11221b302cd8	The Gullet	7th-sea/shifting-tides/7thSea-ShiftingTides-TheGullet.jpg	default	Crew	Shifting Tides	unaligned	2	In				P	c,t	0	0	1	0	2			U	Act: Tack The Gullet and target a Pet in this Sea. Sink the Pet.	playerNDeck
37ac226a-7e0f-44f2-b4ef-3965650c965f	Gytha Ives	7th-sea/shifting-tides/7thSea-ShiftingTides-GythaIves.jpg	default	Crew	Shifting Tides	Crimson Rogers	3	In				P	c,t	1	3	0	0	1			C	Villainous	playerNDeck
b2e379cf-0d7d-4ebb-a08d-07370c210ec5	Headed Out	7th-sea/shifting-tides/7thSea-ShiftingTides-HeadedOut.jpg	default	Action	Shifting Tides		3	In	7	In		D	p,t								U	Target one crew on a Ship that is of a different faction than that Ship's Captain. Discard that crew.	playerNDeck
5cfd9f67-ea4f-42ae-ad19-fcd31571b1a2	Herje (Ruin)	7th-sea/shifting-tides/7thSea-ShiftingTides-HerjeRuin.jpg	default	Attachment	Shifting Tides		0					C	d,s								R	crew Attachment - Laerdom 1 Knack (May only be attached to a crew with Laerdom 1 or more) Act: Discard Herje and target a Sea Attachment in this Sea. Discard that Sea Attachment.	playerNDeck
b10b44a8-a6d3-42b5-886f-0e0a2b48042b	Heroic Stand	7th-sea/shifting-tides/7thSea-ShiftingTides-HeroicStand.jpg	default	Action	Shifting Tides		0		0			D	p,t								U	React: Play when your opponent in a Boarding pushes a crew forward to start a Boarding Attack. Push one of your tacked Heroic crew forward to fight against theirs. Sean threw himself at the boarding Montaigne, buying Alesio a few precious seconds.	playerNDeck
8959d9f3-15fa-4f3a-a7b6-42dffdb251e9	Hoskuld Hardrada	7th-sea/shifting-tides/7thSea-ShiftingTides-HoskuldHardrada.jpg	default	Crew	Shifting Tides	Vesten	6	In				P	c,t	0	3	2	2	3			R	Unique · Loyal · Heroic · Swordsman +1 Act: Discard a Weather card from your hand to give Hoskuld +2 Swashbuckling for the remainder of the turn.	playerNDeck
6368f684-f34b-42f4-8be1-32a09963651c	Jacques Renault	7th-sea/shifting-tides/7thSea-ShiftingTides-JacquesRenault.jpg	default	Crew	Shifting Tides	unaligned	4	In				P	c,t	0	1	2	1	2			R	Unique · Holy · Heroic · Swordsman +1 React: Tack Jaques when one of your other crew inflicts Hits with a Boarding Attack. That crew inflicts 2 extra Hits.	playerNDeck
6f827f24-b676-4c47-a829-096c258f0c88	Jorund Guttormson	7th-sea/shifting-tides/7thSea-ShiftingTides-JorundGuttormson.jpg	default	Crew	Shifting Tides	Vesten	3	In				P	c,t	0	0	2	2	4			U	Villainous Any player may produce 6 Influence as an action to target and discard Jorund. The Vendel placed him on board with a sack of gold and a single command -	playerNDeck
99dda761-4fcd-4118-9537-92918784b644	Kedish the Crescent	7th-sea/shifting-tides/7thSea-ShiftingTides-KedishTheCrescent.jpg	default	Crew	Shifting Tides	Crimson Rogers	7	In				P	c,t	4	0	0	1	1			R	Loyal · Gunner When Kedish tacks to produce Cannon, you may tack 1 Influence to produce 2 extra Cannon.	playerNDeck
d4af9c5d-5599-44bc-b977-6bc1bea841fc	The Kire	7th-sea/shifting-tides/7thSea-ShiftingTides-TheKire.jpg	default	Crew	Shifting Tides	unaligned	6	In				P	c,t	0	0	2	1	4			R	Eisen * Unique · First Mate · Heroic When The Kire tacks to aborb Hits, he absorbs 2 extra hits. When The Kire tacks to produce Influence for hiring an Unaligned crew, he produces 2 extra Influence.	playerNDeck
9e8befc9-1acf-41e2-9a90-a553d920e468	Kirsten Blumfeld	7th-sea/shifting-tides/7thSea-ShiftingTides-KirstenBlumfeld.jpg	default	Crew	Shifting Tides	Explorer's Society	5	In				P	c,t	0	0	3	2	2			U	Reduce the Influence cost of Kirsten to 2 if you have a completed Artifact Adventure in play.	playerNDeck
d7f65262-c7c8-42ac-83b7-e259faec96b0	Kjott (Flesh)	7th-sea/shifting-tides/7thSea-ShiftingTides-KjottFlesh.jpg	default	Attachment	Shifting Tides	Vesten	0					C	d,s								F	Vesten Captain Attachment · Unique · Letter of Marque You must have two or more Loyal Vesten crew on your Ship to put Kjott into play. While Kjott is attached to your Captain, all of your Vesten crew absorb 1 extra Hit when tack to absorb Hits.	playerNDeck
75ec9350-2989-4296-bd1b-71d24df69d2e	Lady's Kiss	7th-sea/shifting-tides/7thSea-ShiftingTides-LadysKiss.jpg	default	Action	Shifting Tides		2	Ad	0			S	d,p								C	Target one of your Heroic crew. That crew gains +2 to all skills until the end of the turn.	playerNDeck
af0f4abc-9903-41b8-9bd0-c3c9b5270397	Leila	7th-sea/shifting-tides/7thSea-ShiftingTides-Leila.jpg	default	Crew	Shifting Tides	unaligned	6	In				P	c,t	0	0	2	1	3			U	Unique · Swordsman +2 When Leila tacks to produce Influence when you are hiring a crew, she produces 2 extra Influence.	playerNDeck
ffab8b3d-5cc4-484a-aaa6-ade3652837de	Lightening the Load	7th-sea/shifting-tides/7thSea-ShiftingTides-LighteningTheLoad.jpg	default	Action	Shifting Tides		0		0			S	d,p								U	You may only play this card if you have a Villainous Captain. Discard one of your crew (except a Captain) from play to move your Ship to an adjacent Sea.	playerNDeck
30b26c96-5e7b-46cd-8aaf-616582cf8c06	Listen!	7th-sea/shifting-tides/7thSea-ShiftingTides-Listen.jpg	default	Action	Shifting Tides		2	In	4	In		D	p,t								U	Target a crew with more attachments than their Captain. Sink that crew.	playerNDeck
e9fb36cd-3828-44f1-9020-8cfa77547f9a	“Long Tall“ Harry	7th-sea/shifting-tides/7thSea-ShiftingTides-LongTallHarry.jpg	default	Crew	Shifting Tides	Sea Dogs	6	In				P	c,t	0	3	1	1	1			R	Unique · Loyal · Topman When Harry tacks to pay Sailing to attempt a Boarding, the cancel cost of the Boarding is increased by 2.	playerNDeck
1bd167b8-134b-4751-b54b-69e1c1bf9ed3	Montaigne Exports	7th-sea/shifting-tides/7thSea-ShiftingTides-MontaigneExports.jpg	default	Adventure	Shifting Tides							T	c,s								U	1 Sea Away To Complete: Tack 6 Adventuring (2 if completed in Frothing Sea and you have The River in play). crew Attachment: +3 Influence.	playerNDeck
83a1e4d3-cdb7-436e-a749-ce5c2e926e6f	Musette Falisci	7th-sea/shifting-tides/7thSea-ShiftingTides-MusetteFalisci.jpg	default	Crew	Shifting Tides	Brotherhood	3	In				P	c,t	0	0	3	0	2			R	Loyal · Fate 1 Musette has -1 Adventuring for every Fate card you attach to her. You may not attach a Fate card to Musette if her Adventuring is less than 1.	playerNDeck
4324d113-ce20-43ca-9400-325ee3933795	No Banter...	7th-sea/shifting-tides/7thSea-ShiftingTides-NoBanter.jpg	default	Action	Shifting Tides		2	In	0			D	p,t								C	Until the end of turn, other captains produce 1 less Influence when they tack to produce Influence (minimum 0).	playerNDeck
224db8cd-ff63-45d0-8fe9-91a03dfdd7fa	...No Barter...	7th-sea/shifting-tides/7thSea-ShiftingTides-NoBarter.jpg	default	Action	Shifting Tides		1	Ad	0			D	p,t								U		playerNDeck
df1160c4-a7ed-467f-a1a9-3e6e302a9e26	...No Quarter!	7th-sea/shifting-tides/7thSea-ShiftingTides-NoQuarter.jpg	default	Action	Shifting Tides		0		0			D	p,t								R		playerNDeck
4996b715-c524-4a9e-b56e-79bf47792ed9	Northern Allies	7th-sea/shifting-tides/7thSea-ShiftingTides-NorthernAllies.jpg	default	Attachment	Shifting Tides		11	Ad				C	d,s								U	Trade Sea Attachment · Unique · Control You must be in the Trade Sea to play this card. Any player in the Trade Sea may discard this card by producing 14 Cannon as an action. While this card is in play your hand size is increased by 1. Act: Tack this card to get a Control card from your deck, show it to your opponents, and put it in your hand. Shuffle your deck.	playerNDeck
e9dd2c3e-ca36-4ff2-bbb5-a1fcf405140b	Oar Team	7th-sea/shifting-tides/7thSea-ShiftingTides-OarTeam.jpg	default	Crew	Shifting Tides	unaligned	2	In				P	c,t	0	2	0	0	1			C	Rower · No attachments	playerNDeck
a7b7a305-c9c7-4a1e-a5c4-58de3e98a7ce	Obscured by Smoke	7th-sea/shifting-tides/7thSea-ShiftingTides-ObscuredBySmoke.jpg	default	Action	Shifting Tides		0		0			D	p,t								U	Play when your Ship is suffering more than 7 Hits from a Cannon Attack. Reduce the Hits inflicted by the attack to 7.	playerNDeck
fb4a1f84-35ab-4df0-ace0-10c6980d477d	Offensive Maneuvers	7th-sea/shifting-tides/7thSea-ShiftingTides-OffensiveManeuvers.jpg	default	Adventure	Shifting Tides							T	c,s								C	1 Sea Away To Complete: Tack 2 Adventuring (1 if completed in the Frothing Sea). crew Attachment: This crew inflicts 2 extra hits during Boarding Attacks.	playerNDeck
fe39e36c-0962-4d47-8e8e-9deeb8222fbb	The Ogre	7th-sea/shifting-tides/7thSea-ShiftingTides-TheOgre.jpg	default	Attachment	Shifting Tides		0					C	d,s								U	crew Attachment - Glamour 1 Knack (May only be attached to a crew with Glamour 1 or more) This crew has +1 Swashbuckling during Boardings.	playerNDeck
7ee09ae0-4c04-444a-8d59-1dae9d67ca3c	Panzerhand	7th-sea/shifting-tides/7thSea-ShiftingTides-Panzerhand.jpg	default	Attachment	Shifting Tides		2	In				C	d,s								C	crew Attachment · Item React: Tack Panzerhand as a Boarding Attack to reverse a Thrust or Slash Boarding Attack played by your opponent against this crew. This card produces a Punch Boarding Attack. Until the end of this Boarding, this crew's Boarding Attacks that finish with a Punch inflict 2 extra hits.	playerNDeck
a56f8c45-fda6-492a-9392-213e842d85ea	Please, Take Your Time	7th-sea/shifting-tides/7thSea-ShiftingTides-PleaseTakeYourTime.jpg	default	Action	Shifting Tides		1	In	0			D	p,t								U	You may only play this card if you have a Heroic Captain. Target another player. That player may draw 1 card. Move your Ship to a sea adjacent to your current Sea.	playerNDeck
919aac60-1261-4127-bdfd-314a05f39410	Pulling Through	7th-sea/shifting-tides/7thSea-ShiftingTides-PullingThrough.jpg	default	Attachment	Shifting Tides		0					C	d,s								R	crew Attachment · Porte 1 Knack (May only be attached to a crew with Porte 1 or more) React: Discard this card to target one of your adventures up to a number of seas away equal to this crews Porte. You may immediately complete that Adventure as if your Ship were in that Sea.	playerNDeck
08973e74-4810-4815-9b8e-e1102351c95b	Red the Adventurer	7th-sea/shifting-tides/7thSea-ShiftingTides-RedTheAdventurer.jpg	default	Crew	Shifting Tides	unaligned	4	In				P	c,t	0	0	3	1	2			U	Red gains +1 Adventuring for each Attachment card attached to her.	playerNDeck
b3732bb4-3f01-4528-be87-3e57195166c9	Ring of Honor	7th-sea/shifting-tides/7thSea-ShiftingTides-RingOfHonor.jpg	default	Adventure	Shifting Tides							T	c,s								R	1 Sea Away To Complete: Tack 4 Adventuring (2 if completed in Frothing Sea). Unique · Artifact · Heroic crew Attachment Tack Ring of Honor when one of your Heroic crew is tacking to absorb Hits during Boarding to absorb 3 Hits.	playerNDeck
adcddaad-cf07-4ccf-8e14-238c946b698d	Ring of Villany	7th-sea/shifting-tides/7thSea-ShiftingTides-RingOfVillany.jpg	default	Adventure	Shifting Tides							T	c,s								R	1 Sea Away To Complete: Tack 4 Adventuring (1 if completed in the Forbidden Sea). Unique · Artifact · Villianous crew Attachment React: Tack Ring of Villany when one of your Villianous crew inflicts Hits during a Boarding. Inflict 3 extra Hits.	playerNDeck
fd82b44f-3dd4-4b16-9608-ddf5ad7ad456	The River	7th-sea/shifting-tides/7thSea-ShiftingTides-TheRiver.jpg	default	Attachment	Shifting Tides		4	Ad				C	d,s								R	Frothing Sea Attachment · Unique React: Tack The River when you are paying an Influence cost to produce 1 Influence. It cuts through the continent like a broad blade. Control it, and you control Theah.	playerNDeck
2802edd6-ae2b-4bc5-b047-c0d3f688a8e4	Rognvald Brandson	7th-sea/shifting-tides/7thSea-ShiftingTides-RognvaldBrandson.jpg	default	Crew	Shifting Tides	Vesten	3	In				P	c,t	0	0	1	0	1			R	Unique · Heroic Rognvald gains +1 Influence for every completed Adventure you have in play.	playerNDeck
40194859-9012-4be0-90c3-497d79f38e31	Rosamonde du Montaigne	7th-sea/shifting-tides/7thSea-ShiftingTides-RosamondeDuMontaigne.jpg	default	Crew	Shifting Tides	Montaigne	4	In				P	c,t	0	0	1	2	1			R	Experienced · Unique · Loyal React: Discard one card from your hand when you bring an Ally into play. You may attach that Ally to any Sea.	playerNDeck
513a9d8b-7acd-4c91-852f-a54c50ca3958	Runed Ship's Wheel	7th-sea/shifting-tides/7thSea-ShiftingTides-RunedShipsWheel.jpg	default	Adventure	Shifting Tides							T	c,s								R	1 Sea Away To Complete: Tack 5 Adventuring (2 if completed in Trade Sea). Unique · Artifact · Ship Attachment React: Tack the Ship's Wheel when you are targeted by a Weather card. Cancel the effects of that card.	playerNDeck
dd9b2afb-03ff-49e9-996c-654539cafacc	Santino Medrano	7th-sea/shifting-tides/7thSea-ShiftingTides-SantinoMedrano.jpg	default	Crew	Shifting Tides	Castille	5	In				P	c,t	3	0	3	0	1			U	Instead of performing a Boarding Attack, Santino may tack to inflict 2 Hits on the other Ship in the Boarding.	playerNDeck
f951150a-18b9-4ed3-b920-ccf48b2bda9d	Scarlet Launch	7th-sea/shifting-tides/7thSea-ShiftingTides-ScarletLaunch.jpg	default	Attachment	Shifting Tides	Vesten	3	Ad				C	d,s								R	Vesten Ship Attachment · Unique React: Tack Scarlet Launch when a Sea Attachment targets one of your cards. Negate the effects of that Sea Attachment. The crew of the Revensj doesn't punish their prisoners... they feed them to the sirens.	playerNDeck
cf4fc6a4-5332-4b4a-9827-9712dfeec576	The Second Switch	7th-sea/shifting-tides/7thSea-ShiftingTides-TheSecondSwitch.jpg	default	Adventure	Shifting Tides							T	c,s								R	3 Seas Away To Complete: Tack 2 Adventuring (1 if completed in Trade Sea). crew Attachment: +4 Adventuring.	playerNDeck
4f6d86ae-5696-431b-8896-0bc3389dcc8f	Sharp Shooter	7th-sea/shifting-tides/7thSea-ShiftingTides-SharpShooter.jpg	default	Action	Shifting Tides		2		0			S	d,p								U	React: Play immediately after a crew with Swashbuckling less than 3 tacks to absorb Hits from a Boarding Attack. Target and sink that crew.	playerNDeck
556a1629-7941-492c-aec1-b0f1a57055fb	Shot Across the Bow	7th-sea/shifting-tides/7thSea-ShiftingTides-ShotAcrossTheBow.jpg	default	Action	Shifting Tides		0		0			S	d,p								R	You may only play this card if you have a Heroic Captain. React: Play when you perform a Cannon Attack against a ship. Reduce the Hits inflicted to 0 and attach this card to one of your crew which produced Cannon. This Attachment gives a +3 Cannon.	playerNDeck
e705f401-11e3-4c1e-abb5-78f968e10303	Sighted Pistol	7th-sea/shifting-tides/7thSea-ShiftingTides-SightedPistol.jpg	default	Adventure	Shifting Tides							T	c,s								C	1 Sea Away To Complete: Tack 2 Adventuring (1 if completed in the Forbidden Sea). Item · crew Attachment: This crew inflicts 2 extra hits during Boarding Attacks.	playerNDeck
809c24df-0443-43e4-b345-bd694f7793d2	Sigvaldi Sveinson	7th-sea/shifting-tides/7thSea-ShiftingTides-SigvaldiSveinson.jpg	default	Crew	Shifting Tides	Vesten	5	In				P	c,t	0	3	0	1	3			R	Unique React: Tack Sigvaldi when you push him forward to start a Boarding Attack. If Sigvaldi inflicts Hits with the Boarding Attack, he inflicts 3 extra Hits.	playerNDeck
3166c0e3-13ad-4156-8be7-f73dd29a335a	Slashing Across the Decks	7th-sea/shifting-tides/7thSea-ShiftingTides-SlashingAcrossTheDecks.jpg	default	Adventure	Shifting Tides							T	c,s								R	3 Seas Away To Complete: Tack 3 Adventuring (2 if completed in the Mirror). crew Attachment: +2 Swashbuckling. This crew inflicts 2 extra hits during Boarding Attacks.	playerNDeck
081e510b-a78a-4f5e-a429-73728ccef5e2	Spit in Death's Eye	7th-sea/shifting-tides/7thSea-ShiftingTides-SpitInDeathsEye.jpg	default	Adventure	Shifting Tides							T	c,s								C	1 Sea Away To Complete: Tack 3 Adventuring (2 if completed in the Trade Sea). crew Attachment: You may draw one card immediately before this crew starts a Boarding Attack.	playerNDeck
07574a2a-9ec0-47b4-9dc0-09c2aa58435b	Stolen Documents	7th-sea/shifting-tides/7thSea-ShiftingTides-StolenDocuments.jpg	default	Adventure	Shifting Tides							T	c,s								C	1 Sea Away To Complete: Tack 2 Adventuring (1 if completed in the Forbidden Sea). Illegal · Item · crew Attachment: +1 Influence.	playerNDeck
b1f5d26e-2922-4d7e-af83-f137780373c8	Stolen Sword	7th-sea/shifting-tides/7thSea-ShiftingTides-StolenSword.jpg	default	Adventure	Shifting Tides							T	c,s								U	2 Seas Away To Complete: Tack 2 Adventuring (1 if completed in the Frothing Sea). Illegal · Item · crew Attachment: +1 Swashbuckling. This crew inflicts 2 extra hits during Boarding Attacks.	playerNDeck
8c49f64d-670f-45ba-8d66-e9b95429d52e	That Hurts!	7th-sea/shifting-tides/7thSea-ShiftingTides-ThatHurts.jpg	default	Action	Shifting Tides		0		0			D	p,t								U	React: Play when you are suffering Hits. Sink one of your Ship attachments to absorb 5 Hits.	playerNDeck
521f8818-43e9-43a8-8613-de7167444bfd	Timothy le Beau	7th-sea/shifting-tides/7thSea-ShiftingTides-TimothyLeBeau.jpg	default	Crew	Shifting Tides	Montaigne	10	In				P	c,t	0	0	0	2	2			F	Experienced · Unique · First Mate · Loyal · Porte 2 Act: Tack Timothy and target a Ship. Timothy inflicts 2 Hits on that Ship.	playerNDeck
20c35dd1-f992-4120-ac27-40b7b1109b65	To Fight Another Day	7th-sea/shifting-tides/7thSea-ShiftingTides-ToFightAnotherDay.jpg	default	Action	Shifting Tides		1	Ad	0			D	p,t								R	React: Play when another player is discarding or sinking one of your Sea attachments. Your Sea Attachment remains in play.	playerNDeck
3c18ce52-64e7-4e8a-86fd-df3db3415a50	Tugging the Strands	7th-sea/shifting-tides/7thSea-ShiftingTides-TuggingTheStrands.jpg	default	Attachment	Shifting Tides		0					C	d,s								R	crew Attachment - Fate 2 Knack (May only be attached to a crew with Fate 2 or more) Act: The actions phase ends. Play proceeds to the Draw phase. Sink this card. Alesio closed her eyes as the General's cannons fired. Destiny would be changed now, or the Brotherhood would die beneath the onslaught.	playerNDeck
840b2fe1-c7ac-4e40-a785-5cf65a0d7818	Unexpected Hero	7th-sea/shifting-tides/7thSea-ShiftingTides-UnexpectedHero.jpg	default	Attachment	Shifting Tides		3	Ad				C	d,s								C	crew Attachment This card may only be attached to a Cew with the No attachments trait. This crew no longer has the No attachments trait.	playerNDeck
b0317e46-3b87-428b-871a-a01e050bd876	Valkyries	7th-sea/shifting-tides/7thSea-ShiftingTides-Valkyries.jpg	default	Crew	Shifting Tides	Vesten	3	In				P	c,t	0	0	1	0	2			C	Loyal · No attachments When Valkyries tack to absorb hits, they absorb 2 extra Hits. Valkyries inflict 1 extra hit during Boarding Attacks.	playerNDeck
f11f8be1-633c-4d05-8cd4-055ee4c8e27c	Vesten Figurehead	7th-sea/shifting-tides/7thSea-ShiftingTides-VestenFigurehead.jpg	default	Attachment	Shifting Tides	Vesten	0					C	d,s								R	Vesten Ship Attachment · Unique · Figurehead Act: Tack the Vesten Figurehead while you have 3 or more completed adventures in play to target another Ship in this Sea. You inflict a 2 Hit Cannon Attack on that Ship.	playerNDeck
a2acb349-4c74-4c2e-bb84-d259d8185780	Vesten Pride	7th-sea/shifting-tides/7thSea-ShiftingTides-VestenPride.jpg	default	Action	Shifting Tides		0		0			D	p,t								R	Until the end of the turn, your Vesten crew inflict 1 extra Hit during Boarding Attacks. If there is another Vesten Ship in play, then until the end of the turn your Vesten crew inflict 1 extra Hit during Boarding Attacks (2 extra Hits total).	playerNDeck
806b2486-e989-4135-b945-8af26a688ef9	Victory for the Bold	7th-sea/shifting-tides/7thSea-ShiftingTides-VictoryForTheBold.jpg	default	Action	Shifting Tides		0		0			S	d,p								U	React: Play this card when you complete an Adventure if there is another Ship in this Sea. Move your Ship to an adjacent Sea.	playerNDeck
f843f6ab-8441-45f4-ad12-710488c5d42c	Vodanken's Breath	7th-sea/shifting-tides/7thSea-ShiftingTides-VodankensBreath.jpg	default	Action	Shifting Tides		2	Ad	0			D	p,t								R	Weather Target a Sea. Until the end of this turn, ships suffer 3 Hits when they enter that Sea. ships may avoid suffering these Hits by paying Sailing equal to their move cost.	playerNDeck
872cbca4-2b51-4611-ba32-31541977cd85	Willie Wilcox	7th-sea/shifting-tides/7thSea-ShiftingTides-WillieWilcox.jpg	default	Crew	Shifting Tides	Brotherhood	5	In				P	c,t	2	0	0	1	3			U	Willie inflicts 2 extra Hits during Boarding Attacks.	playerNDeck
50e34385-1a9e-4e28-9396-5369a9b5f4f5	Wounded	7th-sea/shifting-tides/7thSea-ShiftingTides-Wounded.jpg	default	Action	Shifting Tides		0		0			D	p,t								R	React: Play when you are tacking a crew to absorb hits. That crew absorbs 3 extra hits, and this card attaches to the crew. This crew may not untack while Wounded is attached - discard Wounded instead.	playerNDeck
e7f33f1e-ce7d-4950-9254-0253dc523cbb	Allende's Folly	7th-sea/reapers-fee/7thSea-ReapersFee-AllendesFolly.jpg	default	Action	Reaper's Fee							S	d.p								U	Act: Target a Ship in this Sea with a tacked Brotherhood Captain on Board. Inflict 4 Hits on that Ship. Act: Tack one of your Crew to draw 1 card from your Deck.	playerNDeck
39a611d5-2ec4-4804-ad5d-adc347905c46	“All Hands on Deck!“	7th-sea/reapers-fee/7thSea-ReapersFee-AllHandsOnDeck.jpg	default	Action	Reaper's Fee							D	p,t								U	Tack your Captain or one of your Crew with the First Mate trait to play this card. Show your hand to your opponents. If you do not have any Crew in your hand, you may go through your deck and  discard pile and get one Crew aligned to your Captain's faction. Reveal the Crew to your opponents, and place it in your hand. Shuffle your Deck.	playerNDeck
d6796d95-3027-476a-a328-9e144aa84cfc	Andrei Levovich	7th-sea/reapers-fee/7thSea-ReapersFee-AndreiLevovich.jpg	default	Crew	Reaper's Fee	Crimson Rogers	6	In				P	c,t	2	0	3	1	3			U	Experienced • Unique • Swordsman +1 • React: Once per turn, untack Andrei after you suffer and absorbed all of the Hits from a Cannon Attack.	playerNDeck
d0c0d88d-3255-495d-8af2-c45fea8686a7	Anointed by Theus	7th-sea/reapers-fee/7thSea-ReapersFee-AnointedByTheus.jpg	default	Attachment	Reaper's Fee		2	Sw				C	d,s								C	Holy Crew Attachment -- React: Tack this Crew when you are paying a cancel cost to reduce the cost by this Crew's Influence cost (minimum 0).	playerNDeck
5ac9b689-f078-41c5-a965-99e2c994d2d8	“Arm Yourselves!“	7th-sea/reapers-fee/7thSea-ReapersFee-ArmYourselves.jpg	default	Action	Reaper's Fee							D	p,t								U	Tack your Captain or one of your Crew with the First Mate trait to play this card. Until the end of the turn, all of your Crew aligned to your Captain's faction inflict 2 extra Hits during Boarding Attacks.	playerNDeck
1ba7b216-180b-424f-b6e6-dedeca007101	At the Ready	7th-sea/reapers-fee/7thSea-ReapersFee-AtTheReady.jpg	default	Action	Reaper's Fee		2	Ad	3	Ad		S	d,p								R	The other Ship in the Boarding may pay the cancel cost of this card. React: Play when you are entering a Boarding. Untack one of your Ship or Crew Attachments.	playerNDeck
91638d1c-9009-40db-a06b-bbe4d12deb7d	Back It Up	7th-sea/reapers-fee/7thSea-ReapersFee-BackItUp.jpg	default	Action	Reaper's Fee							D	p,t								C	React: Play when a player produces skill points (other than absorbing Hits) without tacking a crew. That player suffers 3 Hits.	playerNDeck
e6998555-eba9-4712-9844-94a1cdc9114f	Bardo Murillo	7th-sea/reapers-fee/7thSea-ReapersFee-BardoMurillo.jpg	default	Crew	Reaper's Fee	Castille	5	In				P	c,t	0	2	2	0	3			C	React: Tack Bardo instead of performing a Boarding Attack to tack a non-Captain Crew on the other Ship.	playerNDeck
679148e8-e683-4b46-8dd4-05920682e688	Bethesda Quinn	7th-sea/reapers-fee/7thSea-ReapersFee-BethesdaQuinn.jpg	default	Crew	Reaper's Fee	unaligned	4	In				P	c,t	0	0	1	0	2			C	Swordsman +2 • Bethesda does not tack after conducting a Boarding Attack where a Crew with an Influence cost less than 3 was sunk.	playerNDeck
b4ff5d3b-9304-4f82-a542-6174f14bdb71	The Black Freighter's Folly	7th-sea/reapers-fee/7thSea-ReapersFee-TheBlackFreightersFolly.jpg	default	Action	Reaper's Fee							D	p,t								U	Act: Target a Ship in this Sea with a tacked Black Freighter captain on board. Inflict 4 Hits on that Ship. Act: Tack one of your Crew to draw 1 card from your Deck.	playerNDeck
dead9af8-4a18-4e60-ba25-9d9b0baecea5	“Brace Yourselves!“	7th-sea/reapers-fee/7thSea-ReapersFee-BraceYourselves.jpg	default	Action	Reaper's Fee							S	d,p								U	Tack your Captain or one of your crew with the First Mate trait to play this card. Until the end of the turn, whenever you are suffering hits, you suffer 2 fewer Hits (minimum 0).	playerNDeck
634502ee-30ad-4cb0-b266-fb383b1fecf0	“Butcher” Pinchot	7th-sea/reapers-fee/7thSea-ReapersFee-ButcherPinchot.jpg	default	Crew	Reaper's Fee	Crimson Rogers	6	In				P	c,t	1	0	1	2	2			R	Experienced • Unique • Loyal • Villainous • "Butcher" does not count toward your Crew Maximum. React: Tack "Butcher" when another Ship in this Sea is suffering Hits. That Ship suffers 2 additional Hits.	playerNDeck
3accf896-98e3-48c9-bbd7-2e8e43ccbf13	Called Away	7th-sea/reapers-fee/7thSea-ReapersFee-CalledAway.jpg	default	Action	Reaper's Fee							D	p,t								C	Act: Target one of your non-Captain Crew in play. Place that Crew in your hand. Discard any cards attached to that Crew. Act: Target a tacked Crew with the No Attachments trait in this Sea. Pay 3 Influence to return the target crew to their owner's hand.	playerNDeck
8e81eae3-100d-4bd3-b97c-650822cc4273	Carlos Altenar	7th-sea/reapers-fee/7thSea-ReapersFee-CarlosAltenar.jpg	default	Crew	Reaper's Fee	Castille	6	In				P	c,t	1	2	0	1	3			R	Experienced • Unique • Loyal • Villainous • Swordsman +2 • Act: Once per turn, sink one of your Holy Crew to untack your Captain.	playerNDeck
579d907c-c095-4e3d-addd-8af97802f120	“Cat's Claw” Fornier	7th-sea/reapers-fee/7thSea-ReapersFee-CatsClawFornier.jpg	default	Crew	Reaper's Fee	Black Freighter	3	In				P	c,t	0	2	0	0	1			U	Loyal • No Attachments • Skeletal • React: Discard Fornier when you are paying your Ship's Move Cost to attempt a Boarding. The cost to cancel that Boarding is increased by 2.	playerNDeck
06a72154-d4fa-4a62-8267-731ef67e073a	Claw of Thalusai	7th-sea/reapers-fee/7thSea-ReapersFee-ClawOfThalusai.jpg	default	Action	Reaper's Fee		3	Sw				D	p,t								C	React: Play when you are suffering Hits. Attach this card to one of your Crew to suffer 3 fewer Hits. This card has the Hand Attachment. A Crew may not have more than 1 Hand Attachment. Whenever this Crew tacks to absorb Hits, this Crew absorbs 2 extra Hits.	playerNDeck
92f363e5-6ab4-42f3-894d-c7cc2c0193ee	The Corsair's Folly	7th-sea/reapers-fee/7thSea-ReapersFee-TheCorsairsFolly.jpg	default	Action	Reaper's Fee							D	p,t								U	Act: Target a Ship in this Sea with a tacked Corsair's captain on board. Inflict 4 hits on that ship. Act: Tack one of your Crew to draw 1 card from your Deck.	playerNDeck
a4190d03-3222-40c4-a1ab-a0ecc2437905	Cossette's Mutiny	7th-sea/reapers-fee/7thSea-ReapersFee-CossettesMutiny.jpg	default	Chantey	Reaper's Fee				4	In		S	d,p								U	All Captains have the following ability: Act: Once per turn, target a Ship to inflict Hits equal to the number of Crew on Board with a different Faction symbol than their Captain.	playerNDeck
43c264c3-cbd0-48f4-9b08-f0b168ee9050	Dark Past	7th-sea/reapers-fee/7thSea-ReapersFee-DarkPast.jpg	default	Action	Reaper's Fee		4	In				S	d,p								R	Target a Crew in this Sea. That Crew gains the Villainous trait until the end of the turn. The target's player may sink one of their Crew to cancel this action.	playerNDeck
3cd10921-57c5-4cf5-8751-869afe91a440	Dashing Blade	7th-sea/reapers-fee/7thSea-ReapersFee-DashingBlade.jpg	default	Attachment	Reaper's Fee							C	d,s								R	Castillian Captain Attachment • Unique • -- You must tack one of your Swordsman Crew to put this card into play. React: Tack this card instead of perfomring a Boarding Attack to inflict 3 Hits on the other Ship in the Boarding.	playerNDeck
b3e33859-0240-48f3-8726-a62601c4cc4d	Deck Hands	7th-sea/reapers-fee/7thSea-ReapersFee-DeckHands.jpg	default	Crew	Reaper's Fee	unaligned	1	In				P	c,t	0	0	0	0	1			C	No Attachments • When hiring Deck Hands, you may discard a card from your hand to reduce Deck Hands' Influence cost to 0.	playerNDeck
d72bd990-f582-4b3d-b785-d58a13c11538	Eisen Mercs	7th-sea/reapers-fee/7thSea-ReapersFee-EisenMercs.jpg	default	Crew	Reaper's Fee	Vesten	3	In				P	c,t	0	0	1	0	2			C	Eisen * No Attachments • Eisen Mercs inflict 2 extra Hits during Boarding Attacks for each other Crew you have on Board with the title "Eisen Mercs".	playerNDeck
e2fafdd1-9a04-43e8-8c51-4d938913fbaa	Elena Agnelli	7th-sea/reapers-fee/7thSea-ReapersFee-ElenaAgnelli.jpg	default	Crew	Reaper's Fee	Crimson Rogers	4	In				P	c,t	1	0	0	2	1			C	Vodacce * Villainous • Fate 1 • If Elena is discarded or sunk, you must discard another of your non-Captain Crew.	playerNDeck
7dbbca8b-95d3-4d22-8df1-2e69e472a700	Erich Carlberg	7th-sea/reapers-fee/7thSea-ReapersFee-ErichCarlberg.jpg	default	Crew	Reaper's Fee	Vesten	6	In				P	c,t	0	2	1	3	3			U	Eisen * Unique • Swordsman +1 • Your Crew with the title "Eisen Mercs" absorb 2 extra Hits when tacking to absorb Hits.	playerNDeck
93701116-0281-4d6b-9fd6-09154a68cb9e	The Explorer's Folly	7th-sea/reapers-fee/7thSea-ReapersFee-TheExplorersFolly.jpg	default	Action	Reaper's Fee							S	d,p								U	Act: Target a Ship in this Sea with a tacked Explorer's captain on board. Inflict 4 hits on that ship. Act: Tack one of your Crew to draw 1 card from your Deck.	playerNDeck
bcd261ad-cd5a-458f-a749-e27e8e0033dc	Eye of Sky and Sea	7th-sea/reapers-fee/7thSea-ReapersFee-EyeOfSkyAndSea.jpg	default	Attachment	Reaper's Fee							C	d,s								R	Crew Attachment • Glamour 1 Knack • Eye -- React: Tack this Crew when a Crew in this sea tacks to produce Cannon. That Crew produces no Cannon	playerNDeck
cf41f02e-c88f-47b4-82d4-4769ee83b948	Fair Skies	7th-sea/reapers-fee/7thSea-ReapersFee-FairSkies.jpg	default	Action	Reaper's Fee		3	Ad				D	p,t								R	Weather - Target a Sea. During the Draw Cards Phase this turn, any player in target Sea may draw 2 extra cards from their deck.	playerNDeck
c44ea219-a3cf-4d14-bf16-b00b4e8dba8c	Fair Warning	7th-sea/reapers-fee/7thSea-ReapersFee-FairWarning.jpg	default	Attachment	Reaper's Fee		1	In				C	d,s								R	Captain Attachment • Unique • Item -- The skill costs to discard or sink your Ally cards are increased by 1. React: Discard Fair Warning when a player takes an action that results in one of your Ally cards being discarded. That action is cancelled.	playerNDeck
bb22fbec-0d64-40f8-a9a7-016fe0d6837d	Fate's Revenge	7th-sea/reapers-fee/7thSea-ReapersFee-FatesRevenge.jpg	default	Action	Reaper's Fee							S	d,p								R	React: Tack your Captain when you are entering a Boarding as the Defender to untack all of your non-Captain crew. The attacker may also untack all of their non-Captain crew.	playerNDeck
366b7885-83f8-451a-bddc-64573af16381	Felipe Jose de Granjero	7th-sea/reapers-fee/7thSea-ReapersFee-FelipeJoseDeGranjero.jpg	default	Crew	Reaper's Fee	Castille	7	In				P	c,t	0	2	3	3	3			R	Experienced • Unique • Loyal • Swordsman +3 • Act: Discard Felipe to target a Ship two or more Seas away. Move that Ship 1 Sea towards your Ship.	playerNDeck
066d51a4-4279-4c27-b746-0c0aa34a49ac	The Fifth Switch	7th-sea/reapers-fee/7thSea-ReapersFee-TheFifthSwitch.jpg	default	Adventure	Reaper's Fee							T	c,s								R	Prize • 2 Seas Away • Unique -- To complete: Pay 3 Adventuring, then suffer 2 Hits. Item • Captain Attachment: Act: Sink this card. All Ships suffer a number of Hits equal to twice the number of Sea Attachments they control.	playerNDeck
a64e5584-d2d8-4046-8d0a-62fbe16df933	First Tide	7th-sea/reapers-fee/7thSea-ReapersFee-FirstTide.jpg	default	Chantey	Reaper's Fee							D	p,t								C	Any player may sink this Chantey by sinking three cards from their hand as an action. Crew with the Topman trait have +3 Sailing.	playerNDeck
7e760ab2-7b1f-47be-8476-3b66175bb0fe	For the Greater Good	7th-sea/reapers-fee/7thSea-ReapersFee-ForTheGreaterGood.jpg	default	Action	Reaper's Fee							D	p,t								R	Target one of your Loyal Crew with the No Attachments trait. Target Crew gains +2 swashbuckling and +1 to each of their other skills until the end of the turn. Discard that Crew at the end of the Untack Phase this turn.	playerNDeck
4f30ffff-9007-49d8-8e1e-6748ccacde81	Foul Weather Ahead	7th-sea/reapers-fee/7thSea-ReapersFee-FoulWeatherAhead.jpg	default	Action	Reaper's Fee		2	Ad				S	d,p								R	Weather - Target a Sea. Until the end of the turn, Ships suffering Hits in that Sea, suffer 2 extra Hits.	playerNDeck
f61746ac-2707-40e6-9bb9-abc275a6b698	Fyddych O'Bannon	7th-sea/reapers-fee/7thSea-ReapersFee-FyddychOBannon.jpg	default	Crew	Reaper's Fee	Castille	4	In				P	c,t	0	4	0	0	1			C	Loyal • Glamour 1	playerNDeck
f990b888-dc65-423f-afde-770e19c8275c	Gespucci Bernoulli	7th-sea/reapers-fee/7thSea-ReapersFee-GespucciBernoulli.jpg	default	Attachment	Reaper's Fee		4	Ad				C	d,s								C	This Sea Attachment • Ally -- Any player in this Sea may sink this card by producing 4 Swashbuckling as an Action. Act: Tack this card to attach it to a Sea adjacent to this Sea. Act: Tack this card to inflict 3 hits on a Ship in this Sea. The target may pay its Ship move Cost and move to an adjacent Sea to cancel this action.	playerNDeck
3dd89a93-723a-47c4-9c1c-9245885a5e2a	Gina “the Jackal“	7th-sea/reapers-fee/7thSea-ReapersFee-GinaTheJackal.jpg	default	Crew	Reaper's Fee	unaligned	5	In				P	c,t	0	0	3	3	1			U	Unique • No Attachments • Act: Once per turn, target an Item Attachment on one of your Crew. Attach the Item to another of your Crew.	playerNDeck
2d422774-833d-4cc0-90e3-0b55f2a13d2b	Gosse's Folly	7th-sea/reapers-fee/7thSea-ReapersFee-GossesFolly.jpg	default	Action	Reaper's Fee							D	p,t								U	Act: Target a Ship in this Sea with a tacked Gosse Captain on Board. Inflict 4 hits on that ship. Act: Tack one of your Crew to draw 1 card from your Deck.	playerNDeck
3433506b-1c12-449e-ac41-ddde54f36067	Grenade	7th-sea/reapers-fee/7thSea-ReapersFee-Grenade.jpg	default	Attachment	Reaper's Fee		2	Ad				C	d,s								C	Crew Attachment • Item -- React: Discard this Attachment instead of performing a Boarding Attack. The opposing player in the Boarding suffers 4 Hits, then you suffer 1 Hit.	playerNDeck
42a372db-7d45-450d-9913-c45df5b9de73	Grigorii Popvich	7th-sea/reapers-fee/7thSea-ReapersFee-GrigoriiPopvich.jpg	default	Crew	Reaper's Fee	Brotherhood	5	In				P	c,t	2	0	1	0	2			U	Gunner • Loyal • Pyeryem 1 • When Grigori tacks to absorb Hits, he absorbs 2 extra Hits. React: Tack Grigori when you are entering a Boarding as the Attacker to inflict 2 Hits on the other Ship in the Boarding.	playerNDeck
a8079426-cd30-4857-b240-16d369c185d5	Gris Hallisdottir	7th-sea/reapers-fee/7thSea-ReapersFee-GrisHallisdottir.jpg	default	Crew	Reaper's Fee	Vesten	8	In				P	c,t	0	0	3	3	1			R	Experienced • Unique • Loyal • Laerdom 2 • React: Discard Gris when a player attempts a Boarding with your Ship to cancel that Boarding attempt.	playerNDeck
1035fb6c-35d0-4211-b11e-0ecfa8e3dd4d	Gustolph Hirsch	7th-sea/reapers-fee/7thSea-ReapersFee-GustolphHirsch.jpg	default	Crew	Reaper's Fee	Corsairs	6	In				P	c,t	0	0	2	2	2			R	Experienced • Unique • Loyal • Villainous • When Gustolph tacks to produce Influence to hire a Captive Crew, he produces 3 extra Influence. React: Tack Gustolph immediately after you tack a Captive Crew to untack that Crew.	playerNDeck
d888a5e6-6c7c-494d-91a4-b763b61696d3	A Hearty Individual	7th-sea/reapers-fee/7thSea-ReapersFee-AHeartyIndividual.jpg	default	Adventure	Reaper's Fee							T	c,s								U	1 Sea Away -- To Complete: Pay 5 Adventuring (4 if completed in the Forbidden Sea). Crew Attachment: +1 Swashbuckling. This Crew absorbs 2 extra Hits when tacking to absorb Hits.	playerNDeck
3832d58d-83a5-48fa-8958-c5c6afb54086	Henry the Clockmaker	7th-sea/reapers-fee/7thSea-ReapersFee-HenryTheClockmaker.jpg	default	Crew	Reaper's Fee	unaligned	6	In				P	c,t	0	3	4	0	1			C	When hiring Henry you may pay 4 Adventuring to reduce Henry's Influence cost to 0.	playerNDeck
eda24653-e475-45ee-98a7-86a9f208dd31	Hidden Talents	7th-sea/reapers-fee/7thSea-ReapersFee-HiddenTalents.jpg	default	Chantey	Reaper's Fee							S	d,p								C	All Captains have +1 to each of their skills.	playerNDeck
c2eaeaac-d067-4b9b-b6a2-45589dec2510	High King Asbjornsson	7th-sea/reapers-fee/7thSea-ReapersFee-HighKingAsbjornsson.jpg	default	Chantey	Reaper's Fee							P	c,t								C	All Captains have +3 Influence while in their Starting Sea.	playerNDeck
0390d131-3282-429e-a5cf-986078418394	Hired Saboteurs	7th-sea/reapers-fee/7thSea-ReapersFee-HiredSaboteurs.jpg	default	Action	Reaper's Fee		3	In	5	In		D	p,t								C	Target a Ship with more than 2 Ship attachments. Target Ship's controller must discard one of their ship attachments.	playerNDeck
9103e3de-e57c-4e41-ae63-716b8d4a2183	Hit to the Captain's Quarters	7th-sea/reapers-fee/7thSea-ReapersFee-HitToTheCaptainsQuarters.jpg	default	Action	Reaper's Fee							D	p,t								R	Unique -- React: Play this card when you are suffering Hits. Attach this card to your ship as a Damage Attachment to absorb 5 Hits. While this card is attached you may not untack your Captain during the untack phase and your Captain has -2 to all Skills (minimum 1). You may sink this Attachment by paying 4 Swashbuckling as an Action. You may not sink or discard this card with other card effects.	playerNDeck
ad5245d3-155e-42fd-b31c-2c282bdcabc4	Hit to the Galley	7th-sea/reapers-fee/7thSea-ReapersFee-HitToTheGalley.jpg	default	Action	Reaper's Fee							S	d,p								R	Unique -- React: Play this card when you are suffering Hits. Attach this card to your ship as a Damage Attachment to absorb 5 Hits. While this card is attached you must discard a card from your hand to play an Action card. You may sink this Attachment by paying 4 Swashbuckling as an Action. You may not sink or discard this card with other card effects.	playerNDeck
50b3eb93-2617-45bd-bbdb-2bb578063dcb	Hit to the Main Mast	7th-sea/reapers-fee/7thSea-ReapersFee-HitToTheMainMast.jpg	default	Action	Reaper's Fee							D	p,t								R	Unique -- React: Play this card when you are suffering Hits. Attach this card to your ship as a Damage Attachment to absorb 5 Hits. While this card is attached you may not use your "Free Move" and you are considered to have 10 less Sailing for Initiative. You may sink this Attachment by paying 4 Swashbuckling as an Action. You may not sink or discard this card with other card effects.	playerNDeck
685cf58b-00b4-49e5-b46e-e05b75956ce9	Hit to the Powder Room	7th-sea/reapers-fee/7thSea-ReapersFee-HitToThePowderRoom.jpg	default	Action	Reaper's Fee							D	p,t								R	Unique -- React: Play this card when you are suffering Hits. Attach this card to your ship as a Damage Attachment to absorb 6 Hits. While this card is attached your hand size is reduced by 3 (minimum 0). You may sink this Attachment by paying 4 Swashbuckling as an Action. You may not sink or discard this card with other card effects.	playerNDeck
aa42367f-eb44-4836-a441-0a03f8e89244	Hold Your Ground	7th-sea/reapers-fee/7thSea-ReapersFee-HoldYourGround.jpg	default	Action	Reaper's Fee				3	Sw		S	d,p								C	The other Ship in the Boarding may pay the cancel cost of this card. React: Play instead of performing a Boarding Attack. Until the end of the Boarding , Boarding Attacks inflict 1 fewer Hit (minimum 0).	playerNDeck
c5c328b8-be08-4917-8187-0e5ea5675ccc	Inquisitor Bascalle	7th-sea/reapers-fee/7thSea-ReapersFee-InquisitorBascalle.jpg	default	Crew	Reaper's Fee	Castille	8	In				P	c,t	0	0	2	5	2			F	Experienced • Unique • Loyal • First Mate • Holy • Villainous • Act: Tack Bascalle to give all of your other Holy Crew in play +2 to all of their skills that are greater than 0, until the end of the turn.	playerNDeck
5d76822e-ca1b-4a83-a761-07a473d301cd	Isabeau Dubois du Arrent	7th-sea/reapers-fee/7thSea-ReapersFee-IsabeauDuboisDuArrent.jpg	default	Crew	Reaper's Fee	Montaigne	6	In				P	c,t	1	3	3	2	2			R	Experienced • Unique • Loyal • React: Once per turn, discard a card from your hand instead of performing a Boarding Attack to inflict 2 Hits on the other Ship in the Boarding.	playerNDeck
881207fe-f12f-41af-b0ab-2ed4e0894408	The Island	7th-sea/reapers-fee/7thSea-ReapersFee-TheIsland.jpg	default	Chantey	Reaper's Fee							S	d,p								C	Any player may sink this Chantey by tacking their Captain as an action. Players may not play Chanteys.	playerNDeck
bbbfe4be-0bda-421e-9766-8d76b4e0619f	It Doesn't Matter	7th-sea/reapers-fee/7thSea-ReapersFee-ItDoesntMatter.jpg	default	Action	Reaper's Fee							D	p,t								C	React: Play when a Boarding ends. The players involved with that Boarding must discard their hands and draw 7 new cards	playerNDeck
6c03dd18-fa49-4a8c-b4cb-0f1cd0b4d629	Jacob Faust	7th-sea/reapers-fee/7thSea-ReapersFee-JacobFaust.jpg	default	Crew	Reaper's Fee	Explorer's Society	7	In				P	c,t	2	0	4	2	3			R	Experienced • Unique • Loyal • Heroic • Swordsman +1 • Act: Target one of your Adventures in an adjacent Sea and discard Jacob to move your Ship to that Sea. The Adventuring cost to complete the target Adventure is reduced by 4 (minimum 0) until the end of the turn.	playerNDeck
eda5f839-9930-46f8-b474-c5bf479e5cb5	Jamie Sices du Sices	7th-sea/reapers-fee/7thSea-ReapersFee-JamieSicesDuSices.jpg	default	Crew	Reaper's Fee	Corsairs	4	In				P	c,t	0	0	2	1	2			U	Captive • Rower • No Attachments • React: Tack and sink Jaime when you are being targeted with an action that will begin a Boarding with your Ship to cancel that action. The player that attempted the action must sink two cards from their hand.	playerNDeck
040cec64-cb6f-4cf9-ab8c-76e46d647c8e	Javier's Mistake	7th-sea/reapers-fee/7thSea-ReapersFee-JaviersMistake.jpg	default	Action	Reaper's Fee							S	d,p								R	You may only play this card if you have a Villainous Captain. React: Sink a Crew aligned to your Captain's Faction when you are paying an Adventuring cost to produce 3 Adventuring.	playerNDeck
0883efc6-05f3-4064-a8d3-0292969b72da	Joris Hartig	7th-sea/reapers-fee/7thSea-ReapersFee-JorisHartig.jpg	default	Crew	Reaper's Fee	Vesten	4	In				P	c,t	0	0	2	1	2			C	Joris produces 2 extra Influence when paying Influence to hire an Unaligned Crew.	playerNDeck
6e5e7c49-39de-45e6-8610-9fa0fbb8e61c	A Killer Revealed	7th-sea/reapers-fee/7thSea-ReapersFee-AKillerRevealed.jpg	default	Action	Reaper's Fee							D	p,t								R	Target another player's Ship with both a Heroic and Villainous Crew on Board. That ship suffers 7 hits. Target Ship's player may cancel this Action by discarding a Villainous Crew.	playerNDeck
5829c9b8-a959-447a-9129-225b4cb2dfbf	The Kire's Pen	7th-sea/reapers-fee/7thSea-ReapersFee-TheKiresPen.jpg	default	Action	Reaper's Fee		1	Ad				D	p,t								R	React: Play when another player is putting a Chantey into play. That Chantey does not enter play and is discarded. Any Chantey already in play remains in play.	playerNDeck
5233d920-beca-464c-af41-57fa7bf0dfb1	“The Lightbringer is Ours!“	7th-sea/reapers-fee/7thSea-ReapersFee-TheLightbringerIsOurs.jpg	default	Chantey	Reaper's Fee				4	In		T	c,s								U	Any player may sink this Chantey by producing 7 Influence as an action. All Captains have the following ability: React: Once per turn, discard one of your Crew aligned to your Captain's faction when you are paying an Influence cost to produce 2 Influence.	playerNDeck
813c26f2-ac5b-4228-bacc-04ef04da72bc	“Long Tall” Harry	7th-sea/reapers-fee/7thSea-ReapersFee-LongTallHarry.jpg	default	Crew	Reaper's Fee	Sea Dogs	8	In				P	c,t	1	3	2	2	2			R	Experienced • Unique • Loyal • Topman • React: Once per turn, sink up to three cards from your hand when your Ship attempts to start a Boarding; the cancel cost of the boarding is increased by 2 for each card sunk.	playerNDeck
904f9c56-c4d7-4884-b76c-01a76c8fa1dc	“Look Lively, Men!“	7th-sea/reapers-fee/7thSea-ReapersFee-LookLivelyMen.jpg	default	Action	Reaper's Fee							S	d,p								U	Tack your Captain or one of your Crew with the First Mate trait to play this card. All of your Crew aligned to your faction gain +1 influence until the end of the turn.	playerNDeck
3270f549-bf32-481e-88d4-6cc06c7f9a93	“Man the Tops!“	7th-sea/reapers-fee/7thSea-ReapersFee-ManTheTops.jpg	default	Action	Reaper's Fee							D	p,t								U	Tack your Captain or one of your crew with the First Mate trait to play this card. Until the end of the turn, all of your Crew aligned to your Captain's faction gain +2 Sailing, until the end of the turn.	playerNDeck
44d35850-b797-4c12-866a-e84084296362	Matushka's Blessing	7th-sea/reapers-fee/7thSea-ReapersFee-MatushkasBlessing.jpg	default	Attachment	Reaper's Fee							C	d,s								U	Crew Attachment • Pyeryem Knack -- +1 Pyeryem	playerNDeck
4ca9fac0-fc9b-4a05-8911-7fb3d609714b	Message from Margaretta	7th-sea/reapers-fee/7thSea-ReapersFee-MessageFromMargaretta.jpg	default	Adventure	Reaper's Fee							T	c,s								C	1 Sea Away -- To Complete: Pay 3 Adventuring (2 if completed in La Boca). Item • Crew Attachment: This Crew absorbs 2 extra Hits when tacking to absorb Hits.	playerNDeck
147563dc-ff71-401d-be93-d514b75e590e	Miguel Sandoval de Castillo	7th-sea/reapers-fee/7thSea-ReapersFee-MiguelSandovalDeCastillo.jpg	default	Crew	Reaper's Fee	Castille	7	In				P	c,t	1	2	3	0	3			U	Unique • Swordsman +2 • React: Once per turn, immediately before the Attacker in a Boarding performs a Boarding Attack, the opposing player in the Boarding must target one of their Crew. Play a card from your hand as a Boarding Attack to begin a Duel between Miguel and the targeted Crew.	playerNDeck
7bdcb13c-6de2-45bf-86e1-df471b624a83	Neither Asked Nor Given	7th-sea/reapers-fee/7thSea-ReapersFee-NeitherAskedNorGiven.jpg	default	Chantey	Reaper's Fee		2	Ad	2	Ad		T	c,s								C	Players draw 2 fewer cards after each round of a Boarding (minimum 1).	playerNDeck
50bba88c-32f5-45e1-9821-39d647e6c537	One Fell Swoop	7th-sea/reapers-fee/7thSea-ReapersFee-OneFellSwoop.jpg	default	Adventure	Reaper's Fee							T	c,s								C	1 Sea Away -- To complete: Pay 3 Adventuring (2 if completed in the Forbidden Sea). Crew Attachment: Act: Tack this Crew to discard a Chantey in play.	playerNDeck
04612e6f-b1ef-4495-a509-287c1a106bb5	Orduno's Folly	7th-sea/reapers-fee/7thSea-ReapersFee-OrdunosFolly.jpg	default	Action	Reaper's Fee							S	d,p								U	Act: Target a Ship in this Sea with a tacked Castillian Captain on Board. Inflict 4 Hits on that Ship. Act: Tack one of your Crew to draw 1 card from your Deck.	playerNDeck
d4e6a2ca-2292-4fb5-8b1b-bd38c2918e4f	Orf Helfir	7th-sea/reapers-fee/7thSea-ReapersFee-OrfHelfir.jpg	default	Crew	Reaper's Fee	Vesten	8	In				P	c,t	0	4	2	2	3			F	Experienced • Unique • Loyal • First Mate • Villainous • Swordsman +2 • React: Tack Orf when a player in this Sea hires a Crew. Play a card from your hand as a Boarding Attack to begin a Duel between Orf and that Crew.	playerNDeck
170cf28b-ae03-4112-99b9-74c6d3dec584	Padre Alfonso	7th-sea/reapers-fee/7thSea-ReapersFee-PadreAlfonso.jpg	default	Crew	Reaper's Fee	Castille	6	In				P	c,t	0	0	2	3	3			R	Experienced • Unique • Loyal • Holy • Villainous • React: Tack Alfonso when another Ship in this Sea is suffering Hits. When Crew on that Ship tack to absorb these Hits, they only absorb an amount of Hits equal to their printed Swashbuckling.	playerNDeck
ab506f89-eaf7-4a3e-a24d-255acb5f2397	Pounder	7th-sea/reapers-fee/7thSea-ReapersFee-Pounder.jpg	default	Crew	Reaper's Fee	Corsairs	3	In				P	c,t	0	2	0	1	2			C	No Attachments • Captive • Heroic	playerNDeck
af478927-258a-41f3-958e-fb3d0cf8a097	The Sea Dog's Folly	7th-sea/reapers-fee/7thSea-ReapersFee-TheSeaDogsFolly.jpg	default	Action	Reaper's Fee							S	d,p								U	Act: Target a Ship in this Sea with a tacked Sea Dogs captain on board. Inflict 4 hits on that ship. Act: Tack one of your Crew to draw 1 card from your Deck.	playerNDeck
0ce055d2-65b6-4cc7-877f-65b9c37dd73e	The Seal of the Thalusai	7th-sea/reapers-fee/7thSea-ReapersFee-TheSealOfTheThalusai.jpg	default	Adventure	Reaper's Fee							T	c,s								R	1 Sea Away -- To complete: Pay 4 Adventuring (2 if completed in La Boca). Artifact • Crew Attachment: React: Tack the Seal of the Thalusai when another play uses a Sorcery Knack. After the effects of that Knack have resolved, sink that Knack.	playerNDeck
09359c79-048e-43ef-b4fb-540a1f67d251	Sebastiano Scogna	7th-sea/reapers-fee/7thSea-ReapersFee-SebastianoScogna.jpg	default	Captain	Reaper's Fee	unaligned					8			3	3	2	4	4			R	Start: La Boca • Swordsman +2 • Sebastiano may only use Ships with no faction symbol. Act: Once per turn, if you are in a Sea with a Port attached, target one of your Item or Goods attachments. If you have 3 or more unaligned Crew with an Influence cost greater than 2, sink the Attachment to draw 2 cards.	playerNCaptain
c5610b43-8229-4f89-ba15-56eb6297e987	Sharing a Cot	7th-sea/reapers-fee/7thSea-ReapersFee-SharingACot.jpg	default	Attachment	Reaper's Fee							C	d,s								R	First Mate Attachment -- This crew counts as one less toward your Ship's crew maximum (minimum 0).	playerNDeck
8c4bd663-9ad1-4a84-b1ce-e183fee2413d	The Shattered Spear	7th-sea/reapers-fee/7thSea-ReapersFee-TheShatteredSpear.jpg	default	Adventure	Reaper's Fee							T	c,s								R	Prize • 1 Sea Away • Unique -- To complete: Pay 3 Adventuring, then suffer 4 Hits. Item • Crew Attachment: React: Tack the Shattered Spear when paying an Influence cost to produce 3 Influence.	playerNDeck
9813761d-7b03-4779-b0ae-bce1d2009846	Sight 'Em Up	7th-sea/reapers-fee/7thSea-ReapersFee-SightEmUp.jpg	default	Attachment	Reaper's Fee		4	Ca				C	d,s								C	Crew Attachment • Cannon 4 Knack -- React: Discard this card when this Crew is producing Cannon to produce 3 extra Cannon.	playerNDeck
8cbfda58-d863-41f5-bdc1-651a5fddd914	Starke	7th-sea/reapers-fee/7thSea-ReapersFee-Starke.jpg	default	Attachment	Reaper's Fee		3	In				C	d,s								C	Sea Attachment • Port -- Any player in this Sea may sink this Port by producing 5 Cannon as an action. React: Tack this card when another Ship attempts a Boarding with your ship while you are in this Sea. The Boarding attempt is canceled and the Ship attempting the Boarding suffers 2 Hits.	playerNDeck
10ee8b64-583d-4ec0-9882-e2a43e03ff94	Tear their Sails	7th-sea/reapers-fee/7thSea-ReapersFee-TearTheirSails.jpg	default	Action	Reaper's Fee		4	Sw	3	Sw		D	p,t								R	React: Play this card instead of performing a Boarding Attack to attach this card to the opposing, target Ship as a Damage Attachment. While attached, the Ship's player draws 1 fewer card after each round of a Boarding (minimum 1). Any player in this Sea may sink this card by paying 3 Swashbuckling as an action. This card may not be sunk or discarded with other card effects.	playerNDeck
5a53fc69-267b-4e8f-a150-61414e589d4a	“To the Cannons!“	7th-sea/reapers-fee/7thSea-ReapersFee-ToTheCannons.jpg	default	Action	Reaper's Fee							D	p,t								U	Tack your Captain or one of your crew with the First Mate trait to play this card. All of your Crew aligned to your Captain's faction gain +1 to their Cannon skill until end of the turn.	playerNDeck
1391b133-7441-4ee9-bf93-b8a40a4183a5	Torvo Espada	7th-sea/reapers-fee/7thSea-ReapersFee-TorvoEspada.jpg	default	Crew	Reaper's Fee	Gosse's Gentlemen	10	In				P	c,t	0	0	3	2	5			R	Experienced • Unique • Loyal • Heroic • Swordsman +4 • Torvo may not have more than 1 copy of an Swordsman Knack attached. The Influence cost to attach Swordsman Knacks to Torvo is 2 less (minimum 0).	playerNDeck
26cf8286-4f9f-419a-8117-f9e99874b0c9	The Trial of Orduno	7th-sea/reapers-fee/7thSea-ReapersFee-TheTrialOfOrduno.jpg	default	Chantey	Reaper's Fee							S	d,p								U	Any player may sink this Chantey by discarding any two of their untacked Crew as an action. All captains have the following ability: Act: Tack your Captain and your Ship to move to your Starting Sea.	playerNDeck
e4f73436-91d9-45b8-ac26-4925d58b088f	The Undiscovered Port	7th-sea/reapers-fee/7thSea-ReapersFee-TheUndiscoveredPort.jpg	default	Adventure	Reaper's Fee							T	c,s								U	3 Seas Away -- To complete: Pay 3 adventuring (2 if completed in the Mirror). Port • Sea Attachment: Act: Tack to untack one of your Ally cards in this Sea. Act: If your Ship is in this Sea, tack to untack your Ship.	playerNDeck
e71fa821-353c-4717-b3bf-95dd1f5d78c4	The Unrelenting Depths	7th-sea/reapers-fee/7thSea-ReapersFee-TheUnrelentingDepths.jpg	default	Action	Reaper's Fee		4	Ad	3	Ad		D	p,t								C	Weather -- Any player may pay the cancel cost of this card. Untack one of your Sea Attachments.	playerNDeck
e2909af7-d5ca-4b29-aa95-5d0503df205a	Valoix's Folly	7th-sea/reapers-fee/7thSea-ReapersFee-ValoixsFolly.jpg	default	Action	Reaper's Fee							S	d,p								U	Act: Target a Ship in this Sea with a tacked Montaigne captain on board. Inflict 4 hits on that ship. Act: Tack one of your Crew to draw 1 card from your Deck.	playerNDeck
3a73d452-cd6a-48c1-ae97-ff48ffa0bd16	The Vestenmannavnjar's Folly	7th-sea/reapers-fee/7thSea-ReapersFee-TheVestenmannavnjarsFolly.jpg	default	Action	Reaper's Fee							D	p,t								U	Act: Target a Ship in this Sea with a tacked Vesten captain on board. Inflict 4 hits on that ship. Act: Tack one of your Crew to draw 1 card from your Deck.	playerNDeck
edfab901-bd44-47d0-bc35-90d97925b5c3	Visions of the Isle	7th-sea/reapers-fee/7thSea-ReapersFee-VisionsOfTheIsle.jpg	default	Chantey	Reaper's Fee							P	c,t								U	All Captains have the following ability: Act: Once per turn, discard 4 cards from your hand to draw 3 cards from your Deck.	playerNDeck
ec1e89c0-2df1-45f2-939e-039806e42a34	The Wayward Route	7th-sea/reapers-fee/7thSea-ReapersFee-TheWaywardRoute.jpg	default	Ship	Reaper's Fee	unaligned													9	3	R	React: Untack this Ship after completing a Boarding where you were the Defender. React: Tack before performing an action, to move to an adjacent Sea.	playerNShip
c60f8db4-c304-4591-9e6c-1b848847e7eb	Wenching Jim	7th-sea/reapers-fee/7thSea-ReapersFee-WenchingJim.jpg	default	Crew	Reaper's Fee	Gosse's Gentlemen	5	In				P	c,t	0	2	0	0	2			U	Heroic • No Attachments • Swordsman +1 • Act: Tack Jim and pay 4 Influence to target a Ship in this Sea. That Ship's controllermust target one of their Crew. Play a card from your hand as a Boarding Attack to begin a Duel between the target Crew and Jim.	playerNDeck
848bbaf2-84d7-4469-9d10-937fcb46c9e2	Wilhelm Dunst	7th-sea/reapers-fee/7thSea-ReapersFee-WilhelmDunst.jpg	default	Crew	Reaper's Fee	unaligned	7	In				P	c,t	0	0	3	2	4			R	Eisen * Experienced • Unique • Heroic • Holy • Swordsman +2 • React: Tack Wilhelm instead of performing a Boarding Attack to target a Sorcerer or Villainous Crew on the other Ship. That player must sink the target or suffer 6 Hits.	playerNDeck
7f5fc32f-5128-4eb0-a4a7-a3869d659e8b	The Witches Return	7th-sea/reapers-fee/7thSea-ReapersFee-TheWitchesReturn.jpg	default	Action	Reaper's Fee							S	d,p								C	Target and sink a Chantey in play to draw 1 card from your deck.	playerNDeck
41db8abf-79c1-434f-a427-e93a8d69e2c7	The Word of the Vagabond	7th-sea/reapers-fee/7thSea-ReapersFee-TheWordOfTheVagabond.jpg	default	Attachment	Reaper's Fee		2	Ad				C	d,s								R	Captain Attachment • Unique -- The cost of this card is reduced by 2 if you have a Brotherhood Captain. React: Tack Word of the Vagabond after you put an Adventure into play to draw a card from your deck.	playerNDeck
526f4945-a0b7-4c36-bc60-01160c4e9ee9	“Prepare for the Worst!“	7th-sea/reapers-fee/7thSea-ReapersFee-PrepareForTheWorst.jpg	default	Action	Reaper's Fee							S	d,p								U	Tack your Captain or one of your Crew with the First Mate trait to play this card. All of your Crew aligned to your Captain's faction gain +1 to their Swashbuckling until the end of the turn.	playerNDeck
b1927a1d-7177-47cf-bdeb-dd2b1e7cbc78	Prosperous Ventures	7th-sea/reapers-fee/7thSea-ReapersFee-ProsperousVentures.jpg	default	Action	Reaper's Fee				4	In		S	d,p								R	Any player may pay the cancel cost of this card. Until the end of the turn, all Crew with one or more completed Adventures attached, gain +1 Influence.	playerNDeck
519b3227-d5a4-4a05-9890-f103985bdb8a	Rabbit	7th-sea/reapers-fee/7thSea-ReapersFee-Rabbit.jpg	default	Attachment	Reaper's Fee							C	d,s								R	Crew Attachment • Pyeryem 2 Knack -- React: Tack this card when you are paying an Adventuring cost to produce 3 adventuring.	playerNDeck
a8be7ac7-f5a0-4b30-9ff1-4c698fc45c02	Reise (Journey)	7th-sea/reapers-fee/7thSea-ReapersFee-ReiseJourney.jpg	default	Attachment	Reaper's Fee							C	d,s								R	Crew Attachment • Laerdom 2 -- Act: Tack Reise to move your Ship to an adjacent Sea. You may not use this ability to move into or out of a Sea where another Ship is currently located.	playerNDeck
8e26e872-22ed-42e9-9a28-185e83beb2d7	Renfeld Throckmorton	7th-sea/reapers-fee/7thSea-ReapersFee-RenfeldThrockmorton.jpg	default	Crew	Reaper's Fee	unaligned	5	In				P	c,t	2	4	0	1	2			U	Topman • Unique • Act: Tack Renfeld and another of your Crew to untack your Ship	playerNDeck
97541312-4f30-471a-8803-28c1d493736f	The Revenge of the Damned	7th-sea/reapers-fee/7thSea-ReapersFee-TheRevengeOfTheDamned.jpg	default	Chantey	Reaper's Fee							C	d,s								U	Any player may sink this Chantey by tacking their Ship and Captain as an action. The Ship(s) with the most Crew on board has its Move Cost increased by 2.	playerNDeck
75a7dc58-1284-4900-9c48-3879b369d16c	Riant Gaucher	7th-sea/reapers-fee/7thSea-ReapersFee-RiantGaucher.jpg	default	Crew	Reaper's Fee	Crimson Rogers	8	In				P	c,t	2	4	3	2	3			R	Experienced • Unique • Loyal • Villainous • Riant has +4 Influence while you have 3 or more Crew in your Sunk Pile.	playerNDeck
4f8a41e3-651f-4a8d-aa4f-6e3a9c1fd050	Roberta Estrada	7th-sea/reapers-fee/7thSea-ReapersFee-RobertaEstrada.jpg	default	Crew	Reaper's Fee	Brotherhood	5	In				P	c,t	2	3	3	0	2			R	Heroic • Unique • Loyal • React: Tack Roberta when a player in this Sea performs an Action that sinks one of their own Crew. That player must sink an additional Crew or that Action is canceled (and the first Crew remains sunk).	playerNDeck
99ad88a7-8e7a-49a7-8dcd-6a869eaf0c4d	The Rogers' Folly	7th-sea/reapers-fee/7thSea-ReapersFee-TheRogersFolly.jpg	default	Action	Reaper's Fee							S	d,p								U	Act: Target a Ship in this Sea with a tacked Crimson Roger captain on board. Inflict 4 hits on that ship. Act: Tack one of your Crew to draw 1 card from your Deck.	playerNDeck
2d617bb4-4fce-44cf-8c86-8b46295693b8	Rupella Lagrippe	7th-sea/reapers-fee/7thSea-ReapersFee-RupellaLagrippe.jpg	default	Crew	Reaper's Fee	unaligned	5	In				P	c,t	0	0	0	1	2			U	Unique • No Attachments • Act: Tack Rupella to untack one of your Crew with the First Mate trait.	playerNDeck
3143ff81-cb0a-4f0e-9d62-b636bfdb2cd4	The Santa Cecilia	7th-sea/reapers-fee/7thSea-ReapersFee-TheSantaCecilia.jpg	default	Ship	Reaper's Fee	unaligned													8	3	R	React: Once per turn, after you have entered a Sea, you may immediately perform a cannon attack. React: Tack before performing an action, to move to an adjacent Sea.	playerNShip
ad3c2cce-9c20-4f4e-bdb7-254e3830be18	“Scorchmark” Van Hoffman	7th-sea/reapers-fee/7thSea-ReapersFee-ScorchmarkVanHoffman.jpg	default	Crew	Reaper's Fee	unaligned	4	In				P	c,t	0	3	0	1	2			C	React: Tack "Scorchmark" when he enters play to sink a Ship Attachment in this Sea	playerNDeck
4e813ec9-59d4-41ff-94d5-cb1ad1dbfd19	Again, Boys	7th-sea/broadsides/7thSea-Broadsides-AgainBoys.jpg	default	Action	Broadsides		2	Ca	0			D	p,t								R	React: Play after you finish resolving a Cannon Attack. You may immediately conduct a new cannon attack.	playerNDeck
4984e3fc-974f-4193-946f-5d19b96deeab	Alesio	7th-sea/broadsides/7thSea-Broadsides-Alesio.jpg	default	Crew	Broadsides	Brotherhood	8	In				P	c,t	0	0	2	4	1			R	Unique · Loyal · Fate 1 · First Mate Act: Tack to move one of your Sea attachments to a Sea adjacent to its current location.	playerNDeck
a4b22f9d-1fb1-445b-b5ec-06823cc3a705	Ancient Maps	7th-sea/broadsides/7thSea-Broadsides-AncientMaps.jpg	default	Adventure	Broadsides							T	c,s								R	Unique · 3 Seas Away To complete: Tack 18 Adventuring (10 if completed in Frothing Sea). Artifact Captain Attachment: Act: Tack the Maps to draw a card.	playerNDeck
c1fae04e-52f8-45c7-a86b-becc7f226fdd	Antonio Aldonez	7th-sea/broadsides/7thSea-Broadsides-AntonioAldonez.jpg	default	Crew	Broadsides	Castille	5	In				P	c,t	1	2	2	0	4			U	Loyal · Heroic · Swordsman +1 (Antonio inflicts 1 extra Hit during Boarding Attacks.)	playerNDeck
44ef8494-48c0-44cc-9a64-d8aa82a3308b	Archaeologists	7th-sea/broadsides/7thSea-Broadsides-Archaeologists.jpg	default	Crew	Broadsides	Explorer's Society	3	In				P	c,t	0	2	2	1	2			C	Loyal · No attachments	playerNDeck
6b8b68b6-1e52-4e66-96d9-58491d77d81b	Artifact Leg	7th-sea/broadsides/7thSea-Broadsides-ArtifactLeg.jpg	default	Action	Broadsides		3	Ad	0			D	p,t								R	React: Play when you suffer hits. You suffer 2 fewer hits, and this card attaches to your Captain. This attachment has the Leg trait and gives a +1 Influence. A crew may not have more than one Leg Attachment.	playerNDeck
1ca00968-399c-46ec-b9b6-3242032d6019	Arturo Rodriguez	7th-sea/broadsides/7thSea-Broadsides-ArturoRodriguez.jpg	default	Crew	Broadsides	unaligned	4	In				P	c,t	1	2	2	1	1			R	Heroic	playerNDeck
e60406da-f31d-4f7b-80e7-a019a7ffe53f	Augusto Rodriguez	7th-sea/broadsides/7thSea-Broadsides-AugustoRodriguez.jpg	default	Attachment	Broadsides		2	Ad				C	d,s								C	This Sea Attachment Any player in this Sea may sink Augusto by tacking 3 Swashbuckling as an action. The Influence costs of crew attachments you are putting into play are decreased by 2 while you are in this Sea.	playerNDeck
9d07ab6e-5289-40e2-a8ba-dfaf6334923a	Babette	7th-sea/broadsides/7thSea-Broadsides-Babette.jpg	default	Crew	Broadsides	Montaigne	4	In				P	c,t	0	0	1	1	3			U	Swordsman +1 (Babette inflicts 1 extra Hit during Boarding Attacks) When Babette's opponent in a Boarding Attack plays the final Boarding Attack card, she is sunk but all of the Hits are absorbed.	playerNDeck
90a040d5-5fad-4c64-b96d-07d882d13b29	Bad Maps	7th-sea/broadsides/7thSea-Broadsides-BadMaps.jpg	default	Action	Broadsides		1	Ad	2	Sa		D	p,t								C	React: Play when a player tacks a crew to produce adventuring. That crew produces no adventuring. That crew's controller may pay 2 Sailing to prevent this effect. After the third hole with no sign of the treasure, Reis buried him alive with his own shovel.	playerNDeck
f7954273-070a-464c-8b0f-cdc3d58f75da	Bad Powder	7th-sea/broadsides/7thSea-Broadsides-BadPowder.jpg	default	Action	Broadsides		1	Ad	2	Ad		D	p,t								C	React: Play when a player tacks a crew to produce Cannon. That crew produces no Cannon. That crew's controller may pay 2 Adventuring to prevent this effect. As he stared at the ruined kegs, the Captain could only think of Simon the	playerNDeck
e886cb6a-4a8e-4478-9dcd-6f1dab322589	Barrels of Beer	7th-sea/broadsides/7thSea-Broadsides-BarrelsOfBeer.jpg	default	Adventure	Broadsides							T	c,s								C	1 Sea Away · Goods Adventure To Complete: Tack 3 Adventuring (2 if completed in La Boca) crew Attachment: +2 Influence	playerNDeck
f150abdc-c059-4fd4-82f4-ab90bef54df1	Billy Bones	7th-sea/broadsides/7thSea-Broadsides-BillyBones.jpg	default	Attachment	Broadsides		0					C	d,s								U	Opponent's Ship Attachment Billy Counts as one crew against the crew maximum of the Ship he's attached to. Any player in the same Sea may tack 2 Swashbuckling as an action to sink Billy.	playerNDeck
bbc23b5c-95af-43fd-bdbe-1134e199b381	Blacktooth Bill	7th-sea/broadsides/7thSea-Broadsides-BlacktoothBill.jpg	default	Crew	Broadsides	unaligned	1	In				P	c,t	0	0	1	0	1			C	No attachments	playerNDeck
50516fa1-9df2-4e62-8363-be7a046b4779	Bloody Bonnie McGee	7th-sea/broadsides/7thSea-Broadsides-BloodyBonnieMcGee.jpg	default	Crew	Broadsides	Sea Dogs	8	In				P	c,t	3	2	3	3	4			R	Unique · Loyal · Heroic · First Mate · Swordsman +2 (Bonnie inflicts 2 extra hits during Boarding Attacks) React: Tack Bonnie immediately after you perform a Cannon Attack. You may begin a Boarding with the Ship that was targeted by the Cannon Attack, paying all costs.	playerNDeck
354b9830-b7be-4d1e-8c7d-9144aa6d0a77	Bolts of Fine Cloth	7th-sea/broadsides/7thSea-Broadsides-BoltsOfFineCloth.jpg	default	Adventure	Broadsides							T	c,s								C	1 Sea Away · Goods Adventure To complete: Tack 3 Adventuring (2 if completed in Frothing Sea). crew Attachment: +2 Influence.	playerNDeck
e6f27c19-a1b2-47aa-bf3e-5388ec1d9e1a	Bully Boys	7th-sea/broadsides/7thSea-Broadsides-BullyBoys.jpg	default	Crew	Broadsides	unaligned	2	In				P	c,t	0	0	0	0	2			C	No attachments When this crew tacks to absorb Hits, it absorbs 2 extra Hits.	playerNDeck
f7df9b41-cc03-465d-bee3-5d5b705e1b56	Burke	7th-sea/broadsides/7thSea-Broadsides-Burke.jpg	default	Crew	Broadsides	unaligned	4	In				P	c,t	0	0	2	0	4			R	Unique Burke has -2 Swashbuckling (minimum 1) while performing a Boarding Attack if the opposing Captain is Heroic.	playerNDeck
d03a3456-c0ea-402d-9751-b5123802f095	The Calloways	7th-sea/broadsides/7thSea-Broadsides-TheCalloways.jpg	default	Crew	Broadsides	Explorer's Society	5	In				P	c,t	0	0	2	3	2			U	React: Tact immediately after you have put an Artifact Adventure into play. Move your Ship 1 Sea closer to the Adventure. Vincent and Rose were both born on an Explorer ship, they met on an Explorer ship, got married on an Explorer ship and they'll probably die on an Explorer ship.	playerNDeck
e158cf4f-32f8-4bef-aa71-d03762471f9c	Calm Before the Storm	7th-sea/broadsides/7thSea-Broadsides-CalmBeforeTheStorm.jpg	default	Action	Broadsides		0		0			D	p,t								C	Weather Target a player who has three or more adventures in the same Sea that are not completed. That player suffers 1 Hit, and all those adventures are discarded.	playerNDeck
4a073a71-a849-4b04-86e6-fe9ff68b874a	Captain's Quarters	7th-sea/broadsides/7thSea-Broadsides-CaptainsQuarters.jpg	default	Attachment	Broadsides		2	In				C	d,s								R	Captain Attachment · Unique Act: Discard Captain's Quarters to draw two cards.	playerNDeck
24570746-731b-4a6b-b693-225fb9460733	Casks of Fine Wine	7th-sea/broadsides/7thSea-Broadsides-CasksOfFineWine.jpg	default	Adventure	Broadsides							T	c,s								C	1 Sea Away · Goods Adventure To Complete: Tack 3 Adventuring (2 if completed in Trade Sea). crew Attachment: +2 Influence	playerNDeck
b1512f22-128d-4418-a780-6586a7e95754	Castillian Gunpowder	7th-sea/broadsides/7thSea-Broadsides-CastillianGunpowder.jpg	default	Action	Broadsides		2	In	0			D	p,t								U	React: Play when tacking crew to produce Cannon. That crew produces 3 extra Cannon.	playerNDeck
02fa21ab-7a88-4ec9-b140-85ed01eaabd4	Chain Shot	7th-sea/broadsides/7thSea-Broadsides-ChainShot.jpg	default	Action	Broadsides		2	In	0			S	d,p								R	React: Play when you perform a Cannon Attack. Hits absorbed from this Cannon Attack are absorbed by tacking (and sinking) Sailing instead of Swashbuckling. crew with 0 Sailing may be sunk to absorb 1 Hit. He fell to the decks, screaming a prayer to the Prophets to protect him.	playerNDeck
0cd24899-62d6-445d-a3ec-f108c4533e74	Confusion	7th-sea/broadsides/7thSea-Broadsides-Confusion.jpg	default	Attachment	Broadsides		0					C	d,s								R	crew Attachment · Glamour 1 Knack (May only be attached to a crew with Glamour of 1 or more.) React: Discard Confusion immediately after a player pays their Ship's Move Cost. Reduce the Sailing that player produced by one. That player may continue to produce Sailing. If the cost of the action is not paid, it is canceled.	playerNDeck
f3a29810-2d23-4b88-9c79-b435653334e7	Cosette	7th-sea/broadsides/7thSea-Broadsides-Cosette.jpg	default	Crew	Broadsides	Explorer's Society	7	In				P	c,t	2	3	2	1	2			R	Unique · Loyal · Heroic · First Mate Cosette has a +1 to all skills while you have an uncompleted Artifact Adventure in play.	playerNDeck
5ff32387-711c-4b0d-b225-1878c7107547	Crashing Seas	7th-sea/broadsides/7thSea-Broadsides-CrashingSeas.jpg	default	Adventure	Broadsides							T	c,s								C	1 Sea Away To complete: Tack 3 Adventuring (2 if completed in Frothing Sea). crew Attachment: +3 Sailing.	playerNDeck
4485f825-dc77-4641-b9dc-9cd89553612d	Crescent Fire	7th-sea/broadsides/7thSea-Broadsides-CrescentFire.jpg	default	Action	Broadsides		4	In	0			D	p,t								U	React: Play when you tack a crew to produce Cannon. That crew produces 4 extra Cannon.	playerNDeck
3e1a1009-da0b-427a-9780-668343d3b813	Cut the Ropes!	7th-sea/broadsides/7thSea-Broadsides-CutTheRopes.jpg	default	Action	Broadsides		1	Sw	3	Sw		D	p,t								C	React: Play immediately after you suffer Hits during a Boarding. This Boarding is ended. The opposing Ship may tack 3 Swashbuckling to cancel this action.	playerNDeck
df150b81-90bc-4342-9684-4ca83bc06b62	Cutlass	7th-sea/broadsides/7thSea-Broadsides-Cutlass.jpg	default	Attachment	Broadsides		6	Ad				C	d,s								C	crew Attachment · Item This crew inflicts 2 extra Hits during Boarding Attacks.	playerNDeck
8fc7ea4d-3802-4a7c-811e-e82e072f2bc8	Cutlass of Command	7th-sea/broadsides/7thSea-Broadsides-CutlassOfCommand.jpg	default	Adventure	Broadsides							T	c,s								U	Unique · 3 Seas Away To complete: Tack 12 Adventuring (6 if completed in Forbidden Sea). Artifact Captain Attachment: +2 Cannon, +2 Sailing, +2 Adventuring, +2 Influence, +2 Swashbuckling	playerNDeck
12394563-e8e7-47eb-ba66-7719410ce7de	Dark Temptations	7th-sea/broadsides/7thSea-Broadsides-DarkTemptations.jpg	default	Action	Broadsides		3	Ad	4	In		D	p,t								R	You must have a Villainous Captain to play this card. Target a non-Heroic crew, except captains. That crew is Villainous until the end of the turn.	playerNDeck
68d3bd35-0208-4b51-aa80-381bbf5c006b	Death From Above!	7th-sea/broadsides/7thSea-Broadsides-DeathFromAbove.jpg	default	Action	Broadsides		0		0			S	d,p								R	React: Play instead of performing a Boarding Attack. Tack your Captain to inflict Hits equal to his or her Swashbuckling. He jumped from the rigging with a cry on his lips and murder in his eyes...	playerNDeck
593a14de-6284-4d64-b56b-bd55d53929ae	Decks Awash	7th-sea/broadsides/7thSea-Broadsides-DecksAwash.jpg	default	Action	Broadsides		0		0			D	p,t								R	Weather Target an Attachment on a crew card that has more than two attachments. That Attachment is discarded.	playerNDeck
521a864f-c94e-43cf-9891-80ebda13dac4	Decks Running Red	7th-sea/broadsides/7thSea-Broadsides-DecksRunningRed.jpg	default	Action	Broadsides		2	Sw	0			S	d,p								R	Target a Villainous crew, except captains. Inflict Hits on the target's Ship equal to the target's Swashbuckling.	playerNDeck
25d993c0-b27a-47d2-b706-107269cd07a2	Derwyddon's Schemes	7th-sea/broadsides/7thSea-Broadsides-DerwyddonsSchemes.jpg	default	Action	Broadsides		4	In	6	In		S	d,p								R	Act: Target and discard a Letter of Marque or Patron Attachment. Act: Target and discard an Attachment in this Sea.	playerNDeck
5fee2b0f-fcb8-4a32-b363-f3bb138dc780	Disarmed!	7th-sea/broadsides/7thSea-Broadsides-Disarmed.jpg	default	Action	Broadsides		0		0			S	d,p								R	React: Play immediately one of your crew with a Swashbuckling greater than 2 starts a Boarding Attack. Your opponent must discard two cards from his or her hand. You may only play one Disarmed per Boarding Attack.	playerNDeck
d134dbaf-a3e9-4b4c-9c7e-75da834fec2a	Domingo	7th-sea/broadsides/7thSea-Broadsides-Domingo.jpg	default	Crew	Broadsides	Crimson Rogers	5	In				P	c,t	3	0	1	1	2			U	Gunner	playerNDeck
2b198526-e52e-484c-a4f3-d84614c92d25	Don Deanna	7th-sea/broadsides/7thSea-Broadsides-DonDeanna.jpg	default	Crew	Broadsides	Castille	5	In				P	c,t	0	0	2	1	3			U	Loyal · Villainous · Swordsman +1 (Don Deanna inflicts 1 extra hit during Boarding Attacks.) You may draw 1 card immediately before Don Deanna starts a Boarding Attack.	playerNDeck
841a2304-de60-403f-a9ca-f135ac2a3714	Donna	7th-sea/broadsides/7thSea-Broadsides-Donna.jpg	default	Crew	Broadsides	Brotherhood	5	In				P	c,t	1	0	3	1	3			R	Unique You may draw 1 card immediately before Donna starts a Boarding Attack.	playerNDeck
a63ee621-9f78-4f89-b61a-5c417a8f57f9	Evasive Course	7th-sea/broadsides/7thSea-Broadsides-EvasiveCourse.jpg	default	Action	Broadsides		3	Sa	0			D	p,t								R	React: Play when you suffer Hits from a Cannon Attack. Reduce the Hits suffered by 5.	playerNDeck
5a170eca-b2cc-4249-91b5-3d7108653cc0	Forbidden Delicacies	7th-sea/broadsides/7thSea-Broadsides-ForbiddenDelicacies.jpg	default	Adventure	Broadsides							T	c,s								C	1 Sea Away · Goods Adventure To complete: Tack 3 Adventuring (2 if completed in the Mirror). crew Attachment: +2 Influence.	playerNDeck
de2fffb2-fdf8-4f4f-a64f-6f6aa2f7f081	Foul Weather Jack	7th-sea/broadsides/7thSea-Broadsides-FoulWeatherJack.jpg	default	Crew	Broadsides	Explorer's Society	3	In				P	c,t	2	0	1	1	1			C	Gunner You must discard the top card of your deck each time you shuffle your deck. Sink Jack if the boarding attack on the discard is a Slash.	playerNDeck
5d36077c-ce18-469f-b77b-28bd5f62f3b8	From Stem to Gudgeon	7th-sea/broadsides/7thSea-Broadsides-FromStemToGudgeon.jpg	default	Action	Broadsides		0		0			D	p,t								C	React: Play instead of performing a Boarding Attack. Until the end of this Boarding, Boarding Attacks by either player inflict 2 extra Hits.	playerNDeck
df3147f1-d879-45fb-937e-68fbe632f23c	Fyodor Zastienchivy	7th-sea/broadsides/7thSea-Broadsides-FyodorZastienchivy.jpg	default	Crew	Broadsides	Brotherhood	6	In				P	c,t	0	1	2	1	3			U	Loyal · Holy React: Tack when one of your crew with the No attachments trait is sunk. That crew is put in your discard pile.	playerNDeck
1b559aa9-65d1-4cdd-a011-ea302efb5b24	The Gallows	7th-sea/broadsides/7thSea-Broadsides-TheGallows.jpg	default	Attachment	Broadsides	Brotherhood						C	d,s								F	Brotherhood Ship Attachment * Unique * Figurehead * While you have more than 2 completed adventures in play, your cost to put Sea attachments into play is reduced by 3 (minimum 1).	playerNDeck
8039f44a-3e08-4b17-80a3-ae2d57e5ce90	Gambling House	7th-sea/broadsides/7thSea-Broadsides-GamblingHouse.jpg	default	Action	Broadsides		1	In	0			S	d,p								R	React: Play when you are paying an Influence cost. Discard the top card on your deck to produce Influence depending on the Boarding Attack on the discard. Club = 1, Dagger = 2, Punch = 3, Thrust = 5. If the Boarding Attack on the discard is a Slash, Gambling House produces 0 Influence and you suffer 1 Hit.	playerNDeck
b0e33f71-8bda-4078-ac13-5301e48f5892	Gerald Hohne	7th-sea/broadsides/7thSea-Broadsides-GeraldHohne.jpg	default	Crew	Broadsides	Crimson Rogers	4	In				P	c,t	2	0	1	0	1			U	Act: Sink one of your crew to give Gerald a +3 Swashbuckling until the end of the turn. You may perform this action once per turn.	playerNDeck
fd6df3f1-4a28-42cf-96e9-69514356bfae	Gerard Rois et Reines	7th-sea/broadsides/7thSea-Broadsides-GerardRoisEtReines.jpg	default	Crew	Broadsides	Montaigne	8	In				P	c,t	1	2	3	3	4			R	Unique · Loyal · Heroic · First Mate · Swordsman +2 (Gerard inflicts 2 extra hits during Boarding Attacks) When Montaigne crew on this Ship are tacking to absorb Hits, they absorb 1 extra Hit.	playerNDeck
c4b9d1ed-67cb-4bc4-b0c9-127af05e0128	Glamour Knowledge	7th-sea/broadsides/7thSea-Broadsides-GlamourKnowledge.jpg	default	Attachment	Broadsides		0					C	d,s								R	crew Attachment · Glamour Knack (May only be attached to a crew with Glamour) +1 Glamour	playerNDeck
d0111361-5816-43c0-8736-a4fc0ab46724	Glimpse of the Skein	7th-sea/broadsides/7thSea-Broadsides-GlimpseOfTheSkein.jpg	default	Attachment	Broadsides		0					C	d,s								R	crew Attachment · Fate Knack (May only be attached to a crew with Fate) +1 Fate Sometimes, a Fate Witch sees not just single strands, but the entire webwork. Some are enlightened by the experience. Others are not so lucky.	playerNDeck
18354a3f-729a-4c99-b6db-5e3d9a5c5859	Good Shot!	7th-sea/broadsides/7thSea-Broadsides-GoodShot.jpg	default	Action	Broadsides		0		0			D	p,t								C	React: Play when you tack a crew to produce Cannon. That crew produces 1 extra Cannon.	playerNDeck
10aaa8b1-e456-43a1-80f7-ad68af4e7762	Grape Shot	7th-sea/broadsides/7thSea-Broadsides-GrapeShot.jpg	default	Action	Broadsides		2	In	0			S	d,p								R	React: Play when you perform a Cannon Attack. Hits suffered from this Cannon Attack are absorbed by tacking (and sinking) Cannon instead of Swashbuckling. crew with 0 Cannon may be sunk to absorb 1 Hit.	playerNDeck
c2f06099-19fc-4b16-ac6b-6ff543a80a27	Grappling Hooks	7th-sea/broadsides/7thSea-Broadsides-GrapplingHooks.jpg	default	Action	Broadsides		1	Sw	0			D	p,t								C	React: Play when you pay the Sailing cost to begin a Boarding to produce 3 Sailing. Reginald looked up from the flaming deck and saw the hooks sink deep into the	playerNDeck
7ca3b069-8a3c-4aa6-af74-c252379e6788	The Great Grey	7th-sea/broadsides/7thSea-Broadsides-TheGreatGrey.jpg	default	Action	Broadsides		0		0			S	d,p								U	Target any ship which has 3 or more adventures in play, but not completed. That ship suffers 5 Hits. You can't stay still too long in the ocean. There's too many things lurking under the waves that can smell a warm body.	playerNDeck
c58b495a-d330-4a6c-bac2-70751529042e	Grimey Stubbs	7th-sea/broadsides/7thSea-Broadsides-GrimeyStubbs.jpg	default	Crew	Broadsides	unaligned	4	In				P	c,t	4	0	1	0	2			R	Unique · Gunner After Grimey tacks to produce Cannon, discard the top card of your deck. If the Boarding Attack on the discard is a Thrust, Grimey is sunk.	playerNDeck
efafb496-a190-45d7-b782-f5f11a0a1bbc	Grousin' George	7th-sea/broadsides/7thSea-Broadsides-GrousinGeorge.jpg	default	Crew	Broadsides	unaligned	4	In				P	c,t	0	4	0	0	2			R	Topman · Villainous George may not be placed on a Heroic Captain's Ship.	playerNDeck
4fbb7142-b96f-4507-9ba9-199ad9f9313e	Handsome Scar	7th-sea/broadsides/7thSea-Broadsides-HandsomeScar.jpg	default	Action	Broadsides		0		0			S	d,p								U	React: Play when you suffer Hits during a Boarding. You suffer 3 fewer Hits, and this card attaches to one of your crew. This Attachment has the Face trait. A crew may not have more than one Face Attachment.	playerNDeck
273213ad-8aad-4759-83b2-569c95f279f0	A Hero's Courage	7th-sea/broadsides/7thSea-Broadsides-AHerosCourage.jpg	default	Action	Broadsides		0		0			D	p,t								R	React: Play when a Heroic crew with a Swashbuckling greater than 4 tacks to absorb Hits from a Boarding Attack. Reduce the Hits inflicted to zero.	playerNDeck
9e246384-f37c-432d-af29-3b73182c99cf	Hidden Knife	7th-sea/broadsides/7thSea-Broadsides-HiddenKnife.jpg	default	Attachment	Broadsides		4	Sw				C	d,s								U	Villainous crew Attachment · Item This crew inflicts 2 extra Hits during Boarding Attacks.	playerNDeck
98e1f485-1110-40e0-ac30-69ab6c0f5d96	High Seas Boarding	7th-sea/broadsides/7thSea-Broadsides-HighSeasBoarding.jpg	default	Action	Broadsides		M+3		M+3			D	p,t								C	Target an opposing Ship in this Sea. Your Ship begins Boarding that Ship. All of your Boarding Attacks during this Boarding inflict 1 extra Hit.	playerNDeck
2d46d9eb-9d81-4243-aa31-c7394e6b661e	Hole in the Hull	7th-sea/broadsides/7thSea-Broadsides-HoleInTheHull.jpg	default	Action	Broadsides		2	Ad	0			S	d,p								U	Target a Ship. That Ship suffers 1 Hit.	playerNDeck
a631992a-2cb7-4869-ae6c-3d4c3ef45530	Hook	7th-sea/broadsides/7thSea-Broadsides-Hook.jpg	default	Action	Broadsides		1	Ad	0			D	p,t								U	React: Play when you suffer Hits. You suffer 2 fewer Hits, and this card attaches to one of your crew. This Attachment has the Hand trait. A crew may not have more than one Hand attachment.	playerNDeck
49d8794a-3715-4cab-a9fb-7681000adc3f	I Fights Better Drunk	7th-sea/broadsides/7thSea-Broadsides-IFightsBetterDrunk.jpg	default	Action	Broadsides		0		0			S	d,p								C	React: Play instead of conducting a Boarding Attack. Target one of your crew, who gains +2 Swashbuckling until the end of the Boarding.	playerNDeck
aec268e7-87bb-407d-a756-67edc13b67c0	I Told You Not To Trust Him	7th-sea/broadsides/7thSea-Broadsides-IToldYouNotToTrustHim.jpg	default	Action	Broadsides				3	Sw		S	d,p								R	Target a Villianous crew, except captains, with two or more attachments. That crew is discarded.	playerNDeck
d1c95cb0-c5dc-4658-958d-4b421aa7650a	Into the Fray	7th-sea/broadsides/7thSea-Broadsides-IntoTheFray.jpg	default	Action	Broadsides		0		0			D	p,t								R	React: Play instead of performing a Boarding Attack. Until the end of this Boarding, all of your Boarding Attacks which inflict 3 or more Hits inflict 2 extra hits.	playerNDeck
c906fb84-ccba-4b4a-aae6-e01d79edb34b	Invar Andersson	7th-sea/broadsides/7thSea-Broadsides-InvarAndersson.jpg	default	Crew	Broadsides	Brotherhood	4	In				P	c,t	1	2	2	0	2			U	Heroic · Swordsman +1 (Invar inflicts 1 extra Hit during Boarding Attacks) He works all night long, he fights with a stout heart, and a whenever he's done with the day's work, he looks to the north, sighs to himself and whispers	playerNDeck
4a6624fd-55e7-491a-b7f5-e771df049954	It's Who You Know	7th-sea/broadsides/7thSea-Broadsides-ItsWhoYouKnow.jpg	default	Action	Broadsides		0		0			S	d,p								C	React: Play when you purchase a crew Attachment to reduce the Attachment's cost by 2.	playerNDeck
d759438b-78db-4c9b-b3f5-a6ac2797e76a	Ivory Spyglass	7th-sea/broadsides/7thSea-Broadsides-IvorySpyglass.jpg	default	Adventure	Broadsides							T	c,s								R	2 Seas Away To Complete: Tack 15 Adventuring (8 if completed in La Boca). Unique · Artifact Captain Attachment: +3 Sailing Your Hand Size is increased by 2 while the Spyglass is attached to your Captain. Not only did the spyglass show its owner the future - it showed him several likely futures.	playerNDeck
71cc5c89-57ed-428d-b143-4ea532d669d9	Jack Trades	7th-sea/broadsides/7thSea-Broadsides-JackTrades.jpg	default	Crew	Broadsides	unaligned	5	In				P	c,t	2	2	2	2	2			R	Heroic	playerNDeck
ebc66a7d-bfd1-4802-9328-c05a49c9b2d7	Javier de Bejarano	7th-sea/broadsides/7thSea-Broadsides-JavierDeBejarano.jpg	default	Crew	Broadsides	Crimson Rogers	4	In				P	c,t	0	0	2	1	1			R	Loyal · Villianous React: Tack when a player is taking a card from their discard or sunk pile. The card is sent to their sunk pile.	playerNDeck
e33d05b2-9511-42d1-a7cf-b8e542061a7d	Jens Bjorn	7th-sea/broadsides/7thSea-Broadsides-JensBjorn.jpg	default	Crew	Broadsides	unaligned	2	In				P	c,t	0	0	1	1	1			U		playerNDeck
a9585d8f-c5b3-49db-978c-381fa3326307	Jimmy Bass	7th-sea/broadsides/7thSea-Broadsides-JimmyBass.jpg	default	Crew	Broadsides	Sea Dogs	4	In				P	c,t	3	0	0	0	2			U	Gunner Jimmy produces 2 extra Cannon when you are targeting a Ship that you have performed a boarding with this turn.	playerNDeck
abfb6dfe-f0a4-4503-aecf-4f4c92005bd2	Keel of Rowan Wood	7th-sea/broadsides/7thSea-Broadsides-KeelOfRowanWood.jpg	default	Adventure	Broadsides							T	c,s								R	1 Sea Away To complete: Tack 6 Adventuring (4 if completed in Trade Sea). Item crew Attachment: +3 Influence	playerNDeck
d4618c7a-f411-494c-b118-5abda2a26a66	Last Second Cannon Volley	7th-sea/broadsides/7thSea-Broadsides-LastSecondCannonVolley.jpg	default	Action	Broadsides		6	Ca	0			D	p,t								R	React: Play when an opponent begins Boarding your Ship. You inflict a 3 Hit Cannon Attack on their Ship. The Boarding is canceled.	playerNDeck
0c4d5754-6d6e-4973-856f-71fb26b53c5e	Leonard Pinkerton	7th-sea/broadsides/7thSea-Broadsides-LeonardPinkerton.jpg	default	Crew	Broadsides	unaligned	1	In				P	c,t	0	0	0	0	1			U	When Leonard Pinkerton tacks to absorb Hits during a Boarding, he absorbs 2 extra Hits.	playerNDeck
f14e6a8a-4079-41e8-8802-5c3b3a6c1ed5	Leviathan Bone	7th-sea/broadsides/7thSea-Broadsides-LeviathanBone.jpg	default	Action	Broadsides		3	Ad	0			D	p,t								R	React: Play when you suffer Hits. You suffer 2 fewer Hits, and this card attaches to your Captain. This Attachment has the Hand trait, and gives a +1 Swashbuckling. This crew inflicts 2 extra Hits during Boarding Attacks. A crew may not have more than one Hand Attachment.	playerNDeck
dde05267-483b-45ba-9221-9cf51592edf7	The Living Storm	7th-sea/broadsides/7thSea-Broadsides-TheLivingStorm.jpg	default	Action	Broadsides		0		0			S	d,p								U	Weather Target any Ship which has 2 or more adventures in play, but not completed. That ship suffers 3 Hits.	playerNDeck
efafef86-8e79-4191-b485-f2daaeb7c476	Lucky Lou	7th-sea/broadsides/7thSea-Broadsides-LuckyLou.jpg	default	Crew	Broadsides	unaligned	2	In				P	c,t	0	0	0	1	1			U	React: When Lou is about to be sunk, discard the top card of your deck. If the Boarding Attack is a Punch or a Dagger, place Lou in your discard pile instead.	playerNDeck
584c9343-c0c1-4efe-babb-c0cc4ba795d3	Luis de Rioja	7th-sea/broadsides/7thSea-Broadsides-LuisDeRioja.jpg	default	Crew	Broadsides	Castille	4	In				P	c,t	0	0	0	1	1			C	Act: Tack and sink Luis to get any one crew card from your sunk pile and put it in your hand.	playerNDeck
dab73345-431b-4357-bfe8-7e8f0369de18	Lumiere de l'Emereur	7th-sea/broadsides/7thSea-Broadsides-LumiereDeLEmereur.jpg	default	Attachment	Broadsides	Montaigne						C	d,s								F	Montagne Ship Attachment * Unique * Figurehead * While you have more than 2 completed adventures in play, your cost to discard and/or sink Sea attachments is reduced by 3 (minimum 1).	playerNDeck
81cd91ec-c81c-481b-8596-0775df7a2a52	Mad Jack O'Bannon	7th-sea/broadsides/7thSea-Broadsides-MadJackOBannon.jpg	default	Attachment	Broadsides		0					C	d,s								R	This Sea Attachment · Unique Any player in this Sea may sink Mad Jack by tacking 2 Adventuring as an action. Act: Tack while your Ship is in this Sea. You suffer 5 Hits. Draw a card.	playerNDeck
a04a464d-2061-4b01-a51c-559ad1ba3c0b	Mad Mario	7th-sea/broadsides/7thSea-Broadsides-MadMario.jpg	default	Crew	Broadsides	unaligned	3	In				P	c,t	2	0	0	0	1			U	When Mario sinks to absorb Hits, he absorbs 4 extra Hits.	playerNDeck
4cb47047-7d98-47b0-af83-ab413a908a0f	Margaretta Orduno	7th-sea/broadsides/7thSea-Broadsides-MargarettaOrduno.jpg	default	Crew	Broadsides	Castille	7	In				P	c,t	0	0	2	3	4			R	Unique · Loyal · First Mate · Swordsman +2 (Margaretta inflicts 2 extra hits during Boarding Attacks) Margaretta has +2 Swashbuckling while you have Enrique Orduno in play and tacked.	playerNDeck
929ae959-3d63-44c3-a790-834751e576f1	Mark Scars	7th-sea/broadsides/7thSea-Broadsides-MarkScars.jpg	default	Crew	Broadsides	unaligned	6	In				P	c,t	4	0	1	1	2			R	Gunner	playerNDeck
39052d67-3c6b-4db6-a2e3-6c7a58f58946	The Marquis d'Arrent	7th-sea/broadsides/7thSea-Broadsides-TheMarquisDArrent.jpg	default	Attachment	Broadsides		4	In				C	d,s								R	Montaigne Ship Attachment · Unique · Patron React: Tack when you are paying the influence cost of a Montaigne crew with an influence of 2 or more to produce 3 Influence.	playerNDeck
14e68ae0-8727-456c-bbfe-804be2a966af	Michael Fitzhugh	7th-sea/broadsides/7thSea-Broadsides-MichaelFitzhugh.jpg	default	Crew	Broadsides	unaligned	3	In				P	c,t	1	1	1	1	1			U	Villainous When Michael tacks to absorb Hits, he absorbs 1 extra Hit.	playerNDeck
bed73327-0858-46a8-a143-0c2a1ddb608d	Michel Rois et Reines	7th-sea/broadsides/7thSea-Broadsides-MichelRoisEtReines.jpg	default	Crew	Broadsides	Montaigne	4	In				P	c,t	0	2	0	2	2			U	React: Tack when your Ship moves to a different Sea. Target a Sea Attachment in the new Sea. That attachment is discarded.	playerNDeck
ba125ce5-b569-46d1-9dc5-3dddcfa0b8e1	Misfire	7th-sea/broadsides/7thSea-Broadsides-Misfire.jpg	default	Action	Broadsides		1	Ad	0			D	p,t								C	React: Play Immediately after a player pays to produce a Cannon Attack, but before Hits are inflicted. That attack inflicts 1 fewer Hits, and the attacker suffers 1 Hit from this card.	playerNDeck
1e808ff3-7932-4d80-bcac-ce8a94f83dca	Montaigne Puzzle Sword	7th-sea/broadsides/7thSea-Broadsides-MontaignePuzzleSword.jpg	default	Attachment	Broadsides		2	In				C	d,s								U	Montaigne crew Attachment · Item A crew may not have more than one Montaigne Puzzle Sword Attached. React: Tack the Montaigne Puzzle Sword when this crew plays a card for a Boarding Attack. The other player in this Boarding must discard one card from their hand.	playerNDeck
334485c4-04ef-4175-a879-0e579d4e791f	Mordekai's Casket	7th-sea/broadsides/7thSea-Broadsides-MordekaisCasket.jpg	default	Adventure	Broadsides							T	c,s								U	1 Sea Away To Complete: Tack 4 Adventure (3 if completed in the Mirror) Item crew Attachment +1 Swashbuckling. This crew inflicts 2 extra Hits during Boarding Attacks.	playerNDeck
abdde349-5102-4bb0-901f-a24b06a6929b	Mountainous Mike	7th-sea/broadsides/7thSea-Broadsides-MountainousMike.jpg	default	Crew	Broadsides	unaligned	4	In				P	c,t	0	1	1	0	3			U	You may draw one card when Mountainous Mike tacks to start a Boarding Attack.	playerNDeck
84a936c2-4d7b-4454-824c-0b423a884800	Mr. Briggs	7th-sea/broadsides/7thSea-Broadsides-MrBriggs.jpg	default	Attachment	Broadsides		3	In				C	d,s								R	Captain Attachment Pet Unique React: When you are suffering Hits from a Boarding Attack, sink Mr. Briggs to absorb all of the Hits.	playerNDeck
7d8a8b17-a446-4974-b367-c05abd52b62c	Mr. Smythe	7th-sea/broadsides/7thSea-Broadsides-MrSmythe.jpg	default	Crew	Broadsides	unaligned	3	In				P	c,t	2	0	0	0	2			U	Heroic	playerNDeck
92f01bc5-6267-454e-a3d7-e5fab211e156	Mutiny!	7th-sea/broadsides/7thSea-Broadsides-Mutiny.jpg	default	Action	Broadsides		0		3	In		D	p,t								R	Target up to three crew on one Ship that are from a different faction than their Captain. Those crew are tacked.	playerNDeck
8e67fc16-d6c5-42b8-afc0-8705e5acc358	Narrow Escape	7th-sea/broadsides/7thSea-Broadsides-NarrowEscape.jpg	default	Action	Broadsides		0		0			S	d,p								U	React: Play when you are paying an Adventuring Cost to produce 1 Adventuring.	playerNDeck
a6d228c7-cf44-4486-862d-00e17b6b02e3	Near Miss	7th-sea/broadsides/7thSea-Broadsides-NearMiss.jpg	default	Action	Broadsides		0		0			D	p,t								C	React: Play when you suffer hits during boarding. You suffer 2 fewer Hits.	playerNDeck
7671cfa0-3057-4bdf-9c0c-0c1231c29ee6	Nice Try!	7th-sea/broadsides/7thSea-Broadsides-NiceTry.jpg	default	Action	Broadsides		0		0			S	d,p								R	React: Tack your Captain when you suffer Hits to absorb 8 Hits.	playerNDeck
80aa415e-283d-47e1-b8af-6dde82ae1a99	No Escape!	7th-sea/broadsides/7thSea-Broadsides-NoEscape.jpg	default	Action	Broadsides		M+0		0			S	d,p								R	Move your Ship one sea closer to another players ship. You may then perform a Cannon Attack if you are in sea with another Ship.	playerNDeck
9426f865-6252-46e3-973e-db2c52a16495	Off Course	7th-sea/broadsides/7thSea-Broadsides-OffCourse.jpg	default	Action	Broadsides		3	Ad	M			D	p,t								U	Target another player's Ship. Move that Ship to a Sea adjacent to its current location.	playerNDeck
10e8d6e1-7c46-468f-8886-facecb5f523c	One With the Sails	7th-sea/broadsides/7thSea-Broadsides-OneWithTheSails.jpg	default	Action	Broadsides		1	Sa	0			S	d,p								U	React: Play when you pay Sailing to produce 3 Sailing.	playerNDeck
c06799a3-70df-4448-9448-d636f49d140c	Otiro	7th-sea/broadsides/7thSea-Broadsides-Otiro.jpg	default	Crew	Broadsides	unaligned	3	In				P	c,t	1	0	2	0	2			U		playerNDeck
ccde285c-af26-4fc6-8985-3ad2b19dddc6	Out of Rum	7th-sea/broadsides/7thSea-Broadsides-OutOfRum.jpg	default	Action	Broadsides		4	Ad	0			D	p,t								U	Target a crew with Swashbuckling less than 3. Tack that crew.	playerNDeck
d5274f3b-1f9b-4a4d-b4be-6641d4016bcd	Panache	7th-sea/broadsides/7thSea-Broadsides-Panache.jpg	default	Action	Broadsides		0		0			S	d,p								U	React: Play when you are paying a Swashbuckling cost to produce 1 Swashbuckling (This may neither absorb Hits nor inflict Hits during Boarding).	playerNDeck
f1b3726e-d65b-444b-bd1f-4997893c0a1a	Paule du Paix	7th-sea/broadsides/7thSea-Broadsides-PauleDuPaix.jpg	default	Crew	Broadsides	Crimson Rogers	4	In				P	c,t	1	0	2	0	2			U	While your Ship is engaged in a Boarding, Paule has a +2 Swashbuckling. Paule carries out vengeance with all the reverance of a priest in prayer. Some men dig two graves before sailing out on the sea of revenge. Paule digs thirty.	playerNDeck
db3ad751-423f-4916-9b16-2a5e705aa797	Peek at the Future	7th-sea/broadsides/7thSea-Broadsides-PeekAtTheFuture.jpg	default	Attachment	Broadsides		0					C	d,s								R	crew Attachment · Fate 2 Knack (May only be attached to a crew with Fate of 2 or more) Act: Tack this crew to look at the top five cards of your deck. You may discard any or all those cards. Return the remaining cards to the top of your deck in any order.	playerNDeck
581adc9a-781a-4172-b631-eb568a259f04	Peg Leg	7th-sea/broadsides/7thSea-Broadsides-PegLeg.jpg	default	Action	Broadsides		2	Ad	0			S	d,p								U	React: Play when you suffer Hits. You suffer 3 fewer Hits, and this card attaches to one of your crew. This attachment has the Leg trait. A crew may not have more than one Leg Attachment.	playerNDeck
998a29ea-8e3d-4cae-ae74-0bc5ea636799	Pepin	7th-sea/broadsides/7thSea-Broadsides-Pepin.jpg	default	Crew	Broadsides	Montaigne	6	In				P	c,t	0	0	0	0	1			R	Unique · Loyal Act: Tack Pepin to untack one of your crew.	playerNDeck
dcd10ed4-0f3e-4376-9226-795102431c54	Point Blank Cannon Volley	7th-sea/broadsides/7thSea-Broadsides-PointBlankCannonVolley.jpg	default	Action	Broadsides		3	Ca	0			D	p,t								C	React: Play instead of performing a Boarding Attack. You inflict a 4 Hits on the other Ship in this Boarding. Just as he lifted the brandy he'd been saving for his birthday to his lips, there was a crash and a roar... and it was gone.	playerNDeck
bec42a1d-d0ef-4243-bb81-dce04376eb59	Port Master	7th-sea/broadsides/7thSea-Broadsides-PortMaster.jpg	default	Attachment	Broadsides		5	In				C	d,s								R	Brotherhood Captain Attachment · Unique · Patron Act: Tack this crew to untack one of your other crew.	playerNDeck
b601fb4a-1ca5-49c3-be62-7f112caf0acb	Porte Knowledge	7th-sea/broadsides/7thSea-Broadsides-PorteKnowledge.jpg	default	Attachment	Broadsides		0					C	d,s								R	crew Attachment · Porte Knack (May only be attached to a crew with Porte) +1 Porte	playerNDeck
48f40837-9beb-4e5a-b4b4-5928695dbd0d	Porte Ward	7th-sea/broadsides/7thSea-Broadsides-PorteWard.jpg	default	Attachment	Broadsides		0					C	d,s								R	crew Attachment · Porte 1 Knack (May only be attached to a crew with Porte of 1 or more) React: Tack Porte Ward when a player plays a Boarding Attack card during a Boarding with your Ship. That card is discarded without effect. That player may draw a card, then play a new card for their Boarding Attack.	playerNDeck
3b8015d0-8632-488d-9700-10387465a9f3	Powder Monkeys	7th-sea/broadsides/7thSea-Broadsides-PowderMonkeys.jpg	default	Crew	Broadsides	unaligned	2	In				P	c,t	1	0	1	0	1			C	No attachments	playerNDeck
86519fec-5e87-4d3f-9da5-d9d9c90d4730	Queen Elaine	7th-sea/broadsides/7thSea-Broadsides-QueenElaine.jpg	default	Attachment	Broadsides		5	In				C	d,s								R	Sea Dogs Captain Attachment · Unique · Patron React: Sink Queen Elaine immediately after you perform an action. You may perform another action immediately after this one.	playerNDeck
9bdb6402-f761-4256-ad12-4d0fa3c29420	Queen of the Sidhe	7th-sea/broadsides/7thSea-Broadsides-QueenOfTheSidhe.jpg	default	Attachment	Broadsides		5	Ad				C	d,s								R	Explorer Captain Attachment Act: Tack the Queen. Until the end of the turn, any opposing ships in or moving from the Trade Sea or Frothing Sea have their Move Costs increased by 2. 35 years ago, an Explorer ship sailed into the Trade Sea searching for the island of mists. Only a young Guy McCormick returned to tell the tale. He never has.	playerNDeck
c3d7bb92-6dbe-4e4f-ad44-11f371a2d922	The Queen's Reward	7th-sea/broadsides/7thSea-Broadsides-TheQueensReward.jpg	default	Attachment	Broadsides	Sea Dogs						C	d,s								F	Sea Dogs Ship Attachment * Unique * Figurehead * While you have more than 2 completed adventures in play, your Ship's crew maximum is increased by 1.	playerNDeck
9351316f-7785-4d10-b265-a7054c1fae65	Quick Reload	7th-sea/broadsides/7thSea-Broadsides-QuickReload.jpg	default	Action	Broadsides		3	Ad	0			S	d,p								U	Untack one of your crew with the Gunner trait.	playerNDeck
e386600e-60b8-4dcc-a53d-2103b336feae	Quick Sailing	7th-sea/broadsides/7thSea-Broadsides-QuickSailing.jpg	default	Action	Broadsides		2	Ad	0			D	p,t								U	Untack one of your crew with the Topman trait.	playerNDeck
4b5ae5a3-dc27-4f3d-b2a5-dc6de2722f7b	Quick Tack	7th-sea/broadsides/7thSea-Broadsides-QuickTack.jpg	default	Action	Broadsides		0		0			S	d,p								C	React: Play when you suffer hits from a Cannon attack. You suffer 2 fewer Hits.	playerNDeck
a6c57a39-cd00-4db5-87fc-5b8da09e9767	Rafael de St. Theresa	7th-sea/broadsides/7thSea-Broadsides-RafaelDeStTheresa.jpg	default	Crew	Broadsides	Crimson Rogers	3	In				P	c,t	1	0	1	1	2			C	Rafael's Boarding Attacks that finish with a Thrust inflict 1 extra Hit.	playerNDeck
b3a15655-88a6-476e-8bc3-9a2c0c6a27a4	Rats!	7th-sea/broadsides/7thSea-Broadsides-Rats.jpg	default	Attachment	Broadsides		2	Ad				C	d,s								U	This Sea Attachment Any player in this Sea may sink Rats by tacking 3 Swashbuckling as an action. Any player in this Sea that wishes to put into play or complete a Goods Adventure must tack 2 Adventuring to do so, in addition to any other costs. Billy heard the skittering sounds and double-checked his pocket. Only three matches left...	playerNDeck
e252c9f4-ac14-4b17-bdfd-fe6a386ce543	Raze the Village	7th-sea/broadsides/7thSea-Broadsides-RazeTheVillage.jpg	default	Adventure	Broadsides							T	c,s								C	1 Sea Away To Complete: Tack 3 Adventuring (2 if completed in Forbidden Sea). crew Attachment: +1 Swashbuckling. This crew inflicts 1 extra Hit during Boarding Attacks.	playerNDeck
1941d7af-6b41-4876-9ffe-0304492edf3f	The Reaper	7th-sea/broadsides/7thSea-Broadsides-TheReaper.jpg	default	Attachment	Broadsides	Crimson Rogers						C	d,s								F	Crimson Roger Ship Attachment * Unique * Figurehead * While you have more than 2 completed adventures in play and you are involved in a Boarding, your Hand Size is increased by one for the duration of the Boarding.	playerNDeck
0bdd7252-b601-404f-b072-04d47e585e1f	Red Scarves	7th-sea/broadsides/7thSea-Broadsides-RedScarves.jpg	default	Crew	Broadsides	Crimson Rogers	3	In				P	c,t	2	0	1	0	1			C	Loyal · No attachments When Red Scarves tack to absorb Hits, they absorb 1 extra Hit.	playerNDeck
2a509310-74a8-4bce-9e7f-29e10bdde8c0	Red Skies at Morning	7th-sea/broadsides/7thSea-Broadsides-RedSkiesAtMorning.jpg	default	Action	Broadsides		3	Ad	3	Sa		S	d,p								R	Weather Target a Ship. Until the end of this turn, any time that ship pays a Sailing cost, the cost is increased by 2 Sailing.	playerNDeck
02a3a436-8312-4b3d-afee-a4a3bf862350	Red Skies at Night	7th-sea/broadsides/7thSea-Broadsides-RedSkiesAtNight.jpg	default	Action	Broadsides		2	Ad	0			S	d,p								C	Weather Target a Ship. That Ship's Move Cost is decreased by 1 (minimum 1) until the end of the turn.	playerNDeck
cbf5a72f-61d8-4465-92e1-10d1064d1d1f	Reggie Wilcox	7th-sea/broadsides/7thSea-Broadsides-ReggieWilcox.jpg	default	Crew	Broadsides	Brotherhood	5	In				P	c,t	1	1	2	0	2			R	Act: Tack Reggie and target a Ship in this sea. The target player must tack one of his or her crew.	playerNDeck
3f278311-5569-4582-bde6-f675dbb0309c	Roger Gaffrin	7th-sea/broadsides/7thSea-Broadsides-RogerGaffrin.jpg	default	Crew	Broadsides	Sea Dogs	5	In				P	c,t	0	1	0	1	1			U	Loyal React: Tack instead of performing a Boarding Attack. Until the end of this Boarding, your Sea Dogs crew inflict 1 extra Hit during Boarding Attacks.	playerNDeck
44d54f6d-f66e-4780-9797-492508ecabfa	Rough Voyage	7th-sea/broadsides/7thSea-Broadsides-RoughVoyage.jpg	default	Action	Broadsides		4	Ad	2	Sa		S	d,p								U	Weather Target a Ship. That Ship suffers 2 Hits.	playerNDeck
2c3cbb48-7b54-4588-9fcf-54d4f670ad18	Rough Waters	7th-sea/broadsides/7thSea-Broadsides-RoughWaters.jpg	default	Attachment	Broadsides		2	Ad				C	d,s								U	This Sea Attachment Any player in this Sea may sink Rough Waters by tacking 4 Adventuring as an action. When a Ship is in this Sea or moving out of it, its Move cost is increased by 1.	playerNDeck
5301ca2c-ca0a-4a17-b630-748395f9399e	A Sailor's Quarrel	7th-sea/broadsides/7thSea-Broadsides-ASailorsQuarrel.jpg	default	Action	Broadsides		0		1	Sa		D	p,t								C	You must tack one of your crew with Swashbuckling greater than 2 to play this card. Target a Ship in this Sea. You inflict 2 Hits on that Ship.	playerNDeck
c2287c40-8f35-438b-a702-1c2df6153504	Sails of Wind	7th-sea/broadsides/7thSea-Broadsides-SailsOfWind.jpg	default	Adventure	Broadsides							T	c,s								R	Unique · 3 Seas Away To Complete: Tack 15 Adventuring (8 if completed in the Mirror). Artifact Captain Attachment: React: Tack Sails of Wind after your Ship has moved to an adjacent Sea to move again at no cost.	playerNDeck
71e2f9d5-13da-4ffd-8010-14cc62f41fa9	Sandoval's Guard	7th-sea/broadsides/7thSea-Broadsides-SandovalsGuard.jpg	default	Crew	Broadsides	Castille	3	In				P	c,t	1	1	1	0	3			C	Loyal · No attachments	playerNDeck
38b8a644-53ef-42a5-9ba8-b737bc5b77cb	Scarlet Hook of Madness	7th-sea/broadsides/7thSea-Broadsides-ScarletHookOfMadness.jpg	default	Action	Broadsides		4	Ad	0			S	d,p								R	React: Play when you suffer Hits. You suffer 1 fewer Hit, and this card attaches to your Captain. This Attachment has the Hand trait. A crew may not have more than one Hand Attachment. While this card is attached, once per turn as an action you may Sink one of your crew to untack the Captain.	playerNDeck
9e695196-cfbe-4907-afdc-8f59a72bc27a	Scott Jay	7th-sea/broadsides/7thSea-Broadsides-ScottJay.jpg	default	Crew	Broadsides	unaligned	6	In				P	c,t	0	0	4	0	3			R	React: When you are paying an Influence cost, once per turn, you may discard 2 cards from your hand to produce 2 Influence. He used to collect artifacts for the Explorers. Now he collects Guilders for the highest bidder.	playerNDeck
15174b0a-65c2-481f-82cd-b3eeab32c88d	Scraping the Bottom	7th-sea/broadsides/7thSea-Broadsides-ScrapingTheBottom.jpg	default	Adventure	Broadsides							T	c,s								U	1 Sea Away To complete: Tack 6 Adventuring (4 if completed in Forbidden Sea). crew Attachment: +4 Adventuring.	playerNDeck
5a850d1c-b6af-4e1e-a981-f148dcf1a11c	Sean McCorley	7th-sea/broadsides/7thSea-Broadsides-SeanMcCorley.jpg	default	Crew	Broadsides	Brotherhood	5	In				P	c,t	1	0	3	0	3			U	Heroic · Swordsman +1 (Sean inflicts 1 extra Hit during Boarding Attacks)	playerNDeck
236326e9-9d82-4fd9-a936-57ace4fc7e15	The Shield Man	7th-sea/broadsides/7thSea-Broadsides-TheShieldMan.jpg	default	Attachment	Broadsides	Explorer's Society						C	d,s								F	Explorer Ship Attachment * Unique * Figurehead * React: Tack when one of your crew is absorbing Hits during a Boarding Attack. If you have more than 2 completed adventures in play, the crew absorbs 3 extra Hits.	playerNDeck
75a8e674-b46e-4550-be72-fdf1b0f892e3	Slip of the Tongue	7th-sea/broadsides/7thSea-Broadsides-SlipOfTheTongue.jpg	default	Action	Broadsides		1	Ad	2	Ca		D	p,t								C	React: Play when a player tacks a crew to produce Influence. That crew produces no Influence. That crew's controller may pay 2 Cannon to prevent this effect.	playerNDeck
3ce573f7-1dd0-478e-9817-538555a948c5	Slippery Sal	7th-sea/broadsides/7thSea-Broadsides-SlipperySal.jpg	default	Crew	Broadsides	unaligned	2	In				P	c,t	2	0	0	0	1			U	Villainous · No attachments Sal counts as two crew against your crew maximum.	playerNDeck
4df33fee-2c6d-4a8e-8f57-ab29e8db9ab6	Sniper	7th-sea/broadsides/7thSea-Broadsides-Sniper.jpg	default	Action	Broadsides		1	Sa	0			S	d,p								U	React: Play immediately after a crew with 1 Swasbuckling tacks to aborb hits from a Boarding Attack. That crew is Sunk.	playerNDeck
a607c73d-84a2-4677-80cb-06d7eb8ccdfe	Son of a Gun	7th-sea/broadsides/7thSea-Broadsides-SonOfAGun.jpg	default	Action	Broadsides		1	Sw	0			S	d,p								R	React: Play when you pay Cannon to produce 2 Cannon.	playerNDeck
a002ac54-1001-4a5d-b343-7e18e2d1ff9a	The Spear of Theus	7th-sea/broadsides/7thSea-Broadsides-TheSpearOfTheus.jpg	default	Attachment	Broadsides	Castille						C	d,s								F	Castille Ship Attachment * Unique * Figurehead * Act: Tack Spear of Theus and pay Sailing equal to your Ship's move cost to target a Ship in this Sea. If you have more than 2 completed adventures in play, you inflict 4 Hits on that Ship.	playerNDeck
ec707a39-bc80-4824-a8c4-617160b05940	Speed Isn't Everything	7th-sea/broadsides/7thSea-Broadsides-SpeedIsntEverything.jpg	default	Action	Broadsides		0		0			D	p,t								C	React: Play when you suffer Hits. If your Ship's Move Cost is less than 3, you suffer 3 less Hits. You may not play this card during a Boarding.	playerNDeck
b8a30a32-4ada-407c-8269-15b8e2880fe1	St. Roger's Blessing!	7th-sea/broadsides/7thSea-Broadsides-StRogersBlessing.jpg	default	Attachment	Broadsides		0					C	d,s								R	crew Attachment · Glamour 2 Knack (May only be attached to a crew with Glamour of 2 or more.) React: Tack this crew when one of your crew is sunk. That crew is placed on the top of your deck, and all attachments on that crew are put into the discard pile.	playerNDeck
7f703e2b-edde-443d-aa89-c01989c92c06	Steering Clear	7th-sea/broadsides/7thSea-Broadsides-SteeringClear.jpg	default	Action	Broadsides		0		2	Sa		D	p,t								C	React: Play when an opponent starts Boarding your Ship. This Boarding is canceled. The other player may pay 2 Sailing to cancel this action.	playerNDeck
fc4f6fa2-576e-4e7a-a6ee-d3affbef9142	Storms Make Sailors	7th-sea/broadsides/7thSea-Broadsides-StormsMakeSailors.jpg	default	Adventure	Broadsides							T	c,s								C	Location: 1 Sea Away To Complete: Tack 3 Adventuring (2 if completed in Trade Sea). crew Attachment: +1 Swashbuckling. This crew inflicts 1 extra Hit during Boarding Attacks.	playerNDeck
e799a633-7e9f-415f-820b-f19661e30248	Syrneth Crystal Eye	7th-sea/broadsides/7thSea-Broadsides-SyrnethCrystalEye.jpg	default	Action	Broadsides		0		0			D	p,t								R	React: Play when you suffer Hits. You suffer 1 fewer Hits, and this card attaches to your Captain. This Attachment has the Eye trait, and gives a +1 Influence. A crew may not have more than one Eye Attachment.	playerNDeck
2e65c957-59f6-4a80-b4b4-4042f3535d8e	Tagging	7th-sea/broadsides/7thSea-Broadsides-Tagging.jpg	default	Action	Broadsides		1	Ad	2	In		C	d,s								C	React: Play when a player tacks a crew to pay a Swashbuckling cost. That crew produces no Swashbuckling (This may not prevent a crew from absorbing Hits or from inflicting Hits during Boarding). That crew's controller may pay 2 Influence to cancel this action.	playerNDeck
a46310ca-4b90-4697-8ca6-786e014800b3	Target Their Powder Rooms!	7th-sea/broadsides/7thSea-Broadsides-TargetTheirPowderRooms.jpg	default	Action	Broadsides		0		0			S	d,p								R	React: Play when taking a crew with a cannon skill greater than 3. That crew produces 2 extra Cannon.	playerNDeck
75854daa-eb87-4ab3-821f-396ff18b4e39	The Better Part of Valor	7th-sea/broadsides/7thSea-Broadsides-TheBetterPartOfValor.jpg	default	Action	Broadsides		5	Sa	0			C	d,s								C	React: Play when an action card targets one of your cards. That action is canceled. Sink this card.	playerNDeck
2661f0aa-6c1a-4930-ad6f-6021e221c56f	Thomas Metzger	7th-sea/broadsides/7thSea-Broadsides-ThomasMetzger.jpg	default	Crew	Broadsides	unaligned	5	In				P	c,t	2	0	3	1	3			U	Esien * Thomas' Punch Attacks inflict 2 extra Hits. I used to be Thomas Zahnarzt, but I had it changed.	playerNDeck
4a2491e7-34f4-4cbe-ae49-4cc1445e8aad	Through the Portal	7th-sea/broadsides/7thSea-Broadsides-ThroughThePortal.jpg	default	Attachment	Broadsides		0					C	d,s								R	crew Attachment · Porte 2 Knack (May only be attached to a crew with Porte of 2 or more) Act: Tack this crew, and target a crew, except a Captain. Tack the target crew.	playerNDeck
b97d2fd5-1d76-427a-aa8d-76923150596b	Tom Toblin	7th-sea/broadsides/7thSea-Broadsides-TomToblin.jpg	default	Crew	Broadsides	Sea Dogs	5	In				P	c,t	1	2	1	1	2			U	While Tom is in play, your item attachments have their Influence costs reduced by 1 (minimum 0).	playerNDeck
4dfa2607-2fd1-4824-ade1-0057be035b0d	Too Close for Comfort	7th-sea/broadsides/7thSea-Broadsides-TooCloseForComfort.jpg	default	Action	Broadsides		0		0			D	p,t								C	React: Play when you tack a crew to absorb Hits. That crew absorbs 2 extra Hits.	playerNDeck
f411a8dc-7b2e-4699-8016-d2060acb65d9	Two-Toe Terrence	7th-sea/broadsides/7thSea-Broadsides-TwoToeTerrence.jpg	default	Crew	Broadsides	unaligned	1	In				P	c,t	0	1	0	0	1			C	No attachments	playerNDeck
cbfa4ce3-ff8d-4982-8ccd-8ac7a72131cd	Unexpected Turn of Events	7th-sea/broadsides/7thSea-Broadsides-UnexpectedTurnOfEvents.jpg	default	Action	Broadsides		0		0			S	d,p								U	React: Play when a player in another Sea performs an action that causes you to suffer Hits. That player suffers the Hits instead of you.	playerNDeck
087dbf1d-a819-40d3-8f58-c58bf304e467	Ussuran Pelts	7th-sea/broadsides/7thSea-Broadsides-UssuranPelts.jpg	default	Adventure	Broadsides							T	c,s								C	1 Sea Away · Goods Adventure To Complete: Tack 3 Adventuring (2 if completed on the Forbidden Sea). crew Attachment: +2 Influence. We don't know who skinned 'em, and we don't care... even if there are twelve foot bears showin' up in e'ery port we dock.	playerNDeck
344ee102-3914-48ed-8882-27ea20138f7b	Velik	7th-sea/broadsides/7thSea-Broadsides-Velik.jpg	default	Crew	Broadsides	Brotherhood	6	In				P	c,t	2	2	3	1	3			U	Heroic React: Tack when a card with the Weather trait is targeting one of your cards. That action is canceled.	playerNDeck
982901b4-c84b-41ea-8685-1d207a19be82	Vincent Rochester	7th-sea/broadsides/7thSea-Broadsides-VincentRochester.jpg	default	Crew	Broadsides	unaligned	3	In				P	c,t	2	0	1	0	2			C	No attachments	playerNDeck
557adfc3-1663-4175-b695-0b91a714eced	Warren Abbotsford	7th-sea/broadsides/7thSea-Broadsides-WarrenAbbotsford.jpg	default	Crew	Broadsides	Explorer's Society	4	In				P	c,t	1	0	1	0	2			U	Villainous Act: Tack to inflict 3 Hits on a Ship in this Sea. Discard the top card of your deck - Warren is sunk if the Boarding Attack on the discard is a Punch.	playerNDeck
76b3e553-bce5-43f7-8e32-23058d16ea2d	Waylaid	7th-sea/broadsides/7thSea-Broadsides-Waylaid.jpg	default	Attachment	Broadsides		2	Ad				C	d,s								C	This Sea Attachment Any player in this Sea may sink Waylaid by tacking 3 Cannon as an action. Act: Tack this card and target a Ship in this Sea to inflict a 2 Hit Cannon Attack on that Ship.	playerNDeck
a311775c-d4a1-4e18-8814-88fea1c978fa	Wee Willy	7th-sea/broadsides/7thSea-Broadsides-WeeWilly.jpg	default	Crew	Broadsides	Explorer's Society	5	In				P	c,t	3	0	1	0	1			R	Unique · Gunner · Loyal React: When Wee Willy tacks to conduct a cannon attack, discard the top card of your deck. If the boarding attack on the discard is a Slash, this cannon inflicts 3 extra hits.	playerNDeck
ea5ad0ca-b8c1-431a-98a3-21945bf7a576	When All Else Fails	7th-sea/broadsides/7thSea-Broadsides-WhenAllElseFails.jpg	default	Action	Broadsides		4	Ad	0			S	d,p								C	Target a Sea Attachment. That Attachment is destroyed.	playerNDeck
e7f27bc6-58ef-4828-aa0d-d5053a2d81e5	Who Shot the Albatross?	7th-sea/broadsides/7thSea-Broadsides-WhoShotTheAlbatross.jpg	default	Attachment	Broadsides		0					C	d,s								U	Ship Attachment Any player in this Sea may Sink Who Shot the Albatross by tacking 1 Swashbuckling as an action. While Who Shot the Albatross is attached to your Ship, you have +5 Sailing for the purposes of determining Initiative.	playerNDeck
05b6c002-9962-47f6-bb37-fcb1597778f1	Wilhelm Dunst	7th-sea/broadsides/7thSea-Broadsides-WilhelmDunst.jpg	default	Crew	Broadsides	unaligned	4	In				P	c,t	0	0	3	1	3			R	Heroic · Holy	playerNDeck
5b35345f-48f5-42e4-af04-7a00028e622c	Wind at Your Back	7th-sea/broadsides/7thSea-Broadsides-WindAtYourBack.jpg	default	Adventure	Broadsides							T	c,s								C	1 Sea Away To complete: Tack 3 Adventuring (2 if completed in the Mirror). crew Attachment: +3 Sailing.	playerNDeck
b478eb20-3382-4aa9-b37e-229cf4d815a2	You Won't Be Needin' This!	7th-sea/broadsides/7thSea-Broadsides-YouWontBeNeedinThis.jpg	default	Action	Broadsides		1	Ad	0			S	d,p								R	Take any one crew Attachment from your sunk pile, and put it on the top of your deck. Sink this card.	playerNDeck
